AXFMSFP Flymaster Live, V1.0, S/N 548679
HFFXA010
HFPLTPILOT:Daniel  Zaragoza 
HFGTYGLIDERTYPE: 
HFGIDGLIDERID:
HFDTM100GPSDATUM:WGS-1984
HFCIDCOMPETITIONID:777
HFCCLCOMPETITIONCLASS:
HOSITSITE:Chelan Butte-US
HFGPS:UBLOXNEO6
HFPRSPRESSALTSENSOR:NA
HFRFWFIRMWAREVERSION:202j
HFRHWHARDWAREVERSION:1.0R2
HFFTYFRTYPE:FLYMASTER,LIVE
HFDTE250624
B2051474748242N12002297WA0107801123
B2051484748242N12002294WA0107801123
B2051494748241N12002291WA0107701122
B2051504748239N12002289WA0107301121
B2051514748236N12002285WA0107501120
B2051524748234N12002281WA0107301118
B2051534748230N12002276WA0107201117
B2051544748226N12002270WA0107001115
B2051554748223N12002264WA0107101115
B2051564748219N12002259WA0107101116
B2051574748216N12002255WA0107401117
B2051584748213N12002252WA0107301118
B2051594748210N12002248WA0107301117
B2052004748206N12002244WA0107101116
B2052014748202N12002241WA0106901114
B2052024748197N12002239WA0106801113
B2052034748192N12002239WA0106601112
B2052044748186N12002241WA0106401109
B2052054748180N12002244WA0106201107
B2052064748174N12002246WA0106201106
B2052074748169N12002249WA0106101106
B2052084748164N12002252WA0106201106
B2052094748160N12002255WA0106101106
B2052104748157N12002258WA0105901104
B2052114748152N12002261WA0105501101
B2052124748147N12002265WA0105101096
B2052134748141N12002270WA0104601092
B2052144748135N12002275WA0104401088
B2052154748129N12002280WA0103901084
B2052164748123N12002283WA0103901082
B2052174748116N12002286WA0103701080
B2052184748111N12002289WA0103701080
B2052194748106N12002294WA0103801080
B2052204748102N12002299WA0103901081
B2052214748099N12002304WA0104001081
B2052224748095N12002308WA0103901081
B2052234748091N12002312WA0103801079
B2052244748086N12002316WA0103601077
B2052254748081N12002321WA0103401075
B2052264748077N12002327WA0103501074
B2052274748073N12002334WA0103401074
B2052284748070N12002341WA0103501074
B2052294748067N12002348WA0103301073
B2052304748063N12002354WA0103201072
B2052314748058N12002361WA0103101071
B2052324748054N12002367WA0103001071
B2052334748049N12002373WA0102901070
B2052344748044N12002380WA0102801069
B2052354748040N12002387WA0102701068
B2052364748035N12002394WA0102501066
B2052374748030N12002401WA0102301064
B2052384748025N12002408WA0102201062
B2052394748021N12002415WA0102001060
B2052404748017N12002422WA0101801058
B2052414748014N12002428WA0101701056
B2052424748011N12002434WA0101601054
B2052434748009N12002441WA0101201051
B2052444748008N12002450WA0100901048
B2052454748007N12002460WA0100501044
B2052464748006N12002469WA0100401042
B2052474748004N12002477WA0100101039
B2052484748003N12002484WA0099901037
B2052494748001N12002492WA0099501034
B2052504747999N12002500WA0099301030
B2052514747998N12002509WA0098701026
B2052524747996N12002518WA0098301022
B2052534747994N12002527WA0097901018
B2052544747992N12002536WA0097701014
B2052554747990N12002544WA0097501013
B2052564747989N12002552WA0097401011
B2052574747987N12002559WA0097201009
B2052584747986N12002567WA0097001006
B2052594747983N12002576WA0096501003
B2053004747981N12002585WA0096101000
B2053014747979N12002594WA0096100998
B2053024747977N12002602WA0096100997
B2053034747976N12002610WA0096000996
B2053044747974N12002618WA0096000996
B2053054747972N12002627WA0095800995
B2053064747971N12002635WA0095800994
B2053074747969N12002643WA0095900994
B2053084747968N12002651WA0095900995
B2053094747967N12002658WA0095800994
B2053104747966N12002666WA0095700994
B2053114747964N12002674WA0095600992
B2053124747961N12002682WA0095600992
B2053134747960N12002689WA0095500991
B2053144747958N12002697WA0095500991
B2053154747955N12002704WA0095300990
B2053164747953N12002712WA0095000987
B2053174747950N12002721WA0094800984
B2053184747947N12002728WA0094600982
B2053194747944N12002734WA0094700982
B2053204747942N12002739WA0094800982
B2053214747940N12002745WA0094700983
B2053224747939N12002752WA0094700982
B2053234747938N12002760WA0094800982
B2053244747936N12002766WA0094900983
B2053254747933N12002772WA0095000985
B2053264747930N12002777WA0095000985
B2053274747926N12002781WA0095200987
B2053284747923N12002787WA0095200988
B2053294747921N12002793WA0095300988
B2053304747919N12002800WA0095300988
B2053314747919N12002808WA0095400988
B2053324747919N12002816WA0095500990
B2053334747921N12002823WA0095600991
B2053344747925N12002828WA0095700992
B2053354747929N12002831WA0095900993
B2053364747933N12002831WA0096000995
B2053374747937N12002828WA0096100996
B2053384747939N12002823WA0096100996
B2053394747941N12002816WA0096100995
B2053404747940N12002808WA0096000994
B2053414747936N12002801WA0096000994
B2053424747932N12002795WA0096000994
B2053434747927N12002792WA0096100996
B2053444747922N12002790WA0096300998
B2053454747918N12002790WA0096300999
B2053464747914N12002791WA0096300999
B2053474747908N12002794WA0096100998
B2053484747903N12002798WA0096100997
B2053494747898N12002802WA0096300998
B2053504747893N12002806WA0096501000
B2053514747888N12002809WA0096701002
B2053524747884N12002812WA0096801003
B2053534747879N12002816WA0096901005
B2053544747875N12002821WA0097101006
B2053554747870N12002826WA0097201008
B2053564747866N12002829WA0097501011
B2053574747861N12002832WA0097701013
B2053584747857N12002834WA0097801015
B2053594747854N12002839WA0098101016
B2054004747851N12002847WA0098101017
B2054014747850N12002856WA0098001017
B2054024747851N12002865WA0098101018
B2054034747854N12002872WA0098201019
B2054044747858N12002877WA0098301020
B2054054747863N12002880WA0098401021
B2054064747869N12002880WA0098601023
B2054074747874N12002877WA0098801024
B2054084747878N12002872WA0099001027
B2054094747880N12002865WA0099301029
B2054104747878N12002859WA0099401030
B2054114747874N12002854WA0099601032
B2054124747869N12002852WA0099701033
B2054134747863N12002854WA0099701034
B2054144747857N12002858WA0099901036
B2054154747853N12002864WA0100201038
B2054164747851N12002872WA0100401041
B2054174747851N12002881WA0100601043
B2054184747853N12002888WA0100601044
B2054194747857N12002894WA0100901046
B2054204747861N12002899WA0101001047
B2054214747866N12002901WA0101301049
B2054224747870N12002900WA0101601052
B2054234747874N12002897WA0101801055
B2054244747876N12002892WA0101901055
B2054254747877N12002885WA0102101057
B2054264747875N12002879WA0102201058
B2054274747871N12002874WA0102401060
B2054284747865N12002872WA0102501061
B2054294747859N12002873WA0102601062
B2054304747853N12002878WA0102701063
B2054314747848N12002885WA0102901066
B2054324747845N12002893WA0103001068
B2054334747844N12002903WA0103101069
B2054344747846N12002912WA0103101070
B2054354747848N12002920WA0103301071
B2054364747851N12002927WA0103501073
B2054374747855N12002930WA0103701075
B2054384747860N12002932WA0103801076
B2054394747864N12002931WA0103901077
B2054404747869N12002928WA0103901079
B2054414747873N12002924WA0104301081
B2054424747876N12002920WA0104401084
B2054434747877N12002914WA0104701086
B2054444747876N12002907WA0104801087
B2054454747872N12002900WA0104901088
B2054464747867N12002896WA0105001089
B2054474747860N12002895WA0105201091
B2054484747854N12002899WA0105301093
B2054494747849N12002905WA0105501094
B2054504747845N12002914WA0105501095
B2054514747843N12002924WA0105701097
B2054524747842N12002933WA0105801098
B2054534747842N12002943WA0105801099
B2054544747845N12002952WA0105801099
B2054554747849N12002960WA0105801099
B2054564747854N12002965WA0105801098
B2054574747860N12002967WA0105801098
B2054584747865N12002966WA0105901098
B2054594747871N12002962WA0105901099
B2055004747875N12002956WA0106201101
B2055014747879N12002950WA0106501104
B2055024747881N12002945WA0106701107
B2055034747883N12002940WA0107001110
B2055044747885N12002935WA0107301113
B2055054747887N12002930WA0107501115
B2055064747888N12002924WA0107601117
B2055074747886N12002918WA0107901118
B2055084747882N12002912WA0107801119
B2055094747876N12002910WA0107901119
B2055104747869N12002911WA0107901118
B2055114747862N12002916WA0107901120
B2055124747857N12002923WA0108101121
B2055134747853N12002932WA0108101122
B2055144747852N12002942WA0108201122
B2055154747852N12002952WA0108301123
B2055164747855N12002961WA0108401124
B2055174747859N12002968WA0108501125
B2055184747864N12002971WA0108701127
B2055194747869N12002972WA0108901130
B2055204747873N12002969WA0109101131
B2055214747876N12002965WA0109201132
B2055224747878N12002959WA0109401134
B2055234747880N12002953WA0109601136
B2055244747881N12002947WA0109801138
B2055254747883N12002941WA0110001141
B2055264747885N12002936WA0110101143
B2055274747886N12002931WA0110401145
B2055284747886N12002926WA0110601147
B2055294747883N12002921WA0110501148
B2055304747879N12002918WA0110401146
B2055314747873N12002918WA0110001144
B2055324747867N12002921WA0109901143
B2055334747862N12002926WA0110001143
B2055344747859N12002934WA0110001143
B2055354747857N12002944WA0109901142
B2055364747856N12002955WA0109801140
B2055374747856N12002966WA0109601139
B2055384747856N12002977WA0109601139
B2055394747857N12002987WA0109801140
B2055404747860N12002995WA0110001142
B2055414747864N12003000WA0110301144
B2055424747870N12003003WA0110501146
B2055434747875N12003003WA0110701148
B2055444747880N12003001WA0110801150
B2055454747884N12002997WA0111101153
B2055464747887N12002991WA0111201154
B2055474747888N12002985WA0111501157
B2055484747888N12002979WA0111601159
B2055494747885N12002974WA0111901161
B2055504747881N12002972WA0112101163
B2055514747876N12002972WA0112301164
B2055524747871N12002974WA0112301165
B2055534747866N12002978WA0112501168
B2055544747861N12002982WA0112701170
B2055554747858N12002988WA0112901172
B2055564747855N12002998WA0112801171
B2055574747852N12003009WA0112701171
B2055584747851N12003021WA0112801171
B2055594747853N12003031WA0113101173
B2056004747857N12003039WA0113301176
B2056014747861N12003044WA0113701178
B2056024747866N12003047WA0113901180
B2056034747870N12003050WA0114101183
B2056044747875N12003052WA0114201185
B2056054747880N12003053WA0114301186
B2056064747886N12003052WA0114301186
B2056074747891N12003048WA0114401187
B2056084747894N12003043WA0114601189
B2056094747896N12003037WA0114801191
B2056104747895N12003030WA0114901192
B2056114747893N12003023WA0115101193
B2056124747889N12003018WA0115201195
B2056134747884N12003016WA0115501198
B2056144747879N12003016WA0115801201
B2056154747874N12003020WA0116001203
B2056164747870N12003027WA0116201205
B2056174747868N12003035WA0116401207
B2056184747867N12003043WA0116501209
B2056194747869N12003052WA0116801211
B2056204747872N12003059WA0116901213
B2056214747877N12003064WA0117101215
B2056224747881N12003067WA0117301217
B2056234747886N12003068WA0117401219
B2056244747891N12003067WA0117501220
B2056254747896N12003064WA0117601220
B2056264747900N12003059WA0117701223
B2056274747903N12003054WA0117901225
B2056284747904N12003049WA0118001227
B2056294747904N12003042WA0118201228
B2056304747903N12003035WA0118201230
B2056314747900N12003028WA0118501231
B2056324747897N12003024WA0118701233
B2056334747892N12003023WA0118901235
B2056344747887N12003024WA0119001236
B2056354747882N12003027WA0119201238
B2056364747877N12003031WA0119401241
B2056374747873N12003036WA0119701244
B2056384747870N12003042WA0119901247
B2056394747867N12003048WA0120301249
B2056404747865N12003055WA0120501252
B2056414747865N12003063WA0120701254
B2056424747867N12003071WA0120801255
B2056434747871N12003078WA0120901256
B2056444747875N12003081WA0121001258
B2056454747880N12003081WA0121301260
B2056464747884N12003078WA0121301261
B2056474747888N12003074WA0121301261
B2056484747892N12003068WA0121401261
B2056494747894N12003062WA0121501263
B2056504747896N12003056WA0121601265
B2056514747898N12003051WA0121901266
B2056524747900N12003045WA0122001268
B2056534747902N12003039WA0122201269
B2056544747902N12003033WA0122201269
B2056554747901N12003024WA0122201269
B2056564747898N12003017WA0122201269
B2056574747893N12003011WA0122301270
B2056584747887N12003009WA0122401271
B2056594747880N12003010WA0122301270
B2057004747875N12003013WA0122201269
B2057014747870N12003018WA0122201269
B2057024747866N12003024WA0122001268
B2057034747862N12003031WA0121901267
B2057044747858N12003039WA0121701264
B2057054747856N12003049WA0121501263
B2057064747854N12003058WA0121601263
B2057074747853N12003066WA0121701264
B2057084747853N12003074WA0121801265
B2057094747854N12003081WA0121901265
B2057104747856N12003087WA0121901265
B2057114747858N12003094WA0121801265
B2057124747862N12003098WA0121801265
B2057134747867N12003101WA0121901265
B2057144747871N12003101WA0122101267
B2057154747875N12003099WA0122201269
B2057164747879N12003096WA0122401271
B2057174747882N12003092WA0122501272
B2057184747885N12003087WA0122501273
B2057194747889N12003082WA0122601273
B2057204747893N12003077WA0122601274
B2057214747897N12003072WA0122801275
B2057224747900N12003067WA0122901276
B2057234747901N12003060WA0123101277
B2057244747901N12003052WA0123001276
B2057254747897N12003044WA0123001276
B2057264747891N12003038WA0123001275
B2057274747885N12003037WA0122801274
B2057284747879N12003039WA0122601273
B2057294747874N12003044WA0122601272
B2057304747871N12003049WA0122601273
B2057314747869N12003056WA0122601273
B2057324747869N12003063WA0122501272
B2057334747869N12003072WA0122201271
B2057344747871N12003081WA0122201269
B2057354747873N12003089WA0122101269
B2057364747876N12003096WA0122201269
B2057374747880N12003101WA0122301270
B2057384747885N12003104WA0122301271
B2057394747890N12003107WA0122401273
B2057404747895N12003108WA0122601274
B2057414747901N12003108WA0122801276
B2057424747906N12003106WA0122901277
B2057434747911N12003103WA0123201279
B2057444747915N12003099WA0123201281
B2057454747918N12003094WA0123501284
B2057464747920N12003088WA0123501285
B2057474747922N12003081WA0123801286
B2057484747923N12003075WA0123801287
B2057494747925N12003068WA0123901288
B2057504747927N12003062WA0124001290
B2057514747927N12003054WA0124301291
B2057524747927N12003047WA0124401293
B2057534747927N12003039WA0124701295
B2057544747926N12003033WA0124801297
B2057554747925N12003027WA0124701297
B2057564747923N12003022WA0124601296
B2057574747922N12003016WA0124101293
B2057584747920N12003009WA0123801289
B2057594747917N12003003WA0123501286
B2058004747913N12002999WA0123301283
B2058014747908N12002999WA0122701279
B2058024747903N12003003WA0122401275
B2058034747899N12003009WA0122101271
B2058044747896N12003016WA0121801269
B2058054747895N12003024WA0121601267
B2058064747895N12003031WA0121501265
B2058074747895N12003039WA0121101262
B2058084747894N12003046WA0120801258
B2058094747893N12003055WA0120601255
B2058104747891N12003064WA0120601254
B2058114747890N12003074WA0120601253
B2058124747889N12003082WA0120701254
B2058134747887N12003090WA0120801256
B2058144747885N12003098WA0120801256
B2058154747883N12003105WA0120801256
B2058164747880N12003113WA0120701256
B2058174747876N12003121WA0120701255
B2058184747874N12003131WA0120701255
B2058194747873N12003140WA0120801256
B2058204747874N12003149WA0120901256
B2058214747876N12003156WA0120901256
B2058224747880N12003162WA0121101257
B2058234747884N12003166WA0121401258
B2058244747889N12003166WA0121501259
B2058254747893N12003163WA0121801260
B2058264747895N12003157WA0121801261
B2058274747895N12003151WA0122001262
B2058284747894N12003145WA0122001263
B2058294747891N12003140WA0122101264
B2058304747886N12003137WA0122201264
B2058314747881N12003137WA0122001263
B2058324747874N12003140WA0122201263
B2058334747869N12003147WA0122001263
B2058344747864N12003155WA0122101264
B2058354747862N12003164WA0122201265
B2058364747862N12003173WA0122301267
B2058374747862N12003183WA0122601269
B2058384747863N12003191WA0122901272
B2058394747864N12003200WA0123301276
B2058404747864N12003207WA0123501278
B2058414747866N12003214WA0123801280
B2058424747870N12003219WA0123901281
B2058434747874N12003221WA0124001282
B2058444747879N12003219WA0124101282
B2058454747883N12003214WA0124201284
B2058464747884N12003207WA0124201284
B2058474747884N12003200WA0124501286
B2058484747882N12003194WA0124801289
B2058494747880N12003190WA0125201293
B2058504747877N12003186WA0125301295
B2058514747873N12003182WA0125401296
B2058524747868N12003179WA0125401297
B2058534747862N12003177WA0125601298
B2058544747856N12003178WA0125601299
B2058554747850N12003183WA0125801301
B2058564747846N12003192WA0125801301
B2058574747845N12003202WA0125801302
B2058584747847N12003211WA0125901304
B2058594747849N12003218WA0126201306
B2059004747851N12003224WA0126501309
B2059014747853N12003229WA0126801312
B2059024747855N12003235WA0126901313
B2059034747858N12003240WA0127001315
B2059044747862N12003244WA0127201316
B2059054747867N12003245WA0127301317
B2059064747871N12003243WA0127301317
B2059074747874N12003238WA0127401318
B2059084747876N12003231WA0127601320
B2059094747876N12003224WA0127901322
B2059104747876N12003217WA0128101324
B2059114747874N12003212WA0128401327
B2059124747872N12003207WA0128501328
B2059134747869N12003203WA0128601329
B2059144747864N12003199WA0128601329
B2059154747857N12003197WA0128601329
B2059164747851N12003198WA0128601330
B2059174747845N12003203WA0128701331
B2059184747841N12003211WA0128701332
B2059194747839N12003220WA0128701333
B2059204747839N12003228WA0128701334
B2059214747840N12003236WA0128901335
B2059224747843N12003242WA0129001337
B2059234747847N12003246WA0129201338
B2059244747850N12003250WA0129301339
B2059254747854N12003255WA0129401340
B2059264747858N12003259WA0129501342
B2059274747862N12003262WA0129801343
B2059284747866N12003262WA0129901344
B2059294747870N12003259WA0130001345
B2059304747872N12003253WA0130101345
B2059314747872N12003244WA0130001344
B2059324747867N12003236WA0130101344
B2059334747861N12003232WA0130301346
B2059344747855N12003232WA0130301349
B2059354747850N12003236WA0130601351
B2059364747846N12003243WA0130701353
B2059374747845N12003251WA0130801354
B2059384747845N12003261WA0130801355
B2059394747846N12003269WA0131001356
B2059404747850N12003276WA0131101358
B2059414747855N12003281WA0131301359
B2059424747860N12003282WA0131401360
B2059434747865N12003279WA0131601361
B2059444747869N12003274WA0131601362
B2059454747871N12003267WA0131801364
B2059464747871N12003260WA0132001365
B2059474747869N12003253WA0132101367
B2059484747866N12003247WA0132301369
B2059494747862N12003243WA0132401370
B2059504747856N12003243WA0132401371
B2059514747850N12003246WA0132501372
B2059524747845N12003252WA0132401372
B2059534747842N12003261WA0132501373
B2059544747841N12003270WA0132601375
B2059554747841N12003278WA0132701376
B2059564747844N12003286WA0132801376
B2059574747847N12003292WA0133001377
B2059584747852N12003298WA0133101378
B2059594747856N12003303WA0133301379
B2100004747861N12003305WA0133301380
B2100014747867N12003306WA0133501381
B2100024747873N12003304WA0133501381
B2100034747878N12003302WA0133801382
B2100044747882N12003298WA0133801385
B2100054747885N12003293WA0134001386
B2100064747888N12003287WA0134101388
B2100074747888N12003280WA0134301389
B2100084747887N12003274WA0134501391
B2100094747884N12003270WA0134701393
B2100104747879N12003269WA0134701394
B2100114747874N12003270WA0134801395
B2100124747869N12003275WA0134601394
B2100134747864N12003283WA0134501394
B2100144747861N12003292WA0134501394
B2100154747859N12003303WA0134701395
B2100164747859N12003314WA0134701395
B2100174747862N12003323WA0134901397
B2100184747867N12003330WA0135001398
B2100194747872N12003335WA0135101399
B2100204747878N12003336WA0135101399
B2100214747884N12003335WA0135201399
B2100224747889N12003331WA0135201399
B2100234747894N12003327WA0135301400
B2100244747899N12003322WA0135501402
B2100254747904N12003318WA0135701404
B2100264747908N12003314WA0135701406
B2100274747912N12003310WA0135801408
B2100284747917N12003306WA0135901409
B2100294747922N12003303WA0135901410
B2100304747926N12003300WA0136101411
B2100314747931N12003298WA0136201412
B2100324747934N12003294WA0136101412
B2100334747936N12003290WA0136101411
B2100344747939N12003285WA0136101411
B2100354747943N12003281WA0136001411
B2100364747946N12003277WA0136001411
B2100374747949N12003273WA0136101412
B2100384747952N12003269WA0136101412
B2100394747956N12003263WA0136101412
B2100404747960N12003256WA0136101412
B2100414747964N12003249WA0136101412
B2100424747968N12003243WA0136101412
B2100434747973N12003237WA0136301414
B2100444747977N12003232WA0136301415
B2100454747980N12003226WA0136501417
B2100464747985N12003223WA0136601418
B2100474747990N12003220WA0136601419
B2100484747996N12003219WA0136601419
B2100494748002N12003218WA0136701420
B2100504748008N12003215WA0136901421
B2100514748012N12003210WA0137101422
B2100524748016N12003203WA0137101421
B2100534748018N12003194WA0137101420
B2100544748017N12003186WA0137001420
B2100554748015N12003179WA0137001421
B2100564748011N12003175WA0137001420
B2100574748007N12003174WA0136801420
B2100584748002N12003175WA0136801419
B2100594747998N12003177WA0136701419
B2101004747994N12003181WA0136501418
B2101014747990N12003186WA0136501417
B2101024747987N12003191WA0136501417
B2101034747985N12003197WA0136501418
B2101044747984N12003204WA0136601417
B2101054747983N12003210WA0136401417
B2101064747983N12003218WA0136501416
B2101074747984N12003225WA0136301416
B2101084747985N12003233WA0136301415
B2101094747986N12003240WA0136101415
B2101104747987N12003248WA0136301415
B2101114747988N12003255WA0136501417
B2101124747990N12003261WA0136601418
B2101134747993N12003267WA0136801419
B2101144747996N12003271WA0136701419
B2101154748000N12003275WA0136901420
B2101164748004N12003277WA0136901420
B2101174748009N12003278WA0137001421
B2101184748014N12003279WA0137001421
B2101194748018N12003279WA0137201423
B2101204748021N12003277WA0137401425
B2101214748025N12003273WA0137501426
B2101224748028N12003266WA0137601427
B2101234748030N12003257WA0137701429
B2101244748031N12003249WA0137901431
B2101254748028N12003241WA0138301434
B2101264748024N12003235WA0138201434
B2101274748018N12003231WA0138201434
B2101284748013N12003231WA0138201434
B2101294748008N12003231WA0138101433
B2101304748005N12003232WA0138001434
B2101314748001N12003235WA0137901433
B2101324747999N12003239WA0137701431
B2101334747997N12003245WA0137501429
B2101344747994N12003252WA0137401427
B2101354747993N12003259WA0137201425
B2101364747995N12003266WA0137201424
B2101374747998N12003272WA0136901422
B2101384748003N12003276WA0136701420
B2101394748009N12003279WA0136801420
B2101404748013N12003281WA0136901421
B2101414748017N12003284WA0137201423
B2101424748021N12003287WA0137201423
B2101434748025N12003288WA0137401423
B2101444748029N12003289WA0137401424
B2101454748034N12003289WA0137401425
B2101464748038N12003292WA0137501425
B2101474748044N12003295WA0137501425
B2101484748049N12003298WA0137501426
B2101494748056N12003301WA0137601426
B2101504748061N12003302WA0137701428
B2101514748065N12003303WA0138001431
B2101524748069N12003305WA0138401434
B2101534748073N12003308WA0138501437
B2101544748077N12003309WA0138501437
B2101554748082N12003308WA0138801438
B2101564748088N12003308WA0138901439
B2101574748094N12003310WA0139201442
B2101584748099N12003314WA0139601445
B2101594748103N12003318WA0139701448
B2102004748108N12003321WA0139801450
B2102014748112N12003321WA0140001452
B2102024748116N12003319WA0140001453
B2102034748119N12003315WA0140001452
B2102044748122N12003309WA0140001452
B2102054748121N12003303WA0140101453
B2102064748118N12003299WA0140101453
B2102074748112N12003297WA0139701451
B2102084748106N12003299WA0139701450
B2102094748101N12003303WA0139801451
B2102104748097N12003309WA0140001453
B2102114748094N12003316WA0140201454
B2102124748092N12003323WA0140301456
B2102134748091N12003330WA0140401457
B2102144748091N12003338WA0140501458
B2102154748093N12003346WA0140501458
B2102164748096N12003354WA0140501458
B2102174748101N12003361WA0140401457
B2102184748107N12003365WA0140501458
B2102194748113N12003367WA0140601458
B2102204748118N12003368WA0140601459
B2102214748123N12003367WA0141001461
B2102224748127N12003364WA0141201464
B2102234748129N12003360WA0141301465
B2102244748130N12003356WA0141301466
B2102254748130N12003350WA0141301465
B2102264748129N12003344WA0141301465
B2102274748127N12003338WA0141201465
B2102284748123N12003334WA0141201466
B2102294748118N12003332WA0141301466
B2102304748114N12003331WA0141501467
B2102314748109N12003331WA0141601469
B2102324748105N12003331WA0141701470
B2102334748101N12003331WA0141701470
B2102344748096N12003330WA0141701471
B2102354748092N12003329WA0141601470
B2102364748087N12003330WA0141601470
B2102374748083N12003333WA0141501469
B2102384748079N12003336WA0141401468
B2102394748076N12003341WA0141301468
B2102404748072N12003345WA0141301467
B2102414748068N12003350WA0141001465
B2102424748064N12003354WA0140801463
B2102434748059N12003360WA0140701462
B2102444748055N12003365WA0140701461
B2102454748050N12003369WA0140901463
B2102464748045N12003373WA0141101465
B2102474748041N12003376WA0141301467
B2102484748038N12003379WA0141401468
B2102494748035N12003384WA0141401469
B2102504748031N12003389WA0141501469
B2102514748027N12003393WA0141401469
B2102524748023N12003398WA0141401469
B2102534748020N12003404WA0141401469
B2102544748018N12003411WA0141601469
B2102554748017N12003419WA0141601470
B2102564748018N12003428WA0141601470
B2102574748021N12003436WA0141701470
B2102584748024N12003444WA0141701471
B2102594748029N12003449WA0141801471
B2103004748035N12003450WA0141801471
B2103014748040N12003448WA0141801471
B2103024748044N12003443WA0141801471
B2103034748046N12003437WA0141801472
B2103044748045N12003430WA0141901473
B2103054748042N12003424WA0142001474
B2103064748038N12003421WA0142001474
B2103074748033N12003421WA0142001474
B2103084748028N12003424WA0142001474
B2103094748024N12003429WA0142001474
B2103104748021N12003437WA0142101475
B2103114748020N12003446WA0142201475
B2103124748021N12003456WA0142201475
B2103134748025N12003465WA0142101475
B2103144748030N12003471WA0142201474
B2103154748035N12003474WA0142201474
B2103164748041N12003474WA0142101474
B2103174748046N12003472WA0142101473
B2103184748049N12003469WA0142101474
B2103194748053N12003465WA0142101474
B2103204748055N12003460WA0142201476
B2103214748057N12003455WA0142201476
B2103224748057N12003449WA0142301477
B2103234748056N12003444WA0142201476
B2103244748054N12003438WA0142301477
B2103254748051N12003434WA0142301477
B2103264748048N12003431WA0142301478
B2103274748044N12003430WA0142301477
B2103284748040N12003430WA0142201477
B2103294748036N12003431WA0142101477
B2103304748033N12003435WA0142201477
B2103314748031N12003442WA0142101476
B2103324748031N12003450WA0142001475
B2103334748031N12003460WA0141901474
B2103344748032N12003469WA0141901474
B2103354748035N12003477WA0141901474
B2103364748039N12003484WA0141901473
B2103374748045N12003490WA0141701471
B2103384748051N12003493WA0141501469
B2103394748059N12003493WA0141101467
B2103404748065N12003491WA0141301468
B2103414748071N12003488WA0141601470
B2103424748074N12003485WA0141801474
B2103434748076N12003483WA0142101477
B2103444748079N12003480WA0142201478
B2103454748082N12003475WA0142001476
B2103464748085N12003469WA0141901475
B2103474748087N12003463WA0141901474
B2103484748088N12003455WA0141901474
B2103494748089N12003448WA0142001475
B2103504748089N12003442WA0142001475
B2103514748090N12003435WA0142001475
B2103524748092N12003427WA0141901475
B2103534748093N12003418WA0141901475
B2103544748095N12003409WA0142001475
B2103554748096N12003400WA0142101476
B2103564748097N12003392WA0142101477
B2103574748099N12003385WA0142201477
B2103584748101N12003379WA0142201477
B2103594748104N12003373WA0142001476
B2104004748107N12003366WA0141801474
B2104014748110N12003359WA0141601472
B2104024748113N12003351WA0141301469
B2104034748116N12003344WA0141001466
B2104044748118N12003336WA0140801464
B2104054748120N12003329WA0140701462
B2104064748122N12003322WA0140501461
B2104074748124N12003314WA0140301459
B2104084748126N12003307WA0140001456
B2104094748128N12003300WA0139701453
B2104104748130N12003293WA0139501450
B2104114748131N12003285WA0139201447
B2104124748132N12003278WA0139001445
B2104134748134N12003271WA0138801443
B2104144748136N12003264WA0138601442
B2104154748138N12003256WA0138301439
B2104164748141N12003248WA0138101436
B2104174748143N12003240WA0137701433
B2104184748144N12003231WA0137401430
B2104194748145N12003222WA0137301429
B2104204748147N12003215WA0137301428
B2104214748149N12003209WA0137201427
B2104224748150N12003202WA0137001425
B2104234748151N12003196WA0136701423
B2104244748153N12003189WA0136701422
B2104254748154N12003182WA0136501420
B2104264748156N12003176WA0136401419
B2104274748157N12003170WA0136301418
B2104284748158N12003163WA0136001416
B2104294748158N12003155WA0135701413
B2104304748157N12003147WA0135401410
B2104314748156N12003139WA0135001406
B2104324748156N12003130WA0134701403
B2104334748155N12003121WA0134401400
B2104344748153N12003112WA0134201397
B2104354748151N12003103WA0133901395
B2104364748149N12003093WA0134001395
B2104374748148N12003085WA0134201396
B2104384748148N12003077WA0134501399
B2104394748147N12003072WA0135001402
B2104404748146N12003067WA0135101404
B2104414748145N12003064WA0135201405
B2104424748145N12003059WA0135201405
B2104434748145N12003054WA0134901404
B2104444748147N12003047WA0134701402
B2104454748148N12003039WA0134401399
B2104464748150N12003031WA0134301398
B2104474748152N12003023WA0134501398
B2104484748153N12003017WA0134701400
B2104494748155N12003011WA0134801401
B2104504748157N12003006WA0134701401
B2104514748160N12002999WA0134601399
B2104524748161N12002992WA0134401398
B2104534748163N12002985WA0134301397
B2104544748165N12002978WA0134201397
B2104554748168N12002972WA0134501398
B2104564748170N12002967WA0134501399
B2104574748173N12002962WA0134401399
B2104584748174N12002956WA0134301397
B2104594748175N12002949WA0133901395
B2105004748176N12002941WA0133801393
B2105014748178N12002933WA0133801392
B2105024748180N12002927WA0133801392
B2105034748181N12002921WA0133701391
B2105044748182N12002914WA0133601390
B2105054748183N12002908WA0133301388
B2105064748184N12002900WA0133101386
B2105074748185N12002891WA0133001385
B2105084748186N12002884WA0133301387
B2105094748186N12002880WA0133801390
B2105104748188N12002876WA0134001393
B2105114748189N12002873WA0134001394
B2105124748192N12002868WA0133801393
B2105134748194N12002861WA0133701391
B2105144748195N12002853WA0133601390
B2105154748197N12002846WA0133701390
B2105164748198N12002840WA0133901392
B2105174748200N12002835WA0134101394
B2105184748201N12002830WA0134301395
B2105194748201N12002825WA0134301396
B2105204748201N12002819WA0134301396
B2105214748202N12002812WA0134401397
B2105224748203N12002806WA0134401398
B2105234748205N12002799WA0134701399
B2105244748206N12002793WA0134801401
B2105254748206N12002788WA0135101403
B2105264748207N12002783WA0135301405
B2105274748209N12002778WA0135401407
B2105284748210N12002773WA0135501408
B2105294748211N12002766WA0135701409
B2105304748209N12002760WA0135701409
B2105314748205N12002756WA0135701409
B2105324748199N12002756WA0135601408
B2105334748194N12002761WA0135701408
B2105344748192N12002770WA0135901409
B2105354748193N12002780WA0136101411
B2105364748197N12002789WA0136201412
B2105374748202N12002797WA0136301412
B2105384748208N12002803WA0136301413
B2105394748215N12002806WA0136401414
B2105404748221N12002807WA0136601416
B2105414748227N12002804WA0136801417
B2105424748231N12002801WA0136901419
B2105434748234N12002795WA0137201421
B2105444748236N12002789WA0137301423
B2105454748235N12002783WA0137401424
B2105464748234N12002777WA0137601426
B2105474748233N12002770WA0137701428
B2105484748232N12002764WA0137901430
B2105494748230N12002758WA0138201433
B2105504748228N12002753WA0138401435
B2105514748225N12002750WA0138701437
B2105524748220N12002749WA0138701437
B2105534748214N12002751WA0138701436
B2105544748208N12002756WA0138801438
B2105554748205N12002763WA0139201441
B2105564748204N12002773WA0139401443
B2105574748207N12002783WA0139501443
B2105584748213N12002790WA0139601444
B2105594748219N12002792WA0139701445
B2106004748225N12002791WA0139801446
B2106014748231N12002786WA0139901448
B2106024748234N12002780WA0140001449
B2106034748236N12002773WA0140301451
B2106044748236N12002766WA0140501454
B2106054748236N12002760WA0140901457
B2106064748235N12002755WA0141001459
B2106074748233N12002750WA0141101460
B2106084748229N12002746WA0141201461
B2106094748225N12002742WA0141301462
B2106104748219N12002742WA0141401463
B2106114748213N12002745WA0141601464
B2106124748208N12002752WA0141701465
B2106134748205N12002762WA0141801467
B2106144748204N12002773WA0141801468
B2106154748205N12002783WA0142101471
B2106164748208N12002792WA0142201472
B2106174748213N12002799WA0142501474
B2106184748219N12002802WA0142601476
B2106194748225N12002802WA0142801477
B2106204748230N12002799WA0142901478
B2106214748234N12002794WA0143101479
B2106224748236N12002788WA0143201482
B2106234748237N12002782WA0143601486
B2106244748236N12002778WA0143801488
B2106254748233N12002774WA0143901489
B2106264748230N12002769WA0144001490
B2106274748225N12002766WA0144101492
B2106284748220N12002765WA0144301495
B2106294748215N12002766WA0144701497
B2106304748210N12002770WA0144901500
B2106314748206N12002775WA0145401503
B2106324748202N12002782WA0145601506
B2106334748199N12002790WA0145801508
B2106344748196N12002801WA0145801510
B2106354748193N12002812WA0145901510
B2106364748193N12002824WA0146201513
B2106374748195N12002834WA0146401515
B2106384748199N12002842WA0146501517
B2106394748206N12002846WA0146601517
B2106404748213N12002848WA0146701519
B2106414748218N12002847WA0147201525
B2106424748220N12002843WA0147501528
B2106434748219N12002838WA0147701529
B2106444748217N12002833WA0147801529
B2106454748213N12002829WA0148001531
B2106464748209N12002828WA0148101533
B2106474748203N12002830WA0148301535
B2106484748197N12002838WA0148301535
B2106494748193N12002849WA0148401536
B2106504748191N12002862WA0148501536
B2106514748190N12002874WA0148801539
B2106524748191N12002885WA0148901543
B2106534748193N12002895WA0149201547
B2106544748197N12002903WA0149201548
B2106554748203N12002910WA0149301549
B2106564748209N12002916WA0149401549
B2106574748216N12002918WA0149601552
B2106584748222N12002917WA0149801553
B2106594748226N12002914WA0150001556
B2107004748229N12002910WA0150301558
B2107014748229N12002905WA0150801562
B2107024748228N12002902WA0151001564
B2107034748226N12002898WA0151201567
B2107044748223N12002895WA0151301568
B2107054748219N12002894WA0151501570
B2107064748214N12002897WA0151401570
B2107074748208N12002904WA0151401570
B2107084748204N12002915WA0151401570
B2107094748203N12002928WA0151701571
B2107104748205N12002939WA0151801573
B2107114748210N12002947WA0151901574
B2107124748216N12002953WA0152101574
B2107134748222N12002957WA0152101575
B2107144748228N12002959WA0152201576
B2107154748234N12002960WA0152201577
B2107164748240N12002959WA0152301578
B2107174748245N12002957WA0152301578
B2107184748250N12002954WA0152501580
B2107194748252N12002948WA0152601581
B2107204748252N12002941WA0152601581
B2107214748252N12002934WA0152801582
B2107224748251N12002927WA0153001585
B2107234748249N12002921WA0153401588
B2107244748247N12002916WA0153701591
B2107254748245N12002911WA0153901594
B2107264748243N12002906WA0154101596
B2107274748241N12002900WA0154301598
B2107284748239N12002895WA0154501601
B2107294748236N12002891WA0154901605
B2107304748232N12002889WA0155201608
B2107314748227N12002889WA0155201609
B2107324748221N12002891WA0155201609
B2107334748215N12002896WA0155301610
B2107344748212N12002904WA0155201610
B2107354748211N12002916WA0154901609
B2107364748212N12002929WA0154601606
B2107374748214N12002941WA0154401603
B2107384748218N12002950WA0154301602
B2107394748223N12002957WA0154201601
B2107404748229N12002961WA0154101599
B2107414748236N12002960WA0153901597
B2107424748243N12002957WA0153701596
B2107434748246N12002951WA0154201600
B2107444748247N12002946WA0154401604
B2107454748246N12002941WA0154801607
B2107464748244N12002937WA0154901610
B2107474748243N12002933WA0155201611
B2107484748243N12002928WA0155201611
B2107494748242N12002924WA0155201612
B2107504748240N12002920WA0155201612
B2107514748238N12002917WA0155001611
B2107524748236N12002913WA0154901610
B2107534748235N12002908WA0154601607
B2107544748233N12002902WA0154401605
B2107554748231N12002896WA0154301603
B2107564748228N12002890WA0154101602
B2107574748226N12002884WA0153801599
B2107584748224N12002877WA0153401595
B2107594748222N12002869WA0152401589
B2108004748220N12002859WA0152001583
B2108014748218N12002850WA0151601579
B2108024748216N12002839WA0151301574
B2108034748214N12002829WA0150901570
B2108044748213N12002819WA0151001569
B2108054748211N12002810WA0151301570
B2108064748210N12002803WA0151501573
B2108074748208N12002797WA0151901576
B2108084748207N12002792WA0152001578
B2108094748206N12002787WA0152001579
B2108104748205N12002781WA0151901578
B2108114748203N12002772WA0151801577
B2108124748202N12002763WA0151801577
B2108134748201N12002753WA0151901577
B2108144748200N12002745WA0152101579
B2108154748200N12002737WA0152501581
B2108164748199N12002731WA0152701584
B2108174748199N12002725WA0152901586
B2108184748199N12002718WA0153001588
B2108194748199N12002710WA0153201589
B2108204748200N12002702WA0153201590
B2108214748200N12002693WA0153501592
B2108224748200N12002685WA0153701595
B2108234748200N12002678WA0154101598
B2108244748199N12002672WA0154401601
B2108254748198N12002666WA0154701604
B2108264748198N12002660WA0154901608
B2108274748197N12002654WA0155301610
B2108284748195N12002649WA0155401613
B2108294748190N12002647WA0155701614
B2108304748185N12002649WA0155701614
B2108314748181N12002655WA0155901615
B2108324748181N12002664WA0156001617
B2108334748183N12002673WA0156201619
B2108344748188N12002679WA0156201621
B2108354748194N12002682WA0156401622
B2108364748201N12002682WA0156501623
B2108374748207N12002680WA0156801626
B2108384748212N12002675WA0156901628
B2108394748216N12002668WA0157101629
B2108404748217N12002660WA0157301632
B2108414748216N12002652WA0157601634
B2108424748214N12002646WA0157901638
B2108434748211N12002640WA0158401642
B2108444748208N12002635WA0158701647
B2108454748205N12002630WA0159301651
B2108464748201N12002627WA0159601655
B2108474748196N12002626WA0160001658
B2108484748190N12002628WA0160201661
B2108494748185N12002634WA0160601663
B2108504748182N12002642WA0160801665
B2108514748183N12002652WA0161101667
B2108524748187N12002660WA0161201670
B2108534748193N12002664WA0161501672
B2108544748200N12002664WA0161601673
B2108554748205N12002660WA0161901676
B2108564748209N12002653WA0162001678
B2108574748210N12002645WA0162401680
B2108584748208N12002637WA0162701684
B2108594748204N12002631WA0163301689
B2109004748200N12002628WA0163701695
B2109014748196N12002625WA0164301700
B2109024748192N12002622WA0164501704
B2109034748187N12002621WA0164901707
B2109044748182N12002622WA0165201710
B2109054748177N12002627WA0165401713
B2109064748174N12002635WA0165501715
B2109074748173N12002646WA0165801717
B2109084748176N12002655WA0166101719
B2109094748181N12002660WA0166301722
B2109104748188N12002661WA0166501724
B2109114748193N12002658WA0166901727
B2109124748197N12002650WA0167201729
B2109134748198N12002642WA0167401732
B2109144748197N12002634WA0167801736
B2109154748195N12002628WA0168201741
B2109164748191N12002624WA0168601745
B2109174748186N12002621WA0168901748
B2109184748181N12002619WA0169101751
B2109194748175N12002619WA0169401754
B2109204748169N12002621WA0169701757
B2109214748164N12002626WA0170101762
B2109224748161N12002633WA0170401765
B2109234748160N12002642WA0170601768
B2109244748161N12002652WA0170801770
B2109254748164N12002661WA0171001772
B2109264748170N12002667WA0171101774
B2109274748176N12002669WA0171401776
B2109284748182N12002667WA0171501777
B2109294748186N12002660WA0171701778
B2109304748188N12002652WA0171901781
B2109314748188N12002643WA0172301783
B2109324748185N12002637WA0172501787
B2109334748181N12002632WA0172901790
B2109344748176N12002629WA0173201793
B2109354748171N12002628WA0173601797
B2109364748166N12002630WA0173801799
B2109374748161N12002635WA0174001801
B2109384748157N12002643WA0174201803
B2109394748154N12002653WA0174501807
B2109404748154N12002662WA0174701810
B2109414748156N12002671WA0175101813
B2109424748159N12002679WA0175301816
B2109434748164N12002686WA0175501818
B2109444748168N12002691WA0175801821
B2109454748172N12002693WA0176001824
B2109464748178N12002694WA0176201826
B2109474748183N12002692WA0176401827
B2109484748187N12002689WA0176601829
B2109494748191N12002684WA0176701831
B2109504748193N12002677WA0176801833
B2109514748195N12002669WA0177001834
B2109524748194N12002661WA0177101836
B2109534748193N12002653WA0177501838
B2109544748191N12002647WA0177801842
B2109554748187N12002641WA0178201846
B2109564748183N12002637WA0178401849
B2109574748179N12002634WA0178701852
B2109584748174N12002634WA0178901855
B2109594748170N12002638WA0179301858
B2110004748166N12002644WA0179401860
B2110014748164N12002652WA0179601862
B2110024748164N12002661WA0179801864
B2110034748166N12002669WA0180101866
B2110044748170N12002676WA0180301868
B2110054748175N12002681WA0180501870
B2110064748180N12002684WA0180701872
B2110074748186N12002686WA0181001875
B2110084748191N12002687WA0181201878
B2110094748197N12002686WA0181501880
B2110104748202N12002683WA0181701882
B2110114748207N12002679WA0181901884
B2110124748210N12002673WA0182201886
B2110134748211N12002666WA0182401888
B2110144748210N12002659WA0182401890
B2110154748207N12002652WA0182601891
B2110164748203N12002648WA0182901894
B2110174748198N12002646WA0183301897
B2110184748193N12002646WA0183601901
B2110194748189N12002648WA0184001904
B2110204748186N12002650WA0184201908
B2110214748182N12002653WA0184301909
B2110224748179N12002659WA0184501911
B2110234748177N12002666WA0184501911
B2110244748176N12002676WA0184501911
B2110254748178N12002685WA0184601911
B2110264748181N12002693WA0184701913
B2110274748185N12002699WA0185001916
B2110284748189N12002703WA0185201918
B2110294748194N12002707WA0185501921
B2110304748199N12002710WA0185601922
B2110314748205N12002712WA0185701923
B2110324748211N12002714WA0185801924
B2110334748217N12002714WA0186001926
B2110344748223N12002712WA0186201928
B2110354748228N12002710WA0186401930
B2110364748233N12002707WA0186601932
B2110374748237N12002704WA0186701935
B2110384748239N12002699WA0186801936
B2110394748241N12002693WA0186601935
B2110404748240N12002685WA0186301933
B2110414748239N12002677WA0186301933
B2110424748236N12002671WA0186301932
B2110434748232N12002665WA0186201932
B2110444748227N12002660WA0186201932
B2110454748223N12002657WA0186501933
B2110464748218N12002657WA0186601935
B2110474748213N12002658WA0186701936
B2110484748209N12002662WA0186801937
B2110494748204N12002668WA0186801937
B2110504748201N12002675WA0186901938
B2110514748198N12002685WA0186901939
B2110524748197N12002694WA0187101940
B2110534748199N12002704WA0187301941
B2110544748202N12002713WA0187201942
B2110554748205N12002720WA0187601944
B2110564748209N12002727WA0187801947
B2110574748213N12002732WA0188001948
B2110584748217N12002735WA0188001949
B2110594748223N12002738WA0188001950
B2111004748229N12002741WA0188101951
B2111014748235N12002745WA0188201952
B2111024748241N12002749WA0188301953
B2111034748247N12002753WA0188401954
B2111044748253N12002757WA0188501955
B2111054748260N12002761WA0188501955
B2111064748266N12002765WA0188601956
B2111074748272N12002770WA0188701957
B2111084748278N12002775WA0188801958
B2111094748284N12002781WA0189001960
B2111104748289N12002787WA0189301962
B2111114748294N12002793WA0189701966
B2111124748298N12002799WA0190001969
B2111134748302N12002806WA0190201972
B2111144748307N12002812WA0190401974
B2111154748311N12002820WA0190601976
B2111164748315N12002827WA0190701978
B2111174748319N12002835WA0191001980
B2111184748323N12002843WA0191301983
B2111194748326N12002850WA0191501987
B2111204748328N12002858WA0191701989
B2111214748330N12002867WA0192001991
B2111224748333N12002875WA0192301994
B2111234748336N12002883WA0192501996
B2111244748339N12002891WA0192601998
B2111254748342N12002899WA0192902000
B2111264748346N12002906WA0193002001
B2111274748351N12002913WA0193002002
B2111284748357N12002919WA0193002002
B2111294748363N12002925WA0193102003
B2111304748368N12002930WA0193302004
B2111314748374N12002934WA0193402006
B2111324748379N12002936WA0193502007
B2111334748385N12002936WA0193402006
B2111344748391N12002933WA0193402005
B2111354748397N12002929WA0193302004
B2111364748401N12002922WA0193302004
B2111374748403N12002916WA0193502005
B2111384748405N12002909WA0193802007
B2111394748407N12002903WA0194102010
B2111404748409N12002896WA0194202012
B2111414748410N12002889WA0194502015
B2111424748412N12002882WA0194702017
B2111434748414N12002875WA0195002020
B2111444748415N12002867WA0195102022
B2111454748415N12002859WA0195302024
B2111464748415N12002852WA0195402025
B2111474748413N12002846WA0195502027
B2111484748411N12002841WA0195602027
B2111494748409N12002835WA0195702028
B2111504748407N12002829WA0195602029
B2111514748406N12002824WA0195602029
B2111524748403N12002819WA0195702029
B2111534748399N12002816WA0195602029
B2111544748395N12002814WA0195602029
B2111554748390N12002814WA0195702029
B2111564748385N12002815WA0195702031
B2111574748382N12002818WA0196002033
B2111584748379N12002821WA0196202035
B2111594748376N12002824WA0196202036
B2112004748373N12002828WA0196202036
B2112014748370N12002833WA0196102036
B2112024748366N12002840WA0196102035
B2112034748364N12002848WA0196102034
B2112044748362N12002856WA0196202035
B2112054748361N12002864WA0196302037
B2112064748362N12002871WA0196402038
B2112074748364N12002877WA0196502039
B2112084748365N12002884WA0196502039
B2112094748367N12002892WA0196502038
B2112104748369N12002902WA0196402037
B2112114748372N12002912WA0196502037
B2112124748375N12002923WA0196502038
B2112134748379N12002932WA0196902040
B2112144748383N12002940WA0197102043
B2112154748386N12002947WA0197502046
B2112164748391N12002954WA0197702049
B2112174748396N12002960WA0197802050
B2112184748401N12002966WA0198002052
B2112194748406N12002973WA0198002053
B2112204748411N12002979WA0198102054
B2112214748417N12002985WA0198202056
B2112224748423N12002989WA0198302056
B2112234748430N12002992WA0198402056
B2112244748437N12002995WA0198402057
B2112254748443N12002997WA0198602059
B2112264748449N12002999WA0198702060
B2112274748455N12003000WA0198902062
B2112284748461N12003001WA0199002063
B2112294748467N12003002WA0199102064
B2112304748473N12003001WA0199102065
B2112314748479N12002998WA0199302066
B2112324748484N12002995WA0199202066
B2112334748488N12002990WA0199202066
B2112344748491N12002983WA0199402066
B2112354748493N12002977WA0199602068
B2112364748495N12002971WA0199802071
B2112374748496N12002966WA0200002074
B2112384748496N12002961WA0200202075
B2112394748496N12002956WA0200202076
B2112404748494N12002951WA0200202075
B2112414748491N12002946WA0200102075
B2112424748487N12002942WA0200102075
B2112434748484N12002940WA0200102075
B2112444748480N12002939WA0200202075
B2112454748476N12002939WA0200102075
B2112464748472N12002939WA0200002075
B2112474748467N12002939WA0199902074
B2112484748462N12002941WA0199902075
B2112494748458N12002943WA0200002075
B2112504748454N12002947WA0200202076
B2112514748451N12002952WA0200202077
B2112524748447N12002958WA0200202078
B2112534748444N12002964WA0200202077
B2112544748441N12002971WA0200202077
B2112554748440N12002980WA0199902076
B2112564748439N12002991WA0200002075
B2112574748440N12003002WA0200002076
B2112584748441N12003013WA0200102077
B2112594748442N12003023WA0200202079
B2113004748445N12003033WA0200202079
B2113014748448N12003043WA0200202079
B2113024748453N12003051WA0200302079
B2113034748457N12003059WA0200402079
B2113044748463N12003065WA0200502080
B2113054748468N12003070WA0200502081
B2113064748474N12003074WA0200502081
B2113074748480N12003077WA0200502081
B2113084748486N12003078WA0200402080
B2113094748493N12003079WA0200202079
B2113104748500N12003080WA0200202077
B2113114748507N12003080WA0200102077
B2113124748513N12003079WA0200202078
B2113134748519N12003078WA0200402079
B2113144748525N12003077WA0200402079
B2113154748531N12003076WA0200502080
B2113164748537N12003075WA0200502081
B2113174748543N12003072WA0200502081
B2113184748548N12003067WA0200502081
B2113194748552N12003061WA0200502080
B2113204748556N12003054WA0200402080
B2113214748560N12003047WA0200602081
B2113224748564N12003040WA0200702083
B2113234748568N12003034WA0200802084
B2113244748572N12003028WA0200902085
B2113254748574N12003022WA0201002086
B2113264748575N12003015WA0201002086
B2113274748573N12003010WA0201102086
B2113284748571N12003006WA0201202086
B2113294748567N12003006WA0201102086
B2113304748562N12003010WA0201102085
B2113314748559N12003017WA0201102085
B2113324748558N12003026WA0201102086
B2113334748559N12003035WA0201202086
B2113344748561N12003045WA0201102086
B2113354748564N12003054WA0201202087
B2113364748568N12003062WA0201302088
B2113374748572N12003071WA0201302089
B2113384748577N12003078WA0201402089
B2113394748582N12003085WA0201402090
B2113404748587N12003091WA0201502090
B2113414748593N12003095WA0201502091
B2113424748600N12003098WA0201502090
B2113434748606N12003099WA0201402090
B2113444748613N12003099WA0201402089
B2113454748620N12003098WA0201402089
B2113464748626N12003096WA0201402089
B2113474748633N12003093WA0201402089
B2113484748639N12003089WA0201502090
B2113494748645N12003085WA0201602091
B2113504748651N12003081WA0201602092
B2113514748656N12003075WA0201702093
B2113524748659N12003068WA0201702092
B2113534748662N12003060WA0201602092
B2113544748665N12003053WA0201702092
B2113554748666N12003046WA0201702094
B2113564748666N12003040WA0201802094
B2113574748666N12003033WA0201602093
B2113584748666N12003027WA0201402092
B2113594748666N12003020WA0201302090
B2114004748665N12003013WA0201102089
B2114014748665N12003006WA0200902087
B2114024748664N12002999WA0200702085
B2114034748663N12002992WA0200502082
B2114044748662N12002984WA0200302080
B2114054748661N12002976WA0199902077
B2114064748659N12002968WA0199502073
B2114074748655N12002960WA0198802068
B2114084748650N12002953WA0198602063
B2114094748646N12002944WA0198002059
B2114104748643N12002934WA0197802055
B2114114748641N12002924WA0197502052
B2114124748638N12002915WA0197402050
B2114134748635N12002908WA0197102048
B2114144748631N12002902WA0196802044
B2114154748628N12002895WA0196302041
B2114164748626N12002887WA0196102037
B2114174748623N12002880WA0195502033
B2114184748620N12002873WA0195102029
B2114194748617N12002866WA0194702024
B2114204748614N12002858WA0194202020
B2114214748613N12002851WA0194202018
B2114224748612N12002845WA0194202017
B2114234748611N12002841WA0194202017
B2114244748609N12002839WA0194002015
B2114254748607N12002837WA0193602012
B2114264748604N12002834WA0193302009
B2114274748602N12002829WA0193102007
B2114284748601N12002825WA0193102005
B2114294748599N12002822WA0193102005
B2114304748596N12002821WA0193302005
B2114314748594N12002820WA0193502007
B2114324748591N12002819WA0193602009
B2114334748589N12002817WA0193602010
B2114344748587N12002814WA0193702011
B2114354748584N12002812WA0193802012
B2114364748581N12002809WA0193902013
B2114374748579N12002805WA0194102015
B2114384748577N12002801WA0194302016
B2114394748576N12002797WA0194502018
B2114404748574N12002794WA0194702021
B2114414748572N12002792WA0195002023
B2114424748569N12002791WA0195102025
B2114434748566N12002789WA0195402027
B2114444748564N12002787WA0195502028
B2114454748562N12002785WA0195602030
B2114464748561N12002782WA0195702031
B2114474748559N12002779WA0195702031
B2114484748558N12002775WA0195702031
B2114494748557N12002770WA0195802032
B2114504748556N12002765WA0196002033
B2114514748556N12002760WA0196202035
B2114524748556N12002756WA0196302037
B2114534748555N12002752WA0196602039
B2114544748554N12002749WA0196702040
B2114554748553N12002745WA0196802042
B2114564748553N12002740WA0196902043
B2114574748553N12002735WA0197002044
B2114584748552N12002729WA0197102045
B2114594748551N12002724WA0197302046
B2115004748550N12002719WA0197502048
B2115014748550N12002714WA0197802051
B2115024748550N12002708WA0197902053
B2115034748550N12002703WA0198202055
B2115044748550N12002698WA0198302058
B2115054748548N12002693WA0198502059
B2115064748546N12002688WA0198602061
B2115074748544N12002684WA0198802063
B2115084748541N12002680WA0199202065
B2115094748537N12002678WA0199402068
B2115104748534N12002676WA0199602071
B2115114748531N12002672WA0200002074
B2115124748528N12002669WA0200202077
B2115134748526N12002667WA0200702081
B2115144748523N12002665WA0201002085
B2115154748521N12002664WA0201402089
B2115164748518N12002664WA0201702092
B2115174748515N12002664WA0202102095
B2115184748511N12002664WA0202302099
B2115194748507N12002666WA0202702102
B2115204748504N12002669WA0202902106
B2115214748500N12002675WA0203302109
B2115224748496N12002682WA0203702112
B2115234748494N12002690WA0203902115
B2115244748493N12002700WA0204302118
B2115254748494N12002709WA0204802122
B2115264748497N12002719WA0205102125
B2115274748501N12002728WA0205302128
B2115284748506N12002735WA0205402130
B2115294748511N12002740WA0205702132
B2115304748518N12002744WA0205802134
B2115314748524N12002745WA0206002136
B2115324748531N12002744WA0206102137
B2115334748536N12002741WA0206302139
B2115344748542N12002739WA0206502141
B2115354748548N12002735WA0206702144
B2115364748552N12002732WA0206902146
B2115374748556N12002728WA0207302149
B2115384748560N12002723WA0207502152
B2115394748563N12002718WA0207902155
B2115404748566N12002713WA0208202159
B2115414748567N12002709WA0208702163
B2115424748566N12002705WA0209002166
B2115434748564N12002702WA0209302168
B2115444748562N12002701WA0209502171
B2115454748559N12002700WA0210102175
B2115464748556N12002701WA0210502180
B2115474748553N12002703WA0210902185
B2115484748550N12002705WA0211202189
B2115494748547N12002707WA0211602192
B2115504748543N12002710WA0211802195
B2115514748540N12002714WA0212102197
B2115524748537N12002720WA0212302200
B2115534748535N12002728WA0212702203
B2115544748535N12002738WA0212802205
B2115554748537N12002749WA0213102207
B2115564748541N12002759WA0213202209
B2115574748546N12002767WA0213502211
B2115584748551N12002773WA0213702214
B2115594748556N12002780WA0214002218
B2116004748561N12002786WA0214302220
B2116014748566N12002790WA0214502223
B2116024748573N12002793WA0214602224
B2116034748580N12002794WA0214702225
B2116044748587N12002793WA0214702226
B2116054748593N12002792WA0215102229
B2116064748598N12002789WA0215202232
B2116074748603N12002785WA0215502234
B2116084748607N12002781WA0215802237
B2116094748609N12002776WA0216302241
B2116104748609N12002771WA0216702245
B2116114748608N12002767WA0217202249
B2116124748606N12002764WA0217402253
B2116134748604N12002762WA0217902256
B2116144748601N12002762WA0218102260
B2116154748599N12002762WA0218402263
B2116164748596N12002763WA0218602265
B2116174748593N12002765WA0218802268
B2116184748589N12002770WA0219002270
B2116194748586N12002776WA0219202272
B2116204748583N12002785WA0219502275
B2116214748582N12002795WA0219802277
B2116224748582N12002806WA0220002281
B2116234748584N12002816WA0220302283
B2116244748587N12002827WA0220502285
B2116254748592N12002837WA0220602287
B2116264748596N12002846WA0220702289
B2116274748601N12002855WA0221102293
B2116284748605N12002863WA0221202295
B2116294748610N12002869WA0221402296
B2116304748616N12002876WA0221402297
B2116314748623N12002880WA0221502297
B2116324748630N12002883WA0221502298
B2116334748636N12002883WA0221502298
B2116344748642N12002880WA0221502298
B2116354748647N12002875WA0221602298
B2116364748650N12002868WA0221602299
B2116374748653N12002863WA0221902300
B2116384748656N12002858WA0222002303
B2116394748659N12002853WA0222302306
B2116404748661N12002849WA0222402308
B2116414748662N12002844WA0222802309
B2116424748662N12002840WA0222802310
B2116434748662N12002835WA0223202312
B2116444748661N12002831WA0223302315
B2116454748660N12002829WA0223702318
B2116464748657N12002828WA0223702320
B2116474748655N12002828WA0224002322
B2116484748652N12002830WA0224202324
B2116494748649N12002834WA0224402326
B2116504748646N12002838WA0224502327
B2116514748642N12002843WA0224602328
B2116524748639N12002849WA0224802330
B2116534748637N12002857WA0225002332
B2116544748636N12002867WA0225202334
B2116554748636N12002878WA0225502336
B2116564748637N12002889WA0225602338
B2116574748639N12002899WA0225902341
B2116584748641N12002910WA0226002342
B2116594748645N12002920WA0226002343
B2117004748649N12002929WA0226102344
B2117014748656N12002936WA0226102344
B2117024748663N12002939WA0226102344
B2117034748671N12002939WA0226202344
B2117044748677N12002936WA0226102344
B2117054748682N12002932WA0226202345
B2117064748686N12002926WA0226102346
B2117074748689N12002921WA0226402347
B2117084748692N12002916WA0226302348
B2117094748696N12002911WA0226502349
B2117104748699N12002906WA0226502350
B2117114748703N12002900WA0226802352
B2117124748707N12002896WA0227002355
B2117134748710N12002891WA0227302357
B2117144748713N12002887WA0227402360
B2117154748715N12002883WA0227702362
B2117164748718N12002878WA0227802364
B2117174748721N12002872WA0228102365
B2117184748723N12002866WA0228202367
B2117194748724N12002861WA0228502370
B2117204748724N12002857WA0228702373
B2117214748722N12002855WA0229102376
B2117224748720N12002855WA0229302378
B2117234748718N12002857WA0229502380
B2117244748715N12002861WA0229602382
B2117254748711N12002866WA0229802383
B2117264748709N12002872WA0229902387
B2117274748707N12002879WA0230502391
B2117284748706N12002887WA0230802394
B2117294748706N12002895WA0231002396
B2117304748706N12002904WA0231102398
B2117314748708N12002915WA0231202399
B2117324748711N12002927WA0231202399
B2117334748716N12002938WA0231502400
B2117344748721N12002946WA0231702402
B2117354748727N12002954WA0231902404
B2117364748733N12002960WA0232002406
B2117374748740N12002967WA0232102407
B2117384748748N12002973WA0232102407
B2117394748755N12002976WA0232202408
B2117404748763N12002976WA0232202408
B2117414748769N12002972WA0232102406
B2117424748774N12002966WA0232002405
B2117434748779N12002959WA0232302406
B2117444748782N12002953WA0232502410
B2117454748784N12002948WA0233002415
B2117464748786N12002943WA0233202417
B2117474748786N12002939WA0233202419
B2117484748787N12002933WA0233402419
B2117494748787N12002928WA0233402419
B2117504748786N12002924WA0233302420
B2117514748784N12002920WA0233402420
B2117524748782N12002916WA0233302421
B2117534748781N12002913WA0233602423
B2117544748781N12002910WA0233902426
B2117554748780N12002909WA0234102428
B2117564748778N12002911WA0234102429
B2117574748776N12002914WA0234002428
B2117584748774N12002919WA0233902427
B2117594748771N12002925WA0233802427
B2118004748769N12002932WA0233902427
B2118014748768N12002941WA0234002428
B2118024748768N12002950WA0234002428
B2118034748768N12002960WA0234102430
B2118044748768N12002969WA0234302431
B2118054748769N12002978WA0234402432
B2118064748772N12002989WA0234402433
B2118074748775N12003000WA0234302433
B2118084748780N12003011WA0234302432
B2118094748786N12003022WA0234402432
B2118104748792N12003032WA0234402434
B2118114748798N12003039WA0234602435
B2118124748804N12003046WA0234702436
B2118134748812N12003052WA0234702436
B2118144748820N12003057WA0234902436
B2118154748827N12003061WA0235002437
B2118164748835N12003064WA0235102439
B2118174748841N12003063WA0235102439
B2118184748847N12003061WA0235202439
B2118194748853N12003057WA0235202439
B2118204748857N12003052WA0235202439
B2118214748860N12003046WA0235302441
B2118224748862N12003041WA0235302441
B2118234748863N12003036WA0235402442
B2118244748864N12003032WA0235502442
B2118254748865N12003028WA0235402442
B2118264748865N12003023WA0235302442
B2118274748865N12003019WA0235402442
B2118284748864N12003015WA0235502443
B2118294748864N12003013WA0235502444
B2118304748863N12003011WA0235602444
B2118314748862N12003011WA0235702445
B2118324748860N12003012WA0235602445
B2118334748859N12003017WA0235402443
B2118344748857N12003024WA0235202441
B2118354748856N12003034WA0235002439
B2118364748856N12003044WA0235002439
B2118374748859N12003056WA0235102439
B2118384748863N12003067WA0235002439
B2118394748868N12003078WA0234902439
B2118404748875N12003087WA0234902438
B2118414748881N12003097WA0234902437
B2118424748888N12003106WA0234702437
B2118434748896N12003113WA0234602436
B2118444748905N12003119WA0234502435
B2118454748914N12003123WA0234502434
B2118464748923N12003124WA0234502435
B2118474748930N12003123WA0234402435
B2118484748936N12003120WA0234402435
B2118494748940N12003115WA0234102434
B2118504748943N12003109WA0234202433
B2118514748945N12003103WA0234202433
B2118524748947N12003098WA0234202434
B2118534748949N12003094WA0234302434
B2118544748951N12003090WA0234302434
B2118554748953N12003085WA0234202434
B2118564748954N12003081WA0234102432
B2118574748955N12003076WA0233802430
B2118584748955N12003071WA0233602428
B2118594748955N12003065WA0233302425
B2119004748954N12003059WA0233202423
B2119014748954N12003054WA0233102422
B2119024748953N12003049WA0233202422
B2119034748951N12003044WA0233102422
B2119044748950N12003040WA0233102421
B2119054748948N12003037WA0233102421
B2119064748946N12003033WA0233202422
B2119074748945N12003030WA0233402424
B2119084748943N12003027WA0233702426
B2119094748942N12003026WA0233902428
B2119104748942N12003024WA0234102430
B2119114748941N12003021WA0234102431
B2119124748941N12003017WA0234102431
B2119134748940N12003013WA0234102432
B2119144748939N12003010WA0234202433
B2119154748939N12003006WA0234402434
B2119164748939N12003003WA0234602436
B2119174748938N12003000WA0234702437
B2119184748937N12002998WA0234902438
B2119194748937N12002996WA0234902439
B2119204748936N12002994WA0234902439
B2119214748935N12002992WA0234902439
B2119224748934N12002991WA0234902438
B2119234748932N12002990WA0234702438
B2119244748930N12002990WA0234702437
B2119254748929N12002992WA0234602437
B2119264748927N12002995WA0234502436
B2119274748925N12002999WA0234402434
B2119284748923N12003004WA0234202432
B2119294748922N12003011WA0233902430
B2119304748922N12003020WA0233602427
B2119314748922N12003031WA0233402425
B2119324748924N12003041WA0233302423
B2119334748928N12003051WA0233402423
B2119344748933N12003060WA0233402422
B2119354748939N12003067WA0233402421
B2119364748947N12003073WA0233302420
B2119374748955N12003078WA0233202419
B2119384748963N12003080WA0233202419
B2119394748972N12003082WA0233302420
B2119404748980N12003083WA0233302421
B2119414748987N12003082WA0233502422
B2119424748993N12003079WA0233402422
B2119434748999N12003076WA0233402422
B2119444749004N12003072WA0233402422
B2119454749009N12003067WA0233402422
B2119464749012N12003061WA0233302421
B2119474749016N12003056WA0233302421
B2119484749021N12003051WA0233402421
B2119494749025N12003046WA0233302421
B2119504749029N12003041WA0233202420
B2119514749033N12003035WA0233002418
B2119524749036N12003030WA0233002417
B2119534749037N12003024WA0232902417
B2119544749038N12003019WA0232902417
B2119554749039N12003014WA0233002417
B2119564749039N12003008WA0232902416
B2119574749039N12003003WA0233002416
B2119584749040N12002997WA0233002416
B2119594749042N12002991WA0233002417
B2120004749044N12002984WA0232902417
B2120014749046N12002977WA0233102417
B2120024749049N12002970WA0233202419
B2120034749051N12002963WA0233302420
B2120044749053N12002956WA0233502422
B2120054749055N12002950WA0233702423
B2120064749056N12002943WA0233802425
B2120074749057N12002936WA0233802426
B2120084749058N12002929WA0233902427
B2120094749057N12002924WA0234002428
B2120104749055N12002921WA0234102428
B2120114749052N12002922WA0234002427
B2120124749048N12002926WA0233902425
B2120134749046N12002934WA0233902425
B2120144749045N12002944WA0234002426
B2120154749048N12002954WA0234002428
B2120164749053N12002964WA0234102428
B2120174749059N12002972WA0234202429
B2120184749065N12002979WA0234302431
B2120194749072N12002985WA0234402432
B2120204749078N12002989WA0234502433
B2120214749085N12002991WA0234402433
B2120224749093N12002990WA0234302430
B2120234749101N12002987WA0234102429
B2120244749108N12002983WA0234202429
B2120254749113N12002978WA0234202430
B2120264749118N12002974WA0234302431
B2120274749120N12002968WA0234202431
B2120284749121N12002962WA0234202429
B2120294749120N12002958WA0233902427
B2120304749118N12002953WA0233702425
B2120314749115N12002948WA0233702424
B2120324749114N12002943WA0233702424
B2120334749113N12002939WA0233702424
B2120344749111N12002935WA0233602423
B2120354749109N12002934WA0233402422
B2120364749106N12002932WA0233402421
B2120374749104N12002930WA0233302420
B2120384749101N12002927WA0233102418
B2120394749098N12002924WA0233002417
B2120404749095N12002921WA0232802415
B2120414749091N12002917WA0232502413
B2120424749088N12002914WA0232502412
B2120434749085N12002912WA0232202411
B2120444749082N12002909WA0232202410
B2120454749080N12002905WA0231902408
B2120464749078N12002901WA0231702405
B2120474749075N12002896WA0231302402
B2120484749072N12002892WA0231102399
B2120494749069N12002888WA0231002397
B2120504749066N12002884WA0230902397
B2120514749064N12002881WA0230902396
B2120524749062N12002877WA0230902395
B2120534749060N12002874WA0230702395
B2120544749058N12002870WA0230502393
B2120554749055N12002868WA0230102390
B2120564749052N12002865WA0230002388
B2120574749048N12002862WA0229602385
B2120584749043N12002860WA0229302381
B2120594749038N12002858WA0228902378
B2121004749032N12002859WA0229002377
B2121014749027N12002862WA0229202378
B2121024749024N12002864WA0229402380
B2121034749020N12002866WA0229602382
B2121044749016N12002867WA0229402381
B2121054749012N12002868WA0229002379
B2121064749006N12002870WA0228802376
B2121074749001N12002871WA0228702374
B2121084748995N12002871WA0228702373
B2121094748990N12002871WA0228602373
B2121104748985N12002872WA0228702374
B2121114748981N12002873WA0228902375
B2121124748978N12002874WA0229002376
B2121134748975N12002876WA0228902377
B2121144748971N12002877WA0228902375
B2121154748967N12002878WA0228802374
B2121164748962N12002881WA0228802374
B2121174748958N12002883WA0228902375
B2121184748955N12002883WA0229002377
B2121194748953N12002883WA0229202378
B2121204748951N12002883WA0229302379
B2121214748950N12002884WA0229102378
B2121224748948N12002887WA0228902377
B2121234748945N12002890WA0228402373
B2121244748941N12002893WA0228302370
B2121254748938N12002897WA0228102368
B2121264748935N12002901WA0227902367
B2121274748933N12002906WA0228102367
B2121284748930N12002911WA0227902366
B2121294748927N12002917WA0227702365
B2121304748923N12002921WA0227602363
B2121314748919N12002925WA0227302362
B2121324748915N12002929WA0227102360
B2121334748912N12002933WA0227002358
B2121344748908N12002937WA0226702355
B2121354748904N12002941WA0226602353
B2121364748901N12002946WA0226402351
B2121374748897N12002949WA0226202349
B2121384748894N12002952WA0226102348
B2121394748891N12002955WA0225802345
B2121404748887N12002958WA0225702343
B2121414748884N12002962WA0225202340
B2121424748880N12002966WA0225002338
B2121434748877N12002969WA0224702335
B2121444748874N12002973WA0224402332
B2121454748870N12002975WA0224102329
B2121464748866N12002977WA0223902327
B2121474748863N12002978WA0223602324
B2121484748860N12002979WA0223402322
B2121494748857N12002981WA0223102319
B2121504748854N12002982WA0222902316
B2121514748850N12002983WA0222502314
B2121524748847N12002984WA0222302311
B2121534748844N12002986WA0222202309
B2121544748842N12002987WA0222202308
B2121554748840N12002987WA0222202308
B2121564748840N12002985WA0222102307
B2121574748839N12002984WA0222202308
B2121584748839N12002983WA0222202308
B2121594748839N12002983WA0222002307
B2122004748838N12002984WA0222002306
B2122014748836N12002984WA0221702304
B2122024748834N12002984WA0221602302
B2122034748832N12002985WA0221402301
B2122044748831N12002985WA0221502301
B2122054748830N12002984WA0221502301
B2122064748829N12002985WA0221402300
B2122074748828N12002985WA0221202299
B2122084748826N12002986WA0220902297
B2122094748824N12002986WA0220702294
B2122104748821N12002985WA0220602292
B2122114748819N12002986WA0220702292
B2122124748817N12002986WA0220802293
B2122134748815N12002986WA0220902293
B2122144748813N12002986WA0220802294
B2122154748810N12002987WA0220902294
B2122164748808N12002989WA0220902294
B2122174748806N12002991WA0221002295
B2122184748804N12002993WA0221002295
B2122194748803N12002995WA0221002296
B2122204748801N12002996WA0220902295
B2122214748800N12002997WA0220702294
B2122224748798N12002998WA0220502291
B2122234748796N12003000WA0220202289
B2122244748794N12003000WA0220002286
B2122254748791N12003001WA0219502284
B2122264748789N12003002WA0219502281
B2122274748786N12003003WA0219302280
B2122284748784N12003003WA0219102278
B2122294748782N12003003WA0219002277
B2122304748779N12003003WA0218802275
B2122314748777N12003002WA0218702273
B2122324748775N12003001WA0218602272
B2122334748773N12003000WA0218402270
B2122344748771N12002998WA0218202269
B2122354748769N12002997WA0218102267
B2122364748767N12002995WA0218002265
B2122374748764N12002993WA0217902264
B2122384748762N12002991WA0217802263
B2122394748760N12002989WA0217802263
B2122404748758N12002988WA0217902264
B2122414748755N12002987WA0217902264
B2122424748753N12002987WA0217902264
B2122434748750N12002986WA0217702263
B2122444748746N12002985WA0217502261
B2122454748744N12002982WA0217402260
B2122464748742N12002977WA0217402259
B2122474748742N12002971WA0217302259
B2122484748742N12002965WA0217202259
B2122494748741N12002960WA0217302259
B2122504748741N12002956WA0217302258
B2122514748740N12002951WA0217202258
B2122524748740N12002946WA0217102257
B2122534748741N12002939WA0216802255
B2122544748741N12002933WA0216702253
B2122554748742N12002926WA0216402251
B2122564748742N12002920WA0216302250
B2122574748743N12002914WA0216202248
B2122584748744N12002908WA0216102247
B2122594748745N12002902WA0216002246
B2123004748746N12002896WA0215802244
B2123014748748N12002890WA0215502242
B2123024748749N12002882WA0215302240
B2123034748751N12002875WA0215102238
B2123044748753N12002868WA0215202237
B2123054748755N12002861WA0215202237
B2123064748756N12002854WA0215002235
B2123074748758N12002847WA0214702232
B2123084748759N12002838WA0214302229
B2123094748760N12002830WA0214002226
B2123104748760N12002821WA0213802224
B2123114748761N12002813WA0213702222
B2123124748762N12002805WA0213602221
B2123134748764N12002798WA0213402219
B2123144748766N12002790WA0213202217
B2123154748767N12002782WA0213002215
B2123164748769N12002775WA0212802213
B2123174748770N12002768WA0212702211
B2123184748771N12002761WA0212502210
B2123194748773N12002753WA0212302208
B2123204748775N12002746WA0212102206
B2123214748777N12002738WA0211802204
B2123224748779N12002731WA0211602201
B2123234748780N12002723WA0211402199
B2123244748782N12002715WA0211202197
B2123254748784N12002707WA0211002195
B2123264748787N12002699WA0210802192
B2123274748789N12002690WA0210402189
B2123284748791N12002681WA0210202185
B2123294748793N12002672WA0209902183
B2123304748795N12002663WA0209902182
B2123314748797N12002655WA0209802181
B2123324748799N12002647WA0209802181
B2123334748802N12002639WA0209602179
B2123344748804N12002631WA0209502177
B2123354748807N12002623WA0209202174
B2123364748809N12002614WA0208902171
B2123374748811N12002605WA0208702169
B2123384748814N12002596WA0208502167
B2123394748817N12002587WA0208302166
B2123404748819N12002579WA0208302165
B2123414748821N12002572WA0208102164
B2123424748823N12002564WA0208002162
B2123434748825N12002556WA0207702159
B2123444748828N12002547WA0207602157
B2123454748830N12002539WA0207302155
B2123464748832N12002530WA0207102153
B2123474748834N12002521WA0207002150
B2123484748835N12002513WA0206902148
B2123494748837N12002505WA0206502147
B2123504748839N12002497WA0206302145
B2123514748841N12002488WA0206002143
B2123524748842N12002480WA0205902140
B2123534748845N12002471WA0205702138
B2123544748847N12002462WA0205402136
B2123554748849N12002453WA0205202134
B2123564748850N12002445WA0205202133
B2123574748852N12002437WA0204902131
B2123584748854N12002429WA0204902130
B2123594748856N12002421WA0204702128
B2124004748859N12002412WA0204602127
B2124014748862N12002404WA0204402125
B2124024748863N12002395WA0204202123
B2124034748864N12002386WA0203902120
B2124044748864N12002377WA0203702117
B2124054748865N12002368WA0203302115
B2124064748865N12002359WA0203202113
B2124074748866N12002349WA0202902111
B2124084748868N12002339WA0202702109
B2124094748869N12002330WA0202402106
B2124104748870N12002320WA0202302104
B2124114748872N12002309WA0201902101
B2124124748874N12002298WA0201702098
B2124134748877N12002287WA0201402095
B2124144748879N12002277WA0201202093
B2124154748881N12002266WA0201002091
B2124164748883N12002255WA0201002089
B2124174748886N12002245WA0200902088
B2124184748888N12002235WA0200802086
B2124194748890N12002224WA0200702085
B2124204748892N12002215WA0200602084
B2124214748894N12002205WA0200502084
B2124224748895N12002196WA0200402083
B2124234748897N12002187WA0200302082
B2124244748898N12002178WA0200202081
B2124254748899N12002168WA0200002079
B2124264748900N12002159WA0199802077
B2124274748901N12002149WA0199502074
B2124284748902N12002139WA0199302071
B2124294748903N12002128WA0198902069
B2124304748904N12002118WA0198702067
B2124314748905N12002108WA0198602065
B2124324748906N12002098WA0198502063
B2124334748907N12002089WA0198302061
B2124344748908N12002080WA0198202060
B2124354748909N12002071WA0198102059
B2124364748910N12002063WA0198002058
B2124374748911N12002055WA0198002057
B2124384748912N12002047WA0198002058
B2124394748913N12002040WA0198002058
B2124404748915N12002033WA0198002058
B2124414748916N12002026WA0197902056
B2124424748916N12002018WA0197702055
B2124434748916N12002010WA0197702054
B2124444748916N12002002WA0197802055
B2124454748917N12001996WA0198102058
B2124464748917N12001990WA0198202060
B2124474748917N12001985WA0198302061
B2124484748917N12001979WA0198302062
B2124494748917N12001972WA0198302061
B2124504748916N12001966WA0198302061
B2124514748915N12001960WA0198302062
B2124524748915N12001954WA0198402062
B2124534748915N12001949WA0198402063
B2124544748915N12001944WA0198402064
B2124554748915N12001938WA0198302063
B2124564748915N12001932WA0198102061
B2124574748914N12001925WA0197802059
B2124584748914N12001918WA0197602056
B2124594748914N12001911WA0197302054
B2125004748913N12001903WA0197202052
B2125014748912N12001896WA0196902049
B2125024748911N12001889WA0196802047
B2125034748909N12001881WA0196702045
B2125044748907N12001874WA0196502043
B2125054748904N12001867WA0196302041
B2125064748901N12001858WA0196202040
B2125074748899N12001849WA0196102039
B2125084748897N12001840WA0196102039
B2125094748895N12001832WA0196202039
B2125104748894N12001825WA0196302040
B2125114748892N12001818WA0196302040
B2125124748890N12001812WA0196202040
B2125134748889N12001804WA0196102039
B2125144748889N12001796WA0196002037
B2125154748888N12001787WA0195702035
B2125164748886N12001779WA0195502033
B2125174748885N12001769WA0195102031
B2125184748885N12001760WA0195002029
B2125194748884N12001750WA0194802027
B2125204748884N12001741WA0194602026
B2125214748884N12001731WA0194502024
B2125224748884N12001721WA0194302022
B2125234748883N12001712WA0194202021
B2125244748882N12001703WA0194002019
B2125254748881N12001694WA0193902017
B2125264748880N12001685WA0193702015
B2125274748879N12001676WA0193602013
B2125284748878N12001667WA0193502011
B2125294748877N12001657WA0193202010
B2125304748876N12001647WA0193102008
B2125314748874N12001638WA0192902007
B2125324748872N12001629WA0192802006
B2125334748871N12001620WA0192702004
B2125344748869N12001610WA0192502002
B2125354748867N12001601WA0192302000
B2125364748865N12001592WA0192201999
B2125374748862N12001583WA0192101997
B2125384748860N12001575WA0192001996
B2125394748857N12001567WA0191801995
B2125404748854N12001559WA0191701994
B2125414748852N12001550WA0191501993
B2125424748850N12001542WA0191501992
B2125434748847N12001533WA0191401991
B2125444748845N12001526WA0191201990
B2125454748842N12001518WA0191001988
B2125464748838N12001511WA0190801986
B2125474748835N12001503WA0190601984
B2125484748832N12001495WA0190401982
B2125494748830N12001486WA0190201980
B2125504748826N12001478WA0190001978
B2125514748823N12001470WA0189901977
B2125524748819N12001463WA0189801976
B2125534748816N12001455WA0189701975
B2125544748813N12001448WA0189601974
B2125554748810N12001440WA0189601973
B2125564748808N12001433WA0189601972
B2125574748804N12001427WA0189301971
B2125584748801N12001422WA0189201970
B2125594748797N12001417WA0189101969
B2126004748793N12001411WA0188901968
B2126014748790N12001405WA0188801966
B2126024748786N12001400WA0188601964
B2126034748782N12001394WA0188401963
B2126044748778N12001388WA0188401962
B2126054748774N12001382WA0188201960
B2126064748770N12001374WA0188001958
B2126074748767N12001367WA0187901957
B2126084748764N12001361WA0187901957
B2126094748761N12001355WA0187901957
B2126104748757N12001350WA0187901956
B2126114748754N12001343WA0187801955
B2126124748751N12001337WA0187701953
B2126134748747N12001330WA0187601952
B2126144748744N12001323WA0187501952
B2126154748741N12001318WA0187601952
B2126164748738N12001312WA0187601953
B2126174748735N12001307WA0187701953
B2126184748731N12001302WA0187701953
B2126194748728N12001296WA0187501951
B2126204748724N12001291WA0187401951
B2126214748720N12001285WA0187201950
B2126224748717N12001280WA0187201949
B2126234748713N12001275WA0187101948
B2126244748709N12001269WA0187001947
B2126254748706N12001263WA0186801946
B2126264748702N12001257WA0186601944
B2126274748699N12001250WA0186501942
B2126284748695N12001244WA0186501941
B2126294748691N12001238WA0186401940
B2126304748687N12001233WA0186401940
B2126314748683N12001228WA0186501940
B2126324748679N12001224WA0186501940
B2126334748676N12001220WA0186501941
B2126344748673N12001218WA0186601943
B2126354748670N12001216WA0186601943
B2126364748667N12001214WA0186501942
B2126374748663N12001212WA0186301941
B2126384748659N12001211WA0186101939
B2126394748655N12001209WA0185901937
B2126404748650N12001208WA0186101937
B2126414748646N12001208WA0186001937
B2126424748643N12001208WA0186101938
B2126434748640N12001208WA0186101938
B2126444748636N12001207WA0186001937
B2126454748632N12001206WA0185801935
B2126464748628N12001206WA0185801934
B2126474748623N12001206WA0185701934
B2126484748619N12001205WA0185701934
B2126494748615N12001204WA0185701934
B2126504748611N12001203WA0185601933
B2126514748607N12001203WA0185501932
B2126524748602N12001203WA0185401932
B2126534748598N12001203WA0185501931
B2126544748594N12001202WA0185501931
B2126554748591N12001202WA0185401931
B2126564748587N12001202WA0185401931
B2126574748583N12001202WA0185201929
B2126584748578N12001203WA0185101928
B2126594748574N12001203WA0185001927
B2127004748569N12001204WA0184901926
B2127014748565N12001204WA0184801926
B2127024748562N12001203WA0184901926
B2127034748558N12001202WA0184801925
B2127044748554N12001201WA0184701924
B2127054748550N12001200WA0184501923
B2127064748546N12001198WA0184501921
B2127074748542N12001195WA0184301920
B2127084748539N12001192WA0184301918
B2127094748535N12001190WA0184201917
B2127104748532N12001188WA0184101916
B2127114748528N12001186WA0184001916
B2127124748525N12001185WA0183901914
B2127134748521N12001182WA0183701913
B2127144748517N12001180WA0183601911
B2127154748512N12001178WA0183501910
B2127164748508N12001177WA0183501910
B2127174748505N12001176WA0183501910
B2127184748501N12001175WA0183501910
B2127194748498N12001173WA0183401909
B2127204748494N12001172WA0183301908
B2127214748490N12001170WA0183101907
B2127224748486N12001168WA0183001906
B2127234748482N12001166WA0183001905
B2127244748478N12001164WA0183101905
B2127254748475N12001162WA0183101906
B2127264748473N12001160WA0183101906
B2127274748470N12001159WA0183001906
B2127284748467N12001158WA0182901904
B2127294748463N12001157WA0182601903
B2127304748459N12001155WA0182401901
B2127314748456N12001154WA0182301899
B2127324748452N12001153WA0182201898
B2127334748449N12001151WA0181901896
B2127344748445N12001150WA0181801894
B2127354748441N12001149WA0181601892
B2127364748437N12001148WA0181601891
B2127374748433N12001148WA0181501890
B2127384748430N12001149WA0181501890
B2127394748426N12001150WA0181301889
B2127404748421N12001151WA0181201887
B2127414748417N12001153WA0181101886
B2127424748413N12001155WA0181101886
B2127434748409N12001157WA0181101885
B2127444748405N12001159WA0181101885
B2127454748402N12001161WA0180901884
B2127464748398N12001162WA0180801883
B2127474748393N12001164WA0180401881
B2127484748389N12001165WA0180601879
B2127494748385N12001166WA0180601878
B2127504748381N12001167WA0180601878
B2127514748379N12001167WA0180601879
B2127524748376N12001167WA0180501879
B2127534748374N12001167WA0180201876
B2127544748370N12001168WA0179901873
B2127554748366N12001169WA0179401869
B2127564748362N12001172WA0179201867
B2127574748358N12001175WA0179101866
B2127584748355N12001177WA0179101865
B2127594748352N12001179WA0179001864
B2128004748349N12001182WA0178801862
B2128014748345N12001184WA0178501859
B2128024748341N12001188WA0178401856
B2128034748337N12001191WA0178101854
B2128044748333N12001194WA0178001852
B2128054748330N12001196WA0177801851
B2128064748327N12001198WA0177701849
B2128074748324N12001201WA0177401847
B2128084748320N12001204WA0177201844
B2128094748316N12001206WA0176701841
B2128104748312N12001207WA0176501839
B2128114748308N12001205WA0176301837
B2128124748305N12001203WA0176201835
B2128134748302N12001200WA0176101834
B2128144748300N12001197WA0176001833
B2128154748297N12001193WA0175801831
B2128164748295N12001189WA0175601829
B2128174748294N12001184WA0175301826
B2128184748292N12001179WA0175001823
B2128194748289N12001174WA0174601819
B2128204748287N12001168WA0174401816
B2128214748285N12001163WA0174101814
B2128224748283N12001158WA0174001812
B2128234748282N12001152WA0173801810
B2128244748280N12001146WA0173601808
B2128254748278N12001141WA0173401806
B2128264748276N12001136WA0173301804
B2128274748275N12001130WA0173101802
B2128284748274N12001123WA0172901799
B2128294748273N12001116WA0172601797
B2128304748272N12001109WA0172401794
B2128314748271N12001101WA0172101792
B2128324748270N12001094WA0171901790
B2128334748271N12001088WA0171801789
B2128344748271N12001082WA0171701788
B2128354748272N12001076WA0171501786
B2128364748272N12001070WA0171201784
B2128374748271N12001063WA0170801781
B2128384748271N12001056WA0170601778
B2128394748271N12001048WA0170501776
B2128404748271N12001042WA0170501775
B2128414748272N12001035WA0170401775
B2128424748272N12001030WA0170301774
B2128434748272N12001024WA0170101772
B2128444748273N12001018WA0169901769
B2128454748273N12001010WA0169601767
B2128464748273N12001003WA0169301764
B2128474748273N12000995WA0169201763
B2128484748272N12000987WA0169101761
B2128494748272N12000978WA0168801758
B2128504748272N12000969WA0168601756
B2128514748272N12000959WA0168201753
B2128524748272N12000948WA0168101751
B2128534748273N12000939WA0168001749
B2128544748273N12000929WA0167901748
B2128554748273N12000919WA0167701746
B2128564748274N12000909WA0167601744
B2128574748275N12000898WA0167401743
B2128584748276N12000887WA0167301741
B2128594748277N12000877WA0167201741
B2129004748277N12000867WA0167201740
B2129014748278N12000857WA0167001738
B2129024748278N12000847WA0166801737
B2129034748278N12000836WA0166601735
B2129044748279N12000824WA0166501733
B2129054748280N12000813WA0166301732
B2129064748280N12000802WA0166301731
B2129074748279N12000792WA0166201731
B2129084748278N12000782WA0166101730
B2129094748278N12000772WA0166301731
B2129104748279N12000764WA0166401732
B2129114748280N12000756WA0166501733
B2129124748280N12000748WA0166501734
B2129134748280N12000740WA0166301733
B2129144748279N12000731WA0166101731
B2129154748277N12000722WA0165901729
B2129164748276N12000713WA0165901728
B2129174748276N12000705WA0165901728
B2129184748275N12000697WA0165801728
B2129194748275N12000689WA0165701727
B2129204748274N12000681WA0165501724
B2129214748273N12000671WA0165101722
B2129224748272N12000662WA0165201719
B2129234748270N12000653WA0165101718
B2129244748268N12000644WA0165101718
B2129254748267N12000635WA0165101718
B2129264748267N12000627WA0165101718
B2129274748267N12000618WA0165001718
B2129284748267N12000608WA0164801717
B2129294748266N12000599WA0164801716
B2129304748266N12000591WA0164701715
B2129314748265N12000583WA0164601715
B2129324748265N12000575WA0164601714
B2129334748265N12000567WA0164301712
B2129344748265N12000559WA0164101709
B2129354748266N12000551WA0163901707
B2129364748266N12000543WA0163701705
B2129374748266N12000534WA0163501703
B2129384748265N12000526WA0163301701
B2129394748265N12000517WA0163101699
B2129404748264N12000508WA0162901697
B2129414748264N12000498WA0162701695
B2129424748263N12000489WA0162601694
B2129434748263N12000480WA0162601693
B2129444748261N12000471WA0162501693
B2129454748260N12000463WA0162301691
B2129464748258N12000453WA0162101689
B2129474748257N12000442WA0161801687
B2129484748255N12000431WA0161601685
B2129494748254N12000420WA0161801684
B2129504748254N12000410WA0161901686
B2129514748254N12000402WA0162001688
B2129524748253N12000395WA0162201689
B2129534748253N12000390WA0162101689
B2129544748252N12000384WA0161901687
B2129554748252N12000377WA0161501685
B2129564748251N12000370WA0161301682
B2129574748251N12000362WA0161101679
B2129584748250N12000353WA0160801676
B2129594748251N12000345WA0160501673
B2130004748251N12000336WA0160301671
B2130014748251N12000327WA0160001668
B2130024748250N12000317WA0159701665
B2130034748250N12000308WA0159501663
B2130044748250N12000299WA0159501662
B2130054748249N12000291WA0159401662
B2130064748249N12000284WA0159501661
B2130074748248N12000278WA0159301661
B2130084748247N12000272WA0159301659
B2130094748246N12000265WA0159001657
B2130104748246N12000257WA0158701654
B2130114748246N12000249WA0158301651
B2130124748246N12000241WA0158101648
B2130134748245N12000233WA0157801645
B2130144748245N12000225WA0157601642
B2130154748246N12000217WA0157401640
B2130164748246N12000209WA0157201637
B2130174748246N12000201WA0156901635
B2130184748246N12000193WA0156701632
B2130194748246N12000184WA0156301628
B2130204748246N12000176WA0156101626
B2130214748246N12000167WA0155901623
B2130224748246N12000158WA0155801622
B2130234748246N12000150WA0155501620
B2130244748246N12000142WA0155301618
B2130254748246N12000134WA0155101616
B2130264748246N12000126WA0155001614
B2130274748246N12000117WA0154801612
B2130284748246N12000109WA0154801610
B2130294748247N12000101WA0154601608
B2130304748247N12000093WA0154401607
B2130314748247N12000085WA0154401606
B2130324748248N12000078WA0154201605
B2130334748248N12000070WA0153901603
B2130344748248N12000062WA0153801601
B2130354748249N12000054WA0153501598
B2130364748249N12000045WA0153401597
B2130374748250N12000037WA0153301596
B2130384748250N12000029WA0153301595
B2130394748251N12000021WA0153401595
B2130404748252N12000013WA0153301594
B2130414748252N12000004WA0153101592
B2130424748253N11959995WA0152901591
B2130434748253N11959986WA0152701589
B2130444748253N11959978WA0152501588
B2130454748254N11959971WA0152201586
B2130464748255N11959963WA0152101584
B2130474748255N11959956WA0151701581
B2130484748256N11959948WA0151501577
B2130494748257N11959940WA0151001573
B2130504748257N11959932WA0150701569
B2130514748257N11959923WA0150201565
B2130524748256N11959914WA0149901562
B2130534748256N11959905WA0149501558
B2130544748256N11959896WA0149301556
B2130554748256N11959888WA0149101553
B2130564748255N11959879WA0148901551
B2130574748255N11959871WA0148701549
B2130584748255N11959863WA0148501546
B2130594748254N11959855WA0148201544
B2131004748254N11959847WA0148001541
B2131014748253N11959840WA0147801539
B2131024748253N11959832WA0147601537
B2131034748253N11959823WA0147301534
B2131044748252N11959815WA0147101532
B2131054748250N11959807WA0146901530
B2131064748249N11959799WA0146901529
B2131074748248N11959792WA0146701528
B2131084748248N11959784WA0146601526
B2131094748247N11959775WA0146401524
B2131104748246N11959766WA0146201522
B2131114748246N11959757WA0146001520
B2131124748245N11959748WA0146201521
B2131134748245N11959740WA0146301522
B2131144748244N11959733WA0146301522
B2131154748243N11959726WA0146001521
B2131164748242N11959719WA0145801518
B2131174748240N11959711WA0145301514
B2131184748238N11959702WA0144901510
B2131194748236N11959692WA0144501506
B2131204748233N11959683WA0144201503
B2131214748231N11959675WA0144101501
B2131224748229N11959667WA0144001499
B2131234748228N11959658WA0143701496
B2131244748225N11959649WA0143501493
B2131254748222N11959640WA0143301491
B2131264748220N11959632WA0143301491
B2131274748217N11959624WA0143501491
B2131284748215N11959617WA0143601492
B2131294748213N11959610WA0143501493
B2131304748211N11959602WA0143401492
B2131314748209N11959594WA0143001489
B2131324748205N11959587WA0142801487
B2131334748201N11959581WA0142701486
B2131344748197N11959576WA0142601485
B2131354748193N11959569WA0142501484
B2131364748190N11959561WA0142401482
B2131374748188N11959553WA0142001480
B2131384748184N11959546WA0141901478
B2131394748180N11959538WA0141601476
B2131404748177N11959530WA0141501474
B2131414748175N11959522WA0141301472
B2131424748173N11959514WA0141101469
B2131434748170N11959506WA0140701466
B2131444748167N11959498WA0140401462
B2131454748162N11959490WA0139801458
B2131464748157N11959481WA0139701454
B2131474748152N11959473WA0139501452
B2131484748147N11959465WA0139401450
B2131494748142N11959457WA0139301449
B2131504748137N11959448WA0139201448
B2131514748133N11959439WA0139101446
B2131524748130N11959429WA0139001446
B2131534748127N11959418WA0138701444
B2131544748124N11959408WA0138801444
B2131554748121N11959400WA0139101446
B2131564748117N11959393WA0139201447
B2131574748115N11959386WA0139201448
B2131584748113N11959379WA0139201447
B2131594748111N11959371WA0138901446
B2132004748108N11959363WA0138701444
B2132014748104N11959356WA0138301441
B2132024748100N11959348WA0138301439
B2132034748097N11959341WA0138401439
B2132044748094N11959334WA0138301439
B2132054748091N11959327WA0138301439
B2132064748088N11959321WA0138301439
B2132074748085N11959314WA0138101438
B2132084748083N11959305WA0137901436
B2132094748082N11959296WA0137601434
B2132104748081N11959286WA0137501432
B2132114748080N11959278WA0137301430
B2132124748078N11959269WA0137201427
B2132134748076N11959261WA0136901425
B2132144748074N11959252WA0136801424
B2132154748073N11959244WA0136801423
B2132164748073N11959236WA0136701422
B2132174748071N11959228WA0136901423
B2132184748070N11959221WA0137001424
B2132194748069N11959213WA0137101425
B2132204748068N11959205WA0137001425
B2132214748068N11959196WA0137001425
B2132224748068N11959187WA0137001424
B2132234748068N11959178WA0137001424
B2132244748067N11959169WA0136901424
B2132254748066N11959160WA0136901424
B2132264748066N11959151WA0136901423
B2132274748065N11959142WA0137001423
B2132284748065N11959133WA0136901423
B2132294748064N11959124WA0136801423
B2132304748063N11959117WA0137001424
B2132314748063N11959111WA0137201426
B2132324748062N11959105WA0137301427
B2132334748062N11959098WA0137201426
B2132344748061N11959091WA0137001425
B2132354748060N11959082WA0136701424
B2132364748059N11959074WA0136801423
B2132374748058N11959067WA0136901424
B2132384748057N11959061WA0137001425
B2132394748056N11959055WA0137101425
B2132404748055N11959049WA0137101425
B2132414748054N11959042WA0136701423
B2132424748053N11959034WA0136601421
B2132434748052N11959026WA0136501420
B2132444748052N11959019WA0136401419
B2132454748051N11959011WA0136401419
B2132464748051N11959004WA0136401418
B2132474748052N11958997WA0136201417
B2132484748051N11958990WA0136201416
B2132494748051N11958982WA0135901414
B2132504748049N11958974WA0135701412
B2132514748047N11958965WA0135301410
B2132524748046N11958956WA0135301408
B2132534748045N11958947WA0135101406
B2132544748045N11958939WA0135101405
B2132554748045N11958931WA0135001404
B2132564748044N11958923WA0134801402
B2132574748045N11958915WA0134401400
B2132584748045N11958907WA0134301397
B2132594748046N11958899WA0134101395
B2133004748047N11958892WA0133801393
B2133014748046N11958884WA0133701391
B2133024748046N11958876WA0133601389
B2133034748046N11958869WA0133501387
B2133044748046N11958861WA0133201385
B2133054748046N11958853WA0132901382
B2133064748045N11958845WA0132701380
B2133074748044N11958837WA0132301377
B2133084748043N11958830WA0132101374
B2133094748043N11958822WA0132001373
B2133104748042N11958815WA0131901372
B2133114748041N11958808WA0131901370
B2133124748040N11958802WA0131601368
B2133134748039N11958795WA0131301365
B2133144748038N11958787WA0131101363
B2133154748036N11958779WA0130901361
B2133164748034N11958771WA0130901360
B2133174748032N11958764WA0130901360
B2133184748030N11958757WA0130901360
B2133194748029N11958750WA0130701359
B2133204748027N11958742WA0130601358
B2133214748025N11958735WA0130501357
B2133224748023N11958727WA0130401356
B2133234748022N11958720WA0130401356
B2133244748022N11958713WA0130401355
B2133254748021N11958706WA0130401355
B2133264748020N11958699WA0130301354
B2133274748019N11958692WA0130301353
B2133284748019N11958685WA0130301353
B2133294748019N11958678WA0130301354
B2133304748018N11958672WA0130301354
B2133314748017N11958666WA0130301354
B2133324748016N11958660WA0130201353
B2133334748015N11958653WA0130001352
B2133344748015N11958646WA0129801350
B2133354748014N11958638WA0129601348
B2133364748013N11958631WA0129601347
B2133374748012N11958624WA0129501346
B2133384748011N11958616WA0129601346
B2133394748011N11958609WA0129701347
B2133404748010N11958603WA0129701348
B2133414748009N11958597WA0130001349
B2133424748008N11958592WA0130001351
B2133434748007N11958587WA0130001351
B2133444748006N11958582WA0129801349
B2133454748004N11958575WA0129501347
B2133464748003N11958568WA0129301344
B2133474748001N11958560WA0129001342
B2133484747999N11958553WA0129001342
B2133494747998N11958547WA0129001342
B2133504747997N11958540WA0129001342
B2133514747996N11958534WA0128901341
B2133524747994N11958528WA0128701339
B2133534747993N11958521WA0128601337
B2133544747992N11958514WA0128401335
B2133554747991N11958506WA0128201333
B2133564747991N11958499WA0128101332
B2133574747991N11958492WA0127901330
B2133584747991N11958485WA0127601328
B2133594747991N11958478WA0127401326
B2134004747991N11958470WA0127301324
B2134014747991N11958462WA0127101322
B2134024747990N11958454WA0127001321
B2134034747990N11958446WA0126901319
B2134044747989N11958438WA0126801318
B2134054747988N11958431WA0126701317
B2134064747988N11958423WA0126601316
B2134074747987N11958417WA0126401315
B2134084747986N11958410WA0126301314
B2134094747985N11958403WA0126001312
B2134104747985N11958396WA0125801310
B2134114747985N11958389WA0125601308
B2134124747986N11958381WA0125501306
B2134134747985N11958373WA0125301304
B2134144747983N11958366WA0125101302
B2134154747981N11958360WA0125001300
B2134164747979N11958353WA0124801299
B2134174747978N11958347WA0124601297
B2134184747977N11958340WA0124401294
B2134194747975N11958332WA0124001292
B2134204747974N11958325WA0123901290
B2134214747973N11958317WA0123901289
B2134224747972N11958311WA0123801288
B2134234747972N11958304WA0123701287
B2134244747970N11958297WA0123301284
B2134254747967N11958290WA0122901281
B2134264747965N11958281WA0122701277
B2134274747964N11958273WA0122501275
B2134284747964N11958264WA0122501275
B2134294747964N11958257WA0122601275
B2134304747964N11958250WA0122801276
B2134314747963N11958243WA0122701276
B2134324747962N11958236WA0122801276
B2134334747960N11958229WA0122701275
B2134344747959N11958221WA0122501274
B2134354747958N11958212WA0122201272
B2134364747957N11958203WA0122201271
B2134374747956N11958194WA0122101269
B2134384747955N11958185WA0122101269
B2134394747955N11958177WA0122101269
B2134404747956N11958169WA0122201269
B2134414747957N11958162WA0122201269
B2134424747958N11958155WA0122001269
B2134434747960N11958147WA0121801267
B2134444747961N11958139WA0121701265
B2134454747962N11958131WA0121501264
B2134464747963N11958124WA0121501263
B2134474747963N11958117WA0121401263
B2134484747964N11958110WA0121401262
B2134494747964N11958102WA0121101259
B2134504747964N11958094WA0120701256
B2134514747965N11958085WA0120501253
B2134524747965N11958077WA0120601252
B2134534747965N11958070WA0120601252
B2134544747966N11958065WA0120601253
B2134554747966N11958059WA0120501252
B2134564747966N11958053WA0120301250
B2134574747966N11958046WA0119801247
B2134584747967N11958039WA0119501244
B2134594747967N11958032WA0119101240
B2135004747967N11958024WA0119001238
B2135014747967N11958016WA0118601235
B2135024747967N11958007WA0118301232
B2135034747967N11957998WA0118001229
B2135044747967N11957988WA0117801225
B2135054747968N11957979WA0117601222
B2135064747969N11957969WA0117401221
B2135074747969N11957961WA0117501220
B2135084747969N11957954WA0117501220
B2135094747969N11957948WA0117301219
B2135104747968N11957941WA0117201217
B2135114747968N11957934WA0117001215
B2135124747968N11957927WA0116701213
B2135134747969N11957921WA0116501210
B2135144747970N11957914WA0116301208
B2135154747971N11957907WA0116001206
B2135164747971N11957900WA0115901204
B2135174747970N11957892WA0115701202
B2135184747970N11957884WA0115701201
B2135194747971N11957876WA0115401200
B2135204747972N11957868WA0115201198
B2135214747972N11957859WA0114901195
B2135224747973N11957850WA0114701192
B2135234747973N11957841WA0114601189
B2135244747974N11957833WA0114201187
B2135254747975N11957825WA0114001185
B2135264747977N11957817WA0113801183
B2135274747978N11957809WA0113601181
B2135284747979N11957801WA0113301178
B2135294747980N11957793WA0112901174
B2135304747981N11957784WA0112501171
B2135314747982N11957775WA0112101167
B2135324747981N11957765WA0111901164
B2135334747981N11957756WA0111801161
B2135344747980N11957747WA0111701160
B2135354747981N11957739WA0111601160
B2135364747981N11957731WA0111601160
B2135374747981N11957722WA0111501159
B2135384747980N11957714WA0111501158
B2135394747980N11957706WA0111401157
B2135404747981N11957697WA0111301156
B2135414747982N11957690WA0111101155
B2135424747983N11957681WA0110901153
B2135434747984N11957673WA0110601150
B2135444747986N11957664WA0110301147
B2135454747988N11957655WA0109901145
B2135464747990N11957645WA0109901143
B2135474747991N11957636WA0109701141
B2135484747993N11957626WA0109701140
B2135494747995N11957617WA0109601139
B2135504747997N11957608WA0109601138
B2135514747998N11957598WA0109401138
B2135524747999N11957589WA0109401137
B2135534747999N11957580WA0109101136
B2135544747999N11957570WA0109001134
B2135554747999N11957561WA0108701132
B2135564748001N11957551WA0108501128
B2135574748003N11957542WA0108001125
B2135584748005N11957532WA0107701122
B2135594748007N11957522WA0107401119
B2136004748010N11957513WA0107401118
B2136014748012N11957506WA0107401117
B2136024748014N11957500WA0107401117
B2136034748016N11957493WA0107101115
B2136044748019N11957486WA0106701111
B2136054748022N11957479WA0106101107
B2136064748025N11957470WA0106001104
B2136074748026N11957461WA0105901102
B2136084748026N11957452WA0105801100
B2136094748026N11957443WA0105601098
B2136104748026N11957434WA0105201095
B2136114748027N11957424WA0105001091
B2136124748029N11957413WA0104701089
B2136134748031N11957402WA0104601087
B2136144748033N11957392WA0104701087
B2136154748035N11957383WA0104801088
B2136164748037N11957375WA0104901089
B2136174748038N11957368WA0104801088
B2136184748040N11957360WA0104401085
B2136194748042N11957352WA0104101082
B2136204748045N11957342WA0103501078
B2136214748048N11957333WA0103401074
B2136224748050N11957324WA0103201073
B2136234748053N11957315WA0103101071
B2136244748055N11957307WA0102901069
B2136254748057N11957300WA0102601067
B2136264748060N11957291WA0102201062
B2136274748063N11957283WA0101801058
B2136284748067N11957273WA0101201053
B2136294748071N11957263WA0100901049
B2136304748075N11957254WA0100701047
B2136314748078N11957244WA0100901048
B2136324748081N11957236WA0101301049
B2136334748083N11957228WA0101501051
B2136344748085N11957219WA0101501052
B2136354748088N11957210WA0101801053
B2136364748090N11957201WA0101901055
B2136374748092N11957192WA0102201058
B2136384748094N11957186WA0102701062
B2136394748096N11957179WA0102801064
B2136404748097N11957173WA0103001066
B2136414748100N11957165WA0103001067
B2136424748102N11957158WA0103101068
B2136434748105N11957150WA0103301070
B2136444748107N11957143WA0103601072
B2136454748109N11957136WA0103801074
B2136464748111N11957129WA0103901076
B2136474748114N11957122WA0104101078
B2136484748116N11957115WA0104301079
B2136494748119N11957108WA0104401081
B2136504748122N11957102WA0104501082
B2136514748127N11957099WA0104501082
B2136524748131N11957099WA0104501082
B2136534748135N11957104WA0104501081
B2136544748136N11957111WA0104501081
B2136554748134N11957117WA0104601081
B2136564748130N11957122WA0104601083
B2136574748124N11957124WA0104901085
B2136584748118N11957123WA0105001087
B2136594748113N11957118WA0105201089
B2137004748109N11957111WA0105501091
B2137014748106N11957101WA0105601093
B2137024748106N11957092WA0105901095
B2137034748107N11957083WA0106001097
B2137044748109N11957077WA0106201100
B2137054748110N11957070WA0106201101
B2137064748113N11957064WA0106201101
B2137074748117N11957057WA0106201101
B2137084748122N11957053WA0106401103
B2137094748126N11957052WA0106801107
B2137104748130N11957054WA0107201110
B2137114748133N11957058WA0107401112
B2137124748134N11957065WA0107401113
B2137134748135N11957073WA0107501114
B2137144748133N11957080WA0107801116
B2137154748131N11957086WA0108101119
B2137164748127N11957090WA0108301122
B2137174748122N11957092WA0108401123
B2137184748116N11957091WA0108401123
B2137194748110N11957088WA0108501124
B2137204748105N11957082WA0108601125
B2137214748102N11957074WA0108701127
B2137224748101N11957064WA0109001129
B2137234748102N11957055WA0109101131
B2137244748103N11957047WA0109401134
B2137254748106N11957040WA0109501136
B2137264748109N11957034WA0109801139
B2137274748113N11957030WA0109901141
B2137284748118N11957029WA0110201143
B2137294748122N11957031WA0110301144
B2137304748126N11957036WA0110401145
B2137314748128N11957043WA0110401146
B2137324748130N11957049WA0110601147
B2137334748130N11957056WA0110901149
B2137344748128N11957062WA0111101151
B2137354748125N11957067WA0111201152
B2137364748120N11957072WA0111201153
B2137374748115N11957075WA0111201153
B2137384748109N11957076WA0111201153
B2137394748103N11957075WA0111301155
B2137404748099N11957069WA0111501156
B2137414748095N11957061WA0111501157
B2137424748094N11957053WA0111701158
B2137434748093N11957044WA0111901160
B2137444748093N11957036WA0112101162
B2137454748095N11957030WA0112201164
B2137464748098N11957024WA0112301165
B2137474748103N11957021WA0112301164
B2137484748109N11957022WA0112401164
B2137494748113N11957026WA0112401165
B2137504748116N11957032WA0112501167
B2137514748116N11957040WA0112601168
B2137524748115N11957047WA0112801170
B2137534748112N11957054WA0112801171
B2137544748108N11957059WA0112901172
B2137554748103N11957064WA0113001172
B2137564748098N11957066WA0113101173
B2137574748091N11957066WA0113101173
B2137584748086N11957063WA0113201174
B2137594748081N11957057WA0113201175
B2138004748077N11957049WA0113401176
B2138014748075N11957041WA0113501178
B2138024748075N11957033WA0113701179
B2138034748076N11957025WA0113801181
B2138044748078N11957018WA0113801181
B2138054748082N11957013WA0113801182
B2138064748086N11957010WA0113901182
B2138074748091N11957011WA0113901183
B2138084748095N11957015WA0113901183
B2138094748098N11957023WA0113901182
B2138104748098N11957031WA0114001184
B2138114748096N11957038WA0114201186
B2138124748092N11957044WA0114301187
B2138134748087N11957048WA0114401188
B2138144748082N11957052WA0114501188
B2138154748076N11957056WA0114601190
B2138164748070N11957057WA0114801191
B2138174748064N11957057WA0115001193
B2138184748058N11957053WA0115001194
B2138194748052N11957048WA0115101195
B2138204748047N11957042WA0115301196
B2138214748043N11957036WA0115401198
B2138224748042N11957028WA0115601200
B2138234748042N11957019WA0115701200
B2138244748044N11957011WA0115601200
B2138254748048N11957004WA0115701201
B2138264748051N11957000WA0115901203
B2138274748056N11956997WA0116201206
B2138284748060N11956996WA0116401208
B2138294748064N11956996WA0116401209
B2138304748068N11956997WA0116501210
B2138314748072N11957000WA0116501210
B2138324748075N11957003WA0116501209
B2138334748079N11957008WA0116401209
B2138344748081N11957014WA0116501209
B2138354748082N11957021WA0116501209
B2138364748081N11957028WA0116501210
B2138374748079N11957035WA0116501209
B2138384748075N11957041WA0116601210
B2138394748071N11957047WA0116601211
B2138404748066N11957051WA0116701212
B2138414748061N11957055WA0116801213
B2138424748056N11957059WA0116901213
B2138434748050N11957061WA0117001214
B2138444748043N11957061WA0117201216
B2138454748037N11957060WA0117301218
B2138464748030N11957058WA0117601220
B2138474748024N11957056WA0117801222
B2138484748019N11957054WA0118001225
B2138494748013N11957049WA0118101227
B2138504748008N11957043WA0118201227
B2138514748004N11957035WA0118201228
B2138524748001N11957027WA0118501230
B2138534748000N11957018WA0118701232
B2138544748001N11957010WA0118901234
B2138554748004N11957004WA0119001234
B2138564748009N11957001WA0119001234
B2138574748013N11957002WA0119001234
B2138584748017N11957006WA0118901235
B2138594748018N11957013WA0118901234
B2139004748018N11957021WA0118801234
B2139014748016N11957029WA0118901234
B2139024748012N11957036WA0119101235
B2139034748007N11957040WA0119301237
B2139044748000N11957042WA0119301238
B2139054747993N11957042WA0119301239
B2139064747986N11957039WA0119401240
B2139074747980N11957035WA0119501241
B2139084747975N11957031WA0119901244
B2139094747970N11957026WA0120201247
B2139104747967N11957020WA0120401249
B2139114747965N11957012WA0120501250
B2139124747963N11957004WA0120701251
B2139134747962N11956995WA0120701253
B2139144747963N11956988WA0120901256
B2139154747965N11956983WA0121101258
B2139164747969N11956980WA0121101258
B2139174747973N11956978WA0121101258
B2139184747977N11956977WA0121201258
B2139194747981N11956977WA0121301260
B2139204747984N11956979WA0121501261
B2139214747987N11956983WA0121501261
B2139224747989N11956988WA0121501261
B2139234747990N11956996WA0121501261
B2139244747989N11957003WA0121501262
B2139254747986N11957011WA0121601262
B2139264747982N11957018WA0121801263
B2139274747978N11957023WA0121901265
B2139284747975N11957028WA0122201268
B2139294747971N11957031WA0122301270
B2139304747966N11957033WA0122301271
B2139314747961N11957035WA0122201270
B2139324747954N11957036WA0122201269
B2139334747948N11957035WA0122201269
B2139344747942N11957031WA0122201269
B2139354747936N11957027WA0122301270
B2139364747932N11957022WA0122601272
B2139374747928N11957017WA0122701273
B2139384747924N11957012WA0122801274
B2139394747920N11957006WA0122801274
B2139404747915N11957000WA0122801274
B2139414747910N11956993WA0122801274
B2139424747904N11956986WA0122901275
B2139434747900N11956979WA0123101277
B2139444747896N11956972WA0123401279
B2139454747893N11956965WA0123601282
B2139464747891N11956958WA0123801284
B2139474747888N11956953WA0123801285
B2139484747885N11956946WA0123801286
B2139494747882N11956939WA0123801285
B2139504747880N11956931WA0123801285
B2139514747880N11956922WA0123801286
B2139524747881N11956915WA0123801286
B2139534747882N11956907WA0123901287
B2139544747883N11956899WA0123901287
B2139554747883N11956890WA0124001288
B2139564747885N11956881WA0124101289
B2139574747888N11956874WA0124201289
B2139584747893N11956870WA0124101288
B2139594747900N11956869WA0124001287
B2140004747905N11956872WA0124001287
B2140014747909N11956878WA0124301289
B2140024747910N11956885WA0124801294
B2140034747908N11956892WA0124901296
B2140044747905N11956899WA0124901297
B2140054747900N11956904WA0125001297
B2140064747894N11956906WA0125101298
B2140074747887N11956906WA0125201299
B2140084747881N11956902WA0125301300
B2140094747875N11956896WA0125301301
B2140104747871N11956889WA0125601304
B2140114747869N11956880WA0125701305
B2140124747867N11956870WA0125701305
B2140134747867N11956860WA0125901306
B2140144747869N11956851WA0126001309
B2140154747872N11956843WA0126201310
B2140164747876N11956838WA0126201310
B2140174747881N11956834WA0126201310
B2140184747887N11956832WA0126101309
B2140194747893N11956832WA0126201309
B2140204747898N11956836WA0126201310
B2140214747902N11956842WA0126201310
B2140224747903N11956850WA0126101310
B2140234747903N11956859WA0126101310
B2140244747902N11956867WA0126401311
B2140254747900N11956875WA0126701314
B2140264747898N11956881WA0127001318
B2140274747896N11956886WA0127201320
B2140284747893N11956891WA0127401322
B2140294747888N11956894WA0127501323
B2140304747882N11956895WA0127501323
B2140314747875N11956892WA0127401322
B2140324747869N11956887WA0127401323
B2140334747865N11956878WA0127501324
B2140344747863N11956870WA0127701326
B2140354747862N11956861WA0127901328
B2140364747861N11956853WA0128101330
B2140374747862N11956845WA0128201332
B2140384747864N11956838WA0128301332
B2140394747868N11956831WA0128201330
B2140404747874N11956825WA0128001328
B2140414747880N11956822WA0127801327
B2140424747885N11956822WA0127801328
B2140434747890N11956826WA0127801327
B2140444747895N11956832WA0127601326
B2140454747898N11956839WA0127601325
B2140464747901N11956847WA0127801326
B2140474747903N11956854WA0128101328
B2140484747904N11956861WA0128401331
B2140494747903N11956867WA0128601333
B2140504747901N11956873WA0128601334
B2140514747898N11956878WA0128601335
B2140524747894N11956882WA0128701335
B2140534747889N11956883WA0128701336
B2140544747885N11956883WA0128701336
B2140554747880N11956880WA0128801337
B2140564747875N11956875WA0128901337
B2140574747871N11956869WA0128801338
B2140584747868N11956861WA0128801338
B2140594747866N11956853WA0128901338
B2141004747863N11956846WA0128801338
B2141014747860N11956838WA0128801337
B2141024747857N11956830WA0128801337
B2141034747854N11956823WA0128801338
B2141044747850N11956818WA0129001340
B2141054747846N11956813WA0129201341
B2141064747843N11956808WA0129401343
B2141074747840N11956804WA0129601345
B2141084747837N11956799WA0129601346
B2141094747835N11956793WA0129701346
B2141104747832N11956788WA0129701346
B2141114747828N11956781WA0129601345
B2141124747824N11956775WA0129601345
B2141134747819N11956769WA0129601346
B2141144747815N11956764WA0129901348
B2141154747810N11956759WA0130101351
B2141164747805N11956755WA0130301353
B2141174747801N11956751WA0130301354
B2141184747797N11956747WA0130301355
B2141194747792N11956743WA0130301355
B2141204747787N11956738WA0130301354
B2141214747782N11956734WA0130201353
B2141224747776N11956730WA0130101353
B2141234747771N11956725WA0130201354
B2141244747766N11956720WA0130301354
B2141254747762N11956715WA0130301355
B2141264747757N11956710WA0130301355
B2141274747752N11956705WA0130401355
B2141284747747N11956700WA0130401356
B2141294747741N11956696WA0130501357
B2141304747736N11956693WA0130601358
B2141314747731N11956689WA0130801360
B2141324747725N11956686WA0131001361
B2141334747720N11956683WA0131001362
B2141344747715N11956680WA0131001362
B2141354747709N11956676WA0131001362
B2141364747702N11956672WA0131001362
B2141374747696N11956668WA0131101363
B2141384747689N11956666WA0131301365
B2141394747684N11956663WA0131501367
B2141404747678N11956661WA0131501367
B2141414747672N11956657WA0131501367
B2141424747666N11956652WA0131301366
B2141434747659N11956647WA0131201365
B2141444747653N11956642WA0131201365
B2141454747646N11956637WA0131201366
B2141464747641N11956633WA0131601368
B2141474747637N11956629WA0131801371
B2141484747632N11956627WA0132001373
B2141494747627N11956625WA0132001374
B2141504747621N11956622WA0131901374
B2141514747615N11956618WA0131901372
B2141524747608N11956615WA0131801372
B2141534747600N11956612WA0131801372
B2141544747593N11956611WA0132001374
B2141554747587N11956610WA0132301377
B2141564747581N11956607WA0132501379
B2141574747576N11956605WA0132601380
B2141584747570N11956602WA0132601381
B2141594747563N11956599WA0132601380
B2142004747557N11956596WA0132501380
B2142014747550N11956591WA0132501380
B2142024747544N11956586WA0132701381
B2142034747540N11956580WA0132801382
B2142044747537N11956574WA0133001384
B2142054747535N11956567WA0133101386
B2142064747535N11956561WA0133201386
B2142074747535N11956555WA0133301387
B2142084747536N11956550WA0133501388
B2142094747538N11956546WA0133501388
B2142104747540N11956544WA0133401388
B2142114747543N11956544WA0133501388
B2142124747546N11956544WA0133401388
B2142134747549N11956545WA0133301387
B2142144747552N11956548WA0133001385
B2142154747555N11956554WA0132901383
B2142164747558N11956562WA0132601381
B2142174747560N11956571WA0132601380
B2142184747561N11956581WA0132601379
B2142194747561N11956590WA0132701378
B2142204747560N11956600WA0132801379
B2142214747556N11956610WA0132801379
B2142224747552N11956619WA0132801379
B2142234747546N11956627WA0132701379
B2142244747539N11956633WA0132901379
B2142254747531N11956635WA0132901380
B2142264747524N11956635WA0132901380
B2142274747518N11956632WA0132901381
B2142284747513N11956627WA0133001381
B2142294747508N11956622WA0133101382
B2142304747504N11956617WA0133101383
B2142314747499N11956612WA0133301384
B2142324747495N11956607WA0133401384
B2142334747491N11956601WA0133401385
B2142344747487N11956596WA0133501386
B2142354747483N11956590WA0133601386
B2142364747479N11956583WA0133601387
B2142374747475N11956577WA0133701387
B2142384747472N11956570WA0133701388
B2142394747468N11956563WA0133801389
B2142404747465N11956555WA0133801390
B2142414747462N11956548WA0133801390
B2142424747461N11956540WA0133801391
B2142434747461N11956533WA0133801391
B2142444747463N11956528WA0133701390
B2142454747467N11956524WA0133401388
B2142464747472N11956522WA0132901386
B2142474747477N11956522WA0132901383
B2142484747482N11956523WA0132801382
B2142494747486N11956525WA0132801382
B2142504747490N11956527WA0133001383
B2142514747494N11956529WA0133001383
B2142524747497N11956531WA0133001383
B2142534747500N11956534WA0133001383
B2142544747503N11956537WA0133001383
B2142554747506N11956540WA0133001383
B2142564747509N11956542WA0132801382
B2142574747512N11956545WA0132601380
B2142584747516N11956547WA0132301377
B2142594747520N11956549WA0132101375
B2143004747524N11956549WA0132001373
B2143014747529N11956549WA0131901372
B2143024747533N11956550WA0132001373
B2143034747536N11956552WA0132101374
B2143044747540N11956555WA0132301376
B2143054747543N11956559WA0132401377
B2143064747547N11956564WA0132501378
B2143074747550N11956569WA0132601378
B2143084747554N11956575WA0132801380
B2143094747557N11956581WA0132901382
B2143104747559N11956587WA0133101383
B2143114747561N11956594WA0133101384
B2143124747563N11956603WA0133301385
B2143134747562N11956613WA0133301386
B2143144747561N11956623WA0133201385
B2143154747558N11956633WA0133101384
B2143164747555N11956644WA0133001383
B2143174747552N11956654WA0132901382
B2143184747548N11956665WA0132901381
B2143194747543N11956674WA0132901381
B2143204747538N11956680WA0132901381
B2143214747531N11956684WA0132901381
B2143224747525N11956686WA0132801380
B2143234747519N11956688WA0132801380
B2143244747512N11956688WA0132901380
B2143254747506N11956687WA0132901380
B2143264747499N11956685WA0132801380
B2143274747493N11956682WA0132901381
B2143284747487N11956679WA0133101382
B2143294747482N11956675WA0133201384
B2143304747478N11956670WA0133401386
B2143314747475N11956665WA0133401386
B2143324747472N11956659WA0133301385
B2143334747469N11956653WA0133201385
B2143344747465N11956647WA0133301385
B2143354747461N11956642WA0133401386
B2143364747457N11956637WA0133501387
B2143374747453N11956633WA0133501387
B2143384747449N11956628WA0133401387
B2143394747446N11956624WA0133201386
B2143404747442N11956619WA0133001383
B2143414747437N11956613WA0132801382
B2143424747433N11956607WA0132801381
B2143434747430N11956601WA0132701381
B2143444747427N11956597WA0132901382
B2143454747424N11956592WA0132801382
B2143464747420N11956588WA0132701381
B2143474747415N11956582WA0132501379
B2143484747410N11956576WA0132401377
B2143494747405N11956570WA0132201376
B2143504747400N11956564WA0132201376
B2143514747396N11956557WA0132301377
B2143524747393N11956552WA0132401378
B2143534747389N11956546WA0132501378
B2143544747385N11956540WA0132401378
B2143554747381N11956533WA0132301377
B2143564747377N11956526WA0132301377
B2143574747374N11956519WA0132301377
B2143584747371N11956512WA0132401378
B2143594747368N11956505WA0132501379
B2144004747364N11956498WA0132601380
B2144014747359N11956492WA0132701381
B2144024747355N11956485WA0132801381
B2144034747351N11956478WA0132801382
B2144044747348N11956470WA0132901382
B2144054747345N11956462WA0132901383
B2144064747342N11956455WA0133101384
B2144074747338N11956448WA0133201386
B2144084747335N11956442WA0133501388
B2144094747332N11956437WA0133701390
B2144104747330N11956432WA0133701391
B2144114747328N11956426WA0133801391
B2144124747326N11956419WA0133801391
B2144134747324N11956412WA0133801391
B2144144747322N11956405WA0133801393
B2144154747320N11956398WA0134001395
B2144164747319N11956391WA0134201397
B2144174747318N11956385WA0134301399
B2144184747318N11956379WA0134601401
B2144194747317N11956372WA0134601402
B2144204747316N11956365WA0134701403
B2144214747316N11956358WA0134801404
B2144224747315N11956352WA0135001406
B2144234747316N11956346WA0135201407
B2144244747318N11956343WA0135201408
B2144254747322N11956343WA0135301408
B2144264747327N11956347WA0135201406
B2144274747331N11956355WA0135001405
B2144284747331N11956364WA0135101404
B2144294747328N11956373WA0135301406
B2144304747323N11956379WA0135401407
B2144314747317N11956382WA0135401408
B2144324747310N11956384WA0135501409
B2144334747305N11956384WA0135501410
B2144344747299N11956383WA0135701411
B2144354747294N11956381WA0135701412
B2144364747290N11956377WA0135701412
B2144374747287N11956371WA0135701412
B2144384747284N11956366WA0135801413
B2144394747282N11956360WA0135801414
B2144404747281N11956354WA0135901414
B2144414747280N11956347WA0135901414
B2144424747280N11956341WA0135701413
B2144434747280N11956335WA0135701413
B2144444747281N11956330WA0135701413
B2144454747280N11956324WA0135701412
B2144464747279N11956318WA0135601411
B2144474747277N11956311WA0135601410
B2144484747276N11956305WA0135501410
B2144494747276N11956299WA0135601410
B2144504747276N11956293WA0135401409
B2144514747276N11956287WA0135301408
B2144524747276N11956281WA0135201407
B2144534747278N11956275WA0135301408
B2144544747279N11956269WA0135301408
B2144554747280N11956264WA0135301408
B2144564747281N11956258WA0135301408
B2144574747283N11956252WA0135201408
B2144584747287N11956246WA0135001406
B2144594747292N11956240WA0134901404
B2145004747295N11956234WA0134801404
B2145014747296N11956227WA0134901405
B2145024747295N11956221WA0135101405
B2145034747293N11956215WA0135101405
B2145044747292N11956208WA0135201406
B2145054747291N11956202WA0135301408
B2145064747291N11956197WA0135601410
B2145074747290N11956193WA0135701411
B2145084747288N11956189WA0135701412
B2145094747283N11956186WA0135501411
B2145104747278N11956184WA0135301409
B2145114747272N11956182WA0135301409
B2145124747267N11956181WA0135601411
B2145134747262N11956180WA0135701413
B2145144747258N11956179WA0135701413
B2145154747253N11956178WA0135701412
B2145164747248N11956178WA0135401411
B2145174747243N11956179WA0135201408
B2145184747237N11956181WA0134901405
B2145194747232N11956184WA0134701404
B2145204747227N11956186WA0134601402
B2145214747222N11956188WA0134501401
B2145224747217N11956191WA0134301399
B2145234747211N11956193WA0134201397
B2145244747206N11956196WA0134201396
B2145254747200N11956198WA0134201396
B2145264747196N11956200WA0134601398
B2145274747192N11956203WA0134801401
B2145284747188N11956208WA0135001403
B2145294747184N11956214WA0135001403
B2145304747181N11956222WA0135001404
B2145314747179N11956230WA0135101404
B2145324747178N11956237WA0135301406
B2145334747177N11956244WA0135501407
B2145344747176N11956251WA0135601408
B2145354747177N11956259WA0135701409
B2145364747178N11956268WA0135701409
B2145374747180N11956277WA0135701409
B2145384747182N11956285WA0136001411
B2145394747185N11956289WA0136301414
B2145404747188N11956291WA0136701417
B2145414747191N11956290WA0136801419
B2145424747195N11956288WA0136901419
B2145434747200N11956284WA0136901419
B2145444747203N11956279WA0137101421
B2145454747206N11956274WA0137301423
B2145464747206N11956267WA0137501425
B2145474747206N11956259WA0137601427
B2145484747205N11956252WA0137701429
B2145494747202N11956246WA0137901431
B2145504747198N11956242WA0138301434
B2145514747193N11956241WA0138401436
B2145524747187N11956243WA0138601437
B2145534747182N11956247WA0138701437
B2145544747177N11956252WA0138901440
B2145554747174N11956258WA0139001442
B2145564747170N11956264WA0139301444
B2145574747168N11956272WA0139501446
B2145584747167N11956279WA0139701448
B2145594747168N11956287WA0139701450
B2146004747170N11956294WA0139801451
B2146014747172N11956300WA0139801452
B2146024747176N11956305WA0140001453
B2146034747181N11956307WA0140101454
B2146044747185N11956308WA0140301456
B2146054747189N11956308WA0140401458
B2146064747194N11956307WA0140601460
B2146074747198N11956305WA0140801462
B2146084747202N11956302WA0140901463
B2146094747205N11956299WA0140901463
B2146104747209N11956295WA0141001465
B2146114747212N11956291WA0141301467
B2146124747214N11956287WA0141601469
B2146134747214N11956283WA0141701472
B2146144747213N11956278WA0141701472
B2146154747211N11956271WA0141701472
B2146164747209N11956264WA0141601471
B2146174747207N11956256WA0141501471
B2146184747206N11956248WA0141401471
B2146194747204N11956240WA0141301471
B2146204747204N11956232WA0141401470
B2146214747203N11956224WA0141401470
B2146224747202N11956216WA0141201470
B2146234747201N11956208WA0141101469
B2146244747200N11956201WA0141001468
B2146254747198N11956194WA0140901467
B2146264747197N11956187WA0140601465
B2146274747195N11956179WA0140301461
B2146284747194N11956170WA0139801458
B2146294747193N11956161WA0139701455
B2146304747192N11956152WA0139401453
B2146314747192N11956143WA0139201451
B2146324747192N11956135WA0139001449
B2146334747191N11956126WA0138801446
B2146344747190N11956117WA0138301443
B2146354747189N11956106WA0137801438
B2146364747188N11956094WA0137501434
B2146374747186N11956081WA0137301431
B2146384747185N11956068WA0137401430
B2146394747185N11956057WA0137501430
B2146404747184N11956045WA0137201430
B2146414747183N11956034WA0137301431
B2146424747182N11956023WA0137301431
B2146434747182N11956012WA0137401432
B2146444747182N11956001WA0137401432
B2146454747182N11955990WA0137201431
B2146464747182N11955978WA0137101429
B2146474747181N11955966WA0137001428
B2146484747181N11955954WA0136901427
B2146494747181N11955942WA0136701427
B2146504747180N11955931WA0136801427
B2146514747180N11955920WA0136901427
B2146524747179N11955909WA0136801426
B2146534747178N11955898WA0136701425
B2146544747178N11955886WA0136501423
B2146554747178N11955873WA0136401422
B2146564747178N11955861WA0136401422
B2146574747178N11955850WA0136401423
B2146584747178N11955839WA0136601423
B2146594747178N11955829WA0136601424
B2147004747179N11955818WA0136601423
B2147014747180N11955807WA0136501422
B2147024747180N11955796WA0136401422
B2147034747181N11955784WA0136301421
B2147044747182N11955773WA0136301421
B2147054747183N11955761WA0136301420
B2147064747184N11955749WA0136101420
B2147074747184N11955736WA0136201419
B2147084747185N11955724WA0136001418
B2147094747184N11955711WA0136101418
B2147104747184N11955698WA0136101419
B2147114747183N11955685WA0136201420
B2147124747183N11955674WA0136201420
B2147134747183N11955663WA0136301421
B2147144747183N11955653WA0136401423
B2147154747183N11955644WA0136801425
B2147164747183N11955637WA0137101428
B2147174747183N11955629WA0137101429
B2147184747184N11955621WA0137201430
B2147194747184N11955612WA0137301430
B2147204747185N11955603WA0137101429
B2147214747186N11955593WA0137001428
B2147224747188N11955582WA0136801427
B2147234747190N11955571WA0136701427
B2147244747191N11955561WA0136701426
B2147254747192N11955551WA0136701427
B2147264747193N11955541WA0136701427
B2147274747194N11955531WA0136701426
B2147284747195N11955521WA0136401424
B2147294747196N11955510WA0136501424
B2147304747197N11955499WA0136801426
B2147314747198N11955490WA0137301430
B2147324747200N11955481WA0137901434
B2147334747203N11955474WA0138301439
B2147344747205N11955467WA0138801444
B2147354747207N11955460WA0139201449
B2147364747209N11955453WA0139701453
B2147374747210N11955446WA0140001457
B2147384747209N11955437WA0140301460
B2147394747207N11955429WA0140501463
B2147404747204N11955423WA0141301469
B2147414747201N11955421WA0141801476
B2147424747197N11955423WA0142401481
B2147434747193N11955429WA0142601483
B2147444747191N11955437WA0142901486
B2147454747190N11955445WA0143301490
B2147464747192N11955452WA0143901495
B2147474747195N11955459WA0144301499
B2147484747201N11955462WA0144901504
B2147494747206N11955462WA0145201509
B2147504747211N11955459WA0145701513
B2147514747216N11955454WA0146101517
B2147524747219N11955447WA0146601522
B2147534747221N11955439WA0147001527
B2147544747220N11955431WA0147701533
B2147554747217N11955424WA0148101539
B2147564747213N11955419WA0148801545
B2147574747208N11955417WA0149001549
B2147584747204N11955419WA0149501553
B2147594747200N11955423WA0149701556
B2148004747198N11955431WA0150101559
B2148014747198N11955439WA0150301562
B2148024747201N11955446WA0150701565
B2148034747206N11955452WA0150901568
B2148044747212N11955455WA0151401571
B2148054747218N11955455WA0151701576
B2148064747223N11955452WA0152501582
B2148074747227N11955447WA0152801587
B2148084747231N11955440WA0153401591
B2148094747233N11955431WA0153801595
B2148104747234N11955421WA0154301600
B2148114747234N11955412WA0154501605
B2148124747231N11955407WA0155201612
B2148134747228N11955404WA0155401615
B2148144747224N11955402WA0155801618
B2148154747220N11955400WA0156101622
B2148164747218N11955400WA0156601628
B2148174747216N11955403WA0156901631
B2148184747215N11955407WA0157301634
B2148194747215N11955414WA0157401636
B2148204747217N11955421WA0157601639
B2148214747219N11955428WA0158001642
B2148224747221N11955435WA0158501646
B2148234747224N11955440WA0158901651
B2148244747228N11955445WA0159301655
B2148254747233N11955450WA0159601658
B2148264747239N11955454WA0160001661
B2148274747245N11955459WA0160501667
B2148284747249N11955463WA0161301674
B2148294747253N11955465WA0161801681
B2148304747258N11955467WA0162301686
B2148314747264N11955469WA0162601688
B2148324747271N11955469WA0162901691
B2148334747277N11955466WA0163201694
B2148344747283N11955459WA0163601698
B2148354747286N11955450WA0163901701
B2148364747288N11955442WA0164501706
B2148374747289N11955436WA0164901712
B2148384747290N11955430WA0165401716
B2148394747291N11955424WA0165501719
B2148404747291N11955416WA0165701721
B2148414747291N11955406WA0165801722
B2148424747291N11955395WA0165901725
B2148434747293N11955384WA0166501730
B2148444747297N11955376WA0167401737
B2148454747302N11955371WA0167801742
B2148464747307N11955365WA0168301747
B2148474747311N11955359WA0168501750
B2148484747316N11955352WA0168701752
B2148494747320N11955343WA0168701753
B2148504747324N11955335WA0168801754
B2148514747328N11955327WA0168901757
B2148524747333N11955320WA0169201759
B2148534747337N11955314WA0169301761
B2148544747342N11955307WA0169601762
B2148554747348N11955300WA0169601764
B2148564747353N11955292WA0169801765
B2148574747358N11955283WA0170001768
B2148584747363N11955275WA0170401771
B2148594747369N11955266WA0170601774
B2149004747375N11955258WA0171001779
B2149014747380N11955251WA0171501784
B2149024747385N11955245WA0172301790
B2149034747391N11955240WA0172801797
B2149044747396N11955235WA0173501803
B2149054747401N11955231WA0173901808
B2149064747406N11955225WA0174601813
B2149074747412N11955219WA0174801818
B2149084747418N11955214WA0175301821
B2149094747424N11955208WA0175601826
B2149104747427N11955200WA0176101830
B2149114747430N11955191WA0176701835
B2149124747431N11955182WA0177401841
B2149134747429N11955176WA0178001849
B2149144747425N11955172WA0178701855
B2149154747421N11955173WA0179201861
B2149164747417N11955177WA0179901868
B2149174747415N11955183WA0180301874
B2149184747415N11955190WA0181001880
B2149194747417N11955199WA0181401884
B2149204747421N11955207WA0181901889
B2149214747426N11955215WA0182301893
B2149224747433N11955219WA0182801897
B2149234747441N11955221WA0183101901
B2149244747448N11955219WA0183601905
B2149254747455N11955215WA0183901910
B2149264747462N11955208WA0184401914
B2149274747468N11955199WA0185001920
B2149284747473N11955190WA0185801928
B2149294747475N11955182WA0186501937
B2149304747476N11955175WA0187401944
B2149314747477N11955169WA0187901951
B2149324747477N11955162WA0188501957
B2149334747476N11955154WA0189001962
B2149344747473N11955148WA0189601968
B2149354747470N11955145WA0190101974
B2149364747465N11955143WA0190701979
B2149374747461N11955145WA0191201986
B2149384747458N11955149WA0192001994
B2149394747457N11955155WA0192502000
B2149404747458N11955163WA0193102006
B2149414747461N11955172WA0193502010
B2149424747464N11955180WA0194002015
B2149434747469N11955188WA0194402020
B2149444747474N11955194WA0195102026
B2149454747480N11955199WA0195702032
B2149464747487N11955202WA0196302038
B2149474747495N11955204WA0196702043
B2149484747502N11955203WA0197502050
B2149494747509N11955200WA0198002056
B2149504747515N11955195WA0198702062
B2149514747519N11955187WA0199102067
B2149524747521N11955178WA0199702073
B2149534747522N11955168WA0200202078
B2149544747522N11955160WA0200802085
B2149554747521N11955153WA0201502093
B2149564747520N11955149WA0202302101
B2149574747519N11955146WA0202902108
B2149584747517N11955143WA0203602114
B2149594747514N11955139WA0203902119
B2150004747511N11955136WA0204502124
B2150014747507N11955135WA0204802130
B2150024747503N11955137WA0205502136
B2150034747500N11955142WA0205902141
B2150044747498N11955148WA0206602147
B2150054747496N11955155WA0207002153
B2150064747496N11955164WA0207702159
B2150074747498N11955172WA0208102164
B2150084747502N11955180WA0208902170
B2150094747507N11955186WA0209502176
B2150104747512N11955191WA0210202183
B2150114747519N11955195WA0210702189
B2150124747525N11955197WA0211302195
B2150134747531N11955197WA0211602200
B2150144747538N11955196WA0212202205
B2150154747545N11955191WA0212502209
B2150164747551N11955184WA0213002213
B2150174747555N11955175WA0213302216
B2150184747559N11955165WA0213602219
B2150194747561N11955153WA0214002223
B2150204747563N11955144WA0214702230
B2150214747562N11955137WA0215302237
B2150224747560N11955132WA0216002243
B2150234747557N11955129WA0216402248
B2150244747553N11955127WA0217102254
B2150254747549N11955128WA0217602261
B2150264747546N11955132WA0218302268
B2150274747545N11955138WA0218602273
B2150284747547N11955147WA0219002277
B2150294747552N11955156WA0219302280
B2150304747558N11955163WA0219902284
B2150314747566N11955167WA0220302288
B2150324747574N11955167WA0221002296
B2150334747581N11955163WA0221502301
B2150344747587N11955156WA0222102306
B2150354747592N11955147WA0222402311
B2150364747596N11955138WA0223002316
B2150374747599N11955128WA0223302320
B2150384747601N11955118WA0224002325
B2150394747600N11955109WA0224502331
B2150404747598N11955103WA0225102337
B2150414747595N11955100WA0225802344
B2150424747593N11955100WA0226702352
B2150434747592N11955103WA0227102359
B2150444747592N11955108WA0227602363
B2150454747591N11955114WA0227802366
B2150464747591N11955122WA0228102369
B2150474747592N11955133WA0228402372
B2150484747594N11955144WA0228902376
B2150494747599N11955152WA0229502382
B2150504747606N11955155WA0230502389
B2150514747614N11955154WA0230902394
B2150524747622N11955148WA0231402399
B2150534747629N11955140WA0231902405
B2150544747633N11955131WA0232802413
B2150554747636N11955122WA0233202419
B2150564747637N11955111WA0233702424
B2150574747635N11955101WA0234002429
B2150584747633N11955094WA0234602435
B2150594747630N11955090WA0235102441
B2151004747627N11955091WA0235802448
B2151014747624N11955096WA0236202453
B2151024747623N11955105WA0236602456
B2151034747623N11955115WA0237002461
B2151044747625N11955125WA0237602467
B2151054747631N11955133WA0238202473
B2151064747638N11955138WA0239102480
B2151074747646N11955139WA0239502487
B2151084747654N11955138WA0240202492
B2151094747662N11955134WA0240502497
B2151104747669N11955126WA0241002501
B2151114747675N11955115WA0241302505
B2151124747679N11955103WA0241602509
B2151134747681N11955092WA0241902513
B2151144747683N11955081WA0242502518
B2151154747684N11955071WA0243002523
B2151164747684N11955062WA0243502529
B2151174747682N11955054WA0243702533
B2151184747679N11955049WA0244202537
B2151194747677N11955046WA0244702543
B2151204747675N11955046WA0245202548
B2151214747673N11955048WA0245402551
B2151224747671N11955052WA0245702553
B2151234747669N11955057WA0245902555
B2151244747668N11955062WA0246002556
B2151254747668N11955069WA0246302558
B2151264747669N11955078WA0246602560
B2151274747672N11955086WA0246802563
B2151284747675N11955094WA0247202567
B2151294747680N11955102WA0247502570
B2151304747687N11955108WA0248202575
B2151314747695N11955111WA0248702580
B2151324747704N11955106WA0249002585
B2151334747711N11955097WA0249302589
B2151344747717N11955083WA0250002592
B2151354747720N11955070WA0250502601
B2151364747721N11955060WA0251402608
B2151374747722N11955051WA0251902615
B2151384747723N11955042WA0252502621
B2151394747724N11955033WA0252702624
B2151404747723N11955023WA0253102627
B2151414747722N11955015WA0253402631
B2151424747719N11955010WA0253602634
B2151434747715N11955007WA0253802637
B2151444747712N11955006WA0254202641
B2151454747708N11955007WA0254502645
B2151464747705N11955011WA0254902648
B2151474747702N11955018WA0255002650
B2151484747700N11955028WA0255302652
B2151494747701N11955037WA0255502655
B2151504747704N11955045WA0255902658
B2151514747708N11955052WA0256202661
B2151524747713N11955057WA0256402663
B2151534747719N11955061WA0256502666
B2151544747724N11955066WA0256702667
B2151554747730N11955072WA0256802669
B2151564747738N11955078WA0257002670
B2151574747746N11955081WA0257602676
B2151584747753N11955081WA0258502684
B2151594747759N11955077WA0259202691
B2152004747765N11955070WA0259702696
B2152014747770N11955061WA0259902699
B2152024747776N11955051WA0260302701
B2152034747781N11955040WA0260502705
B2152044747784N11955029WA0261002709
B2152054747784N11955019WA0261402714
B2152064747782N11955011WA0261802717
B2152074747779N11955005WA0262002720
B2152084747774N11955003WA0262302723
B2152094747770N11955004WA0262502726
B2152104747768N11955009WA0263002730
B2152114747768N11955016WA0263402734
B2152124747771N11955024WA0263702737
B2152134747776N11955031WA0263802739
B2152144747783N11955037WA0264402742
B2152154747790N11955041WA0264702747
B2152164747798N11955042WA0265402753
B2152174747805N11955040WA0266002759
B2152184747812N11955035WA0266402764
B2152194747819N11955027WA0266602767
B2152204747826N11955018WA0266902770
B2152214747831N11955007WA0267002772
B2152224747834N11954996WA0267402776
B2152234747834N11954985WA0267702780
B2152244747835N11954976WA0268302783
B2152254747835N11954969WA0268602788
B2152264747834N11954961WA0268802790
B2152274747833N11954953WA0269002792
B2152284747832N11954945WA0269202795
B2152294747830N11954936WA0269502798
B2152304747828N11954927WA0269902801
B2152314747827N11954919WA0270102804
B2152324747826N11954910WA0270402807
B2152334747826N11954900WA0270702810
B2152344747826N11954890WA0270902812
B2152354747825N11954880WA0271102815
B2152364747825N11954870WA0271402818
B2152374747826N11954861WA0271602821
B2152384747826N11954852WA0271902823
B2152394747826N11954843WA0271902824
B2152404747825N11954834WA0271902824
B2152414747823N11954823WA0271602823
B2152424747821N11954813WA0271602822
B2152434747820N11954803WA0271502823
B2152444747820N11954794WA0271502823
B2152454747820N11954785WA0271502822
B2152464747820N11954777WA0271402822
B2152474747820N11954769WA0271302821
B2152484747818N11954761WA0271202820
B2152494747817N11954753WA0271202819
B2152504747815N11954744WA0271102818
B2152514747815N11954734WA0271102818
B2152524747814N11954725WA0270902817
B2152534747813N11954716WA0270802815
B2152544747812N11954708WA0270302813
B2152554747810N11954698WA0270002808
B2152564747808N11954688WA0269302804
B2152574747805N11954678WA0269102801
B2152584747803N11954668WA0269102801
B2152594747802N11954659WA0269302802
B2153004747804N11954651WA0269302802
B2153014747805N11954643WA0269102800
B2153024747805N11954634WA0268602797
B2153034747804N11954625WA0268302792
B2153044747804N11954614WA0267602786
B2153054747804N11954602WA0267302782
B2153064747805N11954591WA0266902779
B2153074747806N11954580WA0266602776
B2153084747807N11954570WA0266402774
B2153094747808N11954559WA0266002771
B2153104747808N11954548WA0265802768
B2153114747808N11954536WA0265402764
B2153124747807N11954523WA0265002760
B2153134747807N11954510WA0264702756
B2153144747807N11954496WA0264102752
B2153154747807N11954482WA0263802748
B2153164747807N11954468WA0263502745
B2153174747807N11954453WA0263202741
B2153184747807N11954438WA0262802738
B2153194747808N11954423WA0262602735
B2153204747809N11954409WA0262402734
B2153214747809N11954395WA0262402733
B2153224747809N11954381WA0262202732
B2153234747810N11954368WA0262102730
B2153244747810N11954354WA0261902729
B2153254747811N11954340WA0261802727
B2153264747812N11954325WA0261702725
B2153274747811N11954310WA0261302723
B2153284747811N11954296WA0261002721
B2153294747811N11954281WA0261102719
B2153304747812N11954267WA0260802717
B2153314747811N11954252WA0260402714
B2153324747810N11954238WA0260002710
B2153334747808N11954224WA0259602706
B2153344747807N11954210WA0259102702
B2153354747805N11954196WA0258902699
B2153364747805N11954183WA0258802697
B2153374747806N11954170WA0258502695
B2153384747806N11954157WA0258102692
B2153394747807N11954145WA0257902689
B2153404747809N11954132WA0258102688
B2153414747811N11954121WA0258002689
B2153424747812N11954111WA0258402691
B2153434747814N11954103WA0259002696
B2153444747816N11954097WA0259502701
B2153454747819N11954091WA0259602703
B2153464747821N11954085WA0259802705
B2153474747822N11954077WA0259802705
B2153484747823N11954069WA0259702705
B2153494747823N11954059WA0259702705
B2153504747823N11954048WA0259602704
B2153514747823N11954036WA0259502703
B2153524747823N11954024WA0259302703
B2153534747823N11954012WA0259502703
B2153544747823N11954001WA0259702705
B2153554747824N11953991WA0259802708
B2153564747824N11953982WA0260302709
B2153574747824N11953973WA0260402711
B2153584747824N11953964WA0260402711
B2153594747823N11953955WA0260202710
B2154004747821N11953946WA0260002708
B2154014747819N11953939WA0260202709
B2154024747818N11953934WA0260502711
B2154034747817N11953930WA0260602713
B2154044747816N11953927WA0260602713
B2154054747815N11953923WA0260602712
B2154064747814N11953918WA0260202711
B2154074747811N11953912WA0260002708
B2154084747809N11953906WA0259902707
B2154094747806N11953901WA0260002708
B2154104747804N11953895WA0260302710
B2154114747803N11953890WA0260502712
B2154124747802N11953885WA0260802714
B2154134747801N11953881WA0260902716
B2154144747800N11953875WA0260902717
B2154154747798N11953870WA0260902716
B2154164747796N11953863WA0260802716
B2154174747794N11953857WA0260902716
B2154184747792N11953850WA0261002717
B2154194747789N11953844WA0261102719
B2154204747788N11953839WA0261302720
B2154214747786N11953834WA0261402722
B2154224747784N11953828WA0261702723
B2154234747782N11953823WA0261702724
B2154244747780N11953818WA0261702724
B2154254747778N11953813WA0261602724
B2154264747776N11953808WA0261702724
B2154274747774N11953801WA0261702725
B2154284747772N11953794WA0261802725
B2154294747771N11953787WA0261902726
B2154304747769N11953781WA0262002727
B2154314747768N11953775WA0262102729
B2154324747768N11953768WA0262202730
B2154334747769N11953761WA0262302730
B2154344747769N11953753WA0262302730
B2154354747770N11953745WA0262302729
B2154364747771N11953737WA0262202730
B2154374747771N11953729WA0262302730
B2154384747771N11953721WA0262302731
B2154394747772N11953712WA0262502731
B2154404747772N11953704WA0262502732
B2154414747773N11953695WA0262602733
B2154424747773N11953687WA0262802735
B2154434747774N11953680WA0263002736
B2154444747774N11953672WA0263202738
B2154454747775N11953664WA0263202739
B2154464747775N11953656WA0263302740
B2154474747776N11953648WA0263402740
B2154484747777N11953639WA0263502741
B2154494747777N11953631WA0263502742
B2154504747776N11953622WA0263602743
B2154514747777N11953613WA0263502743
B2154524747778N11953604WA0263702744
B2154534747780N11953595WA0263802744
B2154544747783N11953586WA0263902745
B2154554747785N11953578WA0263802746
B2154564747787N11953570WA0264002748
B2154574747789N11953563WA0264102748
B2154584747791N11953555WA0264102748
B2154594747793N11953547WA0264002748
B2155004747796N11953538WA0264002747
B2155014747799N11953528WA0263902747
B2155024747801N11953519WA0263902747
B2155034747804N11953509WA0264002747
B2155044747807N11953499WA0264102748
B2155054747810N11953490WA0264102749
B2155064747813N11953480WA0264302749
B2155074747817N11953471WA0264302750
B2155084747821N11953461WA0264402750
B2155094747824N11953452WA0264502751
B2155104747827N11953442WA0264502752
B2155114747830N11953433WA0264602753
B2155124747833N11953423WA0264802754
B2155134747836N11953414WA0264802755
B2155144747840N11953405WA0265002757
B2155154747842N11953397WA0265202759
B2155164747845N11953389WA0265702762
B2155174747846N11953382WA0265802765
B2155184747848N11953377WA0266102768
B2155194747849N11953372WA0266002768
B2155204747851N11953366WA0265902767
B2155214747853N11953358WA0265602764
B2155224747855N11953349WA0265302761
B2155234747857N11953339WA0265202760
B2155244747859N11953330WA0265302760
B2155254747861N11953322WA0265402761
B2155264747863N11953315WA0265602762
B2155274747865N11953307WA0265202760
B2155284747867N11953299WA0265002757
B2155294747869N11953290WA0264802755
B2155304747871N11953283WA0264502753
B2155314747873N11953277WA0264502752
B2155324747875N11953270WA0264402751
B2155334747876N11953263WA0264302749
B2155344747875N11953255WA0263802746
B2155354747875N11953246WA0263502743
B2155364747875N11953236WA0263202740
B2155374747875N11953225WA0263102738
B2155384747876N11953214WA0262602734
B2155394747876N11953202WA0262302730
B2155404747876N11953188WA0261702724
B2155414747875N11953173WA0261102719
B2155424747875N11953158WA0260802716
B2155434747876N11953145WA0260602715
B2155444747878N11953132WA0260702714
B2155454747880N11953121WA0260502713
B2155464747882N11953111WA0260402711
B2155474747882N11953100WA0260002707
B2155484747882N11953088WA0259402702
B2155494747882N11953076WA0259002697
B2155504747883N11953063WA0258502692
B2155514747884N11953050WA0258202688
B2155524747885N11953037WA0257702684
B2155534747886N11953024WA0257502681
B2155544747887N11953011WA0257202678
B2155554747889N11952999WA0257102677
B2155564747891N11952988WA0257002674
B2155574747892N11952976WA0256802672
B2155584747893N11952964WA0256402669
B2155594747895N11952952WA0256202667
B2156004747897N11952941WA0255902664
B2156014747899N11952929WA0255602662
B2156024747901N11952917WA0255402660
B2156034747903N11952906WA0255402658
B2156044747904N11952895WA0255302657
B2156054747905N11952885WA0255202656
B2156064747907N11952875WA0255102655
B2156074747908N11952864WA0255002654
B2156084747910N11952853WA0254702652
B2156094747912N11952842WA0254602649
B2156104747915N11952830WA0254402648
B2156114747918N11952819WA0254402647
B2156124747920N11952808WA0254202646
B2156134747920N11952797WA0254202646
B2156144747921N11952787WA0254102646
B2156154747921N11952776WA0254002645
B2156164747922N11952765WA0253802644
B2156174747924N11952754WA0253802642
B2156184747925N11952743WA0253502641
B2156194747926N11952732WA0253402639
B2156204747928N11952720WA0253202637
B2156214747929N11952708WA0253002634
B2156224747931N11952696WA0252602632
B2156234747932N11952684WA0252502630
B2156244747934N11952673WA0252202628
B2156254747935N11952661WA0252102626
B2156264747936N11952649WA0251902624
B2156274747938N11952637WA0251802622
B2156284747940N11952625WA0251702620
B2156294747942N11952613WA0251702619
B2156304747943N11952601WA0251302616
B2156314747944N11952589WA0250902614
B2156324747947N11952577WA0250702612
B2156334747949N11952565WA0250502610
B2156344747951N11952554WA0250202608
B2156354747952N11952543WA0250102606
B2156364747953N11952532WA0250002604
B2156374747954N11952521WA0249802601
B2156384747955N11952510WA0249302599
B2156394747956N11952499WA0249002596
B2156404747956N11952488WA0248902594
B2156414747956N11952478WA0248702591
B2156424747956N11952468WA0248402589
B2156434747957N11952459WA0248202586
B2156444747958N11952448WA0247402581
B2156454747958N11952437WA0247102576
B2156464747957N11952425WA0246602571
B2156474747957N11952413WA0246302567
B2156484747958N11952401WA0246102565
B2156494747959N11952390WA0245802562
B2156504747960N11952380WA0245602560
B2156514747960N11952369WA0245402556
B2156524747960N11952358WA0244902552
B2156534747961N11952346WA0244402546
B2156544747962N11952333WA0243702540
B2156554747963N11952320WA0243202534
B2156564747964N11952306WA0242802530
B2156574747965N11952292WA0242402526
B2156584747966N11952279WA0242302523
B2156594747967N11952266WA0242002520
B2157004747968N11952252WA0241902518
B2157014747969N11952238WA0241602516
B2157024747971N11952224WA0241502514
B2157034747972N11952211WA0241502513
B2157044747974N11952197WA0241302514
B2157054747976N11952184WA0241402513
B2157064747977N11952170WA0241402513
B2157074747978N11952157WA0241402513
B2157084747980N11952144WA0241502514
B2157094747981N11952131WA0241502515
B2157104747982N11952120WA0241702517
B2157114747982N11952109WA0241902518
B2157124747982N11952098WA0241702518
B2157134747982N11952087WA0241702517
B2157144747983N11952077WA0241702517
B2157154747983N11952067WA0241802517
B2157164747984N11952057WA0241802518
B2157174747983N11952048WA0241902518
B2157184747983N11952038WA0241802518
B2157194747983N11952028WA0241602516
B2157204747984N11952017WA0241302514
B2157214747983N11952006WA0241302514
B2157224747983N11951996WA0241402514
B2157234747981N11951986WA0241302514
B2157244747980N11951975WA0241102512
B2157254747980N11951964WA0240602509
B2157264747979N11951951WA0240302506
B2157274747977N11951940WA0240102504
B2157284747976N11951929WA0240102503
B2157294747974N11951921WA0240102503
B2157304747974N11951912WA0240002502
B2157314747975N11951904WA0239802499
B2157324747976N11951895WA0239202494
B2157334747978N11951884WA0238802489
B2157344747980N11951872WA0238102484
B2157354747982N11951860WA0237902481
B2157364747985N11951849WA0237602479
B2157374747989N11951839WA0237702478
B2157384747992N11951830WA0237702478
B2157394747996N11951822WA0237702477
B2157404747999N11951814WA0237602476
B2157414748003N11951806WA0237402475
B2157424748006N11951796WA0237002472
B2157434748008N11951785WA0236602469
B2157444748011N11951774WA0236402467
B2157454748014N11951764WA0236202465
B2157464748018N11951753WA0236102463
B2157474748022N11951743WA0236002461
B2157484748025N11951733WA0235902460
B2157494748030N11951724WA0235802458
B2157504748034N11951714WA0235702456
B2157514748039N11951703WA0235502454
B2157524748043N11951691WA0235202452
B2157534748046N11951678WA0235102450
B2157544748050N11951665WA0235002450
B2157554748053N11951652WA0235102449
B2157564748055N11951639WA0235102450
B2157574748057N11951627WA0235202450
B2157584748060N11951614WA0235402452
B2157594748062N11951603WA0235402452
B2158004748064N11951591WA0235402452
B2158014748066N11951579WA0235202451
B2158024748068N11951567WA0234902449
B2158034748070N11951554WA0234502445
B2158044748073N11951540WA0233902442
B2158054748076N11951528WA0233902439
B2158064748079N11951515WA0233602436
B2158074748081N11951503WA0233302432
B2158084748083N11951490WA0232802428
B2158094748085N11951477WA0232402424
B2158104748088N11951464WA0231902420
B2158114748092N11951451WA0231602416
B2158124748096N11951438WA0231502412
B2158134748101N11951425WA0231302409
B2158144748105N11951412WA0230602407
B2158154748108N11951399WA0230602406
B2158164748111N11951386WA0230802405
B2158174748113N11951374WA0230802405
B2158184748115N11951362WA0230902406
B2158194748116N11951350WA0231002407
B2158204748117N11951338WA0231102409
B2158214748117N11951327WA0231302410
B2158224748117N11951316WA0231402412
B2158234748117N11951306WA0231602414
B2158244748117N11951296WA0231902416
B2158254748116N11951286WA0232002418
B2158264748116N11951277WA0232302420
B2158274748117N11951267WA0232502423
B2158284748116N11951258WA0232902426
B2158294748116N11951249WA0233102428
B2158304748115N11951239WA0233402430
B2158314748114N11951229WA0233502432
B2158324748114N11951219WA0233702434
B2158334748114N11951208WA0233802436
B2158344748113N11951198WA0234002436
B2158354748113N11951187WA0234102437
B2158364748111N11951176WA0234302439
B2158374748109N11951165WA0234402441
B2158384748107N11951155WA0235102445
B2158394748105N11951148WA0235602452
B2158404748105N11951143WA0236402459
B2158414748105N11951137WA0236702463
B2158424748107N11951130WA0236802465
B2158434748108N11951122WA0237002467
B2158444748110N11951114WA0237102467
B2158454748111N11951105WA0237302470
B2158464748113N11951096WA0237702473
B2158474748115N11951087WA0238002478
B2158484748118N11951078WA0238402481
B2158494748120N11951068WA0238402484
B2158504748122N11951057WA0238702485
B2158514748124N11951046WA0239002487
B2158524748126N11951035WA0239102489
B2158534748128N11951024WA0239402492
B2158544748130N11951014WA0239702496
B2158554748132N11951003WA0239902498
B2158564748134N11950993WA0240102500
B2158574748137N11950982WA0240302501
B2158584748139N11950972WA0240402504
B2158594748142N11950962WA0240602506
B2159004748145N11950953WA0240902509
B2159014748147N11950944WA0241202512
B2159024748149N11950936WA0241402513
B2159034748152N11950928WA0241402514
B2159044748154N11950918WA0241402513
B2159054748157N11950907WA0241202512
B2159064748160N11950896WA0241102511
B2159074748164N11950885WA0241102511
B2159084748167N11950873WA0241202511
B2159094748169N11950862WA0241202513
B2159104748172N11950851WA0241402513
B2159114748174N11950840WA0241402514
B2159124748177N11950829WA0241502515
B2159134748180N11950817WA0241502515
B2159144748184N11950806WA0241602515
B2159154748186N11950794WA0241702516
B2159164748189N11950783WA0241702516
B2159174748192N11950770WA0241702517
B2159184748195N11950758WA0241802518
B2159194748198N11950746WA0241902518
B2159204748201N11950734WA0241902518
B2159214748204N11950721WA0241802518
B2159224748207N11950709WA0241902518
B2159234748209N11950697WA0241802518
B2159244748211N11950684WA0241902518
B2159254748214N11950672WA0241902518
B2159264748216N11950659WA0241802518
B2159274748219N11950645WA0241702517
B2159284748222N11950631WA0241602517
B2159294748226N11950616WA0241702517
B2159304748230N11950602WA0241802518
B2159314748233N11950588WA0242002519
B2159324748236N11950574WA0242202521
B2159334748239N11950560WA0242302523
B2159344748241N11950547WA0242602525
B2159354748245N11950534WA0242802528
B2159364748248N11950521WA0243302531
B2159374748251N11950509WA0243602536
B2159384748253N11950498WA0244102541
B2159394748255N11950486WA0244402545
B2159404748257N11950475WA0244802548
B2159414748259N11950463WA0245102551
B2159424748261N11950450WA0245202553
B2159434748263N11950437WA0245202554
B2159444748265N11950424WA0245302554
B2159454748266N11950410WA0245302554
B2159464748268N11950396WA0245502556
B2159474748270N11950383WA0245602557
B2159484748272N11950369WA0245702557
B2159494748274N11950355WA0245602558
B2159504748277N11950341WA0245602558
B2159514748280N11950327WA0245602558
B2159524748283N11950313WA0245602558
B2159534748286N11950299WA0245602558
B2159544748288N11950285WA0245202556
B2159554748291N11950270WA0244902552
B2159564748295N11950255WA0244602549
B2159574748300N11950242WA0244602548
B2159584748304N11950230WA0244402547
B2159594748307N11950218WA0244302546
B2200004748310N11950206WA0243802542
B2200014748314N11950193WA0243502538
B2200024748317N11950181WA0243102534
B2200034748321N11950168WA0242802530
B2200044748324N11950155WA0242302526
B2200054748325N11950141WA0241902522
B2200064748328N11950128WA0241602519
B2200074748330N11950115WA0241502516
B2200084748333N11950103WA0241102514
B2200094748336N11950091WA0240702511
B2200104748338N11950079WA0240402507
B2200114748341N11950067WA0240002502
B2200124748344N11950056WA0239402497
B2200134748348N11950043WA0239002492
B2200144748352N11950031WA0238302486
B2200154748356N11950018WA0237802480
B2200164748359N11950006WA0237202475
B2200174748363N11949993WA0237002471
B2200184748367N11949982WA0236502469
B2200194748371N11949971WA0236502467
B2200204748374N11949961WA0236302465
B2200214748378N11949951WA0236202462
B2200224748381N11949940WA0235902459
B2200234748385N11949930WA0235702455
B2200244748388N11949918WA0235102451
B2200254748391N11949906WA0234602445
B2200264748395N11949893WA0234002441
B2200274748399N11949880WA0233802437
B2200284748403N11949869WA0233302434
B2200294748409N11949858WA0233302431
B2200304748414N11949847WA0232902428
B2200314748419N11949836WA0232702425
B2200324748424N11949824WA0232102421
B2200334748430N11949813WA0231902418
B2200344748435N11949801WA0231502415
B2200354748441N11949790WA0231302411
B2200364748445N11949777WA0230902408
B2200374748450N11949765WA0230702405
B2200384748455N11949752WA0230202402
B2200394748460N11949740WA0230002399
B2200404748465N11949728WA0229702396
B2200414748471N11949718WA0229702394
B2200424748477N11949708WA0229502393
B2200434748482N11949699WA0229402392
B2200444748487N11949689WA0229102389
B2200454748492N11949678WA0228702385
B2200464748496N11949666WA0228302381
B2200474748500N11949655WA0228102376
B2200484748505N11949642WA0227602373
B2200494748509N11949630WA0227202368
B2200504748513N11949617WA0226702364
B2200514748517N11949605WA0226402359
B2200524748522N11949593WA0226002355
B2200534748527N11949581WA0225802352
B2200544748532N11949569WA0225102348
B2200554748537N11949557WA0224902343
B2200564748542N11949545WA0224502339
B2200574748546N11949532WA0224102335
B2200584748550N11949519WA0223602331
B2200594748555N11949507WA0223302328
B2201004748560N11949495WA0223202325
B2201014748565N11949483WA0223002322
B2201024748569N11949471WA0222402319
B2201034748572N11949459WA0222002316
B2201044748575N11949447WA0221702313
B2201054748579N11949436WA0221402309
B2201064748583N11949426WA0221102305
B2201074748587N11949415WA0220702300
B2201084748590N11949404WA0220002294
B2201094748594N11949392WA0219402289
B2201104748598N11949381WA0218802283
B2201114748602N11949369WA0218502278
B2201124748606N11949357WA0217802273
B2201134748609N11949345WA0217402267
B2201144748613N11949333WA0216802262
B2201154748617N11949321WA0216302257
B2201164748621N11949309WA0215802252
B2201174748625N11949297WA0215502247
B2201184748629N11949284WA0214902242
B2201194748632N11949272WA0214602238
B2201204748635N11949259WA0214202234
B2201214748638N11949246WA0214002231
B2201224748641N11949234WA0213602227
B2201234748644N11949222WA0213202223
B2201244748646N11949209WA0212502218
B2201254748649N11949196WA0212102212
B2201264748652N11949182WA0211502207
B2201274748655N11949168WA0211002201
B2201284748659N11949154WA0210402196
B2201294748662N11949140WA0210002192
B2201304748666N11949127WA0209702188
B2201314748669N11949114WA0209502184
B2201324748672N11949101WA0209002181
B2201334748675N11949089WA0208702177
B2201344748678N11949076WA0208302173
B2201354748681N11949062WA0208002169
B2201364748684N11949049WA0207602165
B2201374748687N11949035WA0207302160
B2201384748690N11949021WA0206602156
B2201394748693N11949008WA0206302152
B2201404748696N11948994WA0205902148
B2201414748699N11948981WA0205802145
B2201424748702N11948968WA0205402142
B2201434748705N11948956WA0205102139
B2201444748708N11948944WA0204702136
B2201454748710N11948931WA0204402132
B2201464748713N11948919WA0203902127
B2201474748717N11948906WA0203302121
B2201484748720N11948892WA0202802116
B2201494748723N11948879WA0202302111
B2201504748726N11948865WA0201602106
B2201514748730N11948852WA0201302102
B2201524748734N11948839WA0201002099
B2201534748738N11948827WA0200802095
B2201544748742N11948814WA0200402092
B2201554748746N11948802WA0199902087
B2201564748750N11948789WA0199302082
B2201574748756N11948777WA0198902077
B2201584748761N11948764WA0198402072
B2201594748767N11948752WA0198202067
B2202004748772N11948739WA0197702063
B2202014748777N11948727WA0197502059
B2202024748783N11948716WA0197202055
B2202034748790N11948705WA0196802052
B2202044748796N11948694WA0196002048
B2202054748802N11948683WA0195602044
B2202064748808N11948671WA0195002040
B2202074748813N11948659WA0194702036
B2202084748818N11948647WA0194302032
B2202094748823N11948635WA0194002027
B2202104748828N11948622WA0193402022
B2202114748834N11948609WA0193002017
B2202124748839N11948596WA0192402012
B2202134748845N11948583WA0192002007
B2202144748851N11948571WA0191502002
B2202154748858N11948559WA0191201998
B2202164748864N11948547WA0190801995
B2202174748870N11948536WA0190701992
B2202184748875N11948525WA0190301990
B2202194748880N11948514WA0190101986
B2202204748884N11948504WA0189901984
B2202214748888N11948496WA0190001983
B2202224748892N11948489WA0189901983
B2202234748897N11948481WA0189601980
B2202244748902N11948472WA0189001974
B2202254748907N11948461WA0188501968
B2202264748913N11948449WA0187801962
B2202274748919N11948436WA0187301957
B2202284748925N11948424WA0187001953
B2202294748932N11948412WA0186801950
B2202304748939N11948402WA0186601947
B2202314748947N11948392WA0186301944
B2202324748954N11948381WA0185901941
B2202334748961N11948371WA0185601937
B2202344748968N11948360WA0185101933
B2202354748975N11948350WA0184801929
B2202364748983N11948339WA0184401925
B2202374748990N11948329WA0184101921
B2202384748997N11948318WA0183701918
B2202394749004N11948308WA0183501915
B2202404749010N11948298WA0183101912
B2202414749017N11948287WA0182801908
B2202424749024N11948276WA0182301904
B2202434749031N11948265WA0181801900
B2202444749038N11948254WA0181501896
B2202454749045N11948243WA0181401894
B2202464749051N11948233WA0181201892
B2202474749057N11948224WA0181101890
B2202484749063N11948215WA0180701887
B2202494749070N11948206WA0180301883
B2202504749077N11948196WA0179701877
B2202514749084N11948184WA0179101871
B2202524749091N11948172WA0178601866
B2202534749099N11948161WA0178401863
B2202544749107N11948151WA0178601862
B2202554749114N11948142WA0178601864
B2202564749119N11948133WA0178701864
B2202574749124N11948125WA0178701864
B2202584749130N11948116WA0178401862
B2202594749135N11948107WA0178201859
B2203004749142N11948098WA0177801856
B2203014749148N11948088WA0177401852
B2203024749155N11948078WA0177001847
B2203034749162N11948068WA0176701844
B2203044749170N11948059WA0176401841
B2203054749178N11948050WA0176101838
B2203064749186N11948041WA0175701834
B2203074749194N11948033WA0175501831
B2203084749202N11948024WA0175001828
B2203094749211N11948016WA0174901826
B2203104749218N11948008WA0174701825
B2203114749224N11948001WA0174701824
B2203124749230N11947994WA0174501823
B2203134749236N11947987WA0174401822
B2203144749243N11947981WA0174201820
B2203154749249N11947975WA0174101817
B2203164749255N11947968WA0173801814
B2203174749260N11947960WA0173601811
B2203184749267N11947953WA0173201808
B2203194749274N11947946WA0173101805
B2203204749281N11947939WA0173001804
B2203214749288N11947932WA0172801802
B2203224749294N11947925WA0172601800
B2203234749299N11947918WA0172401798
B2203244749305N11947912WA0172201796
B2203254749311N11947906WA0172001794
B2203264749317N11947900WA0171701791
B2203274749323N11947893WA0171301787
B2203284749329N11947885WA0170701782
B2203294749335N11947877WA0170501777
B2203304749341N11947868WA0170001773
B2203314749347N11947860WA0169701769
B2203324749354N11947851WA0169401766
B2203334749360N11947843WA0169301764
B2203344749366N11947835WA0168801761
B2203354749371N11947826WA0168801758
B2203364749378N11947818WA0168301755
B2203374749385N11947810WA0168001751
B2203384749392N11947803WA0167601748
B2203394749399N11947795WA0167501746
B2203404749405N11947787WA0167201744
B2203414749411N11947778WA0166901741
B2203424749417N11947771WA0166701739
B2203434749423N11947763WA0166601737
B2203444749428N11947755WA0166301734
B2203454749433N11947747WA0166101731
B2203464749439N11947738WA0165701729
B2203474749444N11947730WA0165501726
B2203484749450N11947721WA0165301723
B2203494749455N11947713WA0165101720
B2203504749461N11947705WA0164701717
B2203514749466N11947697WA0164501714
B2203524749472N11947689WA0164101710
B2203534749478N11947682WA0163701706
B2203544749484N11947675WA0163201702
B2203554749491N11947669WA0162901697
B2203564749497N11947661WA0162201692
B2203574749503N11947653WA0161701687
B2203584749509N11947645WA0161201682
B2203594749516N11947637WA0160901677
B2204004749523N11947629WA0160401673
B2204014749529N11947621WA0160201669
B2204024749535N11947613WA0159801667
B2204034749540N11947604WA0159601663
B2204044749546N11947596WA0159201660
B2204054749551N11947588WA0159001656
B2204064749557N11947581WA0158401652
B2204074749563N11947573WA0158301647
B2204084749570N11947564WA0157801642
B2204094749576N11947556WA0157501638
B2204104749582N11947547WA0157201634
B2204114749588N11947538WA0157001631
B2204124749594N11947530WA0156601628
B2204134749600N11947522WA0156401625
B2204144749607N11947514WA0155901622
B2204154749612N11947506WA0155301618
B2204164749618N11947497WA0154701613
B2204174749624N11947487WA0154501608
B2204184749629N11947477WA0154101604
B2204194749635N11947467WA0153701600
B2204204749641N11947458WA0153301597
B2204214749647N11947449WA0153101595
B2204224749652N11947439WA0152701591
B2204234749657N11947430WA0152501588
B2204244749663N11947421WA0151901583
B2204254749669N11947412WA0151301578
B2204264749676N11947403WA0150901574
B2204274749682N11947394WA0150601569
B2204284749688N11947385WA0150001565
B2204294749693N11947376WA0149801561
B2204304749698N11947367WA0149201557
B2204314749703N11947358WA0149001552
B2204324749709N11947351WA0148701548
B2204334749716N11947343WA0148401543
B2204344749722N11947335WA0147701538
B2204354749728N11947326WA0147201533
B2204364749734N11947317WA0146401528
B2204374749740N11947308WA0146401523
B2204384749746N11947300WA0145701518
B2204394749753N11947293WA0145401514
B2204404749760N11947286WA0144801509
B2204414749766N11947278WA0144501505
B2204424749773N11947271WA0143701500
B2204434749779N11947264WA0143401495
B2204444749787N11947256WA0142801489
B2204454749795N11947248WA0142201483
B2204464749803N11947239WA0141801477
B2204474749811N11947231WA0141501473
B2204484749818N11947222WA0141301470
B2204494749825N11947214WA0141101468
B2204504749833N11947207WA0140901466
B2204514749840N11947200WA0140601463
B2204524749848N11947192WA0140101459
B2204534749856N11947185WA0139801455
B2204544749865N11947177WA0139401451
B2204554749873N11947170WA0139301448
B2204564749881N11947162WA0139001446
B2204574749889N11947154WA0138901445
B2204584749897N11947147WA0138701443
B2204594749905N11947140WA0138601441
B2205004749912N11947133WA0138301439
B2205014749920N11947126WA0138001436
B2205024749928N11947118WA0137701434
B2205034749936N11947110WA0137601432
B2205044749944N11947102WA0137601431
B2205054749951N11947095WA0137401429
B2205064749959N11947087WA0137201428
B2205074749967N11947080WA0137101426
B2205084749976N11947073WA0136701423
B2205094749984N11947065WA0136601421
B2205104749993N11947058WA0136301420
B2205114750001N11947050WA0136301419
B2205124750010N11947043WA0136401419
B2205134750019N11947037WA0136401419
B2205144750027N11947030WA0136501419
B2205154750034N11947024WA0136401418
B2205164750042N11947017WA0136001417
B2205174750050N11947011WA0135901414
B2205184750059N11947005WA0135701411
B2205194750068N11946998WA0135401408
B2205204750077N11946992WA0135101405
B2205214750086N11946985WA0134801403
B2205224750095N11946979WA0134701402
B2205234750104N11946973WA0134701401
B2205244750112N11946967WA0134501400
B2205254750120N11946960WA0134501399
B2205264750128N11946954WA0134401399
B2205274750135N11946949WA0134401399
B2205284750143N11946944WA0134401399
B2205294750151N11946939WA0134301399
B2205304750159N11946933WA0134001398
B2205314750168N11946928WA0134301398
B2205324750175N11946925WA0134901403
B2205334750180N11946924WA0135401410
B2205344750185N11946922WA0135801414
B2205354750189N11946920WA0135901418
B2205364750194N11946917WA0136101419
B2205374750201N11946913WA0136001419
B2205384750207N11946909WA0136001420
B2205394750213N11946904WA0136201423
B2205404750218N11946900WA0136601425
B2205414750223N11946896WA0136701429
B2205424750227N11946892WA0136901431
B2205434750232N11946889WA0136901430
B2205444750238N11946885WA0136701430
B2205454750243N11946881WA0136701429
B2205464750249N11946876WA0136701430
B2205474750255N11946872WA0136901430
B2205484750261N11946868WA0137001431
B2205494750268N11946865WA0137101432
B2205504750274N11946860WA0137201433
B2205514750280N11946856WA0137301434
B2205524750287N11946853WA0137501436
B2205534750293N11946849WA0137601436
B2205544750299N11946846WA0137601436
B2205554750305N11946842WA0137601437
B2205564750311N11946838WA0137601437
B2205574750318N11946834WA0137601437
B2205584750324N11946831WA0137701437
B2205594750331N11946828WA0137701438
B2206004750338N11946825WA0137801438
B2206014750344N11946822WA0137801439
B2206024750351N11946818WA0137901439
B2206034750357N11946814WA0138001440
B2206044750363N11946808WA0138101442
B2206054750369N11946802WA0138301443
B2206064750374N11946795WA0138401444
B2206074750379N11946789WA0138501446
B2206084750385N11946783WA0139001449
B2206094750391N11946778WA0139201452
B2206104750397N11946773WA0139401454
B2206114750402N11946767WA0139601455
B2206124750408N11946761WA0139701457
B2206134750414N11946754WA0139801459
B2206144750419N11946747WA0139901460
B2206154750425N11946741WA0140001460
B2206164750431N11946735WA0140201462
B2206174750437N11946729WA0140301463
B2206184750442N11946722WA0140401464
B2206194750447N11946714WA0140501466
B2206204750452N11946706WA0140801467
B2206214750457N11946698WA0140901469
B2206224750462N11946691WA0141101470
B2206234750466N11946683WA0141201472
B2206244750471N11946675WA0141401474
B2206254750476N11946667WA0141501475
B2206264750481N11946658WA0141601476
B2206274750486N11946650WA0141801477
B2206284750491N11946643WA0141901479
B2206294750496N11946635WA0142001480
B2206304750502N11946628WA0142001481
B2206314750507N11946620WA0142201481
B2206324750513N11946611WA0142301482
B2206334750518N11946603WA0142401484
B2206344750522N11946595WA0142701486
B2206354750526N11946588WA0142901489
B2206364750530N11946580WA0143201491
B2206374750535N11946572WA0143301493
B2206384750539N11946564WA0143601496
B2206394750544N11946555WA0143801498
B2206404750549N11946547WA0144201502
B2206414750554N11946541WA0144501507
B2206424750560N11946539WA0145001511
B2206434750567N11946540WA0145301513
B2206444750573N11946545WA0145501514
B2206454750576N11946552WA0145601516
B2206464750578N11946560WA0145801518
B2206474750578N11946568WA0146001520
B2206484750577N11946575WA0146401522
B2206494750575N11946580WA0146601525
B2206504750572N11946581WA0147001528
B2206514750569N11946580WA0147101531
B2206524750567N11946576WA0147501533
B2206534750565N11946570WA0147701536
B2206544750563N11946564WA0148001539
B2206554750562N11946557WA0148301542
B2206564750561N11946549WA0148901547
B2206574750559N11946541WA0149301551
B2206584750559N11946534WA0149801556
B2206594750559N11946526WA0150301562
B2207004750561N11946518WA0150601564
B2207014750565N11946511WA0150801566
B2207024750571N11946506WA0151001567
B2207034750577N11946505WA0151201569
B2207044750584N11946507WA0151501572
B2207054750589N11946514WA0151601575
B2207064750591N11946523WA0151801577
B2207074750591N11946533WA0152001579
B2207084750589N11946542WA0152201582
B2207094750585N11946548WA0152501584
B2207104750580N11946551WA0152801587
B2207114750576N11946552WA0153201592
B2207124750573N11946552WA0154001598
B2207134750570N11946550WA0154401603
B2207144750567N11946549WA0154701608
B2207154750565N11946546WA0154901611
B2207164750562N11946543WA0155201613
B2207174750558N11946540WA0155201614
B2207184750553N11946535WA0155601617
B2207194750550N11946529WA0155701620
B2207204750547N11946523WA0156401625
B2207214750547N11946515WA0156801630
B2207224750549N11946507WA0157301634
B2207234750553N11946499WA0157601638
B2207244750557N11946493WA0157901641
B2207254750563N11946489WA0158101645
B2207264750569N11946488WA0158501649
B2207274750574N11946488WA0158901652
B2207284750579N11946489WA0159301656
B2207294750583N11946491WA0159701660
B2207304750587N11946493WA0160101664
B2207314750591N11946499WA0160301666
B2207324750593N11946506WA0160401668
B2207334750592N11946515WA0160601670
B2207344750589N11946523WA0161001673
B2207354750585N11946529WA0161201677
B2207364750580N11946531WA0161701680
B2207374750576N11946533WA0161901684
B2207384750570N11946534WA0162201687
B2207394750565N11946535WA0162501690
B2207404750560N11946536WA0163001694
B2207414750555N11946535WA0163301698
B2207424750551N11946531WA0163801702
B2207434750547N11946527WA0164101706
B2207444750545N11946520WA0164501710
B2207454750545N11946513WA0164801714
B2207464750547N11946505WA0165301718
B2207474750550N11946499WA0165401721
B2207484750555N11946494WA0165801725
B2207494750561N11946493WA0166101728
B2207504750567N11946494WA0166301730
B2207514750572N11946498WA0166501732
B2207524750577N11946504WA0166801735
B2207534750580N11946511WA0167201739
B2207544750582N11946519WA0167901743
B2207554750582N11946527WA0168201748
B2207564750580N11946534WA0168601752
B2207574750576N11946541WA0168901755
B2207584750571N11946546WA0169101758
B2207594750566N11946549WA0169501761
B2208004750561N11946549WA0170101766
B2208014750557N11946547WA0170301770
B2208024750553N11946543WA0170601773
B2208034750550N11946537WA0170901776
B2208044750548N11946531WA0171301780
B2208054750547N11946524WA0171601785
B2208064750549N11946517WA0172001788
B2208074750554N11946511WA0172201791
B2208084750560N11946507WA0172601794
B2208094750566N11946506WA0172901798
B2208104750572N11946505WA0173501804
B2208114750577N11946506WA0173801809
B2208124750582N11946509WA0174301813
B2208134750586N11946514WA0174601816
B2208144750589N11946520WA0174801819
B2208154750591N11946528WA0175101821
B2208164750590N11946537WA0175401823
B2208174750587N11946545WA0175501825
B2208184750582N11946551WA0175701828
B2208194750578N11946555WA0175901831
B2208204750574N11946558WA0176501836
B2208214750569N11946558WA0176701839
B2208224750565N11946556WA0177101842
B2208234750561N11946552WA0177201844
B2208244750558N11946546WA0177501846
B2208254750556N11946539WA0177701849
B2208264750556N11946532WA0178201853
B2208274750557N11946526WA0178401857
B2208284750559N11946520WA0178901861
B2208294750562N11946515WA0179201865
B2208304750567N11946512WA0179701870
B2208314750572N11946510WA0180201875
B2208324750578N11946510WA0180601879
B2208334750584N11946513WA0180701881
B2208344750590N11946518WA0181101885
B2208354750596N11946526WA0181501889
B2208364750599N11946536WA0182201894
B2208374750600N11946546WA0182601900
B2208384750599N11946555WA0183201906
B2208394750596N11946563WA0183501910
B2208404750593N11946570WA0183801913
B2208414750590N11946576WA0184001916
B2208424750587N11946582WA0184201918
B2208434750582N11946586WA0184401920
B2208444750577N11946587WA0184601921
B2208454750572N11946586WA0184501922
B2208464750566N11946584WA0184801923
B2208474750562N11946581WA0185001925
B2208484750558N11946578WA0185301928
B2208494750555N11946574WA0185401931
B2208504750553N11946570WA0185601932
B2208514750551N11946565WA0185601933
B2208524750552N11946558WA0185801934
B2208534750553N11946550WA0185901935
B2208544750556N11946544WA0186201937
B2208554750560N11946538WA0186301939
B2208564750565N11946533WA0186701942
B2208574750570N11946529WA0187001946
B2208584750574N11946524WA0187401950
B2208594750579N11946520WA0187801954
B2209004750585N11946516WA0188501959
B2209014750591N11946514WA0189001966
B2209024750596N11946513WA0189701972
B2209034750602N11946515WA0190301979
B2209044750607N11946520WA0191001985
B2209054750612N11946526WA0191501991
B2209064750616N11946534WA0192001996
B2209074750619N11946542WA0192302002
B2209084750620N11946551WA0192902007
B2209094750621N11946560WA0193202011
B2209104750620N11946570WA0193602015
B2209114750618N11946579WA0193902019
B2209124750614N11946587WA0194302022
B2209134750611N11946595WA0194602026
B2209144750606N11946601WA0195002029
B2209154750602N11946606WA0195402033
B2209164750596N11946607WA0195602035
B2209174750591N11946606WA0195602037
B2209184750586N11946603WA0195902039
B2209194750583N11946598WA0196102041
B2209204750580N11946592WA0196502045
B2209214750579N11946586WA0196802049
B2209224750579N11946580WA0197302053
B2209234750579N11946574WA0197602056
B2209244750581N11946568WA0197902060
B2209254750584N11946561WA0198302064
B2209264750587N11946555WA0198802068
B2209274750590N11946549WA0199302073
B2209284750595N11946546WA0199902079
B2209294750600N11946543WA0200302085
B2209304750605N11946542WA0200902089
B2209314750611N11946543WA0201202094
B2209324750617N11946545WA0201802099
B2209334750623N11946549WA0202302105
B2209344750627N11946555WA0202902110
B2209354750631N11946562WA0203202115
B2209364750634N11946570WA0203802120
B2209374750635N11946580WA0204102124
B2209384750633N11946589WA0204702129
B2209394750631N11946597WA0205102134
B2209404750628N11946604WA0205702139
B2209414750625N11946609WA0206102145
B2209424750621N11946614WA0206602149
B2209434750617N11946617WA0206802153
B2209444750611N11946620WA0207002155
B2209454750605N11946621WA0207302158
B2209464750601N11946620WA0208002163
B2209474750597N11946617WA0208502169
B2209484750596N11946612WA0209202175
B2209494750595N11946607WA0209602180
B2209504750596N11946602WA0210002185
B2209514750598N11946596WA0210302189
B2209524750602N11946590WA0210702192
B2209534750608N11946585WA0210902196
B2209544750613N11946582WA0211502201
B2209554750619N11946581WA0212002207
B2209564750625N11946582WA0212502212
B2209574750631N11946585WA0213002218
B2209584750636N11946590WA0213602222
B2209594750642N11946596WA0213902227
B2210004750647N11946603WA0214502232
B2210014750649N11946610WA0215002238
B2210024750650N11946618WA0215602243
B2210034750650N11946627WA0215802247
B2210044750647N11946635WA0216102251
B2210054750644N11946643WA0216402255
B2210064750641N11946648WA0217102259
B2210074750636N11946653WA0217402264
B2210084750632N11946657WA0217802267
B2210094750626N11946660WA0218002269
B2210104750620N11946663WA0218302272
B2210114750613N11946662WA0218602275
B2210124750609N11946659WA0219302281
B2210134750606N11946655WA0219802287
B2210144750605N11946649WA0220402292
B2210154750606N11946642WA0220602297
B2210164750607N11946636WA0221002301
B2210174750608N11946630WA0221402305
B2210184750611N11946625WA0222002310
B2210194750615N11946620WA0222202314
B2210204750619N11946616WA0222802318
B2210214750624N11946613WA0223102323
B2210224750629N11946610WA0223602327
B2210234750635N11946610WA0223902331
B2210244750641N11946610WA0224402335
B2210254750648N11946611WA0224702339
B2210264750654N11946613WA0225202345
B2210274750659N11946618WA0225802350
B2210284750663N11946625WA0226402355
B2210294750666N11946633WA0226702360
B2210304750667N11946641WA0227102364
B2210314750667N11946649WA0227402368
B2210324750667N11946657WA0227902372
B2210334750666N11946664WA0228202375
B2210344750664N11946671WA0228502378
B2210354750660N11946678WA0228602380
B2210364750656N11946684WA0229002383
B2210374750652N11946690WA0229302387
B2210384750647N11946696WA0229802391
B2210394750642N11946700WA0230202396
B2210404750637N11946703WA0230902401
B2210414750631N11946704WA0231202405
B2210424750626N11946703WA0231602409
B2210434750621N11946701WA0232002415
B2210444750617N11946698WA0232702420
B2210454750614N11946694WA0233002425
B2210464750612N11946688WA0233402429
B2210474750611N11946682WA0233602432
B2210484750612N11946675WA0233902435
B2210494750614N11946669WA0234202438
B2210504750616N11946663WA0234502441
B2210514750620N11946659WA0235002446
B2210524750624N11946656WA0235402450
B2210534750629N11946655WA0235602453
B2210544750634N11946654WA0236002457
B2210554750639N11946655WA0236302460
B2210564750644N11946657WA0236702464
B2210574750649N11946660WA0237102468
B2210584750653N11946666WA0237602473
B2210594750656N11946673WA0237902477
B2211004750657N11946682WA0238302480
B2211014750657N11946692WA0238502483
B2211024750655N11946702WA0239002487
B2211034750653N11946711WA0239302491
B2211044750649N11946719WA0239602494
B2211054750643N11946726WA0240002498
B2211064750637N11946730WA0240502502
B2211074750631N11946730WA0240902507
B2211084750626N11946728WA0241402512
B2211094750621N11946725WA0241702516
B2211104750618N11946720WA0242102520
B2211114750616N11946716WA0242402524
B2211124750615N11946711WA0242802527
B2211134750616N11946705WA0242902529
B2211144750617N11946699WA0243102531
B2211154750619N11946694WA0243202533
B2211164750623N11946689WA0243402535
B2211174750627N11946686WA0243702537
B2211184750632N11946684WA0243902540
B2211194750638N11946684WA0244102542
B2211204750643N11946686WA0244402545
B2211214750649N11946689WA0244702548
B2211224750654N11946694WA0245002551
B2211234750659N11946700WA0245302554
B2211244750663N11946709WA0245602556
B2211254750665N11946718WA0245802560
B2211264750665N11946727WA0246402564
B2211274750664N11946736WA0246702567
B2211284750660N11946745WA0246902570
B2211294750655N11946752WA0247202573
B2211304750650N11946758WA0247602576
B2211314750645N11946762WA0248002581
B2211324750638N11946762WA0248402584
B2211334750632N11946761WA0248602587
B2211344750627N11946757WA0249002591
B2211354750623N11946753WA0249302594
B2211364750620N11946747WA0249802599
B2211374750619N11946742WA0250002602
B2211384750618N11946736WA0250202604
B2211394750619N11946731WA0250302606
B2211404750621N11946726WA0250402608
B2211414750625N11946722WA0250502608
B2211424750630N11946718WA0250802610
B2211434750635N11946714WA0250902612
B2211444750639N11946710WA0251302614
B2211454750642N11946706WA0251402616
B2211464750645N11946702WA0251602617
B2211474750647N11946697WA0251702620
B2211484750648N11946692WA0252002622
B2211494750649N11946687WA0252202624
B2211504750650N11946682WA0252402627
B2211514750652N11946677WA0252602629
B2211524750653N11946672WA0253002632
B2211534750654N11946667WA0253102634
B2211544750654N11946662WA0253402637
B2211554750654N11946658WA0253602639
B2211564750655N11946654WA0253702640
B2211574750656N11946650WA0253802641
B2211584750658N11946646WA0253802642
B2211594750659N11946641WA0253802642
B2212004750661N11946637WA0253902643
B2212014750664N11946634WA0254002645
B2212024750668N11946633WA0254202646
B2212034750673N11946634WA0254402647
B2212044750677N11946636WA0254502649
B2212054750682N11946638WA0254602651
B2212064750687N11946641WA0254802652
B2212074750692N11946643WA0255002654
B2212084750697N11946646WA0255202656
B2212094750702N11946648WA0255302658
B2212104750707N11946649WA0255502659
B2212114750711N11946651WA0255502660
B2212124750716N11946652WA0255602661
B2212134750721N11946652WA0255702662
B2212144750725N11946651WA0256002664
B2212154750729N11946649WA0256002665
B2212164750732N11946647WA0256102667
B2212174750736N11946645WA0256302668
B2212184750740N11946643WA0256302668
B2212194750744N11946641WA0256302669
B2212204750748N11946638WA0256302669
B2212214750752N11946634WA0256302668
B2212224750757N11946629WA0256102667
B2212234750762N11946624WA0256102667
B2212244750767N11946620WA0256202668
B2212254750772N11946616WA0256202668
B2212264750776N11946612WA0256502670
B2212274750781N11946609WA0256802673
B2212284750784N11946606WA0257102676
B2212294750788N11946604WA0257502680
B2212304750792N11946602WA0257902683
B2212314750795N11946601WA0258002685
B2212324750799N11946598WA0258202688
B2212334750802N11946594WA0258302689
B2212344750806N11946589WA0258502691
B2212354750810N11946584WA0258802693
B2212364750814N11946580WA0259102696
B2212374750818N11946576WA0259302699
B2212384750822N11946572WA0259402701
B2212394750825N11946567WA0259502702
B2212404750829N11946562WA0259602702
B2212414750834N11946556WA0259602702
B2212424750838N11946550WA0259702703
B2212434750842N11946544WA0259702704
B2212444750845N11946538WA0259802705
B2212454750850N11946532WA0259902706
B2212464750854N11946527WA0260202708
B2212474750859N11946522WA0260302709
B2212484750863N11946517WA0260402710
B2212494750868N11946511WA0260602712
B2212504750872N11946506WA0260902715
B2212514750876N11946501WA0261002717
B2212524750880N11946496WA0261202719
B2212534750884N11946490WA0261302720
B2212544750888N11946485WA0261102720
B2212554750893N11946481WA0261202720
B2212564750898N11946477WA0261402721
B2212574750903N11946475WA0261302722
B2212584750908N11946474WA0261602723
B2212594750913N11946473WA0261702724
B2213004750917N11946470WA0261602723
B2213014750922N11946467WA0261402723
B2213024750928N11946464WA0261402722
B2213034750934N11946462WA0261402722
B2213044750940N11946458WA0261302721
B2213054750947N11946454WA0261202720
B2213064750955N11946449WA0261002719
B2213074750964N11946444WA0261102719
B2213084750972N11946441WA0261302721
B2213094750980N11946439WA0261702724
B2213104750986N11946438WA0262502730
B2213114750991N11946438WA0263102736
B2213124750996N11946438WA0263602741
B2213134751000N11946437WA0263802744
B2213144751006N11946436WA0264102746
B2213154751011N11946433WA0264102748
B2213164751017N11946430WA0264502751
B2213174751023N11946428WA0264802754
B2213184751028N11946426WA0265102758
B2213194751033N11946426WA0265602762
B2213204751038N11946424WA0265802765
B2213214751043N11946421WA0265902766
B2213224751049N11946417WA0266102768
B2213234751054N11946413WA0266202770
B2213244751060N11946409WA0266602773
B2213254751066N11946406WA0266902776
B2213264751071N11946402WA0267102779
B2213274751077N11946399WA0267302782
B2213284751083N11946395WA0267602784
B2213294751089N11946392WA0267802786
B2213304751094N11946389WA0268002789
B2213314751099N11946386WA0268302791
B2213324751103N11946382WA0268402792
B2213334751109N11946378WA0268502793
B2213344751114N11946372WA0268502793
B2213354751120N11946366WA0268502794
B2213364751125N11946361WA0268802796
B2213374751130N11946358WA0269002799
B2213384751135N11946355WA0269302801
B2213394751141N11946354WA0269502803
B2213404751146N11946353WA0269702805
B2213414751152N11946350WA0269802807
B2213424751158N11946346WA0270002809
B2213434751164N11946343WA0270302812
B2213444751170N11946339WA0270802816
B2213454751175N11946336WA0271102820
B2213464751181N11946333WA0271402823
B2213474751185N11946330WA0271702827
B2213484751190N11946326WA0272202831
B2213494751194N11946322WA0272402833
B2213504751200N11946318WA0272602835
B2213514751205N11946314WA0272702838
B2213524751211N11946310WA0273002840
B2213534751217N11946306WA0273202843
B2213544751222N11946303WA0273602846
B2213554751228N11946299WA0273702848
B2213564751233N11946295WA0273902850
B2213574751239N11946291WA0273902851
B2213584751246N11946285WA0273902852
B2213594751251N11946280WA0274102853
B2214004751257N11946275WA0274402855
B2214014751263N11946270WA0274502857
B2214024751268N11946264WA0275002860
B2214034751274N11946259WA0275302864
B2214044751279N11946255WA0275602867
B2214054751285N11946251WA0275902870
B2214064751290N11946248WA0276102872
B2214074751296N11946242WA0276202874
B2214084751302N11946237WA0276202874
B2214094751308N11946231WA0276202875
B2214104751314N11946226WA0276402876
B2214114751320N11946222WA0276502878
B2214124751326N11946219WA0276702879
B2214134751331N11946215WA0276502879
B2214144751336N11946210WA0276302877
B2214154751342N11946204WA0276202875
B2214164751348N11946198WA0275702871
B2214174751355N11946191WA0275302868
B2214184751362N11946185WA0275202867
B2214194751369N11946179WA0275202865
B2214204751377N11946172WA0274802862
B2214214751385N11946163WA0274502859
B2214224751392N11946153WA0274402856
B2214234751400N11946144WA0274102855
B2214244751408N11946135WA0274302855
B2214254751415N11946126WA0274302856
B2214264751423N11946119WA0274502857
B2214274751430N11946113WA0274702859
B2214284751436N11946107WA0275302864
B2214294751440N11946103WA0275802868
B2214304751443N11946099WA0276002872
B2214314751447N11946095WA0276302875
B2214324751451N11946092WA0276302875
B2214334751457N11946087WA0276302875
B2214344751462N11946082WA0276302876
B2214354751468N11946077WA0276402877
B2214364751474N11946073WA0277002880
B2214374751479N11946070WA0277102882
B2214384751484N11946066WA0277302885
B2214394751489N11946062WA0277402886
B2214404751495N11946057WA0277502887
B2214414751500N11946052WA0277602888
B2214424751506N11946046WA0277802889
B2214434751513N11946041WA0277802890
B2214444751519N11946035WA0278002891
B2214454751525N11946030WA0278002892
B2214464751532N11946025WA0278102892
B2214474751540N11946018WA0278102892
B2214484751547N11946010WA0278302893
B2214494751554N11946002WA0278502896
B2214504751561N11945996WA0278802899
B2214514751568N11945990WA0279102903
B2214524751575N11945985WA0279402905
B2214534751582N11945980WA0279502907
B2214544751590N11945976WA0279802910
B2214554751597N11945974WA0279902912
B2214564751605N11945975WA0280302914
B2214574751611N11945980WA0280202914
B2214584751617N11945986WA0280302915
B2214594751623N11945990WA0280502917
B2215004751629N11945993WA0280802919
B2215014751636N11945993WA0280802921
B2215024751644N11945991WA0280902921
B2215034751652N11945989WA0280902922
B2215044751660N11945987WA0281202924
B2215054751667N11945984WA0281402926
B2215064751674N11945980WA0281502928
B2215074751681N11945976WA0281602930
B2215084751688N11945971WA0281702930
B2215094751695N11945966WA0281702930
B2215104751704N11945961WA0281702930
B2215114751712N11945956WA0281902932
B2215124751719N11945951WA0282102934
B2215134751727N11945946WA0282302936
B2215144751734N11945939WA0282402937
B2215154751742N11945933WA0282502939
B2215164751750N11945926WA0282602940
B2215174751758N11945921WA0282702941
B2215184751767N11945916WA0282802942
B2215194751775N11945912WA0283002944
B2215204751783N11945909WA0283102945
B2215214751790N11945906WA0283102946
B2215224751799N11945902WA0283102945
B2215234751808N11945898WA0283002944
B2215244751818N11945893WA0283102945
B2215254751827N11945888WA0283402947
B2215264751835N11945885WA0283602949
B2215274751844N11945883WA0283502950
B2215284751853N11945883WA0283502950
B2215294751862N11945884WA0283402948
B2215304751871N11945884WA0283102947
B2215314751880N11945883WA0283102946
B2215324751890N11945882WA0282802944
B2215334751899N11945881WA0282702942
B2215344751909N11945881WA0282402940
B2215354751919N11945882WA0282302938
B2215364751929N11945883WA0282102936
B2215374751939N11945883WA0281902934
B2215384751949N11945882WA0281502931
B2215394751960N11945880WA0281302928
B2215404751972N11945879WA0281002925
B2215414751983N11945878WA0280702922
B2215424751995N11945877WA0280402919
B2215434752007N11945877WA0280202916
B2215444752018N11945877WA0280102915
B2215454752029N11945878WA0279902914
B2215464752039N11945878WA0279802913
B2215474752050N11945878WA0279602911
B2215484752061N11945878WA0279302908
B2215494752072N11945877WA0279102905
B2215504752083N11945876WA0278802902
B2215514752095N11945874WA0278602900
B2215524752106N11945873WA0278502899
B2215534752117N11945872WA0278402898
B2215544752128N11945872WA0278302897
B2215554752140N11945872WA0278102894
B2215564752152N11945872WA0277802892
B2215574752164N11945872WA0277402890
B2215584752175N11945873WA0277302888
B2215594752187N11945875WA0277302887
B2216004752198N11945875WA0277202886
B2216014752209N11945875WA0277102885
B2216024752221N11945873WA0276802883
B2216034752232N11945872WA0276802881
B2216044752242N11945873WA0276902881
B2216054752251N11945873WA0277002882
B2216064752259N11945873WA0277102883
B2216074752267N11945872WA0277002883
B2216084752276N11945871WA0276702881
B2216094752285N11945871WA0276402878
B2216104752294N11945874WA0276202876
B2216114752301N11945881WA0276102875
B2216124752305N11945891WA0275702871
B2216134752307N11945902WA0275302867
B2216144752306N11945912WA0275202865
B2216154752305N11945919WA0275302864
B2216164752303N11945925WA0275302865
B2216174752302N11945931WA0275302864
B2216184752302N11945938WA0275102864
B2216194752301N11945946WA0274902862
B2216204752300N11945953WA0274702859
B2216214752298N11945961WA0274302855
B2216224752294N11945968WA0273802850
B2216234752289N11945974WA0273602847
B2216244752283N11945978WA0273302845
B2216254752277N11945982WA0273302843
B2216264752272N11945987WA0273002841
B2216274752267N11945993WA0272802839
B2216284752262N11946000WA0272602837
B2216294752258N11946008WA0272402835
B2216304752254N11946015WA0272102832
B2216314752250N11946022WA0271902829
B2216324752247N11946030WA0271402825
B2216334752243N11946037WA0271102821
B2216344752239N11946044WA0270502816
B2216354752235N11946052WA0270202810
B2216364752230N11946060WA0269302805
B2216374752224N11946069WA0269002800
B2216384752218N11946078WA0268702797
B2216394752212N11946085WA0268602795
B2216404752206N11946090WA0268802795
B2216414752201N11946097WA0268802796
B2216424752198N11946104WA0269202797
B2216434752196N11946112WA0269202800
B2216444752193N11946118WA0269602802
B2216454752189N11946123WA0269602802
B2216464752185N11946128WA0269202800
B2216474752180N11946134WA0268902796
B2216484752175N11946139WA0268902795
B2216494752171N11946145WA0268902795
B2216504752167N11946151WA0268902795
B2216514752163N11946158WA0268902794
B2216524752159N11946166WA0268802793
B2216534752155N11946175WA0268602792
B2216544752150N11946183WA0268602791
B2216554752145N11946191WA0268802792
B2216564752140N11946198WA0268902794
B2216574752135N11946204WA0269102797
B2216584752131N11946210WA0269602800
B2216594752127N11946216WA0269602802
B2217004752123N11946222WA0269902804
B2217014752119N11946228WA0270002805
B2217024752114N11946234WA0270002806
B2217034752110N11946241WA0270002806
B2217044752105N11946248WA0270102807
B2217054752101N11946254WA0270202809
B2217064752096N11946260WA0270502812
B2217074752092N11946266WA0270902815
B2217084752088N11946273WA0271202817
B2217094752085N11946280WA0271302819
B2217104752082N11946288WA0271402821
B2217114752079N11946295WA0271702824
B2217124752077N11946302WA0272102827
B2217134752075N11946309WA0272402831
B2217144752074N11946316WA0272702834
B2217154752071N11946323WA0272902837
B2217164752067N11946328WA0273302839
B2217174752063N11946333WA0273402841
B2217184752058N11946338WA0273602843
B2217194752054N11946344WA0273802846
B2217204752051N11946350WA0274402850
B2217214752050N11946356WA0275102857
B2217224752049N11946361WA0275902865
B2217234752049N11946366WA0276302870
B2217244752049N11946370WA0276402873
B2217254752048N11946375WA0276302872
B2217264752046N11946382WA0276202872
B2217274752043N11946386WA0276202872
B2217284752040N11946387WA0276402873
B2217294752039N11946383WA0276402873
B2217304752040N11946375WA0276002871
B2217314752044N11946367WA0275702869
B2217324752051N11946360WA0275502867
B2217334752059N11946355WA0275602867
B2217344752067N11946351WA0275702868
B2217354752075N11946347WA0275802868
B2217364752083N11946342WA0275702868
B2217374752092N11946335WA0275902869
B2217384752100N11946329WA0276502873
B2217394752108N11946324WA0277002879
B2217404752115N11946320WA0277602886
B2217414752122N11946317WA0278102891
B2217424752129N11946312WA0278502896
B2217434752136N11946308WA0278702900
B2217444752144N11946303WA0279202903
B2217454752151N11946298WA0279402906
B2217464752157N11946293WA0279702910
B2217474752163N11946289WA0279802912
B2217484752170N11946285WA0280102914
B2217494752177N11946281WA0280202915
B2217504752184N11946278WA0280202915
B2217514752192N11946274WA0280102915
B2217524752200N11946269WA0279902915
B2217534752208N11946264WA0280102914
B2217544752217N11946259WA0280302915
B2217554752226N11946255WA0280302916
B2217564752234N11946250WA0280402918
B2217574752243N11946246WA0280602920
B2217584752251N11946241WA0280602920
B2217594752261N11946236WA0280502919
B2218004752271N11946230WA0280302919
B2218014752281N11946224WA0280402918
B2218024752291N11946217WA0280302918
B2218034752301N11946210WA0280302917
B2218044752310N11946202WA0280202917
B2218054752320N11946196WA0280302916
B2218064752330N11946190WA0280302916
B2218074752341N11946184WA0280302916
B2218084752351N11946179WA0280202915
B2218094752361N11946173WA0280202914
B2218104752371N11946167WA0280102913
B2218114752382N11946160WA0279902912
B2218124752392N11946152WA0279602910
B2218134752404N11946144WA0279502909
B2218144752416N11946137WA0279502909
B2218154752427N11946131WA0279502908
B2218164752438N11946124WA0279602909
B2218174752449N11946116WA0279602909
B2218184752459N11946108WA0279402908
B2218194752469N11946100WA0279502908
B2218204752479N11946093WA0279702909
B2218214752490N11946087WA0279702910
B2218224752500N11946080WA0279502908
B2218234752510N11946072WA0279202905
B2218244752520N11946063WA0278702902
B2218254752530N11946054WA0278702900
B2218264752541N11946044WA0278502899
B2218274752552N11946035WA0278202895
B2218284752563N11946026WA0277902892
B2218294752575N11946017WA0277802890
B2218304752587N11946008WA0277502889
B2218314752598N11945999WA0277302887
B2218324752608N11945989WA0277402887
B2218334752618N11945981WA0277502887
B2218344752628N11945973WA0277802888
B2218354752637N11945966WA0277802888
B2218364752647N11945959WA0277802888
B2218374752656N11945952WA0277802887
B2218384752666N11945946WA0277502886
B2218394752677N11945941WA0277402885
B2218404752688N11945936WA0277202884
B2218414752698N11945930WA0276902881
B2218424752710N11945923WA0276202877
B2218434752721N11945916WA0275902872
B2218444752733N11945910WA0275802870
B2218454752745N11945903WA0275602868
B2218464752756N11945897WA0275502867
B2218474752766N11945892WA0275302866
B2218484752776N11945888WA0275302865
B2218494752787N11945883WA0275102863
B2218504752797N11945879WA0274902861
B2218514752807N11945875WA0274602858
B2218524752818N11945872WA0274302855
B2218534752829N11945868WA0273902852
B2218544752840N11945865WA0273602848
B2218554752851N11945861WA0273302845
B2218564752862N11945857WA0272902842
B2218574752872N11945853WA0272702839
B2218584752883N11945849WA0272502837
B2218594752894N11945845WA0272302834
B2219004752904N11945842WA0272102832
B2219014752915N11945839WA0271702829
B2219024752926N11945835WA0271402826
B2219034752938N11945832WA0271102823
B2219044752949N11945829WA0270802820
B2219054752961N11945826WA0270702818
B2219064752972N11945825WA0270702817
B2219074752983N11945824WA0270802817
B2219084752994N11945822WA0270702816
B2219094753004N11945819WA0270302814
B2219104753014N11945815WA0269902811
B2219114753025N11945811WA0269502806
B2219124753036N11945807WA0268902802
B2219134753047N11945804WA0268702798
B2219144753058N11945800WA0268402794
B2219154753069N11945796WA0267902790
B2219164753080N11945793WA0267502787
B2219174753091N11945790WA0267302784
B2219184753102N11945787WA0267302783
B2219194753112N11945783WA0267302782
B2219204753121N11945779WA0267402781
B2219214753130N11945773WA0267302780
B2219224753138N11945768WA0267102780
B2219234753147N11945763WA0267002778
B2219244753156N11945758WA0266602776
B2219254753165N11945753WA0266402773
B2219264753175N11945748WA0266102770
B2219274753186N11945743WA0266002767
B2219284753196N11945737WA0265702765
B2219294753206N11945733WA0265402763
B2219304753216N11945728WA0265202761
B2219314753226N11945725WA0265102760
B2219324753237N11945722WA0265002758
B2219334753247N11945719WA0265002756
B2219344753258N11945715WA0264802754
B2219354753268N11945711WA0264702753
B2219364753278N11945707WA0264502752
B2219374753289N11945703WA0264502751
B2219384753299N11945699WA0264602751
B2219394753308N11945695WA0264602750
B2219404753317N11945691WA0264502750
B2219414753326N11945686WA0264402749
B2219424753334N11945681WA0264102749
B2219434753343N11945677WA0264102748
B2219444753352N11945672WA0263902747
B2219454753361N11945668WA0263802745
B2219464753370N11945663WA0263602743
B2219474753379N11945658WA0263402741
B2219484753389N11945653WA0263102739
B2219494753398N11945649WA0263102738
B2219504753408N11945645WA0262802736
B2219514753417N11945640WA0262802734
B2219524753427N11945635WA0262502733
B2219534753436N11945630WA0262302731
B2219544753445N11945625WA0262102729
B2219554753455N11945621WA0262002727
B2219564753465N11945617WA0261802725
B2219574753474N11945613WA0261702723
B2219584753483N11945608WA0261302721
B2219594753493N11945603WA0261102719
B2220004753502N11945597WA0260802716
B2220014753512N11945592WA0260602714
B2220024753521N11945586WA0260502711
B2220034753531N11945581WA0260302709
B2220044753541N11945576WA0260002707
B2220054753550N11945571WA0259902706
B2220064753560N11945567WA0259602704
B2220074753569N11945562WA0259502702
B2220084753579N11945558WA0259402700
B2220094753589N11945554WA0259202698
B2220104753598N11945549WA0258602695
B2220114753608N11945544WA0258402692
B2220124753618N11945539WA0258202690
B2220134753628N11945535WA0258002687
B2220144753638N11945530WA0257902685
B2220154753647N11945525WA0257802683
B2220164753656N11945519WA0257502682
B2220174753664N11945513WA0257202680
B2220184753673N11945506WA0257002678
B2220194753681N11945500WA0256902676
B2220204753690N11945494WA0256702675
B2220214753699N11945488WA0256602672
B2220224753708N11945482WA0256302670
B2220234753717N11945476WA0256002667
B2220244753726N11945470WA0255602665
B2220254753735N11945464WA0255502662
B2220264753744N11945459WA0255402660
B2220274753753N11945452WA0255202658
B2220284753762N11945446WA0255002656
B2220294753771N11945438WA0254802654
B2220304753779N11945431WA0254602652
B2220314753788N11945423WA0254602651
B2220324753796N11945416WA0254702651
B2220334753804N11945410WA0254702651
B2220344753813N11945404WA0254602651
B2220354753820N11945398WA0254602651
B2220364753828N11945393WA0254602650
B2220374753836N11945387WA0254502649
B2220384753844N11945381WA0254102648
B2220394753852N11945374WA0253902645
B2220404753860N11945367WA0253702643
B2220414753868N11945360WA0253502640
B2220424753876N11945352WA0253202638
B2220434753884N11945345WA0253102637
B2220444753891N11945338WA0253002635
B2220454753899N11945331WA0252902634
B2220464753906N11945325WA0252702633
B2220474753913N11945318WA0252402631
B2220484753920N11945312WA0252102628
B2220494753928N11945305WA0251902625
B2220504753935N11945298WA0251602623
B2220514753943N11945290WA0251502620
B2220524753950N11945283WA0251302618
B2220534753958N11945275WA0251002615
B2220544753965N11945268WA0250702613
B2220554753973N11945261WA0250502610
B2220564753980N11945254WA0250202607
B2220574753988N11945247WA0249902604
B2220584753997N11945241WA0249502601
B2220594754006N11945234WA0249202597
B2221004754015N11945228WA0248902593
B2221014754024N11945220WA0248602588
B2221024754033N11945212WA0248002585
B2221034754041N11945203WA0247702581
B2221044754050N11945195WA0247502579
B2221054754058N11945188WA0247302577
B2221064754067N11945181WA0247102575
B2221074754075N11945174WA0246902572
B2221084754084N11945168WA0246602570
B2221094754092N11945162WA0246502568
B2221104754101N11945156WA0246302566
B2221114754109N11945150WA0245902563
B2221124754118N11945144WA0245602559
B2221134754126N11945137WA0245402557
B2221144754134N11945131WA0245202555
B2221154754143N11945125WA0245202554
B2221164754150N11945119WA0245302554
B2221174754158N11945113WA0245102553
B2221184754166N11945107WA0245002551
B2221194754174N11945100WA0244902548
B2221204754182N11945093WA0244302546
B2221214754190N11945085WA0244102543
B2221224754198N11945078WA0244002540
B2221234754206N11945071WA0243602538
B2221244754214N11945064WA0243402535
B2221254754221N11945059WA0243202534
B2221264754229N11945055WA0243302534
B2221274754236N11945051WA0243102532
B2221284754242N11945045WA0242802528
B2221294754249N11945038WA0242302524
B2221304754256N11945031WA0241802520
B2221314754263N11945024WA0241602517
B2221324754270N11945018WA0241402514
B2221334754276N11945012WA0241102511
B2221344754283N11945006WA0240702509
B2221354754289N11945000WA0240502506
B2221364754296N11944994WA0240102502
B2221374754303N11944988WA0239902498
B2221384754310N11944982WA0239602495
B2221394754316N11944976WA0239302492
B2221404754323N11944971WA0239002490
B2221414754330N11944965WA0238702487
B2221424754337N11944959WA0238402484
B2221434754343N11944954WA0238102480
B2221444754350N11944948WA0237702476
B2221454754357N11944942WA0237302472
B2221464754365N11944936WA0236702467
B2221474754372N11944930WA0236402463
B2221484754379N11944923WA0235802458
B2221494754386N11944916WA0235602454
B2221504754393N11944908WA0235102449
B2221514754400N11944900WA0234902446
B2221524754408N11944893WA0234502443
B2221534754416N11944886WA0234302441
B2221544754424N11944880WA0234202439
B2221554754431N11944874WA0234102438
B2221564754439N11944869WA0233902436
B2221574754446N11944864WA0233702434
B2221584754453N11944859WA0233502432
B2221594754461N11944854WA0233202429
B2222004754469N11944848WA0232802426
B2222014754478N11944842WA0232402423
B2222024754486N11944836WA0232202420
B2222034754494N11944829WA0232102418
B2222044754501N11944822WA0231902416
B2222054754508N11944815WA0231802414
B2222064754515N11944808WA0231502411
B2222074754523N11944801WA0231302409
B2222084754531N11944794WA0231102406
B2222094754539N11944787WA0231002404
B2222104754547N11944780WA0230802402
B2222114754554N11944773WA0230502400
B2222124754562N11944766WA0230202398
B2222134754570N11944760WA0230102397
B2222144754578N11944754WA0230002395
B2222154754587N11944748WA0229802393
B2222164754595N11944742WA0229602392
B2222174754604N11944737WA0229602391
B2222184754612N11944732WA0229402390
B2222194754620N11944727WA0229302388
B2222204754628N11944721WA0229202386
B2222214754636N11944716WA0229102384
B2222224754645N11944709WA0228802382
B2222234754654N11944702WA0228402379
B2222244754662N11944694WA0228302377
B2222254754671N11944687WA0228202376
B2222264754679N11944680WA0228102375
B2222274754687N11944672WA0227802373
B2222284754693N11944665WA0228102373
B2222294754700N11944658WA0227902374
B2222304754706N11944651WA0227902373
B2222314754712N11944644WA0228202374
B2222324754718N11944638WA0228602377
B2222334754723N11944634WA0228802381
B2222344754728N11944630WA0229202384
B2222354754733N11944627WA0229302386
B2222364754738N11944623WA0229302387
B2222374754744N11944618WA0229202387
B2222384754749N11944613WA0229302387
B2222394754756N11944608WA0229302388
B2222404754762N11944602WA0229502389
B2222414754768N11944597WA0229702391
B2222424754774N11944593WA0230002394
B2222434754781N11944589WA0230202397
B2222444754786N11944585WA0230802401
B2222454754790N11944582WA0231002404
B2222464754792N11944577WA0231302406
B2222474754791N11944572WA0231502407
B2222484754788N11944569WA0231802409
B2222494754784N11944572WA0232002410
B2222504754781N11944579WA0232302412
B2222514754781N11944590WA0232402414
B2222524754784N11944601WA0232702416
B2222534754789N11944610WA0232902419
B2222544754796N11944616WA0233302423
B2222554754803N11944619WA0233502427
B2222564754810N11944621WA0233902430
B2222574754817N11944621WA0234002433
B2222584754824N11944621WA0234202435
B2222594754831N11944619WA0234402437
B2223004754837N11944617WA0234702440
B2223014754841N11944612WA0235102443
B2223024754844N11944607WA0235502445
B2223034754844N11944602WA0235602449
B2223044754843N11944598WA0236002452
B2223054754841N11944596WA0236202455
B2223064754838N11944594WA0236602457
B2223074754835N11944594WA0237002461
B2223084754832N11944597WA0237402465
B2223094754829N11944604WA0237602468
B2223104754826N11944612WA0238002471
B2223114754825N11944621WA0238302476
B2223124754825N11944631WA0238802481
B2223134754827N11944641WA0239102484
B2223144754831N11944651WA0239402487
B2223154754837N11944660WA0239502489
B2223164754844N11944667WA0239802492
B2223174754851N11944672WA0240002495
B2223184754858N11944676WA0240302498
B2223194754866N11944678WA0240402500
B2223204754874N11944679WA0240902503
B2223214754881N11944679WA0241102506
B2223224754887N11944677WA0241502510
B2223234754891N11944673WA0241802513
B2223244754894N11944669WA0242102516
B2223254754896N11944664WA0242202519
B2223264754897N11944659WA0242502522
B2223274754897N11944653WA0242602524
B2223284754896N11944648WA0243002527
B2223294754894N11944643WA0243302530
B2223304754892N11944640WA0243702534
B2223314754889N11944640WA0244002538
B2223324754886N11944641WA0244302541
B2223334754881N11944646WA0244602544
B2223344754878N11944655WA0244702546
B2223354754875N11944666WA0244802547
B2223364754875N11944678WA0245202550
B2223374754879N11944690WA0245402552
B2223384754884N11944701WA0245702554
B2223394754891N11944709WA0246002558
B2223404754899N11944715WA0246502561
B2223414754906N11944717WA0246702565
B2223424754912N11944716WA0247102568
B2223434754919N11944713WA0247302571
B2223444754925N11944709WA0247502574
B2223454754929N11944705WA0247802577
B2223464754931N11944699WA0248202580
B2223474754931N11944694WA0248402583
B2223484754929N11944690WA0248602584
B2223494754925N11944688WA0248902587
B2223504754921N11944689WA0249202590
B2223514754917N11944694WA0249502592
B2223524754914N11944702WA0249902595
B2223534754913N11944714WA0250002596
B2223544754913N11944726WA0250202598
B2223554754916N11944738WA0250402601
B2223564754920N11944749WA0250702604
B2223574754925N11944759WA0250902607
B2223584754931N11944767WA0251302610
B2223594754938N11944775WA0251502613
B2224004754945N11944780WA0251602615
B2224014754953N11944782WA0251802617
B2224024754960N11944780WA0252102620
B2224034754965N11944777WA0252202622
B2224044754969N11944772WA0252502624
B2224054754972N11944767WA0252602626
B2224064754975N11944762WA0252902628
B2224074754977N11944757WA0253002630
B2224084754977N11944752WA0253202632
B2224094754976N11944746WA0253302633
B2224104754974N11944741WA0253502635
B2224114754972N11944736WA0253802638
B2224124754970N11944733WA0254202642
B2224134754968N11944731WA0254602646
B2224144754964N11944731WA0255002650
B2224154754960N11944734WA0255102653
B2224164754956N11944740WA0255402655
B2224174754953N11944748WA0255502656
B2224184754951N11944759WA0255702658
B2224194754951N11944772WA0256002660
B2224204754953N11944784WA0256302662
B2224214754957N11944796WA0256402665
B2224224754963N11944806WA0256802668
B2224234754970N11944813WA0257002671
B2224244754976N11944818WA0257202674
B2224254754983N11944819WA0257502677
B2224264754990N11944817WA0257702679
B2224274754995N11944813WA0257802681
B2224284754999N11944808WA0258002683
B2224294755002N11944803WA0258102686
B2224304755004N11944797WA0258402688
B2224314755007N11944791WA0258602690
B2224324755009N11944785WA0259002693
B2224334755012N11944779WA0259202695
B2224344755015N11944773WA0259302698
B2224354755018N11944767WA0259502700
B2224364755021N11944760WA0259802702
B2224374755025N11944754WA0259902704
B2224384755028N11944748WA0260202706
B2224394755032N11944742WA0260302707
B2224404755035N11944736WA0260402709
B2224414755039N11944730WA0260502710
B2224424755042N11944723WA0260602711
B2224434755045N11944716WA0260602711
B2224444755048N11944709WA0260702712
B2224454755051N11944702WA0260702712
B2224464755054N11944695WA0260702713
B2224474755057N11944688WA0260702713
B2224484755059N11944680WA0260602712
B2224494755062N11944673WA0260502711
B2224504755064N11944664WA0260502711
B2224514755067N11944655WA0260502710
B2224524755070N11944647WA0260602711
B2224534755074N11944639WA0260702713
B2224544755077N11944632WA0261102716
B2224554755079N11944626WA0261302719
B2224564755082N11944621WA0261602721
B2224574755085N11944615WA0261802723
B2224584755088N11944609WA0261902725
B2224594755092N11944603WA0262102727
B2225004755096N11944597WA0262302729
B2225014755100N11944591WA0262502732
B2225024755104N11944585WA0262802735
B2225034755107N11944579WA0263102738
B2225044755111N11944575WA0263302740
B2225054755116N11944571WA0263502742
B2225064755120N11944567WA0263702744
B2225074755125N11944563WA0263702745
B2225084755130N11944559WA0263802745
B2225094755135N11944554WA0263802745
B2225104755140N11944548WA0263902746
B2225114755146N11944543WA0264002748
B2225124755151N11944538WA0264302750
B2225134755155N11944533WA0264502752
B2225144755159N11944527WA0264802755
B2225154755163N11944522WA0265102758
B2225164755166N11944517WA0265602762
B2225174755170N11944512WA0265802766
B2225184755175N11944510WA0266402771
B2225194755181N11944511WA0266702775
B2225204755186N11944516WA0267202778
B2225214755190N11944525WA0267102778
B2225224755192N11944538WA0267002777
B2225234755191N11944551WA0267202778
B2225244755188N11944561WA0267802782
B2225254755182N11944566WA0268202787
B2225264755177N11944565WA0268402790
B2225274755172N11944560WA0268502791
B2225284755169N11944553WA0268702792
B2225294755167N11944545WA0269002795
B2225304755166N11944537WA0269202799
B2225314755167N11944530WA0269602803
B2225324755170N11944524WA0269902806
B2225334755174N11944519WA0270202809
B2225344755178N11944515WA0270302811
B2225354755184N11944512WA0270402813
B2225364755189N11944509WA0270802815
B2225374755195N11944507WA0271002818
B2225384755201N11944506WA0271402821
B2225394755206N11944505WA0271602825
B2225404755211N11944505WA0272002828
B2225414755217N11944503WA0272202830
B2225424755221N11944502WA0272402833
B2225434755227N11944500WA0272602835
B2225444755231N11944499WA0272902838
B2225454755236N11944497WA0273202840
B2225464755240N11944493WA0273402843
B2225474755245N11944489WA0273502845
B2225484755250N11944485WA0273702846
B2225494755256N11944481WA0273802849
B2225504755262N11944477WA0274302852
B2225514755268N11944473WA0274702856
B2225524755273N11944471WA0275102861
B2225534755279N11944468WA0275502865
B2225544755285N11944466WA0275802868
B2225554755291N11944462WA0276002871
B2225564755296N11944458WA0276402873
B2225574755300N11944452WA0276702876
B2225584755301N11944445WA0277102879
B2225594755300N11944439WA0277302881
B2226004755297N11944435WA0277802883
B2226014755293N11944434WA0278102887
B2226024755289N11944436WA0278602892
B2226034755286N11944442WA0279002897
B2226044755284N11944451WA0279402899
B2226054755284N11944461WA0279602902
B2226064755285N11944471WA0280102906
B2226074755289N11944479WA0280402910
B2226084755295N11944484WA0280602913
B2226094755302N11944488WA0280802916
B2226104755309N11944490WA0281002919
B2226114755316N11944491WA0281302922
B2226124755323N11944489WA0281602925
B2226134755328N11944486WA0281702928
B2226144755333N11944481WA0281902930
B2226154755338N11944476WA0282102933
B2226164755342N11944470WA0282502934
B2226174755345N11944464WA0282602937
B2226184755348N11944456WA0282702938
B2226194755349N11944449WA0282802940
B2226204755349N11944441WA0283102942
B2226214755347N11944436WA0283302944
B2226224755343N11944432WA0283502946
B2226234755339N11944429WA0283602947
B2226244755334N11944428WA0283902949
B2226254755329N11944431WA0284202952
B2226264755326N11944438WA0284702958
B2226274755325N11944448WA0284902960
B2226284755327N11944460WA0285102961
B2226294755331N11944470WA0285302963
B2226304755337N11944476WA0285702968
B2226314755342N11944480WA0286002973
B2226324755349N11944481WA0286302976
B2226334755355N11944481WA0286502978
B2226344755362N11944480WA0286602979
B2226354755368N11944476WA0286702981
B2226364755373N11944472WA0286802982
B2226374755377N11944465WA0286802983
B2226384755380N11944458WA0286902983
B2226394755382N11944450WA0287002984
B2226404755384N11944443WA0287202985
B2226414755385N11944436WA0287302987
B2226424755387N11944429WA0287402989
B2226434755389N11944422WA0287602990
B2226444755391N11944415WA0287802992
B2226454755394N11944408WA0288002994
B2226464755396N11944401WA0288102995
B2226474755399N11944394WA0288202997
B2226484755401N11944387WA0288302998
B2226494755404N11944380WA0288302998
B2226504755407N11944372WA0288302998
B2226514755410N11944364WA0288302998
B2226524755412N11944357WA0288302998
B2226534755414N11944349WA0288302999
B2226544755417N11944340WA0288402999
B2226554755420N11944332WA0288403000
B2226564755423N11944324WA0288603000
B2226574755427N11944316WA0288703001
B2226584755431N11944308WA0288803002
B2226594755434N11944301WA0288803003
B2227004755437N11944294WA0288903003
B2227014755441N11944287WA0288903004
B2227024755445N11944280WA0288903004
B2227034755449N11944273WA0288803003
B2227044755454N11944267WA0288703002
B2227054755460N11944260WA0288703002
B2227064755466N11944253WA0288603001
B2227074755472N11944245WA0288402999
B2227084755478N11944236WA0288102997
B2227094755484N11944226WA0288102997
B2227104755490N11944215WA0288002996
B2227114755497N11944205WA0287902995
B2227124755505N11944196WA0287702993
B2227134755514N11944186WA0287602991
B2227144755522N11944177WA0287702992
B2227154755530N11944168WA0287902993
B2227164755537N11944159WA0288302994
B2227174755544N11944152WA0288402997
B2227184755551N11944146WA0288802999
B2227194755558N11944140WA0288903001
B2227204755565N11944132WA0288903001
B2227214755572N11944123WA0289003001
B2227224755580N11944114WA0289303002
B2227234755587N11944105WA0289603006
B2227244755594N11944099WA0289903010
B2227254755601N11944093WA0290103013
B2227264755608N11944087WA0290203014
B2227274755616N11944080WA0290203014
B2227284755623N11944071WA0290203014
B2227294755631N11944062WA0290103014
B2227304755639N11944054WA0290403016
B2227314755648N11944048WA0290703019
B2227324755656N11944042WA0290903021
B2227334755663N11944036WA0291103024
B2227344755670N11944028WA0291103025
B2227354755678N11944019WA0291003024
B2227364755686N11944009WA0291003024
B2227374755694N11944001WA0291103026
B2227384755702N11943995WA0291603030
B2227394755710N11943991WA0291603031
B2227404755716N11943985WA0291603032
B2227414755723N11943978WA0291303031
B2227424755729N11943969WA0291003028
B2227434755736N11943959WA0290703026
B2227444755744N11943951WA0290803024
B2227454755752N11943943WA0290803024
B2227464755759N11943935WA0290703024
B2227474755765N11943927WA0290603023
B2227484755771N11943918WA0290303021
B2227494755777N11943908WA0289903018
B2227504755784N11943898WA0289403015
B2227514755790N11943888WA0289603012
B2227524755796N11943878WA0289103010
B2227534755802N11943868WA0289103008
B2227544755807N11943858WA0288803006
B2227554755813N11943848WA0288703004
B2227564755818N11943837WA0288403002
B2227574755824N11943827WA0288203000
B2227584755830N11943817WA0288002998
B2227594755835N11943806WA0287902996
B2228004755841N11943795WA0287602994
B2228014755847N11943784WA0287402992
B2228024755853N11943774WA0287302990
B2228034755860N11943764WA0287302989
B2228044755867N11943754WA0287102988
B2228054755873N11943745WA0287202988
B2228064755879N11943736WA0287102987
B2228074755886N11943727WA0286802985
B2228084755894N11943718WA0286702983
B2228094755902N11943708WA0286602982
B2228104755909N11943698WA0286502981
B2228114755915N11943688WA0286602981
B2228124755922N11943679WA0286602981
B2228134755929N11943670WA0286302979
B2228144755938N11943661WA0286102977
B2228154755946N11943652WA0285902975
B2228164755954N11943644WA0285902974
B2228174755962N11943635WA0285902973
B2228184755969N11943627WA0285902973
B2228194755976N11943619WA0285802973
B2228204755983N11943610WA0285702972
B2228214755991N11943602WA0285502970
B2228224755998N11943593WA0285302969
B2228234756006N11943584WA0285302968
B2228244756013N11943576WA0285302968
B2228254756021N11943568WA0285302968
B2228264756029N11943562WA0285302968
B2228274756036N11943556WA0285202968
B2228284756044N11943550WA0285202967
B2228294756051N11943545WA0285102965
B2228304756060N11943538WA0284802963
B2228314756068N11943532WA0284702961
B2228324756077N11943525WA0284502959
B2228334756085N11943518WA0284502957
B2228344756093N11943511WA0284402956
B2228354756101N11943504WA0284202955
B2228364756109N11943498WA0284102954
B2228374756117N11943492WA0284002953
B2228384756125N11943485WA0284002952
B2228394756134N11943480WA0284002952
B2228404756142N11943474WA0283902951
B2228414756150N11943469WA0283902951
B2228424756159N11943463WA0283902951
B2228434756167N11943458WA0283902951
B2228444756175N11943453WA0283702951
B2228454756182N11943447WA0283702949
B2228464756190N11943441WA0283602948
B2228474756199N11943435WA0283102946
B2228484756208N11943429WA0283002944
B2228494756216N11943423WA0282902943
B2228504756224N11943417WA0283102944
B2228514756232N11943412WA0283302945
B2228524756240N11943407WA0283102945
B2228534756247N11943401WA0283002945
B2228544756255N11943395WA0282902943
B2228554756263N11943388WA0282602940
B2228564756272N11943380WA0282402938
B2228574756280N11943374WA0282302937
B2228584756289N11943368WA0282302937
B2228594756297N11943363WA0282402937
B2229004756305N11943357WA0282102937
B2229014756313N11943352WA0282002936
B2229024756322N11943346WA0281902935
B2229034756331N11943342WA0281702932
B2229044756340N11943337WA0281502929
B2229054756349N11943331WA0281402928
B2229064756357N11943325WA0281302927
B2229074756365N11943317WA0281302926
B2229084756373N11943310WA0281302926
B2229094756380N11943304WA0281402926
B2229104756388N11943298WA0281302925
B2229114756395N11943291WA0281002924
B2229124756403N11943283WA0280802921
B2229134756412N11943275WA0280602919
B2229144756421N11943268WA0280602917
B2229154756430N11943263WA0280502916
B2229164756439N11943259WA0280402916
B2229174756447N11943254WA0280502916
B2229184756456N11943249WA0280402915
B2229194756464N11943243WA0280202914
B2229204756474N11943238WA0279902911
B2229214756484N11943234WA0279802909
B2229224756495N11943231WA0279502908
B2229234756505N11943227WA0279502908
B2229244756515N11943224WA0279502908
B2229254756523N11943219WA0279602909
B2229264756531N11943215WA0279502909
B2229274756539N11943209WA0279402907
B2229284756547N11943203WA0279202905
B2229294756556N11943196WA0278802903
B2229304756564N11943189WA0278702901
B2229314756572N11943182WA0278702900
B2229324756580N11943176WA0278602899
B2229334756588N11943169WA0278302897
B2229344756596N11943162WA0278202894
B2229354756605N11943154WA0277602891
B2229364756613N11943146WA0277402888
B2229374756621N11943137WA0277302886
B2229384756629N11943128WA0277202885
B2229394756638N11943120WA0277002882
B2229404756647N11943110WA0276702879
B2229414756657N11943099WA0276302876
B2229424756666N11943088WA0276002872
B2229434756675N11943076WA0275302867
B2229444756684N11943064WA0274902862
B2229454756694N11943052WA0274502858
B2229464756704N11943041WA0274302854
B2229474756713N11943028WA0273702850
B2229484756723N11943016WA0273302845
B2229494756733N11943003WA0272502839
B2229504756743N11942990WA0272102834
B2229514756753N11942977WA0271502829
B2229524756763N11942964WA0271102824
B2229534756773N11942952WA0270702821
B2229544756783N11942942WA0270702818
B2229554756794N11942932WA0270502816
B2229564756803N11942923WA0270502815
B2229574756812N11942913WA0270302813
B2229584756820N11942903WA0270202812
B2229594756828N11942893WA0270102810
B2230004756837N11942883WA0269902807
B2230014756846N11942872WA0269302803
B2230024756856N11942861WA0269002800
B2230034756866N11942850WA0268502796
B2230044756876N11942838WA0268302792
B2230054756887N11942828WA0267702788
B2230064756897N11942818WA0267602785
B2230074756908N11942809WA0267402782
B2230084756919N11942800WA0267202779
B2230094756929N11942790WA0266702777
B2230104756939N11942779WA0266502773
B2230114756949N11942768WA0266102770
B2230124756959N11942757WA0265902767
B2230134756969N11942746WA0265702764
B2230144756980N11942735WA0265402761
B2230154756990N11942724WA0265102759
B2230164757000N11942713WA0264802756
B2230174757010N11942702WA0264502752
B2230184757021N11942690WA0264102749
B2230194757031N11942678WA0264002747
B2230204757041N11942666WA0264002747
B2230214757050N11942654WA0263802747
B2230224757060N11942643WA0263802746
B2230234757071N11942632WA0263802745
B2230244757081N11942621WA0263602743
B2230254757091N11942610WA0263502742
B2230264757100N11942598WA0263402740
B2230274757110N11942587WA0263002737
B2230284757120N11942576WA0262802735
B2230294757131N11942566WA0262702732
B2230304757142N11942556WA0262502730
B2230314757153N11942546WA0262302729
B2230324757162N11942535WA0262302728
B2230334757171N11942525WA0262202727
B2230344757181N11942515WA0262102725
B2230354757190N11942505WA0261802723
B2230364757200N11942494WA0261702720
B2230374757209N11942482WA0261202717
B2230384757219N11942470WA0260902714
B2230394757229N11942458WA0260602711
B2230404757239N11942445WA0260402709
B2230414757249N11942433WA0260202707
B2230424757258N11942421WA0260002705
B2230434757267N11942408WA0260002704
B2230444757276N11942396WA0259902703
B2230454757285N11942384WA0259702702
B2230464757295N11942371WA0259502700
B2230474757304N11942359WA0259402698
B2230484757313N11942346WA0259102695
B2230494757322N11942333WA0258502692
B2230504757332N11942320WA0258202689
B2230514757342N11942307WA0258002686
B2230524757351N11942294WA0257802684
B2230534757361N11942282WA0257702683
B2230544757370N11942270WA0257702682
B2230554757379N11942259WA0257602681
B2230564757389N11942248WA0257602679
B2230574757399N11942238WA0257402677
B2230584757409N11942227WA0257202675
B2230594757419N11942215WA0256802674
B2231004757428N11942204WA0256602672
B2231014757438N11942193WA0256502671
B2231024757447N11942183WA0256502670
B2231034757457N11942174WA0256302668
B2231044757467N11942165WA0256202667
B2231054757477N11942155WA0256002665
B2231064757487N11942146WA0255602662
B2231074757497N11942136WA0255302659
B2231084757507N11942126WA0255002656
B2231094757516N11942115WA0254702653
B2231104757526N11942104WA0254702651
B2231114757535N11942092WA0254202648
B2231124757545N11942080WA0254002645
B2231134757555N11942069WA0253702643
B2231144757565N11942058WA0253502640
B2231154757575N11942048WA0253202637
B2231164757585N11942036WA0253002634
B2231174757595N11942025WA0252602632
B2231184757604N11942013WA0252602630
B2231194757613N11942002WA0252602630
B2231204757622N11941993WA0252602630
B2231214757631N11941983WA0252602629
B2231224757640N11941975WA0252502628
B2231234757649N11941967WA0252202626
B2231244757658N11941958WA0252102624
B2231254757668N11941949WA0251702621
B2231264757678N11941940WA0251602619
B2231274757688N11941932WA0251502618
B2231284757698N11941924WA0251502616
B2231294757708N11941915WA0251102614
B2231304757718N11941907WA0251002611
B2231314757728N11941897WA0250602608
B2231324757738N11941888WA0250502606
B2231334757749N11941879WA0250102602
B2231344757760N11941870WA0249902599
B2231354757771N11941861WA0249702597
B2231364757782N11941852WA0249702595
B2231374757792N11941844WA0249702594
B2231384757803N11941835WA0249502594
B2231394757813N11941826WA0249502593
B2231404757823N11941817WA0249402593
B2231414757833N11941808WA0249202592
B2231424757843N11941798WA0249102591
B2231434757853N11941788WA0248802589
B2231444757864N11941778WA0248502586
B2231454757875N11941769WA0248302583
B2231464757885N11941759WA0248102580
B2231474757896N11941749WA0247802578
B2231484757907N11941738WA0247602575
B2231494757918N11941727WA0247302574
B2231504757928N11941717WA0247202572
B2231514757939N11941707WA0247002569
B2231524757950N11941697WA0247002566
B2231534757961N11941687WA0246502563
B2231544757972N11941675WA0246002560
B2231554757983N11941665WA0245702557
B2231564757994N11941655WA0245502555
B2231574758006N11941646WA0245402553
B2231584758017N11941636WA0245302551
B2231594758028N11941627WA0245002549
B2232004758039N11941618WA0244902547
B2232014758050N11941609WA0244702545
B2232024758061N11941600WA0244602543
B2232034758072N11941591WA0244202540
B2232044758084N11941582WA0244002537
B2232054758095N11941573WA0243602534
B2232064758106N11941563WA0243402532
B2232074758118N11941554WA0243102530
B2232084758129N11941545WA0243102528
B2232094758140N11941536WA0242902525
B2232104758151N11941526WA0242502523
B2232114758161N11941516WA0242202520
B2232124758173N11941506WA0242002517
B2232134758184N11941497WA0241602513
B2232144758196N11941489WA0241202510
B2232154758209N11941482WA0240902506
B2232164758221N11941475WA0240502503
B2232174758233N11941466WA0240202500
B2232184758244N11941458WA0240002497
B2232194758256N11941449WA0239602494
B2232204758267N11941441WA0239402492
B2232214758277N11941433WA0239302490
B2232224758288N11941425WA0239202489
B2232234758297N11941416WA0239002487
B2232244758307N11941407WA0238602484
B2232254758317N11941397WA0238302481
B2232264758327N11941387WA0237902477
B2232274758337N11941377WA0237402472
B2232284758348N11941367WA0237202468
B2232294758359N11941357WA0236702464
B2232304758369N11941347WA0236402461
B2232314758380N11941337WA0236102458
B2232324758391N11941327WA0235902455
B2232334758401N11941318WA0235602452
B2232344758412N11941308WA0235302449
B2232354758423N11941298WA0235002446
B2232364758433N11941288WA0234702443
B2232374758444N11941278WA0234302440
B2232384758454N11941268WA0234102437
B2232394758465N11941258WA0233902434
B2232404758476N11941249WA0233602431
B2232414758486N11941239WA0233302428
B2232424758497N11941230WA0233002424
B2232434758508N11941221WA0232402421
B2232444758518N11941213WA0232202418
B2232454758529N11941206WA0231902415
B2232464758539N11941198WA0231802412
B2232474758549N11941189WA0231302409
B2232484758559N11941180WA0231002405
B2232494758569N11941170WA0230502401
B2232504758579N11941161WA0230202397
B2232514758590N11941152WA0229702392
B2232524758600N11941142WA0229502388
B2232534758609N11941132WA0228902385
B2232544758619N11941122WA0228602382
B2232554758629N11941114WA0228402379
B2232564758639N11941106WA0228302376
B2232574758649N11941099WA0227702373
B2232584758659N11941091WA0227502369
B2232594758669N11941082WA0227102365
B2233004758679N11941074WA0226802361
B2233014758689N11941066WA0226302358
B2233024758699N11941058WA0226102354
B2233034758710N11941050WA0225602351
B2233044758720N11941042WA0225502347
B2233054758730N11941034WA0225002344
B2233064758741N11941026WA0224702340
B2233074758751N11941018WA0224302336
B2233084758761N11941011WA0224002333
B2233094758772N11941003WA0223802329
B2233104758782N11940995WA0223502327
B2233114758792N11940988WA0223202324
B2233124758801N11940980WA0223102321
B2233134758810N11940973WA0222602318
B2233144758820N11940965WA0222302315
B2233154758830N11940957WA0221802311
B2233164758840N11940949WA0221502306
B2233174758851N11940941WA0220902302
B2233184758862N11940933WA0220602298
B2233194758873N11940927WA0220202295
B2233204758883N11940920WA0220002291
B2233214758894N11940913WA0219802289
B2233224758904N11940906WA0219502286
B2233234758914N11940899WA0219102283
B2233244758925N11940892WA0218802279
B2233254758935N11940885WA0218502276
B2233264758945N11940878WA0218202272
B2233274758956N11940872WA0217702269
B2233284758966N11940865WA0217502266
B2233294758976N11940858WA0217302263
B2233304758985N11940851WA0217002260
B2233314758995N11940844WA0216602257
B2233324759004N11940837WA0216402254
B2233334759013N11940830WA0215902250
B2233344759023N11940823WA0215702246
B2233354759032N11940815WA0215402243
B2233364759042N11940808WA0215002239
B2233374759051N11940800WA0214502236
B2233384759061N11940793WA0214302232
B2233394759070N11940785WA0214102229
B2233404759079N11940778WA0213902226
B2233414759088N11940770WA0213402223
B2233424759098N11940763WA0213102220
B2233434759107N11940756WA0212602216
B2233444759117N11940748WA0212402213
B2233454759127N11940741WA0212002209
B2233464759136N11940733WA0211902206
B2233474759146N11940726WA0211502203
B2233484759156N11940719WA0211302200
B2233494759166N11940712WA0211002197
B2233504759175N11940705WA0210702194
B2233514759185N11940697WA0210302191
B2233524759194N11940690WA0210002187
B2233534759204N11940683WA0209502183
B2233544759214N11940675WA0209102179
B2233554759224N11940668WA0208802175
B2233564759234N11940661WA0208502172
B2233574759244N11940654WA0208102168
B2233584759253N11940646WA0207902165
B2233594759262N11940639WA0207502162
B2234004759272N11940632WA0207302159
B2234014759281N11940625WA0206902156
B2234024759290N11940618WA0207002154
B2234034759299N11940610WA0206702152
B2234044759308N11940603WA0206502150
B2234054759317N11940597WA0206202147
B2234064759326N11940590WA0205902144
B2234074759335N11940584WA0205602141
B2234084759345N11940577WA0205302138
B2234094759354N11940570WA0205002134
B2234104759363N11940563WA0204702131
B2234114759372N11940556WA0204302127
B2234124759382N11940549WA0204002125
B2234134759391N11940542WA0203802122
B2234144759400N11940536WA0203502119
B2234154759409N11940529WA0203202116
B2234164759417N11940522WA0202902113
B2234174759425N11940515WA0202402110
B2234184759434N11940509WA0202102106
B2234194759443N11940503WA0201802102
B2234204759452N11940496WA0201402098
B2234214759461N11940489WA0200902094
B2234224759470N11940482WA0200502089
B2234234759479N11940474WA0200002085
B2234244759489N11940467WA0199702082
B2234254759498N11940461WA0199502080
B2234264759507N11940455WA0199302077
B2234274759516N11940449WA0199002074
B2234284759525N11940442WA0198702070
B2234294759533N11940436WA0198202066
B2234304759543N11940430WA0198002062
B2234314759552N11940423WA0197402058
B2234324759561N11940417WA0197202054
B2234334759571N11940411WA0196802051
B2234344759580N11940405WA0196602047
B2234354759589N11940399WA0196102044
B2234364759599N11940393WA0195902041
B2234374759608N11940386WA0195602038
B2234384759617N11940380WA0195402035
B2234394759626N11940373WA0194902032
B2234404759635N11940367WA0194702029
B2234414759644N11940360WA0194302026
B2234424759653N11940353WA0194002022
B2234434759662N11940346WA0193602019
B2234444759671N11940339WA0193402015
B2234454759679N11940330WA0192902012
B2234464759687N11940322WA0192602008
B2234474759695N11940313WA0192202004
B2234484759702N11940304WA0191902001
B2234494759710N11940294WA0191501997
B2234504759718N11940285WA0191201993
B2234514759726N11940276WA0190801990
B2234524759734N11940267WA0190501986
B2234534759743N11940258WA0190101982
B2234544759751N11940248WA0189801978
B2234554759759N11940239WA0189401975
B2234564759767N11940229WA0189101972
B2234574759776N11940220WA0188901969
B2234584759784N11940211WA0188701967
B2234594759792N11940202WA0188401965
B2235004759800N11940193WA0188201962
B2235014759808N11940184WA0187901960
B2235024759816N11940175WA0187701957
B2235034759825N11940166WA0187301953
B2235044759833N11940158WA0187101950
B2235054759842N11940149WA0186701947
B2235064759850N11940140WA0186501944
B2235074759858N11940131WA0186401941
B2235084759866N11940122WA0186101938
B2235094759874N11940112WA0185801936
B2235104759882N11940103WA0185501933
B2235114759891N11940094WA0185201929
B2235124759899N11940085WA0184901926
B2235134759908N11940076WA0184501923
B2235144759916N11940067WA0184301920
B2235154759924N11940058WA0184001917
B2235164759932N11940049WA0183701914
B2235174759941N11940040WA0183501911
B2235184759949N11940032WA0183201907
B2235194759958N11940023WA0182701904
B2235204759967N11940015WA0182501900
B2235214759975N11940007WA0182101897
B2235224759984N11939998WA0181801894
B2235234759992N11939989WA0181401891
B2235244800000N11939980WA0181101888
B2235254800009N11939971WA0180901885
B2235264800018N11939963WA0180701883
B2235274800026N11939955WA0180601881
B2235284800034N11939946WA0180401880
B2235294800042N11939938WA0180101878
B2235304800050N11939930WA0180001875
B2235314800059N11939922WA0179701873
B2235324800068N11939914WA0179501870
B2235334800077N11939906WA0179301868
B2235344800086N11939898WA0179001865
B2235354800095N11939890WA0178701862
B2235364800104N11939881WA0178501859
B2235374800113N11939871WA0178201857
B2235384800121N11939862WA0178001854
B2235394800129N11939852WA0177601851
B2235404800137N11939843WA0177401848
B2235414800145N11939833WA0177101846
B2235424800153N11939823WA0177001843
B2235434800160N11939814WA0176701841
B2235444800168N11939804WA0176601839
B2235454800176N11939794WA0176301836
B2235464800183N11939783WA0176001834
B2235474800190N11939772WA0175701831
B2235484800197N11939761WA0175601829
B2235494800205N11939751WA0175501827
B2235504800213N11939741WA0175301825
B2235514800220N11939731WA0175101824
B2235524800227N11939720WA0175101822
B2235534800234N11939710WA0174901821
B2235544800242N11939700WA0174801819
B2235554800250N11939690WA0174601817
B2235564800258N11939680WA0174501815
B2235574800266N11939670WA0174301814
B2235584800274N11939659WA0174301813
B2235594800281N11939649WA0174301812
B2236004800289N11939640WA0174301812
B2236014800296N11939630WA0174101811
B2236024800304N11939621WA0174001809
B2236034800312N11939611WA0173801808
B2236044800319N11939602WA0173701806
B2236054800327N11939592WA0173501805
B2236064800335N11939583WA0173201803
B2236074800344N11939575WA0173001800
B2236084800352N11939566WA0172801798
B2236094800361N11939558WA0172601796
B2236104800369N11939549WA0172401794
B2236114800378N11939540WA0172101791
B2236124800386N11939531WA0171901789
B2236134800395N11939522WA0171601786
B2236144800405N11939514WA0171301784
B2236154800414N11939505WA0171101782
B2236164800423N11939496WA0171001781
B2236174800432N11939488WA0170801780
B2236184800440N11939479WA0170701779
B2236194800449N11939471WA0170601778
B2236204800458N11939463WA0170601776
B2236214800468N11939456WA0170401774
B2236224800478N11939448WA0170301772
B2236234800487N11939440WA0170001771
B2236244800497N11939432WA0169901770
B2236254800507N11939425WA0169801769
B2236264800517N11939417WA0169701767
B2236274800526N11939409WA0169601766
B2236284800536N11939401WA0169501765
B2236294800545N11939393WA0169301764
B2236304800555N11939385WA0169301763
B2236314800564N11939378WA0169401762
B2236324800573N11939370WA0169201762
B2236334800582N11939362WA0169201761
B2236344800591N11939354WA0168901761
B2236354800599N11939346WA0168901759
B2236364800607N11939339WA0168801758
B2236374800615N11939331WA0168601757
B2236384800623N11939323WA0168501755
B2236394800631N11939315WA0168101753
B2236404800639N11939307WA0168001750
B2236414800647N11939299WA0167801748
B2236424800655N11939291WA0167601746
B2236434800663N11939283WA0167301743
B2236444800671N11939276WA0167101741
B2236454800679N11939268WA0166801738
B2236464800687N11939261WA0166501735
B2236474800695N11939253WA0166201732
B2236484800703N11939245WA0166001729
B2236494800710N11939237WA0165501726
B2236504800718N11939229WA0165301723
B2236514800727N11939221WA0165001719
B2236524800735N11939213WA0164801716
B2236534800744N11939206WA0164501713
B2236544800752N11939198WA0164301711
B2236554800760N11939189WA0164001708
B2236564800769N11939181WA0163701706
B2236574800777N11939173WA0163301703
B2236584800786N11939165WA0163201700
B2236594800794N11939158WA0163001698
B2237004800803N11939151WA0162901695
B2237014800811N11939143WA0162501693
B2237024800819N11939135WA0162201690
B2237034800826N11939127WA0161801687
B2237044800834N11939118WA0161601684
B2237054800842N11939110WA0161301681
B2237064800850N11939102WA0161201678
B2237074800858N11939093WA0160901674
B2237084800865N11939083WA0160501671
B2237094800872N11939074WA0160201668
B2237104800880N11939064WA0160001666
B2237114800887N11939055WA0159801664
B2237124800894N11939046WA0159601662
B2237134800902N11939038WA0159501660
B2237144800909N11939029WA0159301658
B2237154800916N11939020WA0159001656
B2237164800923N11939011WA0158901654
B2237174800930N11939003WA0158701652
B2237184800937N11938995WA0158601651
B2237194800944N11938987WA0158401649
B2237204800950N11938978WA0158201646
B2237214800956N11938969WA0157901644
B2237224800963N11938960WA0157801643
B2237234800970N11938952WA0157601641
B2237244800976N11938943WA0157501639
B2237254800983N11938934WA0157301637
B2237264800990N11938925WA0157001634
B2237274800996N11938916WA0156801632
B2237284801003N11938907WA0156701630
B2237294801010N11938898WA0156401628
B2237304801017N11938888WA0156301627
B2237314801024N11938879WA0156201625
B2237324801031N11938870WA0156101624
B2237334801038N11938861WA0155901622
B2237344801045N11938851WA0155701620
B2237354801052N11938842WA0155501619
B2237364801059N11938832WA0155401617
B2237374801066N11938822WA0155201615
B2237384801074N11938813WA0155001613
B2237394801081N11938804WA0155001611
B2237404801088N11938794WA0154901609
B2237414801096N11938784WA0154601607
B2237424801103N11938773WA0154501606
B2237434801110N11938764WA0154201605
B2237444801118N11938755WA0154201603
B2237454801125N11938746WA0154001602
B2237464801133N11938737WA0153901600
B2237474801141N11938728WA0153501597
B2237484801149N11938719WA0153301595
B2237494801157N11938709WA0153201592
B2237504801165N11938699WA0152901590
B2237514801172N11938688WA0152701588
B2237524801180N11938678WA0152601587
B2237534801188N11938669WA0152501586
B2237544801195N11938659WA0152501586
B2237554801202N11938649WA0152301584
B2237564801209N11938639WA0152201583
B2237574801217N11938630WA0152001581
B2237584801225N11938620WA0151901579
B2237594801232N11938610WA0151701577
B2238004801240N11938600WA0151501575
B2238014801248N11938590WA0151301573
B2238024801255N11938579WA0151201572
B2238034801263N11938569WA0151101570
B2238044801271N11938560WA0151001569
B2238054801278N11938550WA0150801568
B2238064801286N11938540WA0150801567
B2238074801293N11938531WA0150601566
B2238084801300N11938521WA0150501565
B2238094801308N11938511WA0150401563
B2238104801315N11938501WA0150301562
B2238114801323N11938491WA0150201561
B2238124801331N11938482WA0150201561
B2238134801338N11938472WA0150101560
B2238144801345N11938462WA0150001559
B2238154801352N11938452WA0150001559
B2238164801359N11938443WA0149901559
B2238174801367N11938434WA0149901558
B2238184801375N11938426WA0150001558
B2238194801382N11938417WA0149901557
B2238204801389N11938407WA0149601556
B2238214801395N11938398WA0149501555
B2238224801402N11938388WA0149401553
B2238234801409N11938379WA0149101551
B2238244801417N11938370WA0149001549
B2238254801425N11938361WA0148901547
B2238264801432N11938352WA0148801546
B2238274801439N11938343WA0148601544
B2238284801446N11938334WA0148501542
B2238294801453N11938324WA0148201540
B2238304801460N11938315WA0148101539
B2238314801468N11938306WA0147901537
B2238324801475N11938298WA0147701536
B2238334801482N11938289WA0147501534
B2238344801489N11938281WA0147301532
B2238354801495N11938273WA0147201530
B2238364801502N11938264WA0146901527
B2238374801508N11938255WA0146401524
B2238384801515N11938247WA0146301521
B2238394801522N11938238WA0145901518
B2238404801530N11938231WA0145701514
B2238414801537N11938223WA0145201511
B2238424801545N11938215WA0145001507
B2238434801552N11938206WA0144501504
B2238444801559N11938198WA0144301500
B2238454801567N11938189WA0143901497
B2238464801575N11938181WA0143601493
B2238474801583N11938173WA0143201490
B2238484801591N11938165WA0142901486
B2238494801599N11938156WA0142501482
B2238504801608N11938148WA0142101478
B2238514801616N11938140WA0141701474
B2238524801624N11938131WA0141401470
B2238534801633N11938123WA0141001466
B2238544801641N11938114WA0140701461
B2238554801650N11938106WA0140201457
B2238564801659N11938097WA0139901453
B2238574801667N11938088WA0139601450
B2238584801676N11938079WA0139201446
B2238594801684N11938070WA0138701442
B2239004801693N11938062WA0138501438
B2239014801702N11938054WA0138001434
B2239024801711N11938045WA0137701431
B2239034801719N11938036WA0137401427
B2239044801727N11938027WA0137001423
B2239054801736N11938018WA0136601420
B2239064801745N11938010WA0136301416
B2239074801753N11938002WA0136001413
B2239084801761N11937994WA0135801410
B2239094801769N11937986WA0135401406
B2239104801777N11937978WA0135101402
B2239114801785N11937971WA0134601398
B2239124801792N11937964WA0134301395
B2239134801799N11937957WA0133901391
B2239144801806N11937951WA0133701388
B2239154801812N11937944WA0133401384
B2239164801818N11937938WA0133301383
B2239174801824N11937932WA0133101382
B2239184801829N11937926WA0133001380
B2239194801834N11937920WA0132901379
B2239204801838N11937915WA0132801378
B2239214801843N11937909WA0132701376
B2239224801849N11937903WA0132501374
B2239234801854N11937897WA0132101372
B2239244801860N11937891WA0132001369
B2239254801866N11937884WA0131801367
B2239264801872N11937877WA0131701365
B2239274801878N11937871WA0131501364
B2239284801884N11937866WA0131401362
B2239294801890N11937860WA0131201361
B2239304801896N11937854WA0131001359
B2239314801903N11937848WA0130701356
B2239324801909N11937842WA0130401354
B2239334801916N11937835WA0130301352
B2239344801922N11937828WA0130301352
B2239354801927N11937821WA0130401352
B2239364801933N11937815WA0130401353
B2239374801938N11937810WA0130701353
B2239384801944N11937804WA0130601353
B2239394801949N11937799WA0130301351
B2239404801954N11937794WA0130101349
B2239414801960N11937789WA0129801347
B2239424801965N11937784WA0129801345
B2239434801969N11937780WA0129601344
B2239444801974N11937776WA0129601343
B2239454801979N11937771WA0129401341
B2239464801983N11937767WA0129301340
B2239474801988N11937761WA0129101338
B2239484801994N11937756WA0129001337
B2239494802000N11937750WA0128901336
B2239504802006N11937743WA0128701335
B2239514802012N11937737WA0128601335
B2239524802019N11937733WA0128801337
B2239534802025N11937729WA0129101339
B2239544802030N11937725WA0129401342
B2239554802034N11937721WA0129701344
B2239564802038N11937717WA0129901347
B2239574802043N11937713WA0130101348
B2239584802047N11937710WA0130201350
B2239594802053N11937708WA0130301351
B2240004802059N11937707WA0130501354
B2240014802064N11937706WA0130801356
B2240024802069N11937704WA0131001359
B2240034802074N11937702WA0131401361
B2240044802078N11937701WA0131601364
B2240054802082N11937699WA0132001367
B2240064802084N11937696WA0132101369
B2240074802086N11937692WA0132301371
B2240084802084N11937687WA0132301371
B2240094802081N11937683WA0132501372
B2240104802075N11937684WA0132701373
B2240114802070N11937688WA0132901374
B2240124802066N11937697WA0132701375
B2240134802064N11937708WA0132601374
B2240144802066N11937721WA0132501373
B2240154802068N11937733WA0132801374
B2240164802071N11937742WA0133101379
B2240174802074N11937748WA0133501384
B2240184802078N11937753WA0133601386
B2240194802083N11937758WA0133701386
B2240204802090N11937763WA0133601385
B2240214802097N11937765WA0133701386
B2240224802103N11937766WA0133801388
B2240234802107N11937765WA0134001390
B2240244802111N11937763WA0134201392
B2240254802114N11937761WA0134301393
B2240264802118N11937758WA0134301394
B2240274802121N11937755WA0134401394
B2240284802124N11937751WA0134301394
B2240294802127N11937747WA0134201393
B2240304802131N11937742WA0134201393
B2240314802134N11937739WA0134301393
B2240324802139N11937735WA0134201393
B2240334802143N11937732WA0133901391
B2240344802148N11937728WA0133901390
B2240354802152N11937724WA0133901389
B2240364802156N11937718WA0134001389
B2240374802159N11937713WA0133901388
B2240384802163N11937706WA0133801387
B2240394802169N11937700WA0133601386
B2240404802174N11937693WA0133501384
B2240414802180N11937686WA0133301382
B2240424802186N11937679WA0133101381
B2240434802193N11937672WA0133101381
B2240444802199N11937667WA0133201381
B2240454802205N11937662WA0133201381
B2240464802211N11937658WA0133201380
B2240474802217N11937653WA0132901379
B2240484802223N11937647WA0132701378
B2240494802229N11937640WA0132201374
B2240504802236N11937633WA0132001371
B2240514802242N11937627WA0131701368
B2240524802249N11937620WA0131501365
B2240534802255N11937613WA0131201363
B2240544802261N11937606WA0131101361
B2240554802267N11937599WA0131101359
B2240564802272N11937591WA0131101359
B2240574802277N11937583WA0131101359
B2240584802282N11937575WA0131101359
B2240594802287N11937567WA0131401361
B2241004802292N11937559WA0131601363
B2241014802297N11937552WA0131901366
B2241024802302N11937543WA0132001368
B2241034802307N11937535WA0132201369
B2241044802313N11937526WA0132301371
B2241054802319N11937518WA0132701373
B2241064802324N11937510WA0133001377
B2241074802329N11937503WA0133601381
B2241084802332N11937496WA0133801385
B2241094802336N11937490WA0134101389
B2241104802340N11937485WA0134401391
B2241114802344N11937479WA0134601393
B2241124802349N11937474WA0134601394
B2241134802354N11937467WA0134701394
B2241144802357N11937460WA0134501394
B2241154802360N11937453WA0134601394
B2241164802363N11937446WA0134401393
B2241174802367N11937439WA0134301393
B2241184802372N11937433WA0134401392
B2241194802378N11937429WA0134301391
B2241204802384N11937424WA0134101389
B2241214802389N11937420WA0133901388
B2241224802393N11937414WA0133801385
B2241234802398N11937409WA0133501383
B2241244802404N11937403WA0133401381
B2241254802409N11937397WA0133101379
B2241264802415N11937392WA0133001378
B2241274802421N11937386WA0133001377
B2241284802426N11937381WA0132901377
B2241294802431N11937375WA0132801376
B2241304802436N11937370WA0132601374
B2241314802442N11937365WA0132601374
B2241324802448N11937361WA0132601374
B2241334802453N11937357WA0132801375
B2241344802459N11937354WA0132901376
B2241354802464N11937350WA0133001377
B2241364802469N11937347WA0132901377
B2241374802474N11937344WA0132901377
B2241384802480N11937342WA0132701376
B2241394802485N11937340WA0132701375
B2241404802490N11937337WA0132501374
B2241414802494N11937334WA0132201372
B2241424802499N11937331WA0132001369
B2241434802504N11937327WA0131501365
B2241444802511N11937322WA0131101360
B2241454802518N11937317WA0130601356
B2241464802525N11937311WA0130601354
B2241474802532N11937306WA0130701354
B2241484802537N11937301WA0130801355
B2241494802542N11937296WA0131401358
B2241504802545N11937293WA0131601361
B2241514802548N11937290WA0131901364
B2241524802552N11937288WA0132001365
B2241534802557N11937287WA0132001365
B2241544802562N11937287WA0132001365
B2241554802566N11937286WA0131901365
B2241564802570N11937284WA0131901365
B2241574802574N11937282WA0131701364
B2241584802578N11937280WA0131601362
B2241594802584N11937279WA0131501361
B2242004802590N11937276WA0131401361
B2242014802595N11937272WA0131701363
B2242024802599N11937268WA0132001365
B2242034802603N11937266WA0132201368
B2242044802607N11937264WA0132301369
B2242054802611N11937262WA0132101368
B2242064802617N11937257WA0132001367
B2242074802623N11937251WA0132001365
B2242084802629N11937247WA0132001367
B2242094802634N11937245WA0132501370
B2242104802639N11937244WA0132701373
B2242114802643N11937242WA0132801375
B2242124802648N11937241WA0132901376
B2242134802654N11937238WA0132901376
B2242144802661N11937234WA0132801376
B2242154802668N11937231WA0132901377
B2242164802675N11937229WA0133101379
B2242174802681N11937229WA0133401382
B2242184802686N11937231WA0133801385
B2242194802691N11937232WA0133901387
B2242204802697N11937232WA0133901388
B2242214802703N11937233WA0134001389
B2242224802709N11937235WA0134201390
B2242234802715N11937239WA0134401392
B2242244802718N11937246WA0134601394
B2242254802719N11937254WA0134601395
B2242264802717N11937262WA0134701396
B2242274802715N11937268WA0134901398
B2242284802711N11937273WA0135301401
B2242294802708N11937276WA0135701404
B2242304802704N11937280WA0135701407
B2242314802701N11937285WA0135701408
B2242324802697N11937291WA0135801409
B2242334802692N11937295WA0135901410
B2242344802687N11937297WA0136101411
B2242354802682N11937297WA0136301413
B2242364802677N11937297WA0136401414
B2242374802672N11937297WA0136601415
B2242384802667N11937298WA0136601416
B2242394802661N11937298WA0136701417
B2242404802656N11937298WA0136801418
B2242414802652N11937296WA0136901420
B2242424802649N11937292WA0137101421
B2242434802648N11937286WA0137401423
B2242444802648N11937280WA0137401425
B2242454802649N11937275WA0137601427
B2242464802650N11937270WA0137601428
B2242474802652N11937265WA0137501428
B2242484802655N11937259WA0137501427
B2242494802660N11937253WA0137201426
B2242504802665N11937246WA0137201425
B2242514802670N11937241WA0137401427
B2242524802675N11937237WA0137501429
B2242534802681N11937233WA0137701430
B2242544802687N11937231WA0137701431
B2242554802693N11937227WA0137701431
B2242564802698N11937224WA0137701431
B2242574802704N11937219WA0137901432
B2242584802710N11937215WA0138001434
B2242594802716N11937212WA0138001435
B2243004802722N11937209WA0138101435
B2243014802729N11937206WA0138101435
B2243024802736N11937203WA0138201435
B2243034802742N11937199WA0138401437
B2243044802749N11937195WA0138501438
B2243054802755N11937191WA0138501440
B2243064802762N11937188WA0138701441
B2243074802768N11937188WA0139101444
B2243084802774N11937191WA0139301446
B2243094802778N11937198WA0139301446
B2243104802781N11937206WA0139401446
B2243114802780N11937214WA0139501447
B2243124802778N11937219WA0139601448
B2243134802774N11937220WA0139701449
B2243144802770N11937217WA0139701449
B2243154802767N11937211WA0139901451
B2243164802767N11937204WA0140001453
B2243174802768N11937195WA0140101453
B2243184802772N11937185WA0140001454
B2243194802777N11937177WA0140001454
B2243204802783N11937171WA0140301456
B2243214802789N11937168WA0140601458
B2243224802795N11937168WA0140701461
B2243234802801N11937171WA0140801461
B2243244802805N11937178WA0140901460
B2243254802807N11937187WA0140801460
B2243264802806N11937195WA0140901461
B2243274802804N11937199WA0140901462
B2243284802800N11937200WA0141001463
B2243294802796N11937198WA0141201464
B2243304802793N11937194WA0141201465
B2243314802790N11937189WA0141301466
B2243324802788N11937183WA0141501468
B2243334802788N11937176WA0141701469
B2243344802790N11937167WA0141701470
B2243354802792N11937158WA0141501469
B2243364802796N11937149WA0141601470
B2243374802800N11937140WA0141701471
B2243384802804N11937131WA0141801472
B2243394802808N11937123WA0141801473
B2243404802812N11937115WA0141901475
B2243414802816N11937108WA0142001475
B2243424802820N11937101WA0142101476
B2243434802824N11937094WA0142101476
B2243444802827N11937087WA0141901475
B2243454802831N11937079WA0141901475
B2243464802835N11937071WA0141901475
B2243474802839N11937063WA0141801475
B2243484802844N11937055WA0142001475
B2243494802849N11937048WA0142101476
B2243504802853N11937041WA0142101477
B2243514802857N11937033WA0142101477
B2243524802862N11937025WA0142201477
B2243534802868N11937018WA0142201477
B2243544802873N11937011WA0142301478
B2243554802878N11937005WA0142501480
B2243564802883N11936999WA0142601481
B2243574802888N11936993WA0142701483
B2243584802893N11936987WA0142901484
B2243594802897N11936980WA0143001485
B2244004802903N11936973WA0143001486
B2244014802908N11936965WA0143301488
B2244024802912N11936957WA0143601491
B2244034802915N11936949WA0144001494
B2244044802918N11936942WA0144101498
B2244054802922N11936936WA0144501501
B2244064802926N11936931WA0144801503
B2244074802929N11936925WA0145101506
B2244084802929N11936917WA0145101508
B2244094802927N11936910WA0145101508
B2244104802923N11936905WA0145101507
B2244114802918N11936903WA0145301510
B2244124802915N11936904WA0145401512
B2244134802914N11936907WA0145401513
B2244144802912N11936912WA0145301512
B2244154802912N11936919WA0145101510
B2244164802911N11936928WA0144901508
B2244174802912N11936936WA0144901509
B2244184802913N11936943WA0145201510
B2244194802914N11936950WA0145601513
B2244204802916N11936956WA0145701515
B2244214802919N11936961WA0145901516
B2244224802925N11936965WA0146101517
B2244234802931N11936967WA0146101518
B2244244802938N11936967WA0146301520
B2244254802944N11936967WA0146501523
B2244264802950N11936966WA0146801526
B2244274802955N11936966WA0147201529
B2244284802961N11936966WA0147501532
B2244294802967N11936963WA0147901535
B2244304802972N11936958WA0148101537
B2244314802975N11936951WA0148401540
B2244324802978N11936942WA0148501542
B2244334802980N11936933WA0148801544
B2244344802980N11936924WA0149001547
B2244354802978N11936917WA0149201549
B2244364802976N11936911WA0149401552
B2244374802972N11936907WA0149701554
B2244384802968N11936906WA0149801556
B2244394802965N11936908WA0149901557
B2244404802963N11936913WA0150001557
B2244414802962N11936920WA0150001558
B2244424802964N11936928WA0150001558
B2244434802969N11936936WA0150001559
B2244444802974N11936942WA0150201561
B2244454802980N11936946WA0150601564
B2244464802986N11936949WA0150901568
B2244474802991N11936949WA0151301571
B2244484802997N11936949WA0151501574
B2244494803003N11936948WA0151901577
B2244504803008N11936945WA0152201581
B2244514803013N11936939WA0152501583
B2244524803017N11936931WA0152601585
B2244534803019N11936922WA0152801587
B2244544803019N11936913WA0152901589
B2244554803017N11936906WA0153201590
B2244564803013N11936904WA0153301592
B2244574803010N11936905WA0153401593
B2244584803007N11936910WA0153701595
B2244594803006N11936916WA0153901598
B2245004803007N11936924WA0154001600
B2245014803010N11936932WA0154201602
B2245024803014N11936939WA0154401604
B2245034803018N11936945WA0154601607
B2245044803023N11936950WA0155001611
B2245054803028N11936954WA0155401614
B2245064803034N11936955WA0155601618
B2245074803040N11936952WA0155801619
B2245084803045N11936947WA0155801620
B2245094803049N11936939WA0155801621
B2245104803052N11936931WA0155901621
B2245114803053N11936923WA0156001622
B2245124803053N11936914WA0156101623
B2245134803051N11936907WA0156301624
B2245144803049N11936902WA0156501626
B2245154803045N11936900WA0156701628
B2245164803042N11936900WA0156901630
B2245174803039N11936901WA0157201633
B2245184803036N11936903WA0157301635
B2245194803034N11936907WA0157501637
B2245204803033N11936914WA0157601638
B2245214803034N11936922WA0157601638
B2245224803037N11936931WA0157701639
B2245234803042N11936938WA0158001641
B2245244803048N11936942WA0158201645
B2245254803054N11936945WA0158501648
B2245264803061N11936947WA0158701650
B2245274803067N11936950WA0158901652
B2245284803073N11936954WA0159001653
B2245294803079N11936959WA0159101653
B2245304803085N11936963WA0159201654
B2245314803092N11936967WA0159401655
B2245324803098N11936971WA0159301656
B2245334803105N11936975WA0159401656
B2245344803112N11936980WA0159301655
B2245354803118N11936986WA0159501656
B2245364803123N11936992WA0159701658
B2245374803129N11936997WA0160001661
B2245384803134N11937003WA0160201664
B2245394803139N11937008WA0160401665
B2245404803143N11937013WA0160401666
B2245414803147N11937019WA0160201665
B2245424803152N11937025WA0160201665
B2245434803157N11937031WA0160101664
B2245444803164N11937037WA0159801662
B2245454803171N11937043WA0159601660
B2245464803179N11937048WA0159501658
B2245474803187N11937054WA0159701659
B2245484803194N11937059WA0159801660
B2245494803202N11937063WA0160001662
B2245504803210N11937066WA0160101663
B2245514803217N11937070WA0160201665
B2245524803224N11937075WA0160301665
B2245534803231N11937081WA0160401666
B2245544803238N11937087WA0160501666
B2245554803245N11937092WA0160501667
B2245564803252N11937098WA0160801669
B2245574803258N11937103WA0161201673
B2245584803264N11937107WA0161401676
B2245594803270N11937111WA0161601678
B2246004803276N11937116WA0161701679
B2246014803283N11937119WA0161901680
B2246024803291N11937123WA0162001682
B2246034803298N11937126WA0162401685
B2246044803304N11937129WA0162601688
B2246054803310N11937135WA0163001691
B2246064803314N11937144WA0163301693
B2246074803316N11937153WA0163601696
B2246084803315N11937161WA0163801699
B2246094803311N11937167WA0164201702
B2246104803307N11937168WA0164401704
B2246114803303N11937166WA0164701707
B2246124803300N11937161WA0164801709
B2246134803300N11937153WA0165101712
B2246144803302N11937144WA0165301713
B2246154803307N11937136WA0165401716
B2246164803314N11937130WA0165501718
B2246174803321N11937128WA0165801720
B2246184803329N11937129WA0166101724
B2246194803335N11937133WA0166501727
B2246204803340N11937140WA0166701730
B2246214803344N11937148WA0166901732
B2246224803346N11937156WA0167101734
B2246234803346N11937165WA0167301736
B2246244803345N11937173WA0167501738
B2246254803342N11937179WA0167801740
B2246264803337N11937181WA0167901742
B2246274803333N11937179WA0168201744
B2246284803331N11937174WA0168301747
B2246294803330N11937166WA0168701749
B2246304803332N11937158WA0168901752
B2246314803337N11937152WA0169101754
B2246324803343N11937147WA0169201756
B2246334803349N11937145WA0169601759
B2246344803355N11937146WA0169701762
B2246354803362N11937150WA0169901763
B2246364803369N11937155WA0170001764
B2246374803375N11937162WA0170201766
B2246384803380N11937168WA0170401768
B2246394803384N11937176WA0170601771
B2246404803389N11937183WA0170801773
B2246414803393N11937191WA0170901775
B2246424803397N11937200WA0171101777
B2246434803400N11937210WA0171401780
B2246444803401N11937219WA0171601782
B2246454803401N11937228WA0171901785
B2246464803400N11937236WA0172101787
B2246474803397N11937243WA0172501790
B2246484803393N11937247WA0172701792
B2246494803388N11937248WA0172801794
B2246504803384N11937245WA0173001795
B2246514803382N11937239WA0173401798
B2246524803382N11937231WA0173501800
B2246534803385N11937222WA0173801803
B2246544803389N11937215WA0174001806
B2246554803394N11937209WA0174401809
B2246564803399N11937204WA0174601813
B2246574803404N11937201WA0175001817
B2246584803411N11937199WA0175201820
B2246594803418N11937199WA0175301821
B2247004803426N11937200WA0175401822
B2247014803434N11937202WA0175501824
B2247024803441N11937205WA0175901826
B2247034803447N11937208WA0176201829
B2247044803453N11937213WA0176401832
B2247054803457N11937219WA0176601834
B2247064803461N11937226WA0176701835
B2247074803464N11937235WA0176801835
B2247084803465N11937245WA0176801836
B2247094803463N11937254WA0177001838
B2247104803460N11937261WA0177201840
B2247114803456N11937265WA0177501842
B2247124803451N11937265WA0177701844
B2247134803447N11937262WA0177901846
B2247144803445N11937256WA0178001848
B2247154803445N11937248WA0178201849
B2247164803446N11937240WA0178401851
B2247174803449N11937232WA0178601853
B2247184803454N11937227WA0178701856
B2247194803460N11937224WA0179001858
B2247204803467N11937224WA0179101860
B2247214803475N11937226WA0179201861
B2247224803481N11937231WA0179301863
B2247234803486N11937238WA0179601865
B2247244803488N11937247WA0179701866
B2247254803488N11937256WA0179801867
B2247264803487N11937265WA0179901869
B2247274803485N11937272WA0180201871
B2247284803481N11937276WA0180401874
B2247294803477N11937276WA0180501875
B2247304803472N11937274WA0180601876
B2247314803469N11937269WA0180701877
B2247324803466N11937263WA0180801878
B2247334803464N11937256WA0181001880
B2247344803464N11937248WA0181201882
B2247354803465N11937240WA0181301883
B2247364803467N11937231WA0181401884
B2247374803472N11937223WA0181601886
B2247384803478N11937218WA0181701888
B2247394803485N11937216WA0182001890
B2247404803492N11937217WA0182301893
B2247414803498N11937219WA0182701896
B2247424803504N11937222WA0182901899
B2247434803509N11937227WA0183201902
B2247444803513N11937234WA0183301904
B2247454803515N11937243WA0183601906
B2247464803515N11937252WA0183801909
B2247474803513N11937260WA0184301913
B2247484803510N11937266WA0184601917
B2247494803507N11937270WA0184901920
B2247504803504N11937273WA0185001922
B2247514803499N11937274WA0185101923
B2247524803495N11937272WA0185301924
B2247534803491N11937267WA0185401925
B2247544803488N11937260WA0185501927
B2247554803486N11937251WA0185701929
B2247564803487N11937241WA0185901931
B2247574803489N11937232WA0186101933
B2247584803492N11937223WA0186201935
B2247594803496N11937215WA0186501937
B2248004803500N11937208WA0186601939
B2248014803505N11937203WA0186901942
B2248024803511N11937199WA0187101943
B2248034803518N11937196WA0187101944
B2248044803525N11937195WA0187201945
B2248054803533N11937195WA0187301945
B2248064803540N11937196WA0187301946
B2248074803547N11937199WA0187401947
B2248084803553N11937204WA0187501947
B2248094803559N11937211WA0187501948
B2248104803562N11937220WA0187601949
B2248114803564N11937229WA0187801950
B2248124803566N11937238WA0187901953
B2248134803567N11937246WA0188201955
B2248144803568N11937254WA0188501958
B2248154803568N11937262WA0188801960
B2248164803568N11937271WA0189001963
B2248174803567N11937279WA0189501967
B2248184803566N11937285WA0189801971
B2248194803563N11937290WA0190301975
B2248204803561N11937296WA0190501978
B2248214803558N11937302WA0190801982
B2248224803555N11937307WA0191301986
B2248234803551N11937311WA0191801990
B2248244803547N11937313WA0192001994
B2248254803544N11937311WA0192401997
B2248264803541N11937307WA0192602000
B2248274803539N11937301WA0192802002
B2248284803538N11937295WA0193102005
B2248294803539N11937287WA0193502009
B2248304803541N11937280WA0193702012
B2248314803543N11937273WA0194002015
B2248324803547N11937266WA0194102017
B2248334803552N11937259WA0194302019
B2248344803558N11937253WA0194502021
B2248354803564N11937248WA0194802023
B2248364803572N11937246WA0195002026
B2248374803579N11937246WA0195402028
B2248384803586N11937249WA0195502031
B2248394803592N11937254WA0195802033
B2248404803598N11937261WA0195902034
B2248414803602N11937270WA0196002036
B2248424803606N11937278WA0196302039
B2248434803608N11937287WA0196702042
B2248444803609N11937295WA0197002046
B2248454803608N11937301WA0197302049
B2248464803606N11937307WA0197402051
B2248474803603N11937313WA0197602052
B2248484803600N11937319WA0197802054
B2248494803598N11937325WA0198002056
B2248504803595N11937330WA0198202059
B2248514803591N11937332WA0198602062
B2248524803586N11937331WA0198802064
B2248534803583N11937326WA0199102066
B2248544803581N11937319WA0199402070
B2248554803582N11937312WA0199802074
B2248564803586N11937305WA0200002077
B2248574803592N11937300WA0200302079
B2248584803599N11937297WA0200302081
B2248594803607N11937296WA0200602083
B2249004803614N11937298WA0200902086
B2249014803621N11937303WA0201102089
B2249024803625N11937310WA0201302091
B2249034803629N11937318WA0201502093
B2249044803631N11937327WA0201602095
B2249054803632N11937335WA0201902097
B2249064803632N11937343WA0202002100
B2249074803631N11937350WA0202302102
B2249084803628N11937355WA0202402103
B2249094803623N11937359WA0202602104
B2249104803618N11937359WA0202602105
B2249114803614N11937356WA0202802107
B2249124803611N11937351WA0202902109
B2249134803610N11937344WA0203102111
B2249144803611N11937336WA0203502113
B2249154803613N11937329WA0203702116
B2249164803617N11937323WA0203902119
B2249174803622N11937317WA0204102122
B2249184803627N11937312WA0204302124
B2249194803633N11937307WA0204402125
B2249204803639N11937303WA0204502126
B2249214803647N11937300WA0204602127
B2249224803654N11937299WA0204702128
B2249234803662N11937298WA0204902130
B2249244803669N11937299WA0205102132
B2249254803676N11937299WA0205402134
B2249264803683N11937298WA0205502136
B2249274803690N11937296WA0205602137
B2249284803696N11937292WA0205602138
B2249294803703N11937288WA0205902139
B2249304803711N11937284WA0205902140
B2249314803718N11937281WA0206102142
B2249324803725N11937279WA0206202143
B2249334803733N11937278WA0206302145
B2249344803740N11937276WA0206402145
B2249354803748N11937273WA0206502146
B2249364803756N11937270WA0206602147
B2249374803765N11937267WA0206802148
B2249384803774N11937265WA0207002150
B2249394803782N11937264WA0207302153
B2249404803790N11937263WA0207402156
B2249414803798N11937262WA0207602157
B2249424803806N11937261WA0207602157
B2249434803815N11937259WA0207402156
B2249444803824N11937257WA0207302155
B2249454803834N11937257WA0207402155
B2249464803843N11937257WA0207502156
B2249474803851N11937257WA0207602158
B2249484803860N11937256WA0207602158
B2249494803868N11937254WA0207602158
B2249504803876N11937253WA0207402156
B2249514803885N11937251WA0207002154
B2249524803894N11937248WA0207002152
B2249534803902N11937245WA0206902151
B2249544803910N11937242WA0206802150
B2249554803917N11937238WA0206702149
B2249564803924N11937233WA0206502147
B2249574803932N11937230WA0206402145
B2249584803940N11937225WA0206202142
B2249594803949N11937220WA0205802139
B2250004803958N11937215WA0205402136
B2250014803968N11937209WA0205202133
B2250024803977N11937203WA0205002130
B2250034803987N11937196WA0204802128
B2250044803997N11937190WA0204802127
B2250054804007N11937184WA0204802127
B2250064804017N11937178WA0204702126
B2250074804026N11937171WA0204602126
B2250084804035N11937165WA0204702126
B2250094804044N11937158WA0204702125
B2250104804053N11937152WA0204602125
B2250114804062N11937146WA0204802125
B2250124804071N11937141WA0204602124
B2250134804080N11937136WA0204402123
B2250144804089N11937132WA0204202121
B2250154804099N11937127WA0203902118
B2250164804108N11937121WA0203602115
B2250174804117N11937115WA0203102112
B2250184804126N11937109WA0202902108
B2250194804135N11937102WA0202602106
B2250204804144N11937095WA0202402103
B2250214804153N11937088WA0202102101
B2250224804162N11937083WA0201902099
B2250234804172N11937078WA0201902097
B2250244804182N11937074WA0201702095
B2250254804192N11937069WA0201302093
B2250264804202N11937064WA0201002090
B2250274804212N11937060WA0200702087
B2250284804222N11937055WA0200602085
B2250294804231N11937050WA0200502083
B2250304804241N11937046WA0200402081
B2250314804251N11937041WA0200002079
B2250324804260N11937036WA0200002077
B2250334804270N11937030WA0199802075
B2250344804280N11937026WA0199302072
B2250354804290N11937021WA0199402070
B2250364804300N11937015WA0199302069
B2250374804310N11937009WA0199002068
B2250384804320N11937004WA0199002067
B2250394804329N11937000WA0199102067
B2250404804339N11936996WA0199002066
B2250414804349N11936992WA0198802064
B2250424804359N11936987WA0198602062
B2250434804369N11936981WA0198202060
B2250444804379N11936977WA0198002059
B2250454804389N11936973WA0198202057
B2250464804399N11936969WA0198102056
B2250474804409N11936964WA0198002055
B2250484804419N11936959WA0197802054
B2250494804428N11936954WA0197602052
B2250504804438N11936948WA0197502050
B2250514804448N11936943WA0197302049
B2250524804457N11936938WA0197302047
B2250534804467N11936932WA0197102045
B2250544804476N11936926WA0197002044
B2250554804484N11936919WA0196902043
B2250564804492N11936912WA0196802042
B2250574804500N11936905WA0196702042
B2250584804509N11936899WA0196502041
B2250594804517N11936892WA0196402039
B2251004804525N11936885WA0196302037
B2251014804533N11936878WA0195902035
B2251024804542N11936871WA0195602033
B2251034804551N11936866WA0195502032
B2251044804561N11936863WA0195402030
B2251054804572N11936860WA0195402029
B2251064804582N11936858WA0195102028
B2251074804591N11936856WA0195002027
B2251084804601N11936854WA0194902026
B2251094804611N11936853WA0194702024
B2251104804620N11936851WA0194602021
B2251114804630N11936848WA0194202019
B2251124804639N11936844WA0193902016
B2251134804649N11936841WA0193702014
B2251144804659N11936838WA0193702013
B2251154804669N11936835WA0193602011
B2251164804679N11936832WA0193402010
B2251174804689N11936829WA0193202008
B2251184804699N11936826WA0193102006
B2251194804709N11936824WA0192802004
B2251204804720N11936822WA0192702002
B2251214804730N11936820WA0192502000
B2251224804740N11936818WA0192401999
B2251234804750N11936816WA0192201997
B2251244804761N11936814WA0192201995
B2251254804771N11936812WA0192001994
B2251264804782N11936810WA0191901992
B2251274804792N11936807WA0191701991
B2251284804802N11936804WA0191601990
B2251294804812N11936800WA0191501989
B2251304804821N11936797WA0191401987
B2251314804831N11936794WA0191201986
B2251324804840N11936791WA0191101984
B2251334804850N11936788WA0191001983
B2251344804859N11936785WA0190901982
B2251354804869N11936781WA0190701980
B2251364804878N11936778WA0190601979
B2251374804887N11936774WA0190301978
B2251384804897N11936771WA0190201976
B2251394804906N11936767WA0190101975
B2251404804915N11936762WA0189901973
B2251414804924N11936757WA0189701971
B2251424804933N11936753WA0189801970
B2251434804943N11936749WA0189801968
B2251444804952N11936745WA0189701967
B2251454804960N11936740WA0189601967
B2251464804969N11936736WA0189401967
B2251474804977N11936731WA0189401966
B2251484804986N11936727WA0189201965
B2251494804995N11936723WA0189001963
B2251504805005N11936718WA0189001962
B2251514805014N11936713WA0188901960
B2251524805023N11936708WA0188801959
B2251534805033N11936702WA0188701958
B2251544805042N11936697WA0188701958
B2251554805052N11936693WA0188801958
B2251564805061N11936689WA0188801958
B2251574805069N11936685WA0188701958
B2251584805077N11936681WA0188501957
B2251594805085N11936677WA0188201955
B2252004805093N11936672WA0187901952
B2252014805101N11936667WA0187501948
B2252024805110N11936663WA0187001945
B2252034805118N11936657WA0186501941
B2252044805124N11936650WA0186701939
B2252054805129N11936642WA0186501936
B2252064805132N11936634WA0186301934
B2252074805135N11936629WA0186301932
B2252084805138N11936625WA0186201932
B2252094805142N11936622WA0185901930
B2252104805148N11936619WA0185501925
B2252114805155N11936616WA0184901920
B2252124805163N11936612WA0184401915
B2252134805171N11936607WA0184001911
B2252144805179N11936602WA0183801908
B2252154805188N11936597WA0183601906
B2252164805196N11936594WA0183501904
B2252174805204N11936592WA0183201902
B2252184805213N11936590WA0183101900
B2252194805221N11936589WA0182701897
B2252204805230N11936587WA0182401893
B2252214805238N11936583WA0182101890
B2252224805247N11936578WA0181801887
B2252234805255N11936573WA0181501884
B2252244805265N11936568WA0181201882
B2252254805275N11936563WA0181101880
B2252264805284N11936558WA0181001879
B2252274805294N11936553WA0180701878
B2252284805303N11936548WA0180601877
B2252294805312N11936543WA0180501875
B2252304805321N11936539WA0180401873
B2252314805330N11936536WA0180201872
B2252324805339N11936532WA0179901869
B2252334805348N11936527WA0179701867
B2252344805357N11936523WA0179401864
B2252354805368N11936518WA0179101861
B2252364805379N11936514WA0178801859
B2252374805390N11936510WA0178701856
B2252384805401N11936506WA0178701855
B2252394805412N11936500WA0178501854
B2252404805422N11936495WA0178501853
B2252414805433N11936490WA0178501853
B2252424805443N11936486WA0178501852
B2252434805454N11936482WA0178301850
B2252444805464N11936477WA0178001848
B2252454805474N11936472WA0177701846
B2252464805485N11936467WA0177501844
B2252474805497N11936463WA0177301840
B2252484805508N11936459WA0176901838
B2252494805519N11936454WA0176701835
B2252504805530N11936450WA0176601833
B2252514805541N11936446WA0176401831
B2252524805552N11936442WA0176201829
B2252534805563N11936438WA0176001827
B2252544805574N11936434WA0175901825
B2252554805585N11936430WA0175601822
B2252564805595N11936426WA0175401821
B2252574805606N11936422WA0175201819
B2252584805616N11936417WA0175101817
B2252594805626N11936413WA0174701814
B2253004805636N11936409WA0174401811
B2253014805646N11936405WA0173901808
B2253024805656N11936401WA0173701804
B2253034805665N11936397WA0173101801
B2253044805675N11936394WA0172901797
B2253054805685N11936391WA0172501793
B2253064805694N11936387WA0172201790
B2253074805703N11936383WA0171701786
B2253084805712N11936380WA0171301783
B2253094805722N11936378WA0171101780
B2253104805730N11936377WA0171101778
B2253114805739N11936376WA0170801776
B2253124805747N11936373WA0170601772
B2253134805755N11936370WA0170001768
B2253144805764N11936366WA0169801764
B2253154805774N11936363WA0169401761
B2253164805783N11936360WA0169301758
B2253174805792N11936357WA0169001755
B2253184805802N11936353WA0168801753
B2253194805810N11936350WA0168501751
B2253204805819N11936346WA0168501749
B2253214805826N11936342WA0168201747
B2253224805834N11936338WA0168001745
B2253234805842N11936334WA0167701743
B2253244805851N11936330WA0167501740
B2253254805859N11936326WA0167201736
B2253264805868N11936322WA0167001734
B2253274805878N11936317WA0166701731
B2253284805887N11936313WA0166501729
B2253294805897N11936310WA0166301727
B2253304805906N11936307WA0166101725
B2253314805916N11936304WA0165701722
B2253324805925N11936301WA0165501719
B2253334805934N11936296WA0165301716
B2253344805944N11936292WA0164901713
B2253354805954N11936288WA0164801711
B2253364805963N11936286WA0164901711
B2253374805972N11936283WA0164901712
B2253384805979N11936281WA0165001712
B2253394805985N11936277WA0164801711
B2253404805992N11936274WA0164601708
B2253414805998N11936271WA0163901704
B2253424806006N11936267WA0163401698
B2253434806014N11936263WA0162601692
B2253444806023N11936259WA0162301687
B2253454806031N11936255WA0162001683
B2253464806039N11936251WA0161901681
B2253474806047N11936248WA0161601679
B2253484806055N11936244WA0161301676
B2253494806063N11936240WA0160901672
B2253504806072N11936237WA0160701667
B2253514806080N11936233WA0160101663
B2253524806090N11936230WA0159601659
B2253534806099N11936227WA0159201655
B2253544806108N11936224WA0159101652
B2253554806116N11936220WA0158501648
B2253564806124N11936217WA0158301645
B2253574806132N11936213WA0158001642
B2253584806140N11936210WA0157901639
B2253594806147N11936207WA0157501635
B2254004806155N11936202WA0157001631
B2254014806162N11936197WA0156501626
B2254024806170N11936192WA0156101621
B2254034806178N11936187WA0155601616
B2254044806185N11936182WA0155301612
B2254054806192N11936176WA0154701608
B2254064806200N11936171WA0154401603
B2254074806207N11936166WA0154001600
B2254084806215N11936161WA0153701596
B2254094806222N11936155WA0153301593
B2254104806230N11936150WA0153101590
B2254114806237N11936144WA0152701587
B2254124806244N11936138WA0152301583
B2254134806251N11936134WA0152001580
B2254144806259N11936130WA0151701576
B2254154806267N11936127WA0151401573
B2254164806275N11936124WA0151001568
B2254174806283N11936120WA0150301562
B2254184806292N11936117WA0149801556
B2254194806300N11936112WA0149101550
B2254204806309N11936107WA0148701544
B2254214806317N11936102WA0147901540
B2254224806326N11936098WA0147901536
B2254234806334N11936093WA0147401532
B2254244806342N11936088WA0147101528
B2254254806349N11936081WA0146501523
B2254264806357N11936074WA0146101518
B2254274806365N11936068WA0145501514
B2254284806372N11936062WA0145301510
B2254294806380N11936055WA0145201507
B2254304806387N11936049WA0144901504
B2254314806395N11936042WA0144501501
B2254324806401N11936035WA0144301499
B2254334806408N11936029WA0144101497
B2254344806415N11936023WA0144001494
B2254354806422N11936016WA0143601491
B2254364806429N11936009WA0143401488
B2254374806435N11936001WA0143101486
B2254384806442N11935993WA0143001484
B2254394806448N11935986WA0142901483
B2254404806453N11935978WA0142801482
B2254414806459N11935970WA0142601480
B2254424806465N11935962WA0142401479
B2254434806471N11935954WA0142601478
B2254444806477N11935947WA0142501478
B2254454806482N11935939WA0142901479
B2254464806486N11935933WA0143101482
B2254474806491N11935927WA0143601485
B2254484806495N11935922WA0143901489
B2254494806499N11935918WA0144201492
B2254504806503N11935913WA0144401495
B2254514806507N11935909WA0144601497
B2254524806512N11935904WA0144701499
B2254534806517N11935899WA0145001500
B2254544806522N11935893WA0145101502
B2254554806526N11935888WA0145401505
B2254564806531N11935883WA0145601507
B2254574806535N11935877WA0145801509
B2254584806540N11935870WA0146001511
B2254594806544N11935864WA0146101513
B2255004806549N11935858WA0146101514
B2255014806554N11935853WA0146301515
B2255024806560N11935848WA0146401517
B2255034806564N11935843WA0146601519
B2255044806568N11935837WA0146601520
B2255054806571N11935830WA0146801521
B2255064806574N11935824WA0146901523
B2255074806578N11935817WA0147001524
B2255084806581N11935810WA0147101524
B2255094806584N11935803WA0147101524
B2255104806588N11935795WA0147101525
B2255114806594N11935788WA0147301526
B2255124806599N11935781WA0147401528
B2255134806604N11935775WA0147601530
B2255144806609N11935768WA0147801532
B2255154806614N11935761WA0148001533
B2255164806619N11935754WA0148101535
B2255174806625N11935749WA0148401537
B2255184806631N11935744WA0148401538
B2255194806637N11935739WA0148601540
B2255204806642N11935733WA0148701541
B2255214806647N11935728WA0148901543
B2255224806651N11935721WA0148901544
B2255234806655N11935714WA0149101545
B2255244806660N11935706WA0149201547
B2255254806664N11935697WA0149401548
B2255264806669N11935689WA0149501550
B2255274806673N11935680WA0149701551
B2255284806676N11935670WA0149801553
B2255294806679N11935660WA0149901553
B2255304806681N11935651WA0149901554
B2255314806685N11935645WA0150001555
B2255324806689N11935640WA0150101556
B2255334806693N11935636WA0150301557
B2255344806695N11935631WA0150301558
B2255354806696N11935623WA0150101557
B2255364806695N11935613WA0149801555
B2255374806692N11935604WA0149401553
B2255384806688N11935597WA0149401552
B2255394806682N11935594WA0149501553
B2255404806677N11935593WA0149601554
B2255414806673N11935593WA0149601554
B2255424806669N11935592WA0149701555
B2255434806664N11935591WA0149801556
B2255444806660N11935591WA0149801556
B2255454806656N11935592WA0149901556
B2255464806652N11935594WA0150001557
B2255474806649N11935597WA0150101558
B2255484806646N11935602WA0150201560
B2255494806644N11935607WA0150501561
B2255504806641N11935611WA0150701564
B2255514806639N11935615WA0151101567
B2255524806639N11935620WA0151401570
B2255534806641N11935625WA0151501572
B2255544806645N11935629WA0151601572
B2255554806651N11935631WA0151601573
B2255564806657N11935629WA0151801574
B2255574806662N11935623WA0152001576
B2255584806665N11935614WA0152001577
B2255594806666N11935604WA0152101577
B2256004806664N11935593WA0152101578
B2256014806661N11935584WA0152201578
B2256024806657N11935577WA0152301580
B2256034806652N11935571WA0152501581
B2256044806648N11935567WA0152501582
B2256054806642N11935564WA0152501583
B2256064806636N11935563WA0152501584
B2256074806630N11935564WA0152901585
B2256084806626N11935565WA0153101588
B2256094806623N11935568WA0153401591
B2256104806621N11935573WA0153501594
B2256114806620N11935579WA0153501594
B2256124806621N11935586WA0153501594
B2256134806622N11935593WA0153701595
B2256144806624N11935597WA0153901598
B2256154806628N11935599WA0154001599
B2256164806634N11935598WA0154201600
B2256174806639N11935594WA0154301601
B2256184806642N11935586WA0154401603
B2256194806643N11935577WA0154501605
B2256204806641N11935568WA0154601606
B2256214806638N11935558WA0154901607
B2256224806634N11935551WA0155001610
B2256234806628N11935546WA0155101611
B2256244806622N11935545WA0155101610
B2256254806616N11935546WA0155101610
B2256264806611N11935549WA0155101611
B2256274806608N11935554WA0155101612
B2256284806606N11935560WA0155201613
B2256294806605N11935565WA0155301614
B2256304806603N11935570WA0155301614
B2256314806601N11935575WA0155301614
B2256324806599N11935582WA0155301613
B2256334806598N11935588WA0155201613
B2256344806597N11935594WA0155401614
B2256354806596N11935599WA0155601616
B2256364806594N11935604WA0155801618
B2256374806592N11935609WA0156001619
B2256384806591N11935614WA0156101621
B2256394806591N11935619WA0156401622
B2256404806591N11935625WA0156501624
B2256414806589N11935630WA0156801626
B2256424806588N11935636WA0157001628
B2256434806587N11935642WA0157101629
B2256444806585N11935648WA0157201631
B2256454806583N11935654WA0157601634
B2256464806581N11935659WA0157601636
B2256474806580N11935664WA0157901639
B2256484806581N11935670WA0158001640
B2256494806583N11935676WA0158201641
B2256504806587N11935681WA0158201642
B2256514806591N11935683WA0158401644
B2256524806596N11935684WA0158601646
B2256534806601N11935683WA0158801647
B2256544806606N11935682WA0158901650
B2256554806611N11935681WA0159201651
B2256564806617N11935678WA0159401653
B2256574806621N11935674WA0159701655
B2256584806625N11935666WA0159901657
B2256594806627N11935657WA0160001658
B2257004806626N11935648WA0160001659
B2257014806623N11935640WA0160101660
B2257024806620N11935634WA0160201661
B2257034806615N11935629WA0160301663
B2257044806610N11935627WA0160501664
B2257054806605N11935628WA0160601665
B2257064806600N11935632WA0160701666
B2257074806598N11935638WA0160901668
B2257084806598N11935645WA0161101670
B2257094806601N11935652WA0161201671
B2257104806605N11935657WA0161201672
B2257114806611N11935659WA0161401674
B2257124806616N11935658WA0161701677
B2257134806621N11935654WA0162001680
B2257144806624N11935646WA0162201682
B2257154806626N11935636WA0162301684
B2257164806625N11935626WA0162501685
B2257174806623N11935617WA0162701687
B2257184806618N11935611WA0162801689
B2257194806612N11935608WA0162801689
B2257204806606N11935609WA0162901690
B2257214806602N11935614WA0163001691
B2257224806600N11935621WA0163201692
B2257234806600N11935628WA0163501695
B2257244806602N11935635WA0163601697
B2257254806604N11935640WA0163801699
B2257264806607N11935645WA0163901700
B2257274806612N11935650WA0163901701
B2257284806617N11935654WA0164101701
B2257294806624N11935657WA0164301702
B2257304806630N11935656WA0164401704
B2257314806635N11935652WA0164801708
B2257324806638N11935644WA0164901709
B2257334806638N11935634WA0164901709
B2257344806636N11935625WA0165001709
B2257354806631N11935618WA0165101710
B2257364806626N11935616WA0165201712
B2257374806620N11935620WA0165401713
B2257384806617N11935626WA0165401715
B2257394806615N11935634WA0165701717
B2257404806616N11935641WA0165901720
B2257414806618N11935647WA0166001721
B2257424806623N11935653WA0166101722
B2257434806629N11935657WA0166101722
B2257444806635N11935657WA0166301724
B2257454806641N11935655WA0166401725
B2257464806645N11935650WA0166501727
B2257474806649N11935643WA0166601728
B2257484806650N11935635WA0166601728
B2257494806650N11935626WA0166701728
B2257504806649N11935618WA0166701729
B2257514806645N11935612WA0166801729
B2257524806640N11935610WA0166801729
B2257534806634N11935612WA0167001730
B2257544806630N11935619WA0167001731
B2257554806629N11935628WA0167101732
B2257564806631N11935637WA0167201734
B2257574806636N11935643WA0167401735
B2257584806642N11935647WA0167401736
B2257594806648N11935650WA0167701738
B2258004806653N11935651WA0167801740
B2258014806658N11935651WA0168001742
B2258024806664N11935649WA0168001742
B2258034806669N11935646WA0168101743
B2258044806674N11935640WA0168101743
B2258054806678N11935632WA0168001743
B2258064806679N11935623WA0168001742
B2258074806678N11935613WA0167801741
B2258084806675N11935606WA0167701741
B2258094806672N11935600WA0167801741
B2258104806668N11935595WA0167801742
B2258114806665N11935592WA0168001743
B2258124806661N11935592WA0168001744
B2258134806657N11935595WA0168001743
B2258144806655N11935602WA0168001742
B2258154806655N11935610WA0168001742
B2258164806657N11935617WA0168101743
B2258174806661N11935621WA0168201745
B2258184806667N11935623WA0168401746
B2258194806673N11935623WA0168401747
B2258204806678N11935622WA0168401747
B2258214806684N11935621WA0168301747
B2258224806690N11935620WA0168201746
B2258234806697N11935620WA0167901745
B2258244806704N11935622WA0167701742
B2258254806711N11935626WA0167501739
B2258264806718N11935630WA0167401738
B2258274806725N11935631WA0167301738
B2258284806731N11935630WA0167101737
B2258294806737N11935628WA0167001736
B2258304806743N11935626WA0167001734
B2258314806749N11935626WA0166801732
B2258324806756N11935626WA0166601730
B2258334806763N11935624WA0166301729
B2258344806769N11935622WA0166201727
B2258354806776N11935619WA0166001726
B2258364806782N11935618WA0165901724
B2258374806789N11935617WA0165601721
B2258384806796N11935616WA0165501718
B2258394806804N11935614WA0165301715
B2258404806811N11935611WA0165001713
B2258414806819N11935608WA0164701711
B2258424806826N11935605WA0164701709
B2258434806834N11935603WA0164501708
B2258444806841N11935600WA0164401706
B2258454806849N11935597WA0164001704
B2258464806856N11935594WA0163701701
B2258474806863N11935591WA0163501698
B2258484806871N11935589WA0163301696
B2258494806878N11935587WA0163001693
B2258504806885N11935585WA0162601689
B2258514806893N11935581WA0162201686
B2258524806900N11935577WA0161901683
B2258534806908N11935573WA0161701681
B2258544806914N11935569WA0161601679
B2258554806921N11935566WA0161401677
B2258564806927N11935564WA0161301675
B2258574806934N11935561WA0161101673
B2258584806940N11935558WA0160901670
B2258594806947N11935555WA0160601668
B2259004806954N11935553WA0160601666
B2259014806961N11935551WA0160401664
B2259024806968N11935548WA0160501664
B2259034806974N11935545WA0160401663
B2259044806980N11935542WA0160401664
B2259054806986N11935540WA0160301663
B2259064806992N11935538WA0160201662
B2259074806998N11935537WA0160001660
B2259084807006N11935537WA0159801657
B2259094807013N11935535WA0159401655
B2259104807021N11935532WA0159201653
B2259114807028N11935530WA0159201653
B2259124807035N11935528WA0159401655
B2259134807040N11935527WA0159601656
B2259144807046N11935526WA0159601656
B2259154807052N11935524WA0159301654
B2259164807058N11935522WA0159101653
B2259174807065N11935521WA0159001651
B2259184807072N11935519WA0159101651
B2259194807078N11935517WA0159201652
B2259204807084N11935515WA0159201652
B2259214807089N11935512WA0159201652
B2259224807095N11935509WA0159101651
B2259234807101N11935507WA0158901650
B2259244807107N11935504WA0158701648
B2259254807114N11935500WA0158501646
B2259264807120N11935496WA0158201643
B2259274807127N11935492WA0158001641
B2259284807133N11935488WA0158101639
B2259294807139N11935483WA0157701637
B2259304807145N11935478WA0157501635
B2259314807150N11935472WA0157301633
B2259324807156N11935467WA0157201632
B2259334807161N11935462WA0157001630
B2259344807167N11935458WA0156901628
B2259354807172N11935453WA0156701626
B2259364807178N11935447WA0156501625
B2259374807183N11935442WA0156401624
B2259384807188N11935437WA0156401623
B2259394807193N11935434WA0156201622
B2259404807199N11935430WA0156101620
B2259414807205N11935428WA0156001619
B2259424807211N11935426WA0155801618
B2259434807217N11935426WA0155701616
B2259444807223N11935426WA0155501615
B2259454807228N11935426WA0155601615
B2259464807234N11935428WA0155501615
B2259474807239N11935429WA0155501614
B2259484807244N11935430WA0155301612
B2259494807250N11935432WA0155001610
B2259504807256N11935432WA0154801608
B2259514807263N11935432WA0154801607
B2259524807268N11935432WA0154701607
B2259534807273N11935432WA0154801607
B2259544807277N11935433WA0154901607
B2259554807282N11935434WA0154801607
B2259564807287N11935435WA0154701606
B2259574807292N11935436WA0154601605
B2259584807298N11935436WA0154601605
B2259594807302N11935438WA0154901607
B2300004807306N11935441WA0155001608
B2300014807310N11935446WA0155201610
B2300024807314N11935450WA0155301611
B2300034807318N11935453WA0155401612
B2300044807322N11935455WA0155401612
B2300054807327N11935455WA0155401612
B2300064807332N11935456WA0155401613
B2300074807336N11935457WA0155501613
B2300084807341N11935458WA0155501614
B2300094807346N11935458WA0155701615
B2300104807350N11935458WA0155701615
B2300114807355N11935458WA0155801616
B2300124807360N11935457WA0155801616
B2300134807365N11935456WA0155901617
B2300144807369N11935456WA0156001618
B2300154807374N11935455WA0156101619
B2300164807378N11935454WA0156101619
B2300174807383N11935452WA0156201620
B2300184807388N11935451WA0156301620
B2300194807392N11935449WA0156401621
B2300204807397N11935446WA0156401622
B2300214807400N11935443WA0156501623
B2300224807404N11935440WA0156701624
B2300234807408N11935437WA0156701625
B2300244807412N11935435WA0156801625
B2300254807416N11935433WA0156801626
B2300264807420N11935431WA0156901626
B2300274807423N11935430WA0156701626
B2300284807428N11935429WA0156601625
B2300294807432N11935429WA0156401623
B2300304807438N11935428WA0156401621
B2300314807443N11935428WA0156201620
B2300324807449N11935426WA0156201620
B2300334807454N11935425WA0156201620
B2300344807460N11935424WA0156201620
B2300354807466N11935423WA0156301620
B2300364807471N11935422WA0156401621
B2300374807476N11935420WA0156601622
B2300384807480N11935416WA0156701624
B2300394807485N11935412WA0156901625
B2300404807489N11935409WA0157101627
B2300414807494N11935408WA0157301629
B2300424807499N11935410WA0157401630
B2300434807503N11935415WA0157401630
B2300444807506N11935423WA0157401630
B2300454807506N11935432WA0157401631
B2300464807504N11935440WA0157501631
B2300474807501N11935448WA0157601632
B2300484807497N11935454WA0157601633
B2300494807491N11935458WA0157601633
B2300504807486N11935461WA0157601634
B2300514807480N11935460WA0157701634
B2300524807475N11935456WA0157701634
B2300534807470N11935451WA0157601635
B2300544807467N11935445WA0157701636
B2300554807465N11935438WA0158001638
B2300564807465N11935432WA0158101640
B2300574807466N11935425WA0158301641
B2300584807468N11935418WA0158301642
B2300594807471N11935411WA0158401643
B2301004807474N11935405WA0158601645
B2301014807479N11935401WA0158901647
B2301024807484N11935399WA0159001649
B2301034807490N11935398WA0159101649
B2301044807495N11935400WA0159101650
B2301054807500N11935402WA0159201651
B2301064807505N11935407WA0159201651
B2301074807510N11935413WA0159201650
B2301084807514N11935419WA0159301650
B2301094807517N11935427WA0159301652
B2301104807518N11935434WA0159501653
B2301114807518N11935443WA0159501653
B2301124807514N11935451WA0159401653
B2301134807510N11935456WA0159501653
B2301144807504N11935459WA0159701655
B2301154807499N11935457WA0159901657
B2301164807495N11935451WA0160001658
B2301174807494N11935442WA0159801657
B2301184807494N11935433WA0159801657
B2301194807496N11935424WA0159901658
B2301204807499N11935416WA0160201661
B2301214807502N11935410WA0160601664
B2301224807504N11935405WA0160701666
B2301234807507N11935400WA0160701667
B2301244807509N11935395WA0160701667
B2301254807513N11935390WA0160801667
B2301264807517N11935385WA0160701666
B2301274807521N11935379WA0160601666
B2301284807526N11935374WA0160601666
B2301294807530N11935370WA0160801667
B2301304807535N11935367WA0160801667
B2301314807540N11935363WA0160801668
B2301324807545N11935359WA0160801668
B2301334807550N11935354WA0160901669
B2301344807554N11935347WA0161001669
B2301354807558N11935342WA0161001670
B2301364807563N11935337WA0161201671
B2301374807568N11935333WA0161201671
B2301384807573N11935330WA0161301673
B2301394807577N11935327WA0161501674
B2301404807582N11935325WA0161601676
B2301414807587N11935326WA0161801677
B2301424807592N11935329WA0161801678
B2301434807597N11935332WA0162001679
B2301444807602N11935333WA0162301682
B2301454807606N11935329WA0162901686
B2301464807607N11935322WA0163101689
B2301474807606N11935313WA0163401690
B2301484807602N11935304WA0163601692
B2301494807596N11935298WA0163801695
B2301504807589N11935296WA0164001697
B2301514807583N11935299WA0164101698
B2301524807578N11935306WA0164201699
B2301534807576N11935314WA0164601701
B2301544807578N11935321WA0164801704
B2301554807582N11935326WA0165101708
B2301564807586N11935328WA0165401712
B2301574807590N11935327WA0165501714
B2301584807594N11935325WA0165701717
B2301594807597N11935321WA0165901719
B2302004807601N11935315WA0166001720
B2302014807602N11935305WA0166401722
B2302024807602N11935294WA0166601724
B2302034807599N11935284WA0167101729
B2302044807594N11935275WA0167401734
B2302054807590N11935267WA0168001739
B2302064807586N11935259WA0168501745
B2302074807583N11935251WA0168901749
B2302084807581N11935242WA0169201753
B2302094807580N11935234WA0169501755
B2302104807581N11935225WA0169601758
B2302114807583N11935217WA0169901760
B2302124807587N11935210WA0170001762
B2302134807591N11935204WA0170401764
B2302144807597N11935200WA0170601767
B2302154807602N11935196WA0171001771
B2302164807607N11935193WA0171301775
B2302174807612N11935191WA0171801780
B2302184807618N11935192WA0172101784
B2302194807623N11935195WA0172601787
B2302204807628N11935201WA0172801790
B2302214807631N11935208WA0173201794
B2302224807631N11935216WA0173601799
B2302234807629N11935224WA0174201803
B2302244807625N11935231WA0174401807
B2302254807620N11935236WA0174801811
B2302264807614N11935240WA0175101815
B2302274807608N11935240WA0175601820
B2302284807602N11935237WA0175801823
B2302294807597N11935231WA0176201826
B2302304807593N11935222WA0176401828
B2302314807589N11935214WA0176701831
B2302324807588N11935205WA0176901835
B2302334807588N11935196WA0177301838
B2302344807591N11935188WA0177501840
B2302354807595N11935180WA0177701842
B2302364807600N11935174WA0178001845
B2302374807605N11935170WA0178401849
B2302384807611N11935169WA0178701854
B2302394807616N11935171WA0179201857
B2302404807621N11935174WA0179401861
B2302414807626N11935178WA0179901865
B2302424807630N11935182WA0180301869
B2302434807634N11935188WA0180701873
B2302444807637N11935195WA0181001877
B2302454807638N11935203WA0181401881
B2302464807636N11935212WA0181601884
B2302474807634N11935219WA0182001888
B2302484807630N11935225WA0182301892
B2302494807625N11935229WA0182901896
B2302504807620N11935233WA0183001900
B2302514807615N11935234WA0183401903
B2302524807609N11935232WA0183601906
B2302534807603N11935227WA0184001908
B2302544807598N11935220WA0184001910
B2302554807594N11935212WA0184401912
B2302564807592N11935203WA0184501916
B2302574807592N11935194WA0184901919
B2302584807593N11935186WA0185101921
B2302594807596N11935177WA0185201922
B2303004807599N11935170WA0185301924
B2303014807605N11935164WA0185401925
B2303024807611N11935161WA0185401925
B2303034807618N11935161WA0185501925
B2303044807625N11935163WA0185701927
B2303054807631N11935165WA0186001929
B2303064807636N11935169WA0186301932
B2303074807641N11935174WA0186701936
B2303084807644N11935180WA0186901939
B2303094807648N11935187WA0187201941
B2303104807651N11935194WA0187401944
B2303114807654N11935202WA0187701947
B2303124807657N11935209WA0188001950
B2303134807658N11935216WA0188301953
B2303144807658N11935224WA0188401954
B2303154807657N11935233WA0188501955
B2303164807655N11935241WA0188701958
B2303174807654N11935248WA0189001960
B2303184807653N11935255WA0189301963
B2303194807651N11935262WA0189501966
B2303204807649N11935268WA0189601968
B2303214807646N11935275WA0189801969
B2303224807642N11935281WA0189801970
B2303234807637N11935286WA0190001972
B2303244807632N11935288WA0190301974
B2303254807626N11935286WA0190601977
B2303264807621N11935282WA0190801979
B2303274807617N11935274WA0191001981
B2303284807614N11935266WA0191001983
B2303294807613N11935256WA0191201985
B2303304807614N11935246WA0191301986
B2303314807616N11935236WA0191501988
B2303324807621N11935227WA0191701991
B2303334807627N11935222WA0192001993
B2303344807633N11935221WA0192101994
B2303354807639N11935224WA0192401996
B2303364807643N11935229WA0192501998
B2303374807644N11935236WA0192802000
B2303384807644N11935243WA0192902002
B2303394807641N11935249WA0193102003
B2303404807636N11935252WA0193002004
B2303414807630N11935251WA0193202005
B2303424807625N11935248WA0193302006
B2303434807620N11935243WA0193502008
B2303444807617N11935236WA0193502009
B2303454807615N11935226WA0193902011
B2303464807615N11935216WA0193902012
B2303474807617N11935206WA0194002014
B2303484807620N11935197WA0194102015
B2303494807623N11935189WA0194202016
B2303504807628N11935182WA0194202017
B2303514807633N11935177WA0194302018
B2303524807639N11935174WA0194302017
B2303534807645N11935172WA0194202016
B2303544807652N11935171WA0194102016
B2303554807659N11935169WA0194202016
B2303564807666N11935169WA0194102016
B2303574807673N11935168WA0194002015
B2303584807681N11935168WA0193802013
B2303594807690N11935168WA0193502011
B2304004807699N11935167WA0193602009
B2304014807708N11935168WA0193402009
B2304024807717N11935169WA0193302007
B2304034807726N11935171WA0193102005
B2304044807735N11935174WA0192802002
B2304054807745N11935178WA0192201998
B2304064807754N11935182WA0191901994
B2304074807764N11935188WA0191301991
B2304084807772N11935195WA0191201988
B2304094807781N11935201WA0190901984
B2304104807790N11935206WA0190601980
B2304114807799N11935211WA0189801976
B2304124807808N11935217WA0189601972
B2304134807818N11935223WA0189301969
B2304144807827N11935227WA0189201966
B2304154807837N11935230WA0188701964
B2304164807846N11935232WA0188601960
B2304174807856N11935236WA0188301958
B2304184807865N11935241WA0188101955
B2304194807875N11935246WA0187801952
B2304204807884N11935251WA0187501949
B2304214807894N11935256WA0187001946
B2304224807904N11935261WA0186801942
B2304234807914N11935266WA0186401939
B2304244807925N11935271WA0186301936
B2304254807935N11935276WA0186001934
B2304264807944N11935282WA0185801932
B2304274807954N11935288WA0185501929
B2304284807964N11935294WA0185301927
B2304294807974N11935301WA0184901924
B2304304807984N11935307WA0184901921
B2304314807994N11935313WA0184501918
B2304324808004N11935318WA0184301915
B2304334808014N11935325WA0184101913
B2304344808023N11935332WA0183801911
B2304354808032N11935341WA0183701909
B2304364808041N11935348WA0183601908
B2304374808049N11935356WA0183401906
B2304384808058N11935363WA0183201904
B2304394808067N11935371WA0183101902
B2304404808076N11935378WA0183001900
B2304414808084N11935386WA0182701900
B2304424808090N11935395WA0183401903
B2304434808094N11935403WA0183901908
B2304444808097N11935409WA0184101911
B2304454808100N11935414WA0184101912
B2304464808105N11935420WA0184001912
B2304474808111N11935426WA0183501910
B2304484808118N11935432WA0183501907
B2304494808124N11935439WA0183301906
B2304504808130N11935445WA0183301906
B2304514808136N11935449WA0183201905
B2304524808141N11935453WA0183101904
B2304534808146N11935458WA0182801902
B2304544808152N11935464WA0182501899
B2304554808158N11935469WA0181901894
B2304564808166N11935475WA0181701889
B2304574808174N11935480WA0181001885
B2304584808182N11935484WA0180701881
B2304594808191N11935489WA0180401878
B2305004808199N11935493WA0180001874
B2305014808208N11935496WA0179701871
B2305024808217N11935499WA0179401867
B2305034808225N11935502WA0179201864
B2305044808233N11935505WA0178801861
B2305054808241N11935509WA0179101861
B2305064808247N11935512WA0179401862
B2305074808252N11935515WA0179601864
B2305084808258N11935517WA0179701864
B2305094808264N11935519WA0179701864
B2305104808270N11935521WA0179701864
B2305114808276N11935524WA0179801865
B2305124808282N11935525WA0179901867
B2305134808287N11935527WA0180201869
B2305144808292N11935528WA0180401871
B2305154808297N11935530WA0180601873
B2305164808303N11935532WA0180701875
B2305174808309N11935535WA0181001877
B2305184808315N11935538WA0181301880
B2305194808320N11935541WA0181901884
B2305204808325N11935544WA0182401890
B2305214808330N11935546WA0183101896
B2305224808335N11935547WA0183501901
B2305234808339N11935544WA0183701904
B2305244808344N11935538WA0184001906
B2305254808345N11935529WA0184401909
B2305264808344N11935522WA0184701912
B2305274808339N11935519WA0185101916
B2305284808333N11935520WA0185301917
B2305294808327N11935525WA0185501919
B2305304808322N11935534WA0185801922
B2305314808321N11935544WA0186401926
B2305324808322N11935553WA0186601930
B2305334808325N11935561WA0187101934
B2305344808329N11935568WA0187401938
B2305354808333N11935574WA0187801942
B2305364808338N11935578WA0188101945
B2305374808344N11935581WA0188401949
B2305384808350N11935581WA0188601952
B2305394808355N11935579WA0189201956
B2305404808360N11935576WA0189501961
B2305414808364N11935572WA0190001965
B2305424808367N11935566WA0190301969
B2305434808367N11935558WA0190701972
B2305444808366N11935551WA0190901975
B2305454808362N11935545WA0191301978
B2305464808358N11935542WA0191501982
B2305474808353N11935543WA0191901985
B2305484808348N11935546WA0192101988
B2305494808343N11935553WA0192401990
B2305504808339N11935561WA0192501992
B2305514808337N11935571WA0192701994
B2305524808337N11935581WA0193001997
B2305534808339N11935590WA0193502000
B2305544808343N11935596WA0193602003
B2305554808349N11935601WA0193902005
B2305564808354N11935606WA0194202009
B2305574808360N11935611WA0194602013
B2305584808366N11935617WA0195002019
B2305594808371N11935622WA0195802024
B2306004808376N11935626WA0196202030
B2306014808382N11935627WA0196602034
B2306024808388N11935626WA0196802038
B2306034808394N11935623WA0197202041
B2306044808398N11935619WA0197502045
B2306054808400N11935614WA0197902048
B2306064808401N11935608WA0198102051
B2306074808400N11935604WA0198302053
B2306084808397N11935600WA0198402054
B2306094808394N11935597WA0198602056
B2306104808391N11935596WA0198702058
B2306114808386N11935597WA0198802059
B2306124808381N11935601WA0199002060
B2306134808376N11935608WA0199202062
B2306144808372N11935615WA0199402066
B2306154808369N11935623WA0199802070
B2306164808367N11935632WA0200102073
B2306174808367N11935641WA0200502077
B2306184808368N11935651WA0200902081
B2306194808370N11935659WA0201202085
B2306204808372N11935667WA0201402088
B2306214808376N11935675WA0201702091
B2306224808380N11935683WA0202002093
B2306234808386N11935690WA0202202095
B2306244808392N11935696WA0202502098
B2306254808399N11935700WA0203002102
B2306264808405N11935702WA0203302107
B2306274808411N11935701WA0203802110
B2306284808416N11935700WA0204002113
B2306294808421N11935696WA0204202115
B2306304808425N11935691WA0204302116
B2306314808427N11935684WA0204402118
B2306324808428N11935678WA0204602120
B2306334808427N11935674WA0204802122
B2306344808424N11935671WA0205102125
B2306354808422N11935670WA0205302127
B2306364808419N11935669WA0205402128
B2306374808416N11935669WA0205602130
B2306384808412N11935672WA0205702131
B2306394808407N11935677WA0205702131
B2306404808404N11935684WA0205802133
B2306414808402N11935693WA0206102135
B2306424808401N11935703WA0206302138
B2306434808402N11935714WA0206702141
B2306444808403N11935724WA0206802144
B2306454808405N11935734WA0207102147
B2306464808409N11935744WA0207302149
B2306474808413N11935754WA0207602151
B2306484808417N11935763WA0207802154
B2306494808421N11935772WA0208202158
B2306504808426N11935779WA0208402161
B2306514808431N11935786WA0208902164
B2306524808437N11935793WA0209102166
B2306534808443N11935798WA0209302168
B2306544808449N11935800WA0209502171
B2306554808456N11935801WA0209702173
B2306564808462N11935799WA0209902174
B2306574808468N11935797WA0210102177
B2306584808472N11935793WA0210302179
B2306594808475N11935789WA0210402181
B2307004808477N11935784WA0210502182
B2307014808478N11935779WA0210502183
B2307024808478N11935774WA0210502183
B2307034808477N11935770WA0210502183
B2307044808475N11935766WA0210502183
B2307054808473N11935764WA0210502183
B2307064808469N11935764WA0210502183
B2307074808465N11935767WA0210502183
B2307084808461N11935771WA0210502183
B2307094808457N11935778WA0210302183
B2307104808455N11935787WA0210502184
B2307114808455N11935797WA0210602184
B2307124808455N11935807WA0210602185
B2307134808456N11935819WA0210702185
B2307144808458N11935830WA0210802186
B2307154808461N11935841WA0211002188
B2307164808465N11935851WA0211102191
B2307174808470N11935861WA0211602194
B2307184808475N11935870WA0211802197
B2307194808480N11935878WA0212202201
B2307204808484N11935887WA0212402203
B2307214808489N11935895WA0212702205
B2307224808495N11935904WA0213002208
B2307234808500N11935913WA0213302211
B2307244808507N11935922WA0213602214
B2307254808512N11935930WA0214002217
B2307264808517N11935939WA0214302221
B2307274808521N11935949WA0214802224
B2307284808523N11935958WA0214902228
B2307294808526N11935967WA0215202231
B2307304808530N11935976WA0215402233
B2307314808535N11935984WA0215602235
B2307324808541N11935992WA0215702236
B2307334808547N11935996WA0215902238
B2307344808553N11935998WA0216002240
B2307354808559N11935998WA0216302242
B2307364808565N11935998WA0216602246
B2307374808570N11935997WA0216902249
B2307384808575N11935996WA0217102252
B2307394808579N11935994WA0217202254
B2307404808581N11935989WA0217302255
B2307414808582N11935983WA0217302254
B2307424808582N11935976WA0217202254
B2307434808580N11935972WA0217302255
B2307444808576N11935970WA0217402257
B2307454808572N11935973WA0217502258
B2307464808568N11935979WA0217602259
B2307474808566N11935987WA0217802261
B2307484808565N11935997WA0218002264
B2307494808565N11936007WA0218402266
B2307504808566N11936017WA0218602269
B2307514808567N11936028WA0218702270
B2307524808568N11936039WA0218902272
B2307534808571N11936049WA0219102273
B2307544808575N11936059WA0219202275
B2307554808580N11936066WA0219302276
B2307564808586N11936072WA0219302277
B2307574808593N11936077WA0219502278
B2307584808599N11936082WA0219602279
B2307594808604N11936087WA0220002282
B2308004808609N11936092WA0220202285
B2308014808613N11936099WA0220402286
B2308024808617N11936107WA0220302286
B2308034808622N11936116WA0220002285
B2308044808629N11936124WA0219602282
B2308054808636N11936132WA0219602281
B2308064808642N11936139WA0219602281
B2308074808648N11936147WA0220102283
B2308084808654N11936154WA0220302286
B2308094808659N11936162WA0220402287
B2308104808665N11936169WA0220502289
B2308114808671N11936175WA0220502289
B2308124808678N11936181WA0220402289
B2308134808684N11936187WA0220402289
B2308144808690N11936194WA0220302288
B2308154808697N11936201WA0219902285
B2308164808705N11936208WA0219602282
B2308174808713N11936215WA0219502280
B2308184808720N11936221WA0219402279
B2308194808728N11936228WA0219402279
B2308204808735N11936234WA0219502279
B2308214808742N11936240WA0219302278
B2308224808750N11936246WA0219102276
B2308234808758N11936251WA0218702273
B2308244808767N11936257WA0218502269
B2308254808776N11936262WA0218102267
B2308264808786N11936268WA0218102265
B2308274808795N11936274WA0217702263
B2308284808804N11936281WA0217502260
B2308294808814N11936289WA0217102256
B2308304808824N11936298WA0216702251
B2308314808834N11936306WA0216202248
B2308324808845N11936313WA0216102246
B2308334808854N11936320WA0216002245
B2308344808862N11936329WA0216002244
B2308354808871N11936337WA0215902243
B2308364808879N11936345WA0215702241
B2308374808888N11936353WA0215302238
B2308384808897N11936361WA0214902234
B2308394808907N11936370WA0214302229
B2308404808917N11936380WA0214102225
B2308414808927N11936390WA0213802222
B2308424808936N11936400WA0213802220
B2308434808945N11936409WA0213602219
B2308444808954N11936418WA0213502218
B2308454808962N11936428WA0213602217
B2308464808970N11936438WA0213502217
B2308474808978N11936447WA0213702217
B2308484808985N11936455WA0213602218
B2308494808993N11936463WA0213702219
B2308504809000N11936472WA0213702218
B2308514809008N11936481WA0213602217
B2308524809017N11936490WA0213602216
B2308534809025N11936499WA0213702216
B2308544809034N11936508WA0213702217
B2308554809042N11936516WA0213702218
B2308564809051N11936524WA0213902219
B2308574809059N11936530WA0214102220
B2308584809067N11936537WA0214202222
B2308594809075N11936544WA0214002222
B2309004809083N11936552WA0214002221
B2309014809092N11936559WA0213902220
B2309024809101N11936567WA0213702218
B2309034809110N11936574WA0213302215
B2309044809119N11936582WA0213202214
B2309054809128N11936591WA0213402214
B2309064809137N11936600WA0213602215
B2309074809146N11936609WA0213602216
B2309084809154N11936617WA0213602217
B2309094809163N11936624WA0213702218
B2309104809172N11936631WA0213702218
B2309114809181N11936639WA0213702218
B2309124809190N11936648WA0213802218
B2309134809198N11936657WA0213702217
B2309144809207N11936667WA0213502216
B2309154809216N11936676WA0213502216
B2309164809225N11936685WA0213502216
B2309174809234N11936692WA0213502216
B2309184809243N11936698WA0213302216
B2309194809252N11936706WA0213502217
B2309204809260N11936714WA0213702217
B2309214809268N11936723WA0213702218
B2309224809275N11936732WA0213802218
B2309234809283N11936740WA0213802219
B2309244809291N11936747WA0213802219
B2309254809299N11936755WA0213802219
B2309264809308N11936762WA0213702218
B2309274809316N11936771WA0213302216
B2309284809325N11936780WA0213202214
B2309294809334N11936789WA0213002212
B2309304809343N11936799WA0213002212
B2309314809351N11936807WA0213102212
B2309324809359N11936814WA0213002212
B2309334809367N11936822WA0212602211
B2309344809374N11936831WA0212602209
B2309354809381N11936840WA0212502207
B2309364809389N11936849WA0212302204
B2309374809397N11936857WA0211802202
B2309384809406N11936865WA0211602199
B2309394809414N11936873WA0211502197
B2309404809423N11936882WA0211402195
B2309414809431N11936891WA0211202194
B2309424809439N11936900WA0211102193
B2309434809447N11936909WA0210902191
B2309444809455N11936918WA0210802190
B2309454809463N11936927WA0210702188
B2309464809471N11936936WA0210602187
B2309474809479N11936945WA0210502185
B2309484809488N11936954WA0210502184
B2309494809497N11936963WA0210102182
B2309504809506N11936972WA0210002180
B2309514809514N11936981WA0209902179
B2309524809523N11936991WA0209702178
B2309534809531N11937000WA0209602177
B2309544809540N11937010WA0209402175
B2309554809549N11937018WA0209202174
B2309564809558N11937027WA0209002172
B2309574809566N11937036WA0208802170
B2309584809575N11937046WA0208702168
B2309594809583N11937056WA0208402166
B2310004809592N11937065WA0208202164
B2310014809600N11937075WA0207902161
B2310024809609N11937084WA0207702159
B2310034809618N11937093WA0207502156
B2310044809626N11937102WA0207302154
B2310054809635N11937112WA0207102152
B2310064809644N11937121WA0207002150
B2310074809653N11937129WA0206702148
B2310084809661N11937138WA0206502146
B2310094809670N11937147WA0206502145
B2310104809679N11937156WA0206102142
B2310114809688N11937165WA0205802139
B2310124809697N11937174WA0205502137
B2310134809707N11937184WA0205302134
B2310144809715N11937195WA0205302132
B2310154809724N11937205WA0205102130
B2310164809733N11937216WA0204902128
B2310174809741N11937226WA0204602126
B2310184809750N11937236WA0204402124
B2310194809758N11937247WA0204102122
B2310204809766N11937259WA0203902119
B2310214809774N11937270WA0203702117
B2310224809781N11937282WA0203602114
B2310234809789N11937292WA0203302113
B2310244809797N11937302WA0203302113
B2310254809804N11937311WA0203302113
B2310264809811N11937320WA0203302112
B2310274809818N11937328WA0203002110
B2310284809826N11937336WA0202702107
B2310294809834N11937344WA0202302104
B2310304809843N11937351WA0202102100
B2310314809853N11937358WA0201802098
B2310324809862N11937365WA0201802098
B2310334809870N11937374WA0202102099
B2310344809878N11937382WA0202302101
B2310354809884N11937388WA0202902105
B2310364809889N11937394WA0203202109
B2310374809892N11937400WA0203602113
B2310384809896N11937406WA0203702114
B2310394809901N11937413WA0203802115
B2310404809906N11937421WA0203702115
B2310414809912N11937428WA0203802115
B2310424809918N11937436WA0203802116
B2310434809924N11937444WA0204102117
B2310444809929N11937452WA0204202120
B2310454809934N11937459WA0204402122
B2310464809940N11937466WA0204402123
B2310474809945N11937473WA0204502124
B2310484809951N11937479WA0204502124
B2310494809957N11937485WA0204402123
B2310504809963N11937492WA0204302123
B2310514809970N11937499WA0204302122
B2310524809977N11937506WA0204202121
B2310534809985N11937515WA0204002120
B2310544809994N11937523WA0203802118
B2310554810003N11937530WA0203702117
B2310564810012N11937538WA0203602117
B2310574810020N11937546WA0203802117
B2310584810029N11937554WA0203802117
B2310594810036N11937562WA0203802118
B2311004810044N11937570WA0203802117
B2311014810052N11937577WA0203502116
B2311024810061N11937583WA0203302115
B2311034810070N11937590WA0203102113
B2311044810079N11937596WA0202902111
B2311054810089N11937601WA0202702109
B2311064810098N11937607WA0202502106
B2311074810108N11937613WA0202202104
B2311084810118N11937619WA0202102102
B2311094810128N11937626WA0201902100
B2311104810137N11937632WA0201702098
B2311114810147N11937639WA0201602096
B2311124810156N11937645WA0201502095
B2311134810165N11937652WA0201302094
B2311144810173N11937659WA0201202092
B2311154810182N11937667WA0201002090
B2311164810191N11937676WA0200802088
B2311174810199N11937684WA0200402086
B2311184810208N11937692WA0200402084
B2311194810218N11937700WA0200102082
B2311204810227N11937706WA0200002080
B2311214810236N11937713WA0199702078
B2311224810245N11937721WA0199602076
B2311234810254N11937728WA0199202072
B2311244810264N11937736WA0198902069
B2311254810274N11937744WA0198502066
B2311264810283N11937751WA0198502064
B2311274810292N11937759WA0198402062
B2311284810302N11937766WA0198402061
B2311294810311N11937774WA0198002059
B2311304810320N11937782WA0197902056
B2311314810329N11937791WA0197702054
B2311324810337N11937799WA0197502051
B2311334810346N11937807WA0197102048
B2311344810356N11937816WA0196802045
B2311354810365N11937825WA0196402042
B2311364810375N11937834WA0196002040
B2311374810385N11937844WA0196002038
B2311384810394N11937853WA0195902036
B2311394810404N11937862WA0195702034
B2311404810413N11937870WA0195602033
B2311414810422N11937879WA0195402031
B2311424810431N11937889WA0195302028
B2311434810440N11937898WA0194802026
B2311444810450N11937907WA0194502023
B2311454810459N11937916WA0194302020
B2311464810469N11937925WA0194002018
B2311474810478N11937934WA0193902016
B2311484810487N11937943WA0193802014
B2311494810496N11937952WA0193402012
B2311504810505N11937961WA0193402010
B2311514810515N11937970WA0193202007
B2311524810525N11937979WA0193102005
B2311534810534N11937987WA0192702002
B2311544810544N11937996WA0192401999
B2311554810554N11938005WA0191901996
B2311564810564N11938016WA0191801993
B2311574810573N11938026WA0191601991
B2311584810582N11938037WA0191401989
B2311594810591N11938046WA0191201987
B2312004810600N11938056WA0191101986
B2312014810608N11938068WA0190901984
B2312024810615N11938080WA0190701982
B2312034810622N11938094WA0190401979
B2312044810629N11938108WA0190101976
B2312054810637N11938122WA0189801974
B2312064810644N11938135WA0189601972
B2312074810651N11938147WA0189601971
B2312084810658N11938158WA0189701971
B2312094810664N11938170WA0189601970
B2312104810670N11938181WA0189401968
B2312114810677N11938192WA0189101966
B2312124810684N11938203WA0188801963
B2312134810690N11938214WA0188701961
B2312144810697N11938225WA0188401958
B2312154810704N11938236WA0188101955
B2312164810711N11938246WA0187801952
B2312174810720N11938255WA0187301948
B2312184810729N11938263WA0187101945
B2312194810738N11938272WA0186901942
B2312204810747N11938280WA0187001942
B2312214810756N11938288WA0186901942
B2312224810764N11938297WA0186901942
B2312234810772N11938305WA0186901942
B2312244810779N11938313WA0186801941
B2312254810787N11938320WA0186601940
B2312264810795N11938327WA0186401937
B2312274810803N11938333WA0186101935
B2312284810810N11938340WA0185901933
B2312294810818N11938348WA0185501930
B2312304810826N11938356WA0185401927
B2312314810833N11938364WA0185101924
B2312324810841N11938371WA0184901922
B2312334810848N11938379WA0184701921
B2312344810856N11938386WA0184601919
B2312354810864N11938393WA0184301916
B2312364810872N11938400WA0184101914
B2312374810880N11938407WA0183801912
B2312384810888N11938414WA0183701909
B2312394810895N11938421WA0183401907
B2312404810903N11938428WA0183301905
B2312414810910N11938436WA0183001903
B2312424810918N11938444WA0182801900
B2312434810926N11938451WA0182501898
B2312444810934N11938458WA0182301895
B2312454810942N11938464WA0182101893
B2312464810950N11938470WA0181801890
B2312474810959N11938477WA0181301886
B2312484810968N11938484WA0180901882
B2312494810978N11938491WA0180601878
B2312504810987N11938498WA0180501876
B2312514810996N11938506WA0180101874
B2312524811005N11938513WA0180101872
B2312534811013N11938521WA0179801870
B2312544811022N11938529WA0179601867
B2312554811031N11938537WA0179001863
B2312564811040N11938546WA0178701858
B2312574811050N11938555WA0178201853
B2312584811060N11938563WA0177801849
B2312594811070N11938570WA0177501845
B2313004811081N11938577WA0177101842
B2313014811091N11938584WA0176801839
B2313024811102N11938592WA0176701836
B2313034811112N11938601WA0176401834
B2313044811122N11938609WA0176201832
B2313054811132N11938618WA0175901829
B2313064811142N11938625WA0175701827
B2313074811152N11938633WA0175301823
B2313084811162N11938642WA0175001820
B2313094811172N11938651WA0174801817
B2313104811182N11938661WA0174601814
B2313114811192N11938670WA0174301812
B2313124811202N11938679WA0174101810
B2313134811211N11938688WA0173901808
B2313144811221N11938697WA0173801806
B2313154811230N11938707WA0173501804
B2313164811239N11938716WA0173301801
B2313174811249N11938725WA0173201799
B2313184811258N11938734WA0173001797
B2313194811267N11938742WA0172901796
B2313204811277N11938750WA0172701795
B2313214811285N11938759WA0172601794
B2313224811294N11938768WA0172501791
B2313234811303N11938777WA0172201788
B2313244811312N11938786WA0171901785
B2313254811322N11938796WA0171501782
B2313264811331N11938806WA0171301780
B2313274811340N11938815WA0171001778
B2313284811349N11938825WA0170901775
B2313294811358N11938834WA0170801774
B2313304811367N11938845WA0170601772
B2313314811376N11938855WA0170301769
B2313324811385N11938866WA0170501768
B2313334811393N11938876WA0170301767
B2313344811401N11938885WA0170101766
B2313354811409N11938894WA0169801764
B2313364811418N11938904WA0169601761
B2313374811426N11938915WA0169101757
B2313384811434N11938926WA0169101754
B2313394811442N11938935WA0168901752
B2313404811450N11938944WA0168701749
B2313414811458N11938952WA0168301746
B2313424811467N11938961WA0168001744
B2313434811475N11938971WA0167701742
B2313444811483N11938981WA0167601741
B2313454811490N11938991WA0167401739
B2313464811497N11938999WA0167201737
B2313474811505N11939007WA0166901734
B2313484811514N11939016WA0166401731
B2313494811522N11939024WA0166501728
B2313504811529N11939033WA0166401727
B2313514811537N11939041WA0166201726
B2313524811544N11939049WA0165901724
B2313534811552N11939058WA0165601720
B2313544811560N11939068WA0165401716
B2313554811568N11939077WA0165101713
B2313564811576N11939087WA0165201711
B2313574811584N11939096WA0165201711
B2313584811592N11939104WA0165101710
B2313594811600N11939112WA0164801708
B2314004811608N11939121WA0164601706
B2314014811617N11939130WA0164101703
B2314024811625N11939138WA0164101702
B2314034811632N11939146WA0164001702
B2314044811639N11939153WA0164101702
B2314054811646N11939158WA0163901702
B2314064811652N11939163WA0163801700
B2314074811659N11939167WA0163501697
B2314084811667N11939171WA0163101694
B2314094811675N11939174WA0162601689
B2314104811683N11939177WA0162201685
B2314114811692N11939179WA0161701681
B2314124811701N11939180WA0161301677
B2314134811709N11939182WA0160901673
B2314144811717N11939185WA0160501668
B2314154811725N11939187WA0159801662
B2314164811733N11939188WA0159301656
B2314174811742N11939188WA0158701651
B2314184811750N11939185WA0158301646
B2314194811759N11939182WA0157901641
B2314204811768N11939180WA0157701639
B2314214811776N11939178WA0157601637
B2314224811784N11939176WA0157601636
B2314234811792N11939174WA0157401634
B2314244811801N11939171WA0157101631
B2314254811809N11939168WA0156701629
B2314264811818N11939166WA0156501626
B2314274811826N11939166WA0156301624
B2314284811835N11939166WA0156201622
B2314294811843N11939165WA0156001620
B2314304811851N11939164WA0155901619
B2314314811859N11939165WA0155801618
B2314324811868N11939166WA0155701616
B2314334811876N11939167WA0155301614
B2314344811884N11939168WA0155001610
B2314354811892N11939169WA0154501608
B2314364811900N11939171WA0154401604
B2314374811908N11939172WA0154001601
B2314384811915N11939174WA0153601596
B2314394811922N11939175WA0153101592
B2314404811930N11939177WA0152701588
B2314414811938N11939178WA0152201583
B2314424811945N11939180WA0152001580
B2314434811953N11939182WA0151601577
B2314444811960N11939185WA0151501575
B2314454811967N11939187WA0151301572
B2314464811974N11939190WA0151101569
B2314474811981N11939193WA0150501565
B2314484811988N11939196WA0150201561
B2314494811995N11939199WA0149701557
B2314504812002N11939201WA0149401553
B2314514812010N11939204WA0149201550
B2314524812017N11939207WA0148901547
B2314534812024N11939210WA0148801545
B2314544812030N11939212WA0148701543
B2314554812037N11939215WA0148401541
B2314564812044N11939217WA0148301541
B2314574812050N11939219WA0148301540
B2314584812055N11939220WA0148301540
B2314594812061N11939221WA0148201539
B2315004812066N11939222WA0148001537
B2315014812072N11939223WA0147801535
B2315024812078N11939225WA0147501531
B2315034812085N11939226WA0147401529
B2315044812091N11939228WA0147101527
B2315054812097N11939230WA0147001526
B2315064812104N11939231WA0146901526
B2315074812110N11939233WA0146901525
B2315084812117N11939234WA0146901525
B2315094812123N11939237WA0147001526
B2315104812129N11939239WA0147001526
B2315114812134N11939241WA0147201527
B2315124812139N11939242WA0147501530
B2315134812142N11939243WA0147801533
B2315144812146N11939244WA0148001535
B2315154812149N11939244WA0148001535
B2315164812153N11939245WA0147901535
B2315174812158N11939246WA0147901535
B2315184812162N11939247WA0147901535
B2315194812166N11939249WA0148001535
B2315204812169N11939253WA0148001535
B2315214812173N11939256WA0147701534
B2315224812178N11939259WA0147701533
B2315234812182N11939261WA0147601532
B2315244812186N11939263WA0147501531
B2315254812191N11939265WA0147601531
B2315264812194N11939268WA0147601532
B2315274812198N11939270WA0147501531
B2315284812202N11939272WA0147501531
B2315294812207N11939275WA0147601531
B2315304812211N11939278WA0147501531
B2315314812216N11939281WA0147701532
B2315324812221N11939284WA0147901534
B2315334812224N11939287WA0148301537
B2315344812228N11939289WA0148501539
B2315354812231N11939293WA0148601541
B2315364812234N11939298WA0148801542
B2315374812237N11939303WA0148901544
B2315384812241N11939309WA0149001545
B2315394812244N11939315WA0149301548
B2315404812246N11939322WA0149601551
B2315414812248N11939329WA0150001554
B2315424812250N11939336WA0150201557
B2315434812252N11939344WA0150401559
B2315444812255N11939350WA0150601561
B2315454812258N11939356WA0150801563
B2315464812262N11939361WA0151001565
B2315474812266N11939363WA0151301567
B2315484812270N11939362WA0151501569
B2315494812274N11939358WA0151601570
B2315504812276N11939351WA0151701571
B2315514812275N11939342WA0151801571
B2315524812271N11939335WA0151801572
B2315534812266N11939333WA0152001574
B2315544812259N11939336WA0152201575
B2315554812254N11939342WA0152301576
B2315564812251N11939351WA0152401577
B2315574812249N11939361WA0152501578
B2315584812250N11939370WA0152701580
B2315594812253N11939376WA0152901582
B2316004812256N11939381WA0153101584
B2316014812260N11939385WA0153301586
B2316024812263N11939388WA0153401589
B2316034812267N11939389WA0153701591
B2316044812271N11939391WA0153701592
B2316054812276N11939391WA0153801593
B2316064812280N11939392WA0153901594
B2316074812285N11939391WA0154001595
B2316084812289N11939390WA0154101597
B2316094812292N11939386WA0154401598
B2316104812295N11939381WA0154501600
B2316114812296N11939375WA0154601602
B2316124812295N11939368WA0154701603
B2316134812292N11939361WA0154801603
B2316144812288N11939356WA0154801604
B2316154812282N11939353WA0154801604
B2316164812275N11939352WA0154901605
B2316174812269N11939353WA0155001606
B2316184812263N11939355WA0155201608
B2316194812258N11939356WA0155401610
B2316204812252N11939356WA0155501612
B2316214812246N11939357WA0155601612
B2316224812240N11939359WA0155601612
B2316234812234N11939362WA0155701613
B2316244812228N11939367WA0155901614
B2316254812224N11939374WA0156001616
B2316264812221N11939381WA0156101617
B2316274812221N11939390WA0156101617
B2316284812223N11939398WA0156001617
B2316294812226N11939405WA0156101618
B2316304812230N11939409WA0156101619
B2316314812233N11939413WA0156301620
B2316324812237N11939414WA0156301621
B2316334812241N11939414WA0156401622
B2316344812245N11939413WA0156401621
B2316354812250N11939411WA0156301621
B2316364812254N11939408WA0156401622
B2316374812258N11939405WA0156501622
B2316384812263N11939402WA0156501623
B2316394812267N11939400WA0156701625
B2316404812271N11939399WA0156801626
B2316414812275N11939397WA0156801627
B2316424812279N11939394WA0156801627
B2316434812283N11939393WA0156801627
B2316444812287N11939391WA0156901627
B2316454812292N11939391WA0156901628
B2316464812296N11939391WA0157001628
B2316474812300N11939390WA0157001629
B2316484812305N11939388WA0157001629
B2316494812308N11939386WA0157301630
B2316504812312N11939386WA0157401632
B2316514812316N11939385WA0157601634
B2316524812320N11939384WA0157601635
B2316534812324N11939383WA0157701636
B2316544812327N11939380WA0157701636
B2316554812329N11939375WA0157801636
B2316564812329N11939369WA0157801636
B2316574812327N11939362WA0157801636
B2316584812324N11939356WA0157901637
B2316594812319N11939352WA0158001638
B2317004812314N11939349WA0158101640
B2317014812309N11939348WA0158401641
B2317024812303N11939350WA0158601644
B2317034812298N11939354WA0158801645
B2317044812294N11939361WA0158801646
B2317054812291N11939371WA0158901647
B2317064812290N11939381WA0159001647
B2317074812292N11939391WA0159101648
B2317084812296N11939399WA0159201650
B2317094812300N11939404WA0159401651
B2317104812304N11939409WA0159501653
B2317114812308N11939412WA0159601655
B2317124812312N11939415WA0159601656
B2317134812316N11939416WA0159501655
B2317144812320N11939414WA0159401654
B2317154812325N11939411WA0159201652
B2317164812328N11939407WA0159001651
B2317174812330N11939401WA0158901650
B2317184812330N11939395WA0158801649
B2317194812330N11939388WA0158701648
B2317204812329N11939381WA0158801648
B2317214812328N11939374WA0159001649
B2317224812328N11939367WA0159001650
B2317234812327N11939361WA0159201651
B2317244812326N11939355WA0159301652
B2317254812324N11939349WA0159501653
B2317264812320N11939345WA0159501654
B2317274812315N11939343WA0159501654
B2317284812309N11939342WA0159501653
B2317294812303N11939343WA0159701654
B2317304812297N11939348WA0159801655
B2317314812294N11939356WA0160101657
B2317324812293N11939365WA0160101657
B2317334812294N11939375WA0160101658
B2317344812296N11939384WA0160301659
B2317354812299N11939391WA0160501661
B2317364812303N11939396WA0160601663
B2317374812307N11939400WA0160501663
B2317384812312N11939402WA0160501663
B2317394812318N11939403WA0160401662
B2317404812323N11939403WA0160401662
B2317414812328N11939402WA0160301662
B2317424812335N11939403WA0160201661
B2317434812342N11939403WA0160001659
B2317444812349N11939404WA0159801656
B2317454812357N11939403WA0159601654
B2317464812365N11939402WA0159401653
B2317474812374N11939400WA0159201652
B2317484812382N11939399WA0159201651
B2317494812390N11939398WA0159001650
B2317504812398N11939397WA0158801649
B2317514812406N11939397WA0158601647
B2317524812415N11939397WA0158601646
B2317534812423N11939398WA0158601644
B2317544812432N11939397WA0158401643
B2317554812440N11939396WA0158101642
B2317564812449N11939395WA0158001641
B2317574812458N11939395WA0158101640
B2317584812466N11939395WA0158101640
B2317594812475N11939395WA0158201640
B2318004812483N11939393WA0158301640
B2318014812492N11939392WA0157901639
B2318024812500N11939392WA0158001639
B2318034812508N11939392WA0158001638
B2318044812517N11939392WA0158001637
B2318054812525N11939391WA0157901637
B2318064812534N11939390WA0157601635
B2318074812543N11939389WA0157601634
B2318084812552N11939389WA0157601633
B2318094812561N11939387WA0157501633
B2318104812570N11939386WA0157601633
B2318114812578N11939385WA0157601633
B2318124812587N11939384WA0157601634
B2318134812595N11939385WA0157601635
B2318144812603N11939385WA0157601634
B2318154812611N11939384WA0157701635
B2318164812619N11939381WA0157801636
B2318174812626N11939379WA0157901637
B2318184812633N11939376WA0158101639
B2318194812640N11939375WA0158301640
B2318204812646N11939374WA0158601643
B2318214812651N11939372WA0159001647
B2318224812656N11939371WA0159101650
B2318234812661N11939370WA0159501653
B2318244812667N11939368WA0159701655
B2318254812672N11939367WA0160001658
B2318264812677N11939365WA0160301661
B2318274812682N11939363WA0160801665
B2318284812687N11939364WA0161101669
B2318294812692N11939366WA0161401672
B2318304812696N11939371WA0161701676
B2318314812698N11939378WA0162201680
B2318324812698N11939386WA0162401683
B2318334812696N11939394WA0162901686
B2318344812691N11939399WA0163201690
B2318354812685N11939399WA0163601694
B2318364812680N11939393WA0163701696
B2318374812677N11939384WA0163901698
B2318384812678N11939374WA0164201701
B2318394812680N11939366WA0164701704
B2318404812684N11939360WA0165001709
B2318414812688N11939357WA0165401713
B2318424812692N11939354WA0165501717
B2318434812697N11939352WA0165901720
B2318444812702N11939353WA0166201722
B2318454812708N11939355WA0166601725
B2318464812713N11939358WA0166901729
B2318474812716N11939363WA0167401733
B2318484812719N11939369WA0167701738
B2318494812720N11939376WA0168101741
B2318504812718N11939383WA0168201743
B2318514812715N11939390WA0168501745
B2318524812710N11939395WA0168701748
B2318534812705N11939396WA0169101752
B2318544812699N11939392WA0169401755
B2318554812695N11939385WA0169701758
B2318564812693N11939375WA0169801760
B2318574812692N11939366WA0170201762
B2318584812694N11939358WA0170501767
B2318594812698N11939351WA0170801770
B2319004812703N11939347WA0171001773
B2319014812708N11939344WA0171401776
B2319024812713N11939341WA0171601780
B2319034812717N11939341WA0172101784
B2319044812721N11939344WA0172301787
B2319054812725N11939350WA0172401788
B2319064812726N11939358WA0172401788
B2319074812725N11939367WA0172601790
B2319084812721N11939375WA0172801792
B2319094812716N11939379WA0173201796
B2319104812710N11939378WA0173401799
B2319114812705N11939373WA0173801802
B2319124812701N11939365WA0174001804
B2319134812699N11939357WA0174301807
B2319144812699N11939348WA0174401809
B2319154812701N11939339WA0174801812
B2319164812704N11939332WA0175001815
B2319174812708N11939325WA0175301817
B2319184812713N11939322WA0175501820
B2319194812718N11939322WA0175801823
B2319204812722N11939327WA0175901824
B2319214812725N11939334WA0176101826
B2319224812727N11939342WA0176301828
B2319234812727N11939351WA0176401830
B2319244812725N11939358WA0176701833
B2319254812722N11939363WA0177101836
B2319264812716N11939366WA0177201838
B2319274812710N11939367WA0177301838
B2319284812703N11939364WA0177401840
B2319294812698N11939358WA0177701842
B2319304812695N11939349WA0177901845
B2319314812695N11939340WA0178201847
B2319324812697N11939330WA0178301849
B2319334812700N11939322WA0178601852
B2319344812704N11939317WA0178701854
B2319354812708N11939313WA0179001857
B2319364812714N11939313WA0179101859
B2319374812718N11939316WA0179301861
B2319384812722N11939321WA0179501862
B2319394812724N11939327WA0179601864
B2319404812726N11939335WA0179701865
B2319414812725N11939343WA0179901866
B2319424812724N11939350WA0180001868
B2319434812720N11939356WA0180301871
B2319444812715N11939359WA0180301872
B2319454812709N11939360WA0180501872
B2319464812702N11939358WA0180601873
B2319474812696N11939353WA0180701875
B2319484812692N11939347WA0181001877
B2319494812690N11939339WA0181201880
B2319504812690N11939330WA0181401881
B2319514812691N11939321WA0181501883
B2319524812693N11939313WA0181601885
B2319534812696N11939307WA0181801887
B2319544812700N11939302WA0181901888
B2319554812704N11939300WA0182101889
B2319564812710N11939299WA0182001890
B2319574812715N11939300WA0182101891
B2319584812719N11939301WA0182301892
B2319594812724N11939303WA0182401893
B2320004812728N11939306WA0182401894
B2320014812733N11939308WA0182501895
B2320024812738N11939312WA0182601895
B2320034812743N11939315WA0182701896
B2320044812747N11939320WA0182801898
B2320054812751N11939324WA0183001899
B2320064812755N11939329WA0183001900
B2320074812759N11939332WA0183301902
B2320084812763N11939336WA0183401903
B2320094812767N11939339WA0183501905
B2320104812771N11939342WA0183501905
B2320114812776N11939345WA0183601906
B2320124812781N11939346WA0183601906
B2320134812786N11939347WA0183701907
B2320144812791N11939349WA0183801908
B2320154812796N11939351WA0183801909
B2320164812801N11939353WA0183801909
B2320174812807N11939354WA0183901910
B2320184812812N11939356WA0183901910
B2320194812817N11939358WA0184001911
B2320204812823N11939360WA0184001911
B2320214812828N11939362WA0184001911
B2320224812835N11939364WA0184001911
B2320234812842N11939366WA0184101911
B2320244812849N11939366WA0184201912
B2320254812857N11939367WA0184201913
B2320264812864N11939367WA0184301914
B2320274812871N11939368WA0184701916
B2320284812878N11939369WA0184901918
B2320294812884N11939369WA0185001920
B2320304812891N11939369WA0185101921
B2320314812898N11939370WA0185201923
B2320324812905N11939370WA0185301924
B2320334812912N11939371WA0185601925
B2320344812919N11939371WA0185601927
B2320354812926N11939370WA0185801928
B2320364812932N11939370WA0185801929
B2320374812939N11939371WA0186001930
B2320384812946N11939372WA0186201932
B2320394812953N11939372WA0186201933
B2320404812961N11939372WA0186301933
B2320414812968N11939371WA0186401934
B2320424812975N11939369WA0186401935
B2320434812982N11939367WA0186601937
B2320444812990N11939364WA0186801938
B2320454812997N11939362WA0186901940
B2320464813004N11939359WA0187201942
B2320474813011N11939356WA0187401944
B2320484813017N11939352WA0187601947
B2320494813024N11939348WA0187901949
B2320504813031N11939346WA0188001951
B2320514813037N11939347WA0188201953
B2320524813043N11939351WA0188401954
B2320534813046N11939358WA0188501955
B2320544813046N11939366WA0188501955
B2320554813045N11939372WA0188801957
B2320564813042N11939376WA0188901959
B2320574813038N11939376WA0189101961
B2320584813034N11939372WA0189101962
B2320594813031N11939365WA0189101962
B2321004813030N11939355WA0189201963
B2321014813031N11939345WA0189501965
B2321024813035N11939335WA0189601966
B2321034813041N11939327WA0189801968
B2321044813047N11939322WA0190001970
B2321054813054N11939318WA0190101972
B2321064813061N11939315WA0190201974
B2321074813068N11939313WA0190501976
B2321084813076N11939314WA0190601978
B2321094813083N11939317WA0190801980
B2321104813088N11939321WA0190901981
B2321114813093N11939327WA0191001982
B2321124813096N11939332WA0191101984
B2321134813098N11939338WA0191201985
B2321144813099N11939344WA0191201985
B2321154813098N11939350WA0191101984
B2321164813096N11939355WA0191101983
B2321174813092N11939359WA0191001983
B2321184813088N11939361WA0191001983
B2321194813084N11939359WA0191201984
B2321204813080N11939355WA0191401984
B2321214813078N11939347WA0191401986
B2321224813078N11939337WA0191501987
B2321234813081N11939327WA0191701988
B2321244813086N11939318WA0191801989
B2321254813092N11939310WA0192001991
B2321264813098N11939304WA0191901992
B2321274813105N11939298WA0192001993
B2321284813112N11939295WA0192201994
B2321294813119N11939293WA0192101994
B2321304813126N11939292WA0192101994
B2321314813133N11939293WA0192001993
B2321324813140N11939294WA0191901993
B2321334813146N11939296WA0191901993
B2321344813152N11939299WA0191801992
B2321354813158N11939303WA0191701990
B2321364813165N11939308WA0191501988
B2321374813171N11939314WA0191301987
B2321384813177N11939320WA0191301986
B2321394813182N11939327WA0191201985
B2321404813188N11939333WA0191201984
B2321414813193N11939340WA0191101983
B2321424813198N11939346WA0190901983
B2321434813203N11939352WA0190901982
B2321444813208N11939357WA0190901982
B2321454813211N11939361WA0190901982
B2321464813215N11939366WA0190901982
B2321474813218N11939371WA0190501979
B2321484813223N11939377WA0190301977
B2321494813228N11939383WA0190001974
B2321504813233N11939388WA0189801971
B2321514813239N11939392WA0189601970
B2321524813244N11939397WA0189501968
B2321534813249N11939403WA0189101965
B2321544813254N11939411WA0188801961
B2321554813260N11939419WA0188301957
B2321564813265N11939428WA0188101954
B2321574813270N11939436WA0188001953
B2321584813275N11939444WA0188001952
B2321594813279N11939452WA0187801950
B2322004813284N11939460WA0187501947
B2322014813290N11939468WA0187001944
B2322024813296N11939477WA0186701940
B2322034813303N11939485WA0186301936
B2322044813309N11939493WA0186001933
B2322054813315N11939501WA0185801931
B2322064813321N11939510WA0185601928
B2322074813327N11939518WA0185301926
B2322084813332N11939526WA0185101923
B2322094813338N11939534WA0184701919
B2322104813345N11939540WA0184501915
B2322114813352N11939547WA0184001912
B2322124813359N11939553WA0183701910
B2322134813366N11939559WA0183601907
B2322144813372N11939565WA0183401906
B2322154813379N11939572WA0183201904
B2322164813386N11939578WA0182901902
B2322174813393N11939585WA0182701899
B2322184813400N11939591WA0182401896
B2322194813407N11939598WA0182101893
B2322204813415N11939604WA0181901890
B2322214813422N11939611WA0181601888
B2322224813428N11939618WA0181601886
B2322234813435N11939626WA0181501884
B2322244813442N11939633WA0181301882
B2322254813449N11939638WA0181301882
B2322264813455N11939642WA0181401884
B2322274813461N11939647WA0181501884
B2322284813466N11939652WA0181301883
B2322294813473N11939658WA0181201881
B2322304813481N11939664WA0180801878
B2322314813489N11939669WA0180601877
B2322324813496N11939675WA0180701877
B2322334813504N11939679WA0180801877
B2322344813511N11939684WA0180701877
B2322354813518N11939689WA0180401875
B2322364813526N11939695WA0180201872
B2322374813534N11939702WA0179901868
B2322384813542N11939709WA0179701865
B2322394813550N11939717WA0179401862
B2322404813559N11939725WA0179001860
B2322414813567N11939732WA0178901859
B2322424813574N11939739WA0178801858
B2322434813582N11939746WA0178801857
B2322444813590N11939753WA0178701855
B2322454813598N11939760WA0178501853
B2322464813606N11939766WA0178201850
B2322474813614N11939774WA0177801847
B2322484813623N11939782WA0177401843
B2322494813630N11939791WA0177001840
B2322504813637N11939800WA0176801838
B2322514813644N11939809WA0176701836
B2322524813652N11939816WA0176601835
B2322534813659N11939822WA0176601834
B2322544813665N11939829WA0176301832
B2322554813672N11939836WA0175901828
B2322564813677N11939845WA0175201823
B2322574813683N11939855WA0174801817
B2322584813689N11939863WA0174601814
B2322594813695N11939869WA0174201810
B2323004813703N11939875WA0173601805
B2323014813711N11939882WA0173101801
B2323024813719N11939889WA0172701796
B2323034813726N11939898WA0172301791
B2323044813734N11939907WA0171701785
B2323054813742N11939917WA0171201781
B2323064813749N11939927WA0170901777
B2323074813756N11939936WA0170601774
B2323084813762N11939946WA0170401771
B2323094813768N11939954WA0170101767
B2323104813774N11939963WA0169601763
B2323114813780N11939972WA0169101757
B2323124813787N11939981WA0168401751
B2323134813794N11939990WA0167901745
B2323144813800N11939999WA0167301740
B2323154813807N11940009WA0167001735
B2323164813813N11940019WA0166501731
B2323174813818N11940029WA0166401729
B2323184813824N11940039WA0166201726
B2323194813829N11940049WA0165901724
B2323204813834N11940058WA0165501720
B2323214813840N11940068WA0165201716
B2323224813846N11940077WA0164601711
B2323234813852N11940087WA0164301707
B2323244813859N11940096WA0163801703
B2323254813866N11940104WA0163701701
B2323264813873N11940112WA0163601699
B2323274813880N11940118WA0163601698
B2323284813886N11940125WA0163401696
B2323294813892N11940133WA0163301695
B2323304813898N11940141WA0163101693
B2323314813904N11940148WA0163001691
B2323324813911N11940154WA0162701690
B2323334813918N11940159WA0162401688
B2323344813925N11940166WA0162301686
B2323354813932N11940173WA0162001683
B2323364813939N11940180WA0161601679
B2323374813946N11940188WA0161501676
B2323384813953N11940196WA0161201673
B2323394813960N11940206WA0160901671
B2323404813965N11940215WA0161001671
B2323414813971N11940225WA0160901670
B2323424813977N11940234WA0160901669
B2323434813983N11940242WA0160701668
B2323444813988N11940252WA0160501666
B2323454813994N11940261WA0160501665
B2323464813998N11940271WA0160401665
B2323474814003N11940281WA0160401665
B2323484814007N11940291WA0160401664
B2323494814011N11940300WA0160401664
B2323504814016N11940309WA0160101663
B2323514814020N11940318WA0160001662
B2323524814024N11940328WA0160001661
B2323534814028N11940338WA0159801660
B2323544814032N11940347WA0159701659
B2323554814036N11940357WA0159701657
B2323564814042N11940365WA0159401656
B2323574814048N11940374WA0159301654
B2323584814053N11940384WA0159301654
B2323594814057N11940394WA0159301654
B2324004814061N11940404WA0159501655
B2324014814065N11940413WA0159601656
B2324024814070N11940422WA0159501656
B2324034814074N11940432WA0159601657
B2324044814078N11940443WA0159801657
B2324054814082N11940454WA0159701658
B2324064814084N11940464WA0159901660
B2324074814086N11940474WA0160101662
B2324084814088N11940482WA0160401665
B2324094814090N11940490WA0160501666
B2324104814093N11940499WA0160701667
B2324114814095N11940507WA0160901670
B2324124814096N11940513WA0161201673
B2324134814097N11940519WA0161501677
B2324144814097N11940525WA0161801679
B2324154814098N11940531WA0162001681
B2324164814100N11940537WA0162101682
B2324174814105N11940542WA0162101683
B2324184814110N11940543WA0162201683
B2324194814116N11940540WA0162301683
B2324204814121N11940534WA0162401684
B2324214814123N11940525WA0162501685
B2324224814122N11940516WA0162601686
B2324234814119N11940508WA0162701686
B2324244814116N11940501WA0162801688
B2324254814112N11940495WA0162901689
B2324264814108N11940490WA0163201691
B2324274814103N11940488WA0163301693
B2324284814099N11940487WA0163501695
B2324294814094N11940489WA0163501695
B2324304814090N11940493WA0163701696
B2324314814087N11940500WA0163701697
B2324324814086N11940507WA0163901699
B2324334814086N11940516WA0163901699
B2324344814086N11940524WA0164001700
B2324354814087N11940532WA0164101701
B2324364814089N11940540WA0164201703
B2324374814090N11940547WA0164501706
B2324384814093N11940554WA0164701708
B2324394814095N11940560WA0164901710
B2324404814097N11940566WA0165101711
B2324414814100N11940571WA0165201712
B2324424814104N11940574WA0165401713
B2324434814110N11940575WA0165401714
B2324444814115N11940572WA0165401714
B2324454814120N11940566WA0165501715
B2324464814124N11940560WA0165601716
B2324474814126N11940552WA0165801718
B2324484814126N11940545WA0166001719
B2324494814124N11940537WA0166101720
B2324504814121N11940530WA0166001719
B2324514814115N11940526WA0166001718
B2324524814110N11940524WA0166001719
B2324534814105N11940526WA0166101719
B2324544814100N11940531WA0166201720
B2324554814097N11940536WA0166301721
B2324564814094N11940542WA0166401723
B2324574814093N11940549WA0166501724
B2324584814093N11940556WA0166601724
B2324594814095N11940564WA0166601724
B2325004814099N11940570WA0166501724
B2325014814104N11940574WA0166701726
B2325024814108N11940576WA0167101729
B2325034814113N11940578WA0167201732
B2325044814117N11940580WA0167401733
B2325054814121N11940582WA0167501735
B2325064814127N11940584WA0167601735
B2325074814132N11940586WA0167601737
B2325084814138N11940587WA0167701738
B2325094814144N11940588WA0167901739
B2325104814150N11940588WA0168001741
B2325114814156N11940589WA0168201742
B2325124814161N11940589WA0168301744
B2325134814167N11940589WA0168501745
B2325144814172N11940587WA0168701747
B2325154814177N11940583WA0168901750
B2325164814181N11940578WA0169101751
B2325174814183N11940571WA0169101752
B2325184814185N11940563WA0169101752
B2325194814184N11940554WA0169101751
B2325204814183N11940545WA0169101751
B2325214814180N11940538WA0169101751
B2325224814176N11940532WA0169101751
B2325234814171N11940529WA0169101751
B2325244814165N11940529WA0169101751
B2325254814160N11940533WA0169101750
B2325264814156N11940539WA0169001751
B2325274814154N11940547WA0169101751
B2325284814154N11940555WA0169301753
B2325294814156N11940562WA0169401755
B2325304814158N11940567WA0169601756
B2325314814161N11940571WA0169701758
B2325324814165N11940576WA0169701758
B2325334814169N11940581WA0169801758
B2325344814174N11940586WA0169801758
B2325354814178N11940591WA0169801759
B2325364814183N11940596WA0170101760
B2325374814188N11940600WA0170201762
B2325384814193N11940604WA0170301763
B2325394814197N11940608WA0170401764
B2325404814202N11940613WA0170501765
B2325414814207N11940617WA0170601767
B2325424814212N11940622WA0170601768
B2325434814217N11940625WA0170701769
B2325444814222N11940629WA0170801770
B2325454814227N11940632WA0171001772
B2325464814233N11940636WA0171101773
B2325474814238N11940639WA0171201774
B2325484814243N11940643WA0171201774
B2325494814249N11940647WA0171301774
B2325504814254N11940651WA0171301775
B2325514814260N11940654WA0171401776
B2325524814265N11940658WA0171501777
B2325534814271N11940661WA0171501778
B2325544814276N11940665WA0171501778
B2325554814281N11940669WA0171601778
B2325564814287N11940673WA0171601778
B2325574814293N11940677WA0171601778
B2325584814299N11940680WA0171501778
B2325594814305N11940684WA0171601778
B2326004814311N11940688WA0171601778
B2326014814316N11940692WA0171601778
B2326024814322N11940697WA0171501778
B2326034814328N11940701WA0171401778
B2326044814333N11940705WA0171401778
B2326054814339N11940709WA0171301777
B2326064814344N11940714WA0171201777
B2326074814350N11940719WA0171101775
B2326084814356N11940725WA0170901773
B2326094814363N11940732WA0170701771
B2326104814370N11940738WA0170501768
B2326114814378N11940744WA0170401767
B2326124814386N11940751WA0170101765
B2326134814394N11940758WA0170101764
B2326144814401N11940766WA0170001764
B2326154814408N11940774WA0170101763
B2326164814415N11940782WA0170001763
B2326174814422N11940790WA0169901762
B2326184814429N11940799WA0169801761
B2326194814435N11940808WA0169701759
B2326204814443N11940817WA0169501758
B2326214814450N11940825WA0169401757
B2326224814457N11940833WA0169201756
B2326234814464N11940841WA0169101755
B2326244814470N11940850WA0169001754
B2326254814477N11940859WA0168901752
B2326264814484N11940869WA0168701749
B2326274814492N11940877WA0168401747
B2326284814500N11940885WA0168101745
B2326294814508N11940893WA0167901744
B2326304814515N11940902WA0167901743
B2326314814522N11940910WA0167701742
B2326324814528N11940919WA0167601740
B2326334814535N11940927WA0167501738
B2326344814541N11940935WA0167401736
B2326354814548N11940943WA0167201733
B2326364814555N11940951WA0166701730
B2326374814563N11940959WA0166601727
B2326384814570N11940966WA0166101724
B2326394814577N11940975WA0165901722
B2326404814584N11940984WA0165601719
B2326414814591N11940994WA0165501717
B2326424814597N11941003WA0165401715
B2326434814604N11941013WA0165201713
B2326444814610N11941021WA0165001711
B2326454814617N11941030WA0164701708
B2326464814624N11941039WA0164301706
B2326474814630N11941048WA0164201702
B2326484814637N11941058WA0163801699
B2326494814643N11941068WA0163501696
B2326504814649N11941078WA0163401695
B2326514814653N11941088WA0163401696
B2326524814656N11941099WA0163501696
B2326534814660N11941108WA0163601696
B2326544814664N11941117WA0163501696
B2326554814670N11941125WA0163301695
B2326564814676N11941132WA0163101693
B2326574814682N11941140WA0163001692
B2326584814689N11941148WA0162801690
B2326594814695N11941156WA0162701688
B2327004814701N11941165WA0162501686
B2327014814707N11941175WA0162401685
B2327024814713N11941183WA0162201684
B2327034814720N11941190WA0162101682
B2327044814728N11941197WA0161801680
B2327054814735N11941204WA0161501676
B2327064814742N11941212WA0161001672
B2327074814749N11941220WA0160801668
B2327084814756N11941229WA0160301665
B2327094814762N11941238WA0160101662
B2327104814767N11941246WA0159801660
B2327114814773N11941254WA0159501656
B2327124814780N11941263WA0159201653
B2327134814786N11941271WA0159101651
B2327144814792N11941280WA0158901650
B2327154814798N11941288WA0159001651
B2327164814803N11941295WA0159201652
B2327174814808N11941302WA0159201652
B2327184814812N11941308WA0158901651
B2327194814817N11941315WA0158601648
B2327204814822N11941322WA0158301644
B2327214814828N11941329WA0157801640
B2327224814834N11941337WA0157501636
B2327234814841N11941346WA0157201632
B2327244814848N11941355WA0156901629
B2327254814855N11941364WA0156601626
B2327264814863N11941374WA0156401623
B2327274814871N11941382WA0156601624
B2327284814877N11941389WA0157401628
B2327294814883N11941395WA0157701633
B2327304814888N11941400WA0158201637
B2327314814894N11941405WA0158401640
B2327324814901N11941410WA0158601642
B2327334814908N11941415WA0158701644
B2327344814916N11941420WA0159101647
B2327354814923N11941425WA0159401651
B2327364814930N11941430WA0159901655
B2327374814936N11941437WA0160401660
B2327384814941N11941445WA0161101667
B2327394814943N11941454WA0161501672
B2327404814943N11941464WA0161901675
B2327414814941N11941474WA0162001677
B2327424814938N11941480WA0162301679
B2327434814934N11941483WA0162601683
B2327444814930N11941481WA0162901685
B2327454814928N11941475WA0162901687
B2327464814928N11941467WA0163101688
B2327474814931N11941459WA0163401691
B2327484814936N11941453WA0163901695
B2327494814943N11941450WA0164301699
B2327504814950N11941450WA0164701703
B2327514814957N11941452WA0165101709
B2327524814963N11941454WA0165701715
B2327534814968N11941457WA0166201722
B2327544814972N11941462WA0167001728
B2327554814975N11941469WA0167401733
B2327564814976N11941478WA0167801737
B2327574814976N11941487WA0168001740
B2327584814974N11941495WA0168501744
B2327594814972N11941502WA0168901749
B2328004814968N11941507WA0169401754
B2328014814965N11941511WA0169701757
B2328024814961N11941515WA0170101761
B2328034814958N11941517WA0170501765
B2328044814954N11941515WA0170801769
B2328054814953N11941510WA0171001771
B2328064814952N11941503WA0171301773
B2328074814953N11941495WA0171401776
B2328084814956N11941489WA0171901779
B2328094814961N11941484WA0172201783
B2328104814967N11941483WA0172501787
B2328114814974N11941483WA0172801790
B2328124814980N11941484WA0173201794
B2328134814986N11941486WA0173501799
B2328144814992N11941489WA0174201804
B2328154814997N11941494WA0174601809
B2328164815002N11941501WA0175101813
B2328174815004N11941511WA0175501819
B2328184815004N11941521WA0176101823
B2328194815000N11941530WA0176401827
B2328204814994N11941535WA0176801832
B2328214814989N11941536WA0177401837
B2328224814985N11941532WA0177901842
B2328234814982N11941527WA0178201845
B2328244814980N11941521WA0178701849
B2328254814979N11941514WA0178801854
B2328264814980N11941507WA0179401858
B2328274814982N11941501WA0179701862
B2328284814985N11941494WA0180001865
B2328294814989N11941489WA0180301869
B2328304814994N11941487WA0180801873
B2328314815000N11941488WA0181101877
B2328324815006N11941494WA0181401881
B2328334815011N11941502WA0181901885
B2328344815014N11941510WA0182601891
B2328354815016N11941518WA0183101898
B2328364815017N11941527WA0183801905
B2328374815016N11941536WA0184201910
B2328384815013N11941545WA0184701914
B2328394815008N11941552WA0184901919
B2328404815003N11941555WA0185501923
B2328414814997N11941554WA0185801927
B2328424814993N11941550WA0186301932
B2328434814992N11941543WA0186701936
B2328444814994N11941536WA0187101939
B2328454814999N11941531WA0187201942
B2328464815006N11941529WA0187601945
B2328474815012N11941531WA0188001949
B2328484815018N11941536WA0188501954
B2328494815022N11941544WA0188801959
B2328504815025N11941553WA0189401963
B2328514815027N11941562WA0189901969
B2328524815027N11941572WA0190601976
B2328534815026N11941580WA0191201982
B2328544815023N11941588WA0191701987
B2328554815020N11941596WA0192001992
B2328564815015N11941603WA0192601997
B2328574815010N11941608WA0193002001
B2328584815005N11941610WA0193302005
B2328594815000N11941610WA0193702010
B2329004814996N11941607WA0194302014
B2329014814993N11941603WA0194502017
B2329024814991N11941597WA0194802020
B2329034814991N11941591WA0195002023
B2329044814992N11941584WA0195302026
B2329054814994N11941577WA0195502028
B2329064814997N11941571WA0195902031
B2329074814999N11941565WA0196202035
B2329084815002N11941560WA0196702040
B2329094815006N11941557WA0197102045
B2329104815011N11941554WA0197602049
B2329114815016N11941552WA0197902053
B2329124815021N11941553WA0198302057
B2329134815026N11941555WA0198602061
B2329144815031N11941560WA0199102065
B2329154815035N11941567WA0199402069
B2329164815037N11941574WA0199902074
B2329174815039N11941582WA0200102077
B2329184815039N11941592WA0200502080
B2329194815038N11941601WA0200602082
B2329204815034N11941608WA0200902085
B2329214815030N11941615WA0201102087
B2329224815025N11941620WA0201402090
B2329234815020N11941623WA0201502093
B2329244815014N11941623WA0202002096
B2329254815010N11941621WA0202302100
B2329264815006N11941617WA0202702103
B2329274815003N11941612WA0203002107
B2329284815001N11941607WA0203502110
B2329294814999N11941602WA0203602113
B2329304814999N11941595WA0203902115
B2329314814999N11941587WA0204102117
B2329324814999N11941579WA0204402120
B2329334815000N11941573WA0204702124
B2329344815002N11941568WA0205102128
B2329354815004N11941564WA0205302131
B2329364815008N11941560WA0205602133
B2329374815013N11941556WA0205702135
B2329384815018N11941554WA0206002138
B2329394815023N11941552WA0206202141
B2329404815029N11941554WA0206602144
B2329414815035N11941557WA0206802147
B2329424815040N11941563WA0207102150
B2329434815044N11941570WA0207402153
B2329444815048N11941577WA0207902158
B2329454815050N11941585WA0208202162
B2329464815052N11941593WA0208702166
B2329474815053N11941602WA0208902169
B2329484815051N11941611WA0209202171
B2329494815048N11941618WA0209402174
B2329504815043N11941623WA0209702176
B2329514815038N11941625WA0209902179
B2329524815034N11941625WA0210202182
B2329534815029N11941624WA0210502185
B2329544815025N11941622WA0210802187
B2329554815020N11941619WA0210902189
B2329564815016N11941614WA0211002190
B2329574815014N11941607WA0211202192
B2329584815014N11941599WA0211402193
B2329594815014N11941592WA0211502195
B2330004815015N11941586WA0211702197
B2330014815018N11941580WA0212002200
B2330024815021N11941574WA0212202202
B2330034815025N11941568WA0212402205
B2330044815029N11941562WA0212802207
B2330054815033N11941557WA0213102211
B2330064815036N11941552WA0213502214
B2330074815040N11941547WA0213702218
B2330084815045N11941541WA0214102220
B2330094815049N11941535WA0214202223
B2330104815054N11941529WA0214502226
B2330114815059N11941522WA0214902229
B2330124815064N11941515WA0215302233
B2330134815070N11941510WA0215702237
B2330144815077N11941505WA0216102241
B2330154815084N11941501WA0216302243
B2330164815091N11941499WA0216302243
B2330174815098N11941496WA0216102242
B2330184815105N11941494WA0215802242
B2330194815112N11941492WA0215602241
B2330204815118N11941493WA0215602239
B2330214815124N11941495WA0215402237
B2330224815130N11941497WA0215202235
B2330234815136N11941496WA0215002233
B2330244815143N11941492WA0214502229
B2330254815151N11941489WA0214102225
B2330264815159N11941486WA0213702221
B2330274815167N11941484WA0213502218
B2330284815175N11941482WA0213302216
B2330294815182N11941479WA0213102214
B2330304815190N11941474WA0212602211
B2330314815198N11941469WA0212402208
B2330324815206N11941464WA0211902204
B2330334815215N11941459WA0211602199
B2330344815224N11941453WA0211102195
B2330354815233N11941446WA0210802191
B2330364815241N11941439WA0210502188
B2330374815250N11941430WA0210202185
B2330384815258N11941421WA0210202182
B2330394815266N11941412WA0209802180
B2330404815275N11941403WA0209602179
B2330414815283N11941395WA0209402177
B2330424815292N11941387WA0209202175
B2330434815300N11941379WA0209102173
B2330444815309N11941372WA0208902170
B2330454815318N11941364WA0208902168
B2330464815327N11941356WA0208402166
B2330474815335N11941347WA0208202163
B2330484815343N11941338WA0207802161
B2330494815351N11941329WA0207602158
B2330504815360N11941320WA0207402156
B2330514815368N11941313WA0207402156
B2330524815376N11941306WA0207502155
B2330534815383N11941300WA0207402155
B2330544815390N11941292WA0207202153
B2330554815397N11941283WA0206902149
B2330564815405N11941274WA0206402146
B2330574815412N11941265WA0206302144
B2330584815420N11941256WA0206202143
B2330594815427N11941248WA0206202144
B2331004815435N11941242WA0206302144
B2331014815442N11941235WA0206302143
B2331024815450N11941228WA0206002142
B2331034815457N11941221WA0205902140
B2331044815465N11941213WA0205602137
B2331054815473N11941205WA0205302133
B2331064815482N11941196WA0204902129
B2331074815491N11941187WA0204402125
B2331084815500N11941179WA0204202122
B2331094815510N11941171WA0204002119
B2331104815520N11941163WA0203902117
B2331114815529N11941156WA0203802116
B2331124815538N11941148WA0203702115
B2331134815547N11941140WA0203602113
B2331144815555N11941131WA0203202112
B2331154815563N11941122WA0203202110
B2331164815571N11941113WA0202902108
B2331174815579N11941104WA0202902106
B2331184815587N11941095WA0202402103
B2331194815595N11941086WA0202202101
B2331204815604N11941077WA0202102099
B2331214815612N11941069WA0202002097
B2331224815621N11941062WA0201702095
B2331234815629N11941054WA0201502093
B2331244815638N11941047WA0201302091
B2331254815646N11941040WA0201002088
B2331264815655N11941033WA0200702086
B2331274815664N11941026WA0200702083
B2331284815673N11941018WA0200402081
B2331294815682N11941011WA0200002078
B2331304815692N11941004WA0199702075
B2331314815701N11940996WA0199502071
B2331324815711N11940989WA0199302068
B2331334815721N11940981WA0198902065
B2331344815730N11940973WA0198402062
B2331354815740N11940965WA0198202060
B2331364815749N11940958WA0198002058
B2331374815758N11940950WA0197902056
B2331384815767N11940943WA0197702054
B2331394815776N11940935WA0197602051
B2331404815785N11940928WA0197002048
B2331414815794N11940920WA0196802044
B2331424815804N11940913WA0196402041
B2331434815815N11940905WA0196202038
B2331444815825N11940897WA0196102035
B2331454815834N11940889WA0195902034
B2331464815843N11940881WA0195702034
B2331474815851N11940874WA0195602033
B2331484815860N11940866WA0195602031
B2331494815868N11940858WA0195502030
B2331504815876N11940849WA0195102028
B2331514815884N11940841WA0195002026
B2331524815891N11940833WA0194902024
B2331534815899N11940824WA0194902023
B2331544815907N11940816WA0194502021
B2331554815915N11940807WA0194302019
B2331564815923N11940799WA0194102017
B2331574815931N11940791WA0193902015
B2331584815940N11940783WA0193702013
B2331594815948N11940775WA0193602011
B2332004815957N11940768WA0193402008
B2332014815967N11940761WA0193302006
B2332024815975N11940753WA0193102004
B2332034815983N11940745WA0192902003
B2332044815990N11940736WA0192502001
B2332054815997N11940727WA0192402000
B2332064816003N11940719WA0192201998
B2332074816010N11940710WA0192001995
B2332084816017N11940701WA0191701992
B2332094816024N11940692WA0191601989
B2332104816030N11940682WA0191301988
B2332114816035N11940672WA0191301989
B2332124816040N11940663WA0191501991
B2332134816045N11940655WA0191801992
B2332144816051N11940648WA0191901993
B2332154816057N11940640WA0192101996
B2332164816062N11940632WA0192401998
B2332174816067N11940624WA0192502001
B2332184816072N11940615WA0192802003
B2332194816077N11940607WA0193102005
B2332204816083N11940599WA0193302008
B2332214816089N11940590WA0193402009
B2332224816094N11940581WA0193502011
B2332234816099N11940571WA0193602012
B2332244816104N11940562WA0193502013
B2332254816109N11940554WA0193602013
B2332264816115N11940546WA0193702013
B2332274816121N11940538WA0193702013
B2332284816126N11940530WA0193702013
B2332294816131N11940521WA0193602013
B2332304816137N11940511WA0193602012
B2332314816142N11940503WA0193702014
B2332324816148N11940495WA0193902015
B2332334816154N11940488WA0194102017
B2332344816160N11940480WA0194202017
B2332354816165N11940472WA0194102018
B2332364816171N11940463WA0194202018
B2332374816176N11940455WA0194102017
B2332384816183N11940446WA0193902015
B2332394816190N11940437WA0193702013
B2332404816198N11940428WA0193502012
B2332414816205N11940420WA0193502011
B2332424816213N11940412WA0193502010
B2332434816220N11940404WA0193402010
B2332444816227N11940396WA0193402010
B2332454816233N11940387WA0193402009
B2332464816240N11940378WA0193202008
B2332474816248N11940370WA0193102007
B2332484816256N11940363WA0192602004
B2332494816265N11940356WA0192602002
B2332504816274N11940350WA0192502001
B2332514816282N11940342WA0192301998
B2332524816289N11940333WA0191901995
B2332534816297N11940325WA0191601992
B2332544816305N11940316WA0191401989
B2332554816313N11940308WA0191101986
B2332564816322N11940299WA0190901983
B2332574816331N11940290WA0190601980
B2332584816339N11940280WA0190301977
B2332594816348N11940271WA0190101975
B2333004816356N11940261WA0189901973
B2333014816365N11940253WA0189801972
B2333024816374N11940244WA0189901971
B2333034816383N11940236WA0189801970
B2333044816391N11940227WA0189601969
B2333054816400N11940218WA0189601968
B2333064816408N11940209WA0189401967
B2333074816416N11940199WA0189301966
B2333084816425N11940190WA0189101964
B2333094816434N11940181WA0189101963
B2333104816442N11940171WA0188901962
B2333114816451N11940162WA0188901961
B2333124816459N11940152WA0188801959
B2333134816467N11940143WA0188401958
B2333144816476N11940133WA0188301956
B2333154816484N11940123WA0188101954
B2333164816493N11940113WA0187801951
B2333174816501N11940103WA0187501948
B2333184816510N11940092WA0187201945
B2333194816518N11940081WA0187001942
B2333204816526N11940070WA0186501940
B2333214816534N11940060WA0186501939
B2333224816541N11940050WA0186501939
B2333234816549N11940040WA0186501938
B2333244816556N11940030WA0186201936
B2333254816564N11940021WA0185901934
B2333264816572N11940010WA0185701931
B2333274816580N11940000WA0185501928
B2333284816588N11939990WA0185101926
B2333294816597N11939979WA0185001923
B2333304816605N11939969WA0184601921
B2333314816613N11939959WA0184501919
B2333324816621N11939948WA0184101916
B2333334816630N11939938WA0184001912
B2333344816638N11939928WA0183701910
B2333354816647N11939917WA0183501909
B2333364816655N11939908WA0183401908
B2333374816663N11939900WA0183501908
B2333384816672N11939894WA0183501907
B2333394816680N11939888WA0183501906
B2333404816687N11939882WA0183401905
B2333414816694N11939875WA0183401903
B2333424816701N11939867WA0183201902
B2333434816709N11939858WA0183001899
B2333444816716N11939848WA0182601897
B2333454816724N11939838WA0182501895
B2333464816731N11939828WA0182201893
B2333474816740N11939818WA0182201892
B2333484816748N11939809WA0182201891
B2333494816757N11939799WA0182001890
B2333504816765N11939789WA0181901890
B2333514816773N11939780WA0181901890
B2333524816781N11939773WA0182101891
B2333534816788N11939767WA0182201892
B2333544816795N11939760WA0182301893
B2333554816802N11939753WA0182301892
B2333564816809N11939745WA0182201892
B2333574816816N11939737WA0182201891
B2333584816824N11939729WA0182001889
B2333594816831N11939721WA0181801887
B2334004816839N11939711WA0181401885
B2334014816847N11939702WA0181201883
B2334024816855N11939693WA0181101881
B2334034816863N11939685WA0181201880
B2334044816870N11939676WA0181101880
B2334054816878N11939667WA0180901879
B2334064816885N11939659WA0180901878
B2334074816892N11939651WA0180801878
B2334084816899N11939643WA0180801877
B2334094816906N11939634WA0180701876
B2334104816914N11939626WA0180501875
B2334114816922N11939618WA0180501874
B2334124816930N11939610WA0180501874
B2334134816937N11939603WA0180701875
B2334144816945N11939595WA0180701876
B2334154816953N11939588WA0180701876
B2334164816961N11939580WA0180601876
B2334174816969N11939573WA0180701875
B2334184816977N11939565WA0180501874
B2334194816985N11939557WA0180301872
B2334204816992N11939547WA0180001870
B2334214817000N11939538WA0179901870
B2334224817007N11939530WA0179901869
B2334234817015N11939522WA0179801868
B2334244817024N11939514WA0179601866
B2334254817032N11939507WA0179601864
B2334264817040N11939499WA0179201862
B2334274817048N11939491WA0179001860
B2334284817056N11939483WA0178901858
B2334294817065N11939476WA0178901856
B2334304817073N11939468WA0178701854
B2334314817081N11939459WA0178501852
B2334324817090N11939451WA0178401850
B2334334817099N11939442WA0178201849
B2334344817107N11939434WA0178001848
B2334354817116N11939427WA0177901846
B2334364817124N11939419WA0177801845
B2334374817133N11939412WA0177701844
B2334384817141N11939404WA0177501842
B2334394817149N11939396WA0177201839
B2334404817157N11939388WA0177001836
B2334414817166N11939380WA0176701833
B2334424817174N11939371WA0176401831
B2334434817181N11939361WA0176001828
B2334444817188N11939352WA0175801826
B2334454817196N11939344WA0175701824
B2334464817204N11939336WA0175501822
B2334474817212N11939328WA0175401819
B2334484817220N11939319WA0174801816
B2334494817227N11939310WA0174701813
B2334504817235N11939300WA0174401810
B2334514817243N11939291WA0174201808
B2334524817251N11939282WA0173901806
B2334534817259N11939273WA0173801804
B2334544817268N11939264WA0173601802
B2334554817276N11939255WA0173301799
B2334564817284N11939245WA0173001797
B2334574817291N11939235WA0172901795
B2334584817299N11939226WA0172801794
B2334594817306N11939217WA0172601793
B2335004817314N11939208WA0172501792
B2335014817322N11939199WA0172401791
B2335024817330N11939190WA0172301789
B2335034817337N11939181WA0172101788
B2335044817344N11939172WA0172001787
B2335054817351N11939163WA0171901785
B2335064817357N11939153WA0171701783
B2335074817362N11939143WA0171401780
B2335084817367N11939133WA0171001776
B2335094817373N11939123WA0170701773
B2335104817379N11939112WA0170501770
B2335114817386N11939102WA0170301767
B2335124817394N11939092WA0170001766
B2335134817401N11939083WA0170101765
B2335144817409N11939074WA0170001764
B2335154817416N11939065WA0170001764
B2335164817424N11939055WA0170001764
B2335174817431N11939044WA0170101764
B2335184817437N11939033WA0170101765
B2335194817444N11939023WA0170201766
B2335204817451N11939015WA0170301767
B2335214817458N11939006WA0170401767
B2335224817465N11938998WA0170101765
B2335234817472N11938988WA0169901763
B2335244817479N11938978WA0169501760
B2335254817486N11938969WA0169301758
B2335264817494N11938960WA0169001756
B2335274817502N11938952WA0169001753
B2335284817510N11938943WA0168601751
B2335294817517N11938933WA0168501749
B2335304817524N11938923WA0168301747
B2335314817531N11938914WA0168101745
B2335324817538N11938905WA0167801743
B2335334817546N11938897WA0167701741
B2335344817554N11938889WA0167401738
B2335354817561N11938880WA0167001735
B2335364817569N11938871WA0166801732
B2335374817578N11938863WA0166701730
B2335384817586N11938854WA0166601729
B2335394817593N11938846WA0166401727
B2335404817601N11938837WA0166301725
B2335414817609N11938828WA0166001723
B2335424817617N11938821WA0165701721
B2335434817625N11938814WA0165601719
B2335444817633N11938807WA0165501717
B2335454817641N11938801WA0165401714
B2335464817650N11938794WA0164901711
B2335474817658N11938787WA0164701708
B2335484817666N11938780WA0164301705
B2335494817675N11938773WA0164001702
B2335504817683N11938765WA0163601699
B2335514817692N11938757WA0163401696
B2335524817699N11938749WA0163201695
B2335534817707N11938742WA0163201694
B2335544817715N11938736WA0163101693
B2335554817722N11938729WA0163101691
B2335564817730N11938721WA0162701689
B2335574817737N11938713WA0162501686
B2335584817744N11938704WA0162001683
B2335594817751N11938695WA0161701679
B2336004817760N11938686WA0161201676
B2336014817768N11938677WA0161101672
B2336024817777N11938669WA0160601669
B2336034817786N11938660WA0160401666
B2336044817794N11938652WA0160101663
B2336054817802N11938644WA0159901661
B2336064817810N11938636WA0159901660
B2336074817818N11938629WA0159801659
B2336084817826N11938621WA0159601657
B2336094817834N11938613WA0159601656
B2336104817841N11938605WA0159301654
B2336114817848N11938596WA0159001652
B2336124817855N11938587WA0158801650
B2336134817862N11938579WA0158601648
B2336144817870N11938571WA0158501646
B2336154817877N11938564WA0158301644
B2336164817885N11938557WA0158101641
B2336174817894N11938550WA0157701638
B2336184817902N11938543WA0157401635
B2336194817911N11938537WA0157101631
B2336204817920N11938530WA0156701628
B2336214817929N11938523WA0156401624
B2336224817937N11938515WA0156001621
B2336234817946N11938507WA0155801618
B2336244817955N11938500WA0155501616
B2336254817964N11938494WA0155301613
B2336264817973N11938487WA0155101610
B2336274817982N11938480WA0154901606
B2336284817990N11938471WA0154401601
B2336294817999N11938463WA0154001597
B2336304818008N11938455WA0153601592
B2336314818017N11938446WA0153201588
B2336324818026N11938438WA0152601584
B2336334818034N11938430WA0152401581
B2336344818042N11938421WA0152001578
B2336354818049N11938412WA0151901576
B2336364818057N11938404WA0151501573
B2336374818064N11938396WA0151401570
B2336384818072N11938388WA0151001567
B2336394818080N11938380WA0150601563
B2336404818089N11938372WA0150201559
B2336414818098N11938364WA0149901555
B2336424818107N11938356WA0149501551
B2336434818115N11938348WA0149201547
B2336444818124N11938339WA0148901543
B2336454818131N11938331WA0148301539
B2336464818139N11938323WA0147901536
B2336474818148N11938315WA0147501532
B2336484818156N11938308WA0147201528
B2336494818164N11938301WA0146801524
B2336504818171N11938293WA0146401520
B2336514818178N11938284WA0146001516
B2336524818185N11938276WA0145601511
B2336534818192N11938268WA0145301506
B2336544818200N11938259WA0144601501
B2336554818208N11938249WA0144101496
B2336564818215N11938239WA0143701492
B2336574818223N11938230WA0143401488
B2336584818231N11938221WA0143101484
B2336594818238N11938211WA0142901481
B2337004818245N11938202WA0142501478
B2337014818252N11938192WA0142301475
B2337024818260N11938182WA0141901472
B2337034818267N11938172WA0141701468
B2337044818275N11938162WA0141201465
B2337054818283N11938152WA0140901462
B2337064818291N11938143WA0140601459
B2337074818299N11938135WA0140401457
B2337084818306N11938127WA0140301455
B2337094818313N11938118WA0140001452
B2337104818319N11938110WA0139701450
B2337114818325N11938102WA0139701447
B2337124818332N11938094WA0139501445
B2337134818339N11938087WA0139301442
B2337144818346N11938079WA0138601438
B2337154818353N11938071WA0138301434
B2337164818361N11938063WA0137801430
B2337174818368N11938056WA0137601426
B2337184818376N11938047WA0137301423
B2337194818383N11938038WA0137101420
B2337204818390N11938029WA0136601418
B2337214818397N11938021WA0136501416
B2337224818404N11938013WA0136401413
B2337234818411N11938006WA0136301412
B2337244818418N11937999WA0136101410
B2337254818425N11937992WA0135901408
B2337264818432N11937985WA0135501405
B2337274818439N11937978WA0135301401
B2337284818447N11937971WA0135101397
B2337294818455N11937963WA0134701393
B2337304818462N11937954WA0133901389
B2337314818470N11937945WA0133801387
B2337324818477N11937937WA0133701385
B2337334818484N11937930WA0133601384
B2337344818490N11937922WA0133501382
B2337354818497N11937915WA0133301380
B2337364818504N11937907WA0132901377
B2337374818511N11937898WA0132701374
B2337384818519N11937890WA0132201371
B2337394818526N11937883WA0132201369
B2337404818534N11937875WA0132101368
B2337414818540N11937867WA0132001366
B2337424818547N11937859WA0131701364
B2337434818553N11937851WA0131401362
B2337444818560N11937844WA0131301359
B2337454818567N11937836WA0131101356
B2337464818574N11937829WA0130501353
B2337474818582N11937821WA0130401350
B2337484818589N11937813WA0130201348
B2337494818597N11937806WA0130001345
B2337504818604N11937798WA0129801343
B2337514818612N11937790WA0129601340
B2337524818620N11937782WA0129201338
B2337534818628N11937775WA0129001335
B2337544818636N11937767WA0128801332
B2337554818644N11937759WA0128601330
B2337564818652N11937752WA0128401328
B2337574818659N11937744WA0128201325
B2337584818666N11937735WA0128001323
B2337594818673N11937727WA0127701321
B2338004818681N11937719WA0127201318
B2338014818688N11937710WA0127001315
B2338024818695N11937701WA0126601311
B2338034818703N11937692WA0126401308
B2338044818710N11937682WA0126001305
B2338054818717N11937672WA0125901302
B2338064818724N11937662WA0125401299
B2338074818732N11937652WA0125101296
B2338084818739N11937643WA0125001294
B2338094818747N11937635WA0124901293
B2338104818755N11937628WA0124701291
B2338114818763N11937622WA0124601290
B2338124818770N11937617WA0124501289
B2338134818777N11937612WA0124401288
B2338144818785N11937606WA0124201286
B2338154818792N11937600WA0123901283
B2338164818799N11937594WA0123701279
B2338174818806N11937586WA0123201275
B2338184818814N11937579WA0122501271
B2338194818823N11937572WA0122301266
B2338204818832N11937565WA0122201263
B2338214818841N11937557WA0122101261
B2338224818848N11937550WA0121901262
B2338234818854N11937543WA0121801262
B2338244818860N11937536WA0121901262
B2338254818866N11937530WA0122001261
B2338264818872N11937523WA0121601259
B2338274818879N11937515WA0121401256
B2338284818885N11937507WA0120901253
B2338294818892N11937499WA0120701250
B2338304818899N11937490WA0120401247
B2338314818907N11937482WA0120101244
B2338324818915N11937474WA0119901243
B2338334818922N11937467WA0119801241
B2338344818930N11937460WA0119601239
B2338354818938N11937452WA0119401236
B2338364818945N11937443WA0118901232
B2338374818952N11937434WA0118701228
B2338384818959N11937424WA0118101224
B2338394818967N11937413WA0117801220
B2338404818975N11937403WA0117601217
B2338414818983N11937393WA0117501216
B2338424818990N11937384WA0117501215
B2338434818996N11937374WA0117401214
B2338444819002N11937365WA0117201213
B2338454819008N11937355WA0117101212
B2338464819014N11937345WA0117101211
B2338474819020N11937335WA0117001209
B2338484819025N11937325WA0116701207
B2338494819030N11937313WA0116501205
B2338504819036N11937302WA0116201203
B2338514819041N11937291WA0116201201
B2338524819046N11937280WA0116301199
B2338534819050N11937270WA0115901198
B2338544819055N11937260WA0115601196
B2338554819060N11937250WA0115501194
B2338564819064N11937240WA0115301192
B2338574819069N11937229WA0115101189
B2338584819074N11937218WA0114501185
B2338594819078N11937205WA0114201182
B2339004819083N11937193WA0114001180
B2339014819088N11937182WA0113801179
B2339024819093N11937171WA0113801177
B2339034819098N11937160WA0113801176
B2339044819103N11937150WA0113701174
B2339054819108N11937138WA0113301172
B2339064819113N11937127WA0113101169
B2339074819118N11937115WA0112901167
B2339084819123N11937104WA0112701164
B2339094819129N11937092WA0112501161
B2339104819135N11937081WA0112001158
B2339114819141N11937069WA0111801154
B2339124819147N11937056WA0111501152
B2339134819153N11937043WA0111301150
B2339144819157N11937030WA0111201149
B2339154819162N11937017WA0111201149
B2339164819167N11937005WA0111201148
B2339174819171N11936992WA0111201148
B2339184819175N11936979WA0111101147
B2339194819179N11936967WA0111001146
B2339204819184N11936955WA0111101145
B2339214819189N11936943WA0111201146
B2339224819193N11936932WA0111301148
B2339234819197N11936919WA0111401149
B2339244819200N11936906WA0111601151
B2339254819203N11936893WA0111901153
B2339264819207N11936880WA0112401158
B2339274819210N11936869WA0112701163
B2339284819214N11936859WA0113201167
B2339294819217N11936849WA0113501170
B2339304819220N11936839WA0113701173
B2339314819224N11936829WA0113801174
B2339324819227N11936819WA0113801175
B2339334819232N11936809WA0113601174
B2339344819237N11936800WA0113601173
B2339354819243N11936790WA0113501172
B2339364819250N11936781WA0113301170
B2339374819256N11936771WA0113201168
B2339384819263N11936761WA0112901166
B2339394819270N11936753WA0112701165
B2339404819278N11936746WA0112501163
B2339414819286N11936742WA0112501162
B2339424819294N11936737WA0112201160
B2339434819302N11936731WA0112201158
B2339444819309N11936725WA0111801157
B2339454819317N11936719WA0111801155
B2339464819325N11936715WA0111601154
B2339474819333N11936712WA0111701152
B2339484819342N11936710WA0111301151
B2339494819350N11936708WA0111201149
B2339504819359N11936705WA0110901146
B2339514819368N11936702WA0110701144
B2339524819377N11936698WA0110501142
B2339534819387N11936696WA0110401141
B2339544819396N11936693WA0110301139
B2339554819406N11936690WA0110301138
B2339564819415N11936688WA0110101137
B2339574819424N11936685WA0109901136
B2339584819433N11936682WA0109901134
B2339594819443N11936679WA0109801131
B2340004819452N11936676WA0109301129
B2340014819462N11936675WA0109201127
B2340024819472N11936674WA0108901125
B2340034819481N11936673WA0108801123
B2340044819491N11936671WA0108701122
B2340054819500N11936670WA0108601120
B2340064819510N11936668WA0108601118
B2340074819519N11936665WA0108501117
B2340084819527N11936662WA0108301116
B2340094819536N11936658WA0108301115
B2340104819544N11936654WA0107901113
B2340114819553N11936651WA0107801112
B2340124819561N11936648WA0107801109
B2340134819570N11936643WA0107601108
B2340144819577N11936637WA0107201106
B2340154819585N11936631WA0107001104
B2340164819592N11936626WA0106801102
B2340174819600N11936620WA0106801101
B2340184819607N11936615WA0106701099
B2340194819614N11936609WA0106501097
B2340204819622N11936603WA0106201094
B2340214819629N11936595WA0105901090
B2340224819636N11936587WA0105501087
B2340234819643N11936578WA0105201084
B2340244819650N11936570WA0105201084
B2340254819658N11936564WA0105401084
B2340264819665N11936557WA0105501085
B2340274819672N11936550WA0105501086
B2340284819678N11936542WA0105601086
B2340294819683N11936534WA0105501086
B2340304819689N11936525WA0105501087
B2340314819695N11936516WA0105501086
B2340324819701N11936508WA0105401085
B2340334819708N11936499WA0105401083
B2340344819715N11936490WA0105201082
B2340354819722N11936482WA0105001081
B2340364819729N11936473WA0104901080
B2340374819736N11936465WA0105001080
B2340384819743N11936457WA0105001079
B2340394819749N11936448WA0104801079
B2340404819756N11936440WA0104801078
B2340414819763N11936431WA0104801077
B2340424819770N11936422WA0104501076
B2340434819776N11936414WA0104401076
B2340444819782N11936406WA0104401075
B2340454819788N11936398WA0104201074
B2340464819794N11936390WA0104101072
B2340474819800N11936381WA0103901070
B2340484819806N11936372WA0103401066
B2340494819812N11936363WA0103101063
B2340504819819N11936354WA0102701059
B2340514819826N11936345WA0102601055
B2340524819833N11936336WA0102101053
B2340534819840N11936327WA0101901050
B2340544819846N11936318WA0101701048
B2340554819853N11936309WA0101601046
B2340564819860N11936301WA0101301043
B2340574819867N11936291WA0100901040
B2340584819874N11936282WA0100301035
B2340594819881N11936272WA0099901030
B2341004819889N11936262WA0099401026
B2341014819897N11936252WA0099001022
B2341024819905N11936243WA0098901021
B2341034819912N11936234WA0098901020
B2341044819918N11936225WA0099101021
B2341054819924N11936216WA0099101020
B2341064819930N11936206WA0098801019
B2341074819936N11936197WA0098601017
B2341084819942N11936186WA0098301014
B2341094819948N11936176WA0098201012
B2341104819955N11936165WA0098001010
B2341114819962N11936156WA0097801008
B2341124819968N11936146WA0097801006
B2341134819975N11936135WA0097601005
B2341144819982N11936123WA0097501004
B2341154819988N11936112WA0097401004
B2341164819995N11936101WA0097801005
B2341174820001N11936091WA0098001008
B2341184820007N11936082WA0098201010
B2341194820013N11936073WA0098301012
B2341204820018N11936063WA0098201012
B2341214820023N11936054WA0098201011
B2341224820030N11936044WA0097901009
B2341234820036N11936034WA0097701006
B2341244820044N11936023WA0097401004
B2341254820051N11936012WA0097501003
B2341264820058N11936003WA0097601005
B2341274820065N11935995WA0097701008
B2341284820072N11935989WA0098001008
B2341294820079N11935985WA0098001008
B2341304820085N11935979WA0097801008
B2341314820092N11935972WA0097701007
B2341324820098N11935963WA0097501006
B2341334820104N11935954WA0097501005
B2341344820110N11935945WA0097301003
B2341354820116N11935935WA0097201001
B2341364820123N11935925WA0097000999
B2341374820129N11935915WA0096700996
B2341384820136N11935905WA0096500993
B2341394820143N11935895WA0096200992
B2341404820151N11935886WA0096000990
B2341414820159N11935878WA0096000988
B2341424820166N11935869WA0095900986
B2341434820174N11935860WA0095700985
B2341444820180N11935850WA0095400983
B2341454820187N11935840WA0095200981
B2341464820194N11935830WA0095000978
B2341474820201N11935820WA0095000976
B2341484820208N11935810WA0094600974
B2341494820215N11935801WA0094500972
B2341504820222N11935792WA0094100970
B2341514820229N11935783WA0094000968
B2341524820236N11935774WA0093900966
B2341534820243N11935765WA0093700963
B2341544820250N11935756WA0093300961
B2341554820257N11935747WA0093000959
B2341564820264N11935739WA0092700956
B2341574820271N11935731WA0092500952
B2341584820278N11935722WA0092000948
B2341594820285N11935714WA0091600944
B2342004820292N11935706WA0091100940
B2342014820299N11935699WA0090900937
B2342024820306N11935691WA0090500933
B2342034820313N11935683WA0090100929
B2342044820319N11935674WA0089800925
B2342054820326N11935665WA0089600921
B2342064820332N11935657WA0089200919
B2342074820340N11935651WA0089000916
B2342084820347N11935645WA0088800914
B2342094820354N11935640WA0088600912
B2342104820361N11935634WA0088400909
B2342114820369N11935627WA0088100906
B2342124820376N11935621WA0087900904
B2342134820384N11935615WA0087800901
B2342144820391N11935608WA0087400898
B2342154820399N11935601WA0087200896
B2342164820406N11935594WA0087000894
B2342174820414N11935586WA0086800893
B2342184820421N11935580WA0086900892
B2342194820429N11935572WA0087000892
B2342204820436N11935565WA0087000893
B2342214820442N11935557WA0087000894
B2342224820449N11935550WA0087200896
B2342234820456N11935544WA0087400898
B2342244820462N11935538WA0087700900
B2342254820469N11935533WA0088000903
B2342264820475N11935526WA0088100905
B2342274820481N11935518WA0088200906
B2342284820488N11935510WA0088100907
B2342294820495N11935501WA0088400908
B2342304820502N11935493WA0088500909
B2342314820510N11935484WA0088700911
B2342324820517N11935476WA0088700912
B2342334820525N11935467WA0088700912
B2342344820532N11935458WA0088600911
B2342354820540N11935449WA0088600911
B2342364820548N11935441WA0088600910
B2342374820556N11935432WA0088400909
B2342384820564N11935424WA0088000907
B2342394820572N11935415WA0088000905
B2342404820580N11935406WA0087600902
B2342414820588N11935397WA0087300898
B2342424820596N11935387WA0086900895
B2342434820604N11935377WA0086600891
B2342444820612N11935367WA0086300888
B2342454820620N11935357WA0086100885
B2342464820628N11935347WA0085800884
B2342474820635N11935338WA0085800883
B2342484820642N11935330WA0085700882
B2342494820650N11935323WA0085700881
B2342504820657N11935316WA0085700880
B2342514820664N11935309WA0085400878
B2342524820671N11935301WA0085100876
B2342534820677N11935292WA0085000873
B2342544820684N11935283WA0084700871
B2342554820690N11935275WA0084500868
B2342564820697N11935268WA0084200865
B2342574820704N11935260WA0084000862
B2342584820711N11935252WA0083500859
B2342594820718N11935242WA0083400857
B2343004820725N11935233WA0083300856
B2343014820731N11935224WA0083400856
B2343024820736N11935215WA0083500857
B2343034820741N11935206WA0083500857
B2343044820745N11935197WA0083500858
B2343054820750N11935188WA0083500857
B2343064820756N11935180WA0083500857
B2343074820762N11935171WA0083400856
B2343084820767N11935162WA0083300855
B2343094820773N11935152WA0083200854
B2343104820779N11935142WA0083300853
B2343114820785N11935133WA0083300853
B2343124820791N11935124WA0083300853
B2343134820798N11935115WA0083200853
B2343144820803N11935106WA0082900852
B2343154820809N11935098WA0082900851
B2343164820815N11935089WA0082600849
B2343174820822N11935082WA0082500847
B2343184820828N11935075WA0082300845
B2343194820835N11935067WA0082200843
B2343204820841N11935058WA0081800841
B2343214820847N11935049WA0081500838
B2343224820854N11935040WA0081300836
B2343234820860N11935031WA0081200833
B2343244820867N11935022WA0081000830
B2343254820875N11935013WA0080800827
B2343264820882N11935004WA0080600825
B2343274820889N11934994WA0080500823
B2343284820896N11934986WA0080100821
B2343294820903N11934977WA0079900820
B2343304820910N11934968WA0079700818
B2343314820917N11934959WA0079600816
B2343324820924N11934949WA0079300814
B2343334820930N11934940WA0079200812
B2343344820937N11934930WA0078900810
B2343354820944N11934921WA0078600807
B2343364820952N11934913WA0078400804
B2343374820960N11934906WA0078400802
B2343384820967N11934898WA0078200801
B2343394820974N11934891WA0078100800
B2343404820980N11934883WA0077800798
B2343414820987N11934876WA0077700797
B2343424820993N11934868WA0077400795
B2343434820999N11934861WA0077200791
B2343444821006N11934853WA0076700787
B2343454821013N11934843WA0076300783
B2343464821020N11934834WA0075900780
B2343474821027N11934824WA0075600777
B2343484821034N11934815WA0075600775
B2343494821041N11934808WA0075500773
B2343504821048N11934800WA0075300772
B2343514821054N11934792WA0075200770
B2343524821060N11934784WA0074800766
B2343534821066N11934775WA0074400763
B2343544821073N11934766WA0073900758
B2343554821080N11934756WA0073600754
B2343564821087N11934747WA0073200750
B2343574821095N11934739WA0073000747
B2343584821103N11934731WA0072700744
B2343594821110N11934723WA0072500742
B2344004821118N11934715WA0072300740
B2344014821125N11934708WA0072300738
B2344024821132N11934700WA0071900735
B2344034821139N11934693WA0071600733
B2344044821147N11934686WA0071300729
B2344054821155N11934679WA0071100726
B2344064821163N11934672WA0070600722
B2344074821170N11934664WA0070200719
B2344084821178N11934656WA0070000716
B2344094821186N11934649WA0069800713
B2344104821194N11934641WA0069400710
B2344114821202N11934634WA0069100707
B2344124821210N11934627WA0069000704
B2344134821218N11934619WA0068700702
B2344144821225N11934611WA0068600700
B2344154821233N11934602WA0068400698
B2344164821240N11934593WA0068200697
B2344174821247N11934584WA0068200696
B2344184821253N11934577WA0068600698
B2344194821257N11934572WA0068800703
B2344204821260N11934568WA0069200706
B2344214821263N11934564WA0069300707
B2344224821267N11934559WA0069100707
B2344234821272N11934554WA0068800705
B2344244821277N11934548WA0068600703
B2344254821283N11934541WA0068400701
B2344264821289N11934533WA0068500702
B2344274821294N11934527WA0068500702
B2344284821299N11934521WA0068600703
B2344294821304N11934515WA0068600703
B2344304821309N11934509WA0068600703
B2344314821315N11934502WA0068500701
B2344324821321N11934495WA0068200700
B2344334821327N11934489WA0068100699
B2344344821333N11934482WA0068100698
B2344354821338N11934476WA0068000697
B2344364821343N11934470WA0068000697
B2344374821348N11934465WA0068000697
B2344384821353N11934459WA0067900696
B2344394821359N11934454WA0067800695
B2344404821364N11934448WA0067600693
B2344414821370N11934442WA0067500691
B2344424821376N11934437WA0067400691
B2344434821381N11934432WA0067300690
B2344444821386N11934427WA0067200688
B2344454821391N11934422WA0067000686
B2344464821397N11934417WA0066600683
B2344474821402N11934411WA0066200680
B2344484821408N11934404WA0065800676
B2344494821413N11934398WA0065400672
B2344504821419N11934392WA0065300669
B2344514821425N11934386WA0065100667
B2344524821431N11934381WA0065000666
B2344534821436N11934377WA0064900664
B2344544821442N11934373WA0064700663
B2344554821448N11934369WA0064600661
B2344564821454N11934365WA0064300659
B2344574821461N11934360WA0064100657
B2344584821467N11934356WA0063900655
B2344594821474N11934353WA0063900654
B2345004821480N11934349WA0063700652
B2345014821486N11934344WA0063600651
B2345024821492N11934339WA0063200648
B2345034821499N11934334WA0063000645
B2345044821505N11934329WA0062500641
B2345054821512N11934324WA0062200638
B2345064821519N11934319WA0061900635
B2345074821526N11934315WA0061800633
B2345084821533N11934310WA0061600631
B2345094821540N11934305WA0061500629
B2345104821547N11934300WA0061300627
B2345114821553N11934295WA0061100625
B2345124821560N11934290WA0060800622
B2345134821567N11934284WA0060600620
B2345144821574N11934279WA0060200617
B2345154821582N11934275WA0060100614
B2345164821589N11934271WA0059800612
B2345174821597N11934266WA0059600609
B2345184821605N11934261WA0059300606
B2345194821612N11934256WA0059300605
B2345204821619N11934251WA0059200604
B2345214821626N11934246WA0059100602
B2345224821633N11934241WA0058900600
B2345234821640N11934235WA0058700598
B2345244821647N11934229WA0058400596
B2345254821654N11934224WA0058200593
B2345264821661N11934218WA0058200593
B2345274821667N11934214WA0058300594
B2345284821673N11934209WA0058400594
B2345294821679N11934205WA0058500594
B2345304821686N11934199WA0058200593
B2345314821693N11934194WA0058000592
B2345324821701N11934190WA0057800590
B2345334821708N11934186WA0057800590
B2345344821715N11934182WA0057900591
B2345354821721N11934177WA0057900590
B2345364821727N11934172WA0057800590
B2345374821733N11934169WA0057700589
B2345384821740N11934166WA0057700587
B2345394821747N11934163WA0057400586
B2345404821754N11934159WA0057300584
B2345414821761N11934155WA0057100583
B2345424821768N11934152WA0057000581
B2345434821775N11934150WA0056900580
B2345444821782N11934147WA0056900580
B2345454821789N11934144WA0056900580
B2345464821796N11934140WA0056800579
B2345474821803N11934136WA0056600578
B2345484821809N11934133WA0056400576
B2345494821816N11934130WA0056300574
B2345504821823N11934127WA0056100572
B2345514821830N11934123WA0056000571
B2345524821836N11934119WA0056000570
B2345534821842N11934115WA0055900570
B2345544821847N11934112WA0055900570
B2345554821853N11934109WA0055800568
B2345564821859N11934106WA0055700567
B2345574821865N11934102WA0055500565
B2345584821872N11934098WA0055000562
B2345594821878N11934094WA0054900560
B2346004821884N11934091WA0054700558
B2346014821890N11934087WA0054600556
B2346024821896N11934084WA0054300554
B2346034821901N11934079WA0054100551
B2346044821907N11934074WA0053500547
B2346054821914N11934069WA0053000541
B2346064821922N11934064WA0052500536
B2346074821930N11934059WA0052500533
B2346084821938N11934054WA0052200532
B2346094821944N11934049WA0052300531
B2346104821951N11934044WA0052200531
B2346114821957N11934038WA0052100530
B2346124821964N11934032WA0052100529
B2346134821971N11934026WA0052000528
B2346144821977N11934019WA0052000528
B2346154821983N11934013WA0052000527
B2346164821990N11934007WA0051900527
B2346174821996N11934001WA0051800526
B2346184822003N11933996WA0051600525
B2346194822010N11933991WA0051600524
B2346204822017N11933986WA0051400523
B2346214822024N11933981WA0051400522
B2346224822031N11933977WA0051400521
B2346234822037N11933972WA0051400521
B2346244822043N11933967WA0051300521
B2346254822050N11933962WA0051300520
B2346264822057N11933957WA0051100519
B2346274822064N11933952WA0051000518
B2346284822071N11933947WA0051100518
B2346294822078N11933942WA0051100517
B2346304822084N11933937WA0051100517
B2346314822091N11933932WA0051000517
B2346324822097N11933927WA0050900516
B2346334822104N11933921WA0050900515
B2346344822111N11933915WA0050700515
B2346354822117N11933909WA0050700514
B2346364822124N11933903WA0050700513
B2346374822130N11933897WA0050700513
B2346384822137N11933890WA0050700513
B2346394822143N11933884WA0050600512
B2346404822149N11933878WA0050600511
B2346414822156N11933873WA0050400510
B2346424822163N11933868WA0050400510
B2346434822169N11933862WA0050300509
B2346444822176N11933857WA0050100508
B2346454822183N11933852WA0050100508
B2346464822189N11933847WA0050100507
B2346474822196N11933841WA0050100506
B2346484822201N11933834WA0050000506
B2346494822205N11933824WA0049900505
B2346504822209N11933813WA0049600503
B2346514822213N11933801WA0049500502
B2346524822218N11933791WA0049700502
B2346534822223N11933783WA0049800503
B2346544822227N11933776WA0050100505
B2346554822231N11933770WA0050300508
B2346564822235N11933764WA0050400509
B2346574822239N11933758WA0050400509
B2346584822245N11933753WA0050100508
B2346594822252N11933750WA0050100507
B2347004822258N11933748WA0050000507
B2347014822263N11933748WA0050100507
B2347024822268N11933748WA0050300507
B2347034822273N11933748WA0050400508
B2347044822279N11933746WA0050300508
B2347054822285N11933743WA0050300508
B2347064822290N11933741WA0050400509
B2347074822295N11933744WA0050500510
B2347084822298N11933751WA0050400508
B2347094822298N11933761WA0050100506
B2347104822294N11933769WA0050000505
B2347114822287N11933771WA0050100506
B2347124822282N11933768WA0050400509
B2347134822278N11933762WA0050700512
B2347144822276N11933755WA0051100514
B2347154822274N11933751WA0051200516
B2347164822271N11933747WA0051000517
B2347174822267N11933742WA0050800514
B2347184822263N11933733WA0050400511
B2347194822263N11933721WA0050200508
B2347204822267N11933710WA0049900505
B2347214822275N11933705WA0049700503
B2347224822282N11933705WA0050100504
B2347234822287N11933708WA0050600508
B2347244822290N11933710WA0051200514
B2347254822293N11933710WA0051400517
B2347264822297N11933709WA0051300519
B2347274822302N11933710WA0051200519
B2347284822309N11933712WA0051000517
B2347294822315N11933713WA0051300518
B2347304822321N11933711WA0051400520
B2347314822326N11933709WA0051500521
B2347324822330N11933708WA0051500523
B2347334822335N11933709WA0051500521
B2347344822340N11933711WA0051300519
B2347354822346N11933714WA0051100517
B2347364822352N11933714WA0051100516
B2347374822357N11933714WA0051000515
B2347384822363N11933713WA0051200516
B2347394822367N11933714WA0051300516
B2347404822372N11933716WA0051100515
B2347414822376N11933720WA0051000514
B2347424822381N11933722WA0050800513
B2347434822386N11933724WA0050800512
B2347444822391N11933726WA0050700512
B2347454822396N11933729WA0050700511
B2347464822400N11933733WA0050700511
B2347474822404N11933737WA0050600510
B2347484822408N11933741WA0050600510
B2347494822412N11933744WA0050500509
B2347504822417N11933747WA0050500508
B2347514822422N11933750WA0050300507
B2347524822426N11933755WA0050200507
B2347534822429N11933761WA0050200508
B2347544822430N11933766WA0050600510
B2347554822430N11933771WA0050700512
B2347564822432N11933776WA0050700513
B2347574822434N11933780WA0050500512
B2347584822437N11933786WA0050400511
B2347594822440N11933793WA0050400510
B2348004822441N11933800WA0050400509
B2348014822441N11933807WA0050400510
B2348024822442N11933813WA0050400510
B2348034822444N11933819WA0050400510
B2348044822446N11933825WA0050200509
B2348054822447N11933832WA0050200509
B2348064822445N11933839WA0050100508
B2348074822442N11933844WA0050000506
B2348084822436N11933846WA0049900505
B2348094822430N11933843WA0050000504
B2348104822426N11933833WA0049800504
B2348114822426N11933820WA0049600502
B2348124822432N11933809WA0049200498
B2348134822440N11933806WA0049100496
B2348144822447N11933810WA0049100495
B2348154822449N11933818WA0049000494
B2348164822447N11933826WA0048700492
B2348174822441N11933831WA0048700491
B2348184822434N11933829WA0048800491
B2348194822429N11933822WA0048700492
B2348204822427N11933811WA0048700492
B2348214822429N11933799WA0048700491
B2348224822433N11933789WA0048600489
B2348234822436N11933780WA0048600489
B2348244822438N11933772WA0048700490
B2348254822437N11933763WA0048600490
B2348264822436N11933753WA0048200489
B2348274822434N11933741WA0048100486
B2348284822436N11933731WA0047900485
B2348294822442N11933724WA0047800482
B2348304822449N11933723WA0047200478
B2348314822454N11933730WA0047000475
B2348324822455N11933739WA0046900474
B2348334822452N11933746WA0047000474
B2348344822448N11933750WA0047200476
B2348354822445N11933751WA0047400479
B2348364822442N11933753WA0047400480
B2348374822439N11933756WA0047400480
B2348384822437N11933761WA0047100479
B2348394822435N11933767WA0047000477
B2348404822435N11933774WA0046800475
B2348414822434N11933780WA0046600474
B2348424822432N11933785WA0046700473
B2348434822429N11933789WA0046600472
B2348444822427N11933792WA0046500471
B2348454822426N11933796WA0046300469
B2348464822425N11933802WA0045900466
B2348474822424N11933809WA0045800463
B2348484822423N11933815WA0045600461
B2348494822420N11933821WA0045600460
B2348504822418N11933825WA0045500460
B2348514822416N11933829WA0045700461
B2348524822414N11933833WA0045600461
B2348534822412N11933837WA0045500460
B2348544822409N11933841WA0045300458
B2348554822405N11933843WA0045300457
B2348564822400N11933841WA0045100455
B2348574822396N11933835WA0044900453
B2348584822394N11933826WA0044700451
B2348594822394N11933817WA0044600449
B2349004822395N11933808WA0044600448
B2349014822396N11933800WA0044700449
B2349024822395N11933793WA0044600449
B2349034822392N11933787WA0044500448
B2349044822387N11933781WA0044200445
B2349054822382N11933777WA0044100445
B2349064822377N11933776WA0044200446
B2349074822373N11933778WA0044200446
B2349084822369N11933780WA0043900444
B2349094822364N11933780WA0043900443
B2349104822359N11933774WA0043700441
B2349114822357N11933764WA0043400437
B2349124822358N11933752WA0043000433
B2349134822363N11933742WA0042900431
B2349144822367N11933736WA0043200431
B2349154822371N11933731WA0043300433
B2349164822373N11933725WA0043300434
B2349174822375N11933718WA0043100433
B2349184822378N11933711WA0042600430
B2349194822384N11933705WA0042200426
B2349204822392N11933704WA0041700422
B2349214822397N11933711WA0041700420
B2349224822397N11933720WA0041600418
B2349234822395N11933727WA0041700418
B2349244822390N11933730WA0041900419
B2349254822386N11933730WA0042000420
B2349264822382N11933730WA0042000421
B2349274822379N11933733WA0041900421
B2349284822374N11933736WA0041500419
B2349294822369N11933738WA0041400416
B2349304822363N11933734WA0041200414
B2349314822359N11933723WA0040700410
B2349324822362N11933710WA0040100404
B2349334822369N11933703WA0040000401
B2349344822376N11933705WA0040000401
B2349354822379N11933712WA0040000401
B2349364822379N11933721WA0040000400
B2349374822377N11933727WA0040100400
B2349384822376N11933733WA0040300402
B2349394822377N11933738WA0040200403
B2349404822379N11933744WA0040000402
B2349414822379N11933752WA0039900399
B2349424822376N11933759WA0039600396
B2349434822369N11933763WA0039400393
B2349444822362N11933758WA0039100390
B2349454822359N11933746WA0038700387
B2349464822363N11933734WA0038400385
B2349474822371N11933729WA0038200382
B2349484822379N11933735WA0037800378
B2349494822381N11933746WA0037700376
B2349504822377N11933756WA0037500375
B2349514822369N11933758WA0037500374
B2349524822362N11933750WA0037300372
B2349534822360N11933738WA0037400371
B2349544822365N11933727WA0037100372
B2349554822373N11933724WA0036900370
B2349564822380N11933731WA0036600367
B2349574822381N11933742WA0036200364
B2349584822377N11933750WA0036300364
B2349594822371N11933752WA0036800367
B2350004822366N11933752WA0037000369
B2350014822363N11933752WA0037100371
B2350024822359N11933756WA0037100372
B2350034822358N11933763WA0036800370
B2350044822359N11933773WA0036500367
B2350054822362N11933781WA0036400366
B2350064822367N11933787WA0036400366
B2350074822370N11933792WA0036500366
B2350084822372N11933797WA0036500366
B2350094822373N11933804WA0036300364
B2350104822374N11933812WA0036000361
B2350114822377N11933819WA0035800358
B2350124822381N11933826WA0035700356
B2350134822382N11933833WA0035700357
B2350144822381N11933839WA0035600355
B2350154822376N11933841WA0035300352
B2350164822370N11933838WA0034900348
B2350174822366N11933832WA0034900347
B2350184822364N11933826WA0035300350
B2350194822364N11933821WA0035500353
B2350204822364N11933816WA0035500354
B2350214822364N11933811WA0035400354
B2350224822363N11933804WA0035000352
B2350234822360N11933798WA0034900349
B2350244822356N11933795WA0034700348
B2350254822352N11933798WA0034600346
B2350264822350N11933806WA0034000343
B2350274822352N11933817WA0033700340
B2350284822357N11933826WA0033500337
B2350294822363N11933831WA0033700338
B2350304822369N11933834WA0033800341
B2350314822373N11933837WA0033900342
B2350324822377N11933843WA0033800341
B2350334822379N11933851WA0033600338
B2350344822378N11933860WA0033300335
B2350354822374N11933867WA0033100333
B2350364822369N11933869WA0032900330
B2350374822363N11933866WA0032800328
B2350384822359N11933862WA0032900328
B2350394822356N11933859WA0033000329
B2350404822353N11933856WA0032900328
B2350414822348N11933852WA0032700327
B2350424822344N11933848WA0032500324
B2350434822339N11933843WA0032300322
B2350444822336N11933837WA0032300321
B2350454822332N11933832WA0032300321
B2350464822329N11933828WA0032200321
B2350474822325N11933824WA0032100320
B2350484822321N11933820WA0031900318
B2350494822317N11933817WA0031700316
B2350504822312N11933813WA0031500314
B2350514822307N11933810WA0031400312
B2350524822302N11933807WA0031300311
B2350534822298N11933803WA0031300310
B2350544822294N11933799WA0031300309
B2350554822290N11933796WA0031100308
B2350564822285N11933793WA0030800306
B2350574822281N11933791WA0030700304
B2350584822275N11933788WA0030600301
B2350594822270N11933784WA0030500300
B2351004822266N11933780WA0030400300
B2351014822263N11933776WA0030600301
B2351024822260N11933770WA0030500301
B2351034822258N11933765WA0030500300
B2351044822255N11933759WA0030300299
B2351054822252N11933753WA0030200298
B2351064822249N11933748WA0030400298
B2351074822246N11933746WA0030400298
B2351084822242N11933747WA0030100297
B2351094822240N11933754WA0029700294
B2351104822239N11933763WA0029200288
B2351114822241N11933772WA0029000286
B2351124822244N11933777WA0029100288
B2351134822245N11933780WA0029200289
B2351144822245N11933785WA0029000287
B2351154822243N11933790WA0028700284
B2351164822240N11933796WA0028200280
B2351174822235N11933802WA0028100277
B2351184822230N11933805WA0028100276
B2351194822226N11933808WA0028100276
B2351204822222N11933810WA0028000276
B2351214822219N11933813WA0027900275
B2351224822215N11933818WA0027600274
B2351234822211N11933823WA0027600271
B2351244822207N11933828WA0027400270
B2351254822204N11933833WA0027300269
B2351264822200N11933838WA0027200268
B2351274822197N11933843WA0027100266
B2351284822195N11933846WA0026400264
B2351294822194N11933849WA0027000264
B2351304822192N11933851WA0027000264
B2351314822192N11933853WA0027000264
B2351324822190N11933855WA0026900264
B2351334822189N11933857WA0027000263
B2351344822188N11933859WA0026800263
B2351354822187N11933860WA0026900263
B2351364822185N11933863WA0027000262
B2351374822184N11933864WA0027100262
B2351384822183N11933867WA0027100262
B2351394822182N11933869WA0027000262
B2351404822181N11933871WA0026900261
B2351414822180N11933873WA0027000261
B2351424822179N11933875WA0027100261
B2351434822178N11933877WA0026800261
B2351444822177N11933878WA0027000261
B2351454822176N11933880WA0027100261
B2351464822175N11933882WA0027100261
B2351474822174N11933883WA0026900261
B2351484822173N11933885WA0026800260
B2351494822172N11933887WA0026700260
B2351504822171N11933889WA0027000260
B2351514822169N11933891WA0026900260
B2351524822168N11933893WA0026900259
B2351534822167N11933894WA0026900259
B2351544822167N11933895WA0026900259
B2351554822167N11933896WA0026900259
B2351564822166N11933898WA0027000259
B2351574822166N11933898WA0027000259
B2351584822166N11933898WA0027000259
B2351594822166N11933898WA0026900259
B2352004822166N11933898WA0026900259
B2352014822166N11933898WA0027000259
B2352024822166N11933899WA0026900259
B2352034822166N11933899WA0026900259
B2352044822166N11933899WA0027000260
B2352054822166N11933899WA0026900260
B2352064822166N11933899WA0026900259
B2352074822166N11933899WA0027000260
B2352084822166N11933899WA0026900260
B2352094822166N11933899WA0026900259
B2352104822167N11933899WA0026900259
B2352114822167N11933899WA0027000259
B2352124822167N11933899WA0026900260
B2352134822167N11933899WA0027000260
B2352144822168N11933900WA0027000261
B2352154822168N11933900WA0027000260
B2352164822168N11933900WA0027000260
B2352174822168N11933900WA0027000260
B2352184822168N11933901WA0027000260
B2352194822168N11933901WA0027000260
B2352204822168N11933901WA0027000260
B2352214822167N11933901WA0026900259
B2352224822167N11933901WA0027000259
B2352234822167N11933901WA0027000259
B2352244822166N11933901WA0026900259
B2352254822166N11933901WA0027000258
B2352264822165N11933901WA0026900258
B2352274822165N11933901WA0027000257
B2352284822164N11933901WA0027000257
B2352294822164N11933902WA0027000257
B2352304822163N11933902WA0027000257
B2352314822163N11933903WA0027000257
B2352324822163N11933904WA0027000257
B2352334822162N11933905WA0026900256
B2352344822162N11933905WA0026900256
B2352354822162N11933906WA0026900256
B2352364822162N11933907WA0026900256
B2352374822161N11933907WA0026900256
B2352384822161N11933907WA0026900256
B2352394822161N11933907WA0026900256
B2352404822161N11933907WA0026900256
B2352414822161N11933907WA0026900256
B2352424822161N11933907WA0026900256
B2352434822161N11933908WA0026900256
B2352444822161N11933907WA0026900256
B2352454822161N11933907WA0026900257
B2352464822161N11933908WA0026900257
B2352474822160N11933907WA0026900257
B2352484822160N11933907WA0026900257
B2352494822160N11933907WA0026900257
B2352504822160N11933907WA0026900257
B2352514822160N11933907WA0026900256
B2352524822160N11933907WA0026900257
B2352534822159N11933907WA0026900257
B2352544822159N11933907WA0026900257
B2352554822159N11933907WA0026900258
B2352564822159N11933907WA0026900258
B2352574822159N11933907WA0026900258
B2352584822159N11933907WA0026900258
B2352594822159N11933906WA0026900258
B2353004822159N11933907WA0026900258
B2353014822158N11933907WA0026900258
B2353024822158N11933907WA0026900258
B2353034822158N11933906WA0026900259
B2353044822158N11933906WA0026900259
B2353054822158N11933906WA0026900259
B2353064822158N11933906WA0026900259
B2353074822158N11933906WA0026900259
B2353084822158N11933906WA0026900260
B2353094822158N11933905WA0026900260
B2353104822157N11933905WA0026900260
B2353114822157N11933905WA0027000261
B2353124822157N11933905WA0027000261
B2353134822157N11933904WA0026900261
B2353144822157N11933904WA0026900262
B2353154822157N11933904WA0026900262
B2353164822157N11933904WA0026900262
B2353174822157N11933904WA0026900262
B2353184822157N11933904WA0026900262
B2353194822157N11933904WA0026900262
B2353204822157N11933904WA0027000262
B2353214822157N11933904WA0026900262
B2353224822157N11933903WA0026900263
B2353234822157N11933903WA0026900263
B2353244822157N11933903WA0026900263
B2353254822157N11933903WA0026900263
B2353264822157N11933903WA0026900263
B2353274822157N11933903WA0026900263
B2353284822157N11933903WA0026900263
B2353294822157N11933903WA0026900263
B2353304822157N11933903WA0026900263
B2353314822157N11933903WA0026900263
B2353324822157N11933903WA0026900263
B2353334822157N11933903WA0026900263
B2353344822157N11933903WA0026900263
B2353354822157N11933903WA0026900263
B2353364822157N11933903WA0026900263
B2353374822157N11933903WA0026900263
B2353384822156N11933903WA0027000263
B2353394822156N11933903WA0026900264
B2353404822156N11933903WA0027000264
B2353414822156N11933903WA0026900264
B2353424822156N11933903WA0026900264
B2353434822156N11933903WA0026900264
B2353444822156N11933903WA0026900264
B2353454822156N11933903WA0026900264
B2353464822156N11933903WA0026900264
B2353474822156N11933903WA0026900264
B2353484822156N11933903WA0026900264
B2353494822156N11933903WA0026900264
B2353504822156N11933904WA0026900263
B2353514822156N11933904WA0027000263
B2353524822156N11933904WA0026900262
B2353534822156N11933903WA0026900262
B2353544822156N11933903WA0026900262
B2353554822156N11933903WA0026900263
B2353564822156N11933903WA0026900262
B2353574822156N11933903WA0026900262
B2353584822156N11933903WA0026900262
B2353594822156N11933903WA0026600262
B2354004822156N11933903WA0026900262
B2354014822156N11933903WA0026900262
B2354024822156N11933903WA0026900262
B2354034822156N11933903WA0026900262
B2354044822156N11933903WA0026900262
B2354054822156N11933903WA0027000262
B2354064822156N11933903WA0026900262
B2354074822156N11933903WA0026900262
B2354084822156N11933903WA0026900262
B2354094822156N11933903WA0026900262
B2354104822156N11933903WA0026900262
B2354114822156N11933903WA0026900262
B2354124822156N11933903WA0026800262
B2354134822156N11933903WA0026900262
B2354144822156N11933903WA0027000262
B2354154822156N11933903WA0026900262
B2354164822156N11933903WA0027000262
B2354174822156N11933903WA0026900262
B2354184822156N11933902WA0027000261
B2354194822156N11933902WA0026900261
B2354204822156N11933902WA0026900261
B2354214822156N11933902WA0026900261
B2354224822156N11933902WA0026700261
B2354234822156N11933902WA0026900261
B2354244822156N11933902WA0026900261
B2354254822156N11933902WA0026900261
B2354264822156N11933902WA0026900261
B2354274822156N11933902WA0026900261
B2354284822156N11933902WA0027000261
B2354294822156N11933902WA0026900261
B2354304822156N11933902WA0027000261
B2354314822156N11933902WA0026700261
B2354324822156N11933902WA0026900261
B2354334822156N11933902WA0026900261
B2354344822156N11933902WA0026900261
B2354354822156N11933902WA0026900261
B2354364822156N11933902WA0026900261
B2354374822156N11933902WA0026900261
B2354384822156N11933902WA0026900260
B2354394822156N11933902WA0027000260
B2354404822156N11933902WA0026900260
B2354414822156N11933902WA0026700260
B2354424822156N11933902WA0027200260
B2354434822156N11933902WA0027100260
B2354444822156N11933902WA0026300260
B2354454822156N11933902WA0026900260
B2354464822156N11933902WA0027000260
B2354474822156N11933902WA0027100261
B2354484822156N11933902WA0027100261
B2354494822156N11933902WA0027000261
B2354504822156N11933902WA0026900262
B2354514822156N11933902WA0026900261
B2354524822156N11933903WA0026900261
B2354534822156N11933903WA0026900261
B2354544822156N11933903WA0026900261
B2354554822156N11933903WA0026800261
B2354564822156N11933903WA0026900261
B2354574822156N11933903WA0026900261
B2354584822156N11933903WA0026800261
B2354594822156N11933903WA0026800261
B2355004822157N11933904WA0026800261
B2355014822157N11933904WA0026800261
B2355024822157N11933905WA0026800260
B2355034822157N11933905WA0026800260
B2355044822157N11933905WA0026800260
B2355054822158N11933905WA0026900260
B2355064822158N11933905WA0026900260
B2355074822158N11933906WA0026900260
B2355084822158N11933906WA0026900260
B2355094822158N11933906WA0026900260
B2355104822158N11933906WA0026900260
B2355114822158N11933906WA0026900260
B2355124822158N11933906WA0026900260
B2355134822158N11933906WA0026800260
B2355144822158N11933906WA0026800260
B2355154822158N11933906WA0026900259
B2355164822158N11933906WA0026800259
B2355174822158N11933906WA0026900259
B2355184822158N11933906WA0026900259
B2355194822158N11933906WA0026900259
B2355204822158N11933906WA0026800259
B2355214822158N11933906WA0026800259
B2355224822158N11933907WA0026800259
B2355234822158N11933907WA0026900259
B2355244822158N11933907WA0026800259
B2355254822158N11933907WA0026900259
B2355264822158N11933907WA0026900259
B2355274822158N11933907WA0026900259
B2355284822158N11933907WA0026900259
B2355294822158N11933907WA0026800259
B2355304822158N11933907WA0026900259
B2355314822158N11933907WA0026800259
B2355324822158N11933907WA0026900258
B2355334822158N11933907WA0026900258
B2355344822158N11933907WA0026800258
B2355354822158N11933907WA0026800258
B2355364822158N11933907WA0026800258
B2355374822159N11933907WA0026900258
B2355384822159N11933907WA0026900258
B2355394822159N11933907WA0026900258
B2355404822159N11933907WA0026800258
B2355414822159N11933907WA0026800258
B2355424822159N11933907WA0026900258
B2355434822159N11933907WA0026900258
B2355444822159N11933907WA0026800258
B2355454822159N11933907WA0026800258
B2355464822159N11933907WA0026800258
B2355474822159N11933907WA0026900258
B2355484822159N11933907WA0026800258
B2355494822159N11933907WA0026900258
B2355504822159N11933907WA0026900258
B2355514822159N11933907WA0026900258
B2355524822159N11933907WA0026900259
B2355534822159N11933907WA0026800259
B2355544822159N11933907WA0026900259
B2355554822159N11933907WA0026900259
B2355564822159N11933907WA0026900258
B2355574822159N11933907WA0026900258
B2355584822159N11933907WA0026900258
B2355594822159N11933907WA0026900258
B2356004822159N11933907WA0026900258
B2356014822159N11933907WA0026900258
B2356024822159N11933907WA0026800258
B2356034822159N11933907WA0026800258
B2356044822159N11933907WA0026900258
B2356054822159N11933907WA0026800258
B2356064822159N11933907WA0026800258
B2356074822159N11933907WA0026900258
B2356084822159N11933907WA0026800258
B2356094822159N11933907WA0026900258
B2356104822159N11933907WA0026800258
B2356114822159N11933907WA0026800259
B2356124822159N11933907WA0026800259
B2356134822159N11933907WA0026900259
B2356144822159N11933907WA0026900259
B2356154822159N11933907WA0026800259
B2356164822159N11933907WA0026800259
B2356174822159N11933907WA0026800258
B2356184822159N11933907WA0026900258
B2356194822159N11933907WA0026900258
B2356204822159N11933907WA0026900258
B2356214822159N11933907WA0026900258
B2356224822159N11933907WA0026900258
B2356234822159N11933907WA0026800258
B2356244822159N11933907WA0026900258
B2356254822159N11933907WA0026900258
B2356264822159N11933907WA0026900258
B2356274822159N11933907WA0026900258
B2356284822159N11933907WA0026800258
B2356294822159N11933907WA0026800258
B2356304822159N11933907WA0026900258
B2356314822159N11933907WA0026900258
B2356324822159N11933907WA0026800258
B2356334822159N11933908WA0026900258
B2356344822159N11933908WA0026900258
B2356354822159N11933908WA0026900258
B2356364822159N11933908WA0026900258
B2356374822159N11933908WA0026900258
B2356384822159N11933908WA0026800258
B2356394822159N11933908WA0026900258
B2356404822159N11933908WA0026900258
B2356414822159N11933908WA0026800258
B2356424822159N11933908WA0026900258
B2356434822159N11933908WA0026900258
B2356444822159N11933908WA0026900258
B2356454822159N11933908WA0026900258
B2356464822159N11933908WA0026900257
B2356474822159N11933908WA0026900257
B2356484822159N11933908WA0026800257
B2356494822159N11933908WA0026800257
B2356504822159N11933908WA0026900257
B2356514822159N11933908WA0026900257
B2356524822159N11933908WA0026800258
B2356534822159N11933908WA0026900258
B2356544822159N11933908WA0026900258
B2356554822159N11933908WA0026900258
B2356564822159N11933908WA0026900258
B2356574822159N11933908WA0026900258
B2356584822159N11933908WA0026900258
B2356594822159N11933908WA0026900258
B2357004822159N11933908WA0026900258
B2357014822159N11933908WA0026900258
B2357024822159N11933908WA0026900258
B2357034822159N11933908WA0026900258
B2357044822159N11933908WA0026900258
B2357054822159N11933908WA0026900258
B2357064822159N11933908WA0026900258
B2357074822159N11933908WA0026900258
B2357084822159N11933907WA0026900258
B2357094822159N11933907WA0026900258
B2357104822159N11933907WA0026900258
B2357114822159N11933907WA0026800258
B2357124822159N11933907WA0026900258
B2357134822159N11933907WA0026800259
B2357144822159N11933907WA0026900259
B2357154822159N11933907WA0026900259
B2357164822159N11933907WA0026900259
B2357174822159N11933907WA0026900259
B2357184822159N11933907WA0026900259
B2357194822159N11933907WA0026900259
B2357204822159N11933907WA0026900259
B2357214822159N11933907WA0026800259
B2357224822159N11933907WA0026900259
B2357234822159N11933907WA0026800259
B2357244822159N11933907WA0026800259
B2357254822159N11933907WA0026800259
B2357264822159N11933907WA0026900259
B2357274822159N11933907WA0026900259
B2357284822159N11933907WA0026900259
B2357294822159N11933907WA0026900259
B2357304822159N11933907WA0026900259
B2357314822159N11933907WA0026900259
B2357324822159N11933907WA0026900259
B2357334822159N11933908WA0026800259
B2357344822159N11933908WA0026900259
B2357354822159N11933908WA0026900259
B2357364822159N11933908WA0026900259
B2357374822159N11933908WA0026900259
B2357384822159N11933908WA0026900259
B2357394822159N11933908WA0026900259
B2357404822159N11933908WA0026900259
B2357414822159N11933908WA0026900259
B2357424822159N11933908WA0026900259
B2357434822159N11933908WA0026900258
B2357444822159N11933908WA0026900258
B2357454822159N11933908WA0026900258
B2357464822159N11933908WA0026900258
B2357474822159N11933908WA0026900258
B2357484822159N11933908WA0026900258
B2357494822159N11933908WA0026900258
B2357504822159N11933908WA0026900258
B2357514822159N11933908WA0026900258
B2357524822159N11933908WA0026900258
B2357534822159N11933908WA0026900258
B2357544822159N11933908WA0026900258
B2357554822159N11933908WA0026900258
B2357564822159N11933908WA0026800258
B2357574822159N11933908WA0026900258
B2357584822159N11933908WA0026900258
B2357594822159N11933908WA0026900258
B2358004822159N11933907WA0026900258
B2358014822159N11933907WA0026900258
B2358024822159N11933907WA0026800258
B2358034822159N11933907WA0026900258
B2358044822159N11933907WA0026900258
B2358054822159N11933907WA0026900258
B2358064822159N11933907WA0026900258
B2358074822159N11933907WA0026900258
B2358084822159N11933907WA0026900258
B2358094822159N11933907WA0026900258
B2358104822159N11933907WA0026900258
B2358114822159N11933907WA0026900258
B2358124822159N11933907WA0026900258
B2358134822159N11933907WA0026900258
B2358144822159N11933907WA0026900258
B2358154822159N11933907WA0026900258
B2358164822159N11933907WA0026900258
B2358174822159N11933907WA0026900258
B2358184822159N11933907WA0026900258
B2358194822159N11933907WA0026900258
B2358204822159N11933907WA0026900258
B2358214822159N11933907WA0026900258
B2358224822159N11933907WA0026900258
B2358234822159N11933907WA0026900258
B2358244822159N11933907WA0026800258
B2358254822159N11933907WA0026900258
B2358264822159N11933907WA0026900258
B2358274822159N11933907WA0026900258
B2358284822159N11933907WA0026900258
B2358294822159N11933907WA0026900258
B2358304822159N11933907WA0026900258
B2358314822159N11933907WA0026900258
B2358324822159N11933907WA0026900258
B2358334822159N11933907WA0026900258
B2358344822159N11933907WA0026900258
B2358354822159N11933907WA0026900258
B2358364822159N11933907WA0026900258
B2358374822159N11933907WA0026900258
B2358384822159N11933907WA0026900258
B2358394822159N11933907WA0026900258
B2358404822159N11933907WA0026900258
B2358414822159N11933907WA0026900258
B2358424822159N11933907WA0026900258
B2358434822159N11933907WA0026900258
B2358444822159N11933907WA0026900259
B2358454822159N11933907WA0026900259
B2358464822159N11933907WA0026900259
B2358474822159N11933907WA0026900259
B2358484822159N11933907WA0026900259
B2358494822159N11933907WA0026900259
B2358504822159N11933907WA0026900259
B2358514822159N11933907WA0026900259
B2358524822159N11933907WA0026900259
B2358534822159N11933907WA0026900259
B2358544822159N11933907WA0026900259
B2358554822159N11933907WA0026900259
B2358564822159N11933907WA0026900259
B2358574822159N11933907WA0026900259
B2358584822159N11933907WA0026900259
B2358594822159N11933907WA0026900259
B2359004822159N11933907WA0026900259
B2359014822159N11933907WA0026900259
B2359024822159N11933907WA0026900259
B2359034822159N11933907WA0026900259
B2359044822159N11933907WA0026900259
B2359054822159N11933907WA0026900259
B2359064822159N11933907WA0026900260
B2359074822159N11933907WA0026900260
B2359084822159N11933907WA0026900259
B2359094822159N11933908WA0026900259
B2359104822159N11933907WA0026900259
B2359114822159N11933907WA0026900259
B2359124822159N11933907WA0026900258
B2359134822159N11933908WA0026800258
B2359144822159N11933908WA0026900258
B2359154822159N11933908WA0026900258
B2359164822159N11933908WA0026900258
B2359174822159N11933908WA0026900258
B2359184822159N11933908WA0026900258
B2359194822159N11933908WA0026900258
B2359204822159N11933908WA0026900258
B2359214822159N11933908WA0026900258
B2359224822159N11933908WA0026900258
B2359234822159N11933908WA0026900259
B2359244822159N11933908WA0026900259
B2359254822159N11933908WA0026900259
B2359264822159N11933908WA0026900259
B2359274822159N11933908WA0026900259
B2359284822159N11933908WA0026900259
B2359294822159N11933908WA0026900259
B2359304822159N11933908WA0026900259
B2359314822159N11933908WA0026900260
B2359324822159N11933908WA0026900260
B2359334822159N11933908WA0026900260
B2359344822159N11933908WA0026900260
B2359354822159N11933908WA0026900260
B2359364822159N11933908WA0026900261
B2359374822159N11933908WA0026900261
B2359384822159N11933908WA0026900261
B2359394822159N11933908WA0026900261
B2359404822159N11933908WA0026900261
B2359414822159N11933908WA0026900261
B2359424822159N11933908WA0026900261
B2359434822159N11933908WA0026900261
B2359444822159N11933908WA0026900260
B2359454822159N11933908WA0026900260
B2359464822159N11933908WA0026900260
B2359474822159N11933908WA0026900260
B2359484822159N11933908WA0026900260
B2359494822159N11933908WA0026900260
B2359504822159N11933908WA0026900260
B2359514822159N11933908WA0026900260
B2359524822159N11933908WA0026900260
B2359534822159N11933908WA0026900260
B2359544822159N11933908WA0026900260
B2359554822159N11933907WA0026900260
B2359564822159N11933907WA0026900260
B2359574822159N11933907WA0026900260
B2359584822159N11933907WA0026900260
B2359594822159N11933907WA0026900260
B0000004822159N11933907WA0026900260
B0000014822159N11933907WA0026900260
B0000024822159N11933907WA0026900260
B0000034822159N11933907WA0026900259
B0000044822159N11933907WA0026900259
B0000054822160N11933907WA0026900259
B0000064822160N11933907WA0026900259
B0000074822160N11933907WA0026900258
B0000084822160N11933907WA0026900258
B0000094822160N11933907WA0026900258
B0000104822160N11933907WA0026900258
B0000114822160N11933907WA0026900257
B0000124822160N11933907WA0026900257
B0000134822160N11933908WA0026800257
B0000144822160N11933908WA0026900257
B0000154822160N11933908WA0026900256
B0000164822160N11933908WA0026900256
B0000174822160N11933908WA0026900256
B0000184822160N11933908WA0026900256
B0000194822160N11933908WA0026900256
B0000204822160N11933908WA0026900256
B0000214822160N11933908WA0026900256
B0000224822160N11933908WA0026900256
B0000234822160N11933908WA0026900256
B0000244822160N11933908WA0026900256
B0000254822160N11933908WA0026900256
B0000264822160N11933907WA0026900256
B0000274822160N11933907WA0026900256
B0000284822160N11933908WA0026900256
B0000294822160N11933908WA0026900256
B0000304822160N11933908WA0026900256
B0000314822160N11933908WA0026900256
B0000324822160N11933908WA0026900256
B0000334822160N11933908WA0026900256
B0000344822160N11933908WA0026900257
B0000354822160N11933908WA0026900257
B0000364822160N11933908WA0026900257
B0000374822160N11933908WA0026900257
B0000384822160N11933908WA0026900257
B0000394822160N11933908WA0026900257
B0000404822160N11933908WA0026900257
B0000414822160N11933908WA0026900257
B0000424822160N11933908WA0026900257
B0000434822160N11933908WA0026900257
B0000444822160N11933908WA0026900258
B0000454822160N11933907WA0026900258
B0000464822160N11933907WA0026900258
B0000474822160N11933907WA0026900258
B0000484822160N11933907WA0026900259
B0000494822160N11933907WA0026900259
B0000504822160N11933907WA0026900259
B0000514822160N11933907WA0026900259
B0000524822160N11933907WA0026900260
B0000534822160N11933907WA0026900260
B0000544822160N11933907WA0026900260
B0000554822159N11933907WA0026900260
B0000564822159N11933906WA0026900260
B0000574822160N11933906WA0026900260
B0000584822159N11933906WA0026900260
B0000594822159N11933906WA0026900260
B0001004822159N11933906WA0026900260
B0001014822159N11933906WA0026900260
B0001024822159N11933906WA0026900260
B0001034822159N11933906WA0026900260
B0001044822160N11933906WA0026900260
B0001054822160N11933906WA0026900260
B0001064822160N11933906WA0026900260
B0001074822160N11933906WA0026900260
B0001084822160N11933906WA0026900260
B0001094822160N11933906WA0026900260
B0001104822160N11933906WA0026900260
B0001114822160N11933906WA0026900260
B0001124822160N11933906WA0026900260
B0001134822160N11933906WA0026900260
B0001144822160N11933906WA0026900260
B0001154822160N11933906WA0026900260
B0001164822160N11933906WA0026900260
B0001174822159N11933906WA0026900260
B0001184822159N11933906WA0026900260
B0001194822159N11933906WA0026900260
B0001204822159N11933906WA0026900260
B0001214822159N11933906WA0026900260
B0001224822159N11933907WA0026900260
B0001234822159N11933907WA0026900260
B0001244822159N11933907WA0026900260
B0001254822159N11933907WA0026900260
B0001264822159N11933907WA0026900259
B0001274822159N11933907WA0026900259
B0001284822159N11933907WA0026900259
B0001294822159N11933907WA0026900259
B0001304822159N11933907WA0026900259
B0001314822159N11933907WA0026900259
B0001324822159N11933907WA0026900259
B0001334822159N11933907WA0026900259
B0001344822159N11933907WA0026900259
B0001354822159N11933907WA0026900259
B0001364822159N11933907WA0026900259
B0001374822159N11933907WA0026900259
B0001384822159N11933907WA0026900260
B0001394822159N11933907WA0026900260
B0001404822160N11933907WA0026900259
B0001414822160N11933907WA0026900259
B0001424822160N11933907WA0026900259
B0001434822160N11933907WA0026900259
B0001444822160N11933907WA0026900259
B0001454822160N11933907WA0026900259
B0001464822160N11933907WA0026900260
B0001474822160N11933907WA0026900260
B0001484822160N11933907WA0026900260
B0001494822160N11933907WA0026900260
B0001504822160N11933907WA0026900260
B0001514822160N11933907WA0026900260
B0001524822160N11933907WA0026900260
B0001534822160N11933907WA0026900260
B0001544822160N11933907WA0026900260
B0001554822160N11933907WA0026900260
B0001564822160N11933907WA0026900260
B0001574822160N11933907WA0026900261
B0001584822160N11933907WA0026900261
B0001594822159N11933907WA0026900261
B0002004822159N11933907WA0026900261
B0002014822159N11933907WA0026900261
B0002024822159N11933907WA0026900261
B0002034822159N11933907WA0026900261
B0002044822159N11933907WA0026900261
B0002054822159N11933907WA0026900261
B0002064822159N11933907WA0026900261
B0002074822159N11933907WA0026900261
B0002084822159N11933907WA0026900261
B0002094822159N11933907WA0026900261
B0002104822159N11933907WA0026900261
B0002114822159N11933907WA0026900261
B0002124822159N11933907WA0026900261
B0002134822159N11933907WA0026900261
B0002144822159N11933907WA0026900261
B0002154822159N11933907WA0026900261
B0002164822159N11933907WA0026900261
B0002174822159N11933907WA0026900260
B0002184822159N11933907WA0026900260
B0002194822159N11933907WA0026900260
B0002204822159N11933907WA0026900260
B0002214822159N11933907WA0026900260
B0002224822159N11933907WA0026900260
B0002234822159N11933907WA0026900260
B0002244822159N11933907WA0026900260
B0002254822159N11933907WA0026900260
B0002264822159N11933907WA0026900260
B0002274822159N11933907WA0026900260
B0002284822159N11933907WA0026900260
B0002294822159N11933907WA0026900260
B0002304822159N11933907WA0026900260
B0002314822159N11933907WA0026900260
B0002324822159N11933907WA0026900259
B0002334822159N11933907WA0026900259
B0002344822159N11933907WA0026900259
B0002354822159N11933907WA0026900259
B0002364822159N11933907WA0026900259
B0002374822159N11933907WA0026900259
B0002384822159N11933907WA0026900259
B0002394822159N11933907WA0026900259
B0002404822159N11933907WA0026900259
B0002414822159N11933907WA0026900259
B0002424822159N11933907WA0026900259
B0002434822159N11933907WA0026900259
B0002444822159N11933907WA0026900259
B0002454822159N11933907WA0026900259
B0002464822159N11933907WA0026900259
B0002474822159N11933907WA0026900259
B0002484822159N11933907WA0026900260
B0002494822159N11933907WA0026900260
B0002504822159N11933907WA0026900260
B0002514822159N11933907WA0026900260
B0002524822159N11933907WA0026900260
B0002534822159N11933907WA0026900260
B0002544822159N11933907WA0026900260
B0002554822160N11933907WA0026900260
B0002564822160N11933907WA0026900260
B0002574822160N11933907WA0026900260
B0002584822160N11933907WA0026900260
B0002594822160N11933907WA0026900260
B0003004822160N11933907WA0026900260
B0003014822160N11933907WA0026900260
B0003024822160N11933907WA0026900260
B0003034822160N11933907WA0026900260
B0003044822160N11933907WA0026900260
B0003054822160N11933907WA0026900260
B0003064822160N11933907WA0026900260
B0003074822160N11933907WA0026900260
B0003084822160N11933907WA0026900260
B0003094822160N11933907WA0026900260
B0003104822160N11933907WA0026900260
B0003114822160N11933907WA0026900260
B0003124822160N11933907WA0026900260
B0003134822160N11933907WA0026900260
B0003144822160N11933907WA0026900260
B0003154822160N11933907WA0026900260
B0003164822160N11933907WA0026900260
B0003174822160N11933907WA0026900260
B0003184822160N11933907WA0026900260
B0003194822160N11933907WA0026900260
B0003204822160N11933907WA0026900260
B0003214822160N11933907WA0026900260
B0003224822160N11933907WA0026900260
B0003234822160N11933907WA0026900260
B0003244822160N11933907WA0026900260
B0003254822160N11933907WA0026900260
B0003264822160N11933907WA0026900260
B0003274822160N11933907WA0026900260
B0003284822160N11933907WA0026900260
B0003294822160N11933907WA0026900260
B0003304822160N11933907WA0026900261
B0003314822160N11933907WA0026900261
B0003324822160N11933907WA0026900261
B0003334822160N11933907WA0026900261
B0003344822160N11933907WA0026900261
B0003354822160N11933907WA0026900261
B0003364822160N11933907WA0026900261
B0003374822160N11933907WA0027000261
B0003384822160N11933907WA0026900261
B0003394822160N11933907WA0026900261
B0003404822160N11933907WA0027000261
B0003414822160N11933907WA0026900261
B0003424822160N11933907WA0026900261
B0003434822160N11933907WA0026900261
B0003444822160N11933907WA0026900261
B0003454822160N11933907WA0026900261
B0003464822160N11933907WA0027000261
B0003474822160N11933907WA0027000261
B0003484822160N11933907WA0026900261
B0003494822160N11933907WA0026900261
B0003504822160N11933907WA0026900261
B0003514822160N11933907WA0027000261
B0003524822160N11933907WA0027000261
B0003534822160N11933907WA0027000261
B0003544822160N11933907WA0026900261
B0003554822160N11933907WA0026900261
B0003564822160N11933907WA0027000261
B0003574822160N11933907WA0026900261
B0003584822160N11933907WA0026900261
B0003594822160N11933907WA0027000261
B0004004822160N11933907WA0026900261
B0004014822160N11933907WA0026900261
B0004024822160N11933907WA0026900261
B0004034822160N11933907WA0026900261
B0004044822160N11933907WA0026900261
B0004054822160N11933907WA0026900261
B0004064822160N11933907WA0026900261
B0004074822160N11933907WA0027000261
B0004084822160N11933907WA0026900262
B0004094822160N11933907WA0027000262
B0004104822160N11933907WA0026900262
B0004114822160N11933907WA0026900262
B0004124822160N11933907WA0026900262
B0004134822160N11933907WA0026900262
B0004144822160N11933907WA0027000262
B0004154822160N11933907WA0026900262
B0004164822160N11933907WA0027000261
B0004174822160N11933907WA0026900261
B0004184822160N11933908WA0026900261
B0004194822160N11933908WA0026900261
B0004204822160N11933907WA0027000261
B0004214822160N11933907WA0027000261
B0004224822160N11933907WA0026900261
B0004234822160N11933907WA0027000261
B0004244822160N11933907WA0027000261
B0004254822160N11933907WA0026900261
B0004264822160N11933907WA0027000261
B0004274822160N11933908WA0026900261
B0004284822160N11933908WA0026900261
B0004294822160N11933908WA0027000261
B0004304822160N11933908WA0026900261
B0004314822160N11933908WA0027000261
B0004324822160N11933908WA0026900261
B0004334822160N11933908WA0026900261
B0004344822160N11933908WA0027000261
B0004354822160N11933907WA0026900261
B0004364822160N11933907WA0027000261
B0004374822160N11933907WA0027000261
B0004384822160N11933907WA0027000261
B0004394822160N11933907WA0026900261
B0004404822160N11933907WA0027000261
B0004414822160N11933907WA0027000261
B0004424822160N11933907WA0027000261
B0004434822160N11933907WA0027000261
B0004444822160N11933907WA0026900261
B0004454822160N11933907WA0026900261
B0004464822160N11933907WA0027000261
B0004474822160N11933907WA0027000261
B0004484822160N11933907WA0026900261
B0004494822160N11933907WA0027000261
B0004504822160N11933907WA0027000261
B0004514822160N11933907WA0027000261
B0004524822160N11933907WA0027000261
B0004534822160N11933907WA0026900261
B0004544822160N11933907WA0026900261
B0004554822160N11933907WA0027000261
B0004564822160N11933906WA0026900261
B0004574822160N11933906WA0026900261
B0004584822160N11933906WA0027000261
B0004594822160N11933906WA0027000261
B0005004822160N11933906WA0027000261
B0005014822160N11933906WA0027000261
B0005024822160N11933906WA0027000261
B0005034822160N11933906WA0026900261
B0005044822160N11933906WA0027000261
B0005054822160N11933906WA0027000261
B0005064822160N11933906WA0027000261
B0005074822160N11933906WA0026900261
B0005084822160N11933906WA0027000261
B0005094822160N11933906WA0027000261
B0005104822160N11933906WA0027000261
B0005114822160N11933906WA0027000261
B0005124822160N11933906WA0027000261
B0005134822160N11933906WA0027000261
B0005144822160N11933906WA0027000261
B0005154822160N11933906WA0027000262
B0005164822160N11933906WA0027000262
B0005174822159N11933906WA0026900262
B0005184822159N11933906WA0027000262
B0005194822159N11933906WA0027000262
B0005204822159N11933906WA0027000262
B0005214822159N11933907WA0027000262
B0005224822159N11933907WA0027000262
B0005234822159N11933907WA0026900262
B0005244822159N11933907WA0027000262
B0005254822159N11933907WA0026900262
B0005264822159N11933907WA0027000262
B0005274822159N11933907WA0027000262
B0005284822159N11933907WA0027000261
B0005294822159N11933907WA0027000261
B0005304822159N11933907WA0027000261
B0005314822159N11933907WA0027000261
B0005324822159N11933907WA0027000261
B0005334822159N11933907WA0027000261
B0005344822160N11933907WA0027000261
B0005354822160N11933907WA0027000261
B0005364822160N11933907WA0027000261
B0005374822160N11933907WA0026900261
B0005384822160N11933907WA0027000261
B0005394822160N11933907WA0027000261
B0005404822160N11933907WA0027000261
B0005414822160N11933907WA0027000261
B0005424822160N11933907WA0027000261
B0005434822160N11933907WA0027000261
B0005444822160N11933907WA0027000261
B0005454822160N11933907WA0027000261
B0005464822160N11933907WA0027000261
B0005474822160N11933907WA0027000261
B0005484822160N11933907WA0027000261
B0005494822160N11933907WA0027000261
B0005504822160N11933907WA0027000261
B0005514822160N11933907WA0027000261
B0005524822160N11933907WA0027000261
B0005534822160N11933907WA0027000261
B0005544822160N11933907WA0027000261
B0005554822160N11933907WA0027000260
B0005564822160N11933907WA0027000260
B0005574822160N11933907WA0027000260
B0005584822160N11933907WA0027000260
B0005594822160N11933907WA0027000260
B0006004822160N11933907WA0027000260
B0006014822160N11933907WA0027000260
B0006024822160N11933907WA0027000260
B0006034822160N11933907WA0027000260
B0006044822160N11933907WA0027000260
B0006054822160N11933907WA0027000260
B0006064822160N11933907WA0026900260
B0006074822160N11933907WA0027000260
B0006084822160N11933907WA0027000260
B0006094822160N11933907WA0027000260
B0006104822160N11933907WA0026900260
B0006114822160N11933907WA0027000260
B0006124822160N11933907WA0027000260
B0006134822160N11933907WA0027000260
B0006144822160N11933907WA0027000260
B0006154822160N11933907WA0026900260
B0006164822160N11933907WA0027000260
B0006174822160N11933907WA0027000260
B0006184822160N11933907WA0027000260
B0006194822160N11933907WA0027000260
B0006204822160N11933907WA0027000260
B0006214822160N11933907WA0027000260
B0006224822160N11933907WA0027000260
B0006234822160N11933907WA0027000260
B0006244822160N11933907WA0027000260
B0006254822160N11933907WA0027000260
B0006264822160N11933907WA0027000260
B0006274822160N11933907WA0027000260
B0006284822160N11933907WA0027000260
B0006294822160N11933907WA0027000260
B0006304822160N11933907WA0027000260
B0006314822160N11933907WA0027000260
B0006324822160N11933907WA0027000259
B0006334822160N11933907WA0027000260
B0006344822160N11933907WA0027000260
B0006354822160N11933907WA0027000260
B0006364822160N11933907WA0027000260
B0006374822160N11933907WA0027000260
B0006384822160N11933907WA0027000260
B0006394822160N11933907WA0027000260
B0006404822160N11933907WA0027000260
B0006414822160N11933907WA0027000260
B0006424822160N11933906WA0027000260
B0006434822160N11933906WA0027000260
B0006444822160N11933906WA0027000260
B0006454822160N11933906WA0027000260
B0006464822160N11933906WA0027000260
B0006474822160N11933906WA0027000260
B0006484822160N11933906WA0027000260
B0006494822160N11933906WA0027000260
B0006504822160N11933906WA0027000261
B0006514822160N11933906WA0027000261
B0006524822160N11933906WA0027000261
B0006534822160N11933906WA0027000261
B0006544822160N11933906WA0027000261
B0006554822160N11933906WA0027000261
B0006564822160N11933906WA0027000261
B0006574822160N11933906WA0027000261
B0006584822160N11933906WA0027000261
B0006594822160N11933906WA0027000261
B0007004822160N11933906WA0027000261
B0007014822160N11933906WA0027000261
B0007024822160N11933906WA0027000261
B0007034822160N11933907WA0027000261
B0007044822160N11933907WA0027000261
B0007054822160N11933906WA0027000261
B0007064822160N11933906WA0026900261
B0007074822160N11933906WA0027000261
B0007084822160N11933906WA0027000261
B0007094822160N11933906WA0027000261
B0007104822160N11933906WA0027000261
B0007114822160N11933906WA0026900261
B0007124822160N11933906WA0027000262
B0007134822160N11933907WA0027000261
B0007144822160N11933907WA0027000262
B0007154822160N11933907WA0027000262
B0007164822160N11933907WA0026900262
B0007174822160N11933907WA0027000261
B0007184822160N11933907WA0027000262
B0007194822160N11933907WA0026900261
B0007204822160N11933907WA0027000261
B0007214822160N11933907WA0026900261
B0007224822160N11933907WA0027000261
B0007234822160N11933907WA0027000261
B0007244822160N11933907WA0027000262
B0007254822160N11933907WA0027000262
B0007264822160N11933907WA0027000262
B0007274822160N11933907WA0027000262
B0007284822160N11933907WA0027000261
B0007294822160N11933907WA0026900261
B0007304822160N11933907WA0027000261
B0007314822160N11933907WA0027000261
B0007324822160N11933907WA0026900261
B0007334822160N11933907WA0027100261
B0007344822160N11933907WA0027000261
B0007354822160N11933907WA0027000261
B0007364822160N11933907WA0027000261
B0007374822160N11933907WA0027000261
B0007384822160N11933907WA0027000261
B0007394822160N11933907WA0027000261
B0007404822160N11933907WA0027000261
B0007414822160N11933907WA0027000261
B0007424822160N11933907WA0027000261
B0007434822160N11933907WA0027000261
B0007444822160N11933907WA0027000261
B0007454822160N11933907WA0027000261
B0007464822160N11933907WA0027000261
B0007474822160N11933907WA0027000261
B0007484822160N11933906WA0027000261
B0007494822160N11933906WA0027000261
B0007504822160N11933906WA0027000261
B0007514822160N11933906WA0027000261
B0007524822160N11933906WA0026900261
B0007534822160N11933906WA0027000261
B0007544822160N11933906WA0027000261
B0007554822159N11933906WA0027000261
B0007564822159N11933906WA0027000261
B0007574822159N11933906WA0027000261
B0007584822159N11933906WA0027000261
B0007594822159N11933906WA0027000261
B0008004822159N11933906WA0027000260
B0008014822159N11933906WA0027000260
B0008024822159N11933906WA0027000260
B0008034822159N11933906WA0027000260
B0008044822159N11933906WA0027000260
B0008054822159N11933906WA0027000260
B0008064822159N11933906WA0027000260
B0008074822159N11933906WA0027000260
B0008084822159N11933906WA0027000259
B0008094822159N11933906WA0027000259
B0008104822159N11933906WA0027000259
B0008114822159N11933906WA0027000259
B0008124822159N11933906WA0027000258
B0008134822159N11933906WA0027000259
B0008144822159N11933906WA0027000259
B0008154822159N11933906WA0027000259
B0008164822159N11933906WA0026900259
B0008174822159N11933906WA0026900259
B0008184822159N11933906WA0027000259
B0008194822159N11933906WA0027000259
B0008204822159N11933906WA0027000259
B0008214822159N11933906WA0027000259
B0008224822159N11933906WA0027000259
B0008234822159N11933906WA0027000259
B0008244822159N11933906WA0027000260
B0008254822160N11933906WA0027000259
B0008264822160N11933906WA0027000259
B0008274822160N11933906WA0027000259
B0008284822160N11933907WA0027000260
B0008294822160N11933907WA0027000260
B0008304822160N11933907WA0027000260
B0008314822160N11933907WA0027000260
B0008324822160N11933907WA0027000260
B0008334822160N11933907WA0027000260
B0008344822160N11933907WA0027000260
B0008354822160N11933907WA0027000261
B0008364822160N11933907WA0027000261
B0008374822160N11933906WA0027000260
B0008384822160N11933906WA0027000261
B0008394822160N11933906WA0027000261
B0008404822160N11933906WA0027000261
B0008414822160N11933906WA0027000261
B0008424822160N11933906WA0027000261
B0008434822160N11933906WA0027000261
B0008444822160N11933906WA0027000261
B0008454822160N11933906WA0027000261
B0008464822160N11933906WA0027000260
B0008474822160N11933906WA0027000260
B0008484822160N11933906WA0027000260
B0008494822160N11933906WA0027000260
B0008504822160N11933906WA0027000259
B0008514822160N11933906WA0027000259
B0008524822160N11933906WA0027000259
B0008534822160N11933906WA0027000260
B0008544822160N11933906WA0027000260
B0008554822160N11933906WA0027000260
B0008564822160N11933907WA0027000260
B0008574822160N11933907WA0027000261
B0008584822160N11933907WA0027000261
B0008594822160N11933907WA0027000261
B0009004822160N11933907WA0027000261
B0009014822160N11933907WA0027000261
B0009024822160N11933907WA0027000261
B0009034822160N11933907WA0027000261
B0009044822160N11933907WA0027000261
B0009054822160N11933907WA0027000261
B0009064822160N11933907WA0027000261
B0009074822160N11933907WA0027000261
B0009084822160N11933907WA0027100261
B0009094822160N11933907WA0027000261
B0009104822160N11933907WA0026600261
B0009114822160N11933907WA0026800261
B0009124822160N11933907WA0027200261
B0009134822160N11933907WA0027000261
B0009144822160N11933907WA0027000261
B0009154822160N11933907WA0026900261
B0009164822160N11933907WA0027000261
B0009174822160N11933907WA0027000261
B0009184822160N11933907WA0027000260
B0009194822160N11933907WA0027000260
B0009204822160N11933907WA0027000260
B0009214822160N11933907WA0027000261
B0009224822160N11933907WA0027000260
B0009234822160N11933907WA0027000261
B0009244822160N11933907WA0027000261
B0009254822160N11933907WA0027000261
B0009264822160N11933907WA0027000261
B0009274822160N11933907WA0027000261
B0009284822160N11933907WA0027000261
B0009294822160N11933907WA0027000261
B0009304822160N11933907WA0027000261
B0009314822160N11933907WA0027000261
B0009324822160N11933907WA0027000261
B0009334822160N11933907WA0027000261
B0009344822160N11933907WA0027000261
B0009354822160N11933907WA0027000261
B0009364822160N11933907WA0027000261
B0009374822159N11933907WA0027000261
B0009384822159N11933907WA0027000261
B0009394822159N11933907WA0027100261
B0009404822159N11933907WA0027100261
B0009414822159N11933908WA0027000261
B0009424822159N11933908WA0027000261
B0009434822160N11933908WA0027000261
B0009444822160N11933908WA0027000260
B0009454822160N11933908WA0027000260
B0009464822160N11933908WA0027000259
B0009474822160N11933908WA0027000259
B0009484822160N11933908WA0027000258
B0009494822160N11933909WA0027000258
B0009504822160N11933909WA0027000258
B0009514822160N11933909WA0027000258
B0009524822160N11933909WA0027000258
B0009534822160N11933909WA0027000258
B0009544822160N11933909WA0027000258
B0009554822160N11933908WA0027000257
B0009564822160N11933908WA0027000257
B0009574822160N11933908WA0027000257
B0009584822160N11933908WA0027000257
B0009594822160N11933908WA0027000257
B0010004822160N11933908WA0027000257
B0010014822160N11933908WA0027000257
B0010024822160N11933908WA0027000257
B0010034822160N11933908WA0027000257
B0010044822160N11933908WA0027000257
B0010054822160N11933908WA0027000257
B0010064822159N11933908WA0027000257
B0010074822159N11933908WA0027000257
B0010084822159N11933908WA0027000257
B0010094822159N11933908WA0027000257
B0010104822159N11933908WA0027000257
B0010114822159N11933908WA0027000257
B0010124822159N11933908WA0027000257
B0010134822159N11933908WA0027000257
B0010144822159N11933908WA0027000257
B0010154822160N11933908WA0027000257
B0010164822160N11933908WA0027000257
B0010174822160N11933908WA0027000257
B0010184822160N11933908WA0027000257
B0010194822160N11933908WA0027000257
B0010204822160N11933908WA0027000257
B0010214822160N11933908WA0027000257
B0010224822160N11933908WA0027000257
B0010234822160N11933908WA0027000257
B0010244822160N11933908WA0027000257
B0010254822160N11933908WA0027000257
B0010264822160N11933908WA0027000257
B0010274822160N11933908WA0027000258
B0010284822160N11933908WA0027000258
B0010294822160N11933908WA0027000258
B0010304822160N11933908WA0027000258
B0010314822160N11933908WA0027000258
B0010324822160N11933908WA0027000258
B0010334822160N11933908WA0027000258
B0010344822160N11933908WA0027000258
B0010354822160N11933908WA0027000258
B0010364822160N11933908WA0027000258
B0010374822160N11933908WA0027000259
B0010384822160N11933908WA0027000259
B0010394822160N11933908WA0027000259
B0010404822160N11933908WA0027000259
B0010414822160N11933908WA0027000259
B0010424822160N11933908WA0027000259
B0010434822160N11933908WA0027000259
B0010444822160N11933908WA0027000259
B0010454822160N11933908WA0027000260
B0010464822160N11933908WA0027000260
B0010474822160N11933908WA0027000260
B0010484822160N11933908WA0027000260
B0010494822160N11933908WA0027000260
B0010504822160N11933908WA0027000260
B0010514822160N11933908WA0027000260
B0010524822160N11933908WA0027000260
B0010534822159N11933908WA0027000260
B0010544822159N11933908WA0027000260
B0010554822159N11933908WA0027000260
B0010564822159N11933908WA0027000260
B0010574822159N11933908WA0027000260
B0010584822160N11933908WA0027000260
B0010594822160N11933908WA0027000260
B0011004822160N11933908WA0027000260
B0011014822160N11933908WA0026900260
B0011024822159N11933908WA0027000260
B0011034822159N11933908WA0027000259
B0011044822159N11933908WA0027000259
B0011054822159N11933908WA0027000259
B0011064822159N11933908WA0027000259
B0011074822159N11933908WA0027000259
B0011084822159N11933908WA0027000259
B0011094822159N11933908WA0027000259
B0011104822159N11933908WA0027000260
B0011114822159N11933908WA0027000260
B0011124822159N11933908WA0027000260
B0011134822159N11933908WA0027000260
B0011144822159N11933908WA0027000260
B0011154822159N11933908WA0027000260
B0011164822159N11933908WA0027000260
B0011174822159N11933908WA0027000260
B0011184822159N11933908WA0027000260
B0011194822159N11933908WA0026900260
B0011204822159N11933908WA0027000260
B0011214822159N11933908WA0027000260
B0011224822159N11933908WA0027000259
B0011234822159N11933908WA0027000259
B0011244822159N11933908WA0027000260
B0011254822159N11933908WA0027000260
B0011264822159N11933908WA0027000260
B0011274822159N11933908WA0027000260
B0011284822159N11933908WA0027000260
B0011294822159N11933908WA0027000260
B0011304822159N11933908WA0027000260
B0011314822159N11933908WA0027000260
B0011324822159N11933908WA0027000260
B0011334822159N11933908WA0027000260
B0011344822159N11933908WA0027000260
B0011354822159N11933908WA0027000260
B0011364822159N11933908WA0027000261
B0011374822159N11933908WA0027000261
B0011384822159N11933908WA0027100261
B0011394822159N11933908WA0027000260
B0011404822159N11933908WA0027000261
B0011414822159N11933908WA0027000261
B0011424822159N11933908WA0026900261
B0011434822159N11933908WA0027100260
B0011444822159N11933908WA0027000261
B0011454822160N11933908WA0027000261
B0011464822160N11933908WA0027000260
B0011474822159N11933908WA0027000260
B0011484822159N11933908WA0027000260
B0011494822159N11933908WA0027000260
B0011504822159N11933907WA0027000260
B0011514822159N11933907WA0027000260
B0011524822159N11933907WA0027000260
B0011534822159N11933907WA0027000259
B0011544822159N11933907WA0027000259
B0011554822159N11933907WA0027000259
B0011564822159N11933907WA0027000259
B0011574822159N11933907WA0027000259
B0011584822159N11933907WA0027000259
B0011594822159N11933907WA0027000259
B0012004822159N11933907WA0027000259
B0012014822159N11933907WA0027000259
B0012024822159N11933907WA0027000259
B0012034822159N11933907WA0027000259
B0012044822159N11933907WA0027000259
B0012054822159N11933907WA0027000259
B0012064822159N11933907WA0027000259
B0012074822159N11933907WA0027000259
B0012084822159N11933907WA0027000259
B0012094822159N11933907WA0027000259
B0012104822159N11933907WA0027000259
B0012114822159N11933907WA0027000259
B0012124822159N11933907WA0027000259
B0012134822159N11933907WA0027000259
B0012144822159N11933907WA0027000259
B0012154822159N11933907WA0027000259
B0012164822159N11933907WA0027000259
B0012174822159N11933907WA0027000259
B0012184822159N11933907WA0027000259
B0012194822159N11933907WA0027000259
B0012204822159N11933907WA0027000259
B0012214822159N11933907WA0027000259
B0012224822159N11933907WA0027000259
B0012234822159N11933907WA0027000259
B0012244822159N11933907WA0027000259
B0012254822159N11933907WA0027000259
B0012264822159N11933907WA0027000259
B0012274822159N11933907WA0027000259
B0012284822159N11933907WA0027000259
B0012294822159N11933907WA0027000259
B0012304822159N11933907WA0027000259
B0012314822159N11933907WA0027000260
B0012324822159N11933907WA0027000260
B0012334822159N11933907WA0027000260
B0012344822159N11933907WA0027000260
B0012354822159N11933907WA0027000260
B0012364822159N11933907WA0027000260
B0012374822159N11933907WA0027000260
B0012384822159N11933907WA0027000260
B0012394822159N11933907WA0027000260
B0012404822159N11933907WA0027000260
B0012414822159N11933907WA0027000260
B0012424822159N11933907WA0027000260
B0012434822159N11933907WA0027000260
B0012444822159N11933907WA0027000260
B0012454822159N11933907WA0027000260
B0012464822159N11933907WA0027000261
B0012474822159N11933907WA0027000261
B0012484822159N11933907WA0027000261
B0012494822159N11933907WA0027000261
B0012504822159N11933907WA0027000261
B0012514822159N11933907WA0027000261
B0012524822159N11933907WA0027000261
B0012534822159N11933907WA0027000261
B0012544822159N11933907WA0027000261
B0012554822159N11933907WA0027000261
B0012564822159N11933907WA0027000261
B0012574822159N11933907WA0027000261
B0012584822159N11933907WA0027000261
B0012594822159N11933907WA0027000261
B0013004822159N11933907WA0027000261
B0013014822159N11933907WA0027000261
B0013024822159N11933907WA0027000261
B0013034822159N11933907WA0027000261
B0013044822160N11933907WA0027000261
B0013054822160N11933907WA0027000261
B0013064822160N11933907WA0027000261
B0013074822160N11933907WA0027000262
B0013084822160N11933907WA0027000262
B0013094822160N11933907WA0027000262
B0013104822160N11933907WA0027000262
B0013114822160N11933907WA0027000262
B0013124822160N11933907WA0027000262
B0013134822160N11933907WA0027000262
B0013144822160N11933907WA0027000262
B0013154822160N11933907WA0027000262
B0013164822160N11933907WA0027000262
B0013174822160N11933907WA0027000262
B0013184822160N11933907WA0027000262
B0013194822160N11933907WA0027000262
B0013204822160N11933907WA0027000262
B0013214822160N11933907WA0027000262
B0013224822160N11933907WA0027000262
B0013234822160N11933907WA0027000262
B0013244822160N11933907WA0027000262
B0013254822160N11933907WA0027000262
B0013264822160N11933907WA0027100262
B0013274822160N11933907WA0027000262
B0013284822160N11933906WA0027100262
B0013294822160N11933906WA0027100263
B0013304822160N11933906WA0027100262
B0013314822160N11933906WA0027100262
B0013324822159N11933906WA0027100262
B0013334822159N11933906WA0027100261
B0013344822159N11933906WA0027100261
B0013354822159N11933906WA0027100261
B0013364822159N11933906WA0027100261
B0013374822159N11933906WA0027100261
B0013384822159N11933906WA0027100261
B0013394822159N11933906WA0027100261
B0013404822158N11933906WA0027100261
B0013414822158N11933906WA0027100261
B0013424822159N11933906WA0027100261
B0013434822158N11933906WA0027100261
B0013444822158N11933906WA0027100261
B0013454822158N11933907WA0027100261
B0013464822158N11933907WA0027100261
B0013474822159N11933907WA0027100262
B0013484822159N11933907WA0027100261
B0013494822158N11933906WA0027200262
B0013504822157N11933906WA0027000260
B0013514822157N11933906WA0027000260
B0013524822157N11933906WA0026800259
B0013534822157N11933906WA0027100260
B0013544822157N11933906WA0027100259
B0013554822157N11933906WA0027100259
B0013564822157N11933906WA0027100259
B0013574822157N11933906WA0027100259
B0013584822157N11933906WA0027100259
B0013594822158N11933906WA0027100259
B0014004822158N11933906WA0027100259
B0014014822158N11933906WA0027100259
B0014024822158N11933906WA0027100259
B0014034822158N11933906WA0027100259
B0014044822159N11933906WA0027100259
B0014054822159N11933906WA0027100260
B0014064822158N11933906WA0027100260
B0014074822158N11933906WA0027100259
B0014084822158N11933906WA0027100259
B0014094822158N11933906WA0027100259
B0014104822158N11933906WA0027100259
B0014114822158N11933906WA0027100259
B0014124822158N11933906WA0027100259
B0014134822158N11933906WA0027100260
B0014144822158N11933906WA0027100260
B0014154822158N11933906WA0027100260
B0014164822158N11933906WA0027100260
B0014174822158N11933906WA0027100260
B0014184822159N11933906WA0027100260
B0014194822159N11933906WA0027100260
B0014204822159N11933906WA0027100260
B0014214822159N11933906WA0027100260
B0014224822160N11933906WA0027100260
B0014234822160N11933906WA0027100260
B0014244822160N11933906WA0027100259
B0014254822160N11933906WA0027100260
B0014264822160N11933906WA0027100260
B0014274822160N11933905WA0027100260
B0014284822160N11933905WA0027100260
B0014294822160N11933905WA0027100260
B0014304822160N11933905WA0027100260
B0014314822160N11933905WA0027100260
B0014324822160N11933905WA0027100260
B0014334822160N11933904WA0027100260
B0014344822160N11933905WA0027100260
B0014354822160N11933904WA0027100260
B0014364822160N11933904WA0027100260
B0014374822161N11933904WA0027100260
B0014384822161N11933905WA0027100260
B0014394822162N11933905WA0027100259
B0014404822162N11933905WA0027100259
B0014414822162N11933905WA0027100259
B0014424822162N11933906WA0027100259
B0014434822162N11933906WA0027100259
B0014444822163N11933907WA0027100259
B0014454822163N11933907WA0027100259
B0014464822163N11933908WA0027100259
B0014474822164N11933908WA0027100259
B0014484822164N11933908WA0027100259
B0014494822164N11933909WA0027100259
B0014504822164N11933910WA0027100259
B0014514822164N11933910WA0027100259
B0014524822164N11933911WA0027100259
B0014534822164N11933912WA0027100259
B0014544822165N11933912WA0027100259
B0014554822165N11933912WA0027100259
B0014564822165N11933913WA0027100259
B0014574822165N11933913WA0027100259
B0014584822165N11933914WA0027100259
B0014594822165N11933914WA0027100259
B0015004822166N11933914WA0027200259
B0015014822166N11933915WA0027100259
B0015024822166N11933915WA0027100259
B0015034822166N11933915WA0027100259
B0015044822167N11933914WA0027200259
B0015054822167N11933914WA0027100260
B0015064822167N11933914WA0027100260
B0015074822167N11933914WA0027100260
B0015084822166N11933914WA0027100260
B0015094822166N11933914WA0027100260
B0015104822166N11933914WA0027100260
B0015114822166N11933914WA0027200260
B0015124822166N11933914WA0027200260
B0015134822166N11933914WA0027100260
B0015144822166N11933914WA0027100260
B0015154822166N11933914WA0027100260
B0015164822166N11933914WA0027200260
B0015174822166N11933914WA0027100260
B0015184822166N11933914WA0027100260
B0015194822166N11933914WA0027200260
B0015204822166N11933914WA0027100260
B0015214822166N11933914WA0027100260
B0015224822166N11933913WA0027100260
B0015234822166N11933913WA0027100260
B0015244822166N11933912WA0027100260
B0015254822166N11933912WA0027200260
B0015264822166N11933912WA0027200260
B0015274822165N11933912WA0027100260
B0015284822166N11933912WA0027100260
B0015294822166N11933912WA0027100260
B0015304822166N11933913WA0027200260
B0015314822166N11933913WA0027200260
B0015324822166N11933914WA0027200259
B0015334822166N11933915WA0027100259
B0015344822166N11933915WA0027200259
B0015354822166N11933915WA0027100259
B0015364822166N11933915WA0027200259
B0015374822166N11933915WA0027200259
B0015384822166N11933915WA0027200260
B0015394822166N11933915WA0027200260
B0015404822166N11933915WA0027200259
B0015414822166N11933915WA0027200259
B0015424822166N11933915WA0027200260
B0015434822166N11933915WA0027200260
B0015444822166N11933915WA0027200260
B0015454822166N11933915WA0027100259
B0015464822166N11933915WA0027200259
B0015474822166N11933915WA0027100259
B0015484822166N11933914WA0027200259
B0015494822167N11933914WA0027100259
B0015504822167N11933913WA0027200259
B0015514822167N11933912WA0027200259
B0015524822167N11933912WA0027200259
B0015534822167N11933911WA0027100259
B0015544822168N11933911WA0027100259
B0015554822168N11933910WA0027100259
B0015564822168N11933909WA0027200259
B0015574822168N11933909WA0027100259
B0015584822167N11933908WA0027100259
B0015594822167N11933908WA0027200259
B0016004822167N11933908WA0027200259
B0016014822167N11933907WA0027200259
B0016024822167N11933907WA0027200259
B0016034822167N11933907WA0027200259
B0016044822167N11933907WA0027200259
B0016054822167N11933907WA0027100259
B0016064822167N11933906WA0027200259
B0016074822167N11933906WA0027200259
B0016084822168N11933905WA0027100259
B0016094822167N11933905WA0027100259
B0016104822167N11933905WA0027200259
B0016114822167N11933905WA0027100259
B0016124822166N11933905WA0027200259
B0016134822166N11933905WA0027100259
B0016144822166N11933905WA0027100259
B0016154822166N11933905WA0027100259
B0016164822166N11933905WA0027100259
B0016174822166N11933905WA0027200259
B0016184822166N11933905WA0027100259
B0016194822166N11933904WA0027100259
B0016204822166N11933904WA0027200259
B0016214822166N11933903WA0027100259
B0016224822166N11933902WA0027200259
B0016234822167N11933902WA0027100260
B0016244822167N11933902WA0027100260
B0016254822167N11933901WA0027200260
B0016264822167N11933901WA0027200260
B0016274822167N11933900WA0027200260
B0016284822167N11933900WA0027200259
B0016294822167N11933899WA0027200259
B0016304822168N11933898WA0027100259
B0016314822167N11933897WA0027200259
B0016324822167N11933897WA0027200259
B0016334822167N11933896WA0027100259
B0016344822166N11933896WA0027200259
B0016354822166N11933896WA0027100259
B0016364822165N11933895WA0027100259
B0016374822165N11933895WA0027200259
B0016384822164N11933895WA0027200258
B0016394822164N11933895WA0027100259
B0016404822164N11933895WA0027100258
B0016414822163N11933894WA0027100258
B0016424822163N11933894WA0027100258
B0016434822162N11933894WA0027100258
B0016444822162N11933893WA0027100258
B0016454822162N11933893WA0027100258
B0016464822162N11933893WA0027100258
B0016474822161N11933893WA0027100258
B0016484822161N11933893WA0027100258
B0016494822161N11933893WA0027100257
B0016504822161N11933892WA0027100258
B0016514822162N11933892WA0027100258
B0016524822162N11933891WA0027200258
B0016534822162N11933891WA0027200258
B0016544822161N11933890WA0027200259
B0016554822161N11933890WA0027200259
B0016564822161N11933889WA0027200259
B0016574822161N11933889WA0027200259
B0016584822161N11933888WA0027200259
B0016594822161N11933888WA0027300259
B0017004822161N11933887WA0027200259
B0017014822161N11933886WA0027200259
B0017024822161N11933886WA0027200259
B0017034822161N11933885WA0027300259
B0017044822160N11933885WA0027200259
B0017054822160N11933885WA0027200259
B0017064822159N11933884WA0027200259
B0017074822159N11933884WA0027300259
B0017084822158N11933885WA0027200259
B0017094822158N11933885WA0027200259
B0017104822158N11933886WA0027200259
B0017114822158N11933887WA0027200259
B0017124822158N11933887WA0027200259
B0017134822157N11933888WA0027200259
B0017144822157N11933889WA0027200259
B0017154822157N11933890WA0027200259
B0017164822156N11933890WA0027200259
B0017174822156N11933891WA0027200259
B0017184822156N11933892WA0027200259
B0017194822156N11933893WA0027200259
B0017204822155N11933893WA0027200259
B0017214822155N11933894WA0027200259
B0017224822155N11933894WA0027100259
B0017234822155N11933895WA0027200259
B0017244822154N11933896WA0027100259
B0017254822154N11933897WA0027100259
B0017264822154N11933898WA0027100259
B0017274822154N11933899WA0027100259
B0017284822154N11933899WA0027200259
B0017294822154N11933900WA0027200259
B0017304822153N11933901WA0027100258
B0017314822153N11933901WA0027200258
B0017324822153N11933901WA0027200258
B0017334822152N11933901WA0027100258
B0017344822152N11933901WA0027100258
B0017354822152N11933901WA0027100258
B0017364822151N11933901WA0027100257
B0017374822151N11933901WA0027200258
B0017384822151N11933901WA0027200257
B0017394822151N11933901WA0027200258
B0017404822151N11933901WA0027100258
B0017414822151N11933901WA0027200258
B0017424822151N11933901WA0027200258
B0017434822151N11933901WA0027200258
B0017444822151N11933901WA0027200258
B0017454822151N11933901WA0027200258
B0017464822151N11933902WA0027200257
B0017474822151N11933902WA0027200258
B0017484822151N11933902WA0027200258
B0017494822151N11933902WA0027200258
B0017504822151N11933902WA0027200258
B0017514822151N11933902WA0027200258
B0017524822151N11933902WA0027200258
B0017534822151N11933902WA0027200258
B0017544822151N11933902WA0027200258
B0017554822151N11933902WA0027200258
B0017564822151N11933902WA0027200258
B0017574822151N11933902WA0027200258
B0017584822151N11933902WA0027200258
B0017594822151N11933902WA0027200258
B0018004822150N11933902WA0027200258
B0018014822150N11933902WA0027200258
B0018024822150N11933902WA0027200258
B0018034822150N11933902WA0027200258
B0018044822150N11933902WA0027200258
B0018054822150N11933902WA0027200258
B0018064822150N11933902WA0027200258
B0018074822150N11933902WA0027200258
B0018084822150N11933902WA0027200258
B0018094822150N11933902WA0027200258
B0018104822150N11933902WA0027200258
B0018114822150N11933902WA0027200258
B0018124822150N11933902WA0027200258
B0018134822150N11933902WA0027200258
B0018144822150N11933902WA0027200258
B0018154822150N11933902WA0027200258
B0018164822150N11933902WA0027200258
B0018174822150N11933902WA0027200259
B0018184822150N11933902WA0027200259
B0018194822150N11933902WA0027200259
B0018204822150N11933902WA0027200259
B0018214822150N11933902WA0027200259
B0018224822150N11933902WA0027200260
B0018234822150N11933902WA0027200260
B0018244822150N11933902WA0027200260
B0018254822150N11933902WA0027200260
B0018264822150N11933902WA0027200260
B0018274822150N11933902WA0027200260
B0018284822150N11933902WA0027200260
B0018294822150N11933902WA0027200260
B0018304822150N11933902WA0027200260
B0018314822150N11933902WA0027200260
B0018324822150N11933902WA0027200260
B0018334822150N11933902WA0027200260
B0018344822150N11933902WA0027200261
B0018354822150N11933902WA0027200261
B0018364822150N11933902WA0027200261
B0018374822150N11933902WA0027200261
B0018384822150N11933902WA0027200261
B0018394822150N11933902WA0027200261
B0018404822150N11933902WA0027200261
B0018414822150N11933902WA0027200262
B0018424822150N11933902WA0027200262
B0018434822150N11933902WA0027200262
B0018444822150N11933902WA0027200262
B0018454822150N11933902WA0027200262
B0018464822150N11933902WA0027200262
B0018474822150N11933902WA0027200262
B0018484822150N11933902WA0027200262
B0018494822150N11933902WA0027200262
B0018504822150N11933902WA0027200262
B0018514822150N11933902WA0027200262
B0018524822150N11933902WA0027200262
B0018534822150N11933902WA0027200262
B0018544822150N11933902WA0027200263
B0018554822150N11933901WA0027200263
B0018564822150N11933901WA0027200263
B0018574822150N11933901WA0027200263
B0018584822150N11933901WA0027200263
B0018594822150N11933901WA0027200263
B0019004822150N11933901WA0027200263
B0019014822150N11933901WA0027200263
B0019024822150N11933901WA0027200263
B0019034822150N11933901WA0027200263
B0019044822150N11933901WA0027200263
B0019054822150N11933901WA0027200263
B0019064822150N11933901WA0027200263
B0019074822149N11933901WA0027200263
B0019084822149N11933901WA0027200263
B0019094822149N11933901WA0027200263
B0019104822149N11933901WA0027200263
B0019114822149N11933901WA0027200263
B0019124822149N11933901WA0027200263
B0019134822149N11933901WA0027200263
B0019144822149N11933902WA0027200263
B0019154822149N11933902WA0027200263
B0019164822149N11933902WA0027200263
B0019174822149N11933902WA0027200263
B0019184822149N11933902WA0027200263
B0019194822149N11933902WA0027200263
B0019204822149N11933902WA0027200263
B0019214822149N11933902WA0027200263
B0019224822149N11933902WA0027200263
B0019234822149N11933902WA0027200263
B0019244822149N11933902WA0027200263
B0019254822149N11933902WA0027200263
B0019264822149N11933902WA0027200262
B0019274822149N11933902WA0027200262
B0019284822149N11933902WA0027200262
B0019294822149N11933902WA0027200262
B0019304822149N11933902WA0027200262
B0019314822149N11933902WA0027200262
B0019324822149N11933902WA0027200262
B0019334822149N11933902WA0027200262
B0019344822149N11933902WA0027200262
B0019354822149N11933902WA0027200262
B0019364822149N11933902WA0027200262
B0019374822149N11933902WA0027200262
B0019384822149N11933902WA0027200262
B0019394822149N11933902WA0027200262
B0019404822149N11933902WA0027200261
B0019414822149N11933902WA0027200261
B0019424822149N11933902WA0027200261
B0019434822149N11933903WA0027200261
B0019444822149N11933903WA0027200261
B0019454822149N11933903WA0027200261
B0019464822149N11933903WA0027200261
B0019474822149N11933903WA0027200261
B0019484822149N11933903WA0027200261
B0019494822149N11933903WA0027200261
B0019504822149N11933903WA0027200260
B0019514822149N11933903WA0027200260
B0019524822149N11933903WA0027200260
B0019534822149N11933903WA0027200260
B0019544822149N11933903WA0027200260
B0019554822149N11933903WA0027200260
B0019564822149N11933903WA0027200259
B0019574822149N11933903WA0027200259
B0019584822149N11933903WA0027200259
B0019594822149N11933903WA0027200259
B0020004822149N11933903WA0027200259
B0020014822149N11933903WA0027200259
B0020024822149N11933903WA0027200258
B0020034822149N11933903WA0027200258
B0020044822149N11933903WA0027200258
B0020054822149N11933903WA0027200258
B0020064822149N11933903WA0027200258
B0020074822149N11933903WA0027200258
B0020084822149N11933903WA0027200258
B0020094822149N11933904WA0027200258
B0020104822149N11933904WA0027200258
B0020114822149N11933904WA0027200258
B0020124822149N11933904WA0027200257
B0020134822149N11933904WA0027200257
B0020144822150N11933904WA0027200257
B0020154822150N11933904WA0027200257
B0020164822150N11933904WA0027200257
B0020174822150N11933904WA0027200257
B0020184822150N11933904WA0027200257
B0020194822150N11933904WA0027200257
B0020204822150N11933904WA0027200257
B0020214822150N11933904WA0027200257
B0020224822150N11933904WA0027200256
B0020234822150N11933904WA0027200256
B0020244822150N11933904WA0027200256
B0020254822150N11933904WA0027200256
B0020264822150N11933904WA0027200256
B0020274822150N11933904WA0027200256
B0020284822150N11933904WA0027200256
B0020294822150N11933904WA0027200256
B0020304822150N11933904WA0027200256
B0020314822150N11933904WA0027200256
B0020324822150N11933904WA0027200256
B0020334822150N11933904WA0027200256
B0020344822150N11933904WA0027200256
B0020354822150N11933904WA0027200256
B0020364822150N11933904WA0027200255
B0020374822150N11933904WA0027200255
B0020384822150N11933904WA0027200255
B0020394822150N11933904WA0027200255
B0020404822150N11933904WA0027200255
B0020414822150N11933904WA0027200255
B0020424822150N11933904WA0027200255
B0020434822150N11933904WA0027200255
B0020444822150N11933903WA0027200255
B0020454822150N11933903WA0027200256
B0020464822150N11933903WA0027200256
B0020474822150N11933903WA0027200256
B0020484822150N11933903WA0027200256
B0020494822150N11933903WA0027200256
B0020504822150N11933903WA0027200255
B0020514822150N11933903WA0027200255
B0020524822150N11933903WA0027200255
B0020534822150N11933903WA0027200255
B0020544822150N11933903WA0027200255
B0020554822150N11933903WA0027200255
B0020564822150N11933903WA0027200255
B0020574822150N11933903WA0027200255
B0020584822150N11933903WA0027200255
B0020594822150N11933903WA0027200255
B0021004822150N11933903WA0027200255
B0021014822150N11933903WA0027200255
B0021024822150N11933903WA0027200255
B0021034822150N11933903WA0027200255
B0021044822150N11933903WA0027200255
B0021054822150N11933903WA0027200256
B0021064822150N11933903WA0027200256
B0021074822150N11933903WA0027200256
B0021084822150N11933903WA0027200256
B0021094822150N11933903WA0027300256
B0021104822150N11933903WA0027200256
B0021114822150N11933903WA0027300256
B0021124822150N11933903WA0027200256
B0021134822150N11933903WA0027200256
B0021144822150N11933903WA0027200256
B0021154822150N11933903WA0027200256
B0021164822150N11933903WA0027200256
B0021174822150N11933903WA0027200256
B0021184822150N11933903WA0027300256
B0021194822150N11933903WA0027200256
B0021204822150N11933903WA0027200256
B0021214822150N11933903WA0027200256
B0021224822150N11933903WA0027200256
B0021234822150N11933903WA0027200256
B0021244822150N11933903WA0027200255
B0021254822150N11933903WA0027200255
B0021264822150N11933903WA0027300255
B0021274822150N11933903WA0027200255
B0021284822150N11933903WA0027200256
B0021294822150N11933903WA0027200255
B0021304822150N11933903WA0027300256
B0021314822150N11933903WA0027200256
B0021324822150N11933903WA0027200256
B0021334822150N11933903WA0027200256
B0021344822150N11933903WA0027200256
B0021354822150N11933903WA0027200256
B0021364822150N11933903WA0027300256
B0021374822150N11933903WA0027200256
B0021384822150N11933903WA0027200256
B0021394822150N11933903WA0027300256
B0021404822150N11933903WA0027200256
B0021414822150N11933903WA0027200256
B0021424822150N11933903WA0027200256
B0021434822150N11933903WA0027200256
B0021444822150N11933903WA0027200256
B0021454822150N11933903WA0027200256
B0021464822150N11933903WA0027200256
B0021474822150N11933903WA0027200256
B0021484822150N11933903WA0027200256
B0021494822150N11933903WA0027200256
B0021504822150N11933903WA0027200256
B0021514822150N11933903WA0027200256
B0021524822150N11933903WA0027200256
B0021534822150N11933903WA0027200256
B0021544822150N11933903WA0027200256
B0021554822150N11933903WA0027200256
B0021564822150N11933903WA0027200256
B0021574822150N11933903WA0027200257
B0021584822150N11933903WA0027300257
B0021594822150N11933903WA0027200257
B0022004822150N11933903WA0027200257
B0022014822150N11933903WA0027200257
B0022024822150N11933903WA0027200257
B0022034822150N11933903WA0027200257
B0022044822150N11933903WA0027200257
B0022054822150N11933903WA0027200257
B0022064822150N11933903WA0027300257
B0022074822150N11933903WA0027200257
B0022084822150N11933903WA0027200257
B0022094822150N11933903WA0027200257
B0022104822150N11933903WA0027200257
B0022114822150N11933903WA0027200257
B0022124822150N11933903WA0027200257
B0022134822150N11933903WA0027200257
B0022144822150N11933903WA0027200257
B0022154822150N11933903WA0027200257
B0022164822150N11933903WA0027200257
B0022174822150N11933903WA0027200257
B0022184822150N11933903WA0027200257
B0022194822150N11933903WA0027200257
B0022204822150N11933903WA0027200257
B0022214822150N11933903WA0027200257
B0022224822150N11933903WA0027200257
B0022234822150N11933903WA0027200257
B0022244822150N11933903WA0027200257
B0022254822150N11933903WA0027200257
B0022264822150N11933903WA0027200257
B0022274822150N11933903WA0027200258
B0022284822150N11933903WA0027200258
B0022294822150N11933903WA0027200258
B0022304822150N11933903WA0027200258
B0022314822150N11933903WA0027200258
B0022324822150N11933903WA0027200258
B0022334822150N11933903WA0027200258
B0022344822150N11933903WA0027200259
B0022354822150N11933903WA0027200259
B0022364822150N11933903WA0027200259
B0022374822150N11933903WA0027200259
B0022384822150N11933903WA0027200259
B0022394822150N11933903WA0027200259
B0022404822150N11933903WA0027200259
B0022414822150N11933903WA0027200259
B0022424822150N11933903WA0027200259
B0022434822150N11933903WA0027200259
B0022444822150N11933903WA0027200259
B0022454822150N11933903WA0027200259
B0022464822150N11933903WA0027200259
B0022474822150N11933903WA0027200259
B0022484822150N11933903WA0027200259
B0022494822150N11933903WA0027200259
B0022504822150N11933903WA0027200260
B0022514822150N11933903WA0027200260
B0022524822150N11933903WA0027200260
B0022534822150N11933903WA0027200260
B0022544822150N11933903WA0027200260
B0022554822150N11933903WA0027200260
B0022564822150N11933903WA0027200260
B0022574822150N11933903WA0027200260
B0022584822150N11933903WA0027200260
B0022594822150N11933903WA0027200260
B0023004822150N11933903WA0027200260
B0023014822150N11933903WA0027200260
B0023024822150N11933903WA0027200260
B0023034822150N11933903WA0027200260
B0023044822150N11933903WA0027200260
B0023054822150N11933903WA0027200260
B0023064822150N11933903WA0027200260
B0023074822150N11933903WA0027200260
B0023084822150N11933903WA0027200260
B0023094822150N11933903WA0027200260
B0023104822150N11933903WA0027200260
B0023114822150N11933903WA0027200260
B0023124822150N11933903WA0027200260
B0023134822150N11933902WA0027200259
B0023144822150N11933902WA0027200259
B0023154822150N11933902WA0027200259
B0023164822150N11933902WA0027200259
B0023174822150N11933902WA0027200259
B0023184822150N11933902WA0027200259
B0023194822150N11933902WA0027200259
B0023204822150N11933902WA0027200259
B0023214822150N11933902WA0027200259
B0023224822150N11933901WA0027200259
B0023234822150N11933901WA0027200259
B0023244822150N11933901WA0027200260
B0023254822150N11933901WA0027200260
B0023264822150N11933901WA0027200260
B0023274822150N11933901WA0027200260
B0023284822150N11933901WA0027200260
B0023294822150N11933901WA0027200260
B0023304822151N11933901WA0027200260
B0023314822151N11933901WA0027200260
B0023324822151N11933901WA0027200260
B0023334822151N11933901WA0027200260
B0023344822151N11933901WA0027200261
B0023354822151N11933901WA0027200261
B0023364822151N11933901WA0027200261
B0023374822151N11933901WA0027200261
B0023384822151N11933901WA0027200261
B0023394822151N11933901WA0027200261
B0023404822151N11933901WA0027200261
B0023414822151N11933901WA0027200261
B0023424822151N11933901WA0027200261
B0023434822151N11933901WA0027200261
B0023444822151N11933901WA0027200261
B0023454822151N11933901WA0027200261
B0023464822151N11933901WA0027200261
B0023474822151N11933901WA0027200262
B0023484822151N11933901WA0027200262
B0023494822151N11933901WA0027200262
B0023504822151N11933901WA0027200262
B0023514822151N11933901WA0027200262
B0023524822151N11933901WA0027200262
B0023534822151N11933901WA0027200262
B0023544822151N11933901WA0027200262
B0023554822151N11933901WA0027200262
B0023564822151N11933901WA0027200262
B0023574822151N11933901WA0027200262
B0023584822151N11933901WA0027200262
B0023594822151N11933901WA0027200262
B0024004822151N11933901WA0027200262
B0024014822151N11933901WA0027200262
B0024024822151N11933901WA0027200262
B0024034822151N11933901WA0027200262
B0024044822151N11933901WA0027200262
B0024054822151N11933901WA0027200262
B0024064822151N11933901WA0027200262
B0024074822150N11933901WA0027200262
B0024084822150N11933901WA0027200262
B0024094822150N11933901WA0027200262
B0024104822150N11933901WA0027200262
B0024114822150N11933901WA0027200262
B0024124822150N11933901WA0027200262
B0024134822150N11933901WA0027200263
B0024144822150N11933901WA0027200263
B0024154822150N11933901WA0027200263
B0024164822150N11933901WA0027200263
B0024174822150N11933901WA0027200263
B0024184822150N11933901WA0027200263
B0024194822150N11933901WA0027200263
B0024204822150N11933901WA0027200263
B0024214822150N11933901WA0027200263
B0024224822150N11933901WA0027200263
B0024234822150N11933901WA0027200263
B0024244822150N11933901WA0027200263
B0024254822150N11933901WA0027200263
B0024264822150N11933901WA0027200263
B0024274822150N11933901WA0027200263
B0024284822150N11933901WA0027200263
B0024294822150N11933901WA0027200263
B0024304822150N11933901WA0027200263
B0024314822150N11933901WA0027200263
B0024324822150N11933901WA0027200263
B0024334822150N11933901WA0027200262
B0024344822150N11933901WA0027200262
B0024354822150N11933901WA0027200262
B0024364822150N11933901WA0027200262
B0024374822150N11933901WA0027200262
B0024384822150N11933901WA0027200262
B0024394822150N11933901WA0027200262
B0024404822150N11933901WA0027200261
B0024414822150N11933901WA0027200261
B0024424822150N11933901WA0027200261
B0024434822150N11933901WA0027200261
B0024444822150N11933901WA0027200261
B0024454822150N11933901WA0027200261
B0024464822150N11933901WA0027200261
B0024474822150N11933901WA0027200261
B0024484822150N11933901WA0027200261
B0024494822150N11933901WA0027200261
B0024504822150N11933901WA0027200261
B0024514822150N11933901WA0027200261
B0024524822150N11933901WA0027200262
B0024534822150N11933901WA0027200262
B0024544822150N11933901WA0027200262
B0024554822150N11933901WA0027200262
B0024564822150N11933901WA0027200262
B0024574822149N11933901WA0027200262
B0024584822149N11933901WA0027200262
B0024594822149N11933901WA0027200262
B0025004822149N11933901WA0027200262
B0025014822149N11933901WA0027200262
B0025024822149N11933901WA0027200262
B0025034822149N11933901WA0027200262
B0025044822149N11933901WA0027200262
B0025054822149N11933901WA0027200262
B0025064822149N11933901WA0027200262
B0025074822149N11933901WA0027200262
B0025084822149N11933901WA0027200262
B0025094822149N11933901WA0027200262
B0025104822149N11933901WA0027200263
B0025114822149N11933901WA0027200263
B0025124822149N11933901WA0027200263
B0025134822149N11933902WA0027200263
B0025144822149N11933902WA0027200263
B0025154822149N11933902WA0027200264
B0025164822149N11933902WA0027200264
B0025174822149N11933902WA0027200264
B0025184822149N11933902WA0027200264
B0025194822149N11933902WA0027200264
B0025204822149N11933902WA0027200265
B0025214822149N11933902WA0027200265
B0025224822149N11933902WA0027200265
B0025234822149N11933902WA0027200265
B0025244822149N11933902WA0027200265
B0025254822149N11933902WA0027200266
B0025264822149N11933902WA0027200266
B0025274822149N11933902WA0027200266
B0025284822149N11933902WA0027200266
B0025294822149N11933902WA0027200266
B0025304822149N11933901WA0027200266
B0025314822149N11933901WA0027200266
B0025324822149N11933901WA0027200266
B0025334822149N11933901WA0027200267
B0025344822149N11933901WA0027200267
B0025354822149N11933901WA0027200267
B0025364822150N11933901WA0027200267
B0025374822150N11933901WA0027200267
B0025384822150N11933901WA0027200267
B0025394822150N11933901WA0027200267
B0025404822150N11933901WA0027200267
B0025414822150N11933901WA0027200267
B0025424822150N11933901WA0027200267
B0025434822150N11933901WA0027200267
B0025444822150N11933901WA0027200267
B0025454822150N11933901WA0027200267
B0025464822150N11933901WA0027200267
B0025474822150N11933901WA0027200267
B0025484822150N11933901WA0027200267
B0025494822150N11933901WA0027200267
B0025504822150N11933901WA0027200267
B0025514822150N11933901WA0027200267
B0025524822150N11933901WA0027200267
B0025534822150N11933901WA0027200267
B0025544822150N11933901WA0027200267
B0025554822150N11933901WA0027200267
B0025564822150N11933901WA0027200267
B0025574822150N11933901WA0027200267
B0025584822150N11933901WA0027200267
B0025594822150N11933901WA0027200267
B0026004822150N11933901WA0027200267
B0026014822150N11933901WA0027200267
B0026024822150N11933901WA0027200267
B0026034822150N11933901WA0027200267
B0026044822150N11933901WA0027200267
B0026054822150N11933901WA0027200267
B0026064822150N11933901WA0027200267
B0026074822150N11933901WA0027200267
B0026084822150N11933901WA0027200267
B0026094822150N11933901WA0027200267
B0026104822150N11933901WA0027200267
B0026114822150N11933900WA0027200267
B0026124822150N11933900WA0027200267
B0026134822150N11933900WA0027200267
B0026144822150N11933900WA0027200267
B0026154822149N11933900WA0027200267
B0026164822149N11933900WA0027200267
B0026174822150N11933900WA0027200267
B0026184822150N11933900WA0027200267
B0026194822150N11933900WA0027200267
B0026204822150N11933900WA0027200267
B0026214822150N11933900WA0027200267
B0026224822150N11933900WA0027200267
B0026234822150N11933900WA0027200267
B0026244822150N11933900WA0027200267
B0026254822150N11933899WA0027200267
B0026264822150N11933899WA0027200267
B0026274822150N11933899WA0027200267
B0026284822150N11933899WA0027200267
B0026294822150N11933899WA0027200267
B0026304822150N11933899WA0027200267
B0026314822150N11933899WA0027200267
B0026324822150N11933899WA0027200267
B0026334822150N11933899WA0027200267
B0026344822150N11933899WA0027200267
B0026354822150N11933899WA0027200266
B0026364822150N11933899WA0027200266
B0026374822150N11933899WA0027200266
B0026384822151N11933899WA0027200266
B0026394822151N11933899WA0027200266
B0026404822151N11933899WA0027200266
B0026414822151N11933899WA0027200266
B0026424822151N11933899WA0027200266
B0026434822151N11933899WA0027200266
B0026444822151N11933899WA0027200266
B0026454822151N11933899WA0027200266
B0026464822151N11933899WA0027200265
B0026474822151N11933899WA0027200265
B0026484822151N11933899WA0027200265
B0026494822151N11933899WA0027200265
B0026504822151N11933899WA0027200265
B0026514822151N11933899WA0027200265
B0026524822151N11933899WA0027200265
B0026534822151N11933899WA0027200265
B0026544822151N11933899WA0027200265
B0026554822151N11933899WA0027200265
B0026564822151N11933899WA0027200265
B0026574822151N11933899WA0027200265
B0026584822151N11933899WA0027200264
B0026594822151N11933899WA0027200264
B0027004822151N11933899WA0027200264
B0027014822151N11933899WA0027200264
B0027024822151N11933899WA0027200264
B0027034822151N11933899WA0027200264
B0027044822151N11933899WA0027200264
B0027054822151N11933899WA0027200264
B0027064822151N11933899WA0027200264
B0027074822151N11933900WA0027200264
B0027084822151N11933900WA0027200264
B0027094822151N11933900WA0027200264
B0027104822151N11933900WA0027200263
B0027114822151N11933900WA0027200263
B0027124822151N11933900WA0027200263
B0027134822151N11933900WA0027200263
B0027144822151N11933900WA0027200263
B0027154822151N11933900WA0027200263
B0027164822151N11933900WA0027200263
B0027174822151N11933900WA0027200263
B0027184822151N11933900WA0027200263
B0027194822151N11933900WA0027200263
B0027204822151N11933900WA0027200263
B0027214822151N11933900WA0027200263
B0027224822151N11933900WA0027200263
B0027234822151N11933900WA0027200263
B0027244822151N11933900WA0027200263
B0027254822151N11933900WA0027200263
B0027264822151N11933900WA0027200263
B0027274822151N11933899WA0027300263
B0027284822151N11933900WA0027200263
B0027294822151N11933900WA0027200264
B0027304822151N11933900WA0027200264
B0027314822150N11933900WA0027200264
B0027324822150N11933899WA0027200264
B0027334822150N11933899WA0027200264
B0027344822150N11933900WA0027200264
B0027354822150N11933899WA0027200264
B0027364822150N11933899WA0027200264
B0027374822150N11933899WA0027200264
B0027384822150N11933899WA0027200264
B0027394822150N11933899WA0027200264
B0027404822150N11933899WA0027200265
B0027414822150N11933899WA0027200265
B0027424822150N11933899WA0027200265
B0027434822150N11933899WA0027200265
B0027444822150N11933899WA0027200265
B0027454822150N11933899WA0027200266
B0027464822150N11933899WA0027200266
B0027474822150N11933899WA0027200266
B0027484822150N11933900WA0027200266
B0027494822150N11933900WA0027200266
B0027504822150N11933900WA0027200266
B0027514822150N11933900WA0027200266
B0027524822150N11933900WA0027300266
B0027534822150N11933900WA0027300266
B0027544822150N11933900WA0027200266
B0027554822150N11933900WA0027200266
B0027564822150N11933900WA0027200266
B0027574822150N11933900WA0027200266
B0027584822150N11933900WA0027200266
B0027594822150N11933900WA0027200266
B0028004822150N11933900WA0027200266
B0028014822150N11933900WA0027200266
B0028024822150N11933900WA0027300266
B0028034822150N11933900WA0027200265
B0028044822150N11933900WA0027200265
B0028054822150N11933900WA0027200265
B0028064822150N11933900WA0027200265
B0028074822150N11933900WA0027200265
B0028084822150N11933900WA0027200265
B0028094822150N11933900WA0027200265
B0028104822150N11933900WA0027200265
B0028114822150N11933900WA0027200265
B0028124822150N11933900WA0027200265
B0028134822150N11933900WA0027200265
B0028144822150N11933900WA0027200265
B0028154822150N11933900WA0027200265
B0028164822150N11933900WA0027200265
B0028174822150N11933900WA0027200265
B0028184822150N11933900WA0027200265
B0028194822150N11933900WA0027200264
B0028204822150N11933900WA0027200264
B0028214822150N11933900WA0027200264
B0028224822150N11933900WA0027200264
B0028234822150N11933900WA0027300264
B0028244822150N11933900WA0027200264
B0028254822150N11933900WA0027200263
B0028264822150N11933900WA0027200263
B0028274822150N11933900WA0027200263
B0028284822150N11933900WA0027200263
B0028294822150N11933900WA0027200263
B0028304822150N11933900WA0027200263
B0028314822150N11933900WA0027200263
B0028324822150N11933900WA0027200262
B0028334822150N11933900WA0027200262
B0028344822150N11933900WA0027200262
B0028354822150N11933900WA0027200262
B0028364822150N11933900WA0027300262
B0028374822150N11933900WA0027200263
B0028384822150N11933900WA0027200263
B0028394822150N11933900WA0027200263
B0028404822150N11933900WA0027200263
B0028414822150N11933900WA0027200263
B0028424822150N11933900WA0027200263
B0028434822150N11933900WA0027200263
B0028444822150N11933900WA0027200263
B0028454822150N11933900WA0027200263
B0028464822150N11933900WA0027200263
B0028474822150N11933900WA0027200263
B0028484822150N11933900WA0027200263
B0028494822150N11933900WA0027200263
B0028504822150N11933900WA0027200264
B0028514822150N11933900WA0027200264
B0028524822150N11933900WA0027200264
B0028534822150N11933900WA0027200264
B0028544822150N11933900WA0027200264
B0028554822150N11933900WA0027200264
B0028564822150N11933900WA0027300264
B0028574822150N11933900WA0027200264
B0028584822150N11933900WA0027200264
B0028594822150N11933900WA0027200264
B0029004822150N11933900WA0027200264
B0029014822149N11933900WA0027200264
B0029024822150N11933900WA0027300264
B0029034822149N11933900WA0027200264
B0029044822149N11933900WA0027300264
B0029054822149N11933900WA0027200264
B0029064822149N11933900WA0027200265
B0029074822150N11933900WA0027300265
B0029084822150N11933900WA0027200265
B0029094822150N11933900WA0027300265
B0029104822150N11933900WA0027300264
B0029114822150N11933900WA0027200264
B0029124822149N11933900WA0027200264
B0029134822149N11933900WA0027200264
B0029144822149N11933900WA0027200264
B0029154822149N11933900WA0027300264
B0029164822149N11933900WA0027300264
B0029174822149N11933900WA0027200264
B0029184822149N11933900WA0027200264
B0029194822149N11933900WA0027200264
B0029204822149N11933900WA0027300264
B0029214822149N11933900WA0027300264
B0029224822149N11933900WA0027200264
B0029234822149N11933900WA0027300264
B0029244822149N11933900WA0027200265
B0029254822149N11933900WA0027200265
B0029264822149N11933900WA0027200265
B0029274822149N11933900WA0027300265
B0029284822149N11933900WA0027300265
B0029294822149N11933900WA0027200265
B0029304822149N11933900WA0027200265
B0029314822149N11933900WA0027300265
B0029324822149N11933900WA0027200265
B0029334822149N11933900WA0027200265
B0029344822149N11933900WA0027300265
B0029354822149N11933900WA0027300265
B0029364822149N11933900WA0027300265
B0029374822150N11933900WA0027200265
B0029384822150N11933899WA0027200265
B0029394822150N11933899WA0027300265
B0029404822150N11933899WA0027300265
B0029414822150N11933899WA0027200265
B0029424822150N11933899WA0027200265
B0029434822150N11933899WA0027200265
B0029444822150N11933899WA0027300265
B0029454822150N11933899WA0027300265
B0029464822150N11933899WA0027300265
B0029474822150N11933899WA0027200265
B0029484822150N11933899WA0027300265
B0029494822150N11933899WA0027300265
B0029504822150N11933899WA0027200265
B0029514822150N11933899WA0027300265
B0029524822150N11933899WA0027300265
B0029534822150N11933899WA0027300265
B0029544822150N11933899WA0027300265
B0029554822150N11933899WA0027300265
B0029564822150N11933899WA0027200265
B0029574822150N11933899WA0027200265
B0029584822150N11933899WA0027300265
B0029594822150N11933899WA0027200265
B0030004822150N11933899WA0027200265
B0030014822150N11933899WA0027200265
B0030024822150N11933899WA0027200264
B0030034822150N11933899WA0027200264
B0030044822150N11933899WA0027200264
B0030054822150N11933899WA0027200264
B0030064822150N11933899WA0027200264
B0030074822150N11933899WA0027200264
B0030084822150N11933899WA0027200264
B0030094822150N11933899WA0027300264
B0030104822150N11933899WA0027300264
B0030114822150N11933899WA0027300264
B0030124822150N11933899WA0027300264
B0030134822150N11933899WA0027300264
B0030144822150N11933899WA0027300264
B0030154822150N11933899WA0027200264
B0030164822150N11933899WA0027300264
B0030174822150N11933899WA0027300264
B0030184822150N11933899WA0027300264
B0030194822150N11933899WA0027300264
B0030204822150N11933899WA0027300264
B0030214822150N11933899WA0027300264
B0030224822150N11933899WA0027200264
B0030234822150N11933899WA0027300264
B0030244822150N11933899WA0027300264
B0030254822150N11933899WA0027200264
B0030264822150N11933899WA0027300264
B0030274822150N11933899WA0027300264
B0030284822150N11933899WA0027300264
B0030294822150N11933899WA0027300264
B0030304822150N11933899WA0027200264
B0030314822150N11933899WA0027200264
B0030324822150N11933899WA0027300264
B0030334822150N11933899WA0027300264
B0030344822150N11933899WA0027300264
B0030354822149N11933899WA0027200264
B0030364822149N11933899WA0027200264
B0030374822149N11933899WA0027300264
B0030384822149N11933899WA0027200264
B0030394822149N11933900WA0027200264
B0030404822149N11933900WA0027300264
B0030414822149N11933900WA0027300264
B0030424822149N11933900WA0027300264
B0030434822149N11933900WA0027200264
B0030444822149N11933900WA0027200264
B0030454822149N11933900WA0027200263
B0030464822149N11933900WA0027300263
B0030474822149N11933900WA0027200263
B0030484822149N11933900WA0027300263
B0030494822149N11933900WA0027300263
B0030504822149N11933900WA0027300263
B0030514822149N11933900WA0027300263
B0030524822149N11933900WA0027300263
B0030534822149N11933900WA0027300263
B0030544822149N11933900WA0027200263
B0030554822149N11933900WA0027300263
B0030564822149N11933900WA0027300263
B0030574822149N11933900WA0027300263
B0030584822149N11933900WA0027300263
B0030594822149N11933900WA0027200263
B0031004822149N11933900WA0027300263
B0031014822149N11933900WA0027200263
B0031024822150N11933900WA0027200263
B0031034822150N11933900WA0027300263
B0031044822150N11933900WA0027300263
B0031054822150N11933900WA0027200263
B0031064822150N11933899WA0027300263
B0031074822150N11933899WA0027300263
B0031084822150N11933899WA0027300263
B0031094822150N11933899WA0027200263
B0031104822150N11933899WA0027200262
B0031114822150N11933900WA0027200262
B0031124822150N11933900WA0027300262
B0031134822150N11933900WA0027300262
B0031144822150N11933900WA0027200262
B0031154822150N11933900WA0027200262
B0031164822150N11933900WA0027300262
B0031174822150N11933900WA0027300262
B0031184822150N11933899WA0027300262
B0031194822150N11933899WA0027200262
B0031204822150N11933899WA0027300262
B0031214822150N11933899WA0027300262
B0031224822150N11933899WA0027300262
B0031234822150N11933899WA0027300262
B0031244822150N11933899WA0027200262
B0031254822150N11933899WA0027300262
B0031264822150N11933899WA0027300263
B0031274822150N11933899WA0027300263
B0031284822150N11933899WA0027300263
B0031294822150N11933899WA0027300263
B0031304822150N11933899WA0027200263
B0031314822150N11933899WA0027300263
B0031324822150N11933899WA0027200263
B0031334822150N11933898WA0027300263
B0031344822150N11933898WA0027300263
B0031354822150N11933898WA0027300263
B0031364822150N11933898WA0027300263
B0031374822150N11933898WA0027300263
B0031384822150N11933898WA0027200263
B0031394822150N11933898WA0027300263
B0031404822150N11933898WA0027300263
B0031414822150N11933898WA0027300263
B0031424822150N11933898WA0027200263
B0031434822150N11933898WA0027300263
B0031444822150N11933898WA0027300263
B0031454822150N11933898WA0027200263
B0031464822150N11933898WA0027300263
B0031474822150N11933898WA0027300263
B0031484822150N11933899WA0027200263
B0031494822150N11933899WA0027300263
B0031504822150N11933899WA0027200263
B0031514822150N11933899WA0027300263
B0031524822150N11933899WA0027300263
B0031534822150N11933899WA0027300263
B0031544822150N11933899WA0027300263
B0031554822150N11933899WA0027300263
B0031564822150N11933899WA0027300263
B0031574822150N11933899WA0027300263
B0031584822150N11933899WA0027300263
B0031594822150N11933899WA0027300263
B0032004822150N11933899WA0027300263
B0032014822150N11933899WA0027300263
B0032024822150N11933899WA0027300263
B0032034822150N11933899WA0027300263
B0032044822150N11933899WA0027300262
B0032054822150N11933899WA0027300262
B0032064822150N11933899WA0027300262
B0032074822150N11933899WA0027300262
B0032084822150N11933899WA0027300262
B0032094822150N11933899WA0027300262
B0032104822150N11933899WA0027300262
B0032114822150N11933899WA0027300262
B0032124822150N11933899WA0027300262
B0032134822150N11933899WA0027300262
B0032144822150N11933899WA0027200262
B0032154822150N11933899WA0027300262
B0032164822150N11933899WA0027300262
B0032174822150N11933900WA0027300262
B0032184822150N11933900WA0027200262
B0032194822150N11933900WA0027300262
B0032204822150N11933900WA0027300262
B0032214822150N11933900WA0027300261
B0032224822150N11933900WA0027300261
B0032234822150N11933900WA0027300261
B0032244822151N11933900WA0027300261
B0032254822151N11933900WA0027300261
B0032264822151N11933900WA0027300261
B0032274822151N11933900WA0027300261
B0032284822151N11933900WA0027300261
B0032294822151N11933900WA0027300261
B0032304822151N11933900WA0027300261
B0032314822151N11933900WA0027200261
B0032324822151N11933900WA0027300261
B0032334822151N11933900WA0027300260
B0032344822151N11933900WA0027300260
B0032354822151N11933900WA0027300260
B0032364822151N11933900WA0027300260
B0032374822151N11933900WA0027300260
B0032384822151N11933900WA0027300260
B0032394822151N11933900WA0027300260
B0032404822151N11933900WA0027300260
B0032414822151N11933900WA0027300260
B0032424822151N11933900WA0027300260
B0032434822151N11933900WA0027300260
B0032444822151N11933900WA0027300261
B0032454822151N11933899WA0027300261
B0032464822151N11933899WA0027300261
B0032474822151N11933899WA0027300261
B0032484822151N11933899WA0027300261
B0032494822151N11933899WA0027300261
B0032504822151N11933899WA0027300262
B0032514822151N11933899WA0027300262
B0032524822151N11933899WA0027300262
B0032534822151N11933899WA0027300262
B0032544822151N11933899WA0027300262
B0032554822151N11933899WA0027300262
B0032564822151N11933899WA0027300262
B0032574822151N11933899WA0027300261
B0032584822151N11933899WA0027300262
B0032594822151N11933899WA0027300262
B0033004822151N11933899WA0027300262
B0033014822151N11933899WA0027300262
B0033024822151N11933899WA0027300262
B0033034822151N11933899WA0027300262
B0033044822151N11933899WA0027300261
B0033054822151N11933899WA0027300261
B0033064822151N11933899WA0027300261
B0033074822150N11933899WA0027300261
B0033084822150N11933899WA0027300261
B0033094822150N11933899WA0027300261
B0033104822150N11933899WA0027300261
B0033114822150N11933899WA0027300261
B0033124822150N11933899WA0027300261
B0033134822150N11933899WA0027300261
B0033144822150N11933899WA0027300261
B0033154822150N11933899WA0027300261
B0033164822150N11933900WA0027300260
B0033174822150N11933900WA0027300260
B0033184822150N11933900WA0027300260
B0033194822150N11933900WA0027300260
B0033204822150N11933900WA0027300260
B0033214822150N11933899WA0027300260
B0033224822150N11933899WA0027300260
B0033234822150N11933899WA0027300260
B0033244822150N11933899WA0027300260
B0033254822150N11933899WA0027300260
B0033264822150N11933899WA0027300260
B0033274822150N11933899WA0027300260
B0033284822150N11933899WA0027300260
B0033294822150N11933899WA0027300260
B0033304822150N11933899WA0027300260
B0033314822150N11933899WA0027300260
B0033324822150N11933899WA0027300260
B0033334822150N11933899WA0027300260
B0033344822150N11933899WA0027300261
B0033354822150N11933899WA0027300261
B0033364822150N11933899WA0027300261
B0033374822150N11933899WA0027300261
B0033384822150N11933899WA0027300261
B0033394822150N11933899WA0027300261
B0033404822150N11933899WA0027300261
B0033414822150N11933899WA0027300261
B0033424822150N11933899WA0027300261
B0033434822150N11933899WA0027300261
B0033444822150N11933899WA0027300261
B0033454822150N11933899WA0027300261
B0033464822150N11933900WA0027300261
B0033474822150N11933900WA0027300262
B0033484822150N11933900WA0027300262
B0033494822150N11933900WA0027300262
B0033504822150N11933900WA0027300262
B0033514822150N11933900WA0027300262
B0033524822150N11933900WA0027300262
B0033534822150N11933900WA0027300262
B0033544822150N11933900WA0027300262
B0033554822150N11933900WA0027300262
B0033564822150N11933900WA0027300262
B0033574822150N11933900WA0027300262
B0033584822150N11933900WA0027300262
B0033594822150N11933900WA0027300261
B0034004822150N11933900WA0027300261
B0034014822150N11933900WA0027300261
B0034024822150N11933900WA0027300261
B0034034822150N11933900WA0027300261
B0034044822150N11933900WA0027300261
B0034054822150N11933900WA0027300261
B0034064822150N11933900WA0027300261
B0034074822150N11933900WA0027300261
B0034084822150N11933900WA0027300261
B0034094822150N11933900WA0027300261
B0034104822150N11933900WA0027300261
B0034114822150N11933900WA0027300261
B0034124822150N11933900WA0027300261
B0034134822150N11933900WA0027300261
B0034144822150N11933900WA0027300261
B0034154822150N11933900WA0027300261
B0034164822150N11933900WA0027300261
B0034174822150N11933900WA0027300261
B0034184822150N11933900WA0027300261
B0034194822150N11933900WA0027300261
B0034204822150N11933899WA0027300261
B0034214822150N11933899WA0027300261
B0034224822151N11933899WA0027300261
B0034234822151N11933899WA0027300261
B0034244822151N11933899WA0027300261
B0034254822151N11933899WA0027300261
B0034264822151N11933899WA0027300260
B0034274822151N11933899WA0027300260
B0034284822151N11933899WA0027300260
B0034294822151N11933899WA0027300260
B0034304822151N11933899WA0027300260
B0034314822151N11933899WA0027300260
B0034324822151N11933899WA0027300260
B0034334822151N11933899WA0027300260
B0034344822151N11933898WA0027300260
B0034354822151N11933898WA0027300260
B0034364822151N11933898WA0027300260
B0034374822151N11933898WA0027300260
B0034384822151N11933898WA0027300259
B0034394822151N11933898WA0027300259
B0034404822151N11933898WA0027300259
B0034414822151N11933898WA0027300259
B0034424822151N11933898WA0027300259
B0034434822151N11933898WA0027300259
B0034444822151N11933898WA0027300259
B0034454822151N11933898WA0027300259
B0034464822152N11933898WA0027300259
B0034474822152N11933898WA0027300259
B0034484822152N11933898WA0027300259
B0034494822152N11933898WA0027300259
B0034504822152N11933898WA0027300259
B0034514822152N11933898WA0027300259
B0034524822152N11933898WA0027300259
B0034534822152N11933898WA0027300259
B0034544822152N11933898WA0027300260
B0034554822152N11933898WA0027300260
B0034564822152N11933898WA0027300260
B0034574822152N11933898WA0027300260
B0034584822152N11933898WA0027300260
B0034594822152N11933898WA0027300260
B0035004822152N11933898WA0027300260
B0035014822152N11933898WA0027300260
B0035024822152N11933898WA0027300260
B0035034822152N11933898WA0027300260
B0035044822152N11933898WA0027300260
B0035054822152N11933898WA0027300260
B0035064822152N11933899WA0027300260
B0035074822152N11933899WA0027300260
B0035084822152N11933899WA0027300260
B0035094822152N11933899WA0027300260
B0035104822152N11933899WA0027300260
B0035114822152N11933899WA0027300260
B0035124822152N11933899WA0027300260
B0035134822152N11933899WA0027300260
B0035144822152N11933899WA0027300260
B0035154822152N11933899WA0027300260
B0035164822152N11933899WA0027300260
B0035174822152N11933899WA0027300260
B0035184822152N11933899WA0027300260
B0035194822152N11933899WA0027300260
B0035204822152N11933899WA0027300259
B0035214822152N11933899WA0027300259
B0035224822152N11933899WA0027300259
B0035234822152N11933900WA0027300259
B0035244822152N11933900WA0027300259
B0035254822152N11933900WA0027400259
B0035264822152N11933900WA0027300260
B0035274822152N11933900WA0027300260
B0035284822152N11933900WA0027300260
B0035294822152N11933900WA0027300260
B0035304822152N11933900WA0027300260
B0035314822152N11933900WA0027300260
B0035324822152N11933900WA0027300260
B0035334822152N11933900WA0027300260
B0035344822152N11933900WA0027300259
B0035354822152N11933900WA0027300259
B0035364822152N11933900WA0027300259
B0035374822152N11933900WA0027300259
B0035384822152N11933900WA0027300259
B0035394822152N11933900WA0027300259
B0035404822152N11933900WA0027300259
B0035414822152N11933900WA0027300259
B0035424822152N11933900WA0027400259
B0035434822152N11933900WA0027400259
B0035444822152N11933900WA0027300259
B0035454822152N11933900WA0027300259
B0035464822152N11933900WA0027400259
B0035474822152N11933901WA0027300259
B0035484822151N11933901WA0027300259
B0035494822151N11933902WA0027300259
B0035504822150N11933903WA0027400260
B0035514822149N11933905WA0027300260
B0035524822149N11933907WA0027400260
B0035534822148N11933909WA0027300260
B0035544822146N11933911WA0027400259
B0035554822145N11933914WA0027400259
B0035564822144N11933916WA0027400259
B0035574822143N11933919WA0027300259
B0035584822141N11933922WA0027400259
B0035594822140N11933925WA0027300259
B0036004822139N11933929WA0027300258
B0036014822138N11933932WA0027300258
B0036024822136N11933935WA0027400258
B0036034822135N11933939WA0027300258
B0036044822133N11933942WA0027400258
B0036054822131N11933946WA0027300257
B0036064822129N11933949WA0027300257
B0036074822128N11933952WA0027300257
B0036084822126N11933954WA0027300257
B0036094822123N11933955WA0027200256
B0036104822121N11933955WA0027200256
B0036114822119N11933954WA0027200256
B0036124822117N11933951WA0027200256
B0036134822116N11933949WA0027100256
B0036144822116N11933946WA0027200256
B0036154822116N11933943WA0027200257
B0036164822117N11933939WA0027300256
B0036174822118N11933936WA0027300257
B0036184822119N11933933WA0027300257
B0036194822121N11933929WA0027400257
B0036204822123N11933926WA0027400257
B0036214822125N11933922WA0027400257
B0036224822127N11933918WA0027400257
B0036234822129N11933915WA0027400258
B0036244822131N11933912WA0027400258
B0036254822133N11933909WA0027400258
B0036264822135N11933908WA0027400258
B0036274822137N11933908WA0027400258
B0036284822139N11933908WA0027400258
B0036294822141N11933909WA0027400258
B0036304822142N11933911WA0027400258
B0036314822143N11933911WA0027300258
B0036324822145N11933912WA0027300258
B0036334822146N11933911WA0027300258
B0036344822147N11933911WA0027300258
B0036354822147N11933910WA0027400258
B0036364822148N11933908WA0027400258
B0036374822148N11933907WA0027400258
B0036384822148N11933905WA0027400258
B0036394822149N11933902WA0027400258
B0036404822149N11933900WA0027400258
B0036414822150N11933897WA0027500258
B0036424822150N11933894WA0027500258
B0036434822149N11933891WA0027500258
B0036444822148N11933887WA0027500258
B0036454822147N11933884WA0027500258
B0036464822145N11933882WA0027400258
B0036474822144N11933880WA0027400258
B0036484822142N11933879WA0027400258
B0036494822140N11933878WA0027400258
B0036504822138N11933877WA0027400258
B0036514822136N11933877WA0027400258
B0036524822134N11933878WA0027400258
B0036534822132N11933880WA0027400258
B0036544822130N11933883WA0027400258
B0036554822127N11933888WA0027400258
B0036564822125N11933893WA0027400258
B0036574822122N11933899WA0027500258
B0036584822119N11933905WA0027500257
B0036594822115N11933913WA0027500257
B0037004822112N11933920WA0027500257
B0037014822107N11933928WA0027500257
B0037024822103N11933936WA0027500257
B0037034822099N11933945WA0027500256
B0037044822094N11933954WA0027500256
B0037054822089N11933963WA0027500256
B0037064822085N11933973WA0027400256
B0037074822080N11933982WA0027400255
B0037084822076N11933991WA0027300255
B0037094822071N11934000WA0027200255
B0037104822068N11934008WA0027100255
B0037114822064N11934014WA0027100254
B0037124822062N11934020WA0027100254
B0037134822059N11934025WA0027000254
B0037144822056N11934029WA0027100254
B0037154822053N11934032WA0027000254
B0037164822050N11934032WA0027000254
B0037174822047N11934030WA0027000254
B0037184822045N11934028WA0027100254
B0037194822044N11934024WA0027100254
B0037204822043N11934019WA0027100254
B0037214822043N11934014WA0027100255
B0037224822043N11934009WA0027100255
B0037234822043N11934003WA0027200255
B0037244822044N11933997WA0027200256
B0037254822044N11933990WA0027300257
B0037264822045N11933984WA0027300257
B0037274822046N11933977WA0027500258
B0037284822046N11933970WA0027500259
B0037294822047N11933963WA0027600259
B0037304822047N11933956WA0027700260
B0037314822048N11933949WA0027700261
B0037324822048N11933942WA0027700261
B0037334822048N11933935WA0027800262
B0037344822047N11933929WA0027800263
B0037354822046N11933924WA0027900263
B0037364822045N11933920WA0027900264
B0037374822043N11933917WA0027900264
B0037384822041N11933914WA0027900264
B0037394822038N11933913WA0027900264
B0037404822036N11933912WA0027900264
B0037414822033N11933912WA0028000265
B0037424822030N11933914WA0028000265
B0037434822028N11933917WA0028000265
B0037444822025N11933921WA0028100265
B0037454822022N11933926WA0028100265
B0037464822019N11933931WA0028100265
B0037474822015N11933937WA0028100265
B0037484822011N11933944WA0028100265
B0037494822008N11933951WA0028100265
B0037504822003N11933958WA0028200265
B0037514821999N11933966WA0028200265
B0037524821994N11933974WA0028200265
B0037534821989N11933983WA0028200264
B0037544821984N11933991WA0028300264
B0037554821979N11934001WA0028300264
B0037564821973N11934010WA0028300264
B0037574821968N11934020WA0028400264
B0037584821962N11934030WA0028400264
B0037594821956N11934040WA0028400264
B0038004821950N11934051WA0028400264
B0038014821944N11934062WA0028400264
B0038024821938N11934074WA0028500264
B0038034821931N11934085WA0028500264
B0038044821924N11934097WA0028700264
B0038054821917N11934109WA0028700264
B0038064821910N11934121WA0028700264
B0038074821903N11934134WA0028700264
B0038084821896N11934147WA0028700264
B0038094821889N11934160WA0028700264
B0038104821881N11934173WA0028700265
B0038114821874N11934186WA0028700265
B0038124821866N11934199WA0028700265
B0038134821858N11934213WA0028700265
B0038144821851N11934227WA0028700265
B0038154821843N11934240WA0028800265
B0038164821835N11934254WA0028900265
B0038174821827N11934269WA0028900265
B0038184821819N11934283WA0028900265
B0038194821810N11934297WA0028900265
B0038204821802N11934312WA0028900265
B0038214821794N11934326WA0028900265
B0038224821785N11934341WA0028900265
B0038234821777N11934356WA0028900265
B0038244821769N11934370WA0028900266
B0038254821760N11934385WA0028900266
B0038264821751N11934400WA0028900266
B0038274821742N11934415WA0028900266
B0038284821733N11934429WA0028900266
B0038294821724N11934444WA0028900266
B0038304821715N11934458WA0028900266
B0038314821705N11934473WA0028900266
B0038324821696N11934487WA0028900266
B0038334821686N11934501WA0029000266
B0038344821675N11934516WA0029000266
B0038354821665N11934530WA0029000266
B0038364821655N11934544WA0028900266
B0038374821645N11934558WA0029000266
B0038384821634N11934573WA0029100266
B0038394821624N11934587WA0029100266
B0038404821614N11934601WA0029000267
B0038414821603N11934616WA0029000267
B0038424821593N11934630WA0029100267
B0038434821583N11934644WA0029000267
B0038444821572N11934659WA0029000267
B0038454821562N11934673WA0029000267
B0038464821552N11934687WA0029000267
B0038474821541N11934702WA0029100268
B0038484821531N11934716WA0029100268
B0038494821520N11934731WA0029200268
B0038504821510N11934746WA0029300268
B0038514821500N11934760WA0029200268
B0038524821489N11934775WA0029100269
B0038534821479N11934790WA0029300269
B0038544821469N11934804WA0029300269
B0038554821458N11934819WA0029300269
B0038564821448N11934833WA0029300269
B0038574821438N11934848WA0029300269
B0038584821427N11934862WA0029300269
B0038594821417N11934877WA0029000269
B0039004821406N11934891WA0028900269
B0039014821395N11934905WA0028900269
B0039024821385N11934920WA0029000269
B0039034821374N11934934WA0029000268
B0039044821364N11934948WA0028900268
B0039054821353N11934962WA0028900268
B0039064821342N11934976WA0028900268
B0039074821331N11934990WA0028900268
B0039084821321N11935005WA0028900268
B0039094821310N11935019WA0028900268
B0039104821299N11935033WA0029000268
B0039114821288N11935048WA0029100268
B0039124821277N11935062WA0029000268
B0039134821266N11935077WA0029000268
B0039144821255N11935091WA0029000268
B0039154821244N11935106WA0029000268
B0039164821234N11935120WA0028900268
B0039174821223N11935135WA0029000268
B0039184821212N11935149WA0028900268
B0039194821201N11935164WA0028900267
B0039204821190N11935178WA0029000267
B0039214821179N11935193WA0028900267
B0039224821167N11935207WA0028900267
B0039234821156N11935222WA0028900267
B0039244821145N11935236WA0028900267
B0039254821134N11935251WA0029000267
B0039264821124N11935265WA0029000266
B0039274821112N11935280WA0029000266
B0039284821102N11935294WA0028900266
B0039294821091N11935309WA0028900266
B0039304821080N11935323WA0028900266
B0039314821069N11935337WA0028900266
B0039324821059N11935351WA0028900266
B0039334821048N11935365WA0028800265
B0039344821037N11935379WA0028700265
B0039354821027N11935393WA0028800265
B0039364821016N11935408WA0028700265
B0039374821006N11935422WA0028700265
B0039384820996N11935436WA0028700265
B0039394820985N11935450WA0028700265
B0039404820975N11935464WA0028700265
B0039414820964N11935478WA0028800265
B0039424820954N11935492WA0028800265
B0039434820943N11935506WA0028700265
B0039444820933N11935519WA0028600264
B0039454820922N11935533WA0028700264
B0039464820912N11935546WA0028700264
B0039474820901N11935560WA0028700264
B0039484820891N11935573WA0028700264
B0039494820881N11935586WA0028500264
B0039504820871N11935599WA0028500264
B0039514820861N11935612WA0028500264
B0039524820851N11935625WA0028500264
B0039534820841N11935638WA0028500264
B0039544820831N11935652WA0028500264
B0039554820821N11935665WA0028500264
B0039564820811N11935678WA0028500263
B0039574820801N11935692WA0028500263
B0039584820791N11935705WA0028500263
B0039594820780N11935719WA0028400263
B0040004820770N11935733WA0028400263
B0040014820759N11935747WA0028400262
B0040024820749N11935761WA0028400262
B0040034820738N11935775WA0028400262
B0040044820727N11935789WA0028400262
B0040054820716N11935803WA0028400262
B0040064820706N11935818WA0028300261
B0040074820695N11935832WA0028300261
B0040084820684N11935847WA0028300261
B0040094820672N11935861WA0028300260
B0040104820661N11935876WA0028300260
B0040114820650N11935891WA0028300259
B0040124820639N11935906WA0028300259
B0040134820627N11935921WA0028300259
B0040144820616N11935936WA0028300258
B0040154820605N11935951WA0028200258
B0040164820593N11935966WA0028200258
B0040174820582N11935980WA0028200257
B0040184820570N11935994WA0028200257
B0040194820557N11936007WA0028100256
B0040204820545N11936020WA0028200256
B0040214820531N11936031WA0028200255
B0040224820518N11936043WA0028200255
B0040234820505N11936054WA0028200255
B0040244820491N11936064WA0028200254
B0040254820478N11936074WA0028100254
B0040264820464N11936083WA0028000254
B0040274820450N11936091WA0028000254
B0040284820436N11936098WA0028000253
B0040294820422N11936105WA0028000253
B0040304820408N11936111WA0028000253
B0040314820393N11936116WA0027800253
B0040324820379N11936120WA0027800252
B0040334820365N11936124WA0027700252
B0040344820350N11936127WA0027700252
B0040354820335N11936130WA0027700252
B0040364820321N11936132WA0027700251
B0040374820306N11936134WA0027700251
B0040384820291N11936136WA0027600251
B0040394820276N11936138WA0027500250
B0040404820261N11936139WA0027500250
B0040414820246N11936141WA0027400249
B0040424820231N11936143WA0027400249
B0040434820216N11936145WA0027400249
B0040444820201N11936147WA0027400248
B0040454820186N11936149WA0027400248
B0040464820171N11936151WA0027400248
B0040474820156N11936153WA0027400248
B0040484820140N11936155WA0027400247
B0040494820125N11936157WA0027300247
B0040504820110N11936159WA0027300247
B0040514820095N11936160WA0027300247
B0040524820079N11936162WA0027200247
B0040534820064N11936164WA0027300247
B0040544820049N11936166WA0027400247
B0040554820034N11936168WA0027400247
B0040564820018N11936169WA0027300247
B0040574820003N11936171WA0027400247
B0040584819988N11936173WA0027400247
B0040594819973N11936175WA0027300246
B0041004819958N11936177WA0027300246
B0041014819943N11936178WA0027300246
B0041024819928N11936180WA0027200246
B0041034819913N11936182WA0027200246
B0041044819899N11936184WA0027200246
B0041054819884N11936186WA0027200246
B0041064819869N11936188WA0027300246
B0041074819854N11936190WA0027300247
B0041084819840N11936192WA0027300247
B0041094819825N11936194WA0027400247
B0041104819810N11936196WA0027400247
B0041114819795N11936198WA0027400248
B0041124819781N11936199WA0027400248
B0041134819766N11936201WA0027400248
B0041144819751N11936203WA0027500248
B0041154819736N11936205WA0027500248
B0041164819722N11936207WA0027500249
B0041174819707N11936209WA0027500249
B0041184819692N11936210WA0027600249
B0041194819677N11936212WA0027700249
B0041204819662N11936214WA0027700249
B0041214819648N11936216WA0027700250
B0041224819633N11936218WA0027700250
B0041234819618N11936220WA0027700250
B0041244819603N11936221WA0027700250
B0041254819588N11936223WA0027700250
B0041264819573N11936225WA0027800250
B0041274819559N11936227WA0027800251
B0041284819544N11936229WA0027900251
B0041294819529N11936231WA0027900251
B0041304819514N11936233WA0027800251
B0041314819499N11936234WA0027800251
B0041324819484N11936236WA0027800252
B0041334819470N11936239WA0027900252
B0041344819455N11936242WA0027900252
B0041354819440N11936246WA0028000252
B0041364819426N11936250WA0028000253
B0041374819411N11936255WA0028000253
B0041384819397N11936261WA0028000253
B0041394819382N11936267WA0028000253
B0041404819368N11936274WA0027900253
B0041414819354N11936282WA0027900253
B0041424819340N11936290WA0028000253
B0041434819326N11936300WA0028000254
B0041444819313N11936310WA0028100254
B0041454819300N11936320WA0028200254
B0041464819286N11936331WA0028200254
B0041474819273N11936343WA0028200254
B0041484819260N11936354WA0028200254
B0041494819247N11936366WA0028200255
B0041504819234N11936377WA0028200255
B0041514819220N11936389WA0028200255
B0041524819207N11936400WA0028200255
B0041534819194N11936411WA0028200255
B0041544819181N11936423WA0028300255
B0041554819167N11936434WA0028200255
B0041564819154N11936446WA0028300255
B0041574819141N11936458WA0028300255
B0041584819128N11936470WA0028300255
B0041594819115N11936482WA0028200255
B0042004819103N11936494WA0028200255
B0042014819091N11936507WA0028200255
B0042024819079N11936521WA0028200254
B0042034819068N11936536WA0028100254
B0042044819058N11936551WA0028200254
B0042054819048N11936566WA0028100254
B0042064819038N11936582WA0028100254
B0042074819029N11936599WA0028000254
B0042084819021N11936616WA0028000254
B0042094819013N11936634WA0028000254
B0042104819005N11936652WA0028000254
B0042114818998N11936670WA0028100254
B0042124818991N11936689WA0028100254
B0042134818985N11936708WA0028000254
B0042144818978N11936726WA0028000254
B0042154818972N11936745WA0028000254
B0042164818965N11936764WA0028000254
B0042174818958N11936783WA0027900254
B0042184818951N11936802WA0027900254
B0042194818944N11936822WA0027900254
B0042204818938N11936841WA0027900254
B0042214818931N11936861WA0027900254
B0042224818924N11936880WA0027900254
B0042234818917N11936900WA0027900254
B0042244818910N11936919WA0027900253
B0042254818903N11936939WA0027900253
B0042264818896N11936959WA0028000253
B0042274818889N11936978WA0028000253
B0042284818882N11936997WA0028000253
B0042294818874N11937016WA0028000253
B0042304818866N11937034WA0028000253
B0042314818857N11937051WA0027900253
B0042324818847N11937067WA0027900253
B0042334818837N11937084WA0028000253
B0042344818827N11937099WA0028000253
B0042354818817N11937114WA0028100253
B0042364818806N11937129WA0028100253
B0042374818795N11937144WA0028000253
B0042384818784N11937158WA0027900253
B0042394818773N11937172WA0027900253
B0042404818762N11937187WA0027900253
B0042414818752N11937202WA0027900253
B0042424818742N11937216WA0027900253
B0042434818731N11937230WA0027900253
B0042444818720N11937245WA0027900253
B0042454818710N11937259WA0027900253
B0042464818699N11937274WA0027900253
B0042474818688N11937288WA0027900253
B0042484818677N11937302WA0027900253
B0042494818666N11937317WA0027900253
B0042504818656N11937332WA0027900253
B0042514818645N11937346WA0027900253
B0042524818634N11937361WA0027900253
B0042534818623N11937376WA0027800253
B0042544818612N11937390WA0027800253
B0042554818600N11937405WA0027800253
B0042564818589N11937420WA0027800253
B0042574818578N11937435WA0027800253
B0042584818567N11937450WA0027800253
B0042594818557N11937465WA0028000253
B0043004818546N11937480WA0027900253
B0043014818536N11937496WA0027800253
B0043024818526N11937512WA0027800253
B0043034818517N11937529WA0027800252
B0043044818508N11937546WA0027800252
B0043054818499N11937564WA0027800253
B0043064818491N11937582WA0027900253
B0043074818484N11937601WA0027900253
B0043084818477N11937620WA0028000253
B0043094818470N11937640WA0028000254
B0043104818464N11937659WA0028000254
B0043114818458N11937679WA0028100254
B0043124818451N11937699WA0028100254
B0043134818445N11937719WA0028100254
B0043144818438N11937739WA0028100254
B0043154818432N11937759WA0028100254
B0043164818426N11937779WA0028100254
B0043174818419N11937799WA0028200254
B0043184818413N11937819WA0028200254
B0043194818406N11937839WA0028200254
B0043204818400N11937859WA0028300254
B0043214818393N11937880WA0028300254
B0043224818387N11937900WA0028300254
B0043234818380N11937920WA0028300254
B0043244818374N11937941WA0028300254
B0043254818367N11937961WA0028200254
B0043264818361N11937981WA0028200254
B0043274818354N11938002WA0028200254
B0043284818348N11938022WA0028200254
B0043294818341N11938042WA0028100254
B0043304818335N11938062WA0028100253
B0043314818328N11938082WA0028100253
B0043324818322N11938103WA0028100253
B0043334818315N11938123WA0028100253
B0043344818309N11938143WA0028000252
B0043354818302N11938164WA0028000252
B0043364818296N11938184WA0027900252
B0043374818289N11938205WA0027900252
B0043384818283N11938225WA0027900251
B0043394818276N11938246WA0027800251
B0043404818269N11938267WA0027800251
B0043414818263N11938287WA0027800250
B0043424818256N11938308WA0027800250
B0043434818249N11938329WA0027700250
B0043444818243N11938349WA0027700249
B0043454818236N11938370WA0027700249
B0043464818229N11938390WA0027700248
B0043474818223N11938411WA0027700248
B0043484818216N11938431WA0027700248
B0043494818209N11938451WA0027700248
B0043504818201N11938471WA0027600247
B0043514818194N11938490WA0027600247
B0043524818186N11938509WA0027600247
B0043534818179N11938528WA0027500246
B0043544818171N11938547WA0027500246
B0043554818163N11938566WA0027400246
B0043564818156N11938585WA0027300246
B0043574818148N11938604WA0027500246
B0043584818141N11938623WA0027400245
B0043594818133N11938642WA0027400245
B0044004818126N11938661WA0027400245
B0044014818118N11938679WA0027400245
B0044024818110N11938698WA0027400245
B0044034818103N11938717WA0027400245
B0044044818095N11938737WA0027400245
B0044054818088N11938756WA0027500245
B0044064818080N11938775WA0027500245
B0044074818073N11938794WA0027400245
B0044084818065N11938813WA0027400245
B0044094818057N11938832WA0027500245
B0044104818049N11938851WA0027500245
B0044114818042N11938870WA0027400245
B0044124818034N11938889WA0027400245
B0044134818026N11938908WA0027500245
B0044144818018N11938928WA0027500245
B0044154818011N11938947WA0027500245
B0044164818003N11938966WA0027500245
B0044174817995N11938986WA0027400245
B0044184817987N11939005WA0027500245
B0044194817980N11939024WA0027500245
B0044204817972N11939044WA0027500245
B0044214817964N11939063WA0027400245
B0044224817956N11939083WA0027400245
B0044234817948N11939102WA0027400245
B0044244817940N11939121WA0027400245
B0044254817933N11939140WA0027300245
B0044264817925N11939160WA0027300245
B0044274817917N11939179WA0027300245
B0044284817909N11939198WA0027400245
B0044294817902N11939218WA0027300245
B0044304817894N11939237WA0027300245
B0044314817886N11939256WA0027300245
B0044324817879N11939275WA0027400245
B0044334817871N11939294WA0027400245
B0044344817863N11939313WA0027500245
B0044354817856N11939332WA0027500245
B0044364817848N11939351WA0027500246
B0044374817841N11939370WA0027400246
B0044384817834N11939390WA0027500246
B0044394817828N11939409WA0027600247
B0044404817822N11939429WA0027600247
B0044414817817N11939449WA0027600247
B0044424817812N11939469WA0027600248
B0044434817807N11939489WA0027600248
B0044444817803N11939510WA0027700248
B0044454817799N11939530WA0027700248
B0044464817795N11939551WA0027700249
B0044474817792N11939572WA0027800249
B0044484817790N11939592WA0027800249
B0044494817787N11939613WA0027900249
B0044504817784N11939634WA0028000250
B0044514817782N11939655WA0028000250
B0044524817779N11939676WA0028000250
B0044534817776N11939696WA0028000250
B0044544817774N11939717WA0028000250
B0044554817771N11939738WA0028000250
B0044564817768N11939759WA0028000250
B0044574817766N11939779WA0028000250
B0044584817763N11939800WA0028000250
B0044594817760N11939821WA0028000250
B0045004817757N11939842WA0028000250
B0045014817755N11939863WA0028000250
B0045024817752N11939883WA0028000250
B0045034817748N11939904WA0028000250
B0045044817745N11939925WA0027900250
B0045054817741N11939945WA0027900250
B0045064817737N11939966WA0027900250
B0045074817732N11939986WA0027800250
B0045084817727N11940006WA0027900250
B0045094817721N11940025WA0027800249
B0045104817715N11940045WA0027800249
B0045114817708N11940064WA0027800249
B0045124817701N11940082WA0027900249
B0045134817693N11940101WA0027900249
B0045144817685N11940119WA0027800248
B0045154817677N11940137WA0027700248
B0045164817669N11940155WA0027700248
B0045174817661N11940173WA0027700248
B0045184817652N11940191WA0027700248
B0045194817644N11940209WA0027700248
B0045204817635N11940227WA0027700247
B0045214817627N11940246WA0027700247
B0045224817618N11940264WA0027700247
B0045234817609N11940283WA0027700247
B0045244817601N11940301WA0027600246
B0045254817592N11940320WA0027600246
B0045264817583N11940339WA0027600246
B0045274817574N11940358WA0027600246
B0045284817565N11940377WA0027500246
B0045294817557N11940395WA0027500245
B0045304817548N11940414WA0027500245
B0045314817539N11940433WA0027300245
B0045324817530N11940451WA0027300245
B0045334817521N11940470WA0027300245
B0045344817513N11940488WA0027300244
B0045354817504N11940507WA0027200244
B0045364817495N11940525WA0027300244
B0045374817486N11940544WA0027200244
B0045384817478N11940563WA0027300244
B0045394817469N11940581WA0027300244
B0045404817460N11940600WA0027300244
B0045414817451N11940619WA0027100243
B0045424817442N11940638WA0027200243
B0045434817434N11940656WA0027200243
B0045444817425N11940675WA0027200243
B0045454817416N11940694WA0027200243
B0045464817407N11940712WA0027200243
B0045474817399N11940731WA0027200243
B0045484817390N11940750WA0027100242
B0045494817381N11940768WA0027200242
B0045504817372N11940786WA0027300242
B0045514817364N11940805WA0027200242
B0045524817355N11940823WA0027200242
B0045534817347N11940841WA0027100242
B0045544817338N11940859WA0027100242
B0045554817330N11940877WA0027100243
B0045564817321N11940895WA0027100243
B0045574817313N11940913WA0027200243
B0045584817304N11940931WA0027100243
B0045594817296N11940949WA0027200243
B0046004817287N11940967WA0027200243
B0046014817279N11940985WA0027200244
B0046024817270N11941003WA0027300244
B0046034817262N11941021WA0027300244
B0046044817254N11941039WA0027300244
B0046054817245N11941057WA0027300244
B0046064817237N11941075WA0027500245
B0046074817228N11941093WA0027500245
B0046084817220N11941110WA0027400245
B0046094817211N11941128WA0027500245
B0046104817203N11941146WA0027400246
B0046114817194N11941164WA0027500246
B0046124817186N11941181WA0027500246
B0046134817178N11941199WA0027600247
B0046144817169N11941217WA0027500247
B0046154817161N11941235WA0027600247
B0046164817153N11941253WA0027600247
B0046174817144N11941271WA0027600247
B0046184817136N11941289WA0027700248
B0046194817128N11941307WA0027600248
B0046204817119N11941325WA0027600248
B0046214817111N11941343WA0027600248
B0046224817102N11941361WA0027600248
B0046234817093N11941379WA0027600248
B0046244817085N11941397WA0027700248
B0046254817076N11941415WA0027700248
B0046264817068N11941433WA0027700248
B0046274817059N11941451WA0027600248
B0046284817051N11941470WA0027700248
B0046294817042N11941489WA0027700248
B0046304817034N11941508WA0027700248
B0046314817026N11941527WA0027700248
B0046324817018N11941546WA0027700248
B0046334817011N11941566WA0027700248
B0046344817003N11941586WA0027700249
B0046354816995N11941606WA0027700249
B0046364816988N11941626WA0027700249
B0046374816981N11941646WA0027800249
B0046384816974N11941667WA0027800249
B0046394816967N11941688WA0027800249
B0046404816960N11941709WA0027800249
B0046414816954N11941730WA0027800249
B0046424816947N11941751WA0027800249
B0046434816941N11941772WA0027800249
B0046444816935N11941794WA0027900249
B0046454816929N11941815WA0027900249
B0046464816924N11941837WA0027800249
B0046474816918N11941858WA0027800249
B0046484816912N11941880WA0027800249
B0046494816906N11941901WA0027800249
B0046504816900N11941922WA0027800249
B0046514816894N11941943WA0027900249
B0046524816888N11941964WA0027900249
B0046534816881N11941985WA0027900249
B0046544816874N11942005WA0027800249
B0046554816866N11942024WA0027900249
B0046564816858N11942044WA0027900250
B0046574816850N11942062WA0027900250
B0046584816841N11942081WA0027900250
B0046594816832N11942098WA0028000250
B0047004816823N11942116WA0028000250
B0047014816813N11942133WA0028100251
B0047024816802N11942149WA0028000251
B0047034816792N11942165WA0028100251
B0047044816781N11942181WA0028100251
B0047054816770N11942196WA0028200252
B0047064816758N11942211WA0028200252
B0047074816747N11942226WA0028200252
B0047084816736N11942241WA0028200252
B0047094816725N11942256WA0028300253
B0047104816714N11942271WA0028300253
B0047114816702N11942285WA0028200253
B0047124816691N11942300WA0028300253
B0047134816680N11942315WA0028300253
B0047144816669N11942330WA0028300253
B0047154816657N11942344WA0028300254
B0047164816646N11942359WA0028300254
B0047174816635N11942373WA0028300254
B0047184816623N11942388WA0028300254
B0047194816612N11942403WA0028300254
B0047204816600N11942417WA0028300254
B0047214816589N11942432WA0028300254
B0047224816578N11942447WA0028400254
B0047234816566N11942461WA0028400254
B0047244816555N11942476WA0028400254
B0047254816544N11942491WA0028500254
B0047264816533N11942506WA0028500255
B0047274816521N11942521WA0028400255
B0047284816510N11942536WA0028500255
B0047294816499N11942551WA0028400255
B0047304816487N11942566WA0028400255
B0047314816476N11942581WA0028400255
B0047324816464N11942595WA0028500255
B0047334816453N11942610WA0028400255
B0047344816442N11942625WA0028400255
B0047354816430N11942640WA0028400256
B0047364816419N11942655WA0028600256
B0047374816407N11942670WA0028600256
B0047384816396N11942685WA0028500256
B0047394816384N11942700WA0028600256
B0047404816373N11942715WA0028600256
B0047414816362N11942730WA0028600256
B0047424816350N11942745WA0028600256
B0047434816339N11942760WA0028600257
B0047444816327N11942775WA0028600257
B0047454816316N11942790WA0028700257
B0047464816305N11942805WA0028600257
B0047474816293N11942820WA0028700257
B0047484816282N11942835WA0028800257
B0047494816270N11942850WA0028700257
B0047504816259N11942865WA0028800257
B0047514816247N11942880WA0028700257
B0047524816236N11942895WA0028700258
B0047534816225N11942910WA0028800258
B0047544816213N11942925WA0028900258
B0047554816202N11942940WA0028800258
B0047564816190N11942955WA0028800258
B0047574816179N11942970WA0028700258
B0047584816167N11942984WA0028800258
B0047594816155N11942998WA0028700258
B0048004816143N11943013WA0028700258
B0048014816131N11943026WA0028700258
B0048024816118N11943040WA0028700258
B0048034816106N11943053WA0028700258
B0048044816093N11943066WA0028700258
B0048054816080N11943078WA0028700258
B0048064816067N11943090WA0028700257
B0048074816054N11943102WA0028700257
B0048084816041N11943114WA0028600257
B0048094816027N11943126WA0028600257
B0048104816013N11943137WA0028500257
B0048114816000N11943147WA0028600257
B0048124815986N11943158WA0028600257
B0048134815972N11943167WA0028600257
B0048144815958N11943177WA0028600257
B0048154815943N11943186WA0028700257
B0048164815929N11943195WA0028700257
B0048174815915N11943204WA0028700258
B0048184815901N11943212WA0028800258
B0048194815886N11943219WA0028800258
B0048204815872N11943227WA0028800259
B0048214815858N11943234WA0028900259
B0048224815843N11943240WA0028900259
B0048234815829N11943247WA0028900260
B0048244815814N11943253WA0028900260
B0048254815800N11943258WA0028900260
B0048264815785N11943263WA0029000261
B0048274815771N11943268WA0029000261
B0048284815756N11943272WA0029000261
B0048294815741N11943276WA0029100262
B0048304815727N11943280WA0029000262
B0048314815712N11943284WA0029100262
B0048324815697N11943288WA0029200263
B0048334815683N11943291WA0029200263
B0048344815668N11943295WA0029200263
B0048354815653N11943298WA0029300263
B0048364815638N11943302WA0029300264
B0048374815623N11943306WA0029200264
B0048384815609N11943309WA0029300264
B0048394815594N11943313WA0029300264
B0048404815579N11943316WA0029300264
B0048414815564N11943320WA0029400264
B0048424815549N11943323WA0029400264
B0048434815534N11943327WA0029300264
B0048444815519N11943330WA0029400264
B0048454815504N11943334WA0029400264
B0048464815490N11943337WA0029400264
B0048474815475N11943341WA0029300264
B0048484815460N11943344WA0029200264
B0048494815445N11943348WA0029200264
B0048504815430N11943351WA0029100264
B0048514815415N11943355WA0029100263
B0048524815400N11943358WA0029200263
B0048534815385N11943362WA0029200263
B0048544815370N11943366WA0029200263
B0048554815355N11943370WA0029200262
B0048564815340N11943373WA0029200262
B0048574815325N11943377WA0029100262
B0048584815310N11943380WA0029100262
B0048594815294N11943384WA0029000262
B0049004815279N11943387WA0029000261
B0049014815264N11943391WA0029100261
B0049024815248N11943395WA0029000261
B0049034815233N11943398WA0028900261
B0049044815218N11943402WA0028900260
B0049054815202N11943406WA0028900260
B0049064815187N11943409WA0028900260
B0049074815171N11943413WA0028900260
B0049084815155N11943417WA0028900260
B0049094815140N11943421WA0028900260
B0049104815124N11943424WA0028900260
B0049114815108N11943428WA0028900260
B0049124815093N11943432WA0029000260
B0049134815077N11943436WA0029000260
B0049144815061N11943439WA0029000260
B0049154815045N11943443WA0029100261
B0049164815030N11943447WA0029100261
B0049174815014N11943451WA0029100261
B0049184814998N11943454WA0029100261
B0049194814982N11943458WA0029100261
B0049204814966N11943461WA0029100261
B0049214814950N11943463WA0029100262
B0049224814934N11943465WA0029200262
B0049234814918N11943467WA0029200262
B0049244814903N11943469WA0029100262
B0049254814887N11943470WA0029200262
B0049264814871N11943470WA0029200262
B0049274814855N11943471WA0029200262
B0049284814839N11943471WA0029200263
B0049294814824N11943470WA0029200263
B0049304814808N11943469WA0029200263
B0049314814792N11943468WA0029200263
B0049324814777N11943466WA0029200263
B0049334814761N11943464WA0029100263
B0049344814746N11943461WA0029200263
B0049354814730N11943459WA0029300263
B0049364814715N11943456WA0029300264
B0049374814700N11943452WA0029300264
B0049384814684N11943448WA0029300264
B0049394814669N11943444WA0029300264
B0049404814654N11943439WA0029200264
B0049414814639N11943434WA0029200264
B0049424814624N11943428WA0029200264
B0049434814609N11943423WA0029100264
B0049444814594N11943416WA0029200264
B0049454814579N11943410WA0029200264
B0049464814565N11943404WA0029200264
B0049474814550N11943398WA0029200264
B0049484814535N11943391WA0029200264
B0049494814520N11943385WA0029100264
B0049504814506N11943379WA0029100264
B0049514814491N11943372WA0029200264
B0049524814476N11943366WA0029200264
B0049534814461N11943360WA0029200264
B0049544814446N11943354WA0029100264
B0049554814431N11943347WA0029200264
B0049564814416N11943341WA0029200264
B0049574814401N11943334WA0029200264
B0049584814386N11943328WA0029200264
B0049594814371N11943321WA0029200264
B0050004814356N11943315WA0029100264
B0050014814341N11943308WA0029100264
B0050024814326N11943302WA0029100264
B0050034814311N11943295WA0029100264
B0050044814296N11943289WA0029100263
B0050054814281N11943282WA0029100263
B0050064814266N11943276WA0029200263
B0050074814250N11943269WA0029100263
B0050084814235N11943263WA0029100263
B0050094814220N11943256WA0029100262
B0050104814204N11943249WA0029100262
B0050114814189N11943243WA0029100262
B0050124814174N11943236WA0029200262
B0050134814158N11943229WA0029000261
B0050144814143N11943223WA0029100261
B0050154814128N11943216WA0029100261
B0050164814113N11943210WA0029000261
B0050174814097N11943203WA0028900260
B0050184814082N11943197WA0028900260
B0050194814067N11943190WA0028900260
B0050204814052N11943184WA0028900260
B0050214814037N11943177WA0028900260
B0050224814022N11943170WA0028900259
B0050234814006N11943164WA0028800259
B0050244813991N11943157WA0028800259
B0050254813976N11943151WA0028900259
B0050264813960N11943144WA0028900259
B0050274813945N11943138WA0028800258
B0050284813930N11943131WA0028800258
B0050294813914N11943124WA0028800258
B0050304813899N11943118WA0028700258
B0050314813883N11943111WA0028700258
B0050324813868N11943104WA0028700258
B0050334813853N11943098WA0028700257
B0050344813837N11943091WA0028700257
B0050354813822N11943084WA0028700257
B0050364813806N11943078WA0028800257
B0050374813791N11943071WA0028800257
B0050384813776N11943064WA0028800258
B0050394813760N11943058WA0028800258
B0050404813745N11943051WA0028800258
B0050414813730N11943045WA0028800259
B0050424813715N11943038WA0028800259
B0050434813700N11943032WA0028900260
B0050444813686N11943026WA0028900261
B0050454813671N11943019WA0028900261
B0050464813656N11943013WA0029000262
B0050474813642N11943007WA0029000263
B0050484813627N11943001WA0029100263
B0050494813613N11942994WA0029300264
B0050504813598N11942988WA0029300265
B0050514813584N11942982WA0029400265
B0050524813569N11942975WA0029500266
B0050534813554N11942969WA0029400266
B0050544813540N11942963WA0029500267
B0050554813525N11942957WA0029500267
B0050564813511N11942951WA0029600267
B0050574813496N11942944WA0029700268
B0050584813481N11942938WA0029700268
B0050594813467N11942931WA0029700269
B0051004813452N11942925WA0029700269
B0051014813438N11942919WA0029700269
B0051024813424N11942913WA0029800270
B0051034813409N11942907WA0029800270
B0051044813395N11942901WA0029800270
B0051054813380N11942895WA0029900271
B0051064813366N11942889WA0030000271
B0051074813351N11942882WA0029900271
B0051084813337N11942876WA0029900271
B0051094813323N11942870WA0029900271
B0051104813308N11942864WA0030000271
B0051114813294N11942857WA0029900271
B0051124813280N11942851WA0029900271
B0051134813265N11942845WA0029900272
B0051144813251N11942839WA0030000272
B0051154813236N11942833WA0029900272
B0051164813222N11942826WA0029900271
B0051174813207N11942820WA0030000271
B0051184813193N11942813WA0030000271
B0051194813179N11942806WA0029900271
B0051204813165N11942798WA0030000271
B0051214813151N11942790WA0029900270
B0051224813138N11942782WA0029800270
B0051234813124N11942773WA0029800270
B0051244813111N11942763WA0029800270
B0051254813098N11942753WA0029700270
B0051264813084N11942742WA0029700269
B0051274813072N11942731WA0029700269
B0051284813059N11942720WA0029700269
B0051294813047N11942708WA0029700269
B0051304813034N11942695WA0029600269
B0051314813022N11942683WA0029600268
B0051324813010N11942670WA0029600268
B0051334812997N11942657WA0029500268
B0051344812985N11942644WA0029500268
B0051354812973N11942632WA0029500267
B0051364812960N11942619WA0029500267
B0051374812948N11942607WA0029500267
B0051384812935N11942594WA0029500267
B0051394812923N11942581WA0029500266
B0051404812910N11942568WA0029500266
B0051414812897N11942555WA0029600266
B0051424812885N11942542WA0029500266
B0051434812872N11942529WA0029500266
B0051444812860N11942517WA0029500267
B0051454812847N11942504WA0029500266
B0051464812835N11942491WA0029400266
B0051474812823N11942478WA0029500266
B0051484812810N11942465WA0029500266
B0051494812798N11942452WA0029500266
B0051504812786N11942440WA0029500266
B0051514812773N11942427WA0029500266
B0051524812761N11942415WA0029500267
B0051534812749N11942402WA0029500266
B0051544812737N11942388WA0029500267
B0051554812725N11942374WA0029600266
B0051564812713N11942360WA0029600267
B0051574812701N11942345WA0029700267
B0051584812690N11942331WA0029600267
B0051594812679N11942316WA0029600267
B0052004812667N11942302WA0029500268
B0052014812655N11942287WA0029600268
B0052024812644N11942273WA0029500268
B0052034812632N11942259WA0029600268
B0052044812621N11942245WA0029600268
B0052054812609N11942230WA0029700268
B0052064812598N11942216WA0029700268
B0052074812586N11942201WA0029700268
B0052084812575N11942187WA0029800268
B0052094812563N11942172WA0029800268
B0052104812552N11942158WA0029700268
B0052114812540N11942144WA0029700268
B0052124812529N11942129WA0029800268
B0052134812517N11942114WA0029700268
B0052144812506N11942100WA0029700268
B0052154812494N11942085WA0029700268
B0052164812482N11942070WA0029700268
B0052174812471N11942056WA0029700268
B0052184812459N11942041WA0029700268
B0052194812447N11942026WA0029800267
B0052204812436N11942011WA0029800267
B0052214812424N11941996WA0029800267
B0052224812412N11941981WA0029800267
B0052234812400N11941966WA0029800267
B0052244812388N11941951WA0029800267
B0052254812376N11941936WA0029800267
B0052264812364N11941921WA0029700267
B0052274812352N11941905WA0029700266
B0052284812339N11941890WA0029700266
B0052294812327N11941875WA0029600266
B0052304812315N11941859WA0029700265
B0052314812302N11941844WA0029600265
B0052324812290N11941828WA0029600264
B0052334812277N11941813WA0029600264
B0052344812265N11941797WA0029600263
B0052354812252N11941781WA0029500263
B0052364812240N11941766WA0029500262
B0052374812227N11941750WA0029400262
B0052384812215N11941734WA0029400261
B0052394812202N11941719WA0029200261
B0052404812190N11941703WA0029200260
B0052414812178N11941688WA0029200260
B0052424812165N11941672WA0029100259
B0052434812153N11941657WA0029100258
B0052444812140N11941641WA0029000258
B0052454812128N11941626WA0028900257
B0052464812116N11941610WA0028900257
B0052474812104N11941595WA0028800257
B0052484812092N11941579WA0028800256
B0052494812080N11941564WA0028600255
B0052504812068N11941548WA0028500255
B0052514812057N11941531WA0028400254
B0052524812045N11941514WA0028400254
B0052534812034N11941497WA0028300254
B0052544812023N11941480WA0028300254
B0052554812012N11941463WA0028300253
B0052564812001N11941446WA0028300253
B0052574811989N11941429WA0028300252
B0052584811978N11941411WA0028200252
B0052594811967N11941394WA0028200252
B0053004811955N11941377WA0028200252
B0053014811944N11941359WA0028200252
B0053024811933N11941342WA0028200251
B0053034811921N11941325WA0028200251
B0053044811910N11941307WA0028300251
B0053054811898N11941289WA0028300251
B0053064811887N11941272WA0028300251
B0053074811875N11941254WA0028300251
B0053084811864N11941237WA0028300251
B0053094811853N11941219WA0028200251
B0053104811841N11941202WA0028300251
B0053114811830N11941184WA0028300252
B0053124811819N11941167WA0028300252
B0053134811807N11941149WA0028300252
B0053144811796N11941132WA0028300252
B0053154811785N11941114WA0028300252
B0053164811773N11941097WA0028200252
B0053174811762N11941079WA0028200252
B0053184811750N11941062WA0028200252
B0053194811739N11941045WA0028300252
B0053204811728N11941027WA0028300252
B0053214811716N11941010WA0028300252
B0053224811705N11940992WA0028300252
B0053234811693N11940975WA0028300252
B0053244811682N11940957WA0028300252
B0053254811671N11940939WA0028300252
B0053264811659N11940922WA0028300252
B0053274811647N11940905WA0028300253
B0053284811636N11940888WA0028300253
B0053294811624N11940872WA0028300253
B0053304811611N11940856WA0028200253
B0053314811599N11940840WA0028300253
B0053324811587N11940824WA0028300253
B0053334811574N11940809WA0028300253
B0053344811561N11940794WA0028300253
B0053354811548N11940779WA0028300253
B0053364811535N11940765WA0028300253
B0053374811522N11940751WA0028300253
B0053384811509N11940738WA0028300253
B0053394811495N11940725WA0028300253
B0053404811481N11940712WA0028300253
B0053414811468N11940699WA0028300253
B0053424811454N11940686WA0028400253
B0053434811441N11940673WA0028300253
B0053444811428N11940660WA0028300253
B0053454811415N11940647WA0028300253
B0053464811401N11940634WA0028300253
B0053474811388N11940622WA0028300253
B0053484811374N11940609WA0028300253
B0053494811361N11940596WA0028300253
B0053504811348N11940583WA0028300253
B0053514811335N11940570WA0028300253
B0053524811322N11940558WA0028300253
B0053534811308N11940545WA0028200253
B0053544811295N11940532WA0028200253
B0053554811282N11940519WA0028200253
B0053564811268N11940507WA0028300252
B0053574811255N11940494WA0028300252
B0053584811242N11940481WA0028300252
B0053594811229N11940468WA0028300252
B0054004811215N11940455WA0028200252
B0054014811202N11940442WA0028200252
B0054024811189N11940429WA0028200252
B0054034811175N11940417WA0028200252
B0054044811162N11940404WA0028100252
B0054054811149N11940391WA0028200251
B0054064811135N11940378WA0028300251
B0054074811122N11940365WA0028200251
B0054084811109N11940352WA0028100251
B0054094811096N11940340WA0028000251
B0054104811082N11940327WA0028000251
B0054114811069N11940314WA0028000250
B0054124811056N11940302WA0027900250
B0054134811043N11940289WA0028000250
B0054144811030N11940276WA0027900250
B0054154811017N11940264WA0027900250
B0054164811004N11940251WA0027800249
B0054174810991N11940239WA0027900249
B0054184810978N11940226WA0027900249
B0054194810965N11940213WA0027800248
B0054204810952N11940201WA0027800248
B0054214810939N11940189WA0027700248
B0054224810925N11940177WA0027700248
B0054234810912N11940166WA0027700247
B0054244810899N11940155WA0027700247
B0054254810885N11940144WA0027700247
B0054264810871N11940134WA0027700246
B0054274810858N11940124WA0027700246
B0054284810844N11940114WA0027600245
B0054294810830N11940105WA0027500245
B0054304810815N11940096WA0027500245
B0054314810801N11940088WA0027500244
B0054324810787N11940080WA0027400243
B0054334810772N11940072WA0027400243
B0054344810757N11940064WA0027300242
B0054354810742N11940057WA0027200242
B0054364810727N11940050WA0027200242
B0054374810712N11940043WA0027200242
B0054384810697N11940037WA0027200242
B0054394810682N11940032WA0027200241
B0054404810667N11940026WA0027200241
B0054414810651N11940021WA0027200241
B0054424810636N11940016WA0027100241
B0054434810620N11940012WA0027100241
B0054444810605N11940008WA0027100240
B0054454810589N11940005WA0027100240
B0054464810573N11940002WA0027100240
B0054474810558N11939999WA0027200240
B0054484810542N11939996WA0027200240
B0054494810526N11939993WA0027200240
B0054504810511N11939990WA0027200240
B0054514810495N11939987WA0027100240
B0054524810479N11939984WA0027100239
B0054534810464N11939981WA0027100239
B0054544810448N11939978WA0027100239
B0054554810433N11939975WA0027100239
B0054564810418N11939972WA0027100239
B0054574810402N11939969WA0027100239
B0054584810387N11939966WA0027100239
B0054594810372N11939963WA0027100239
B0055004810357N11939960WA0027100239
B0055014810341N11939957WA0027000239
B0055024810326N11939954WA0027000239
B0055034810311N11939951WA0027000239
B0055044810296N11939948WA0027100239
B0055054810280N11939945WA0027000239
B0055064810265N11939943WA0027000239
B0055074810250N11939940WA0027000239
B0055084810235N11939937WA0027000239
B0055094810219N11939934WA0027000239
B0055104810204N11939931WA0027000239
B0055114810189N11939928WA0027000239
B0055124810173N11939925WA0027100239
B0055134810158N11939922WA0027000239
B0055144810143N11939919WA0027100239
B0055154810127N11939916WA0027100239
B0055164810112N11939913WA0027100239
B0055174810097N11939910WA0027100239
B0055184810082N11939907WA0027100239
B0055194810066N11939904WA0027100240
B0055204810051N11939901WA0027100240
B0055214810036N11939898WA0027100240
B0055224810021N11939895WA0027100240
B0055234810006N11939892WA0027200240
B0055244809990N11939889WA0027200240
B0055254809975N11939886WA0027200241
B0055264809960N11939883WA0027200241
B0055274809945N11939881WA0027200241
B0055284809930N11939878WA0027200241
B0055294809915N11939875WA0027300241
B0055304809900N11939872WA0027200241
B0055314809885N11939869WA0027300241
B0055324809870N11939866WA0027200241
B0055334809854N11939863WA0027300241
B0055344809839N11939860WA0027300241
B0055354809824N11939857WA0027300241
B0055364809809N11939854WA0027200241
B0055374809794N11939851WA0027300241
B0055384809779N11939848WA0027300241
B0055394809763N11939845WA0027300242
B0055404809748N11939843WA0027300242
B0055414809733N11939840WA0027400242
B0055424809718N11939837WA0027400242
B0055434809703N11939834WA0027400242
B0055444809688N11939831WA0027400242
B0055454809672N11939828WA0027400242
B0055464809657N11939825WA0027400242
B0055474809642N11939822WA0027400242
B0055484809626N11939819WA0027500242
B0055494809611N11939816WA0027500242
B0055504809596N11939813WA0027400242
B0055514809581N11939810WA0027500242
B0055524809565N11939807WA0027400242
B0055534809550N11939804WA0027400241
B0055544809534N11939801WA0027400241
B0055554809519N11939799WA0027500241
B0055564809503N11939797WA0027500241
B0055574809488N11939795WA0027400241
B0055584809472N11939794WA0027400241
B0055594809457N11939793WA0027300241
B0056004809441N11939793WA0027400241
B0056014809426N11939793WA0027300240
B0056024809411N11939794WA0027200240
B0056034809395N11939795WA0027300240
B0056044809380N11939796WA0027300240
B0056054809364N11939797WA0027300240
B0056064809349N11939799WA0027300241
B0056074809333N11939801WA0027300241
B0056084809318N11939804WA0027400241
B0056094809303N11939807WA0027400241
B0056104809288N11939811WA0027400241
B0056114809273N11939815WA0027400241
B0056124809258N11939819WA0027500242
B0056134809243N11939824WA0027500242
B0056144809228N11939828WA0027500242
B0056154809213N11939832WA0027500243
B0056164809198N11939836WA0027600243
B0056174809183N11939840WA0027600243
B0056184809168N11939845WA0027600243
B0056194809153N11939849WA0027700244
B0056204809138N11939853WA0027700244
B0056214809123N11939858WA0027700244
B0056224809108N11939862WA0027700245
B0056234809093N11939866WA0027700245
B0056244809078N11939870WA0027700245
B0056254809063N11939874WA0027700245
B0056264809048N11939879WA0027700245
B0056274809033N11939883WA0027700246
B0056284809018N11939887WA0027700246
B0056294809003N11939891WA0027700246
B0056304808989N11939895WA0027800246
B0056314808974N11939899WA0027700246
B0056324808959N11939903WA0027800247
B0056334808944N11939907WA0027800247
B0056344808929N11939911WA0027900247
B0056354808915N11939915WA0027900247
B0056364808900N11939918WA0027900247
B0056374808885N11939922WA0027800247
B0056384808870N11939925WA0027800247
B0056394808855N11939928WA0027900247
B0056404808840N11939931WA0027900247
B0056414808825N11939934WA0027900247
B0056424808810N11939937WA0027800247
B0056434808795N11939940WA0027900248
B0056444808780N11939943WA0027900248
B0056454808764N11939946WA0027900248
B0056464808749N11939949WA0027900248
B0056474808734N11939952WA0027800248
B0056484808719N11939955WA0027900248
B0056494808703N11939958WA0027900248
B0056504808688N11939961WA0028000248
B0056514808672N11939964WA0028000248
B0056524808657N11939966WA0027900247
B0056534808642N11939970WA0027900247
B0056544808626N11939973WA0027900247
B0056554808611N11939976WA0027800247
B0056564808596N11939979WA0027800247
B0056574808581N11939983WA0027700247
B0056584808566N11939987WA0027700247
B0056594808552N11939992WA0027700247
B0057004808537N11939997WA0027800247
B0057014808522N11940003WA0027700247
B0057024808507N11940009WA0027700247
B0057034808493N11940015WA0027700247
B0057044808478N11940022WA0027800247
B0057054808464N11940029WA0027800247
B0057064808449N11940036WA0027800247
B0057074808435N11940043WA0027700248
B0057084808420N11940051WA0027800248
B0057094808406N11940058WA0027700248
B0057104808391N11940066WA0027700248
B0057114808377N11940073WA0027700248
B0057124808363N11940081WA0027700248
B0057134808348N11940088WA0027700248
B0057144808334N11940095WA0027700248
B0057154808320N11940103WA0027700248
B0057164808305N11940110WA0027700248
B0057174808291N11940117WA0027700248
B0057184808276N11940124WA0027700248
B0057194808262N11940132WA0027700248
B0057204808247N11940140WA0027700248
B0057214808233N11940147WA0027700248
B0057224808218N11940155WA0027700248
B0057234808204N11940162WA0027700248
B0057244808189N11940170WA0027700248
B0057254808174N11940177WA0027700248
B0057264808159N11940185WA0027700248
B0057274808145N11940193WA0027700248
B0057284808130N11940200WA0027700248
B0057294808115N11940208WA0027700248
B0057304808100N11940215WA0027700248
B0057314808085N11940222WA0027700248
B0057324808070N11940230WA0027800248
B0057334808055N11940236WA0027700248
B0057344808040N11940243WA0027800249
B0057354808024N11940249WA0027700248
B0057364808009N11940254WA0027700248
B0057374807994N11940260WA0027800248
B0057384807978N11940265WA0027800248
B0057394807963N11940271WA0027800248
B0057404807947N11940276WA0027800248
B0057414807932N11940281WA0027800248
B0057424807916N11940287WA0027800248
B0057434807901N11940292WA0027900248
B0057444807885N11940298WA0027800248
B0057454807870N11940303WA0027800248
B0057464807855N11940309WA0027800249
B0057474807839N11940314WA0027700249
B0057484807824N11940320WA0027800249
B0057494807808N11940325WA0027800249
B0057504807793N11940330WA0027800249
B0057514807778N11940336WA0027800249
B0057524807762N11940341WA0027800249
B0057534807747N11940347WA0027800249
B0057544807731N11940352WA0027800249
B0057554807715N11940358WA0027800249
B0057564807700N11940363WA0027800249
B0057574807684N11940369WA0027800249
B0057584807668N11940374WA0027800249
B0057594807652N11940380WA0027800249
B0058004807636N11940386WA0027800249
B0058014807620N11940391WA0027900249
B0058024807605N11940397WA0027800249
B0058034807589N11940402WA0027900249
B0058044807573N11940408WA0027800249
B0058054807557N11940414WA0027900249
B0058064807540N11940419WA0027900249
B0058074807524N11940425WA0027900249
B0058084807508N11940431WA0027900249
B0058094807492N11940437WA0027900248
B0058104807476N11940443WA0027900249
B0058114807461N11940450WA0027900249
B0058124807445N11940457WA0027900248
B0058134807429N11940465WA0027800249
B0058144807414N11940473WA0027900249
B0058154807398N11940481WA0027900248
B0058164807382N11940488WA0027900248
B0058174807367N11940496WA0027900249
B0058184807352N11940504WA0027900249
B0058194807336N11940512WA0027900249
B0058204807321N11940520WA0027900249
B0058214807306N11940528WA0027900249
B0058224807291N11940535WA0027800249
B0058234807275N11940543WA0027800249
B0058244807260N11940550WA0027900249
B0058254807245N11940558WA0027900250
B0058264807230N11940565WA0027900250
B0058274807215N11940573WA0028000250
B0058284807200N11940581WA0028000251
B0058294807185N11940588WA0028000251
B0058304807170N11940596WA0028100251
B0058314807155N11940604WA0028100252
B0058324807140N11940611WA0028100252
B0058334807125N11940619WA0028100252
B0058344807110N11940627WA0028100253
B0058354807095N11940634WA0028200253
B0058364807080N11940642WA0028200253
B0058374807065N11940649WA0028200253
B0058384807050N11940657WA0028200253
B0058394807034N11940665WA0028200253
B0058404807019N11940672WA0028200254
B0058414807004N11940680WA0028200254
B0058424806989N11940688WA0028200254
B0058434806974N11940695WA0028200254
B0058444806959N11940703WA0028200254
B0058454806943N11940711WA0028200253
B0058464806928N11940719WA0028200253
B0058474806913N11940727WA0028200253
B0058484806898N11940734WA0028200253
B0058494806882N11940742WA0028200253
B0058504806867N11940750WA0028200253
B0058514806851N11940758WA0028100253
B0058524806836N11940766WA0028200253
B0058534806821N11940773WA0028200253
B0058544806805N11940781WA0028100253
B0058554806790N11940789WA0028200253
B0058564806774N11940797WA0028100253
B0058574806759N11940805WA0028200253
B0058584806744N11940812WA0028200253
B0058594806729N11940820WA0028200253
B0059004806713N11940828WA0028200253
B0059014806698N11940836WA0028100253
B0059024806683N11940843WA0028100253
B0059034806668N11940851WA0028100253
B0059044806653N11940859WA0028000253
B0059054806638N11940866WA0028000253
B0059064806624N11940874WA0028000253
B0059074806609N11940881WA0028000253
B0059084806595N11940889WA0028000253
B0059094806580N11940896WA0028000253
B0059104806566N11940903WA0027900253
B0059114806551N11940911WA0028000253
B0059124806537N11940918WA0027900253
B0059134806522N11940925WA0027900253
B0059144806508N11940932WA0027900253
B0059154806494N11940939WA0028000253
B0059164806480N11940947WA0027900253
B0059174806465N11940954WA0027900253
B0059184806452N11940961WA0027900253
B0059194806438N11940968WA0027900253
B0059204806425N11940975WA0027800253
B0059214806412N11940981WA0027800253
B0059224806399N11940988WA0027700253
B0059234806386N11940994WA0027700253
B0059244806374N11941000WA0027700253
B0059254806362N11941006WA0027700253
B0059264806351N11941012WA0027400253
B0059274806339N11941018WA0027400253
B0059284806328N11941024WA0027300253
B0059294806318N11941031WA0027400253
B0059304806308N11941038WA0027400253
B0059314806298N11941046WA0027300253
B0059324806289N11941055WA0027300253
B0059334806280N11941064WA0027300253
B0059344806272N11941074WA0027300253
B0059354806265N11941085WA0027200253
B0059364806257N11941097WA0027300252
B0059374806250N11941109WA0027200252
B0059384806243N11941122WA0027200252
B0059394806236N11941136WA0027100251
B0059404806230N11941151WA0027100250
B0059414806225N11941167WA0027100249
B0059424806220N11941183WA0027000249
B0059434806216N11941200WA0027000248
B0059444806212N11941217WA0026900247
B0059454806209N11941235WA0026900246
B0059464806207N11941253WA0026800245
B0059474806206N11941272WA0026800245
B0059484806206N11941290WA0026800244
B0059494806206N11941310WA0026700244
B0059504806206N11941329WA0026700243
B0059514806206N11941349WA0026700243
B0059524806206N11941369WA0026700243
B0059534806206N11941389WA0026700242
B0059544806206N11941410WA0026700242
B0059554806206N11941430WA0026700242
B0059564806206N11941451WA0026700241
B0059574806206N11941472WA0026700241
B0059584806206N11941492WA0026700241
B0059594806206N11941513WA0026700241
B0100004806206N11941534WA0026700241
B0100014806206N11941555WA0026700240
B0100024806207N11941577WA0026700240
B0100034806207N11941598WA0026700240
B0100044806207N11941619WA0026700240
B0100054806207N11941641WA0026700240
B0100064806207N11941662WA0026600240
B0100074806207N11941684WA0026600240
B0100084806207N11941705WA0026600239
B0100094806207N11941727WA0026600239
B0100104806207N11941748WA0026600239
B0100114806207N11941770WA0026600239
B0100124806207N11941792WA0026600239
B0100134806207N11941814WA0026600239
B0100144806207N11941836WA0026600239
B0100154806207N11941858WA0026600239
B0100164806207N11941880WA0026600238
B0100174806207N11941902WA0026600238
B0100184806207N11941925WA0026600238
B0100194806207N11941947WA0026600238
B0100204806207N11941970WA0026600238
B0100214806206N11941992WA0026600238
B0100224806206N11942015WA0026600238
B0100234806205N11942037WA0026700238
B0100244806204N11942060WA0026600238
B0100254806203N11942082WA0026600238
B0100264806202N11942104WA0026600239
B0100274806200N11942126WA0026600239
B0100284806199N11942148WA0026700239
B0100294806197N11942170WA0026600239
B0100304806196N11942192WA0026600239
B0100314806194N11942214WA0026700239
B0100324806193N11942236WA0026700240
B0100334806192N11942258WA0026700240
B0100344806190N11942280WA0026700240
B0100354806189N11942302WA0026800240
B0100364806188N11942324WA0026800241
B0100374806186N11942345WA0026800241
B0100384806185N11942367WA0026900241
B0100394806184N11942389WA0026900242
B0100404806182N11942410WA0026900242
B0100414806181N11942432WA0027000242
B0100424806180N11942453WA0027000243
B0100434806178N11942474WA0027000243
B0100444806177N11942496WA0027000243
B0100454806175N11942517WA0027100244
B0100464806174N11942538WA0027100244
B0100474806173N11942559WA0027100245
B0100484806171N11942580WA0027100245
B0100494806170N11942601WA0027200245
B0100504806169N11942622WA0027200245
B0100514806167N11942643WA0027200246
B0100524806166N11942664WA0027300246
B0100534806164N11942685WA0027300247
B0100544806162N11942706WA0027400247
B0100554806159N11942726WA0027600248
B0100564806157N11942747WA0027700249
B0100574806154N11942767WA0027700250
B0100584806152N11942787WA0027800251
B0100594806150N11942808WA0027900252
B0101004806147N11942828WA0028000253
B0101014806145N11942848WA0028200253
B0101024806143N11942869WA0028300254
B0101034806142N11942889WA0028300255
B0101044806140N11942909WA0028400256
B0101054806139N11942929WA0028500257
B0101064806139N11942950WA0028600258
B0101074806139N11942970WA0028700259
B0101084806139N11942990WA0028700260
B0101094806140N11943010WA0028900261
B0101104806141N11943030WA0028900261
B0101114806142N11943050WA0029000262
B0101124806144N11943070WA0029100263
B0101134806146N11943090WA0029200264
B0101144806149N11943110WA0029300265
B0101154806151N11943130WA0029400266
B0101164806153N11943149WA0029500267
B0101174806155N11943169WA0029500268
B0101184806157N11943189WA0029600269
B0101194806159N11943208WA0029700270
B0101204806161N11943228WA0029800271
B0101214806164N11943248WA0029900272
B0101224806166N11943268WA0029900273
B0101234806168N11943287WA0030000273
B0101244806170N11943307WA0030100274
B0101254806173N11943327WA0030100275
B0101264806175N11943347WA0030100275
B0101274806177N11943368WA0030100276
B0101284806179N11943388WA0030200277
B0101294806181N11943409WA0030200277
B0101304806184N11943430WA0030300277
B0101314806186N11943451WA0030300278
B0101324806188N11943472WA0030300278
B0101334806191N11943493WA0030300278
B0101344806193N11943515WA0030300278
B0101354806196N11943537WA0030300278
B0101364806198N11943559WA0030400278
B0101374806200N11943581WA0030400278
B0101384806203N11943603WA0030300278
B0101394806205N11943625WA0030300278
B0101404806208N11943647WA0030300278
B0101414806210N11943670WA0030300278
B0101424806213N11943692WA0030300277
B0101434806215N11943715WA0030300277
B0101444806218N11943738WA0030200277
B0101454806220N11943760WA0030100277
B0101464806223N11943783WA0030200277
B0101474806226N11943806WA0030100277
B0101484806228N11943828WA0030200277
B0101494806231N11943851WA0030100276
B0101504806233N11943873WA0030100276
B0101514806236N11943895WA0030100276
B0101524806238N11943918WA0030100276
B0101534806241N11943940WA0030000276
B0101544806243N11943962WA0030000276
B0101554806245N11943984WA0030000276
B0101564806248N11944005WA0030000275
B0101574806250N11944027WA0030000275
B0101584806252N11944048WA0030000275
B0101594806255N11944069WA0029900275
B0102004806257N11944090WA0029900275
B0102014806259N11944110WA0029800275
B0102024806261N11944129WA0029800275
B0102034806263N11944146WA0029700275
B0102044806266N11944163WA0029600275
B0102054806269N11944179WA0029600275
B0102064806273N11944193WA0029600275
B0102074806277N11944208WA0029600275
B0102084806283N11944222WA0029600275
B0102094806289N11944235WA0029600275
B0102104806297N11944247WA0029600275
B0102114806305N11944258WA0029500275
B0102124806314N11944268WA0029500275
B0102134806323N11944276WA0029500275
B0102144806333N11944284WA0029500275
B0102154806342N11944290WA0029500275
B0102164806352N11944296WA0029600275
B0102174806362N11944301WA0029600275
B0102184806372N11944306WA0029500275
B0102194806382N11944312WA0029600275
B0102204806392N11944318WA0029600276
B0102214806402N11944326WA0029600276
B0102224806412N11944334WA0029600276
B0102234806421N11944343WA0029700276
B0102244806430N11944354WA0029800277
B0102254806439N11944366WA0029800277
B0102264806446N11944379WA0029900278
B0102274806453N11944393WA0030100279
B0102284806460N11944407WA0030100279
B0102294806465N11944423WA0030100280
B0102304806470N11944439WA0030200281
B0102314806474N11944455WA0030300281
B0102324806477N11944472WA0030400282
B0102334806479N11944490WA0030400283
B0102344806480N11944508WA0030500283
B0102354806481N11944526WA0030600284
B0102364806482N11944544WA0030600284
B0102374806482N11944562WA0030700284
B0102384806483N11944581WA0030600284
B0102394806484N11944600WA0030700284
B0102404806485N11944619WA0030700284
B0102414806486N11944639WA0030700284
B0102424806487N11944658WA0030700284
B0102434806488N11944678WA0030700284
B0102444806489N11944699WA0030600283
B0102454806490N11944719WA0030700283
B0102464806491N11944740WA0030600283
B0102474806492N11944761WA0030600283
B0102484806493N11944782WA0030600283
B0102494806494N11944803WA0030600282
B0102504806495N11944825WA0030600282
B0102514806496N11944846WA0030500282
B0102524806497N11944868WA0030500282
B0102534806498N11944889WA0030500281
B0102544806499N11944911WA0030500281
B0102554806500N11944932WA0030500281
B0102564806502N11944954WA0030500281
B0102574806503N11944975WA0030400281
B0102584806504N11944997WA0030400280
B0102594806505N11945019WA0030400280
B0103004806506N11945040WA0030400280
B0103014806507N11945061WA0030300280
B0103024806508N11945083WA0030300280
B0103034806509N11945104WA0030300279
B0103044806510N11945125WA0030300279
B0103054806511N11945147WA0030200279
B0103064806512N11945168WA0030200279
B0103074806513N11945190WA0030200278
B0103084806514N11945211WA0030200278
B0103094806515N11945232WA0030200278
B0103104806516N11945254WA0030100278
B0103114806518N11945275WA0030100277
B0103124806519N11945297WA0030100277
B0103134806521N11945318WA0030100277
B0103144806523N11945340WA0030100277
B0103154806524N11945361WA0030100276
B0103164806526N11945383WA0030100276
B0103174806528N11945404WA0030100276
B0103184806530N11945426WA0030100276
B0103194806532N11945448WA0030100276
B0103204806534N11945470WA0030100276
B0103214806536N11945492WA0030100276
B0103224806538N11945514WA0030000276
B0103234806540N11945536WA0030000275
B0103244806542N11945558WA0030000275
B0103254806544N11945580WA0030000275
B0103264806546N11945603WA0030000275
B0103274806548N11945625WA0029900274
B0103284806550N11945647WA0029900274
B0103294806552N11945669WA0029900273
B0103304806555N11945692WA0029800273
B0103314806557N11945714WA0029700273
B0103324806559N11945736WA0029700272
B0103334806561N11945758WA0029700272
B0103344806563N11945781WA0029600272
B0103354806565N11945803WA0029600272
B0103364806567N11945826WA0029700271
B0103374806569N11945848WA0029600271
B0103384806571N11945871WA0029600270
B0103394806573N11945894WA0029500270
B0103404806576N11945917WA0029500270
B0103414806578N11945939WA0029500270
B0103424806580N11945963WA0029500269
B0103434806582N11945986WA0029500269
B0103444806584N11946008WA0029500269
B0103454806586N11946031WA0029400269
B0103464806588N11946053WA0029400269
B0103474806590N11946074WA0029400269
B0103484806592N11946095WA0029500270
B0103494806594N11946114WA0029500271
B0103504806595N11946133WA0029500272
B0103514806596N11946152WA0029600273
B0103524806597N11946170WA0029600273
B0103534806596N11946188WA0029700274
B0103544806594N11946205WA0029800275
B0103554806592N11946222WA0029900276
B0103564806589N11946239WA0029900277
B0103574806587N11946255WA0030000277
B0103584806583N11946271WA0030000278
B0103594806580N11946287WA0030000278
B0104004806577N11946304WA0030100279
B0104014806574N11946320WA0030100279
B0104024806571N11946336WA0030100279
B0104034806568N11946352WA0030100279
B0104044806565N11946367WA0030100279
B0104054806563N11946383WA0030100279
B0104064806560N11946398WA0030100279
B0104074806557N11946413WA0030000279
B0104084806554N11946428WA0030000279
B0104094806551N11946443WA0029900279
B0104104806547N11946457WA0029900279
B0104114806544N11946471WA0029900278
B0104124806540N11946485WA0029900278
B0104134806536N11946499WA0029800278
B0104144806532N11946512WA0029800278
B0104154806527N11946526WA0029700277
B0104164806522N11946539WA0029600276
B0104174806516N11946552WA0029500276
B0104184806510N11946566WA0029500275
B0104194806504N11946578WA0029400274
B0104204806497N11946591WA0029300273
B0104214806490N11946603WA0029200272
B0104224806483N11946615WA0029000271
B0104234806475N11946626WA0028900270
B0104244806468N11946636WA0028900269
B0104254806460N11946647WA0028800268
B0104264806452N11946657WA0028600267
B0104274806444N11946667WA0028500266
B0104284806435N11946676WA0028300265
B0104294806427N11946684WA0028300264
B0104304806419N11946692WA0028200263
B0104314806410N11946701WA0028000262
B0104324806402N11946709WA0027900261
B0104334806394N11946716WA0027800260
B0104344806386N11946724WA0027700259
B0104354806377N11946732WA0027700258
B0104364806369N11946740WA0027600257
B0104374806361N11946748WA0027500256
B0104384806353N11946755WA0027400256
B0104394806345N11946763WA0027300255
B0104404806338N11946770WA0027300255
B0104414806330N11946778WA0027200254
B0104424806322N11946786WA0027200254
B0104434806315N11946793WA0027100254
B0104444806307N11946801WA0027100254
B0104454806300N11946809WA0027100254
B0104464806292N11946817WA0027100254
B0104474806285N11946826WA0027100254
B0104484806278N11946834WA0027100254
B0104494806270N11946844WA0027100254
B0104504806263N11946853WA0027100254
B0104514806256N11946863WA0027100255
B0104524806249N11946873WA0027100255
B0104534806242N11946883WA0027100255
B0104544806236N11946894WA0027200255
B0104554806230N11946905WA0027200255
B0104564806224N11946917WA0027200255
B0104574806218N11946928WA0027200254
B0104584806212N11946940WA0027200254
B0104594806207N11946952WA0027300255
B0105004806202N11946964WA0027300255
B0105014806196N11946976WA0027300255
B0105024806191N11946988WA0027300255
B0105034806186N11947000WA0027300256
B0105044806181N11947012WA0027400256
B0105054806176N11947024WA0027400256
B0105064806171N11947036WA0027400256
B0105074806166N11947048WA0027400257
B0105084806160N11947060WA0027500257
B0105094806155N11947072WA0027500258
B0105104806151N11947084WA0027500258
B0105114806145N11947096WA0027500258
B0105124806140N11947108WA0027600259
B0105134806135N11947120WA0027500259
B0105144806130N11947132WA0027500259
B0105154806126N11947143WA0027600259
B0105164806121N11947155WA0027500259
B0105174806116N11947166WA0027500259
B0105184806111N11947177WA0027600259
B0105194806107N11947188WA0027500259
B0105204806102N11947199WA0027500259
B0105214806098N11947209WA0027600259
B0105224806093N11947220WA0027600259
B0105234806089N11947230WA0027500259
B0105244806084N11947241WA0027500259
B0105254806080N11947251WA0027500259
B0105264806075N11947262WA0027500259
B0105274806071N11947272WA0027400258
B0105284806067N11947282WA0027400258
B0105294806063N11947292WA0027400258
B0105304806059N11947301WA0027400258
B0105314806054N11947311WA0027400258
B0105324806050N11947321WA0027300258
B0105334806046N11947332WA0027300257
B0105344806042N11947342WA0027300257
B0105354806037N11947352WA0027200257
B0105364806033N11947363WA0027200256
B0105374806028N11947374WA0027200256
B0105384806023N11947386WA0027200256
B0105394806018N11947397WA0027200256
B0105404806013N11947409WA0027200255
B0105414806007N11947421WA0027200255
B0105424806002N11947433WA0027200255
B0105434805997N11947445WA0027100255
B0105444805992N11947457WA0027100254
B0105454805986N11947469WA0027100254
B0105464805981N11947481WA0027100254
B0105474805976N11947494WA0027100254
B0105484805971N11947506WA0027100255
B0105494805965N11947519WA0027100255
B0105504805960N11947532WA0027100256
B0105514805954N11947546WA0027100255
B0105524805948N11947559WA0027200255
B0105534805942N11947573WA0027200255
B0105544805936N11947587WA0027200255
B0105554805930N11947601WA0027100255
B0105564805924N11947616WA0027200255
B0105574805918N11947630WA0027200255
B0105584805912N11947645WA0027200255
B0105594805905N11947660WA0027200255
B0106004805899N11947675WA0027200255
B0106014805892N11947690WA0027200255
B0106024805886N11947705WA0027300255
B0106034805879N11947720WA0027300255
B0106044805873N11947735WA0027300255
B0106054805866N11947750WA0027300255
B0106064805860N11947765WA0027200255
B0106074805853N11947781WA0027300255
B0106084805847N11947796WA0027300255
B0106094805840N11947812WA0027300255
B0106104805833N11947828WA0027300254
B0106114805827N11947844WA0027300254
B0106124805820N11947860WA0027300254
B0106134805812N11947876WA0027400254
B0106144805805N11947892WA0027500255
B0106154805798N11947908WA0027500255
B0106164805791N11947925WA0027600255
B0106174805784N11947941WA0027600256
B0106184805777N11947957WA0027700257
B0106194805770N11947974WA0027700257
B0106204805763N11947990WA0027800257
B0106214805756N11948007WA0027900258
B0106224805748N11948023WA0027900258
B0106234805741N11948040WA0028000259
B0106244805733N11948056WA0028000259
B0106254805726N11948073WA0028000259
B0106264805718N11948090WA0028000260
B0106274805711N11948108WA0028100260
B0106284805703N11948125WA0028100260
B0106294805695N11948143WA0028100260
B0106304805688N11948160WA0028000260
B0106314805680N11948178WA0028000260
B0106324805672N11948196WA0028000259
B0106334805664N11948214WA0028100259
B0106344805656N11948231WA0028000259
B0106354805648N11948249WA0028000259
B0106364805640N11948266WA0028000259
B0106374805633N11948284WA0027900259
B0106384805625N11948301WA0027900259
B0106394805617N11948318WA0027900259
B0106404805609N11948336WA0027800259
B0106414805602N11948353WA0027900258
B0106424805594N11948370WA0027800258
B0106434805586N11948387WA0027800259
B0106444805579N11948404WA0027800259
B0106454805571N11948421WA0027800258
B0106464805564N11948438WA0027800258
B0106474805556N11948455WA0027700258
B0106484805548N11948472WA0027700258
B0106494805541N11948490WA0027700259
B0106504805533N11948507WA0027700259
B0106514805525N11948524WA0027700258
B0106524805517N11948542WA0027700259
B0106534805509N11948559WA0027700258
B0106544805501N11948577WA0027700258
B0106554805493N11948594WA0027700258
B0106564805485N11948612WA0027700258
B0106574805477N11948630WA0027700258
B0106584805469N11948647WA0027600257
B0106594805461N11948665WA0027600257
B0107004805453N11948683WA0027600257
B0107014805445N11948701WA0027600257
B0107024805438N11948718WA0027700256
B0107034805430N11948736WA0027700256
B0107044805422N11948754WA0027700257
B0107054805414N11948772WA0027700257
B0107064805406N11948790WA0027700257
B0107074805398N11948808WA0027700257
B0107084805390N11948825WA0027700258
B0107094805382N11948843WA0027700258
B0107104805374N11948861WA0027700258
B0107114805365N11948879WA0027800258
B0107124805357N11948897WA0027700258
B0107134805349N11948915WA0027800259
B0107144805341N11948933WA0027800259
B0107154805333N11948950WA0027800259
B0107164805325N11948968WA0027800259
B0107174805318N11948986WA0027800259
B0107184805310N11949004WA0027800260
B0107194805302N11949022WA0027900260
B0107204805294N11949040WA0027900260
B0107214805286N11949058WA0027900260
B0107224805278N11949076WA0027900260
B0107234805270N11949095WA0027900260
B0107244805262N11949113WA0028000261
B0107254805255N11949131WA0028000261
B0107264805247N11949150WA0028100261
B0107274805240N11949168WA0028100261
B0107284805233N11949187WA0028100261
B0107294805226N11949206WA0028100262
B0107304805219N11949225WA0028100262
B0107314805212N11949244WA0028100262
B0107324805205N11949263WA0028100262
B0107334805198N11949283WA0028200262
B0107344805191N11949302WA0028200262
B0107354805185N11949321WA0028200263
B0107364805178N11949341WA0028200263
B0107374805171N11949360WA0028200263
B0107384805165N11949380WA0028200263
B0107394805159N11949399WA0028200263
B0107404805153N11949419WA0028200263
B0107414805147N11949439WA0028200263
B0107424805141N11949458WA0028200263
B0107434805135N11949478WA0028200263
B0107444805129N11949497WA0028200263
B0107454805123N11949517WA0028200263
B0107464805117N11949536WA0028200262
B0107474805111N11949555WA0028200262
B0107484805105N11949575WA0028200262
B0107494805099N11949594WA0028300262
B0107504805093N11949614WA0028200262
B0107514805087N11949633WA0028200262
B0107524805082N11949653WA0028200262
B0107534805076N11949672WA0028200262
B0107544805070N11949692WA0028200262
B0107554805064N11949712WA0028200262
B0107564805058N11949731WA0028200262
B0107574805052N11949751WA0028200262
B0107584805046N11949771WA0028200261
B0107594805040N11949791WA0028200261
B0108004805034N11949810WA0028200261
B0108014805028N11949830WA0028100261
B0108024805022N11949850WA0028200261
B0108034805016N11949870WA0028100261
B0108044805010N11949890WA0028200261
B0108054805004N11949911WA0028200261
B0108064804998N11949931WA0028200261
B0108074804992N11949951WA0028200261
B0108084804986N11949971WA0028200261
B0108094804980N11949992WA0028200261
B0108104804974N11950012WA0028200261
B0108114804967N11950033WA0028200261
B0108124804961N11950053WA0028200261
B0108134804955N11950074WA0028200260
B0108144804949N11950094WA0028200260
B0108154804943N11950115WA0028100260
B0108164804936N11950135WA0028100260
B0108174804930N11950156WA0028100259
B0108184804924N11950177WA0028100259
B0108194804918N11950198WA0028100259
B0108204804912N11950219WA0028000258
B0108214804905N11950240WA0028000258
B0108224804899N11950262WA0028000257
B0108234804892N11950283WA0028000257
B0108244804886N11950304WA0027900257
B0108254804880N11950325WA0027900257
B0108264804873N11950346WA0027800257
B0108274804867N11950367WA0027800256
B0108284804860N11950388WA0027800256
B0108294804854N11950409WA0027800256
B0108304804848N11950430WA0027800256
B0108314804842N11950451WA0027800256
B0108324804836N11950472WA0027800256
B0108334804829N11950492WA0027800256
B0108344804823N11950513WA0027800256
B0108354804817N11950534WA0027800256
B0108364804811N11950554WA0027800256
B0108374804805N11950575WA0027800256
B0108384804798N11950596WA0027800256
B0108394804792N11950616WA0027800256
B0108404804786N11950637WA0027900256
B0108414804780N11950658WA0027800256
B0108424804774N11950678WA0027900257
B0108434804767N11950699WA0027900257
B0108444804761N11950719WA0027900257
B0108454804754N11950739WA0027900257
B0108464804747N11950759WA0027900257
B0108474804739N11950779WA0028000257
B0108484804731N11950798WA0027900257
B0108494804723N11950816WA0028000257
B0108504804714N11950835WA0028000257
B0108514804706N11950854WA0028000258
B0108524804698N11950872WA0027900258
B0108534804689N11950891WA0028000258
B0108544804681N11950909WA0028000258
B0108554804672N11950928WA0028000258
B0108564804664N11950947WA0028000258
B0108574804655N11950965WA0028000258
B0108584804647N11950984WA0028000258
B0108594804638N11951003WA0028000258
B0109004804630N11951022WA0028000258
B0109014804621N11951040WA0028000258
B0109024804612N11951059WA0028000258
B0109034804604N11951079WA0028000258
B0109044804595N11951098WA0028000258
B0109054804586N11951117WA0028000258
B0109064804577N11951136WA0028000258
B0109074804568N11951154WA0028000258
B0109084804558N11951173WA0027900257
B0109094804548N11951191WA0027900257
B0109104804538N11951208WA0027800256
B0109114804527N11951226WA0027800256
B0109124804517N11951244WA0027700255
B0109134804506N11951262WA0027700255
B0109144804496N11951280WA0027700254
B0109154804485N11951298WA0027700254
B0109164804475N11951317WA0027600253
B0109174804464N11951335WA0027600253
B0109184804453N11951353WA0027500252
B0109194804442N11951372WA0027400251
B0109204804432N11951390WA0027400250
B0109214804421N11951409WA0027300250
B0109224804410N11951427WA0027300249
B0109234804400N11951445WA0027200249
B0109244804389N11951464WA0027100248
B0109254804379N11951482WA0027100247
B0109264804368N11951501WA0027100247
B0109274804358N11951520WA0027100247
B0109284804348N11951538WA0027000246
B0109294804338N11951557WA0027000246
B0109304804327N11951576WA0027000246
B0109314804317N11951594WA0027000246
B0109324804307N11951613WA0027000245
B0109334804296N11951631WA0027000246
B0109344804286N11951650WA0027000246
B0109354804275N11951668WA0027000245
B0109364804265N11951687WA0027000245
B0109374804255N11951706WA0026900245
B0109384804245N11951724WA0026900245
B0109394804235N11951743WA0026900245
B0109404804225N11951762WA0026900245
B0109414804216N11951781WA0026900245
B0109424804207N11951801WA0026900245
B0109434804198N11951821WA0026900245
B0109444804190N11951841WA0026900245
B0109454804182N11951862WA0026900245
B0109464804174N11951883WA0026900245
B0109474804166N11951904WA0026900245
B0109484804159N11951924WA0026900245
B0109494804151N11951945WA0026800245
B0109504804143N11951966WA0026800245
B0109514804135N11951986WA0026800244
B0109524804127N11952007WA0026800244
B0109534804119N11952028WA0026800244
B0109544804111N11952048WA0026800245
B0109554804103N11952069WA0026800245
B0109564804096N11952090WA0026800245
B0109574804088N11952111WA0026800245
B0109584804080N11952132WA0026800245
B0109594804072N11952153WA0026800245
B0110004804064N11952174WA0026700245
B0110014804056N11952195WA0026700245
B0110024804048N11952216WA0026700245
B0110034804040N11952237WA0026800245
B0110044804032N11952258WA0026700244
B0110054804024N11952279WA0026700244
B0110064804016N11952301WA0026700244
B0110074804007N11952322WA0026700244
B0110084803999N11952343WA0026700244
B0110094803991N11952365WA0026700243
B0110104803983N11952386WA0026700243
B0110114803975N11952408WA0026700243
B0110124803967N11952429WA0026700243
B0110134803959N11952450WA0026700243
B0110144803951N11952472WA0026700243
B0110154803943N11952493WA0026800243
B0110164803935N11952513WA0026700244
B0110174803927N11952534WA0026800244
B0110184803919N11952555WA0026800244
B0110194803911N11952575WA0026800244
B0110204803903N11952596WA0026700244
B0110214803896N11952616WA0026700244
B0110224803888N11952636WA0026700244
B0110234803881N11952655WA0026700244
B0110244803874N11952675WA0026600244
B0110254803866N11952693WA0026600244
B0110264803860N11952712WA0026600244
B0110274803853N11952730WA0026600244
B0110284803847N11952748WA0026600244
B0110294803842N11952766WA0026600244
B0110304803837N11952783WA0026600244
B0110314803833N11952801WA0026600244
B0110324803830N11952818WA0026600244
B0110334803826N11952835WA0026600244
B0110344803824N11952853WA0026600244
B0110354803821N11952870WA0026600244
B0110364803818N11952887WA0026600244
B0110374803816N11952904WA0026600244
B0110384803813N11952921WA0026600244
B0110394803810N11952938WA0026600244
B0110404803807N11952955WA0026600243
B0110414803805N11952972WA0026600243
B0110424803802N11952989WA0026700243
B0110434803798N11953006WA0026700243
B0110444803794N11953023WA0026700243
B0110454803790N11953040WA0026700243
B0110464803785N11953057WA0026700243
B0110474803779N11953073WA0026700243
B0110484803773N11953089WA0026700243
B0110494803767N11953105WA0026700243
B0110504803760N11953121WA0026700243
B0110514803753N11953136WA0026700243
B0110524803746N11953152WA0026700243
B0110534803739N11953168WA0026700243
B0110544803733N11953184WA0026700243
B0110554803725N11953200WA0026700243
B0110564803718N11953216WA0026700243
B0110574803711N11953232WA0026800243
B0110584803704N11953248WA0026800243
B0110594803696N11953265WA0026800243
B0111004803689N11953282WA0026800243
B0111014803682N11953299WA0026800243
B0111024803675N11953316WA0026800244
B0111034803667N11953333WA0026800244
B0111044803660N11953350WA0026800244
B0111054803652N11953367WA0026800244
B0111064803645N11953384WA0026800244
B0111074803638N11953401WA0026800245
B0111084803631N11953418WA0026900245
B0111094803623N11953436WA0026900245
B0111104803616N11953453WA0026900245
B0111114803609N11953470WA0026900246
B0111124803601N11953487WA0026900246
B0111134803594N11953504WA0027000246
B0111144803586N11953521WA0027000246
B0111154803579N11953538WA0027000246
B0111164803571N11953555WA0027000246
B0111174803564N11953573WA0027000246
B0111184803557N11953590WA0027000247
B0111194803549N11953607WA0027000247
B0111204803541N11953624WA0027100247
B0111214803533N11953640WA0027100247
B0111224803525N11953657WA0027100247
B0111234803516N11953673WA0027100247
B0111244803508N11953690WA0027100248
B0111254803500N11953706WA0027100248
B0111264803491N11953722WA0027100248
B0111274803482N11953737WA0027100248
B0111284803473N11953752WA0027100248
B0111294803464N11953765WA0027000248
B0111304803455N11953778WA0027000248
B0111314803445N11953790WA0027000248
B0111324803436N11953802WA0026900248
B0111334803426N11953814WA0026900248
B0111344803417N11953826WA0026900247
B0111354803407N11953838WA0026800247
B0111364803398N11953850WA0026800246
B0111374803388N11953863WA0026700246
B0111384803378N11953875WA0026600245
B0111394803369N11953888WA0026600245
B0111404803360N11953901WA0026600244
B0111414803351N11953914WA0026500243
B0111424803342N11953927WA0026500243
B0111434803334N11953940WA0026500243
B0111444803325N11953953WA0026500243
B0111454803317N11953966WA0026500243
B0111464803309N11953979WA0026500244
B0111474803300N11953991WA0026400244
B0111484803292N11954004WA0026400244
B0111494803284N11954016WA0026400244
B0111504803276N11954028WA0026500244
B0111514803268N11954041WA0026500244
B0111524803260N11954053WA0026500244
B0111534803252N11954065WA0026500244
B0111544803245N11954077WA0026500244
B0111554803237N11954089WA0026500244
B0111564803229N11954101WA0026500244
B0111574803221N11954113WA0026500245
B0111584803213N11954124WA0026500245
B0111594803205N11954135WA0026600245
B0112004803196N11954145WA0026600245
B0112014803187N11954154WA0026600245
B0112024803177N11954162WA0026600245
B0112034803167N11954169WA0026600245
B0112044803157N11954175WA0026600246
B0112054803147N11954181WA0026600246
B0112064803137N11954186WA0026600246
B0112074803126N11954190WA0026600246
B0112084803115N11954194WA0026600246
B0112094803105N11954196WA0026600246
B0112104803094N11954198WA0026600246
B0112114803083N11954199WA0026600246
B0112124803072N11954198WA0026600246
B0112134803062N11954196WA0026600246
B0112144803051N11954194WA0026600246
B0112154803041N11954191WA0026600246
B0112164803030N11954187WA0026600246
B0112174803020N11954183WA0026600245
B0112184803010N11954178WA0026600245
B0112194803000N11954172WA0026600245
B0112204802990N11954164WA0026600245
B0112214802981N11954157WA0026600245
B0112224802971N11954148WA0026600245
B0112234802962N11954140WA0026600245
B0112244802952N11954131WA0026600245
B0112254802942N11954123WA0026700245
B0112264802932N11954114WA0026700245
B0112274802922N11954106WA0026600245
B0112284802912N11954097WA0026700245
B0112294802902N11954088WA0026700245
B0112304802892N11954079WA0026700245
B0112314802882N11954069WA0026700245
B0112324802871N11954060WA0026700245
B0112334802861N11954050WA0026700245
B0112344802850N11954039WA0026700245
B0112354802839N11954029WA0026700245
B0112364802828N11954018WA0026800245
B0112374802817N11954007WA0026800245
B0112384802806N11953996WA0026900246
B0112394802795N11953986WA0026900246
B0112404802783N11953976WA0027000247
B0112414802772N11953966WA0027100247
B0112424802760N11953956WA0027100248
B0112434802748N11953947WA0027200249
B0112444802737N11953938WA0027300250
B0112454802725N11953929WA0027400250
B0112464802713N11953920WA0027500251
B0112474802701N11953912WA0027600252
B0112484802689N11953903WA0027700253
B0112494802677N11953895WA0027700254
B0112504802664N11953887WA0027800255
B0112514802652N11953879WA0027800255
B0112524802640N11953872WA0028000256
B0112534802627N11953865WA0028100257
B0112544802615N11953858WA0028200258
B0112554802602N11953851WA0028200259
B0112564802590N11953844WA0028300259
B0112574802577N11953838WA0028300260
B0112584802564N11953832WA0028400260
B0112594802551N11953826WA0028400261
B0113004802538N11953820WA0028500261
B0113014802524N11953815WA0028500262
B0113024802511N11953810WA0028600262
B0113034802497N11953805WA0028700262
B0113044802483N11953800WA0028700263
B0113054802470N11953796WA0028800263
B0113064802456N11953791WA0028800264
B0113074802441N11953787WA0028900264
B0113084802427N11953783WA0028900264
B0113094802413N11953779WA0028900265
B0113104802398N11953774WA0029000265
B0113114802384N11953770WA0029000265
B0113124802370N11953766WA0029100266
B0113134802355N11953762WA0029200267
B0113144802340N11953757WA0029300267
B0113154802326N11953753WA0029400268
B0113164802311N11953749WA0029500269
B0113174802297N11953745WA0029500270
B0113184802282N11953740WA0029600270
B0113194802267N11953736WA0029700271
B0113204802253N11953732WA0029700272
B0113214802238N11953728WA0029900273
B0113224802224N11953723WA0030000274
B0113234802209N11953719WA0030100275
B0113244802195N11953715WA0030100275
B0113254802180N11953711WA0030200276
B0113264802165N11953706WA0030300277
B0113274802151N11953702WA0030400278
B0113284802136N11953698WA0030500279
B0113294802122N11953693WA0030600280
B0113304802107N11953689WA0030700281
B0113314802093N11953685WA0030700282
B0113324802078N11953681WA0030800283
B0113334802063N11953676WA0030900284
B0113344802049N11953672WA0031100285
B0113354802034N11953668WA0031100285
B0113364802020N11953663WA0031200286
B0113374802005N11953659WA0031300287
B0113384801990N11953654WA0031300288
B0113394801975N11953650WA0031300288
B0113404801961N11953646WA0031400289
B0113414801946N11953641WA0031500289
B0113424801931N11953637WA0031500290
B0113434801916N11953632WA0031600290
B0113444801901N11953628WA0031600291
B0113454801886N11953623WA0031700291
B0113464801870N11953619WA0031700292
B0113474801855N11953614WA0031800292
B0113484801839N11953609WA0031800293
B0113494801824N11953605WA0031800293
B0113504801808N11953600WA0031800293
B0113514801793N11953596WA0031900293
B0113524801777N11953591WA0031800294
B0113534801762N11953586WA0031900294
B0113544801747N11953582WA0031900294
B0113554801732N11953577WA0031900294
B0113564801716N11953573WA0031900294
B0113574801701N11953568WA0031900294
B0113584801686N11953563WA0031900294
B0113594801671N11953558WA0031900294
B0114004801656N11953554WA0031900294
B0114014801641N11953549WA0031900294
B0114024801626N11953544WA0031900294
B0114034801611N11953539WA0031900294
B0114044801596N11953535WA0031800293
B0114054801581N11953530WA0031700293
B0114064801566N11953525WA0031800293
B0114074801550N11953520WA0031700292
B0114084801535N11953516WA0031600292
B0114094801519N11953511WA0031600291
B0114104801504N11953506WA0031500291
B0114114801488N11953501WA0031400290
B0114124801472N11953496WA0031300289
B0114134801457N11953492WA0031300288
B0114144801441N11953487WA0031200288
B0114154801425N11953482WA0031100287
B0114164801409N11953477WA0031000286
B0114174801394N11953472WA0030900285
B0114184801378N11953468WA0030800284
B0114194801362N11953463WA0030700283
B0114204801345N11953458WA0030700283
B0114214801329N11953453WA0030700282
B0114224801313N11953448WA0030600281
B0114234801297N11953443WA0030600281
B0114244801280N11953438WA0030500280
B0114254801264N11953433WA0030500280
B0114264801248N11953429WA0030500280
B0114274801231N11953424WA0030500280
B0114284801215N11953419WA0030500280
B0114294801199N11953414WA0030500279
B0114304801182N11953409WA0030500279
B0114314801166N11953404WA0030400279
B0114324801150N11953399WA0030400279
B0114334801134N11953395WA0030400279
B0114344801118N11953390WA0030400279
B0114354801102N11953385WA0030500279
B0114364801086N11953380WA0030400279
B0114374801070N11953375WA0030400279
B0114384801054N11953370WA0030400279
B0114394801038N11953366WA0030400279
B0114404801021N11953361WA0030500279
B0114414801005N11953356WA0030500279
B0114424800989N11953351WA0030500279
B0114434800973N11953346WA0030500278
B0114444800957N11953341WA0030500278
B0114454800941N11953337WA0030500278
B0114464800924N11953332WA0030400278
B0114474800908N11953327WA0030400278
B0114484800892N11953322WA0030500278
B0114494800876N11953317WA0030500278
B0114504800859N11953312WA0030500278
B0114514800843N11953307WA0030400278
B0114524800827N11953302WA0030400278
B0114534800811N11953297WA0030400278
B0114544800794N11953292WA0030400278
B0114554800778N11953287WA0030400278
B0114564800762N11953283WA0030400278
B0114574800745N11953278WA0030300278
B0114584800729N11953273WA0030400278
B0114594800713N11953268WA0030400279
B0115004800696N11953263WA0030400279
B0115014800680N11953258WA0030400279
B0115024800663N11953253WA0030400279
B0115034800647N11953248WA0030500279
B0115044800630N11953243WA0030400279
B0115054800614N11953238WA0030400279
B0115064800597N11953233WA0030400279
B0115074800581N11953228WA0030400279
B0115084800564N11953223WA0030400279
B0115094800548N11953218WA0030500279
B0115104800531N11953213WA0030500279
B0115114800515N11953208WA0030500279
B0115124800498N11953203WA0030500279
B0115134800482N11953198WA0030400279
B0115144800465N11953193WA0030500279
B0115154800449N11953188WA0030400279
B0115164800432N11953183WA0030400279
B0115174800416N11953178WA0030400279
B0115184800399N11953173WA0030400279
B0115194800383N11953169WA0030500279
B0115204800367N11953164WA0030500279
B0115214800350N11953159WA0030500279
B0115224800334N11953154WA0030400279
B0115234800318N11953149WA0030500279
B0115244800301N11953144WA0030500279
B0115254800285N11953139WA0030400279
B0115264800269N11953134WA0030400279
B0115274800253N11953129WA0030400279
B0115284800237N11953124WA0030400279
B0115294800221N11953120WA0030300279
B0115304800205N11953115WA0030300278
B0115314800189N11953110WA0030300278
B0115324800173N11953105WA0030200278
B0115334800157N11953101WA0030200278
B0115344800141N11953096WA0030200278
B0115354800125N11953091WA0030200278
B0115364800109N11953086WA0030200278
B0115374800093N11953081WA0030200278
B0115384800078N11953077WA0030100278
B0115394800062N11953072WA0030100277
B0115404800046N11953067WA0030100277
B0115414800031N11953063WA0030100277
B0115424800015N11953058WA0030100277
B0115434800000N11953053WA0030100276
B0115444759984N11953049WA0030000276
B0115454759969N11953044WA0030000276
B0115464759954N11953040WA0030000275
B0115474759939N11953036WA0030000275
B0115484759924N11953032WA0029800274
B0115494759909N11953030WA0029800274
B0115504759893N11953028WA0029700273
B0115514759878N11953026WA0029600273
B0115524759863N11953025WA0029600272
B0115534759848N11953024WA0029500272
B0115544759833N11953024WA0029500271
B0115554759818N11953024WA0029500270
B0115564759803N11953025WA0029400269
B0115574759788N11953026WA0029300269
B0115584759773N11953028WA0029200268
B0115594759757N11953030WA0029100267
B0116004759742N11953033WA0029000266
B0116014759727N11953036WA0028900265
B0116024759712N11953041WA0028900264
B0116034759697N11953045WA0028800263
B0116044759682N11953051WA0028600262
B0116054759667N11953056WA0028500261
B0116064759652N11953061WA0028400261
B0116074759637N11953067WA0028300260
B0116084759622N11953073WA0028300260
B0116094759607N11953078WA0028200259
B0116104759593N11953084WA0028100258
B0116114759578N11953089WA0028000257
B0116124759564N11953095WA0027800256
B0116134759549N11953100WA0027800255
B0116144759535N11953106WA0027700254
B0116154759521N11953111WA0027600253
B0116164759506N11953117WA0027600252
B0116174759492N11953122WA0027500252
B0116184759478N11953128WA0027300251
B0116194759463N11953133WA0027300250
B0116204759449N11953139WA0027200249
B0116214759434N11953144WA0027100248
B0116224759420N11953150WA0027100247
B0116234759405N11953155WA0027000246
B0116244759391N11953161WA0026900246
B0116254759377N11953166WA0026800245
B0116264759363N11953172WA0026800245
B0116274759348N11953177WA0026800244
B0116284759334N11953183WA0026700244
B0116294759319N11953188WA0026700244
B0116304759305N11953193WA0026700244
B0116314759291N11953199WA0026700244
B0116324759276N11953205WA0026800244
B0116334759262N11953211WA0026700244
B0116344759248N11953218WA0026700244
B0116354759233N11953225WA0026700244
B0116364759219N11953232WA0026700244
B0116374759205N11953240WA0026700244
B0116384759191N11953248WA0026700244
B0116394759177N11953256WA0026700244
B0116404759163N11953265WA0026700244
B0116414759149N11953273WA0026700244
B0116424759135N11953282WA0026700244
B0116434759121N11953290WA0026700244
B0116444759107N11953299WA0026700244
B0116454759092N11953308WA0026700244
B0116464759078N11953316WA0026700244
B0116474759064N11953324WA0026700245
B0116484759050N11953333WA0026700245
B0116494759036N11953341WA0026700245
B0116504759022N11953349WA0026700245
B0116514759007N11953356WA0026700245
B0116524758993N11953362WA0026600245
B0116534758979N11953367WA0026700245
B0116544758964N11953370WA0026700245
B0116554758950N11953372WA0026600244
B0116564758936N11953373WA0026700245
B0116574758922N11953373WA0026700244
B0116584758908N11953371WA0026700245
B0116594758894N11953369WA0026700245
B0117004758880N11953365WA0026700244
B0117014758866N11953360WA0026700244
B0117024758853N11953354WA0026700244
B0117034758839N11953346WA0026700244
B0117044758826N11953338WA0026800243
B0117054758813N11953330WA0026800243
B0117064758799N11953322WA0026700243
B0117074758786N11953314WA0026700243
B0117084758773N11953305WA0026700242
B0117094758759N11953297WA0026700242
B0117104758746N11953289WA0026700242
B0117114758733N11953280WA0026700242
B0117124758720N11953272WA0026600242
B0117134758707N11953264WA0026600242
B0117144758694N11953257WA0026600241
B0117154758681N11953251WA0026600241
B0117164758668N11953245WA0026600241
B0117174758655N11953240WA0026600241
B0117184758642N11953237WA0026600241
B0117194758629N11953234WA0026600241
B0117204758616N11953233WA0026600241
B0117214758602N11953231WA0026600241
B0117224758589N11953232WA0026600241
B0117234758576N11953233WA0026600242
B0117244758562N11953236WA0026600241
B0117254758549N11953239WA0026600241
B0117264758536N11953243WA0026600242
B0117274758523N11953248WA0026600242
B0117284758510N11953253WA0026700242
B0117294758497N11953258WA0026700242
B0117304758484N11953264WA0026800243
B0117314758471N11953268WA0026800243
B0117324758459N11953273WA0026800244
B0117334758446N11953278WA0026800245
B0117344758434N11953281WA0026900246
B0117354758422N11953284WA0027000246
B0117364758410N11953286WA0027000247
B0117374758398N11953286WA0027100247
B0117384758385N11953286WA0027100247
B0117394758373N11953285WA0027100248
B0117404758361N11953282WA0027100248
B0117414758349N11953279WA0027100248
B0117424758337N11953274WA0027100248
B0117434758325N11953269WA0027200248
B0117444758313N11953262WA0027100247
B0117454758302N11953254WA0027100247
B0117464758290N11953245WA0027100247
B0117474758279N11953235WA0027100246
B0117484758267N11953225WA0027100246
B0117494758256N11953215WA0027100246
B0117504758244N11953204WA0027100246
B0117514758232N11953194WA0027100246
B0117524758221N11953183WA0027100246
B0117534758209N11953172WA0027100246
B0117544758197N11953161WA0027100245
B0117554758185N11953150WA0027100245
B0117564758174N11953139WA0027100246
B0117574758162N11953128WA0027100245
B0117584758150N11953117WA0027000246
B0117594758138N11953107WA0027000246
B0118004758126N11953096WA0027000246
B0118014758115N11953085WA0027000245
B0118024758103N11953073WA0027000246
B0118034758092N11953062WA0027000246
B0118044758080N11953050WA0027000246
B0118054758069N11953037WA0027100245
B0118064758058N11953024WA0027100245
B0118074758047N11953010WA0027000245
B0118084758036N11952996WA0027000245
B0118094758026N11952982WA0027000245
B0118104758015N11952968WA0027000245
B0118114758004N11952954WA0027000245
B0118124757993N11952939WA0027000245
B0118134757982N11952925WA0027000245
B0118144757971N11952911WA0027000245
B0118154757960N11952896WA0027000245
B0118164757949N11952882WA0027000245
B0118174757938N11952867WA0027000245
B0118184757926N11952852WA0026900245
B0118194757915N11952838WA0026900245
B0118204757904N11952823WA0026800244
B0118214757893N11952808WA0026800244
B0118224757881N11952793WA0026800244
B0118234757870N11952779WA0026800244
B0118244757859N11952764WA0026800243
B0118254757848N11952749WA0026700244
B0118264757837N11952735WA0026700243
B0118274757826N11952720WA0026700243
B0118284757815N11952706WA0026700242
B0118294757804N11952691WA0026600242
B0118304757793N11952677WA0026600241
B0118314757782N11952663WA0026600241
B0118324757771N11952650WA0026600241
B0118334757761N11952637WA0026600241
B0118344757750N11952625WA0026600241
B0118354757738N11952614WA0026500241
B0118364757727N11952604WA0026600240
B0118374757715N11952595WA0026600240
B0118384757703N11952587WA0026500240
B0118394757691N11952580WA0026600241
B0118404757678N11952574WA0026600241
B0118414757665N11952570WA0026600241
B0118424757652N11952566WA0026600241
B0118434757639N11952563WA0026600241
B0118444757625N11952560WA0026600241
B0118454757612N11952558WA0026600241
B0118464757598N11952555WA0026600241
B0118474757585N11952553WA0026600241
B0118484757571N11952550WA0026600241
B0118494757557N11952548WA0026600241
B0118504757544N11952546WA0026600241
B0118514757530N11952545WA0026700241
B0118524757516N11952544WA0026700242
B0118534757502N11952544WA0026700242
B0118544757489N11952545WA0026700242
B0118554757475N11952546WA0026700242
B0118564757461N11952547WA0026700243
B0118574757447N11952550WA0026700243
B0118584757434N11952553WA0026800243
B0118594757420N11952556WA0026800243
B0119004757406N11952560WA0026900244
B0119014757393N11952563WA0026900244
B0119024757379N11952567WA0027100245
B0119034757366N11952570WA0027100246
B0119044757353N11952574WA0027100247
B0119054757340N11952577WA0027300249
B0119064757327N11952581WA0027400249
B0119074757314N11952585WA0027400251
B0119084757301N11952589WA0027600252
B0119094757288N11952592WA0027600253
B0119104757275N11952596WA0027700254
B0119114757262N11952600WA0027700255
B0119124757249N11952603WA0027900256
B0119134757236N11952607WA0028000257
B0119144757223N11952610WA0028100258
B0119154757210N11952614WA0028200259
B0119164757197N11952618WA0028300260
B0119174757184N11952621WA0028300261
B0119184757172N11952625WA0028400262
B0119194757159N11952629WA0028400262
B0119204757146N11952632WA0028600263
B0119214757133N11952636WA0028700264
B0119224757120N11952640WA0028700265
B0119234757107N11952644WA0028900266
B0119244757094N11952648WA0028900266
B0119254757081N11952651WA0028900267
B0119264757068N11952655WA0029000268
B0119274757055N11952659WA0029100268
B0119284757042N11952663WA0029200269
B0119294757028N11952667WA0029300269
B0119304757015N11952671WA0029300270
B0119314757001N11952675WA0029300270
B0119324756988N11952679WA0029400270
B0119334756974N11952683WA0029400271
B0119344756960N11952687WA0029500271
B0119354756946N11952691WA0029500271
B0119364756932N11952695WA0029500271
B0119374756919N11952699WA0029500271
B0119384756905N11952704WA0029500272
B0119394756891N11952709WA0029500272
B0119404756878N11952714WA0029500272
B0119414756864N11952720WA0029500272
B0119424756851N11952727WA0029500272
B0119434756838N11952734WA0029500272
B0119444756825N11952741WA0029500273
B0119454756812N11952749WA0029500273
B0119464756799N11952757WA0029500274
B0119474756787N11952766WA0029600274
B0119484756774N11952775WA0029600274
B0119494756762N11952785WA0029600275
B0119504756750N11952795WA0029600275
B0119514756738N11952805WA0029700275
B0119524756726N11952815WA0029700275
B0119534756714N11952826WA0029600276
B0119544756702N11952836WA0029700276
B0119554756690N11952846WA0029700276
B0119564756678N11952856WA0029600276
B0119574756666N11952866WA0029600276
B0119584756654N11952875WA0029500276
B0119594756642N11952884WA0029500276
B0120004756629N11952892WA0029500275
B0120014756617N11952900WA0029500275
B0120024756604N11952907WA0029500275
B0120034756590N11952913WA0029500274
B0120044756577N11952919WA0029500274
B0120054756563N11952925WA0029500274
B0120064756550N11952930WA0029400274
B0120074756536N11952934WA0029400274
B0120084756522N11952938WA0029400273
B0120094756507N11952941WA0029400273
B0120104756493N11952944WA0029400272
B0120114756478N11952945WA0029300272
B0120124756464N11952947WA0029300272
B0120134756449N11952948WA0029200271
B0120144756434N11952947WA0029200271
B0120154756419N11952947WA0029100270
B0120164756404N11952945WA0029100269
B0120174756388N11952943WA0029100269
B0120184756373N11952941WA0029000269
B0120194756358N11952939WA0029000268
B0120204756343N11952937WA0028900268
B0120214756328N11952935WA0028900268
B0120224756313N11952933WA0028900267
B0120234756297N11952931WA0028900267
B0120244756282N11952930WA0028800266
B0120254756267N11952929WA0028800266
B0120264756252N11952928WA0028700265
B0120274756237N11952927WA0028700265
B0120284756222N11952927WA0028600264
B0120294756208N11952926WA0028600264
B0120304756193N11952926WA0028500264
B0120314756178N11952926WA0028500263
B0120324756164N11952925WA0028400263
B0120334756149N11952925WA0028400263
B0120344756135N11952925WA0028500263
B0120354756121N11952924WA0028500263
B0120364756106N11952924WA0028500263
B0120374756092N11952924WA0028500263
B0120384756078N11952923WA0028500263
B0120394756064N11952923WA0028500263
B0120404756049N11952922WA0028500262
B0120414756035N11952921WA0028700262
B0120424756021N11952921WA0028700262
B0120434756006N11952921WA0028700262
B0120444755992N11952920WA0028700262
B0120454755978N11952920WA0028700262
B0120464755964N11952920WA0028600262
B0120474755951N11952920WA0028600263
B0120484755937N11952921WA0028700263
B0120494755923N11952923WA0028700263
B0120504755910N11952926WA0028700263
B0120514755896N11952929WA0028700263
B0120524755882N11952933WA0028700264
B0120534755869N11952938WA0028800264
B0120544755856N11952943WA0028900265
B0120554755843N11952949WA0028900265
B0120564755830N11952956WA0028900265
B0120574755817N11952964WA0028900266
B0120584755804N11952972WA0028900266
B0120594755791N11952981WA0028900266
B0121004755779N11952991WA0029000267
B0121014755767N11953002WA0029000267
B0121024755756N11953013WA0029100267
B0121034755744N11953025WA0029200268
B0121044755733N11953038WA0029200268
B0121054755722N11953050WA0029300269
B0121064755712N11953064WA0029300269
B0121074755702N11953078WA0029300270
B0121084755692N11953092WA0029300270
B0121094755682N11953107WA0029400270
B0121104755673N11953122WA0029400271
B0121114755664N11953137WA0029500271
B0121124755654N11953152WA0029500271
B0121134755645N11953168WA0029500272
B0121144755635N11953183WA0029500272
B0121154755626N11953198WA0029500273
B0121164755616N11953213WA0029600274
B0121174755607N11953228WA0029700274
B0121184755597N11953243WA0029700274
B0121194755587N11953257WA0029700275
B0121204755577N11953272WA0029800275
B0121214755567N11953286WA0029800276
B0121224755557N11953300WA0029900276
B0121234755546N11953314WA0029900276
B0121244755535N11953328WA0030000277
B0121254755525N11953341WA0029900277
B0121264755514N11953355WA0030000277
B0121274755503N11953368WA0030000277
B0121284755492N11953382WA0030000276
B0121294755481N11953395WA0030000276
B0121304755470N11953409WA0030100276
B0121314755459N11953422WA0030100276
B0121324755448N11953436WA0030000276
B0121334755437N11953449WA0030000276
B0121344755425N11953462WA0030000276
B0121354755414N11953476WA0029900276
B0121364755403N11953489WA0029900276
B0121374755392N11953503WA0029900275
B0121384755381N11953516WA0029900275
B0121394755370N11953530WA0029800275
B0121404755359N11953544WA0029800274
B0121414755348N11953558WA0029700274
B0121424755338N11953572WA0029700273
B0121434755328N11953587WA0029700273
B0121444755318N11953602WA0029600272
B0121454755308N11953617WA0029600272
B0121464755298N11953633WA0029500271
B0121474755288N11953649WA0029500270
B0121484755279N11953665WA0029400270
B0121494755269N11953681WA0029400269
B0121504755260N11953698WA0029300268
B0121514755251N11953715WA0029200268
B0121524755242N11953731WA0029100267
B0121534755233N11953748WA0029100266
B0121544755224N11953765WA0029000266
B0121554755214N11953782WA0029000265
B0121564755205N11953799WA0028900264
B0121574755196N11953816WA0028900264
B0121584755186N11953833WA0028900263
B0121594755177N11953850WA0028800263
B0122004755168N11953868WA0028800262
B0122014755158N11953885WA0028700261
B0122024755149N11953902WA0028600260
B0122034755139N11953920WA0028500260
B0122044755130N11953937WA0028400259
B0122054755120N11953955WA0028400258
B0122064755111N11953973WA0028400258
B0122074755101N11953991WA0028400257
B0122084755091N11954008WA0028300257
B0122094755081N11954026WA0028300256
B0122104755072N11954044WA0028300256
B0122114755062N11954062WA0028300256
B0122124755052N11954080WA0028300256
B0122134755042N11954098WA0028300255
B0122144755032N11954116WA0028300255
B0122154755023N11954134WA0028300255
B0122164755013N11954152WA0028300254
B0122174755003N11954169WA0028300254
B0122184754992N11954186WA0028300254
B0122194754982N11954203WA0028200254
B0122204754971N11954219WA0028100254
B0122214754960N11954234WA0028100254
B0122224754949N11954250WA0028100253
B0122234754938N11954265WA0028000253
B0122244754926N11954279WA0028000253
B0122254754915N11954294WA0028000252
B0122264754903N11954309WA0027900252
B0122274754892N11954323WA0027900252
B0122284754880N11954338WA0027800251
B0122294754869N11954353WA0027800251
B0122304754857N11954367WA0027700250
B0122314754845N11954382WA0027700250
B0122324754834N11954396WA0027700250
B0122334754822N11954411WA0027700249
B0122344754810N11954425WA0027700249
B0122354754799N11954440WA0027700249
B0122364754787N11954454WA0027600248
B0122374754775N11954469WA0027600248
B0122384754764N11954484WA0027500248
B0122394754752N11954498WA0027500247
B0122404754740N11954513WA0027400247
B0122414754728N11954528WA0027400246
B0122424754716N11954543WA0027400246
B0122434754704N11954558WA0027400246
B0122444754692N11954573WA0027300245
B0122454754681N11954588WA0027300245
B0122464754669N11954603WA0027200245
B0122474754657N11954618WA0027200244
B0122484754645N11954632WA0027200244
B0122494754634N11954647WA0027200244
B0122504754622N11954661WA0027200244
B0122514754610N11954676WA0027200243
B0122524754598N11954690WA0027100243
B0122534754587N11954704WA0027100243
B0122544754575N11954717WA0027100243
B0122554754563N11954731WA0027100243
B0122564754551N11954745WA0027100243
B0122574754540N11954758WA0027100242
B0122584754528N11954772WA0027100242
B0122594754517N11954785WA0027100242
B0123004754505N11954798WA0027000242
B0123014754494N11954812WA0027000241
B0123024754482N11954825WA0027000241
B0123034754470N11954838WA0027000241
B0123044754459N11954852WA0027000241
B0123054754447N11954865WA0026900240
B0123064754436N11954878WA0026800240
B0123074754424N11954891WA0026800240
B0123084754413N11954905WA0026700239
B0123094754401N11954918WA0026700239
B0123104754390N11954931WA0026700239
B0123114754378N11954945WA0026700238
B0123124754367N11954958WA0026600238
B0123134754355N11954971WA0026600238
B0123144754343N11954983WA0026600237
B0123154754331N11954995WA0026600237
B0123164754318N11955007WA0026600237
B0123174754306N11955017WA0026600237
B0123184754293N11955028WA0026600237
B0123194754280N11955038WA0026500236
B0123204754266N11955047WA0026500236
B0123214754253N11955056WA0026500236
B0123224754239N11955064WA0026500235
B0123234754225N11955071WA0026400235
B0123244754211N11955078WA0026400235
B0123254754197N11955085WA0026300235
B0123264754182N11955091WA0026300234
B0123274754168N11955096WA0026200234
B0123284754153N11955100WA0026200234
B0123294754139N11955104WA0026200233
B0123304754124N11955107WA0026200233
B0123314754110N11955109WA0026100233
B0123324754095N11955111WA0026100233
B0123334754081N11955112WA0026100233
B0123344754066N11955112WA0026100233
B0123354754052N11955112WA0026100232
B0123364754037N11955112WA0026100232
B0123374754023N11955110WA0026100232
B0123384754008N11955108WA0026100232
B0123394753993N11955106WA0026100232
B0123404753979N11955104WA0026100232
B0123414753964N11955103WA0026000232
B0123424753950N11955101WA0026000232
B0123434753935N11955099WA0026000232
B0123444753921N11955097WA0026100232
B0123454753906N11955095WA0026000232
B0123464753892N11955092WA0026000232
B0123474753877N11955090WA0026100232
B0123484753863N11955088WA0026100232
B0123494753848N11955085WA0026000232
B0123504753834N11955081WA0026100232
B0123514753820N11955077WA0026100232
B0123524753805N11955073WA0026100232
B0123534753791N11955068WA0026100232
B0123544753777N11955063WA0026000232
B0123554753763N11955057WA0026000232
B0123564753749N11955052WA0026000232
B0123574753735N11955047WA0026100232
B0123584753721N11955042WA0026000232
B0123594753707N11955036WA0026000232
B0124004753693N11955031WA0026000232
B0124014753680N11955026WA0026000232
B0124024753666N11955021WA0026000232
B0124034753652N11955016WA0026000232
B0124044753639N11955012WA0026000232
B0124054753625N11955009WA0026000232
B0124064753612N11955006WA0026000232
B0124074753598N11955003WA0026000232
B0124084753585N11955002WA0026000232
B0124094753571N11955001WA0026000232
B0124104753557N11955000WA0026000232
B0124114753543N11955000WA0026000232
B0124124753529N11955001WA0026000232
B0124134753515N11955002WA0026000232
B0124144753501N11955004WA0026000232
B0124154753487N11955007WA0026000231
B0124164753474N11955010WA0026000231
B0124174753460N11955014WA0026000231
B0124184753446N11955017WA0026000231
B0124194753433N11955021WA0026000231
B0124204753419N11955024WA0026000231
B0124214753405N11955028WA0026000231
B0124224753392N11955031WA0026000231
B0124234753378N11955034WA0026000231
B0124244753365N11955037WA0026000232
B0124254753351N11955040WA0026000232
B0124264753338N11955042WA0026000232
B0124274753324N11955043WA0026000232
B0124284753311N11955044WA0026100232
B0124294753297N11955043WA0026100232
B0124304753284N11955042WA0026100232
B0124314753270N11955040WA0026100232
B0124324753256N11955039WA0026200232
B0124334753243N11955037WA0026100232
B0124344753229N11955036WA0026100232
B0124354753215N11955034WA0026100232
B0124364753201N11955033WA0026100232
B0124374753187N11955031WA0026200232
B0124384753174N11955029WA0026200233
B0124394753160N11955028WA0026200233
B0124404753146N11955026WA0026200233
B0124414753132N11955024WA0026200233
B0124424753118N11955023WA0026200233
B0124434753104N11955021WA0026300233
B0124444753090N11955020WA0026300234
B0124454753077N11955018WA0026400234
B0124464753063N11955016WA0026400234
B0124474753050N11955015WA0026400235
B0124484753036N11955014WA0026500236
B0124494753022N11955013WA0026600236
B0124504753009N11955012WA0026600237
B0124514752996N11955012WA0026600237
B0124524752982N11955014WA0026700238
B0124534752969N11955016WA0026700239
B0124544752956N11955018WA0026800240
B0124554752943N11955022WA0026900241
B0124564752930N11955026WA0027000242
B0124574752916N11955030WA0027100243
B0124584752903N11955035WA0027100244
B0124594752890N11955039WA0027200245
B0125004752877N11955044WA0027300246
B0125014752864N11955048WA0027400247
B0125024752851N11955053WA0027500248
B0125034752838N11955058WA0027600249
B0125044752825N11955062WA0027700250
B0125054752812N11955067WA0027700250
B0125064752799N11955072WA0027800251
B0125074752786N11955076WA0027900252
B0125084752773N11955081WA0028000253
B0125094752760N11955085WA0028100254
B0125104752747N11955090WA0028300255
B0125114752734N11955094WA0028300256
B0125124752721N11955099WA0028300257
B0125134752708N11955103WA0028400258
B0125144752695N11955108WA0028600259
B0125154752682N11955112WA0028600260
B0125164752669N11955117WA0028800261
B0125174752657N11955122WA0028800261
B0125184752644N11955126WA0028900262
B0125194752631N11955131WA0028900263
B0125204752618N11955135WA0029000264
B0125214752605N11955140WA0029100265
B0125224752592N11955144WA0029200266
B0125234752579N11955149WA0029300267
B0125244752566N11955153WA0029400268
B0125254752553N11955158WA0029500269
B0125264752541N11955162WA0029500269
B0125274752528N11955167WA0029600270
B0125284752515N11955171WA0029700271
B0125294752502N11955176WA0029700272
B0125304752489N11955181WA0029900273
B0125314752476N11955185WA0030000273
B0125324752463N11955190WA0030100274
B0125334752451N11955194WA0030100275
B0125344752438N11955199WA0030100276
B0125354752425N11955203WA0030200276
B0125364752412N11955208WA0030300277
B0125374752398N11955212WA0030400278
B0125384752385N11955217WA0030400278
B0125394752372N11955222WA0030500279
B0125404752359N11955226WA0030600279
B0125414752345N11955231WA0030600279
B0125424752332N11955236WA0030600280
B0125434752318N11955240WA0030600280
B0125444752304N11955245WA0030600280
B0125454752290N11955250WA0030600280
B0125464752276N11955255WA0030700280
B0125474752262N11955260WA0030700280
B0125484752249N11955265WA0030600280
B0125494752235N11955271WA0030600280
B0125504752221N11955277WA0030600280
B0125514752208N11955283WA0030600280
B0125524752194N11955290WA0030600280
B0125534752181N11955297WA0030600280
B0125544752167N11955305WA0030600280
B0125554752154N11955312WA0030600281
B0125564752141N11955320WA0030600281
B0125574752128N11955327WA0030600281
B0125584752114N11955335WA0030600281
B0125594752101N11955342WA0030600281
B0126004752088N11955350WA0030600281
B0126014752075N11955357WA0030600281
B0126024752063N11955364WA0030600281
B0126034752050N11955372WA0030500281
B0126044752038N11955379WA0030600281
B0126054752026N11955387WA0030600281
B0126064752014N11955395WA0030700281
B0126074752001N11955404WA0030700281
B0126084751990N11955413WA0030700282
B0126094751978N11955423WA0030700282
B0126104751966N11955433WA0030700282
B0126114751954N11955443WA0030700282
B0126124751943N11955454WA0030700282
B0126134751931N11955465WA0030700282
B0126144751920N11955476WA0030700282
B0126154751909N11955488WA0030700282
B0126164751898N11955500WA0030700282
B0126174751887N11955512WA0030700282
B0126184751876N11955525WA0030700282
B0126194751865N11955537WA0030700282
B0126204751854N11955550WA0030700282
B0126214751843N11955562WA0030700282
B0126224751832N11955575WA0030700282
B0126234751821N11955588WA0030700282
B0126244751810N11955601WA0030700282
B0126254751799N11955614WA0030700281
B0126264751788N11955626WA0030700281
B0126274751777N11955639WA0030700281
B0126284751766N11955652WA0030700281
B0126294751756N11955664WA0030700281
B0126304751745N11955677WA0030600281
B0126314751734N11955689WA0030600280
B0126324751723N11955702WA0030500280
B0126334751712N11955714WA0030500280
B0126344751701N11955727WA0030500279
B0126354751690N11955740WA0030400279
B0126364751679N11955752WA0030300278
B0126374751668N11955765WA0030300278
B0126384751657N11955778WA0030200277
B0126394751646N11955790WA0030100276
B0126404751635N11955803WA0030100276
B0126414751624N11955816WA0030000275
B0126424751613N11955829WA0029900274
B0126434751602N11955842WA0029900273
B0126444751591N11955855WA0029800273
B0126454751581N11955869WA0029700272
B0126464751571N11955883WA0029600271
B0126474751561N11955897WA0029600270
B0126484751551N11955912WA0029500270
B0126494751541N11955927WA0029500269
B0126504751532N11955943WA0029400268
B0126514751522N11955958WA0029400267
B0126524751513N11955975WA0029200267
B0126534751504N11955991WA0029200266
B0126544751495N11956007WA0029000265
B0126554751486N11956024WA0029000264
B0126564751477N11956040WA0028900263
B0126574751468N11956056WA0028900263
B0126584751459N11956073WA0028800262
B0126594751450N11956089WA0028800261
B0127004751441N11956106WA0028700260
B0127014751432N11956123WA0028600260
B0127024751423N11956139WA0028500259
B0127034751414N11956156WA0028400258
B0127044751405N11956173WA0028300257
B0127054751396N11956189WA0028300256
B0127064751387N11956206WA0028200255
B0127074751378N11956222WA0028100254
B0127084751370N11956239WA0028000254
B0127094751363N11956256WA0027900253
B0127104751355N11956273WA0027800252
B0127114751349N11956291WA0027700251
B0127124751342N11956308WA0027700250
B0127134751336N11956326WA0027700249
B0127144751331N11956344WA0027600249
B0127154751326N11956362WA0027500248
B0127164751321N11956381WA0027400247
B0127174751316N11956399WA0027300247
B0127184751312N11956419WA0027200246
B0127194751308N11956438WA0027200245
B0127204751305N11956458WA0027100244
B0127214751302N11956478WA0027100243
B0127224751300N11956498WA0027100242
B0127234751298N11956518WA0027000241
B0127244751296N11956539WA0027000240
B0127254751295N11956560WA0026900239
B0127264751294N11956580WA0026800238
B0127274751294N11956601WA0026700237
B0127284751294N11956622WA0026700237
B0127294751294N11956644WA0026600236
B0127304751295N11956665WA0026500235
B0127314751295N11956686WA0026500234
B0127324751296N11956707WA0026400233
B0127334751296N11956729WA0026300233
B0127344751296N11956750WA0026200232
B0127354751297N11956772WA0026100231
B0127364751297N11956793WA0026000230
B0127374751298N11956814WA0026000229
B0127384751298N11956836WA0025900228
B0127394751298N11956857WA0025900228
B0127404751299N11956879WA0025800227
B0127414751299N11956900WA0025700226
B0127424751300N11956921WA0025600226
B0127434751300N11956943WA0025600225
B0127444751300N11956963WA0025600225
B0127454751301N11956984WA0025500224
B0127464751301N11957005WA0025400224
B0127474751302N11957025WA0025500223
B0127484751302N11957046WA0025400223
B0127494751302N11957067WA0025400223
B0127504751301N11957087WA0025500223
B0127514751300N11957108WA0025500223
B0127524751299N11957129WA0025400223
B0127534751297N11957149WA0025500223
B0127544751295N11957170WA0025500223
B0127554751291N11957191WA0025400223
B0127564751288N11957211WA0025500223
B0127574751283N11957231WA0025400223
B0127584751278N11957251WA0025400223
B0127594751272N11957271WA0025400223
B0128004751266N11957290WA0025400223
B0128014751259N11957309WA0025400224
B0128024751251N11957328WA0025400224
B0128034751243N11957346WA0025500224
B0128044751234N11957364WA0025500224
B0128054751225N11957381WA0025400224
B0128064751215N11957397WA0025400224
B0128074751205N11957413WA0025500224
B0128084751194N11957428WA0025600224
B0128094751183N11957443WA0025500224
B0128104751172N11957457WA0025600224
B0128114751160N11957469WA0025600224
B0128124751147N11957482WA0025500224
B0128134751134N11957493WA0025500224
B0128144751121N11957503WA0025500224
B0128154751108N11957513WA0025500224
B0128164751095N11957523WA0025500224
B0128174751082N11957533WA0025400224
B0128184751070N11957543WA0025400225
B0128194751057N11957552WA0025400225
B0128204751045N11957562WA0025400225
B0128214751033N11957572WA0025400225
B0128224751021N11957582WA0025400225
B0128234751010N11957593WA0025400225
B0128244750999N11957604WA0025400225
B0128254750989N11957616WA0025400225
B0128264750978N11957627WA0025400225
B0128274750967N11957639WA0025400225
B0128284750957N11957650WA0025400225
B0128294750946N11957662WA0025400225
B0128304750935N11957672WA0025400226
B0128314750923N11957683WA0025400226
B0128324750911N11957692WA0025400226
B0128334750899N11957701WA0025400226
B0128344750887N11957710WA0025500226
B0128354750874N11957717WA0025400226
B0128364750861N11957724WA0025400226
B0128374750848N11957730WA0025400226
B0128384750835N11957735WA0025400226
B0128394750821N11957741WA0025400226
B0128404750808N11957747WA0025500226
B0128414750794N11957753WA0025400226
B0128424750781N11957759WA0025500226
B0128434750767N11957764WA0025400226
B0128444750754N11957770WA0025400226
B0128454750740N11957776WA0025400226
B0128464750726N11957782WA0025500226
B0128474750712N11957787WA0025400226
B0128484750698N11957793WA0025500226
B0128494750684N11957798WA0025500226
B0128504750671N11957804WA0025500226
B0128514750657N11957810WA0025400226
B0128524750643N11957816WA0025400226
B0128534750630N11957822WA0025400226
B0128544750616N11957827WA0025400227
B0128554750602N11957832WA0025400227
B0128564750589N11957836WA0025400227
B0128574750575N11957839WA0025400227
B0128584750561N11957842WA0025400227
B0128594750547N11957844WA0025400227
B0129004750533N11957845WA0025500227
B0129014750519N11957845WA0025500227
B0129024750505N11957844WA0025500227
B0129034750490N11957844WA0025400227
B0129044750476N11957843WA0025400227
B0129054750462N11957843WA0025400227
B0129064750448N11957844WA0025400226
B0129074750434N11957845WA0025400226
B0129084750420N11957848WA0025400226
B0129094750406N11957851WA0025400226
B0129104750392N11957854WA0025400226
B0129114750378N11957858WA0025400226
B0129124750364N11957862WA0025500226
B0129134750350N11957866WA0025500226
B0129144750336N11957870WA0025400226
B0129154750323N11957874WA0025400226
B0129164750309N11957878WA0025400226
B0129174750295N11957882WA0025400226
B0129184750281N11957885WA0025400226
B0129194750267N11957889WA0025400226
B0129204750254N11957894WA0025400225
B0129214750240N11957898WA0025400225
B0129224750227N11957904WA0025400225
B0129234750213N11957910WA0025400225
B0129244750200N11957917WA0025400225
B0129254750187N11957926WA0025400225
B0129264750175N11957935WA0025400225
B0129274750162N11957945WA0025400225
B0129284750150N11957955WA0025500225
B0129294750137N11957965WA0025500225
B0129304750125N11957976WA0025500225
B0129314750113N11957986WA0025500225
B0129324750101N11957997WA0025500225
B0129334750088N11958007WA0025500225
B0129344750076N11958018WA0025600225
B0129354750064N11958028WA0025600225
B0129364750052N11958038WA0025600225
B0129374750040N11958049WA0025500225
B0129384750027N11958059WA0025600225
B0129394750015N11958070WA0025500225
B0129404750003N11958080WA0025500225
B0129414749991N11958090WA0025500225
B0129424749979N11958101WA0025500225
B0129434749966N11958111WA0025400225
B0129444749954N11958121WA0025400225
B0129454749942N11958131WA0025400226
B0129464749930N11958141WA0025400226
B0129474749917N11958150WA0025500226
B0129484749904N11958158WA0025500226
B0129494749892N11958167WA0025400226
B0129504749879N11958174WA0025400226
B0129514749865N11958181WA0025400226
B0129524749852N11958188WA0025500226
B0129534749838N11958194WA0025400226
B0129544749825N11958199WA0025500226
B0129554749811N11958204WA0025600226
B0129564749796N11958208WA0025500226
B0129574749782N11958212WA0025400226
B0129584749768N11958216WA0025400226
B0129594749753N11958219WA0025400226
B0130004749739N11958223WA0025400226
B0130014749725N11958227WA0025400226
B0130024749710N11958231WA0025400226
B0130034749696N11958235WA0025400226
B0130044749681N11958238WA0025500226
B0130054749667N11958242WA0025400226
B0130064749653N11958246WA0025400226
B0130074749638N11958250WA0025400226
B0130084749624N11958254WA0025400226
B0130094749610N11958258WA0025400226
B0130104749596N11958262WA0025500226
B0130114749582N11958266WA0025400226
B0130124749568N11958271WA0025400226
B0130134749554N11958277WA0025400226
B0130144749541N11958284WA0025400226
B0130154749528N11958292WA0025400226
B0130164749514N11958300WA0025400226
B0130174749502N11958309WA0025500226
B0130184749489N11958319WA0025500226
B0130194749476N11958328WA0025400226
B0130204749463N11958337WA0025400227
B0130214749450N11958346WA0025400227
B0130224749437N11958355WA0025600227
B0130234749424N11958364WA0025600227
B0130244749411N11958374WA0025500227
B0130254749398N11958383WA0025600228
B0130264749385N11958392WA0025600228
B0130274749372N11958402WA0025600228
B0130284749359N11958411WA0025600228
B0130294749346N11958420WA0025600229
B0130304749334N11958428WA0025600229
B0130314749322N11958437WA0025600229
B0130324749309N11958446WA0025500230
B0130334749298N11958454WA0025500230
B0130344749286N11958461WA0025600230
B0130354749274N11958468WA0025600230
B0130364749262N11958475WA0025600230
B0130374749251N11958481WA0025600230
B0130384749239N11958486WA0025600230
B0130394749228N11958491WA0025600230
B0130404749217N11958494WA0025600230
B0130414749205N11958498WA0025600230
B0130424749194N11958500WA0025600231
B0130434749183N11958502WA0025600231
B0130444749171N11958504WA0025600231
B0130454749160N11958505WA0025600231
B0130464749148N11958506WA0025600231
B0130474749137N11958506WA0025700231
B0130484749125N11958506WA0025600231
B0130494749115N11958506WA0025600231
B0130504749104N11958505WA0025600230
B0130514749094N11958503WA0025500230
B0130524749085N11958501WA0025600230
B0130534749076N11958499WA0025500230
B0130544749068N11958498WA0025500230
B0130554749061N11958497WA0025500230
B0130564749055N11958496WA0025500230
B0130574749050N11958495WA0025400230
B0130584749045N11958495WA0025400230
B0130594749042N11958497WA0025500230
B0131004749040N11958499WA0025500230
B0131014749038N11958502WA0025500230
B0131024749036N11958507WA0025600230
B0131034749034N11958512WA0025500230
B0131044749032N11958519WA0025500230
B0131054749029N11958525WA0025600230
B0131064749027N11958532WA0025500230
B0131074749024N11958539WA0025500229
B0131084749022N11958547WA0025500229
B0131094749020N11958556WA0025400229
B0131104749018N11958564WA0025400229
B0131114749018N11958573WA0025400228
B0131124749018N11958583WA0025400228
B0131134749018N11958592WA0025400227
B0131144749020N11958601WA0025400227
B0131154749021N11958611WA0025400227
B0131164749023N11958621WA0025400227
B0131174749024N11958631WA0025400227
B0131184749026N11958641WA0025400227
B0131194749027N11958651WA0025400227
B0131204749028N11958660WA0025400227
B0131214749029N11958669WA0025400227
B0131224749028N11958678WA0025400227
B0131234749027N11958687WA0025400228
B0131244749025N11958696WA0025400228
B0131254749022N11958704WA0025400228
B0131264749018N11958712WA0025400228
B0131274749013N11958719WA0025500228
B0131284749007N11958725WA0025500229
B0131294749000N11958730WA0025500229
B0131304748993N11958735WA0025600230
B0131314748986N11958740WA0025700230
B0131324748978N11958745WA0025700231
B0131334748970N11958750WA0025700231
B0131344748962N11958756WA0025800231
B0131354748954N11958761WA0025800232
B0131364748946N11958767WA0025800232
B0131374748938N11958772WA0025900232
B0131384748930N11958778WA0025900232
B0131394748921N11958784WA0026000233
B0131404748913N11958790WA0026000233
B0131414748905N11958796WA0026000233
B0131424748896N11958801WA0026000234
B0131434748888N11958807WA0026000234
B0131444748880N11958813WA0026000234
B0131454748872N11958818WA0026000235
B0131464748864N11958823WA0026000235
B0131474748857N11958828WA0026000236
B0131484748851N11958833WA0026000236
B0131494748845N11958837WA0026100236
B0131504748840N11958840WA0026100237
B0131514748836N11958843WA0026100237
B0131524748832N11958845WA0026100238
B0131534748830N11958847WA0026100238
B0131544748828N11958848WA0026100239
B0131554748827N11958849WA0026200239
B0131564748827N11958849WA0026200239
B0131574748826N11958850WA0026200240
B0131584748826N11958850WA0026200240
B0131594748825N11958850WA0026200240
B0132004748824N11958851WA0026200240
B0132014748823N11958851WA0026300240
B0132024748821N11958850WA0026300240
B0132034748819N11958848WA0026300240
B0132044748817N11958844WA0026300240
B0132054748816N11958840WA0026300239
B0132064748814N11958835WA0026200239
B0132074748812N11958831WA0026200239
B0132084748810N11958826WA0026200238
B0132094748806N11958823WA0026100238
B0132104748803N11958820WA0026100238
B0132114748798N11958820WA0026000237
B0132124748793N11958821WA0026000236
B0132134748788N11958823WA0026000236
B0132144748782N11958826WA0026000235
B0132154748776N11958830WA0026000235
B0132164748769N11958833WA0026000234
B0132174748761N11958837WA0025900233
B0132184748753N11958842WA0025800232
B0132194748744N11958846WA0025800232
B0132204748735N11958851WA0025800231
B0132214748726N11958855WA0025700231
B0132224748716N11958860WA0025700231
B0132234748707N11958865WA0025700231
B0132244748697N11958871WA0025800231
B0132254748686N11958876WA0025800231
B0132264748676N11958881WA0025800231
B0132274748665N11958887WA0025800231
B0132284748655N11958892WA0025800231
B0132294748644N11958898WA0025800231
B0132304748633N11958904WA0025800231
B0132314748622N11958909WA0025800231
B0132324748610N11958914WA0025700231
B0132334748599N11958919WA0025700230
B0132344748587N11958922WA0025700230
B0132354748575N11958924WA0025600229
B0132364748564N11958927WA0025500229
B0132374748552N11958929WA0025500228
B0132384748540N11958933WA0025400228
B0132394748528N11958938WA0025400227
B0132404748516N11958944WA0025400226
B0132414748504N11958950WA0025400226
B0132424748491N11958956WA0025300225
B0132434748479N11958962WA0025200225
B0132444748467N11958968WA0025300224
B0132454748455N11958974WA0025200224
B0132464748443N11958980WA0025300224
B0132474748430N11958986WA0025200224
B0132484748418N11958992WA0025300224
B0132494748406N11958999WA0025200224
B0132504748394N11959005WA0025300224
B0132514748382N11959011WA0025200224
B0132524748370N11959017WA0025200224
B0132534748358N11959023WA0025200224
B0132544748347N11959029WA0025200225
B0132554748336N11959034WA0025200225
B0132564748325N11959040WA0025200225
B0132574748314N11959045WA0025200225
B0132584748303N11959051WA0025200225
B0132594748293N11959056WA0025200226
B0133004748282N11959062WA0025200226
B0133014748272N11959067WA0025200226
B0133024748262N11959072WA0025200227
B0133034748252N11959077WA0025200227
B0133044748242N11959082WA0025200227
B0133054748232N11959087WA0025200227
B0133064748222N11959092WA0025200227
B0133074748213N11959096WA0025200227
B0133084748204N11959101WA0025300228
B0133094748194N11959105WA0025300228
B0133104748185N11959108WA0025400228
B0133114748175N11959112WA0025400229
B0133124748166N11959117WA0025400229
B0133134748156N11959121WA0025400230
B0133144748147N11959126WA0025500230
B0133154748139N11959130WA0025500231
B0133164748130N11959135WA0025500231
B0133174748122N11959139WA0025500232
B0133184748115N11959142WA0025500232
B0133194748107N11959146WA0025500232
B0133204748100N11959150WA0025400232
B0133214748094N11959153WA0025400231
B0133224748089N11959156WA0025400231
B0133234748084N11959159WA0025400231
B0133244748079N11959160WA0025400231
B0133254748075N11959160WA0025300230
B0133264748072N11959158WA0025300230
B0133274748069N11959155WA0025300230
B0133284748067N11959151WA0025300229
B0133294748065N11959147WA0025300229
B0133304748064N11959143WA0025300229
B0133314748063N11959138WA0025300228
B0133324748061N11959134WA0025300228
B0133334748060N11959129WA0025300227
B0133344748058N11959123WA0025200226
B0133354748057N11959116WA0025200225
B0133364748055N11959109WA0025100224
B0133374748053N11959102WA0025000223
B0133384748051N11959095WA0025000222
B0133394748049N11959088WA0024900222
B0133404748047N11959082WA0024900222
B0133414748046N11959077WA0024900222
B0133424748043N11959073WA0025000222
B0133434748041N11959071WA0025000222
B0133444748037N11959071WA0025000222
B0133454748034N11959071WA0025000222
B0133464748030N11959073WA0025000223
B0133474748026N11959075WA0025000223
B0133484748022N11959077WA0025000224
B0133494748017N11959080WA0025100224
B0133504748011N11959084WA0025100224
B0133514748006N11959087WA0025100224
B0133524748000N11959091WA0025100225
B0133534747993N11959095WA0025100225
B0133544747987N11959099WA0025100225
B0133554747980N11959103WA0025100225
B0133564747973N11959107WA0025100225
B0133574747967N11959111WA0025100225
B0133584747960N11959115WA0025100225
B0133594747953N11959119WA0025100226
B0134004747947N11959123WA0025100226
B0134014747941N11959127WA0025100226
B0134024747935N11959130WA0025100226
B0134034747929N11959134WA0025100226
B0134044747923N11959138WA0025100226
B0134054747918N11959141WA0025000226
B0134064747913N11959144WA0025000226
B0134074747909N11959147WA0024900226
B0134084747905N11959149WA0025000226
B0134094747901N11959150WA0025000226
B0134104747898N11959149WA0024900227
B0134114747896N11959147WA0024900227
B0134124747894N11959144WA0024900226
B0134134747893N11959141WA0024800226
B0134144747891N11959138WA0024800225
B0134154747890N11959136WA0024800224
B0134164747888N11959134WA0024800224
B0134174747886N11959133WA0024700224
B0134184747884N11959133WA0024700223
B0134194747882N11959133WA0024700223
B0134204747881N11959131WA0024700222
B0134214747880N11959130WA0024700222
B0134224747880N11959128WA0024700222
B0134234747880N11959127WA0024700222
B0134244747880N11959126WA0024700221
B0134254747880N11959126WA0024700222
B0134264747880N11959126WA0024700222
B0134274747880N11959126WA0024700222
B0134284747879N11959126WA0024700222
B0134294747879N11959126WA0024700221
B0134304747880N11959126WA0024700221
B0134314747880N11959126WA0024700221
B0134324747880N11959126WA0024700221
B0134334747879N11959126WA0024700221
B0134344747879N11959126WA0024700221
B0134354747879N11959126WA0024700221
B0134364747879N11959126WA0024700221
B0134374747879N11959126WA0024700221
B0134384747879N11959126WA0024700221
B0134394747879N11959126WA0024700221
B0134404747879N11959126WA0024700221
B0134414747879N11959126WA0024700221
B0134424747879N11959126WA0024700221
B0134434747879N11959126WA0024700221
B0134444747879N11959126WA0024700221
B0134454747879N11959126WA0024700221
B0134464747879N11959126WA0024700221
B0134474747879N11959126WA0024700221
B0134484747879N11959126WA0024700221
B0134494747879N11959126WA0024700221
B0134504747879N11959125WA0024700222
B0134514747879N11959125WA0024700222
B0134524747879N11959125WA0024700222
B0134534747879N11959125WA0024700222
B0134544747879N11959125WA0024700222
B0134554747879N11959125WA0024700222
B0134564747879N11959125WA0024700222
B0134574747879N11959125WA0024700222
B0134584747879N11959125WA0024700223
B0134594747879N11959125WA0024700223
B0135004747879N11959125WA0024700223
B0135014747879N11959125WA0024700223
B0135024747879N11959125WA0024700223
B0135034747879N11959125WA0024700223
B0135044747879N11959125WA0024700223
B0135054747879N11959125WA0024700223
B0135064747879N11959125WA0024700223
B0135074747879N11959125WA0024700224
B0135084747879N11959125WA0024700224
B0135094747879N11959125WA0024700224
B0135104747879N11959125WA0024700224
B0135114747879N11959125WA0024700224
B0135124747879N11959125WA0024700224
B0135134747879N11959125WA0024700224
B0135144747879N11959125WA0024700224
B0135154747879N11959125WA0024700224
B0135164747879N11959125WA0024700225
B0135174747879N11959125WA0024700225
B0135184747879N11959125WA0024700225
B0135194747879N11959125WA0024700225
B0135204747879N11959125WA0024700225
B0135214747879N11959125WA0024700225
B0135224747879N11959125WA0024700225
B0135234747879N11959125WA0024700226
B0135244747879N11959125WA0024700226
B0135254747879N11959125WA0024700226
B0135264747879N11959125WA0024700226
B0135274747879N11959125WA0024700226
B0135284747879N11959125WA0024700226
B0135294747879N11959125WA0024700226
B0135304747879N11959125WA0024700226
B0135314747879N11959125WA0024700225
B0135324747879N11959125WA0024700225
B0135334747879N11959125WA0024700225
B0135344747879N11959125WA0024700225
B0135354747879N11959125WA0024700225
B0135364747879N11959125WA0024700225
B0135374747878N11959125WA0024700225
B0135384747878N11959125WA0024700225
B0135394747878N11959125WA0024700224
B0135404747878N11959125WA0024700224
B0135414747878N11959125WA0024700224
B0135424747878N11959125WA0024700224
B0135434747878N11959125WA0024700224
B0135444747878N11959125WA0024700224
B0135454747878N11959125WA0024700224
B0135464747879N11959125WA0024700224
B0135474747879N11959125WA0024700225
B0135484747878N11959125WA0024700225
B0135494747878N11959125WA0024700225
B0135504747878N11959125WA0024700225
B0135514747878N11959125WA0024700225
B0135524747878N11959125WA0024700225
B0135534747878N11959125WA0024700225
B0135544747878N11959125WA0024700225
B0135554747878N11959125WA0024700225
B0135564747878N11959125WA0024700225
B0135574747878N11959125WA0024700225
B0135584747878N11959125WA0024700225
B0135594747878N11959125WA0024700225
B0136004747878N11959125WA0024700225
B0136014747878N11959125WA0024700225
B0136024747878N11959125WA0024700225
B0136034747878N11959125WA0024700225
B0136044747879N11959125WA0024700225
B0136054747879N11959125WA0024700226
B0136064747878N11959125WA0024700226
B0136074747878N11959125WA0024700226
B0136084747878N11959125WA0024700227
B0136094747878N11959125WA0024700227
B0136104747878N11959125WA0024700227
B0136114747878N11959124WA0024700227
B0136124747878N11959124WA0024700227
B0136134747878N11959124WA0024700227
B0136144747878N11959124WA0024700227
B0136154747878N11959124WA0024700228
B0136164747878N11959124WA0024700228
B0136174747878N11959124WA0024700228
B0136184747878N11959124WA0024700228
B0136194747878N11959124WA0024700228
B0136204747878N11959124WA0024700228
B0136214747878N11959124WA0024700228
B0136224747878N11959124WA0024700228
B0136234747878N11959124WA0024700228
B0136244747878N11959124WA0024700228
B0136254747878N11959124WA0024700228
B0136264747878N11959124WA0024700227
B0136274747878N11959124WA0024700227
B0136284747878N11959124WA0024700227
B0136294747877N11959124WA0024700227
B0136304747877N11959124WA0024700227
B0136314747877N11959124WA0024700227
B0136324747877N11959124WA0024700228
B0136334747877N11959124WA0024700228
B0136344747877N11959124WA0024700228
B0136354747877N11959124WA0024700228
B0136364747877N11959124WA0024700227
B0136374747877N11959124WA0024700227
B0136384747877N11959124WA0024700227
B0136394747877N11959124WA0024700227
B0136404747877N11959124WA0024700227
B0136414747877N11959124WA0024700227
B0136424747877N11959124WA0024700227
B0136434747877N11959124WA0024700227
B0136444747877N11959124WA0024700227
B0136454747877N11959124WA0024700227
B0136464747877N11959124WA0024700228
B0136474747877N11959124WA0024700228
B0136484747877N11959124WA0024700228
B0136494747877N11959124WA0024700228
B0136504747877N11959124WA0024700228
B0136514747877N11959124WA0024700229
B0136524747877N11959124WA0024700229
B0136534747877N11959124WA0024700229
B0136544747877N11959124WA0024700230
B0136554747877N11959124WA0024700230
B0136564747877N11959124WA0024700230
B0136574747877N11959124WA0024700230
B0136584747877N11959124WA0024700231
B0136594747877N11959124WA0024700231
B0137004747877N11959124WA0024700231
B0137014747877N11959124WA0024700231
B0137024747877N11959124WA0024700231
B0137034747877N11959124WA0024700231
B0137044747877N11959124WA0024700231
B0137054747877N11959124WA0024700231
B0137064747877N11959124WA0024700231
B0137074747877N11959124WA0024700231
B0137084747877N11959124WA0024700231
B0137094747877N11959125WA0024700231
B0137104747877N11959125WA0024700230
B0137114747877N11959125WA0024700230
B0137124747877N11959125WA0024700231
B0137134747877N11959125WA0024700231
B0137144747877N11959125WA0024700230
B0137154747877N11959125WA0024700230
B0137164747878N11959125WA0024700230
B0137174747878N11959126WA0024700230
B0137184747878N11959126WA0024700230
B0137194747878N11959126WA0024700230
B0137204747878N11959126WA0024700230
B0137214747878N11959126WA0024700230
B0137224747878N11959126WA0024700230
B0137234747879N11959126WA0024700230
B0137244747879N11959126WA0024700230
B0137254747879N11959126WA0024700229
B0137264747879N11959126WA0024700229
B0137274747879N11959126WA0024700229
B0137284747879N11959126WA0024700229
B0137294747879N11959126WA0024700229
B0137304747879N11959126WA0024700229
B0137314747879N11959126WA0024700229
B0137324747879N11959126WA0024700229
B0137334747879N11959126WA0024700230
B0137344747879N11959126WA0024700229
B0137354747879N11959126WA0024700229
B0137364747879N11959126WA0024700230
B0137374747879N11959126WA0024700230
B0137384747879N11959126WA0024700230
B0137394747880N11959126WA0024700230
B0137404747880N11959126WA0024700230
B0137414747880N11959126WA0024700230
B0137424747880N11959126WA0024700230
B0137434747880N11959126WA0024700230
B0137444747880N11959126WA0024700230
B0137454747880N11959126WA0024700230
B0137464747880N11959126WA0024700230
B0137474747880N11959126WA0024700230
B0137484747880N11959126WA0024700229
B0137494747880N11959126WA0024700229
B0137504747880N11959126WA0024700229
B0137514747880N11959126WA0024700229
B0137524747880N11959126WA0024700229
B0137534747880N11959126WA0024700229
B0137544747880N11959126WA0024700229
B0137554747880N11959126WA0024700229
B0137564747880N11959126WA0024700229
B0137574747880N11959126WA0024700229
B0137584747880N11959126WA0024700229
B0137594747880N11959126WA0024700229
B0138004747880N11959126WA0024700228
B0138014747880N11959126WA0024700228
B0138024747880N11959126WA0024700228
B0138034747880N11959126WA0024700228
B0138044747880N11959126WA0024700228
B0138054747880N11959126WA0024700228
B0138064747879N11959126WA0024700227
B0138074747879N11959126WA0024700227
B0138084747879N11959126WA0024700227
B0138094747879N11959126WA0024700227
B0138104747879N11959126WA0024700227
B0138114747879N11959126WA0024700226
B0138124747879N11959126WA0024700226
B0138134747879N11959127WA0024700226
B0138144747879N11959127WA0024700225
B0138154747879N11959127WA0024700225
B0138164747879N11959127WA0024700225
B0138174747879N11959127WA0024700225
B0138184747879N11959127WA0024700225
B0138194747879N11959127WA0024700225
B0138204747879N11959127WA0024700225
B0138214747879N11959127WA0024700225
B0138224747879N11959127WA0024700225
B0138234747879N11959127WA0024700225
B0138244747879N11959127WA0024700224
B0138254747879N11959126WA0024700224
B0138264747879N11959126WA0024700224
B0138274747879N11959126WA0024700224
B0138284747879N11959126WA0024700224
B0138294747879N11959126WA0024700224
B0138304747879N11959126WA0024700224
B0138314747879N11959126WA0024700223
B0138324747879N11959126WA0024700223
B0138334747879N11959126WA0024700223
B0138344747879N11959126WA0024700223
B0138354747879N11959126WA0024700223
B0138364747879N11959126WA0024700222
B0138374747879N11959126WA0024700222
B0138384747879N11959126WA0024700222
B0138394747879N11959126WA0024700222
B0138404747879N11959126WA0024700222
B0138414747879N11959126WA0024700222
B0138424747879N11959126WA0024700222
B0138434747880N11959126WA0024700222
B0138444747880N11959126WA0024700222
B0138454747880N11959126WA0024700222
B0138464747880N11959126WA0024700222
B0138474747880N11959126WA0024700222
B0138484747880N11959126WA0024700222
B0138494747880N11959126WA0024700222
B0138504747880N11959126WA0024700222
B0138514747880N11959126WA0024700222
B0138524747880N11959126WA0024700222
B0138534747880N11959126WA0024700222
B0138544747880N11959126WA0024700222
B0138554747880N11959126WA0024700222
B0138564747880N11959126WA0024700222
B0138574747880N11959126WA0024700222
B0138584747880N11959126WA0024700223
B0138594747880N11959126WA0024700223
B0139004747880N11959126WA0024700223
B0139014747880N11959126WA0024700223
B0139024747880N11959126WA0024700223
B0139034747880N11959126WA0024700223
B0139044747880N11959126WA0024700223
B0139054747881N11959126WA0024700223
B0139064747881N11959126WA0024700223
B0139074747881N11959125WA0024700223
B0139084747881N11959125WA0024700223
B0139094747881N11959125WA0024700223
B0139104747881N11959125WA0024700223
B0139114747881N11959125WA0024800223
B0139124747881N11959125WA0024700223
B0139134747881N11959125WA0024700223
B0139144747881N11959125WA0024700223
B0139154747881N11959125WA0024700223
B0139164747881N11959125WA0024700223
B0139174747881N11959125WA0024700223
B0139184747881N11959125WA0024700222
B0139194747881N11959125WA0024700222
B0139204747880N11959125WA0024700222
B0139214747880N11959125WA0024700222
B0139224747880N11959125WA0024600222
B0139234747880N11959125WA0024700222
B0139244747880N11959125WA0024700222
B0139254747880N11959125WA0024700222
B0139264747880N11959125WA0024700222
B0139274747880N11959125WA0024700222
B0139284747880N11959125WA0024700222
B0139294747880N11959125WA0024700222
B0139304747880N11959125WA0024700222
B0139314747880N11959125WA0024800222
B0139324747880N11959125WA0024700222
B0139334747880N11959125WA0024700222
B0139344747880N11959125WA0024700222
B0139354747880N11959125WA0024700222
B0139364747880N11959125WA0024700222
B0139374747880N11959125WA0024700222
B0139384747880N11959125WA0024700222
B0139394747880N11959125WA0024700222
B0139404747879N11959125WA0024700222
B0139414747879N11959125WA0024700222
B0139424747879N11959124WA0024700222
B0139434747879N11959124WA0024700222
B0139444747879N11959124WA0024700222
B0139454747879N11959123WA0024700222
B0139464747878N11959123WA0024700222
B0139474747878N11959122WA0024700222
B0139484747878N11959122WA0024700222
B0139494747878N11959121WA0024700222
B0139504747878N11959120WA0024700221
B0139514747878N11959118WA0024700221
B0139524747878N11959117WA0024700221
B0139534747879N11959115WA0024700222
B0139544747880N11959114WA0024700221
B0139554747881N11959114WA0024700221
B0139564747882N11959114WA0024700221
B0139574747882N11959114WA0024700221
B0139584747883N11959114WA0024700221
B0139594747884N11959115WA0024700222
B0140004747886N11959116WA0024700222
B0140014747887N11959119WA0024700222
B0140024747888N11959122WA0024800222
B0140034747888N11959125WA0024800222
B0140044747889N11959128WA0024800222
B0140054747890N11959132WA0024800222
B0140064747892N11959135WA0024900222
B0140074747893N11959139WA0024900223
B0140084747894N11959142WA0025000223
B0140094747895N11959145WA0025000224
B0140104747897N11959147WA0025000225
B0140114747898N11959149WA0025100225
B0140124747900N11959150WA0025100225
B0140134747903N11959149WA0025200225
B0140144747906N11959147WA0025200225
B0140154747910N11959145WA0025300225
B0140164747914N11959142WA0025300225
B0140174747919N11959139WA0025300225
B0140184747925N11959135WA0025400225
B0140194747931N11959131WA0025400225
B0140204747938N11959127WA0025500224
B0140214747945N11959123WA0025500224
B0140224747953N11959118WA0025600224
B0140234747960N11959114WA0025600224
B0140244747968N11959110WA0025700224
B0140254747976N11959105WA0025700224
B0140264747984N11959100WA0025900224
B0140274747993N11959094WA0025900224
B0140284748002N11959089WA0026000224
B0140294748010N11959084WA0025900224
B0140304748017N11959079WA0025700224
B0140314748024N11959075WA0025600224
B0140324748030N11959071WA0025400224
B0140334748035N11959068WA0025400224
B0140344748040N11959067WA0025200224
B0140354748044N11959067WA0025100224
B0140364748046N11959070WA0025100225
B0140374748048N11959074WA0025000224
B0140384748050N11959080WA0025100225
B0140394748052N11959086WA0025200225
B0140404748053N11959093WA0025300225
B0140414748055N11959101WA0025200225
B0140424748057N11959109WA0025300225
B0140434748059N11959117WA0025400225
B0140444748061N11959124WA0025400226
B0140454748063N11959131WA0025400227
B0140464748065N11959138WA0025400228
B0140474748067N11959144WA0025400228
B0140484748069N11959149WA0025400229
B0140494748070N11959154WA0025500229
B0140504748073N11959157WA0025400229
B0140514748075N11959159WA0025500229
B0140524748079N11959159WA0025500230
B0140534748083N11959158WA0025600230
B0140544748088N11959156WA0025700230
B0140554748093N11959153WA0025700230
B0140564748099N11959150WA0026000230
B0140574748106N11959146WA0026000230
B0140584748113N11959142WA0026000231
B0140594748121N11959138WA0026200231
B0141004748130N11959133WA0026300231
B0141014748138N11959129WA0026400231
B0141024748147N11959124WA0026300230
B0141034748157N11959120WA0026300230
B0141044748166N11959116WA0026300229
B0141054748177N11959111WA0026400229
B0141064748187N11959107WA0026300229
B0141074748197N11959103WA0026200228
B0141084748207N11959099WA0026000228
B0141094748216N11959095WA0026000227
B0141104748226N11959090WA0026000227
B0141114748235N11959085WA0026000226
B0141124748244N11959080WA0026000226
B0141134748253N11959076WA0026000226
B0141144748263N11959071WA0025900225
B0141154748272N11959066WA0025900225
B0141164748281N11959061WA0025900225
B0141174748291N11959056WA0025900225
B0141184748300N11959051WA0025800224
B0141194748309N11959047WA0025800224
B0141204748318N11959042WA0025800224
B0141214748328N11959037WA0025800224
B0141224748337N11959033WA0025800223
B0141234748346N11959028WA0025700223
B0141244748356N11959023WA0025700223
B0141254748365N11959018WA0025700223
B0141264748375N11959013WA0025600223
B0141274748384N11959008WA0025700223
B0141284748394N11959004WA0025900223
B0141294748403N11958999WA0025800223
B0141304748413N11958994WA0025900223
B0141314748422N11958989WA0025900223
B0141324748432N11958984WA0025900223
B0141334748442N11958979WA0025800223
B0141344748451N11958974WA0025900223
B0141354748461N11958969WA0026000223
B0141364748471N11958965WA0026000223
B0141374748480N11958960WA0026000223
B0141384748490N11958955WA0026000223
B0141394748500N11958950WA0026000223
B0141404748509N11958945WA0026000223
B0141414748518N11958941WA0026000224
B0141424748528N11958937WA0026000224
B0141434748538N11958933WA0026100225
B0141444748547N11958930WA0026200225
B0141454748557N11958927WA0026200226
B0141464748568N11958926WA0026500227
B0141474748578N11958924WA0026600227
B0141484748588N11958921WA0026600228
B0141494748598N11958918WA0026600228
B0141504748608N11958914WA0026600229
B0141514748618N11958909WA0026600229
B0141524748628N11958904WA0026700230
B0141534748639N11958899WA0026700231
B0141544748649N11958894WA0026800231
B0141554748659N11958888WA0026800231
B0141564748669N11958883WA0026900232
B0141574748680N11958878WA0026900231
B0141584748690N11958873WA0026900231
B0141594748701N11958867WA0026900231
B0142004748711N11958862WA0026800232
B0142014748722N11958857WA0026800232
B0142024748732N11958851WA0026900232
B0142034748742N11958846WA0026900232
B0142044748753N11958841WA0026800232
B0142054748762N11958836WA0026600233
B0142064748771N11958831WA0026600234
B0142074748780N11958827WA0026600235
B0142084748787N11958823WA0026600236
B0142094748794N11958820WA0026600237
B0142104748800N11958819WA0026600237
B0142114748806N11958819WA0026600238
B0142124748811N11958822WA0026600239
B0142134748814N11958826WA0026500239
B0142144748817N11958831WA0026500239
B0142154748819N11958835WA0026500239
B0142164748820N11958838WA0026400239
B0142174748821N11958841WA0026300240
B0142184748822N11958843WA0026400240
B0142194748822N11958845WA0026400240
B0142204748822N11958849WA0026400239
B0142214748820N11958854WA0026500240
B0142224748818N11958858WA0026500240
B0142234748814N11958862WA0026600241
B0142244748809N11958865WA0026700241
B0142254748803N11958869WA0026900241
B0142264748797N11958872WA0027100241
B0142274748790N11958877WA0027100242
B0142284748783N11958881WA0027200243
B0142294748776N11958885WA0027200244
B0142304748768N11958890WA0027300245
B0142314748760N11958895WA0027500246
B0142324748753N11958901WA0027600246
B0142334748747N11958907WA0027600247
B0142344748742N11958915WA0027700248
B0142354748738N11958926WA0028000249
B0142364748734N11958937WA0028200250
B0142374748733N11958948WA0028300250
B0142384748732N11958960WA0028200251
B0142394748734N11958972WA0028300252
B0142404748737N11958983WA0028600253
B0142414748742N11958993WA0028800254
B0142424748748N11959002WA0028800255
B0142434748755N11959008WA0028800256
B0142444748763N11959012WA0029100257
B0142454748771N11959014WA0029200258
B0142464748780N11959013WA0029300260
B0142474748788N11959009WA0029400261
B0142484748796N11959005WA0029500263
B0142494748805N11959000WA0029600263
B0142504748813N11958995WA0029800264
B0142514748822N11958989WA0029900265
B0142524748830N11958982WA0030100266
B0142534748839N11958975WA0030100267
B0142544748847N11958966WA0030400268
B0142554748855N11958957WA0030500269
B0142564748863N11958947WA0030600270
B0142574748871N11958937WA0030800272
B0142584748879N11958927WA0031100273
B0142594748886N11958915WA0031100274
B0143004748893N11958903WA0031300276
B0143014748900N11958891WA0031300277
B0143024748908N11958880WA0031500278
B0143034748916N11958869WA0031700279
B0143044748926N11958861WA0031800281
B0143054748936N11958854WA0031800282
B0143064748946N11958848WA0031900283
B0143074748957N11958845WA0032100284
B0143084748968N11958842WA0032300285
B0143094748980N11958841WA0032400287
B0143104748991N11958838WA0032700288
B0143114749002N11958833WA0032600289
B0143124749013N11958826WA0032700290
B0143134749023N11958818WA0032700292
B0143144749033N11958810WA0033000293
B0143154749043N11958802WA0033100295
B0143164749054N11958796WA0033200296
B0143174749065N11958791WA0033200297
B0143184749077N11958788WA0033400298
B0143194749089N11958786WA0033600300
B0143204749101N11958786WA0033700301
B0143214749113N11958787WA0033700302
B0143224749125N11958788WA0033800303
B0143234749137N11958788WA0033900304
B0143244749149N11958787WA0034000306
B0143254749161N11958785WA0034100307
B0143264749174N11958782WA0034300309
B0143274749186N11958780WA0034400311
B0143284749199N11958779WA0034500312
B0143294749211N11958778WA0034700313
B0143304749224N11958778WA0034900315
B0143314749237N11958777WA0035000316
B0143324749249N11958776WA0035200318
B0143334749262N11958774WA0035200319
B0143344749275N11958772WA0035300320
B0143354749288N11958770WA0035600321
B0143364749301N11958768WA0035600322
B0143374749313N11958768WA0035500323
B0143384749325N11958769WA0035600324
B0143394749337N11958771WA0035600325
B0143404749349N11958774WA0035700326
B0143414749360N11958775WA0035600327
B0143424749372N11958775WA0035700328
B0143434749383N11958773WA0035800329
B0143444749394N11958769WA0036200330
B0143454749405N11958764WA0036300331
B0143464749416N11958757WA0036200332
B0143474749427N11958749WA0036300333
B0143484749438N11958741WA0036600334
B0143494749449N11958733WA0036800335
B0143504749460N11958727WA0037000336
B0143514749472N11958722WA0037100337
B0143524749485N11958719WA0036800338
B0143534749497N11958717WA0037000339
B0143544749510N11958717WA0037200340
B0143554749522N11958716WA0037200342
B0143564749535N11958716WA0037400342
B0143574749547N11958715WA0037500343
B0143584749559N11958715WA0037400344
B0143594749570N11958715WA0037500345
B0144004749582N11958715WA0037500345
B0144014749592N11958717WA0037400346
B0144024749602N11958721WA0037300347
B0144034749611N11958727WA0037400347
B0144044749620N11958735WA0037500347
B0144054749627N11958745WA0037500347
B0144064749634N11958756WA0037500348
B0144074749639N11958769WA0037500348
B0144084749643N11958783WA0037600348
B0144094749645N11958798WA0037700349
B0144104749646N11958813WA0037700349
B0144114749646N11958828WA0038000350
B0144124749646N11958844WA0037900351
B0144134749646N11958858WA0037800351
B0144144749646N11958873WA0037800352
B0144154749646N11958886WA0037700353
B0144164749646N11958899WA0037700353
B0144174749647N11958909WA0037800353
B0144184749647N11958919WA0037700354
B0144194749648N11958927WA0037700354
B0144204749651N11958934WA0037600354
B0144214749654N11958939WA0037600354
B0144224749659N11958942WA0037600354
B0144234749665N11958943WA0037500353
B0144244749671N11958944WA0037600354
B0144254749678N11958945WA0037700354
B0144264749686N11958946WA0037800354
B0144274749694N11958947WA0037900354
B0144284749703N11958949WA0038100354
B0144294749712N11958950WA0038200354
B0144304749721N11958951WA0038200355
B0144314749731N11958953WA0038400356
B0144324749740N11958954WA0038400356
B0144334749750N11958956WA0038500358
B0144344749760N11958958WA0038700359
B0144354749770N11958959WA0038700359
B0144364749780N11958961WA0038700359
B0144374749790N11958962WA0038700360
B0144384749800N11958963WA0038800361
B0144394749811N11958963WA0038700362
B0144404749821N11958962WA0039000362
B0144414749832N11958960WA0039200363
B0144424749842N11958956WA0039300364
B0144434749852N11958951WA0039400365
B0144444749862N11958945WA0039400366
B0144454749872N11958937WA0039500366
B0144464749882N11958929WA0039500366
B0144474749890N11958918WA0039700367
B0144484749899N11958907WA0039600367
B0144494749907N11958895WA0039800367
B0144504749915N11958882WA0039800367
B0144514749923N11958868WA0039800368
B0144524749932N11958856WA0040000368
B0144534749941N11958844WA0040000369
B0144544749951N11958833WA0040000369
B0144554749962N11958823WA0040000370
B0144564749972N11958814WA0040100371
B0144574749984N11958806WA0040200372
B0144584749995N11958798WA0040400373
B0144594750007N11958791WA0040400373
B0145004750019N11958785WA0040500374
B0145014750030N11958779WA0040600375
B0145024750042N11958772WA0040700377
B0145034750054N11958765WA0040800378
B0145044750065N11958759WA0040800379
B0145054750076N11958752WA0040900380
B0145064750087N11958746WA0041000381
B0145074750097N11958740WA0040900382
B0145084750107N11958734WA0040900382
B0145094750116N11958728WA0040900383
B0145104750123N11958721WA0040800384
B0145114750130N11958715WA0040700385
B0145124750135N11958710WA0040700386
B0145134750140N11958707WA0040600387
B0145144750145N11958707WA0040500388
B0145154750148N11958709WA0040500389
B0145164750151N11958713WA0040600390
B0145174750153N11958719WA0040800391
B0145184750156N11958725WA0041000392
B0145194750158N11958732WA0041200393
B0145204750162N11958739WA0041300393
B0145214750165N11958746WA0041300394
B0145224750169N11958754WA0041300394
B0145234750173N11958763WA0041300394
B0145244750177N11958771WA0041300394
B0145254750181N11958780WA0041300394
B0145264750185N11958789WA0041300394
B0145274750189N11958797WA0041200394
B0145284750192N11958805WA0041200393
B0145294750196N11958813WA0041200393
B0145304750199N11958820WA0041100393
B0145314750201N11958827WA0041100393
B0145324750204N11958834WA0041100393
B0145334750207N11958841WA0041100392
B0145344750210N11958847WA0040900391
B0145354750213N11958853WA0040800390
B0145364750215N11958859WA0040700389
B0145374750218N11958865WA0040700389
B0145384750219N11958871WA0040700389
B0145394750220N11958877WA0040700389
B0145404750220N11958883WA0040700389
B0145414750220N11958888WA0040700389
B0145424750221N11958893WA0040700389
B0145434750221N11958899WA0040700389
B0145444750221N11958904WA0040700389
B0145454750221N11958908WA0040700389
B0145464750220N11958912WA0040700389
B0145474750220N11958916WA0040700389
B0145484750220N11958920WA0040700389
B0145494750219N11958923WA0040600389
B0145504750218N11958925WA0040600389
B0145514750217N11958927WA0040600389
B0145524750215N11958927WA0040600389
B0145534750214N11958928WA0040500388
B0145544750212N11958928WA0040500389
B0145554750211N11958927WA0040600389
B0145564750209N11958927WA0040600388
B0145574750207N11958926WA0040600388
B0145584750206N11958926WA0040500388
B0145594750205N11958925WA0040500388
B0146004750204N11958925WA0040500388
B0146014750203N11958924WA0040500388
B0146024750202N11958923WA0040400388
B0146034750201N11958923WA0040400388
B0146044750201N11958922WA0040400388
B0146054750201N11958922WA0040400389
B0146064750201N11958922WA0040400389
B0146074750201N11958922WA0040500389
B0146084750201N11958922WA0040500389
B0146094750201N11958922WA0040400389
B0146104750201N11958922WA0040500389
B0146114750201N11958922WA0040500389
B0146124750201N11958922WA0040500389
B0146134750201N11958922WA0040500389
B0146144750201N11958922WA0040500389
B0146154750201N11958922WA0040500390
B0146164750201N11958922WA0040500390
B0146174750201N11958922WA0040500390
B0146184750201N11958922WA0040500390
B0146194750201N11958922WA0040500390
B0146204750201N11958922WA0040400390
B0146214750201N11958922WA0040500390
B0146224750201N11958922WA0040500390
B0146234750201N11958922WA0040400390
B0146244750201N11958922WA0040500391
B0146254750201N11958922WA0040500391
B0146264750201N11958922WA0040500391
B0146274750201N11958922WA0040400391
B0146284750201N11958922WA0040500391
B0146294750201N11958922WA0040400391
B0146304750201N11958922WA0040500391
B0146314750201N11958922WA0040400391
B0146324750201N11958922WA0040500391
B0146334750201N11958922WA0040500391
B0146344750201N11958922WA0040500391
B0146354750201N11958922WA0040500391
B0146364750201N11958922WA0040500391
B0146374750201N11958922WA0040500391
B0146384750201N11958922WA0040500391
B0146394750201N11958922WA0040500391
B0146404750201N11958922WA0040500391
B0146414750201N11958922WA0040500391
B0146424750201N11958922WA0040500391
B0146434750201N11958922WA0040500391
B0146444750201N11958922WA0040500392
B0146454750201N11958922WA0040400392
B0146464750201N11958922WA0040500392
B0146474750201N11958922WA0040500392
B0146484750201N11958922WA0040400392
B0146494750201N11958922WA0040500392
B0146504750201N11958922WA0040500392
B0146514750201N11958922WA0040500392
B0146524750202N11958922WA0040500392
B0146534750202N11958923WA0040400392
B0146544750202N11958922WA0040500392
B0146554750202N11958923WA0040500392
B0146564750202N11958923WA0040400392
B0146574750202N11958923WA0040500392
B0146584750201N11958923WA0040400391
B0146594750201N11958923WA0040500391
B0147004750200N11958923WA0040400391
B0147014750200N11958924WA0040400390
B0147024750199N11958924WA0040400390
B0147034750199N11958924WA0040400390
B0147044750198N11958924WA0040400390
B0147054750198N11958924WA0040400389
B0147064750197N11958925WA0040400389
B0147074750197N11958925WA0040400388
B0147084750196N11958925WA0040500388
B0147094750196N11958925WA0040400388
B0147104750195N11958925WA0040400387
B0147114750195N11958925WA0040400387
B0147124750194N11958925WA0040400387
B0147134750193N11958925WA0040400387
B0147144750192N11958925WA0040400387
B0147154750192N11958925WA0040400387
B0147164750191N11958924WA0040400387
B0147174750190N11958924WA0040400387
B0147184750190N11958923WA0040400387
B0147194750189N11958923WA0040400386
B0147204750189N11958922WA0040400386
B0147214750188N11958922WA0040300386
B0147224750188N11958921WA0040300387
B0147234750187N11958921WA0040400386
B0147244750187N11958920WA0040400387
B0147254750186N11958920WA0040400387
B0147264750186N11958919WA0040400387
B0147274750185N11958918WA0040400387
B0147284750185N11958918WA0040400387
B0147294750185N11958917WA0040400387
B0147304750184N11958917WA0040400387
B0147314750184N11958916WA0040300387
B0147324750184N11958915WA0040300387
B0147334750184N11958914WA0040300387
B0147344750185N11958914WA0040300387
B0147354750185N11958914WA0040300387
B0147364750185N11958914WA0040300387
B0147374750185N11958914WA0040300387
B0147384750185N11958914WA0040300387
B0147394750185N11958913WA0040300387
B0147404750185N11958913WA0040300387
B0147414750185N11958913WA0040300387
B0147424750185N11958913WA0040300387
B0147434750185N11958913WA0040300387
B0147444750185N11958913WA0040300387
B0147454750184N11958913WA0040300387
B0147464750184N11958913WA0040300387
B0147474750184N11958913WA0040300387
B0147484750184N11958913WA0040300387
B0147494750184N11958913WA0040300387
B0147504750184N11958913WA0040300386
B0147514750184N11958913WA0040300386
B0147524750184N11958913WA0040300386
B0147534750184N11958913WA0040300386
B0147544750184N11958913WA0040300386
B0147554750184N11958913WA0040300386
B0147564750184N11958913WA0040300386
B0147574750184N11958913WA0040300386
B0147584750184N11958913WA0040300386
B0147594750184N11958913WA0040300386
B0148004750184N11958913WA0040300386
B0148014750184N11958913WA0040300386
B0148024750184N11958913WA0040300386
B0148034750184N11958913WA0040300386
B0148044750184N11958913WA0040300386
B0148054750184N11958913WA0040300386
B0148064750184N11958913WA0040300386
B0148074750184N11958913WA0040300386
B0148084750184N11958913WA0040300386
B0148094750184N11958913WA0040300386
B0148104750184N11958913WA0040300386
B0148114750184N11958913WA0040300386
B0148124750184N11958913WA0040300386
B0148134750184N11958913WA0040300386
B0148144750184N11958913WA0040300387
B0148154750184N11958913WA0040300387
B0148164750184N11958913WA0040300387
B0148174750184N11958913WA0040300387
B0148184750184N11958913WA0040300386
B0148194750184N11958913WA0040300386
B0148204750184N11958913WA0040300386
B0148214750184N11958913WA0040300386
B0148224750184N11958913WA0040300386
B0148234750184N11958913WA0040300386
B0148244750184N11958913WA0040300386
B0148254750184N11958913WA0040300386
B0148264750184N11958913WA0040300386
B0148274750184N11958913WA0040300386
B0148284750184N11958913WA0040300386
B0148294750184N11958913WA0040300386
B0148304750184N11958913WA0040300386
B0148314750184N11958913WA0040300386
B0148324750184N11958913WA0040300386
B0148334750184N11958913WA0040300385
B0148344750184N11958913WA0040300385
B0148354750184N11958913WA0040300385
B0148364750184N11958913WA0040300385
B0148374750184N11958913WA0040300385
B0148384750184N11958913WA0040300385
B0148394750184N11958913WA0040300384
B0148404750184N11958913WA0040300384
B0148414750184N11958913WA0040300384
B0148424750184N11958913WA0040300384
B0148434750184N11958913WA0040300384
B0148444750184N11958913WA0040300384
B0148454750184N11958913WA0040300384
B0148464750184N11958913WA0040300384
B0148474750184N11958913WA0040300384
B0148484750184N11958913WA0040300384
B0148494750184N11958913WA0040300384
B0148504750184N11958913WA0040300385
B0148514750184N11958913WA0040300385
B0148524750184N11958913WA0040300385
B0148534750184N11958913WA0040300385
B0148544750184N11958913WA0040300385
B0148554750184N11958913WA0040300385
B0148564750184N11958913WA0040300385
B0148574750184N11958913WA0040300385
B0148584750184N11958913WA0040300385
B0148594750184N11958913WA0040300385
B0149004750184N11958913WA0040300385
B0149014750184N11958913WA0040300385
B0149024750184N11958913WA0040300385
B0149034750184N11958913WA0040300385
B0149044750184N11958913WA0040300384
B0149054750184N11958913WA0040300384
B0149064750184N11958913WA0040300384
B0149074750184N11958913WA0040300384
B0149084750184N11958913WA0040300384
B0149094750184N11958913WA0040300384
B0149104750184N11958913WA0040300385
B0149114750184N11958913WA0040300385
B0149124750184N11958913WA0040300385
B0149134750184N11958913WA0040300385
B0149144750184N11958913WA0040300384
B0149154750184N11958912WA0040300384
B0149164750184N11958912WA0040300384
B0149174750184N11958912WA0040300384
B0149184750184N11958912WA0040300384
B0149194750184N11958912WA0040300384
B0149204750184N11958912WA0040300384
B0149214750184N11958912WA0040300384
B0149224750184N11958912WA0040300384
B0149234750184N11958912WA0040300384
B0149244750184N11958912WA0040300384
B0149254750184N11958912WA0040300384
B0149264750184N11958912WA0040300384
B0149274750184N11958912WA0040300384
B0149284750184N11958912WA0040300383
B0149294750184N11958912WA0040400383
B0149304750184N11958912WA0040300383
B0149314750184N11958912WA0040300383
B0149324750184N11958912WA0040300383
B0149334750184N11958912WA0040300383
B0149344750184N11958912WA0040300383
B0149354750184N11958912WA0040400383
B0149364750184N11958912WA0040300383
B0149374750184N11958912WA0040300383
B0149384750184N11958912WA0040300383
B0149394750184N11958912WA0040300383
B0149404750184N11958912WA0040300383
B0149414750184N11958912WA0040300383
B0149424750184N11958912WA0040300383
B0149434750184N11958912WA0040300383
B0149444750184N11958912WA0040300383
B0149454750184N11958912WA0040300383
B0149464750184N11958912WA0040300383
B0149474750184N11958912WA0040300383
B0149484750184N11958912WA0040000383
B0149494750184N11958912WA0040300382
B0149504750184N11958912WA0040300382
B0149514750184N11958912WA0040300382
B0149524750184N11958912WA0040300382
B0149534750184N11958912WA0040400382
B0149544750184N11958912WA0040300382
B0149554750184N11958912WA0040300382
B0149564750184N11958912WA0040300382
B0149574750184N11958912WA0040300382
B0149584750184N11958912WA0040300382
B0149594750184N11958912WA0040300382
B0150004750184N11958912WA0040300382
B0150014750183N11958912WA0040300382
B0150024750183N11958912WA0040300382
B0150034750183N11958912WA0040400382
B0150044750183N11958912WA0040300382
B0150054750183N11958912WA0040300382
B0150064750183N11958912WA0040400382
B0150074750183N11958912WA0040300382
B0150084750183N11958912WA0040300382
B0150094750183N11958912WA0040300382
B0150104750183N11958912WA0040300383
B0150114750183N11958912WA0040300383
B0150124750183N11958912WA0040300383
B0150134750183N11958912WA0040300382
B0150144750184N11958912WA0040300382
B0150154750184N11958912WA0040300382
B0150164750184N11958912WA0040300382
B0150174750184N11958912WA0040300382
B0150184750184N11958912WA0040300382
B0150194750184N11958912WA0040300382
B0150204750184N11958912WA0040300382
B0150214750184N11958912WA0040300382
B0150224750184N11958912WA0040300382
B0150234750184N11958912WA0040300382
B0150244750184N11958912WA0040400382
B0150254750184N11958912WA0040300382
B0150264750184N11958912WA0040300382
B0150274750184N11958912WA0040300382
B0150284750184N11958912WA0040300382
B0150294750184N11958912WA0040300381
LXFM live.flymaster.net version 1.01
LXFM Created 2024-06-26 02:00:30
LXFM flight id 1422893
G8C4AC6D65EA1767D2F54F72043D6F13C
