AXFMSFP Flymaster Live, V1.0, S/N 516214
HFFXA010
HFPLTPILOT:Austin Cox
HFGTYGLIDERTYPE: 
HFGIDGLIDERID:
HFDTM100GPSDATUM:WGS-1984
HFCIDCOMPETITIONID:8888
HFCCLCOMPETITIONCLASS:
HOSITSITE:Chelan Butte-US
HFGPS:UBLOXNEO6
HFPRSPRESSALTSENSOR:NA
HFRFWFIRMWAREVERSION:202j
HFRHWHARDWAREVERSION:1.0R2
HFFTYFRTYPE:FLYMASTER,LIVE
HFDTE160624
B1831224748240N12002296WA0111701128
B1831234748239N12002293WA0111301128
B1831244748238N12002291WA0111401128
B1831254748237N12002288WA0111201127
B1831264748236N12002283WA0111201126
B1831274748235N12002278WA0111201124
B1831284748234N12002274WA0110901122
B1831294748231N12002268WA0110101120
B1831304748229N12002260WA0110301118
B1831314748229N12002254WA0110401120
B1831324748230N12002248WA0110801123
B1831334748230N12002244WA0111101123
B1831344748229N12002240WA0110901120
B1831354748227N12002236WA0110801121
B1831364748224N12002233WA0110901122
B1831374748221N12002233WA0110901122
B1831384748217N12002233WA0111101124
B1831394748215N12002234WA0111301130
B1831404748212N12002234WA0111801134
B1831414748209N12002234WA0112001136
B1831424748207N12002234WA0112401138
B1831434748204N12002235WA0112501140
B1831444748201N12002235WA0112801141
B1831454748198N12002236WA0112901142
B1831464748195N12002238WA0112901143
B1831474748192N12002241WA0113101144
B1831484748190N12002244WA0113201145
B1831494748188N12002247WA0113301147
B1831504748185N12002251WA0113301147
B1831514748183N12002254WA0113301148
B1831524748180N12002256WA0113201148
B1831534748178N12002259WA0113201148
B1831544748176N12002263WA0113101147
B1831554748174N12002267WA0113001146
B1831564748171N12002271WA0112901146
B1831574748168N12002275WA0112801145
B1831584748164N12002278WA0112701144
B1831594748161N12002279WA0112701143
B1832004748157N12002279WA0112701143
B1832014748154N12002278WA0112601142
B1832024748150N12002277WA0112501140
B1832034748146N12002277WA0112501138
B1832044748143N12002277WA0112401136
B1832054748139N12002277WA0112301135
B1832064748135N12002277WA0112201134
B1832074748132N12002278WA0112101133
B1832084748128N12002278WA0112001132
B1832094748125N12002279WA0112001131
B1832104748121N12002279WA0111901131
B1832114748118N12002279WA0111901130
B1832124748115N12002280WA0111901129
B1832134748111N12002280WA0111801128
B1832144748107N12002281WA0111601127
B1832154748103N12002283WA0111501125
B1832164748099N12002285WA0111301123
B1832174748095N12002288WA0111201122
B1832184748092N12002290WA0111201121
B1832194748089N12002292WA0111201121
B1832204748086N12002294WA0111201121
B1832214748084N12002295WA0111201120
B1832224748081N12002297WA0110901118
B1832234748078N12002300WA0110601115
B1832244748074N12002302WA0110101111
B1832254748070N12002305WA0109901109
B1832264748067N12002308WA0109601106
B1832274748063N12002310WA0109401104
B1832284748059N12002313WA0109101101
B1832294748055N12002316WA0109101100
B1832304748052N12002319WA0109001100
B1832314748049N12002323WA0109001098
B1832324748047N12002326WA0108701097
B1832334748044N12002331WA0108601094
B1832344748040N12002337WA0108301092
B1832354748037N12002342WA0108001089
B1832364748035N12002347WA0107901088
B1832374748034N12002352WA0107701087
B1832384748033N12002357WA0107301084
B1832394748032N12002362WA0107201082
B1832404748030N12002368WA0106601078
B1832414748028N12002373WA0106201073
B1832424748025N12002380WA0105401067
B1832434748022N12002387WA0104801060
B1832444748017N12002393WA0104201054
B1832454748011N12002397WA0103901049
B1832464748005N12002400WA0103601048
B1832474747999N12002401WA0103401046
B1832484747994N12002400WA0103401046
B1832494747988N12002399WA0103401047
B1832504747983N12002398WA0103601048
B1832514747978N12002397WA0103601048
B1832524747974N12002396WA0103701048
B1832534747969N12002396WA0103701048
B1832544747963N12002395WA0103601047
B1832554747957N12002394WA0103701045
B1832564747951N12002392WA0103501044
B1832574747946N12002391WA0103401043
B1832584747940N12002389WA0103501044
B1832594747936N12002387WA0103401044
B1833004747931N12002386WA0103501044
B1833014747925N12002383WA0103501043
B1833024747920N12002381WA0103601043
B1833034747915N12002379WA0103701045
B1833044747911N12002378WA0103901047
B1833054747908N12002377WA0103901048
B1833064747904N12002376WA0103901048
B1833074747900N12002374WA0103801047
B1833084747896N12002371WA0103701045
B1833094747892N12002367WA0103701045
B1833104747890N12002362WA0103701045
B1833114747889N12002356WA0103901045
B1833124747889N12002351WA0103901046
B1833134747889N12002346WA0104001047
B1833144747889N12002340WA0104101048
B1833154747890N12002334WA0104201049
B1833164747892N12002329WA0104201049
B1833174747895N12002323WA0104201049
B1833184747899N12002318WA0104101048
B1833194747904N12002316WA0104001047
B1833204747910N12002316WA0104001047
B1833214747917N12002320WA0104001047
B1833224747922N12002326WA0104001047
B1833234747927N12002333WA0103901046
B1833244747929N12002343WA0103901046
B1833254747930N12002352WA0103901045
B1833264747929N12002360WA0103901045
B1833274747926N12002367WA0103801045
B1833284747922N12002373WA0103901045
B1833294747917N12002377WA0103801045
B1833304747912N12002380WA0103901046
B1833314747907N12002382WA0103901046
B1833324747903N12002384WA0104001047
B1833334747898N12002385WA0104101048
B1833344747894N12002386WA0104101048
B1833354747889N12002385WA0104001047
B1833364747883N12002385WA0104101047
B1833374747878N12002384WA0104201048
B1833384747873N12002384WA0104401050
B1833394747869N12002383WA0104601053
B1833404747864N12002380WA0104901055
B1833414747859N12002377WA0105001056
B1833424747855N12002372WA0105001057
B1833434747851N12002366WA0105201058
B1833444747848N12002360WA0105301059
B1833454747847N12002352WA0105601061
B1833464747848N12002345WA0105801063
B1833474747850N12002338WA0106001064
B1833484747854N12002331WA0106101066
B1833494747859N12002327WA0106201067
B1833504747865N12002326WA0106201067
B1833514747871N12002328WA0106301067
B1833524747875N12002333WA0106401069
B1833534747877N12002340WA0106501072
B1833544747876N12002347WA0106601072
B1833554747872N12002353WA0106501071
B1833564747866N12002356WA0106501072
B1833574747861N12002355WA0106701073
B1833584747856N12002352WA0107001076
B1833594747852N12002348WA0107201078
B1834004747849N12002344WA0107401080
B1834014747845N12002338WA0107401082
B1834024747842N12002332WA0107601083
B1834034747840N12002325WA0107701085
B1834044747839N12002317WA0107901086
B1834054747839N12002310WA0108001088
B1834064747840N12002302WA0108201089
B1834074747841N12002294WA0108101089
B1834084747845N12002285WA0108101089
B1834094747850N12002277WA0108001089
B1834104747857N12002272WA0108001090
B1834114747864N12002271WA0108101090
B1834124747870N12002274WA0108301091
B1834134747873N12002280WA0108601094
B1834144747873N12002287WA0108701095
B1834154747872N12002294WA0108701096
B1834164747870N12002300WA0109001097
B1834174747868N12002305WA0109301100
B1834184747865N12002309WA0109601104
B1834194747863N12002312WA0109801106
B1834204747860N12002316WA0109901108
B1834214747857N12002321WA0109801109
B1834224747853N12002327WA0109801109
B1834234747849N12002332WA0109901111
B1834244747846N12002336WA0110201114
B1834254747843N12002341WA0110401117
B1834264747840N12002345WA0110701118
B1834274747837N12002349WA0110701120
B1834284747833N12002353WA0110701120
B1834294747828N12002358WA0110701120
B1834304747823N12002362WA0110901121
B1834314747819N12002363WA0110901122
B1834324747814N12002361WA0111001123
B1834334747810N12002357WA0111001122
B1834344747807N12002349WA0110901121
B1834354747807N12002339WA0110901120
B1834364747808N12002329WA0110801119
B1834374747811N12002320WA0110901120
B1834384747815N12002314WA0111201123
B1834394747820N12002309WA0111501127
B1834404747825N12002307WA0111901130
B1834414747831N12002307WA0112101131
B1834424747838N12002310WA0112201131
B1834434747843N12002316WA0112301132
B1834444747846N12002324WA0112501134
B1834454747844N12002330WA0112501134
B1834464747839N12002332WA0112401133
B1834474747833N12002330WA0112401131
B1834484747829N12002323WA0112501132
B1834494747827N12002316WA0112601134
B1834504747828N12002307WA0113001136
B1834514747830N12002298WA0113301138
B1834524747833N12002290WA0113801142
B1834534747838N12002285WA0114101146
B1834544747845N12002283WA0114501149
B1834554747851N12002286WA0114701150
B1834564747856N12002292WA0115101152
B1834574747857N12002300WA0115301156
B1834584747855N12002306WA0115601157
B1834594747850N12002308WA0115601159
B1835004747845N12002304WA0115901160
B1835014747842N12002298WA0116201163
B1835024747840N12002291WA0116501167
B1835034747838N12002285WA0116801171
B1835044747838N12002278WA0117401176
B1835054747840N12002271WA0117701179
B1835064747843N12002263WA0117901181
B1835074747848N12002257WA0117901182
B1835084747855N12002253WA0118101183
B1835094747862N12002251WA0118301186
B1835104747868N12002253WA0118601189
B1835114747873N12002258WA0118901192
B1835124747876N12002266WA0119301195
B1835134747876N12002275WA0119501198
B1835144747873N12002281WA0120001201
B1835154747868N12002283WA0120201205
B1835164747862N12002281WA0120601208
B1835174747857N12002274WA0120701211
B1835184747855N12002264WA0121101214
B1835194747857N12002253WA0121401217
B1835204747861N12002244WA0121801221
B1835214747868N12002239WA0121901224
B1835224747876N12002237WA0122101226
B1835234747883N12002241WA0122201227
B1835244747889N12002248WA0122501230
B1835254747891N12002257WA0122801234
B1835264747890N12002266WA0123401240
B1835274747887N12002272WA0123801243
B1835284747882N12002273WA0124001247
B1835294747876N12002269WA0124301250
B1835304747872N12002260WA0124601252
B1835314747872N12002249WA0124801254
B1835324747876N12002239WA0125301260
B1835334747882N12002234WA0125501263
B1835344747890N12002231WA0125901266
B1835354747898N12002233WA0126201268
B1835364747904N12002238WA0126701272
B1835374747908N12002246WA0127001277
B1835384747909N12002254WA0127601282
B1835394747907N12002261WA0127901285
B1835404747902N12002267WA0128301287
B1835414747896N12002268WA0128601291
B1835424747891N12002265WA0129001297
B1835434747889N12002258WA0129501302
B1835444747890N12002248WA0129801306
B1835454747896N12002241WA0130101308
B1835464747903N12002238WA0130301312
B1835474747911N12002239WA0130501315
B1835484747917N12002245WA0131301321
B1835494747919N12002253WA0131701328
B1835504747919N12002261WA0132301332
B1835514747916N12002269WA0132601336
B1835524747913N12002274WA0133101340
B1835534747910N12002277WA0133601345
B1835544747906N12002277WA0134101350
B1835554747902N12002272WA0134301351
B1835564747900N12002263WA0134601354
B1835574747902N12002254WA0134801357
B1835584747905N12002246WA0135401361
B1835594747911N12002242WA0135801366
B1836004747917N12002240WA0136301371
B1836014747923N12002242WA0136601375
B1836024747929N12002246WA0137201379
B1836034747934N12002252WA0137601383
B1836044747937N12002259WA0138201389
B1836054747939N12002266WA0138701395
B1836064747938N12002273WA0139201399
B1836074747935N12002280WA0139501403
B1836084747931N12002286WA0139901407
B1836094747926N12002288WA0140201412
B1836104747922N12002286WA0140801416
B1836114747918N12002280WA0141001420
B1836124747917N12002272WA0141501423
B1836134747918N12002264WA0141801427
B1836144747922N12002258WA0142401432
B1836154747928N12002255WA0142801437
B1836164747934N12002254WA0143301441
B1836174747940N12002257WA0143601444
B1836184747946N12002263WA0144001448
B1836194747950N12002271WA0144301452
B1836204747952N12002279WA0145001458
B1836214747952N12002288WA0145501463
B1836224747950N12002296WA0146101468
B1836234747946N12002300WA0146401472
B1836244747941N12002301WA0146801476
B1836254747936N12002299WA0147101479
B1836264747933N12002294WA0147601483
B1836274747931N12002287WA0147901487
B1836284747931N12002279WA0148701491
B1836294747934N12002272WA0149001496
B1836304747939N12002268WA0149601500
B1836314747945N12002267WA0149901505
B1836324747952N12002269WA0150501509
B1836334747957N12002274WA0150901513
B1836344747960N12002282WA0151501518
B1836354747961N12002292WA0151701521
B1836364747958N12002300WA0152101524
B1836374747954N12002306WA0152401528
B1836384747948N12002308WA0152701531
B1836394747943N12002307WA0153001535
B1836404747938N12002301WA0153501539
B1836414747936N12002294WA0153901544
B1836424747935N12002287WA0154501549
B1836434747937N12002280WA0155001554
B1836444747940N12002276WA0155801560
B1836454747945N12002273WA0156201565
B1836464747951N12002271WA0156701569
B1836474747957N12002273WA0157001573
B1836484747963N12002279WA0157601577
B1836494747966N12002289WA0157801582
B1836504747965N12002299WA0158201585
B1836514747962N12002308WA0158501587
B1836524747957N12002313WA0158901591
B1836534747950N12002314WA0159201594
B1836544747945N12002310WA0159701598
B1836554747942N12002303WA0160001602
B1836564747941N12002295WA0160501606
B1836574747944N12002287WA0160701609
B1836584747948N12002280WA0161201613
B1836594747953N12002275WA0161401617
B1837004747960N12002273WA0162001623
B1837014747966N12002275WA0162401629
B1837024747971N12002280WA0163001633
B1837034747975N12002287WA0163301638
B1837044747976N12002296WA0163701640
B1837054747976N12002305WA0163801642
B1837064747974N12002313WA0164101644
B1837074747970N12002319WA0164101646
B1837084747965N12002324WA0164301648
B1837094747958N12002326WA0164401650
B1837104747952N12002325WA0164901653
B1837114747946N12002323WA0165201659
B1837124747942N12002319WA0165901666
B1837134747938N12002316WA0166301673
B1837144747935N12002312WA0167001678
B1837154747933N12002306WA0167401683
B1837164747934N12002299WA0167701687
B1837174747937N12002291WA0167801690
B1837184747943N12002284WA0167901693
B1837194747951N12002282WA0168101696
B1837204747957N12002286WA0168601699
B1837214747961N12002294WA0169101707
B1837224747960N12002304WA0169701712
B1837234747956N12002311WA0170001715
B1837244747949N12002313WA0170301717
B1837254747943N12002311WA0170501719
B1837264747938N12002307WA0170901724
B1837274747937N12002300WA0171301729
B1837284747938N12002292WA0171801732
B1837294747941N12002285WA0171901734
B1837304747947N12002279WA0172101734
B1837314747954N12002276WA0172301737
B1837324747962N12002277WA0172601741
B1837334747967N12002280WA0172801744
B1837344747971N12002285WA0173301748
B1837354747973N12002290WA0174601752
B1837364747974N12002296WA0174601756
B1837374747973N12002303WA0174901758
B1837384747969N12002310WA0175001760
B1837394747964N12002316WA0175101761
B1837404747960N12002320WA0175401763
B1837414747955N12002325WA0175701766
B1837424747950N12002327WA0176201770
B1837434747946N12002326WA0176701775
B1837444747942N12002322WA0177101780
B1837454747940N12002316WA0177301783
B1837464747939N12002308WA0177601785
B1837474747940N12002300WA0177801788
B1837484747942N12002291WA0178101791
B1837494747944N12002283WA0178301794
B1837504747948N12002277WA0178701797
B1837514747953N12002271WA0178801800
B1837524747958N12002266WA0179201804
B1837534747964N12002262WA0179401806
B1837544747970N12002260WA0179701808
B1837554747977N12002259WA0179901811
B1837564747983N12002261WA0180301813
B1837574747989N12002266WA0180501815
B1837584747994N12002272WA0180801818
B1837594747996N12002280WA0181001821
B1838004747998N12002287WA0181601826
B1838014747997N12002293WA0181901830
B1838024747994N12002297WA0182401833
B1838034747990N12002300WA0182401835
B1838044747985N12002304WA0182501837
B1838054747979N12002306WA0182601838
B1838064747973N12002306WA0183001842
B1838074747969N12002303WA0183301849
B1838084747966N12002297WA0183801853
B1838094747965N12002289WA0184101856
B1838104747966N12002281WA0184501859
B1838114747967N12002273WA0184701862
B1838124747969N12002265WA0185001865
B1838134747971N12002258WA0185201867
B1838144747974N12002249WA0185401868
B1838154747977N12002240WA0185401870
B1838164747980N12002232WA0185701871
B1838174747982N12002223WA0185901873
B1838184747984N12002214WA0186201876
B1838194747987N12002206WA0186301878
B1838204747989N12002197WA0186601880
B1838214747991N12002190WA0187001884
B1838224747993N12002184WA0187401887
B1838234747995N12002179WA0187601890
B1838244747997N12002172WA0187701891
B1838254747999N12002162WA0187601891
B1838264748000N12002151WA0187801891
B1838274748001N12002140WA0187901893
B1838284748002N12002131WA0188501898
B1838294748003N12002122WA0189001902
B1838304748005N12002115WA0189501906
B1838314748008N12002108WA0189901910
B1838324748012N12002101WA0190301913
B1838334748018N12002096WA0190601916
B1838344748026N12002095WA0190901918
B1838354748032N12002100WA0191101921
B1838364748036N12002110WA0191401923
B1838374748036N12002120WA0191701926
B1838384748033N12002127WA0192201931
B1838394748028N12002129WA0192701938
B1838404748023N12002127WA0193401942
B1838414748019N12002120WA0193601945
B1838424748018N12002110WA0193801948
B1838434748019N12002099WA0193901951
B1838444748024N12002090WA0194401954
B1838454748030N12002085WA0194801958
B1838464748038N12002083WA0195301963
B1838474748044N12002085WA0195701966
B1838484748049N12002092WA0196101970
B1838494748051N12002100WA0196401974
B1838504748050N12002107WA0196901978
B1838514748046N12002111WA0197301982
B1838524748042N12002111WA0197801986
B1838534748037N12002106WA0198101990
B1838544748034N12002099WA0198601993
B1838554748034N12002091WA0198901997
B1838564748035N12002081WA0199402001
B1838574748038N12002072WA0199702004
B1838584748042N12002064WA0200202008
B1838594748046N12002056WA0200502012
B1839004748051N12002049WA0201102018
B1839014748057N12002044WA0201502023
B1839024748064N12002043WA0202002026
B1839034748070N12002045WA0202302030
B1839044748075N12002051WA0202902034
B1839054748078N12002060WA0203202039
B1839064748079N12002068WA0203902045
B1839074748076N12002073WA0204402050
B1839084748071N12002075WA0205002055
B1839094748066N12002071WA0205402060
B1839104748063N12002063WA0205902064
B1839114748062N12002052WA0206202068
B1839124748063N12002041WA0206602072
B1839134748066N12002031WA0206902076
B1839144748070N12002021WA0207502081
B1839154748076N12002014WA0207802086
B1839164748083N12002010WA0208402091
B1839174748090N12002010WA0208902095
B1839184748096N12002014WA0209502100
B1839194748100N12002022WA0209902106
B1839204748100N12002029WA0210402110
B1839214748097N12002035WA0210902115
B1839224748092N12002037WA0211502121
B1839234748087N12002035WA0212002126
B1839244748083N12002029WA0212602131
B1839254748082N12002019WA0213002135
B1839264748082N12002008WA0213402139
B1839274748084N12001997WA0213702143
B1839284748089N12001987WA0214202146
B1839294748096N12001980WA0214502151
B1839304748104N12001976WA0215202158
B1839314748110N12001975WA0215702164
B1839324748116N12001976WA0216602171
B1839334748122N12001980WA0217002176
B1839344748127N12001985WA0217502181
B1839354748131N12001991WA0217802185
B1839364748132N12001998WA0218302189
B1839374748132N12002004WA0218602192
B1839384748129N12002009WA0219102196
B1839394748125N12002011WA0219502201
B1839404748119N12002010WA0220102205
B1839414748115N12002005WA0220502210
B1839424748113N12001996WA0221202215
B1839434748113N12001985WA0221602220
B1839444748116N12001974WA0222202225
B1839454748120N12001965WA0222602229
B1839464748125N12001956WA0223402235
B1839474748131N12001950WA0223802241
B1839484748138N12001947WA0224302245
B1839494748145N12001946WA0224502247
B1839504748152N12001948WA0224702249
B1839514748157N12001952WA0224902251
B1839524748161N12001959WA0225102253
B1839534748163N12001965WA0225302256
B1839544748164N12001972WA0225902260
B1839554748164N12001978WA0226102264
B1839564748164N12001985WA0226602268
B1839574748164N12001992WA0226902272
B1839584748164N12001998WA0227302276
B1839594748163N12002004WA0227602280
B1840004748163N12002011WA0228202284
B1840014748162N12002017WA0228502288
B1840024748160N12002024WA0229002292
B1840034748156N12002028WA0229402296
B1840044748152N12002029WA0229902301
B1840054748147N12002026WA0230202305
B1840064748144N12002018WA0230602306
B1840074748142N12002007WA0230702307
B1840084748144N12001996WA0231002310
B1840094748148N12001986WA0231302313
B1840104748154N12001979WA0231802318
B1840114748161N12001975WA0232202323
B1840124748168N12001974WA0232802327
B1840134748174N12001978WA0233102330
B1840144748179N12001984WA0233502335
B1840154748181N12001991WA0233802338
B1840164748183N12001999WA0234302343
B1840174748183N12002005WA0234602347
B1840184748183N12002012WA0235202351
B1840194748183N12002018WA0235502355
B1840204748182N12002025WA0235902358
B1840214748180N12002032WA0236102361
B1840224748176N12002040WA0236502365
B1840234748172N12002048WA0236702369
B1840244748168N12002055WA0237502374
B1840254748165N12002060WA0237902379
B1840264748162N12002063WA0238602385
B1840274748158N12002063WA0239002389
B1840284748153N12002061WA0239302390
B1840294748148N12002054WA0239302391
B1840304748144N12002046WA0239502393
B1840314748143N12002036WA0239802396
B1840324748144N12002027WA0240202399
B1840334748147N12002020WA0240402401
B1840344748151N12002013WA0240702404
B1840354748155N12002007WA0241002407
B1840364748160N12002002WA0241402411
B1840374748165N12001998WA0241702415
B1840384748169N12001995WA0242102419
B1840394748173N12001992WA0242302423
B1840404748177N12001988WA0242802426
B1840414748181N12001984WA0243002429
B1840424748186N12001982WA0243402433
B1840434748191N12001980WA0243602436
B1840444748195N12001981WA0244002439
B1840454748200N12001982WA0244102442
B1840464748204N12001985WA0244402444
B1840474748208N12001990WA0244602445
B1840484748212N12001997WA0244802447
B1840494748215N12002005WA0245002448
B1840504748217N12002014WA0245302451
B1840514748219N12002022WA0245602455
B1840524748222N12002028WA0246102460
B1840534748224N12002034WA0246502464
B1840544748227N12002041WA0246802467
B1840554748228N12002049WA0246902469
B1840564748228N12002058WA0247202471
B1840574748227N12002067WA0247502475
B1840584748224N12002074WA0248102480
B1840594748220N12002078WA0248502484
B1841004748215N12002080WA0249002488
B1841014748209N12002078WA0249302493
B1841024748204N12002075WA0249902498
B1841034748200N12002068WA0250302502
B1841044748197N12002060WA0250702506
B1841054748196N12002051WA0250902509
B1841064748196N12002041WA0251502513
B1841074748198N12002032WA0251702517
B1841084748202N12002026WA0252102521
B1841094748208N12002024WA0252302524
B1841104748214N12002024WA0252602526
B1841114748220N12002026WA0252902528
B1841124748226N12002029WA0253202530
B1841134748231N12002034WA0253302533
B1841144748236N12002040WA0253502536
B1841154748240N12002045WA0253802538
B1841164748244N12002050WA0254202542
B1841174748249N12002054WA0254702548
B1841184748252N12002058WA0255202552
B1841194748255N12002063WA0255502556
B1841204748258N12002068WA0255902559
B1841214748261N12002074WA0256202563
B1841224748264N12002079WA0256602566
B1841234748268N12002085WA0256902570
B1841244748272N12002091WA0257402573
B1841254748275N12002098WA0257702577
B1841264748278N12002105WA0258102581
B1841274748279N12002112WA0258402585
B1841284748279N12002120WA0258802588
B1841294748276N12002127WA0259002590
B1841304748272N12002132WA0259402594
B1841314748266N12002135WA0259702598
B1841324748260N12002136WA0260502602
B1841334748255N12002133WA0260902609
B1841344748251N12002127WA0261602614
B1841354748248N12002119WA0261902618
B1841364748247N12002111WA0262302622
B1841374748247N12002104WA0262602626
B1841384748249N12002098WA0263202631
B1841394748253N12002092WA0263402633
B1841404748257N12002086WA0263702636
B1841414748262N12002078WA0263902639
B1841424748267N12002072WA0264402643
B1841434748273N12002068WA0264702647
B1841444748279N12002067WA0265202651
B1841454748284N12002071WA0265402654
B1841464748289N12002077WA0265702656
B1841474748292N12002085WA0265902659
B1841484748294N12002092WA0266502664
B1841494748295N12002098WA0267002670
B1841504748295N12002102WA0267402674
B1841514748294N12002108WA0267602676
B1841524748292N12002115WA0267802678
B1841534748289N12002122WA0267902679
B1841544748287N12002129WA0268402683
B1841554748285N12002136WA0268702687
B1841564748282N12002143WA0269302692
B1841574748280N12002149WA0269702697
B1841584748278N12002156WA0270302702
B1841594748275N12002163WA0270702707
B1842004748272N12002170WA0271402712
B1842014748268N12002176WA0271902718
B1842024748264N12002181WA0272502723
B1842034748260N12002186WA0273002729
B1842044748256N12002191WA0273602734
B1842054748254N12002198WA0274102739
B1842064748253N12002207WA0274602742
B1842074748254N12002216WA0274802744
B1842084748256N12002224WA0274802744
B1842094748258N12002230WA0274902744
B1842104748260N12002235WA0274902744
B1842114748263N12002238WA0274802742
B1842124748266N12002241WA0274602741
B1842134748270N12002242WA0274402739
B1842144748273N12002244WA0274402739
B1842154748277N12002246WA0274502740
B1842164748280N12002250WA0274502740
B1842174748283N12002253WA0274502740
B1842184748287N12002256WA0274502739
B1842194748292N12002260WA0274402738
B1842204748296N12002264WA0274302737
B1842214748298N12002269WA0274302737
B1842224748300N12002275WA0274102737
B1842234748301N12002281WA0274102736
B1842244748302N12002287WA0273902735
B1842254748304N12002293WA0273802734
B1842264748305N12002298WA0273602733
B1842274748307N12002304WA0273502731
B1842284748307N12002311WA0273202728
B1842294748307N12002319WA0272902726
B1842304748305N12002328WA0272502723
B1842314748302N12002335WA0272302720
B1842324748297N12002342WA0272002718
B1842334748293N12002347WA0271902718
B1842344748288N12002351WA0271902718
B1842354748284N12002353WA0271902717
B1842364748279N12002354WA0271902717
B1842374748275N12002355WA0271702716
B1842384748270N12002354WA0271402713
B1842394748265N12002354WA0271102709
B1842404748259N12002352WA0270702705
B1842414748252N12002349WA0270502703
B1842424748247N12002346WA0270402703
B1842434748243N12002343WA0270402703
B1842444748239N12002339WA0270302703
B1842454748235N12002335WA0270102701
B1842464748230N12002331WA0269702698
B1842474748225N12002325WA0269502696
B1842484748220N12002318WA0268902693
B1842494748215N12002312WA0268602690
B1842504748210N12002305WA0268302687
B1842514748205N12002298WA0267902683
B1842524748200N12002291WA0267402679
B1842534748194N12002285WA0267202677
B1842544748187N12002280WA0267002675
B1842554748181N12002277WA0266902672
B1842564748174N12002275WA0266502670
B1842574748167N12002274WA0266302666
B1842584748160N12002274WA0266002663
B1842594748153N12002275WA0265802660
B1843004748145N12002277WA0265402657
B1843014748138N12002280WA0265102654
B1843024748131N12002283WA0264802652
B1843034748125N12002287WA0264602649
B1843044748118N12002291WA0264502648
B1843054748112N12002295WA0264302647
B1843064748104N12002297WA0264102645
B1843074748097N12002298WA0263902643
B1843084748089N12002296WA0263702641
B1843094748082N12002291WA0263502638
B1843104748076N12002285WA0263302636
B1843114748072N12002278WA0263102634
B1843124748068N12002269WA0262702631
B1843134748066N12002259WA0262402627
B1843144748064N12002247WA0261902624
B1843154748065N12002234WA0261602620
B1843164748068N12002223WA0261202617
B1843174748072N12002214WA0261102616
B1843184748076N12002207WA0260902614
B1843194748081N12002202WA0260702612
B1843204748086N12002196WA0260402609
B1843214748091N12002190WA0260002605
B1843224748097N12002185WA0259702601
B1843234748103N12002179WA0259502599
B1843244748109N12002175WA0259202597
B1843254748114N12002172WA0259102595
B1843264748120N12002169WA0258902593
B1843274748126N12002168WA0258602591
B1843284748132N12002168WA0258202587
B1843294748138N12002168WA0257902583
B1843304748144N12002168WA0257502580
B1843314748150N12002168WA0257102576
B1843324748157N12002168WA0256802573
B1843334748163N12002168WA0256602570
B1843344748170N12002168WA0256302567
B1843354748177N12002168WA0256102565
B1843364748182N12002167WA0256202566
B1843374748186N12002166WA0256202567
B1843384748190N12002166WA0256102566
B1843394748196N12002166WA0256102565
B1843404748202N12002167WA0256002564
B1843414748207N12002168WA0256002564
B1843424748212N12002169WA0256102565
B1843434748216N12002170WA0256302567
B1843444748220N12002170WA0256602570
B1843454748223N12002170WA0256702571
B1843464748226N12002171WA0256702570
B1843474748230N12002171WA0256602568
B1843484748235N12002172WA0256302566
B1843494748240N12002175WA0256102564
B1843504748245N12002178WA0256102563
B1843514748249N12002182WA0256202564
B1843524748252N12002185WA0256402566
B1843534748256N12002187WA0256402567
B1843544748260N12002190WA0256302566
B1843554748266N12002193WA0256302566
B1843564748272N12002198WA0256202565
B1843574748278N12002202WA0256302566
B1843584748283N12002206WA0256702571
B1843594748287N12002209WA0257002575
B1844004748291N12002210WA0257502578
B1844014748294N12002212WA0257602581
B1844024748298N12002214WA0257802582
B1844034748303N12002216WA0257802582
B1844044748308N12002218WA0257802582
B1844054748313N12002220WA0257802582
B1844064748318N12002222WA0257802582
B1844074748323N12002225WA0257802582
B1844084748330N12002229WA0257802582
B1844094748335N12002233WA0257802582
B1844104748341N12002237WA0258102584
B1844114748346N12002241WA0258302586
B1844124748350N12002244WA0258402588
B1844134748355N12002247WA0258402588
B1844144748360N12002251WA0258402587
B1844154748366N12002255WA0258302586
B1844164748372N12002260WA0258302585
B1844174748378N12002263WA0258302584
B1844184748385N12002267WA0258402586
B1844194748391N12002272WA0258602588
B1844204748397N12002277WA0259002591
B1844214748402N12002282WA0259302595
B1844224748404N12002288WA0259802599
B1844234748405N12002296WA0260002601
B1844244748404N12002305WA0260402603
B1844254748400N12002312WA0260502605
B1844264748395N12002316WA0260702607
B1844274748390N12002316WA0260902609
B1844284748384N12002312WA0261002611
B1844294748381N12002306WA0261202613
B1844304748379N12002298WA0261302614
B1844314748379N12002290WA0261402616
B1844324748381N12002282WA0261602617
B1844334748385N12002275WA0261702619
B1844344748390N12002269WA0261902620
B1844354748396N12002266WA0262002622
B1844364748403N12002264WA0262302624
B1844374748410N12002266WA0262502627
B1844384748417N12002270WA0263102631
B1844394748422N12002277WA0263502636
B1844404748425N12002285WA0264102641
B1844414748427N12002295WA0264402645
B1844424748426N12002306WA0264802648
B1844434748424N12002317WA0265102651
B1844444748421N12002326WA0265402654
B1844454748416N12002333WA0265802658
B1844464748411N12002336WA0266102661
B1844474748404N12002337WA0266302662
B1844484748399N12002335WA0266402662
B1844494748394N12002330WA0266502663
B1844504748390N12002324WA0266602665
B1844514748389N12002316WA0266602665
B1844524748390N12002307WA0266602665
B1844534748394N12002298WA0266702666
B1844544748399N12002292WA0266702666
B1844554748406N12002289WA0266902669
B1844564748413N12002289WA0267202671
B1844574748420N12002293WA0267402674
B1844584748425N12002300WA0267802677
B1844594748430N12002309WA0268002681
B1845004748433N12002319WA0268602684
B1845014748434N12002330WA0268902688
B1845024748433N12002341WA0269302691
B1845034748431N12002351WA0269602694
B1845044748428N12002360WA0269902697
B1845054748424N12002368WA0270102700
B1845064748418N12002373WA0270202702
B1845074748412N12002376WA0270302703
B1845084748405N12002378WA0270402704
B1845094748399N12002376WA0270502705
B1845104748393N12002372WA0270502704
B1845114748388N12002365WA0270402703
B1845124748385N12002358WA0270302703
B1845134748382N12002351WA0270302702
B1845144748381N12002343WA0270102701
B1845154748381N12002335WA0270002700
B1845164748381N12002327WA0269802698
B1845174748381N12002319WA0269702697
B1845184748381N12002311WA0269602696
B1845194748380N12002303WA0269602696
B1845204748380N12002296WA0269602696
B1845214748381N12002288WA0269602697
B1845224748381N12002281WA0269802698
B1845234748381N12002275WA0270002700
B1845244748381N12002269WA0270202702
B1845254748381N12002264WA0270402704
B1845264748381N12002258WA0270502706
B1845274748380N12002252WA0270802707
B1845284748379N12002246WA0271002709
B1845294748378N12002240WA0271202711
B1845304748377N12002234WA0271402713
B1845314748376N12002229WA0271502715
B1845324748374N12002222WA0271702716
B1845334748372N12002216WA0271902718
B1845344748370N12002210WA0272102719
B1845354748368N12002205WA0272302722
B1845364748366N12002201WA0272502725
B1845374748363N12002196WA0272702727
B1845384748359N12002192WA0273002729
B1845394748355N12002187WA0273302731
B1845404748350N12002184WA0273602734
B1845414748345N12002182WA0273802737
B1845424748340N12002181WA0274302740
B1845434748335N12002181WA0274502743
B1845444748329N12002180WA0274702744
B1845454748324N12002179WA0274802746
B1845464748318N12002178WA0275002748
B1845474748314N12002177WA0275202751
B1845484748309N12002176WA0275502752
B1845494748305N12002175WA0275302752
B1845504748299N12002172WA0275202750
B1845514748293N12002169WA0275102749
B1845524748289N12002166WA0275102749
B1845534748285N12002162WA0275102749
B1845544748282N12002158WA0275202750
B1845554748280N12002154WA0275202749
B1845564748278N12002149WA0275102748
B1845574748277N12002142WA0274902747
B1845584748276N12002135WA0274802745
B1845594748277N12002127WA0274702744
B1846004748279N12002121WA0274702744
B1846014748281N12002115WA0274602743
B1846024748284N12002110WA0274502742
B1846034748288N12002106WA0274402741
B1846044748293N12002103WA0274302739
B1846054748298N12002102WA0274102739
B1846064748303N12002102WA0274102739
B1846074748308N12002105WA0274102739
B1846084748312N12002110WA0274102739
B1846094748315N12002116WA0274002738
B1846104748318N12002123WA0273902738
B1846114748321N12002130WA0274002738
B1846124748324N12002136WA0274102739
B1846134748325N12002143WA0274302740
B1846144748326N12002151WA0274402741
B1846154748327N12002160WA0274402741
B1846164748327N12002169WA0274402741
B1846174748326N12002179WA0274402741
B1846184748325N12002187WA0274602742
B1846194748324N12002194WA0274702744
B1846204748321N12002200WA0274902745
B1846214748318N12002205WA0274902746
B1846224748313N12002209WA0274902746
B1846234748309N12002212WA0274802745
B1846244748303N12002212WA0274702744
B1846254748298N12002212WA0274602743
B1846264748294N12002210WA0274502742
B1846274748290N12002209WA0274502742
B1846284748286N12002207WA0274302741
B1846294748282N12002206WA0274102739
B1846304748277N12002203WA0273702736
B1846314748273N12002200WA0273402733
B1846324748269N12002195WA0272902729
B1846334748265N12002190WA0272602725
B1846344748263N12002183WA0272302722
B1846354748263N12002177WA0272202721
B1846364748264N12002173WA0272002719
B1846374748266N12002168WA0271702716
B1846384748269N12002164WA0271402713
B1846394748272N12002159WA0271102709
B1846404748276N12002155WA0270802706
B1846414748280N12002151WA0270502704
B1846424748284N12002146WA0270302703
B1846434748288N12002142WA0270202703
B1846444748292N12002139WA0270102702
B1846454748296N12002135WA0270102701
B1846464748300N12002132WA0269902700
B1846474748304N12002128WA0269802698
B1846484748308N12002125WA0269602697
B1846494748312N12002121WA0269602696
B1846504748316N12002118WA0269502695
B1846514748321N12002115WA0269502695
B1846524748324N12002112WA0269502695
B1846534748329N12002110WA0269302694
B1846544748333N12002108WA0269302694
B1846554748339N12002106WA0269302693
B1846564748344N12002105WA0269302692
B1846574748349N12002105WA0269302694
B1846584748354N12002105WA0269502695
B1846594748359N12002106WA0269602697
B1847004748364N12002107WA0269702698
B1847014748370N12002108WA0269802699
B1847024748375N12002111WA0270002700
B1847034748380N12002113WA0270102702
B1847044748385N12002116WA0270202704
B1847054748389N12002120WA0270302705
B1847064748393N12002125WA0270702707
B1847074748397N12002131WA0270802709
B1847084748399N12002138WA0271102711
B1847094748400N12002146WA0271202713
B1847104748400N12002155WA0271402715
B1847114748399N12002163WA0271602717
B1847124748398N12002172WA0271902718
B1847134748395N12002180WA0272102720
B1847144748391N12002188WA0272302722
B1847154748386N12002194WA0272402723
B1847164748380N12002197WA0272602725
B1847174748373N12002197WA0272702726
B1847184748368N12002195WA0272902728
B1847194748363N12002191WA0273002730
B1847204748358N12002188WA0273302732
B1847214748355N12002184WA0273402733
B1847224748352N12002179WA0273402734
B1847234748351N12002171WA0273402734
B1847244748350N12002162WA0273302733
B1847254748352N12002154WA0273302733
B1847264748354N12002147WA0273402734
B1847274748357N12002141WA0273502736
B1847284748361N12002137WA0273602737
B1847294748365N12002134WA0273702738
B1847304748371N12002131WA0273702738
B1847314748376N12002130WA0273802739
B1847324748382N12002130WA0274002740
B1847334748387N12002130WA0274302742
B1847344748391N12002131WA0274502744
B1847354748395N12002134WA0274702747
B1847364748399N12002139WA0274802748
B1847374748402N12002146WA0274802748
B1847384748404N12002155WA0274802748
B1847394748406N12002165WA0274802748
B1847404748405N12002173WA0274902749
B1847414748403N12002181WA0275002750
B1847424748400N12002189WA0275002750
B1847434748396N12002197WA0274902749
B1847444748391N12002205WA0274802749
B1847454748385N12002212WA0274802749
B1847464748380N12002218WA0275002751
B1847474748375N12002223WA0275202752
B1847484748371N12002226WA0275302754
B1847494748366N12002226WA0275302753
B1847504748360N12002225WA0275102750
B1847514748353N12002221WA0275002749
B1847524748348N12002217WA0275102750
B1847534748343N12002215WA0275102750
B1847544748340N12002215WA0275302751
B1847554748336N12002215WA0275202751
B1847564748332N12002213WA0275102749
B1847574748327N12002210WA0274902746
B1847584748324N12002205WA0274602743
B1847594748321N12002200WA0274502740
B1848004748319N12002194WA0274302739
B1848014748318N12002189WA0274102738
B1848024748318N12002184WA0273902736
B1848034748319N12002179WA0273702734
B1848044748321N12002174WA0273402731
B1848054748324N12002168WA0273002728
B1848064748329N12002164WA0272702725
B1848074748335N12002162WA0272602723
B1848084748341N12002161WA0272502722
B1848094748346N12002163WA0272602725
B1848104748351N12002164WA0272702728
B1848114748354N12002167WA0272802729
B1848124748358N12002170WA0272802730
B1848134748362N12002175WA0272802729
B1848144748367N12002180WA0272602728
B1848154748371N12002185WA0272602728
B1848164748375N12002189WA0272702729
B1848174748378N12002193WA0272802730
B1848184748381N12002198WA0272902731
B1848194748385N12002204WA0272902731
B1848204748388N12002211WA0272902730
B1848214748391N12002219WA0272902731
B1848224748393N12002225WA0273002732
B1848234748396N12002231WA0273202733
B1848244748398N12002237WA0273302734
B1848254748402N12002243WA0273302734
B1848264748405N12002248WA0273202733
B1848274748408N12002254WA0273202732
B1848284748411N12002260WA0272902731
B1848294748415N12002267WA0272802729
B1848304748418N12002274WA0272602728
B1848314748423N12002281WA0272502726
B1848324748427N12002287WA0272502726
B1848334748430N12002291WA0272702727
B1848344748433N12002295WA0272902729
B1848354748436N12002298WA0272902730
B1848364748438N12002303WA0272802728
B1848374748441N12002308WA0272602726
B1848384748445N12002314WA0272102722
B1848394748449N12002321WA0271902719
B1848404748453N12002326WA0271702718
B1848414748456N12002330WA0271702718
B1848424748459N12002333WA0271902718
B1848434748462N12002336WA0271702717
B1848444748467N12002338WA0271502715
B1848454748472N12002340WA0271302712
B1848464748478N12002340WA0271102711
B1848474748483N12002340WA0271102711
B1848484748488N12002340WA0271102711
B1848494748492N12002339WA0271102711
B1848504748497N12002338WA0270902710
B1848514748503N12002336WA0270902708
B1848524748509N12002334WA0270702707
B1848534748515N12002329WA0270502706
B1848544748519N12002324WA0270402706
B1848554748522N12002318WA0270402706
B1848564748525N12002312WA0270302706
B1848574748528N12002307WA0270402706
B1848584748532N12002305WA0270402707
B1848594748536N12002303WA0270502707
B1849004748541N12002302WA0270402706
B1849014748546N12002301WA0270302705
B1849024748551N12002301WA0270202704
B1849034748557N12002300WA0270002703
B1849044748563N12002300WA0269802700
B1849054748569N12002299WA0269602698
B1849064748576N12002298WA0269202695
B1849074748582N12002295WA0269102693
B1849084748588N12002292WA0269002692
B1849094748593N12002288WA0268902691
B1849104748599N12002284WA0268802690
B1849114748604N12002281WA0268702689
B1849124748610N12002277WA0268702689
B1849134748615N12002273WA0268802690
B1849144748620N12002270WA0268902691
B1849154748625N12002268WA0269002693
B1849164748630N12002266WA0269302695
B1849174748635N12002263WA0269502697
B1849184748640N12002260WA0269602698
B1849194748645N12002257WA0269702699
B1849204748649N12002253WA0269902701
B1849214748653N12002250WA0270002703
B1849224748656N12002247WA0270302705
B1849234748659N12002243WA0270402706
B1849244748663N12002238WA0270402706
B1849254748667N12002232WA0270302705
B1849264748672N12002227WA0270202704
B1849274748676N12002223WA0270302706
B1849284748680N12002219WA0270702711
B1849294748684N12002217WA0270902714
B1849304748688N12002214WA0271202716
B1849314748693N12002213WA0271402718
B1849324748698N12002214WA0271702721
B1849334748703N12002219WA0272202725
B1849344748706N12002224WA0272502728
B1849354748708N12002230WA0272802731
B1849364748710N12002236WA0273202735
B1849374748711N12002243WA0273302736
B1849384748711N12002250WA0273502737
B1849394748711N12002258WA0273502737
B1849404748710N12002265WA0273602739
B1849414748707N12002271WA0273702739
B1849424748702N12002276WA0273802739
B1849434748696N12002278WA0273802739
B1849444748692N12002276WA0274002741
B1849454748689N12002271WA0274302744
B1849464748688N12002265WA0274502746
B1849474748688N12002258WA0274602747
B1849484748689N12002253WA0274802749
B1849494748690N12002248WA0274802751
B1849504748691N12002243WA0275002751
B1849514748693N12002237WA0275002751
B1849524748696N12002231WA0274902751
B1849534748699N12002223WA0275002751
B1849544748700N12002216WA0275002752
B1849554748699N12002208WA0275102752
B1849564748698N12002200WA0275102752
B1849574748696N12002193WA0275202753
B1849584748694N12002186WA0275502755
B1849594748693N12002182WA0275802759
B1850004748692N12002178WA0275902760
B1850014748691N12002172WA0276002761
B1850024748690N12002165WA0275802760
B1850034748689N12002157WA0275802759
B1850044748688N12002149WA0275802760
B1850054748687N12002143WA0276002761
B1850064748686N12002136WA0276002762
B1850074748685N12002130WA0276102763
B1850084748684N12002122WA0276202763
B1850094748684N12002114WA0276202763
B1850104748684N12002106WA0276402765
B1850114748685N12002100WA0276702768
B1850124748686N12002096WA0276902770
B1850134748689N12002092WA0276902770
B1850144748691N12002087WA0276902770
B1850154748695N12002082WA0276802770
B1850164748698N12002077WA0276702770
B1850174748701N12002071WA0276802770
B1850184748704N12002066WA0276802771
B1850194748706N12002061WA0276902773
B1850204748708N12002056WA0277002773
B1850214748711N12002050WA0277102773
B1850224748714N12002044WA0277002773
B1850234748717N12002037WA0277002773
B1850244748720N12002030WA0277202773
B1850254748724N12002024WA0277402777
B1850264748727N12002019WA0277902781
B1850274748729N12002017WA0278102784
B1850284748732N12002014WA0278202784
B1850294748737N12002011WA0278202783
B1850304748744N12002009WA0278002780
B1850314748751N12002006WA0277802780
B1850324748757N12002004WA0278202781
B1850334748762N12002003WA0278402782
B1850344748766N12002003WA0278602784
B1850354748770N12002003WA0278702784
B1850364748773N12002004WA0278302783
B1850374748778N12002003WA0278302783
B1850384748784N12002002WA0278102780
B1850394748790N12002003WA0277902779
B1850404748795N12002006WA0277902777
B1850414748800N12002010WA0277802777
B1850424748804N12002016WA0277802777
B1850434748807N12002023WA0277602776
B1850444748809N12002031WA0277402774
B1850454748810N12002039WA0277302772
B1850464748809N12002047WA0277202771
B1850474748806N12002054WA0277102770
B1850484748802N12002060WA0277202771
B1850494748799N12002064WA0277402774
B1850504748796N12002068WA0277802776
B1850514748794N12002071WA0278102779
B1850524748791N12002072WA0278202781
B1850534748787N12002074WA0278302782
B1850544748783N12002074WA0278302782
B1850554748778N12002074WA0278302782
B1850564748773N12002075WA0278402782
B1850574748768N12002077WA0278302782
B1850584748763N12002081WA0278502783
B1850594748759N12002083WA0278702786
B1851004748755N12002083WA0279302789
B1851014748752N12002082WA0279502792
B1851024748748N12002081WA0279802795
B1851034748743N12002079WA0279902796
B1851044748739N12002076WA0280102797
B1851054748734N12002072WA0279902797
B1851064748729N12002068WA0280102797
B1851074748724N12002065WA0280102797
B1851084748719N12002062WA0280102798
B1851094748713N12002059WA0280202798
B1851104748708N12002057WA0280302800
B1851114748702N12002054WA0280402801
B1851124748697N12002052WA0280502803
B1851134748691N12002050WA0280602804
B1851144748685N12002049WA0280702805
B1851154748679N12002049WA0280802806
B1851164748674N12002049WA0280902807
B1851174748668N12002050WA0280802806
B1851184748661N12002051WA0280702806
B1851194748655N12002053WA0280702805
B1851204748648N12002055WA0280602804
B1851214748643N12002057WA0280502804
B1851224748637N12002058WA0280502804
B1851234748632N12002059WA0280502803
B1851244748626N12002061WA0279902802
B1851254748619N12002064WA0279902799
B1851264748613N12002067WA0279602797
B1851274748607N12002071WA0279502794
B1851284748600N12002075WA0279202792
B1851294748593N12002080WA0279002790
B1851304748586N12002085WA0278402786
B1851314748579N12002090WA0278202783
B1851324748572N12002096WA0277902780
B1851334748565N12002101WA0277602778
B1851344748558N12002105WA0277502777
B1851354748553N12002110WA0277402776
B1851364748547N12002114WA0277102774
B1851374748542N12002118WA0276902771
B1851384748537N12002123WA0276502768
B1851394748532N12002127WA0276302766
B1851404748527N12002130WA0276002763
B1851414748523N12002134WA0275802761
B1851424748518N12002137WA0275502758
B1851434748513N12002139WA0275202755
B1851444748507N12002141WA0274702751
B1851454748500N12002142WA0274502748
B1851464748494N12002143WA0274102745
B1851474748488N12002145WA0274002744
B1851484748483N12002148WA0273702741
B1851494748477N12002151WA0273502739
B1851504748472N12002155WA0273202736
B1851514748466N12002158WA0273002734
B1851524748462N12002161WA0272802732
B1851534748457N12002165WA0272602730
B1851544748452N12002169WA0272302727
B1851554748446N12002174WA0272002723
B1851564748441N12002179WA0271702720
B1851574748435N12002184WA0271602719
B1851584748430N12002187WA0271602719
B1851594748426N12002189WA0271302719
B1852004748422N12002191WA0271302717
B1852014748417N12002193WA0271302715
B1852024748412N12002196WA0270702713
B1852034748406N12002199WA0270002709
B1852044748401N12002202WA0269302705
B1852054748394N12002205WA0269002701
B1852064748388N12002208WA0268802697
B1852074748381N12002210WA0268502695
B1852084748375N12002212WA0268302694
B1852094748369N12002213WA0268202692
B1852104748365N12002212WA0268002691
B1852114748360N12002212WA0267802687
B1852124748356N12002213WA0267402684
B1852134748350N12002215WA0267002679
B1852144748345N12002218WA0266302673
B1852154748339N12002222WA0266002669
B1852164748333N12002224WA0265802667
B1852174748327N12002226WA0265602666
B1852184748322N12002226WA0265402665
B1852194748316N12002228WA0265202662
B1852204748311N12002229WA0264902660
B1852214748305N12002232WA0264702656
B1852224748298N12002234WA0264502654
B1852234748292N12002234WA0264302651
B1852244748286N12002235WA0264102650
B1852254748280N12002237WA0264002650
B1852264748275N12002240WA0264002649
B1852274748270N12002244WA0263902647
B1852284748264N12002249WA0263702646
B1852294748259N12002254WA0263602643
B1852304748253N12002259WA0263502642
B1852314748248N12002263WA0263502642
B1852324748242N12002266WA0263502642
B1852334748236N12002266WA0263502642
B1852344748230N12002266WA0263302640
B1852354748223N12002265WA0263202638
B1852364748216N12002265WA0262802636
B1852374748209N12002264WA0262702635
B1852384748202N12002263WA0262502633
B1852394748195N12002262WA0262402631
B1852404748188N12002262WA0262102629
B1852414748182N12002264WA0262002627
B1852424748175N12002267WA0261902626
B1852434748169N12002269WA0261902625
B1852444748162N12002271WA0261802624
B1852454748155N12002271WA0261802623
B1852464748147N12002271WA0261602622
B1852474748140N12002272WA0261602621
B1852484748133N12002273WA0261602621
B1852494748126N12002274WA0261602621
B1852504748120N12002276WA0261602621
B1852514748114N12002278WA0261602621
B1852524748108N12002282WA0261402620
B1852534748102N12002287WA0261302619
B1852544748096N12002292WA0261102617
B1852554748090N12002298WA0260902615
B1852564748084N12002304WA0260802614
B1852574748078N12002309WA0260702613
B1852584748074N12002315WA0260802614
B1852594748070N12002321WA0260802614
B1853004748066N12002327WA0260902614
B1853014748063N12002332WA0261002615
B1853024748059N12002337WA0260902614
B1853034748055N12002344WA0260902613
B1853044748051N12002352WA0260702611
B1853054748048N12002359WA0260702612
B1853064748045N12002366WA0260702612
B1853074748042N12002372WA0260802613
B1853084748040N12002378WA0260902613
B1853094748037N12002384WA0260802612
B1853104748034N12002391WA0260602611
B1853114748032N12002399WA0260502609
B1853124748029N12002407WA0260402608
B1853134748027N12002414WA0260402608
B1853144748026N12002421WA0260402608
B1853154748024N12002427WA0260402608
B1853164748022N12002434WA0260302608
B1853174748021N12002440WA0260302606
B1853184748019N12002446WA0260002605
B1853194748016N12002453WA0259902604
B1853204748014N12002459WA0259802603
B1853214748013N12002466WA0259802603
B1853224748011N12002472WA0259702602
B1853234748010N12002478WA0259602601
B1853244748008N12002484WA0259502600
B1853254748006N12002491WA0259302598
B1853264748005N12002499WA0259202597
B1853274748003N12002506WA0259102596
B1853284748001N12002512WA0258902595
B1853294747998N12002518WA0259002594
B1853304747994N12002522WA0258902593
B1853314747991N12002526WA0258802591
B1853324747988N12002532WA0258602590
B1853334747986N12002539WA0258402588
B1853344747984N12002546WA0258302587
B1853354747982N12002552WA0258102586
B1853364747980N12002558WA0258002585
B1853374747978N12002565WA0257802583
B1853384747976N12002571WA0257602581
B1853394747975N12002578WA0257602580
B1853404747974N12002584WA0257502580
B1853414747972N12002589WA0257402579
B1853424747969N12002593WA0257202579
B1853434747967N12002599WA0257102577
B1853444747965N12002605WA0256902575
B1853454747964N12002612WA0256802574
B1853464747962N12002619WA0256702573
B1853474747961N12002625WA0256702573
B1853484747958N12002630WA0256702573
B1853494747955N12002635WA0256602572
B1853504747952N12002640WA0256502571
B1853514747949N12002647WA0256402570
B1853524747946N12002654WA0256202569
B1853534747944N12002661WA0256102568
B1853544747941N12002669WA0256002567
B1853554747937N12002675WA0255902566
B1853564747933N12002680WA0255702566
B1853574747929N12002684WA0255702566
B1853584747925N12002689WA0255702566
B1853594747922N12002694WA0255602565
B1854004747919N12002699WA0255502563
B1854014747915N12002704WA0255302561
B1854024747910N12002708WA0255102558
B1854034747904N12002712WA0254802556
B1854044747899N12002716WA0254602554
B1854054747895N12002721WA0254402553
B1854064747890N12002726WA0254202551
B1854074747886N12002730WA0254102550
B1854084747883N12002735WA0254002549
B1854094747879N12002739WA0253902548
B1854104747876N12002743WA0253702546
B1854114747872N12002748WA0253502544
B1854124747868N12002752WA0253202541
B1854134747863N12002756WA0253002538
B1854144747859N12002760WA0252602536
B1854154747855N12002764WA0252402534
B1854164747853N12002769WA0252202532
B1854174747852N12002775WA0252002529
B1854184747851N12002782WA0251802526
B1854194747850N12002789WA0251602524
B1854204747849N12002797WA0251302522
B1854214747848N12002805WA0251102520
B1854224747846N12002812WA0250902519
B1854234747846N12002820WA0250802518
B1854244747846N12002828WA0250602516
B1854254747848N12002837WA0250402514
B1854264747850N12002847WA0250402512
B1854274747853N12002856WA0250502513
B1854284747855N12002864WA0250702514
B1854294747856N12002870WA0250902515
B1854304747856N12002876WA0251002516
B1854314747857N12002882WA0251002516
B1854324747856N12002890WA0250802514
B1854334747855N12002898WA0250802514
B1854344747855N12002906WA0250802514
B1854354747854N12002912WA0250902515
B1854364747855N12002918WA0251102516
B1854374747856N12002924WA0251302517
B1854384747858N12002931WA0251502519
B1854394747861N12002938WA0251702520
B1854404747864N12002945WA0251802521
B1854414747866N12002952WA0252002525
B1854424747868N12002958WA0252302529
B1854434747869N12002963WA0252602532
B1854444747870N12002969WA0252902534
B1854454747871N12002975WA0253002536
B1854464747872N12002982WA0253202537
B1854474747873N12002989WA0253302539
B1854484747874N12002996WA0253602542
B1854494747875N12003002WA0253902545
B1854504747876N12003008WA0254202548
B1854514747876N12003015WA0254502550
B1854524747877N12003021WA0254902554
B1854534747878N12003028WA0255102556
B1854544747878N12003035WA0255402559
B1854554747879N12003041WA0255602562
B1854564747880N12003048WA0255902565
B1854574747880N12003055WA0256102567
B1854584747880N12003062WA0256302570
B1854594747881N12003069WA0256502572
B1855004747881N12003077WA0256802574
B1855014747881N12003084WA0257002576
B1855024747881N12003091WA0257402579
B1855034747880N12003098WA0257502581
B1855044747880N12003106WA0257802583
B1855054747878N12003113WA0257902585
B1855064747876N12003119WA0258202587
B1855074747872N12003124WA0258402590
B1855084747868N12003126WA0258802592
B1855094747862N12003126WA0258902594
B1855104747857N12003125WA0259202596
B1855114747853N12003121WA0259402598
B1855124747849N12003115WA0259702601
B1855134747848N12003107WA0259902603
B1855144747849N12003099WA0260202604
B1855154747851N12003091WA0260402607
B1855164747856N12003084WA0260802609
B1855174747861N12003081WA0261202615
B1855184747866N12003081WA0261602617
B1855194747872N12003084WA0261802619
B1855204747876N12003089WA0262002620
B1855214747880N12003096WA0262202623
B1855224747882N12003103WA0262502626
B1855234747884N12003110WA0262702628
B1855244747884N12003117WA0263002630
B1855254747883N12003125WA0263102632
B1855264747881N12003132WA0263302633
B1855274747877N12003139WA0263502635
B1855284747873N12003144WA0263702638
B1855294747868N12003146WA0263902641
B1855304747863N12003147WA0264402644
B1855314747858N12003145WA0264702647
B1855324747854N12003141WA0265002650
B1855334747851N12003135WA0265102652
B1855344747849N12003128WA0265602654
B1855354747849N12003121WA0265702657
B1855364747849N12003114WA0266002661
B1855374747850N12003107WA0266202663
B1855384747853N12003100WA0266502665
B1855394747856N12003093WA0266702668
B1855404747860N12003088WA0267102671
B1855414747864N12003085WA0267402674
B1855424747869N12003083WA0267602677
B1855434747875N12003083WA0267802680
B1855444747880N12003084WA0268202683
B1855454747884N12003086WA0268402686
B1855464747888N12003089WA0268702689
B1855474747893N12003094WA0268902691
B1855484747896N12003099WA0269102693
B1855494747899N12003105WA0269302694
B1855504747901N12003112WA0269702696
B1855514747901N12003121WA0269802698
B1855524747901N12003129WA0270002700
B1855534747898N12003136WA0270102701
B1855544747895N12003142WA0270402703
B1855554747890N12003145WA0270702706
B1855564747885N12003146WA0271002709
B1855574747880N12003146WA0271202711
B1855584747875N12003144WA0271402714
B1855594747870N12003139WA0271602717
B1856004747867N12003133WA0272002719
B1856014747865N12003125WA0272202721
B1856024747864N12003116WA0272502724
B1856034747865N12003108WA0272802727
B1856044747866N12003101WA0273302731
B1856054747868N12003095WA0273502734
B1856064747870N12003089WA0273802737
B1856074747873N12003084WA0273902739
B1856084747877N12003080WA0274102741
B1856094747881N12003076WA0274102742
B1856104747886N12003071WA0274302742
B1856114747892N12003068WA0274302743
B1856124747898N12003067WA0274602745
B1856134747904N12003068WA0274802747
B1856144747909N12003072WA0275002749
B1856154747914N12003076WA0275102751
B1856164747919N12003079WA0275302753
B1856174747925N12003081WA0275502754
B1856184747930N12003083WA0275702756
B1856194747935N12003086WA0275902759
B1856204747940N12003089WA0276202762
B1856214747944N12003092WA0276302763
B1856224747949N12003095WA0276402765
B1856234747954N12003098WA0276402765
B1856244747959N12003102WA0276502765
B1856254747964N12003106WA0276502766
B1856264747969N12003112WA0276802767
B1856274747973N12003118WA0277102769
B1856284747977N12003123WA0277502774
B1856294747981N12003129WA0277902778
B1856304747984N12003133WA0278402783
B1856314747988N12003137WA0278802788
B1856324747991N12003140WA0279302792
B1856334747995N12003143WA0279502794
B1856344747999N12003146WA0279802796
B1856354748004N12003149WA0279802797
B1856364748009N12003153WA0279902797
B1856374748013N12003156WA0280102799
B1856384748017N12003158WA0280302800
B1856394748022N12003159WA0280302801
B1856404748027N12003160WA0280402802
B1856414748032N12003162WA0280402802
B1856424748038N12003164WA0280402802
B1856434748043N12003167WA0280402802
B1856444748049N12003171WA0280502803
B1856454748054N12003175WA0280502803
B1856464748059N12003180WA0280502803
B1856474748064N12003185WA0280402803
B1856484748069N12003192WA0280402802
B1856494748074N12003198WA0280402802
B1856504748079N12003205WA0280502802
B1856514748084N12003212WA0280502803
B1856524748089N12003218WA0280502803
B1856534748094N12003225WA0280502803
B1856544748099N12003232WA0280402803
B1856554748104N12003240WA0280402802
B1856564748109N12003246WA0280502804
B1856574748112N12003250WA0280702806
B1856584748116N12003255WA0280702807
B1856594748119N12003260WA0280702806
B1857004748124N12003265WA0280402803
B1857014748129N12003271WA0280202800
B1857024748134N12003277WA0279902798
B1857034748138N12003283WA0279902798
B1857044748142N12003289WA0280202800
B1857054748146N12003293WA0280402802
B1857064748149N12003298WA0280702805
B1857074748152N12003302WA0280802806
B1857084748155N12003307WA0280802807
B1857094748158N12003314WA0280802807
B1857104748160N12003322WA0280702805
B1857114748162N12003329WA0280602804
B1857124748162N12003337WA0280602805
B1857134748162N12003344WA0280602805
B1857144748160N12003351WA0280702806
B1857154748158N12003357WA0280702806
B1857164748156N12003363WA0280602805
B1857174748153N12003369WA0280602805
B1857184748150N12003376WA0280502804
B1857194748147N12003384WA0280402803
B1857204748145N12003392WA0280402803
B1857214748142N12003399WA0280502804
B1857224748140N12003405WA0280602805
B1857234748137N12003411WA0280602805
B1857244748133N12003417WA0280602804
B1857254748130N12003424WA0280502804
B1857264748126N12003431WA0280502804
B1857274748123N12003438WA0280502804
B1857284748120N12003445WA0280502804
B1857294748117N12003451WA0280502804
B1857304748114N12003456WA0280402803
B1857314748109N12003462WA0280402802
B1857324748105N12003467WA0280202801
B1857334748101N12003473WA0280102800
B1857344748098N12003478WA0279902800
B1857354748093N12003482WA0279802799
B1857364748089N12003486WA0279702797
B1857374748083N12003488WA0279602796
B1857384748078N12003490WA0279402794
B1857394748072N12003493WA0279402793
B1857404748067N12003496WA0279402793
B1857414748061N12003499WA0279502793
B1857424748056N12003501WA0279502794
B1857434748050N12003502WA0279402792
B1857444748044N12003502WA0279102790
B1857454748038N12003501WA0278802786
B1857464748032N12003499WA0278402783
B1857474748024N12003497WA0278102780
B1857484748017N12003494WA0277902778
B1857494748011N12003491WA0278002778
B1857504748006N12003488WA0278102779
B1857514748001N12003485WA0278102779
B1857524747997N12003481WA0278002778
B1857534747993N12003476WA0277902776
B1857544747989N12003470WA0277602775
B1857554747985N12003465WA0277502773
B1857564747980N12003461WA0277402772
B1857574747975N12003455WA0277302771
B1857584747970N12003450WA0277302771
B1857594747966N12003445WA0277402772
B1858004747962N12003442WA0277502773
B1858014747958N12003439WA0277502774
B1858024747954N12003435WA0277402773
B1858034747950N12003430WA0277402772
B1858044747945N12003424WA0277302771
B1858054747940N12003420WA0277302772
B1858064747936N12003416WA0277402773
B1858074747932N12003413WA0277402772
B1858084747927N12003410WA0277302771
B1858094747922N12003405WA0277202769
B1858104747917N12003401WA0277002767
B1858114747912N12003396WA0277102768
B1858124747907N12003392WA0277202769
B1858134747902N12003388WA0277402772
B1858144747897N12003386WA0277402773
B1858154747891N12003382WA0277502772
B1858164747886N12003377WA0277302771
B1858174747882N12003371WA0277202770
B1858184747878N12003365WA0277102769
B1858194747876N12003360WA0277102769
B1858204747873N12003355WA0277002768
B1858214747871N12003350WA0276802766
B1858224747869N12003344WA0276402763
B1858234747868N12003336WA0276202759
B1858244747867N12003328WA0275902757
B1858254747866N12003321WA0275702755
B1858264747866N12003314WA0275602754
B1858274747867N12003307WA0275502753
B1858284747868N12003301WA0275202752
B1858294747870N12003294WA0275102751
B1858304747871N12003288WA0275002749
B1858314747872N12003281WA0274802748
B1858324747874N12003274WA0274602745
B1858334747876N12003266WA0274502744
B1858344747878N12003259WA0274402743
B1858354747880N12003252WA0274402744
B1858364747882N12003247WA0274502744
B1858374747883N12003241WA0274602745
B1858384747885N12003234WA0274602745
B1858394747887N12003227WA0274602745
B1858404747888N12003219WA0274702745
B1858414747889N12003211WA0274802747
B1858424747891N12003204WA0274902748
B1858434747892N12003197WA0275002750
B1858444747894N12003191WA0275102751
B1858454747896N12003185WA0275202752
B1858464747899N12003179WA0275102751
B1858474747903N12003174WA0275102751
B1858484747908N12003169WA0275202752
B1858494747914N12003167WA0275202753
B1858504747919N12003166WA0275602755
B1858514747924N12003168WA0275602756
B1858524747930N12003170WA0275602756
B1858534747935N12003173WA0275602757
B1858544747940N12003178WA0275702757
B1858554747944N12003184WA0275702758
B1858564747946N12003192WA0275702757
B1858574747946N12003200WA0275702757
B1858584747944N12003208WA0275602756
B1858594747942N12003215WA0275602756
B1859004747939N12003221WA0275602755
B1859014747936N12003227WA0275602755
B1859024747932N12003231WA0275602755
B1859034747927N12003235WA0275602754
B1859044747923N12003238WA0275502753
B1859054747918N12003241WA0275602753
B1859064747913N12003244WA0275602754
B1859074747909N12003246WA0275702754
B1859084747904N12003248WA0275702755
B1859094747898N12003248WA0275702754
B1859104747893N12003246WA0275502753
B1859114747887N12003241WA0275502752
B1859124747882N12003236WA0275302751
B1859134747877N12003229WA0275302751
B1859144747873N12003223WA0275202750
B1859154747869N12003217WA0275102750
B1859164747866N12003211WA0275002749
B1859174747864N12003205WA0274902747
B1859184747862N12003197WA0274502745
B1859194747861N12003189WA0274302741
B1859204747860N12003181WA0273902739
B1859214747861N12003173WA0273802737
B1859224747861N12003164WA0273502734
B1859234747862N12003155WA0273302731
B1859244747863N12003146WA0273002730
B1859254747864N12003138WA0272902729
B1859264747866N12003129WA0272802728
B1859274747868N12003121WA0272602726
B1859284747871N12003111WA0272502724
B1859294747874N12003102WA0272402723
B1859304747877N12003093WA0272602724
B1859314747880N12003086WA0272702726
B1859324747883N12003079WA0273002728
B1859334747886N12003072WA0273202729
B1859344747889N12003065WA0273302730
B1859354747892N12003058WA0273202731
B1859364747897N12003054WA0273302732
B1859374747903N12003051WA0273302732
B1859384747909N12003049WA0273302731
B1859394747915N12003048WA0273202731
B1859404747922N12003048WA0273302732
B1859414747928N12003049WA0273302733
B1859424747933N12003052WA0273302733
B1859434747940N12003056WA0273302733
B1859444747946N12003059WA0273202732
B1859454747953N12003062WA0273202732
B1859464747960N12003064WA0273202731
B1859474747967N12003066WA0273002731
B1859484747975N12003067WA0273002731
B1859494747982N12003068WA0273202732
B1859504747988N12003068WA0273202733
B1859514747995N12003067WA0273202733
B1859524748002N12003067WA0273202733
B1859534748009N12003067WA0273202732
B1859544748017N12003069WA0273002731
B1859554748024N12003071WA0273002732
B1859564748031N12003073WA0273302734
B1859574748036N12003077WA0273502737
B1859584748040N12003081WA0273902740
B1859594748044N12003087WA0274002742
B1900004748046N12003095WA0274302744
B1900014748049N12003105WA0274402745
B1900024748050N12003115WA0274602745
B1900034748050N12003125WA0274702747
B1900044748049N12003135WA0275002749
B1900054748047N12003144WA0275102751
B1900064748043N12003152WA0275302753
B1900074748039N12003160WA0275502754
B1900084748034N12003167WA0275702756
B1900094748029N12003175WA0275802757
B1900104748025N12003181WA0276002759
B1900114748020N12003187WA0276202761
B1900124748016N12003193WA0276502763
B1900134748013N12003199WA0276802766
B1900144748010N12003204WA0277002768
B1900154748007N12003210WA0277102769
B1900164748004N12003215WA0277102770
B1900174748001N12003221WA0277002769
B1900184747997N12003227WA0276802768
B1900194747992N12003231WA0276702766
B1900204747987N12003233WA0276402765
B1900214747981N12003233WA0276402764
B1900224747977N12003230WA0276302762
B1900234747973N12003226WA0276202762
B1900244747970N12003221WA0276202760
B1900254747967N12003216WA0276102759
B1900264747965N12003210WA0276002758
B1900274747963N12003203WA0275902757
B1900284747962N12003195WA0275702755
B1900294747962N12003187WA0275702754
B1900304747961N12003180WA0275702754
B1900314747961N12003173WA0275602754
B1900324747962N12003166WA0275502753
B1900334747963N12003158WA0275302751
B1900344747965N12003150WA0275102749
B1900354747966N12003142WA0275002748
B1900364747968N12003135WA0275002748
B1900374747970N12003128WA0275102749
B1900384747972N12003123WA0275002749
B1900394747974N12003116WA0275002748
B1900404747977N12003109WA0274702744
B1900414747980N12003101WA0274502742
B1900424747983N12003093WA0274302741
B1900434747986N12003087WA0274402742
B1900444747989N12003083WA0274502744
B1900454747992N12003079WA0274602744
B1900464747994N12003074WA0274402744
B1900474747997N12003067WA0274302743
B1900484748000N12003060WA0274002742
B1900494748002N12003052WA0273902740
B1900504748005N12003045WA0273902740
B1900514748008N12003040WA0273902741
B1900524748012N12003035WA0273902741
B1900534748016N12003030WA0273902740
B1900544748019N12003024WA0273802739
B1900554748024N12003019WA0273702739
B1900564748028N12003015WA0273802739
B1900574748034N12003012WA0273802740
B1900584748039N12003010WA0273802740
B1900594748045N12003010WA0273802740
B1901004748051N12003009WA0273702739
B1901014748057N12003010WA0273702739
B1901024748064N12003011WA0273702739
B1901034748070N12003012WA0273702739
B1901044748077N12003013WA0273702739
B1901054748083N12003014WA0273602738
B1901064748090N12003016WA0273602738
B1901074748096N12003019WA0273602738
B1901084748102N12003022WA0273702739
B1901094748108N12003026WA0273702740
B1901104748113N12003031WA0273802740
B1901114748119N12003036WA0273802740
B1901124748124N12003042WA0273902740
B1901134748128N12003049WA0273902742
B1901144748132N12003055WA0274002742
B1901154748136N12003062WA0274102743
B1901164748138N12003069WA0274302744
B1901174748140N12003078WA0274302744
B1901184748142N12003086WA0274302744
B1901194748143N12003094WA0274402745
B1901204748144N12003101WA0274502747
B1901214748145N12003108WA0274602748
B1901224748146N12003115WA0274602748
B1901234748146N12003123WA0274502747
B1901244748146N12003131WA0274402746
B1901254748145N12003139WA0274402745
B1901264748144N12003147WA0274302745
B1901274748142N12003155WA0274302744
B1901284748141N12003162WA0274102744
B1901294748139N12003169WA0274102744
B1901304748137N12003176WA0274302744
B1901314748135N12003184WA0274302744
B1901324748133N12003191WA0274302744
B1901334748131N12003199WA0274302744
B1901344748129N12003206WA0274302744
B1901354748126N12003214WA0274302744
B1901364748122N12003221WA0274302743
B1901374748119N12003229WA0274302743
B1901384748114N12003235WA0274302744
B1901394748109N12003240WA0274402744
B1901404748104N12003243WA0274402745
B1901414748099N12003244WA0274402745
B1901424748095N12003243WA0274502745
B1901434748091N12003242WA0274502746
B1901444748088N12003240WA0274702746
B1901454748085N12003236WA0274702745
B1901464748083N12003231WA0274602745
B1901474748082N12003225WA0274502742
B1901484748081N12003217WA0274402741
B1901494748080N12003210WA0274402742
B1901504748081N12003204WA0274502744
B1901514748081N12003199WA0274502744
B1901524748082N12003193WA0274502744
B1901534748082N12003187WA0274402743
B1901544748082N12003180WA0274102742
B1901554748081N12003173WA0274102741
B1901564748081N12003166WA0274002741
B1901574748081N12003160WA0274002741
B1901584748080N12003154WA0273902740
B1901594748079N12003146WA0273802739
B1902004748078N12003138WA0273702737
B1902014748077N12003130WA0273602737
B1902024748075N12003123WA0273702737
B1902034748074N12003115WA0273902739
B1902044748074N12003109WA0274002740
B1902054748074N12003103WA0274102741
B1902064748073N12003097WA0274102741
B1902074748073N12003090WA0274002741
B1902084748074N12003082WA0273902740
B1902094748075N12003074WA0273802739
B1902104748078N12003067WA0273802739
B1902114748083N12003062WA0273802739
B1902124748089N12003059WA0273702738
B1902134748096N12003058WA0273602738
B1902144748102N12003059WA0273602738
B1902154748108N12003061WA0273702739
B1902164748113N12003064WA0273802740
B1902174748118N12003069WA0273902742
B1902184748122N12003074WA0274002742
B1902194748125N12003080WA0273902741
B1902204748129N12003088WA0273702739
B1902214748133N12003095WA0273602738
B1902224748136N12003102WA0273602738
B1902234748139N12003109WA0273602738
B1902244748141N12003116WA0273602738
B1902254748143N12003124WA0273502737
B1902264748145N12003133WA0273302735
B1902274748148N12003142WA0273202733
B1902284748150N12003152WA0273002731
B1902294748151N12003162WA0272902731
B1902304748151N12003171WA0273002732
B1902314748150N12003179WA0273002732
B1902324748149N12003188WA0272902731
B1902334748147N12003196WA0272802730
B1902344748143N12003205WA0272702729
B1902354748139N12003211WA0272602727
B1902364748135N12003216WA0272502727
B1902374748130N12003220WA0272402725
B1902384748125N12003223WA0272202724
B1902394748120N12003224WA0272102723
B1902404748115N12003224WA0272002722
B1902414748111N12003222WA0271902720
B1902424748107N12003219WA0271702719
B1902434748104N12003214WA0271502717
B1902444748102N12003208WA0271402716
B1902454748100N12003201WA0271302714
B1902464748100N12003194WA0271102713
B1902474748099N12003187WA0271102713
B1902484748100N12003181WA0271102713
B1902494748100N12003175WA0271102713
B1902504748102N12003168WA0271102713
B1902514748103N12003161WA0271102712
B1902524748104N12003155WA0271102713
B1902534748105N12003149WA0271202714
B1902544748106N12003144WA0271302715
B1902554748107N12003139WA0271302716
B1902564748109N12003133WA0271302715
B1902574748110N12003127WA0271202715
B1902584748111N12003119WA0271002713
B1902594748112N12003111WA0270802711
B1903004748113N12003102WA0270702710
B1903014748115N12003095WA0270702711
B1903024748116N12003089WA0270702712
B1903034748117N12003083WA0270502710
B1903044748119N12003077WA0270302708
B1903054748120N12003069WA0270102705
B1903064748121N12003061WA0269702701
B1903074748122N12003052WA0269302698
B1903084748123N12003043WA0269202696
B1903094748124N12003035WA0269102695
B1903104748124N12003027WA0269002695
B1903114748125N12003020WA0269002694
B1903124748125N12003012WA0268802692
B1903134748125N12003003WA0268602690
B1903144748124N12002995WA0268402688
B1903154748124N12002985WA0268302686
B1903164748123N12002977WA0268202685
B1903174748123N12002969WA0268002684
B1903184748122N12002961WA0267802683
B1903194748122N12002952WA0267702681
B1903204748121N12002943WA0267602680
B1903214748121N12002935WA0267402679
B1903224748120N12002926WA0267102678
B1903234748120N12002918WA0267502678
B1903244748120N12002910WA0267202677
B1903254748120N12002901WA0267002675
B1903264748121N12002891WA0266602671
B1903274748121N12002880WA0266302668
B1903284748122N12002868WA0266002664
B1903294748122N12002856WA0265802662
B1903304748123N12002845WA0265602661
B1903314748123N12002833WA0265402659
B1903324748123N12002822WA0265202658
B1903334748124N12002811WA0265102657
B1903344748124N12002800WA0264902655
B1903354748124N12002788WA0264702652
B1903364748124N12002776WA0264402650
B1903374748124N12002765WA0264302648
B1903384748125N12002754WA0264102648
B1903394748126N12002747WA0264102649
B1903404748129N12002740WA0264002647
B1903414748133N12002735WA0263702643
B1903424748138N12002730WA0263002637
B1903434748145N12002724WA0262602632
B1903444748151N12002716WA0262202628
B1903454748155N12002709WA0262002625
B1903464748159N12002702WA0262002625
B1903474748161N12002696WA0262102626
B1903484748163N12002689WA0261902624
B1903494748166N12002683WA0261702622
B1903504748169N12002675WA0261102618
B1903514748172N12002665WA0260802613
B1903524748176N12002654WA0260302609
B1903534748179N12002644WA0259902605
B1903544748183N12002633WA0259602603
B1903554748187N12002623WA0259502601
B1903564748190N12002612WA0259202599
B1903574748192N12002601WA0259002596
B1903584748194N12002591WA0258802594
B1903594748196N12002580WA0258502592
B1904004748198N12002570WA0258102589
B1904014748201N12002560WA0257902585
B1904024748204N12002549WA0257402581
B1904034748207N12002538WA0257002577
B1904044748209N12002527WA0256502573
B1904054748211N12002515WA0256202569
B1904064748213N12002504WA0255702566
B1904074748216N12002493WA0255502562
B1904084748219N12002483WA0255002559
B1904094748224N12002473WA0254702554
B1904104748228N12002463WA0254002549
B1904114748232N12002451WA0253602544
B1904124748235N12002439WA0253202540
B1904134748238N12002428WA0253102539
B1904144748241N12002418WA0253202541
B1904154748244N12002410WA0253202541
B1904164748246N12002403WA0253102540
B1904174748249N12002395WA0252902538
B1904184748251N12002386WA0252402535
B1904194748254N12002376WA0252102532
B1904204748256N12002365WA0251702528
B1904214748260N12002355WA0251502526
B1904224748263N12002346WA0251402526
B1904234748266N12002336WA0251402526
B1904244748269N12002327WA0251302525
B1904254748271N12002316WA0251102524
B1904264748274N12002305WA0250902522
B1904274748276N12002294WA0250802521
B1904284748278N12002284WA0250802521
B1904294748280N12002276WA0250802521
B1904304748283N12002268WA0250702521
B1904314748286N12002260WA0250702519
B1904324748288N12002250WA0250402516
B1904334748291N12002240WA0250102513
B1904344748295N12002230WA0249802510
B1904354748298N12002220WA0249502508
B1904364748300N12002210WA0249402506
B1904374748301N12002200WA0249202504
B1904384748303N12002191WA0249002502
B1904394748304N12002181WA0248902500
B1904404748304N12002171WA0248602497
B1904414748305N12002160WA0248302494
B1904424748305N12002148WA0247702490
B1904434748304N12002136WA0247202486
B1904444748304N12002125WA0247102483
B1904454748304N12002116WA0247002482
B1904464748305N12002109WA0247202483
B1904474748304N12002101WA0247302482
B1904484748304N12002092WA0246802479
B1904494748304N12002081WA0246502476
B1904504748305N12002070WA0245902472
B1904514748305N12002057WA0245602468
B1904524748305N12002045WA0245402466
B1904534748305N12002033WA0245302465
B1904544748304N12002022WA0245202464
B1904554748304N12002011WA0245002462
B1904564748304N12002000WA0244802460
B1904574748304N12001988WA0244602457
B1904584748304N12001976WA0244102454
B1904594748305N12001964WA0244002451
B1905004748305N12001952WA0243702449
B1905014748306N12001941WA0243602447
B1905024748307N12001931WA0243502446
B1905034748308N12001920WA0243402444
B1905044748309N12001908WA0243102441
B1905054748309N12001896WA0242902438
B1905064748309N12001884WA0242402435
B1905074748309N12001871WA0242302433
B1905084748308N12001858WA0242102431
B1905094748308N12001845WA0242002429
B1905104748308N12001832WA0241802428
B1905114748308N12001820WA0241702426
B1905124748307N12001808WA0241502425
B1905134748307N12001795WA0241402422
B1905144748307N12001782WA0241102420
B1905154748306N12001769WA0241002418
B1905164748306N12001756WA0240702417
B1905174748305N12001744WA0240602416
B1905184748304N12001731WA0240502415
B1905194748304N12001719WA0240402413
B1905204748304N12001707WA0240302412
B1905214748304N12001695WA0240102410
B1905224748304N12001682WA0239902409
B1905234748304N12001669WA0239702406
B1905244748304N12001656WA0239502404
B1905254748303N12001644WA0239302402
B1905264748303N12001631WA0239102400
B1905274748303N12001618WA0238702397
B1905284748302N12001605WA0238402394
B1905294748301N12001591WA0238102390
B1905304748299N12001577WA0237702386
B1905314748298N12001563WA0237502383
B1905324748297N12001550WA0237202381
B1905334748296N12001537WA0237002378
B1905344748294N12001524WA0236602375
B1905354748293N12001510WA0236502373
B1905364748292N12001497WA0236102370
B1905374748291N12001484WA0236002368
B1905384748290N12001471WA0235802366
B1905394748289N12001458WA0235602363
B1905404748287N12001445WA0235202360
B1905414748285N12001431WA0234902356
B1905424748284N12001418WA0234502353
B1905434748282N12001404WA0234302351
B1905444748280N12001391WA0234102348
B1905454748279N12001377WA0233902346
B1905464748278N12001364WA0233602343
B1905474748276N12001351WA0233402340
B1905484748275N12001338WA0233102337
B1905494748275N12001324WA0232702334
B1905504748275N12001311WA0232202330
B1905514748274N12001297WA0232002327
B1905524748274N12001284WA0231602323
B1905534748273N12001271WA0231302320
B1905544748272N12001257WA0231102318
B1905554748272N12001245WA0231002316
B1905564748272N12001232WA0230902315
B1905574748272N12001220WA0230802314
B1905584748273N12001207WA0230602313
B1905594748274N12001195WA0230602313
B1906004748274N12001183WA0230202312
B1906014748274N12001172WA0230502311
B1906024748275N12001162WA0230602311
B1906034748276N12001154WA0230902312
B1906044748276N12001145WA0230602311
B1906054748277N12001134WA0230302309
B1906064748277N12001123WA0230002307
B1906074748278N12001111WA0229802305
B1906084748279N12001099WA0229702304
B1906094748281N12001088WA0229702304
B1906104748283N12001078WA0229802305
B1906114748285N12001068WA0229902306
B1906124748286N12001059WA0229802305
B1906134748288N12001048WA0229602304
B1906144748291N12001036WA0229402302
B1906154748293N12001025WA0229402301
B1906164748296N12001014WA0229602303
B1906174748297N12001004WA0229602304
B1906184748297N12000994WA0229602304
B1906194748297N12000983WA0229502303
B1906204748297N12000972WA0229402302
B1906214748298N12000961WA0229402302
B1906224748300N12000953WA0229602303
B1906234748302N12000945WA0229702305
B1906244748304N12000939WA0229902306
B1906254748307N12000931WA0229902306
B1906264748310N12000923WA0229702304
B1906274748312N12000915WA0229702304
B1906284748313N12000907WA0229602303
B1906294748316N12000899WA0229502302
B1906304748319N12000891WA0229402301
B1906314748322N12000883WA0229402300
B1906324748325N12000875WA0229202299
B1906334748329N12000868WA0229202298
B1906344748333N12000860WA0229002297
B1906354748337N12000852WA0229002297
B1906364748341N12000844WA0228802296
B1906374748345N12000836WA0228802295
B1906384748349N12000828WA0228802295
B1906394748354N12000820WA0228802296
B1906404748359N12000813WA0228902296
B1906414748364N12000807WA0228802295
B1906424748369N12000799WA0228802295
B1906434748373N12000792WA0228802295
B1906444748378N12000784WA0228802295
B1906454748382N12000777WA0228802294
B1906464748387N12000770WA0228702294
B1906474748392N12000763WA0228702293
B1906484748397N12000756WA0228802294
B1906494748402N12000749WA0228802295
B1906504748407N12000743WA0229002297
B1906514748412N12000737WA0229102298
B1906524748417N12000732WA0229202299
B1906534748423N12000726WA0229202300
B1906544748429N12000721WA0229202299
B1906554748434N12000714WA0229202299
B1906564748440N12000708WA0229102299
B1906574748446N12000701WA0229102299
B1906584748451N12000693WA0229002299
B1906594748457N12000686WA0229002298
B1907004748463N12000678WA0229002298
B1907014748469N12000670WA0229002299
B1907024748474N12000663WA0229202300
B1907034748479N12000656WA0229302301
B1907044748484N12000650WA0229502303
B1907054748489N12000643WA0229502303
B1907064748494N12000636WA0229502303
B1907074748498N12000628WA0229502303
B1907084748503N12000619WA0229502303
B1907094748508N12000610WA0229602304
B1907104748513N12000601WA0229802307
B1907114748517N12000593WA0230102310
B1907124748521N12000587WA0230502313
B1907134748525N12000582WA0230502314
B1907144748529N12000577WA0230502313
B1907154748534N12000571WA0230302312
B1907164748540N12000564WA0230102311
B1907174748545N12000558WA0230002309
B1907184748551N12000551WA0230002310
B1907194748556N12000544WA0230102310
B1907204748560N12000536WA0230202311
B1907214748564N12000529WA0230302312
B1907224748569N12000523WA0230302313
B1907234748574N12000516WA0230302313
B1907244748579N12000508WA0230302313
B1907254748585N12000501WA0230302313
B1907264748590N12000494WA0230502313
B1907274748595N12000486WA0230602314
B1907284748599N12000478WA0230802316
B1907294748603N12000470WA0230902317
B1907304748607N12000462WA0231102320
B1907314748611N12000455WA0231202321
B1907324748615N12000448WA0231402322
B1907334748620N12000443WA0231502324
B1907344748625N12000439WA0231702326
B1907354748630N12000439WA0231802328
B1907364748636N12000441WA0231802328
B1907374748641N12000446WA0231802328
B1907384748646N12000454WA0231902328
B1907394748649N12000462WA0231902329
B1907404748650N12000469WA0232102330
B1907414748650N12000476WA0232202331
B1907424748649N12000482WA0232302333
B1907434748647N12000487WA0232302333
B1907444748643N12000491WA0232302334
B1907454748638N12000493WA0232302334
B1907464748634N12000494WA0232302334
B1907474748629N12000494WA0232402335
B1907484748624N12000493WA0232502335
B1907494748619N12000492WA0232702336
B1907504748614N12000491WA0232702336
B1907514748609N12000489WA0232702336
B1907524748604N12000487WA0232702336
B1907534748598N12000486WA0232702336
B1907544748592N12000485WA0232702336
B1907554748587N12000484WA0232702336
B1907564748581N12000483WA0232802337
B1907574748576N12000481WA0232902338
B1907584748570N12000478WA0233002339
B1907594748565N12000475WA0233002339
B1908004748561N12000472WA0233102340
B1908014748558N12000467WA0233202341
B1908024748557N12000461WA0233202340
B1908034748556N12000453WA0233202339
B1908044748556N12000445WA0233102338
B1908054748558N12000437WA0233002337
B1908064748562N12000429WA0232902336
B1908074748568N12000422WA0232902336
B1908084748574N12000418WA0232902336
B1908094748579N12000415WA0232902336
B1908104748585N12000412WA0232902337
B1908114748591N12000409WA0232802336
B1908124748597N12000406WA0232502334
B1908134748604N12000402WA0232302332
B1908144748611N12000397WA0232102331
B1908154748618N12000392WA0232002331
B1908164748625N12000388WA0232102331
B1908174748631N12000385WA0232202332
B1908184748638N12000382WA0232102331
B1908194748644N12000379WA0232002331
B1908204748651N12000379WA0232002330
B1908214748658N12000380WA0231902330
B1908224748665N12000384WA0231902329
B1908234748671N12000389WA0231902330
B1908244748676N12000396WA0231902330
B1908254748679N12000403WA0231902330
B1908264748682N12000411WA0231902330
B1908274748683N12000420WA0231802329
B1908284748682N12000430WA0231802328
B1908294748680N12000438WA0231702328
B1908304748677N12000445WA0231802328
B1908314748674N12000451WA0231902329
B1908324748671N12000455WA0232002330
B1908334748667N12000458WA0232102330
B1908344748662N12000461WA0232002329
B1908354748657N12000462WA0232002328
B1908364748652N12000464WA0231902328
B1908374748648N12000467WA0231902328
B1908384748643N12000471WA0232002328
B1908394748639N12000473WA0232002329
B1908404748634N12000476WA0232002329
B1908414748630N12000479WA0232002328
B1908424748625N12000482WA0231902327
B1908434748620N12000486WA0231902326
B1908444748616N12000490WA0231802326
B1908454748612N12000494WA0231802325
B1908464748607N12000498WA0231802325
B1908474748603N12000502WA0231802325
B1908484748599N12000506WA0231702325
B1908494748594N12000509WA0231702324
B1908504748589N12000513WA0231602324
B1908514748584N12000516WA0231702324
B1908524748580N12000520WA0231702324
B1908534748576N12000524WA0231702323
B1908544748571N12000528WA0231602323
B1908554748567N12000533WA0231602322
B1908564748563N12000538WA0231502322
B1908574748559N12000543WA0231502321
B1908584748555N12000548WA0231402320
B1908594748551N12000552WA0231302319
B1909004748547N12000557WA0231202319
B1909014748544N12000562WA0231202318
B1909024748541N12000567WA0231102318
B1909034748537N12000572WA0231102317
B1909044748534N12000576WA0230902315
B1909054748531N12000581WA0230902314
B1909064748527N12000586WA0230602313
B1909074748524N12000591WA0230602311
B1909084748520N12000597WA0230202310
B1909094748516N12000602WA0230002308
B1909104748511N12000608WA0229602304
B1909114748506N12000614WA0229402301
B1909124748501N12000621WA0229102299
B1909134748497N12000628WA0229002298
B1909144748495N12000637WA0228902297
B1909154748494N12000646WA0228702296
B1909164748495N12000656WA0228502293
B1909174748496N12000666WA0228302291
B1909184748499N12000675WA0228102289
B1909194748502N12000684WA0227902287
B1909204748506N12000693WA0227702285
B1909214748510N12000701WA0227602284
B1909224748514N12000709WA0227402282
B1909234748519N12000717WA0227202280
B1909244748524N12000725WA0227102279
B1909254748527N12000732WA0227202280
B1909264748531N12000738WA0227202280
B1909274748534N12000744WA0227202280
B1909284748537N12000750WA0227002278
B1909294748541N12000756WA0226702275
B1909304748545N12000764WA0226402273
B1909314748549N12000771WA0226302271
B1909324748553N12000778WA0226202270
B1909334748557N12000785WA0226102270
B1909344748560N12000791WA0226102270
B1909354748563N12000797WA0226002269
B1909364748567N12000803WA0225902267
B1909374748571N12000808WA0225802266
B1909384748576N12000813WA0225602264
B1909394748580N12000819WA0225302262
B1909404748584N12000827WA0225102260
B1909414748588N12000834WA0225002259
B1909424748592N12000841WA0224902257
B1909434748596N12000848WA0224902257
B1909444748599N12000855WA0224902257
B1909454748602N12000862WA0225002258
B1909464748605N12000870WA0225002258
B1909474748607N12000878WA0225002258
B1909484748610N12000885WA0225102258
B1909494748612N12000893WA0225202259
B1909504748615N12000901WA0225202260
B1909514748618N12000908WA0225202260
B1909524748620N12000915WA0225302261
B1909534748623N12000923WA0225302261
B1909544748626N12000931WA0225302260
B1909554748629N12000938WA0225302261
B1909564748631N12000945WA0225302261
B1909574748634N12000952WA0225302261
B1909584748638N12000959WA0225502261
B1909594748642N12000966WA0225502261
B1910004748646N12000971WA0225502261
B1910014748652N12000976WA0225302260
B1910024748658N12000979WA0225302260
B1910034748665N12000982WA0225202259
B1910044748673N12000983WA0225202259
B1910054748681N12000984WA0225202259
B1910064748688N12000986WA0225202259
B1910074748696N12000988WA0225302261
B1910084748703N12000989WA0225502262
B1910094748709N12000990WA0225602263
B1910104748717N12000991WA0225602263
B1910114748724N12000991WA0225602263
B1910124748732N12000991WA0225602263
B1910134748740N12000992WA0225702264
B1910144748747N12000994WA0225902265
B1910154748754N12000996WA0226002267
B1910164748761N12000999WA0226102268
B1910174748769N12001002WA0226102268
B1910184748776N12001004WA0226202269
B1910194748784N12001007WA0226302270
B1910204748791N12001011WA0226302270
B1910214748798N12001015WA0226302271
B1910224748805N12001020WA0226402271
B1910234748812N12001025WA0226302270
B1910244748818N12001031WA0226302271
B1910254748825N12001036WA0226302270
B1910264748832N12001042WA0226302270
B1910274748839N12001047WA0226402270
B1910284748846N12001053WA0226402271
B1910294748852N12001060WA0226502272
B1910304748858N12001067WA0226702273
B1910314748863N12001074WA0226802274
B1910324748867N12001082WA0226902275
B1910334748871N12001091WA0227002276
B1910344748874N12001098WA0227302279
B1910354748877N12001105WA0227702283
B1910364748879N12001111WA0228402287
B1910374748881N12001118WA0228802291
B1910384748882N12001125WA0229202294
B1910394748883N12001133WA0229302297
B1910404748885N12001141WA0229602299
B1910414748885N12001148WA0229902303
B1910424748885N12001155WA0230502306
B1910434748884N12001161WA0230802310
B1910444748881N12001165WA0231102312
B1910454748875N12001166WA0231202314
B1910464748870N12001164WA0231302314
B1910474748865N12001158WA0231402316
B1910484748862N12001149WA0231802320
B1910494748861N12001139WA0232102323
B1910504748863N12001130WA0232302326
B1910514748866N12001120WA0232502329
B1910524748870N12001112WA0232902331
B1910534748875N12001105WA0233202335
B1910544748881N12001100WA0233502338
B1910554748887N12001098WA0233902342
B1910564748893N12001100WA0234402347
B1910574748897N12001105WA0234602349
B1910584748900N12001112WA0234902351
B1910594748900N12001120WA0235002352
B1911004748898N12001127WA0235202355
B1911014748894N12001131WA0235602357
B1911024748888N12001131WA0235802360
B1911034748883N12001128WA0236202362
B1911044748879N12001122WA0236502365
B1911054748877N12001113WA0236602368
B1911064748877N12001102WA0236802370
B1911074748879N12001091WA0237202372
B1911084748883N12001082WA0237602376
B1911094748888N12001075WA0237902380
B1911104748894N12001072WA0238202384
B1911114748900N12001072WA0238602387
B1911124748906N12001075WA0238802389
B1911134748911N12001083WA0239102391
B1911144748912N12001092WA0239402394
B1911154748910N12001100WA0239702397
B1911164748906N12001104WA0240102401
B1911174748901N12001104WA0240302404
B1911184748896N12001100WA0240502406
B1911194748892N12001094WA0240602408
B1911204748889N12001085WA0240902410
B1911214748887N12001074WA0241102412
B1911224748888N12001063WA0241302415
B1911234748891N12001054WA0241702418
B1911244748896N12001047WA0242002421
B1911254748902N12001041WA0242302424
B1911264748909N12001038WA0242402427
B1911274748916N12001037WA0242902430
B1911284748923N12001038WA0243202433
B1911294748929N12001041WA0243402437
B1911304748935N12001046WA0243602441
B1911314748939N12001052WA0244002443
B1911324748942N12001059WA0244302446
B1911334748944N12001067WA0244602448
B1911344748943N12001073WA0244802452
B1911354748939N12001077WA0245202455
B1911364748933N12001076WA0245302457
B1911374748928N12001070WA0245502458
B1911384748926N12001060WA0245702462
B1911394748927N12001050WA0246302465
B1911404748930N12001040WA0246502469
B1911414748936N12001034WA0247002473
B1911424748942N12001030WA0247302476
B1911434748949N12001030WA0247602479
B1911444748956N12001033WA0247802482
B1911454748961N12001039WA0248202485
B1911464748965N12001046WA0248502487
B1911474748967N12001055WA0248702490
B1911484748966N12001063WA0248902492
B1911494748963N12001070WA0249102494
B1911504748958N12001073WA0249402495
B1911514748952N12001073WA0249802499
B1911524748947N12001069WA0250002503
B1911534748943N12001061WA0250402506
B1911544748941N12001052WA0250702509
B1911554748942N12001043WA0251102512
B1911564748945N12001033WA0251402515
B1911574748949N12001025WA0251802518
B1911584748954N12001020WA0252002521
B1911594748961N12001016WA0252402524
B1912004748968N12001015WA0252602527
B1912014748975N12001016WA0253002530
B1912024748980N12001021WA0253202533
B1912034748985N12001027WA0253502537
B1912044748987N12001035WA0253702540
B1912054748988N12001043WA0254102543
B1912064748987N12001050WA0254402545
B1912074748983N12001056WA0254702548
B1912084748978N12001059WA0254902550
B1912094748972N12001059WA0255302554
B1912104748966N12001056WA0255402557
B1912114748961N12001050WA0255702560
B1912124748959N12001042WA0256102563
B1912134748958N12001033WA0256402566
B1912144748959N12001023WA0256602569
B1912154748962N12001013WA0256902572
B1912164748967N12001005WA0257102574
B1912174748973N12000999WA0257502577
B1912184748980N12000995WA0257702579
B1912194748986N12000995WA0258102582
B1912204748993N12000997WA0258302585
B1912214748997N12001002WA0258602589
B1912224749001N12001009WA0258902591
B1912234749003N12001017WA0259202594
B1912244749003N12001025WA0259402596
B1912254749001N12001032WA0259702598
B1912264748997N12001038WA0259902600
B1912274748993N12001041WA0260302603
B1912284748987N12001043WA0260602606
B1912294748982N12001041WA0260902609
B1912304748977N12001036WA0261102611
B1912314748973N12001028WA0261302612
B1912324748971N12001018WA0261402613
B1912334748971N12001007WA0261702615
B1912344748972N12000997WA0261902618
B1912354748976N12000989WA0262302621
B1912364748981N12000982WA0262402624
B1912374748987N12000977WA0262702626
B1912384748994N12000974WA0262802628
B1912394749000N12000974WA0263202630
B1912404749006N12000977WA0263402633
B1912414749010N12000983WA0263702635
B1912424749014N12000990WA0263802637
B1912434749016N12000997WA0264102640
B1912444749017N12001005WA0264302643
B1912454749017N12001014WA0264602644
B1912464749016N12001023WA0264702647
B1912474749014N12001030WA0265002650
B1912484749011N12001036WA0265302654
B1912494749008N12001041WA0265902658
B1912504749003N12001044WA0266102661
B1912514748998N12001046WA0266502664
B1912524748993N12001045WA0266902667
B1912534748988N12001043WA0267102670
B1912544748982N12001039WA0267302672
B1912554748978N12001032WA0267602674
B1912564748974N12001023WA0267702676
B1912574748973N12001012WA0267902678
B1912584748973N12001001WA0268202681
B1912594748974N12000991WA0268502682
B1913004748978N12000982WA0268702684
B1913014748982N12000974WA0268902687
B1913024748988N12000969WA0269102688
B1913034748994N12000966WA0269502690
B1913044749000N12000966WA0269602692
B1913054749005N12000970WA0269902697
B1913064749008N12000976WA0270202699
B1913074749010N12000983WA0270402702
B1913084749010N12000991WA0270502703
B1913094749009N12000998WA0270802706
B1913104749008N12001006WA0271002708
B1913114749005N12001013WA0271302711
B1913124749002N12001018WA0271502714
B1913134748998N12001021WA0272102718
B1913144748994N12001023WA0272402721
B1913154748989N12001023WA0272702725
B1913164748983N12001021WA0272902728
B1913174748978N12001018WA0273302731
B1913184748972N12001012WA0273502734
B1913194748968N12001006WA0273802737
B1913204748964N12000998WA0274002739
B1913214748962N12000990WA0274402743
B1913224748960N12000981WA0274702746
B1913234748960N12000971WA0274902747
B1913244748961N12000961WA0275002749
B1913254748964N12000952WA0275102751
B1913264748968N12000946WA0275302753
B1913274748973N12000941WA0275602755
B1913284748978N12000939WA0275602756
B1913294748984N12000939WA0275702757
B1913304748989N12000940WA0275802757
B1913314748994N12000942WA0275902759
B1913324748998N12000945WA0276002761
B1913334749001N12000948WA0276202763
B1913344749005N12000952WA0276402764
B1913354749008N12000956WA0276502766
B1913364749011N12000959WA0276702768
B1913374749014N12000963WA0276802768
B1913384749017N12000968WA0276902769
B1913394749019N12000974WA0276902769
B1913404749021N12000981WA0277002770
B1913414749022N12000987WA0277402774
B1913424749022N12000992WA0277502777
B1913434749020N12000997WA0278002781
B1913444749018N12001002WA0278202783
B1913454749015N12001008WA0278402784
B1913464749012N12001014WA0278502785
B1913474749008N12001019WA0278702788
B1913484749004N12001023WA0279102791
B1913494749000N12001024WA0279502795
B1913504748996N12001024WA0279802798
B1913514748991N12001024WA0280102801
B1913524748986N12001024WA0280302803
B1913534748980N12001023WA0280502805
B1913544748975N12001020WA0280702808
B1913554748971N12001016WA0280902811
B1913564748967N12001011WA0281202813
B1913574748963N12001004WA0281402815
B1913584748960N12000997WA0281602817
B1913594748956N12000990WA0281802819
B1914004748953N12000985WA0281902820
B1914014748948N12000981WA0282102822
B1914024748943N12000978WA0282302823
B1914034748938N12000977WA0282502824
B1914044748933N12000977WA0282502825
B1914054748928N12000979WA0282602826
B1914064748924N12000981WA0282702828
B1914074748920N12000984WA0282802829
B1914084748915N12000985WA0282902830
B1914094748910N12000985WA0282902830
B1914104748905N12000983WA0282902828
B1914114748899N12000980WA0282802827
B1914124748894N12000974WA0282802827
B1914134748889N12000967WA0282802827
B1914144748887N12000958WA0282702826
B1914154748885N12000949WA0282702826
B1914164748885N12000941WA0282802827
B1914174748886N12000934WA0282902828
B1914184748888N12000927WA0283002829
B1914194748889N12000920WA0283102830
B1914204748890N12000912WA0283102831
B1914214748891N12000904WA0283302833
B1914224748893N12000896WA0283502835
B1914234748895N12000890WA0283602837
B1914244748896N12000884WA0283702839
B1914254748895N12000877WA0283802839
B1914264748893N12000869WA0283802838
B1914274748890N12000861WA0283702837
B1914284748886N12000854WA0283702836
B1914294748882N12000850WA0283802835
B1914304748877N12000848WA0283902836
B1914314748873N12000849WA0283902835
B1914324748868N12000851WA0283902833
B1914334748864N12000856WA0283702832
B1914344748859N12000863WA0283602830
B1914354748856N12000871WA0283502829
B1914364748855N12000879WA0283502830
B1914374748854N12000886WA0283702832
B1914384748854N12000893WA0283702832
B1914394748854N12000899WA0283702831
B1914404748856N12000906WA0283602830
B1914414748858N12000914WA0283402828
B1914424748862N12000923WA0283302826
B1914434748866N12000932WA0282902825
B1914444748870N12000939WA0282902826
B1914454748875N12000943WA0283002828
B1914464748880N12000946WA0283302828
B1914474748884N12000947WA0283302828
B1914484748889N12000947WA0283302827
B1914494748896N12000946WA0283002825
B1914504748903N12000944WA0282902824
B1914514748911N12000942WA0282802823
B1914524748918N12000939WA0282902824
B1914534748924N12000936WA0283302828
B1914544748928N12000932WA0283502833
B1914554748931N12000927WA0283802835
B1914564748935N12000921WA0283802836
B1914574748939N12000913WA0283902836
B1914584748943N12000904WA0283802836
B1914594748946N12000893WA0283802836
B1915004748947N12000883WA0284002838
B1915014748947N12000874WA0284402842
B1915024748946N12000866WA0284502845
B1915034748945N12000858WA0284602845
B1915044748943N12000849WA0284602843
B1915054748940N12000839WA0284202841
B1915064748935N12000830WA0284102839
B1915074748930N12000823WA0283902838
B1915084748925N12000817WA0283902837
B1915094748920N12000813WA0284002838
B1915104748914N12000810WA0284002838
B1915114748909N12000807WA0284002837
B1915124748903N12000805WA0284002837
B1915134748897N12000805WA0284002836
B1915144748892N12000806WA0284002837
B1915154748887N12000809WA0284002838
B1915164748882N12000814WA0283902837
B1915174748878N12000819WA0284002837
B1915184748874N12000826WA0284002839
B1915194748871N12000833WA0284002840
B1915204748869N12000840WA0284102842
B1915214748867N12000847WA0284202842
B1915224748865N12000854WA0284202843
B1915234748864N12000862WA0284102843
B1915244748863N12000871WA0284002842
B1915254748864N12000880WA0284102842
B1915264748865N12000888WA0284102842
B1915274748866N12000895WA0284502845
B1915284748866N12000900WA0284602848
B1915294748866N12000904WA0284702849
B1915304748866N12000909WA0284702847
B1915314748865N12000916WA0284602845
B1915324748864N12000924WA0284402842
B1915334748862N12000931WA0284102841
B1915344748860N12000938WA0284102841
B1915354748859N12000944WA0284202842
B1915364748857N12000949WA0284202843
B1915374748855N12000955WA0284202843
B1915384748853N12000961WA0284202842
B1915394748849N12000967WA0284102842
B1915404748845N12000971WA0284102841
B1915414748839N12000974WA0284002841
B1915424748834N12000974WA0284002841
B1915434748829N12000971WA0284002841
B1915444748824N12000968WA0283902840
B1915454748818N12000963WA0283702839
B1915464748814N12000957WA0283702838
B1915474748809N12000951WA0283602837
B1915484748806N12000943WA0283602836
B1915494748804N12000934WA0283502835
B1915504748803N12000925WA0283402834
B1915514748803N12000915WA0283302833
B1915524748804N12000906WA0283302833
B1915534748806N12000898WA0283302833
B1915544748809N12000891WA0283302833
B1915554748811N12000884WA0283102832
B1915564748815N12000878WA0283002830
B1915574748819N12000871WA0282902829
B1915584748823N12000865WA0282802828
B1915594748826N12000859WA0282802827
B1916004748830N12000853WA0282702827
B1916014748834N12000848WA0282702826
B1916024748838N12000843WA0282702826
B1916034748842N12000838WA0282602825
B1916044748847N12000833WA0282502825
B1916054748851N12000829WA0282502824
B1916064748855N12000826WA0282602825
B1916074748859N12000824WA0282602826
B1916084748863N12000821WA0282602826
B1916094748867N12000818WA0282602825
B1916104748872N12000815WA0282502823
B1916114748877N12000811WA0282402822
B1916124748882N12000808WA0282302821
B1916134748886N12000805WA0282102821
B1916144748891N12000802WA0282102821
B1916154748895N12000799WA0282102820
B1916164748900N12000796WA0282102820
B1916174748904N12000793WA0282102820
B1916184748909N12000790WA0282102820
B1916194748914N12000787WA0281902819
B1916204748920N12000783WA0281802817
B1916214748925N12000779WA0281702817
B1916224748930N12000776WA0281702817
B1916234748935N12000774WA0281802818
B1916244748940N12000773WA0281802818
B1916254748946N12000772WA0281702817
B1916264748952N12000773WA0281602816
B1916274748958N12000774WA0281402815
B1916284748965N12000775WA0281402814
B1916294748971N12000777WA0281302814
B1916304748977N12000778WA0281302814
B1916314748982N12000778WA0281402815
B1916324748988N12000778WA0281402815
B1916334748993N12000777WA0281302814
B1916344748998N12000776WA0281202813
B1916354749004N12000777WA0281202813
B1916364749008N12000779WA0281202813
B1916374749012N12000782WA0281202813
B1916384749015N12000786WA0281002813
B1916394749017N12000792WA0281002811
B1916404749019N12000798WA0280902810
B1916414749021N12000804WA0280902810
B1916424749023N12000810WA0280902810
B1916434749025N12000815WA0280902810
B1916444749026N12000820WA0280902810
B1916454749028N12000826WA0280802809
B1916464749029N12000833WA0280702807
B1916474749031N12000840WA0280402806
B1916484749032N12000846WA0280402805
B1916494749034N12000852WA0280402804
B1916504749035N12000858WA0280402804
B1916514749037N12000864WA0280402805
B1916524749038N12000870WA0280402804
B1916534749040N12000878WA0280302803
B1916544749043N12000885WA0280202802
B1916554749046N12000893WA0280302801
B1916564749049N12000900WA0280302801
B1916574749051N12000907WA0280402802
B1916584749053N12000915WA0280502803
B1916594749054N12000923WA0280502804
B1917004749055N12000930WA0280602804
B1917014749055N12000938WA0280602805
B1917024749053N12000946WA0280702805
B1917034749051N12000955WA0280902806
B1917044749049N12000963WA0281302810
B1917054749046N12000970WA0281802814
B1917064749044N12000975WA0282302818
B1917074749040N12000979WA0282702822
B1917084749036N12000983WA0282902823
B1917094749031N12000986WA0283102825
B1917104749025N12000991WA0283302826
B1917114749019N12000995WA0283502827
B1917124749014N12001000WA0283702831
B1917134749009N12001004WA0284102834
B1917144749004N12001006WA0284402838
B1917154748999N12001009WA0284702840
B1917164748993N12001011WA0284802842
B1917174748987N12001014WA0285002843
B1917184748981N12001017WA0285002844
B1917194748975N12001020WA0285202846
B1917204748968N12001023WA0285302848
B1917214748962N12001026WA0285802852
B1917224748957N12001028WA0286002855
B1917234748952N12001030WA0286502859
B1917244748946N12001032WA0286602861
B1917254748940N12001034WA0286802863
B1917264748933N12001035WA0287002865
B1917274748926N12001036WA0287102866
B1917284748919N12001037WA0287102867
B1917294748912N12001037WA0287202868
B1917304748905N12001037WA0287202869
B1917314748898N12001036WA0287102869
B1917324748891N12001034WA0287102869
B1917334748885N12001031WA0287102869
B1917344748879N12001028WA0287102869
B1917354748873N12001025WA0287002869
B1917364748867N12001023WA0287002869
B1917374748861N12001020WA0287002869
B1917384748854N12001017WA0286902868
B1917394748848N12001014WA0286902868
B1917404748843N12001010WA0286902868
B1917414748837N12001007WA0286802867
B1917424748831N12001003WA0286702865
B1917434748825N12000998WA0286502863
B1917444748819N12000993WA0286302861
B1917454748812N12000989WA0286102860
B1917464748807N12000985WA0286102858
B1917474748801N12000982WA0285902857
B1917484748796N12000979WA0285802855
B1917494748790N12000975WA0285602853
B1917504748785N12000969WA0285202850
B1917514748779N12000962WA0284902847
B1917524748776N12000953WA0284602844
B1917534748774N12000944WA0284402842
B1917544748774N12000936WA0284102840
B1917554748775N12000929WA0283802837
B1917564748777N12000923WA0283602834
B1917574748779N12000917WA0283102831
B1917584748782N12000910WA0282902828
B1917594748785N12000904WA0282502825
B1918004748788N12000898WA0282302823
B1918014748790N12000892WA0281902819
B1918024748794N12000886WA0281502815
B1918034748798N12000880WA0280902811
B1918044748803N12000874WA0280502806
B1918054748809N12000869WA0280102802
B1918064748815N12000864WA0279702798
B1918074748821N12000860WA0279502797
B1918084748825N12000856WA0279402796
B1918094748830N12000853WA0279302795
B1918104748835N12000849WA0279102793
B1918114748840N12000844WA0278702790
B1918124748846N12000840WA0278502786
B1918134748851N12000836WA0278302784
B1918144748856N12000832WA0278202783
B1918154748861N12000829WA0278002782
B1918164748866N12000826WA0277902779
B1918174748871N12000821WA0277502776
B1918184748876N12000814WA0277302774
B1918194748881N12000807WA0277102772
B1918204748884N12000801WA0277102772
B1918214748888N12000796WA0277002772
B1918224748890N12000791WA0277002772
B1918234748894N12000786WA0276902770
B1918244748897N12000781WA0276802769
B1918254748902N12000775WA0276502767
B1918264748906N12000769WA0276402766
B1918274748911N12000763WA0276202765
B1918284748915N12000757WA0276202764
B1918294748920N12000751WA0276102763
B1918304748924N12000745WA0275902761
B1918314748929N12000740WA0275702760
B1918324748934N12000736WA0275602758
B1918334748939N12000732WA0275302756
B1918344748945N12000729WA0275102754
B1918354748950N12000726WA0275002753
B1918364748956N12000724WA0275002755
B1918374748961N12000722WA0275202756
B1918384748967N12000721WA0275302757
B1918394748972N12000721WA0275602758
B1918404748978N12000721WA0275702759
B1918414748982N12000723WA0275902761
B1918424748986N12000727WA0276002764
B1918434748989N12000734WA0276202765
B1918444748989N12000743WA0276302766
B1918454748987N12000752WA0276402768
B1918464748984N12000757WA0276802770
B1918474748979N12000760WA0277102773
B1918484748974N12000760WA0277302775
B1918494748968N12000759WA0277402776
B1918504748962N12000755WA0277402777
B1918514748957N12000749WA0277502778
B1918524748953N12000741WA0277602778
B1918534748950N12000732WA0277802779
B1918544748949N12000721WA0277802779
B1918554748950N12000711WA0277802778
B1918564748953N12000701WA0277802778
B1918574748957N12000694WA0277902779
B1918584748961N12000688WA0278002781
B1918594748966N12000686WA0278202783
B1919004748971N12000685WA0278302784
B1919014748976N12000687WA0278402784
B1919024748981N12000691WA0278402785
B1919034748985N12000696WA0278502786
B1919044748988N12000703WA0278702788
B1919054748989N12000709WA0279002790
B1919064748991N12000715WA0279102792
B1919074748993N12000722WA0279202793
B1919084748994N12000729WA0279302794
B1919094748994N12000737WA0279402794
B1919104748994N12000744WA0279502796
B1919114748993N12000751WA0279702798
B1919124748991N12000756WA0279802800
B1919134748988N12000760WA0280102801
B1919144748983N12000764WA0280102801
B1919154748977N12000766WA0279902800
B1919164748970N12000767WA0279902800
B1919174748964N12000766WA0279902801
B1919184748958N12000762WA0279902802
B1919194748953N12000755WA0280102803
B1919204748948N12000747WA0280202802
B1919214748945N12000738WA0280102802
B1919224748943N12000729WA0280102802
B1919234748942N12000719WA0280102801
B1919244748944N12000709WA0280102801
B1919254748947N12000701WA0280102800
B1919264748952N12000694WA0279902800
B1919274748958N12000690WA0279902800
B1919284748963N12000688WA0280102801
B1919294748968N12000688WA0280202802
B1919304748972N12000690WA0280302802
B1919314748976N12000694WA0280202802
B1919324748979N12000700WA0280202801
B1919334748981N12000707WA0280202802
B1919344748982N12000713WA0280402803
B1919354748982N12000719WA0279802804
B1919364748982N12000725WA0281202805
B1919374748983N12000731WA0280802806
B1919384748984N12000737WA0280802807
B1919394748984N12000744WA0280802807
B1919404748984N12000750WA0280902809
B1919414748984N12000755WA0281002811
B1919424748984N12000761WA0281202812
B1919434748984N12000766WA0281202813
B1919444748983N12000772WA0281302813
B1919454748983N12000778WA0281302813
B1919464748983N12000784WA0281402815
B1919474748981N12000790WA0281602816
B1919484748978N12000796WA0281802818
B1919494748974N12000800WA0282002820
B1919504748968N12000802WA0282102821
B1919514748962N12000801WA0282302823
B1919524748956N12000798WA0282502824
B1919534748951N12000794WA0282702826
B1919544748946N12000788WA0282802828
B1919554748942N12000781WA0283002830
B1919564748939N12000771WA0283002830
B1919574748938N12000761WA0282902830
B1919584748940N12000752WA0282802830
B1919594748943N12000743WA0282702826
B1920004748948N12000737WA0282602824
B1920014748952N12000734WA0282502824
B1920024748957N12000732WA0282502825
B1920034748961N12000732WA0282602827
B1920044748964N12000733WA0282602827
B1920054748968N12000735WA0282702828
B1920064748972N12000738WA0282602827
B1920074748976N12000741WA0282802828
B1920084748980N12000743WA0282902830
B1920094748982N12000745WA0283302833
B1920104748983N12000748WA0283502836
B1920114748984N12000752WA0283702838
B1920124748985N12000757WA0283902839
B1920134748985N12000762WA0284102841
B1920144748985N12000767WA0284402845
B1920154748985N12000771WA0284802849
B1920164748982N12000775WA0285002852
B1920174748979N12000779WA0285302855
B1920184748974N12000782WA0285602857
B1920194748969N12000785WA0285702859
B1920204748962N12000786WA0285902861
B1920214748956N12000785WA0286202864
B1920224748950N12000782WA0286502867
B1920234748945N12000779WA0286902871
B1920244748940N12000775WA0287102874
B1920254748935N12000771WA0287302875
B1920264748929N12000766WA0287402876
B1920274748923N12000762WA0287402876
B1920284748917N12000757WA0287602877
B1920294748911N12000753WA0287702879
B1920304748906N12000749WA0287802880
B1920314748901N12000745WA0287802880
B1920324748895N12000742WA0287702879
B1920334748888N12000738WA0287602877
B1920344748882N12000733WA0287302875
B1920354748876N12000728WA0287202874
B1920364748870N12000722WA0287102872
B1920374748865N12000717WA0287002872
B1920384748861N12000712WA0286802870
B1920394748856N12000707WA0286502868
B1920404748851N12000699WA0286102863
B1920414748847N12000690WA0285602858
B1920424748844N12000680WA0285202854
B1920434748843N12000670WA0284802851
B1920444748845N12000661WA0284502847
B1920454748848N12000652WA0283902841
B1920464748853N12000645WA0283602836
B1920474748858N12000641WA0283102832
B1920484748863N12000639WA0282902830
B1920494748866N12000639WA0282702827
B1920504748870N12000640WA0282502825
B1920514748874N12000640WA0282002821
B1920524748879N12000641WA0281802817
B1920534748883N12000641WA0281402814
B1920544748887N12000641WA0281302812
B1920554748891N12000641WA0281202811
B1920564748895N12000641WA0281002809
B1920574748899N12000641WA0280802807
B1920584748904N12000642WA0280502804
B1920594748908N12000643WA0280202800
B1921004748914N12000645WA0279902797
B1921014748920N12000647WA0279602795
B1921024748925N12000649WA0279602794
B1921034748931N12000651WA0279602795
B1921044748936N12000653WA0279602796
B1921054748940N12000655WA0279602796
B1921064748944N12000657WA0279602796
B1921074748947N12000661WA0279402795
B1921084748950N12000667WA0279302793
B1921094748952N12000674WA0279102791
B1921104748953N12000681WA0279102790
B1921114748954N12000687WA0279102791
B1921124748953N12000693WA0279202792
B1921134748952N12000697WA0279302793
B1921144748951N12000702WA0279202793
B1921154748952N12000708WA0279102792
B1921164748952N12000714WA0279002791
B1921174748952N12000719WA0279002791
B1921184748953N12000723WA0279002792
B1921194748953N12000727WA0279002792
B1921204748953N12000731WA0279002792
B1921214748953N12000735WA0279002792
B1921224748953N12000741WA0278802791
B1921234748952N12000746WA0278802791
B1921244748952N12000751WA0278802791
B1921254748952N12000757WA0278802791
B1921264748951N12000762WA0279002792
B1921274748951N12000768WA0279002792
B1921284748951N12000774WA0278802792
B1921294748951N12000780WA0278802792
B1921304748952N12000785WA0279002793
B1921314748952N12000791WA0279102794
B1921324748952N12000796WA0279202795
B1921334748952N12000802WA0279302796
B1921344748952N12000807WA0279302797
B1921354748952N12000813WA0279402797
B1921364748951N12000817WA0279402798
B1921374748949N12000822WA0279402799
B1921384748948N12000828WA0279302799
B1921394748948N12000834WA0279202798
B1921404748947N12000840WA0279102797
B1921414748946N12000845WA0279002797
B1921424748944N12000850WA0279002797
B1921434748942N12000855WA0279002797
B1921444748941N12000860WA0278802796
B1921454748940N12000867WA0278602794
B1921464748939N12000874WA0278502792
B1921474748939N12000882WA0278402791
B1921484748938N12000889WA0278402791
B1921494748938N12000896WA0278502792
B1921504748937N12000902WA0278502793
B1921514748935N12000909WA0278502793
B1921524748934N12000915WA0278502792
B1921534748933N12000922WA0278402790
B1921544748933N12000930WA0278302789
B1921554748933N12000936WA0278202787
B1921564748933N12000943WA0278202786
B1921574748933N12000949WA0278302786
B1921584748934N12000955WA0278302786
B1921594748935N12000959WA0278502787
B1922004748935N12000963WA0278602788
B1922014748936N12000967WA0278602788
B1922024748937N12000970WA0278402785
B1922034748940N12000974WA0278002784
B1922044748943N12000978WA0277802781
B1922054748946N12000984WA0277802782
B1922064748948N12000989WA0277902785
B1922074748949N12000993WA0278402792
B1922084748949N12000994WA0278702795
B1922094748949N12000995WA0278802794
B1922104748949N12000997WA0278702793
B1922114748951N12001001WA0278402789
B1922124748954N12001008WA0278202787
B1922134748955N12001014WA0278002785
B1922144748956N12001019WA0278002787
B1922154748957N12001023WA0278002787
B1922164748957N12001028WA0278102788
B1922174748957N12001033WA0278102788
B1922184748956N12001039WA0278102788
B1922194748955N12001044WA0278302789
B1922204748954N12001049WA0278502791
B1922214748952N12001052WA0278602792
B1922224748951N12001056WA0278702794
B1922234748949N12001058WA0279102796
B1922244748948N12001060WA0279102796
B1922254748947N12001063WA0278802796
B1922264748945N12001068WA0278702794
B1922274748942N12001074WA0278502792
B1922284748940N12001080WA0278302791
B1922294748937N12001084WA0278302791
B1922304748935N12001088WA0278402792
B1922314748933N12001091WA0278302791
B1922324748932N12001096WA0278202790
B1922334748930N12001102WA0278302789
B1922344748928N12001107WA0278402791
B1922354748926N12001110WA0278802793
B1922364748923N12001112WA0279202796
B1922374748921N12001115WA0279602799
B1922384748917N12001119WA0279802801
B1922394748915N12001123WA0280202804
B1922404748912N12001126WA0280402807
B1922414748910N12001130WA0280702809
B1922424748908N12001134WA0280902811
B1922434748905N12001138WA0281202814
B1922444748902N12001141WA0281402816
B1922454748898N12001144WA0281702818
B1922464748894N12001145WA0281902822
B1922474748890N12001145WA0282102824
B1922484748886N12001143WA0282302824
B1922494748881N12001142WA0281902820
B1922504748876N12001140WA0281802817
B1922514748870N12001138WA0281502814
B1922524748864N12001133WA0281402813
B1922534748858N12001125WA0281302812
B1922544748854N12001116WA0281202810
B1922554748853N12001105WA0280902807
B1922564748853N12001095WA0280702805
B1922574748856N12001085WA0280402801
B1922584748861N12001075WA0280402799
B1922594748865N12001066WA0280402800
B1923004748869N12001059WA0280502803
B1923014748874N12001054WA0280602803
B1923024748879N12001049WA0280602804
B1923034748883N12001045WA0280702805
B1923044748888N12001042WA0280802806
B1923054748892N12001040WA0281002807
B1923064748896N12001036WA0281002809
B1923074748902N12001032WA0281202808
B1923084748907N12001029WA0281202809
B1923094748913N12001026WA0281302810
B1923104748919N12001025WA0281402812
B1923114748924N12001024WA0281602814
B1923124748930N12001023WA0281702815
B1923134748935N12001023WA0281802816
B1923144748940N12001023WA0282002818
B1923154748945N12001023WA0282302820
B1923164748949N12001024WA0282302822
B1923174748953N12001027WA0282402823
B1923184748957N12001031WA0282502823
B1923194748960N12001036WA0282502824
B1923204748962N12001041WA0282602825
B1923214748965N12001045WA0282702827
B1923224748968N12001048WA0282802828
B1923234748972N12001052WA0282902828
B1923244748977N12001056WA0282902828
B1923254748981N12001062WA0283002829
B1923264748984N12001067WA0283102830
B1923274748987N12001071WA0283302832
B1923284748989N12001076WA0283302832
B1923294748990N12001081WA0283102831
B1923304748991N12001090WA0283002829
B1923314748990N12001099WA0282902828
B1923324748989N12001107WA0283002829
B1923334748988N12001114WA0283402833
B1923344748988N12001119WA0283602836
B1923354748987N12001125WA0283902839
B1923364748986N12001131WA0284002840
B1923374748985N12001138WA0284102842
B1923384748983N12001144WA0284402844
B1923394748982N12001149WA0284702846
B1923404748979N12001152WA0284902849
B1923414748977N12001154WA0285202852
B1923424748973N12001156WA0285302853
B1923434748969N12001158WA0285502855
B1923444748965N12001157WA0285602855
B1923454748960N12001155WA0285802857
B1923464748956N12001153WA0285802858
B1923474748951N12001149WA0286002859
B1923484748947N12001144WA0286102860
B1923494748943N12001139WA0286202861
B1923504748940N12001132WA0286102860
B1923514748937N12001124WA0286002858
B1923524748935N12001115WA0285902857
B1923534748933N12001105WA0285802855
B1923544748933N12001095WA0285702854
B1923554748935N12001087WA0285702854
B1923564748938N12001079WA0285602854
B1923574748941N12001071WA0285602853
B1923584748945N12001064WA0285502852
B1923594748950N12001060WA0285302852
B1924004748956N12001057WA0285502852
B1924014748962N12001054WA0285502852
B1924024748969N12001051WA0285602853
B1924034748975N12001047WA0285602853
B1924044748982N12001044WA0285702854
B1924054748988N12001041WA0285802855
B1924064748995N12001040WA0285902856
B1924074749001N12001039WA0286202859
B1924084749006N12001038WA0286302861
B1924094749012N12001038WA0286602862
B1924104749018N12001037WA0286602862
B1924114749025N12001037WA0286602863
B1924124749032N12001037WA0286602864
B1924134749039N12001037WA0286802865
B1924144749045N12001037WA0286902867
B1924154749051N12001037WA0287102869
B1924164749058N12001039WA0287202871
B1924174749065N12001041WA0287302872
B1924184749072N12001045WA0287402873
B1924194749077N12001050WA0287902877
B1924204749081N12001056WA0288202883
B1924214749083N12001064WA0288602886
B1924224749083N12001071WA0288902888
B1924234749081N12001078WA0289002891
B1924244749077N12001082WA0289102893
B1924254749073N12001084WA0289402896
B1924264749069N12001084WA0289702898
B1924274749065N12001082WA0289902901
B1924284749061N12001080WA0290102903
B1924294749058N12001077WA0290302906
B1924304749054N12001075WA0290702908
B1924314749050N12001073WA0290902910
B1924324749046N12001071WA0291002911
B1924334749041N12001069WA0291202912
B1924344749037N12001066WA0291302914
B1924354749032N12001063WA0291702916
B1924364749027N12001061WA0291902919
B1924374749023N12001059WA0292302923
B1924384749019N12001058WA0292602926
B1924394749013N12001057WA0292802929
B1924404749007N12001057WA0292902929
B1924414749000N12001056WA0292802927
B1924424748993N12001055WA0292702926
B1924434748985N12001055WA0292702926
B1924444748979N12001055WA0292802927
B1924454748973N12001057WA0292802927
B1924464748968N12001059WA0292802927
B1924474748963N12001063WA0292802927
B1924484748957N12001065WA0292802927
B1924494748952N12001067WA0293102928
B1924504748947N12001066WA0293202930
B1924514748942N12001064WA0293302932
B1924524748937N12001062WA0293402933
B1924534748932N12001061WA0293402933
B1924544748928N12001060WA0293402933
B1924554748923N12001058WA0293402933
B1924564748918N12001056WA0293302932
B1924574748912N12001054WA0293102930
B1924584748907N12001052WA0292902926
B1924594748901N12001051WA0292702925
B1925004748896N12001048WA0292602924
B1925014748892N12001043WA0292302922
B1925024748888N12001036WA0292102919
B1925034748885N12001026WA0291702916
B1925044748883N12001016WA0291402914
B1925054748882N12001004WA0291102911
B1925064748883N12000993WA0291002909
B1925074748885N12000982WA0290802908
B1925084748888N12000973WA0290802908
B1925094748891N12000964WA0290702908
B1925104748895N12000956WA0290702907
B1925114748900N12000951WA0290702906
B1925124748905N12000946WA0290602905
B1925134748910N12000943WA0290302904
B1925144748916N12000942WA0290202903
B1925154748921N12000943WA0290202904
B1925164748926N12000946WA0290302905
B1925174748930N12000950WA0290302904
B1925184748933N12000955WA0290302904
B1925194748936N12000960WA0290202903
B1925204748939N12000967WA0290002902
B1925214748942N12000973WA0289902901
B1925224748945N12000980WA0289802900
B1925234748947N12000986WA0289702898
B1925244748950N12000993WA0289602897
B1925254748952N12001000WA0289402895
B1925264748954N12001006WA0289202893
B1925274748956N12001014WA0289002891
B1925284748958N12001021WA0289002890
B1925294748960N12001029WA0289002890
B1925304748962N12001035WA0289002890
B1925314748964N12001041WA0289102890
B1925324748965N12001047WA0289102890
B1925334748966N12001053WA0289002889
B1925344748968N12001059WA0289002888
B1925354748968N12001067WA0288902887
B1925364748969N12001075WA0288902887
B1925374748969N12001081WA0289002889
B1925384748969N12001086WA0289102891
B1925394748968N12001091WA0289202892
B1925404748968N12001096WA0289202892
B1925414748966N12001102WA0289102892
B1925424748965N12001108WA0289002891
B1925434748963N12001114WA0288902890
B1925444748961N12001119WA0289002891
B1925454748959N12001123WA0289002892
B1925464748955N12001126WA0289002892
B1925474748951N12001127WA0289002891
B1925484748946N12001127WA0288902891
B1925494748941N12001125WA0288802890
B1925504748936N12001121WA0288802889
B1925514748931N12001114WA0288702888
B1925524748928N12001105WA0288602887
B1925534748927N12001095WA0288302885
B1925544748928N12001085WA0288102884
B1925554748929N12001075WA0288002882
B1925564748932N12001066WA0287902881
B1925574748935N12001057WA0287802881
B1925584748938N12001049WA0287802880
B1925594748942N12001041WA0287602879
B1926004748946N12001031WA0287402877
B1926014748949N12001020WA0287302876
B1926024748952N12001009WA0287202875
B1926034748955N12000999WA0287602878
B1926044748958N12000992WA0287702880
B1926054748961N12000986WA0287802881
B1926064748967N12000982WA0287802880
B1926074748973N12000979WA0287702880
B1926084748980N12000980WA0287602879
B1926094748986N12000984WA0287702880
B1926104748990N12000989WA0287802881
B1926114748993N12000995WA0287702881
B1926124748994N12001003WA0287702881
B1926134748993N12001011WA0287402879
B1926144748990N12001018WA0287302878
B1926154748985N12001022WA0287202877
B1926164748980N12001023WA0287202878
B1926174748975N12001020WA0287202879
B1926184748971N12001015WA0287202878
B1926194748967N12001009WA0287102878
B1926204748964N12001001WA0287002878
B1926214748962N12000992WA0287002878
B1926224748960N12000982WA0286902877
B1926234748958N12000973WA0286902877
B1926244748956N12000965WA0287002878
B1926254748955N12000958WA0287102879
B1926264748953N12000950WA0287102878
B1926274748952N12000942WA0286902875
B1926284748950N12000932WA0286802874
B1926294748950N12000922WA0286702872
B1926304748950N12000913WA0286802872
B1926314748950N12000905WA0286902873
B1926324748950N12000898WA0286902873
B1926334748950N12000891WA0287002873
B1926344748950N12000883WA0286902873
B1926354748950N12000874WA0286702871
B1926364748951N12000864WA0286602869
B1926374748953N12000854WA0286202867
B1926384748955N12000844WA0286002866
B1926394748957N12000834WA0285902865
B1926404748960N12000824WA0285902867
B1926414748964N12000817WA0286102870
B1926424748967N12000811WA0286202872
B1926434748972N12000806WA0286302872
B1926444748977N12000802WA0286302872
B1926454748984N12000799WA0286302872
B1926464748990N12000799WA0286302872
B1926474748996N12000799WA0286502873
B1926484749002N12000801WA0286602874
B1926494749008N12000804WA0286702875
B1926504749012N12000808WA0286802876
B1926514749016N12000814WA0286902875
B1926524749020N12000821WA0286802875
B1926534749021N12000829WA0286702874
B1926544749022N12000838WA0286602872
B1926554749020N12000846WA0286602872
B1926564749017N12000852WA0286602871
B1926574749013N12000857WA0286602870
B1926584749008N12000859WA0286502870
B1926594749003N12000859WA0286502869
B1927004748998N12000857WA0286502868
B1927014748994N12000852WA0286202866
B1927024748990N12000846WA0286002864
B1927034748987N12000838WA0285702861
B1927044748985N12000829WA0285502858
B1927054748983N12000819WA0285202856
B1927064748982N12000809WA0285202855
B1927074748981N12000799WA0285102855
B1927084748981N12000790WA0285102854
B1927094748981N12000780WA0285202854
B1927104748981N12000771WA0285202854
B1927114748981N12000763WA0285502856
B1927124748982N12000754WA0285502856
B1927134748983N12000745WA0285602856
B1927144748984N12000737WA0285602857
B1927154748986N12000729WA0285702857
B1927164748989N12000721WA0285802859
B1927174748992N12000714WA0285902859
B1927184748996N12000707WA0286002859
B1927194749001N12000701WA0286102860
B1927204749006N12000697WA0286202861
B1927214749011N12000694WA0286202861
B1927224749017N12000693WA0286302861
B1927234749023N12000694WA0286302861
B1927244749029N12000696WA0286302860
B1927254749034N12000700WA0286302860
B1927264749038N12000705WA0286302861
B1927274749040N12000710WA0286502862
B1927284749042N12000716WA0286602863
B1927294749045N12000722WA0286602862
B1927304749047N12000728WA0286502862
B1927314749050N12000734WA0286302861
B1927324749054N12000741WA0286102860
B1927334749058N12000749WA0286002859
B1927344749061N12000756WA0286002859
B1927354749064N12000763WA0286102860
B1927364749066N12000768WA0286102862
B1927374749068N12000774WA0286102861
B1927384749070N12000780WA0286002860
B1927394749072N12000788WA0285702857
B1927404749074N12000797WA0285302854
B1927414749075N12000805WA0285102852
B1927424749076N12000813WA0285002851
B1927434749076N12000821WA0285002851
B1927444749077N12000828WA0284902850
B1927454749077N12000835WA0284702848
B1927464749078N12000844WA0284502847
B1927474749079N12000853WA0284102844
B1927484749080N12000862WA0284002843
B1927494749082N12000871WA0283802841
B1927504749083N12000878WA0283802841
B1927514749084N12000886WA0283702840
B1927524749084N12000894WA0283702839
B1927534749084N12000901WA0283602838
B1927544749084N12000908WA0283502837
B1927554749084N12000915WA0283502836
B1927564749084N12000922WA0283402835
B1927574749084N12000929WA0283102834
B1927584749084N12000936WA0283002832
B1927594749084N12000943WA0282802830
B1928004749084N12000951WA0282702828
B1928014749084N12000958WA0282502827
B1928024749084N12000965WA0282402826
B1928034749084N12000971WA0282402825
B1928044749084N12000977WA0282302825
B1928054749084N12000983WA0282102824
B1928064749084N12000989WA0281902823
B1928074749085N12000996WA0281702822
B1928084749085N12001003WA0281602820
B1928094749085N12001010WA0281402819
B1928104749083N12001016WA0281402819
B1928114749079N12001021WA0281402819
B1928124749075N12001025WA0281402818
B1928134749071N12001029WA0281502818
B1928144749067N12001033WA0281402818
B1928154749062N12001037WA0281602819
B1928164749058N12001040WA0281702821
B1928174749054N12001043WA0281802822
B1928184749050N12001047WA0281902823
B1928194749046N12001051WA0281902823
B1928204749043N12001056WA0281902823
B1928214749039N12001060WA0281902823
B1928224749036N12001064WA0281902823
B1928234749032N12001068WA0282002824
B1928244749029N12001071WA0282002824
B1928254749025N12001073WA0282102824
B1928264749021N12001076WA0282102824
B1928274749017N12001078WA0281902823
B1928284749013N12001080WA0281902823
B1928294749009N12001081WA0281902823
B1928304749005N12001083WA0281802821
B1928314749000N12001085WA0281402819
B1928324748995N12001087WA0281302815
B1928334748989N12001090WA0281002814
B1928344748983N12001092WA0281202816
B1928354748979N12001094WA0281302817
B1928364748974N12001095WA0281302819
B1928374748969N12001097WA0281402819
B1928384748965N12001101WA0281302818
B1928394748961N12001105WA0280902816
B1928404748957N12001109WA0280902815
B1928414748952N12001113WA0281002816
B1928424748949N12001115WA0281202818
B1928434748945N12001117WA0281302819
B1928444748941N12001119WA0281202818
B1928454748937N12001122WA0281002817
B1928464748932N12001127WA0280802815
B1928474748927N12001133WA0280602814
B1928484748922N12001139WA0280502813
B1928494748918N12001145WA0280602813
B1928504748913N12001150WA0280702814
B1928514748909N12001155WA0280902816
B1928524748904N12001159WA0281202817
B1928534748900N12001163WA0281202817
B1928544748895N12001167WA0281202818
B1928554748890N12001171WA0281402818
B1928564748885N12001176WA0281602819
B1928574748880N12001179WA0281802821
B1928584748875N12001181WA0282002824
B1928594748870N12001181WA0282502827
B1929004748864N12001179WA0282702829
B1929014748859N12001174WA0282802829
B1929024748854N12001166WA0282902831
B1929034748851N12001156WA0283302833
B1929044748851N12001146WA0283502836
B1929054748854N12001139WA0283802840
B1929064748860N12001134WA0283702836
B1929074748867N12001134WA0283502833
B1929084748874N12001137WA0283502832
B1929094748879N12001142WA0283602836
B1929104748883N12001148WA0284002841
B1929114748883N12001154WA0284602846
B1929124748881N12001159WA0284902849
B1929134748878N12001164WA0284902849
B1929144748873N12001169WA0284902851
B1929154748868N12001172WA0285002853
B1929164748862N12001173WA0285102854
B1929174748856N12001171WA0285502856
B1929184748852N12001166WA0285602858
B1929194748848N12001158WA0285802859
B1929204748846N12001148WA0285902859
B1929214748845N12001137WA0286102860
B1929224748845N12001125WA0286302862
B1929234748847N12001116WA0286702864
B1929244748850N12001109WA0286902867
B1929254748854N12001106WA0287102867
B1929264748860N12001105WA0287102865
B1929274748865N12001106WA0287202867
B1929284748869N12001109WA0287402872
B1929294748871N12001112WA0288002876
B1929304748871N12001117WA0288202878
B1929314748869N12001122WA0288102877
B1929324748865N12001128WA0287902877
B1929334748860N12001134WA0287702877
B1929344748854N12001138WA0287702877
B1929354748849N12001140WA0287802878
B1929364748844N12001140WA0288002881
B1929374748839N12001140WA0288102882
B1929384748834N12001140WA0288202882
B1929394748829N12001140WA0288302882
B1929404748824N12001140WA0288402884
B1929414748819N12001140WA0288602884
B1929424748814N12001141WA0288702885
B1929434748808N12001144WA0288702886
B1929444748802N12001147WA0288702886
B1929454748797N12001149WA0289102889
B1929464748793N12001149WA0289402892
B1929474748788N12001149WA0289802896
B1929484748784N12001148WA0290002898
B1929494748778N12001148WA0290102897
B1929504748770N12001148WA0290102897
B1929514748763N12001145WA0290202897
B1929524748757N12001140WA0290402900
B1929534748752N12001133WA0290702902
B1929544748748N12001124WA0290802903
B1929554748745N12001115WA0290602902
B1929564748743N12001105WA0290202900
B1929574748742N12001095WA0289802896
B1929584748741N12001086WA0289602893
B1929594748743N12001078WA0289002888
B1930004748747N12001074WA0288802884
B1930014748752N12001074WA0288202880
B1930024748756N12001077WA0287902875
B1930034748760N12001081WA0287402871
B1930044748763N12001085WA0287202868
B1930054748766N12001089WA0286902865
B1930064748770N12001092WA0286702862
B1930074748776N12001094WA0286502859
B1930084748782N12001097WA0286202857
B1930094748788N12001101WA0286202858
B1930104748793N12001105WA0286302860
B1930114748797N12001109WA0286902864
B1930124748801N12001111WA0287202869
B1930134748804N12001112WA0287902874
B1930144748807N12001114WA0288102876
B1930154748811N12001115WA0288202877
B1930164748816N12001116WA0288302878
B1930174748822N12001116WA0288402879
B1930184748827N12001116WA0288702881
B1930194748832N12001115WA0289002884
B1930204748837N12001116WA0289202886
B1930214748841N12001118WA0289302887
B1930224748846N12001120WA0289302888
B1930234748852N12001123WA0289402888
B1930244748857N12001126WA0289702890
B1930254748862N12001129WA0289902893
B1930264748867N12001131WA0290102896
B1930274748872N12001134WA0290302898
B1930284748877N12001137WA0290402899
B1930294748881N12001141WA0290802901
B1930304748884N12001146WA0290902903
B1930314748886N12001152WA0291202905
B1930324748887N12001159WA0291302908
B1930334748886N12001164WA0291602910
B1930344748884N12001170WA0291802912
B1930354748882N12001174WA0292002913
B1930364748879N12001177WA0292102915
B1930374748875N12001179WA0292302917
B1930384748871N12001178WA0292402918
B1930394748866N12001174WA0292402918
B1930404748861N12001169WA0292602918
B1930414748856N12001163WA0292702919
B1930424748852N12001156WA0292902922
B1930434748849N12001150WA0293202925
B1930444748847N12001143WA0293602929
B1930454748846N12001134WA0293802930
B1930464748846N12001125WA0293802931
B1930474748845N12001116WA0293902931
B1930484748844N12001107WA0294102934
B1930494748843N12001100WA0294502937
B1930504748841N12001092WA0294702938
B1930514748839N12001084WA0294802939
B1930524748837N12001075WA0295002940
B1930534748835N12001065WA0295102942
B1930544748833N12001055WA0295302946
B1930554748832N12001046WA0295802949
B1930564748832N12001038WA0296102953
B1930574748833N12001030WA0296502956
B1930584748836N12001024WA0296602957
B1930594748840N12001017WA0296602956
B1931004748845N12001012WA0296302955
B1931014748852N12001010WA0296302955
B1931024748858N12001010WA0296502955
B1931034748863N12001011WA0296802958
B1931044748868N12001012WA0297002962
B1931054748872N12001014WA0297202964
B1931064748878N12001017WA0297402966
B1931074748883N12001020WA0297502967
B1931084748887N12001025WA0297702970
B1931094748889N12001031WA0298002974
B1931104748889N12001037WA0298102976
B1931114748888N12001042WA0298402978
B1931124748888N12001046WA0298602980
B1931134748887N12001051WA0298802982
B1931144748887N12001056WA0298902984
B1931154748886N12001061WA0299102986
B1931164748885N12001065WA0299302988
B1931174748884N12001069WA0299502990
B1931184748884N12001074WA0299602992
B1931194748885N12001079WA0299702993
B1931204748885N12001085WA0299902995
B1931214748886N12001090WA0300002997
B1931224748885N12001094WA0300303000
B1931234748884N12001096WA0300503002
B1931244748883N12001099WA0300503002
B1931254748881N12001103WA0300403002
B1931264748878N12001107WA0300303001
B1931274748876N12001111WA0300203001
B1931284748873N12001116WA0300003001
B1931294748871N12001120WA0300003000
B1931304748870N12001125WA0300003001
B1931314748869N12001131WA0300003000
B1931324748868N12001137WA0299903000
B1931334748867N12001143WA0299902999
B1931344748864N12001147WA0299903000
B1931354748861N12001151WA0299802999
B1931364748858N12001156WA0299802999
B1931374748854N12001160WA0299602997
B1931384748849N12001166WA0299502997
B1931394748844N12001171WA0299502997
B1931404748839N12001176WA0299502996
B1931414748835N12001180WA0299502997
B1931424748830N12001183WA0299702998
B1931434748825N12001186WA0299802999
B1931444748820N12001188WA0299802999
B1931454748814N12001188WA0299802998
B1931464748808N12001187WA0299702998
B1931474748802N12001185WA0299802999
B1931484748797N12001183WA0299902999
B1931494748791N12001181WA0299903000
B1931504748786N12001178WA0300003000
B1931514748781N12001175WA0300003000
B1931524748776N12001171WA0300002999
B1931534748771N12001165WA0299902998
B1931544748767N12001157WA0299902997
B1931554748764N12001148WA0299802997
B1931564748764N12001139WA0299802996
B1931574748764N12001130WA0299702995
B1931584748766N12001122WA0299802996
B1931594748768N12001114WA0299802996
B1932004748770N12001107WA0299802996
B1932014748772N12001100WA0299702994
B1932024748774N12001091WA0299602993
B1932034748777N12001082WA0299502991
B1932044748779N12001073WA0299402991
B1932054748782N12001066WA0299502992
B1932064748784N12001059WA0299502992
B1932074748786N12001052WA0299502991
B1932084748788N12001044WA0299302989
B1932094748791N12001034WA0299102988
B1932104748794N12001026WA0299002987
B1932114748797N12001017WA0299002987
B1932124748800N12001009WA0299102988
B1932134748803N12001001WA0299302990
B1932144748805N12000995WA0299602992
B1932154748809N12000989WA0299802994
B1932164748813N12000984WA0299802995
B1932174748819N12000981WA0300002996
B1932184748824N12000981WA0300202998
B1932194748828N12000982WA0300503001
B1932204748830N12000985WA0300703004
B1932214748831N12000989WA0300803004
B1932224748833N12000993WA0300803005
B1932234748834N12000998WA0300703005
B1932244748834N12001004WA0300703003
B1932254748833N12001010WA0300603003
B1932264748830N12001016WA0300603003
B1932274748827N12001020WA0300603003
B1932284748823N12001025WA0300603003
B1932294748819N12001029WA0300603002
B1932304748816N12001033WA0300503002
B1932314748812N12001037WA0300403001
B1932324748807N12001040WA0300403000
B1932334748802N12001041WA0300403000
B1932344748795N12001038WA0300302999
B1932354748790N12001031WA0300002997
B1932364748785N12001021WA0300002996
B1932374748783N12001009WA0299902995
B1932384748784N12000998WA0299902994
B1932394748787N12000989WA0299802995
B1932404748791N12000981WA0299702992
B1932414748796N12000973WA0299602991
B1932424748800N12000965WA0299502990
B1932434748804N12000958WA0299402989
B1932444748809N12000952WA0299402988
B1932454748814N12000947WA0299502989
B1932464748818N12000943WA0299502990
B1932474748821N12000939WA0299702991
B1932484748825N12000935WA0299702991
B1932494748830N12000930WA0299602990
B1932504748834N12000925WA0299602990
B1932514748839N12000921WA0299602990
B1932524748844N12000918WA0299702990
B1932534748849N12000915WA0299702991
B1932544748853N12000913WA0299802992
B1932554748858N12000910WA0299902992
B1932564748863N12000907WA0299802992
B1932574748869N12000905WA0299802992
B1932584748874N12000903WA0299902993
B1932594748878N12000902WA0299902993
B1933004748882N12000901WA0299902993
B1933014748887N12000901WA0299802993
B1933024748892N12000900WA0299802992
B1933034748898N12000898WA0299602991
B1933044748904N12000896WA0299502990
B1933054748909N12000894WA0299602991
B1933064748913N12000892WA0299702993
B1933074748916N12000891WA0299902995
B1933084748918N12000891WA0299902995
B1933094748920N12000893WA0299902993
B1933104748922N12000897WA0299802991
B1933114748923N12000903WA0299602990
B1933124748923N12000910WA0299502989
B1933134748923N12000917WA0299402988
B1933144748923N12000922WA0299402988
B1933154748922N12000926WA0299402989
B1933164748921N12000930WA0299402988
B1933174748918N12000934WA0299102987
B1933184748915N12000937WA0298902986
B1933194748911N12000940WA0298702984
B1933204748907N12000942WA0298502983
B1933214748903N12000945WA0298402982
B1933224748898N12000946WA0298402981
B1933234748894N12000947WA0298402981
B1933244748889N12000948WA0298202981
B1933254748884N12000949WA0298202979
B1933264748879N12000950WA0298102978
B1933274748873N12000952WA0298002976
B1933284748868N12000954WA0298002976
B1933294748863N12000955WA0298002976
B1933304748858N12000955WA0298102976
B1933314748854N12000953WA0298102977
B1933324748849N12000949WA0298202977
B1933334748845N12000945WA0298202977
B1933344748841N12000938WA0298202977
B1933354748838N12000930WA0298402976
B1933364748834N12000920WA0298202976
B1933374748831N12000910WA0298202976
B1933384748828N12000899WA0298402976
B1933394748825N12000887WA0298402975
B1933404748823N12000874WA0298402975
B1933414748823N12000863WA0298402975
B1933424748823N12000852WA0298402975
B1933434748825N12000842WA0298102973
B1933444748829N12000833WA0297902969
B1933454748835N12000826WA0297602965
B1933464748842N12000821WA0297402962
B1933474748848N12000817WA0297202961
B1933484748854N12000814WA0297202961
B1933494748859N12000812WA0297402961
B1933504748864N12000811WA0297402961
B1933514748870N12000810WA0297202960
B1933524748876N12000810WA0297102958
B1933534748882N12000812WA0296902958
B1933544748888N12000814WA0297002958
B1933554748892N12000818WA0297102959
B1933564748895N12000823WA0297102959
B1933574748897N12000828WA0297102960
B1933584748898N12000833WA0297002959
B1933594748898N12000839WA0297002959
B1934004748897N12000845WA0296902958
B1934014748896N12000851WA0296902958
B1934024748894N12000855WA0296802958
B1934034748892N12000859WA0296802958
B1934044748889N12000863WA0296702958
B1934054748887N12000867WA0296602957
B1934064748884N12000871WA0296502956
B1934074748882N12000876WA0296302956
B1934084748879N12000879WA0296202954
B1934094748876N12000883WA0296102953
B1934104748873N12000888WA0295902951
B1934114748870N12000892WA0295702950
B1934124748868N12000897WA0295602948
B1934134748865N12000903WA0295502947
B1934144748862N12000909WA0295602948
B1934154748860N12000914WA0295902950
B1934164748858N12000918WA0296202954
B1934174748857N12000921WA0296502956
B1934184748856N12000924WA0296702957
B1934194748854N12000929WA0296702958
B1934204748851N12000934WA0296602957
B1934214748849N12000940WA0296602957
B1934224748846N12000945WA0296802959
B1934234748843N12000950WA0297002961
B1934244748841N12000955WA0297402964
B1934254748839N12000959WA0297802968
B1934264748837N12000962WA0298002972
B1934274748836N12000965WA0298102973
B1934284748834N12000968WA0298102973
B1934294748831N12000972WA0297902973
B1934304748827N12000976WA0297802973
B1934314748823N12000979WA0297802974
B1934324748819N12000980WA0297802975
B1934334748814N12000979WA0297802974
B1934344748809N12000978WA0297702973
B1934354748804N12000974WA0297602971
B1934364748801N12000967WA0297502969
B1934374748798N12000960WA0297202967
B1934384748795N12000952WA0297202966
B1934394748793N12000945WA0297102965
B1934404748790N12000938WA0297202965
B1934414748788N12000930WA0297102963
B1934424748785N12000922WA0297102963
B1934434748784N12000913WA0297102961
B1934444748783N12000903WA0297002960
B1934454748782N12000894WA0297002961
B1934464748781N12000885WA0297002961
B1934474748782N12000876WA0296902960
B1934484748784N12000863WA0296802957
B1934494748786N12000851WA0296802956
B1934504748788N12000841WA0296902960
B1934514748791N12000832WA0297202965
B1934524748793N12000826WA0297502967
B1934534748796N12000821WA0297602968
B1934544748800N12000816WA0297702968
B1934554748806N12000812WA0297502967
B1934564748811N12000811WA0297502966
B1934574748816N12000813WA0297502967
B1934584748819N12000816WA0297602968
B1934594748821N12000819WA0297502968
B1935004748824N12000824WA0297502967
B1935014748827N12000829WA0297402966
B1935024748828N12000836WA0297202966
B1935034748826N12000843WA0297102965
B1935044748823N12000849WA0297202966
B1935054748818N12000853WA0297402967
B1935064748813N12000856WA0297502967
B1935074748809N12000858WA0297602968
B1935084748804N12000859WA0297702969
B1935094748799N12000859WA0297702969
B1935104748793N12000857WA0297702968
B1935114748788N12000854WA0297802969
B1935124748782N12000850WA0297902970
B1935134748777N12000846WA0297902971
B1935144748772N12000841WA0297902971
B1935154748767N12000834WA0297802970
B1935164748763N12000824WA0297702968
B1935174748761N12000812WA0297502967
B1935184748760N12000799WA0297202965
B1935194748762N12000787WA0297102965
B1935204748765N12000778WA0297102967
B1935214748769N12000771WA0297202967
B1935224748773N12000767WA0297102966
B1935234748778N12000765WA0296902965
B1935244748783N12000765WA0296802964
B1935254748788N12000765WA0296602962
B1935264748793N12000766WA0296502961
B1935274748797N12000769WA0296502961
B1935284748800N12000772WA0296502961
B1935294748801N12000777WA0296502961
B1935304748802N12000783WA0296302959
B1935314748803N12000789WA0296202958
B1935324748802N12000796WA0296102958
B1935334748802N12000802WA0296102957
B1935344748803N12000808WA0296002956
B1935354748803N12000814WA0296002955
B1935364748804N12000820WA0295902955
B1935374748805N12000827WA0295902955
B1935384748806N12000833WA0296002956
B1935394748807N12000839WA0296002957
B1935404748809N12000844WA0296002956
B1935414748810N12000849WA0295802955
B1935424748812N12000853WA0295602953
B1935434748813N12000858WA0295202953
B1935444748814N12000864WA0294902951
B1935454748815N12000872WA0294202944
B1935464748816N12000881WA0293802938
B1935474748817N12000890WA0293202933
B1935484748818N12000899WA0292902929
B1935494748820N12000908WA0292602927
B1935504748821N12000917WA0292302923
B1935514748822N12000926WA0291902920
B1935524748823N12000935WA0291602917
B1935534748823N12000944WA0291202913
B1935544748824N12000953WA0290902909
B1935554748825N12000963WA0290302905
B1935564748827N12000973WA0290002900
B1935574748828N12000984WA0289402896
B1935584748830N12000995WA0289202892
B1935594748831N12001005WA0288802889
B1936004748832N12001015WA0288602886
B1936014748832N12001025WA0288302884
B1936024748833N12001034WA0288002880
B1936034748833N12001044WA0287602876
B1936044748835N12001055WA0287102870
B1936054748836N12001066WA0286602865
B1936064748838N12001078WA0286302862
B1936074748840N12001088WA0286202861
B1936084748842N12001097WA0286502863
B1936094748845N12001104WA0286902867
B1936104748847N12001109WA0287102872
B1936114748849N12001112WA0288102875
B1936124748849N12001114WA0288202878
B1936134748850N12001117WA0288702881
B1936144748851N12001121WA0288802882
B1936154748853N12001125WA0289002883
B1936164748855N12001130WA0289002884
B1936174748858N12001134WA0289102885
B1936184748861N12001138WA0289302887
B1936194748862N12001142WA0289802891
B1936204748864N12001146WA0290002895
B1936214748865N12001151WA0290302897
B1936224748865N12001157WA0290602900
B1936234748865N12001163WA0290902902
B1936244748864N12001169WA0291202905
B1936254748861N12001174WA0291602908
B1936264748856N12001179WA0291802910
B1936274748851N12001182WA0292002912
B1936284748846N12001183WA0292102915
B1936294748841N12001181WA0292402918
B1936304748839N12001177WA0292602920
B1936314748837N12001169WA0292602919
B1936324748838N12001160WA0292302916
B1936334748839N12001150WA0292202915
B1936344748841N12001141WA0292202918
B1936354748843N12001134WA0292402922
B1936364748846N12001130WA0292702923
B1936374748851N12001126WA0292702923
B1936384748856N12001123WA0292702923
B1936394748860N12001123WA0292902924
B1936404748864N12001124WA0293102925
B1936414748867N12001127WA0293302927
B1936424748870N12001131WA0293302927
B1936434748872N12001138WA0293402928
B1936444748873N12001146WA0293402928
B1936454748873N12001154WA0293602928
B1936464748873N12001163WA0293702930
B1936474748871N12001172WA0293902932
B1936484748868N12001178WA0294102934
B1936494748864N12001183WA0294102936
B1936504748858N12001186WA0294002937
B1936514748852N12001187WA0293802935
B1936524748846N12001184WA0293702934
B1936534748841N12001177WA0293602933
B1936544748838N12001170WA0293302931
B1936554748837N12001161WA0293102930
B1936564748838N12001152WA0293002929
B1936574748841N12001145WA0293002928
B1936584748845N12001140WA0292902927
B1936594748849N12001137WA0292902927
B1937004748854N12001134WA0292802926
B1937014748860N12001132WA0292302923
B1937024748866N12001130WA0292302920
B1937034748871N12001127WA0292202920
B1937044748876N12001124WA0292202921
B1937054748879N12001122WA0292302922
B1937064748883N12001120WA0292302921
B1937074748888N12001118WA0292202920
B1937084748895N12001116WA0292002917
B1937094748902N12001113WA0291902915
B1937104748909N12001110WA0292002914
B1937114748915N12001105WA0292202920
B1937124748920N12001100WA0292402923
B1937134748925N12001094WA0292702925
B1937144748931N12001088WA0292902926
B1937154748938N12001082WA0293102927
B1937164748944N12001075WA0293202929
B1937174748948N12001068WA0293702935
B1937184748952N12001061WA0294102941
B1937194748955N12001055WA0294602945
B1937204748960N12001049WA0294802948
B1937214748966N12001044WA0294902949
B1937224748971N12001041WA0295002950
B1937234748976N12001040WA0295302953
B1937244748978N12001041WA0295602956
B1937254748980N12001045WA0295702957
B1937264748981N12001052WA0295702956
B1937274748980N12001059WA0295702956
B1937284748977N12001065WA0295902959
B1937294748973N12001068WA0296202962
B1937304748969N12001068WA0296602965
B1937314748964N12001066WA0296902968
B1937324748960N12001064WA0297002970
B1937334748955N12001062WA0297202971
B1937344748950N12001060WA0297502973
B1937354748946N12001059WA0297902978
B1937364748943N12001060WA0298202982
B1937374748940N12001060WA0298702986
B1937384748937N12001061WA0298902988
B1937394748934N12001061WA0299102989
B1937404748929N12001060WA0299302989
B1937414748925N12001060WA0299302989
B1937424748920N12001059WA0299302989
B1937434748915N12001058WA0299302989
B1937444748911N12001055WA0299302990
B1937454748906N12001050WA0299302990
B1937464748903N12001042WA0299302990
B1937474748900N12001033WA0299402989
B1937484748898N12001025WA0299402990
B1937494748897N12001017WA0299402991
B1937504748896N12001008WA0299502991
B1937514748896N12000999WA0299502991
B1937524748897N12000988WA0299502990
B1937534748898N12000978WA0299602991
B1937544748900N12000969WA0299802995
B1937554748901N12000961WA0300002997
B1937564748902N12000953WA0300202999
B1937574748902N12000945WA0300403000
B1937584748902N12000935WA0300503000
B1937594748902N12000926WA0300503001
B1938004748903N12000918WA0300503001
B1938014748905N12000911WA0300403000
B1938024748907N12000904WA0300002996
B1938034748909N12000894WA0299702994
B1938044748911N12000883WA0299402991
B1938054748912N12000871WA0299002988
B1938064748913N12000860WA0299102989
B1938074748914N12000852WA0299402993
B1938084748915N12000846WA0299602994
B1938094748915N12000840WA0299402993
B1938104748915N12000834WA0299302990
B1938114748916N12000825WA0298702988
B1938124748918N12000815WA0298202984
B1938134748919N12000805WA0297902980
B1938144748921N12000797WA0297802980
B1938154748923N12000790WA0297802980
B1938164748926N12000784WA0297702978
B1938174748930N12000777WA0297202975
B1938184748935N12000771WA0296902971
B1938194748941N12000764WA0296602967
B1938204748946N12000757WA0296302964
B1938214748951N12000751WA0296102963
B1938224748956N12000744WA0296002962
B1938234748960N12000738WA0295902960
B1938244748965N12000731WA0295702958
B1938254748969N12000724WA0295602955
B1938264748974N12000718WA0295002953
B1938274748980N12000711WA0294702949
B1938284748986N12000706WA0294302945
B1938294748994N12000702WA0293902941
B1938304749001N12000700WA0293702938
B1938314749007N12000700WA0293602936
B1938324749013N12000699WA0293602936
B1938334749018N12000697WA0293402935
B1938344749024N12000693WA0293202933
B1938354749030N12000687WA0292902930
B1938364749036N12000680WA0292702926
B1938374749041N12000671WA0292302924
B1938384749045N12000663WA0292202924
B1938394749048N12000654WA0292102923
B1938404749050N12000644WA0291902920
B1938414749051N12000635WA0291602917
B1938424749052N12000624WA0291102912
B1938434749053N12000612WA0290602908
B1938444749053N12000600WA0290102904
B1938454749054N12000589WA0289702901
B1938464749055N12000578WA0289602898
B1938474749055N12000567WA0289102895
B1938484749055N12000555WA0288802891
B1938494749055N12000542WA0288402887
B1938504749055N12000530WA0288202885
B1938514749055N12000517WA0288102884
B1938524749055N12000506WA0288102883
B1938534749055N12000496WA0288002882
B1938544749056N12000487WA0287902880
B1938554749056N12000477WA0287602878
B1938564749056N12000467WA0287302876
B1938574749055N12000457WA0286802873
B1938584749053N12000444WA0286502870
B1938594749052N12000433WA0286202868
B1939004749051N12000422WA0286302866
B1939014749050N12000413WA0286502867
B1939024749049N12000405WA0286502867
B1939034749049N12000397WA0286302866
B1939044749048N12000388WA0286302865
B1939054749047N12000379WA0286302864
B1939064749046N12000369WA0286302863
B1939074749045N12000360WA0286302863
B1939084749044N12000351WA0286302864
B1939094749043N12000342WA0286302864
B1939104749042N12000333WA0286302864
B1939114749041N12000323WA0286202863
B1939124749040N12000313WA0286202862
B1939134749039N12000303WA0286002860
B1939144749038N12000294WA0286002860
B1939154749037N12000285WA0285902859
B1939164749037N12000276WA0285802858
B1939174749036N12000267WA0285802857
B1939184749035N12000258WA0285702855
B1939194749034N12000248WA0285502854
B1939204749033N12000239WA0285502853
B1939214749032N12000230WA0285302852
B1939224749031N12000222WA0285302850
B1939234749030N12000213WA0285202849
B1939244749029N12000205WA0285002847
B1939254749027N12000197WA0284802845
B1939264749026N12000189WA0284702843
B1939274749024N12000180WA0284402840
B1939284749023N12000170WA0284202838
B1939294749023N12000161WA0283902836
B1939304749022N12000151WA0283802834
B1939314749022N12000142WA0283602832
B1939324749021N12000132WA0283502830
B1939334749021N12000123WA0283102828
B1939344749021N12000113WA0283002826
B1939354749021N12000103WA0282802824
B1939364749021N12000093WA0282602822
B1939374749021N12000084WA0282402820
B1939384749020N12000074WA0282302817
B1939394749019N12000064WA0281902814
B1939404749018N12000054WA0281702812
B1939414749017N12000044WA0281402809
B1939424749017N12000033WA0281202806
B1939434749016N12000022WA0280702803
B1939444749015N12000011WA0280502799
B1939454749013N11959999WA0280202796
B1939464749011N11959987WA0280102795
B1939474749010N11959977WA0280102795
B1939484749009N11959968WA0280102794
B1939494749008N11959959WA0279802793
B1939504749006N11959950WA0279702791
B1939514749005N11959940WA0279502789
B1939524749003N11959930WA0279302787
B1939534749001N11959921WA0279202785
B1939544748999N11959912WA0279102784
B1939554748997N11959903WA0278802783
B1939564748996N11959894WA0278702781
B1939574748994N11959883WA0278502779
B1939584748993N11959872WA0278402777
B1939594748991N11959862WA0278302776
B1940004748990N11959852WA0278202775
B1940014748989N11959842WA0278102773
B1940024748988N11959832WA0278002772
B1940034748988N11959822WA0277902772
B1940044748987N11959813WA0277902771
B1940054748986N11959804WA0277802770
B1940064748984N11959795WA0277602769
B1940074748982N11959787WA0277302767
B1940084748979N11959779WA0277202765
B1940094748977N11959770WA0276802763
B1940104748974N11959761WA0276502761
B1940114748972N11959751WA0276302758
B1940124748970N11959740WA0275902755
B1940134748967N11959729WA0275702753
B1940144748966N11959717WA0275502751
B1940154748966N11959704WA0275102748
B1940164748966N11959691WA0275102745
B1940174748967N11959677WA0274902743
B1940184748968N11959664WA0274902742
B1940194748969N11959651WA0274702743
B1940204748970N11959637WA0274602741
B1940214748970N11959624WA0274502739
B1940224748971N11959611WA0274302736
B1940234748971N11959597WA0273902733
B1940244748971N11959583WA0273702730
B1940254748971N11959569WA0273402728
B1940264748972N11959555WA0273202725
B1940274748972N11959541WA0272802723
B1940284748973N11959526WA0272602719
B1940294748973N11959511WA0272202716
B1940304748974N11959496WA0272102714
B1940314748974N11959481WA0271702711
B1940324748976N11959467WA0271602709
B1940334748977N11959452WA0271402708
B1940344748978N11959439WA0271302706
B1940354748979N11959425WA0271202705
B1940364748980N11959411WA0271102703
B1940374748982N11959397WA0270802700
B1940384748983N11959384WA0270502698
B1940394748984N11959370WA0270302696
B1940404748986N11959356WA0270102694
B1940414748987N11959342WA0269902692
B1940424748988N11959328WA0269702690
B1940434748988N11959315WA0269502689
B1940444748989N11959301WA0269302687
B1940454748990N11959287WA0269102685
B1940464748991N11959273WA0268902683
B1940474748991N11959259WA0268702682
B1940484748992N11959244WA0268602681
B1940494748993N11959231WA0268602681
B1940504748994N11959217WA0268602681
B1940514748996N11959205WA0268602680
B1940524748998N11959193WA0268502680
B1940534748999N11959181WA0268302679
B1940544749001N11959169WA0268302677
B1940554749002N11959156WA0267802674
B1940564749003N11959143WA0267702672
B1940574749004N11959129WA0267402669
B1940584749005N11959115WA0267202667
B1940594749006N11959102WA0266702665
B1941004749007N11959088WA0266602663
B1941014749009N11959075WA0266502661
B1941024749010N11959062WA0266402660
B1941034749012N11959048WA0266202658
B1941044749013N11959035WA0266002655
B1941054749013N11959020WA0265702653
B1941064749014N11959006WA0265602650
B1941074749014N11958992WA0265202648
B1941084749015N11958977WA0265102646
B1941094749016N11958963WA0264802644
B1941104749016N11958948WA0264702642
B1941114749016N11958934WA0264502640
B1941124749017N11958919WA0264402639
B1941134749017N11958905WA0264102637
B1941144749017N11958891WA0264002636
B1941154749018N11958878WA0263702634
B1941164749018N11958864WA0263602632
B1941174749019N11958850WA0263302630
B1941184749020N11958836WA0263202628
B1941194749020N11958822WA0262802626
B1941204749021N11958808WA0262602624
B1941214749022N11958794WA0262402622
B1941224749023N11958780WA0262302620
B1941234749024N11958766WA0262002618
B1941244749025N11958752WA0261802615
B1941254749026N11958738WA0261402612
B1941264749026N11958724WA0261202609
B1941274749027N11958710WA0260902606
B1941284749028N11958696WA0260702603
B1941294749028N11958682WA0260302600
B1941304749029N11958667WA0260002597
B1941314749029N11958653WA0259702595
B1941324749029N11958639WA0259502592
B1941334749030N11958625WA0259202590
B1941344749030N11958610WA0259002587
B1941354749031N11958596WA0258602585
B1941364749032N11958583WA0258402582
B1941374749033N11958569WA0258102579
B1941384749033N11958554WA0257902576
B1941394749034N11958540WA0257502573
B1941404749036N11958526WA0257202569
B1941414749037N11958512WA0256802566
B1941424749038N11958498WA0256602564
B1941434749038N11958484WA0256402561
B1941444749039N11958470WA0256202559
B1941454749040N11958457WA0255902556
B1941464749042N11958443WA0255602553
B1941474749043N11958430WA0255202550
B1941484749044N11958415WA0255002546
B1941494749045N11958401WA0254702543
B1941504749046N11958387WA0254502540
B1941514749047N11958373WA0254102538
B1941524749048N11958359WA0253902536
B1941534749049N11958346WA0253602534
B1941544749050N11958332WA0253502531
B1941554749051N11958319WA0253202529
B1941564749052N11958305WA0253002526
B1941574749053N11958292WA0252602524
B1941584749054N11958278WA0252402522
B1941594749055N11958264WA0252102519
B1942004749056N11958250WA0251902516
B1942014749058N11958236WA0251502513
B1942024749059N11958222WA0251102510
B1942034749060N11958208WA0250902507
B1942044749061N11958194WA0250602504
B1942054749062N11958180WA0250302501
B1942064749063N11958167WA0250002499
B1942074749064N11958153WA0249702495
B1942084749065N11958139WA0249402492
B1942094749067N11958126WA0249102489
B1942104749068N11958112WA0248902487
B1942114749069N11958098WA0248602484
B1942124749071N11958085WA0248402481
B1942134749072N11958071WA0248002478
B1942144749074N11958057WA0247702475
B1942154749075N11958044WA0247302472
B1942164749076N11958030WA0247102469
B1942174749078N11958017WA0246702466
B1942184749080N11958004WA0246402463
B1942194749082N11957990WA0245902459
B1942204749084N11957976WA0245702455
B1942214749086N11957962WA0245202452
B1942224749088N11957947WA0244902448
B1942234749090N11957932WA0244402444
B1942244749093N11957918WA0244102441
B1942254749094N11957903WA0243802439
B1942264749097N11957890WA0243702437
B1942274749099N11957876WA0243502435
B1942284749102N11957863WA0243302433
B1942294749104N11957850WA0243002430
B1942304749107N11957836WA0242802428
B1942314749110N11957823WA0242402424
B1942324749112N11957809WA0242102421
B1942334749115N11957794WA0241702417
B1942344749117N11957779WA0241502414
B1942354749120N11957765WA0241202411
B1942364749123N11957750WA0241102409
B1942374749126N11957736WA0240902407
B1942384749128N11957722WA0240702406
B1942394749131N11957709WA0240402404
B1942404749133N11957696WA0240202402
B1942414749135N11957682WA0239902399
B1942424749137N11957668WA0239702395
B1942434749139N11957654WA0239302392
B1942444749140N11957641WA0239002389
B1942454749142N11957627WA0238602386
B1942464749144N11957614WA0238502384
B1942474749146N11957601WA0238202382
B1942484749149N11957588WA0238002379
B1942494749152N11957576WA0237702376
B1942504749154N11957562WA0237402373
B1942514749156N11957549WA0237102370
B1942524749158N11957535WA0236702367
B1942534749160N11957522WA0236402364
B1942544749163N11957508WA0236102361
B1942554749165N11957494WA0235802359
B1942564749167N11957480WA0235502356
B1942574749169N11957466WA0235202353
B1942584749171N11957452WA0235002350
B1942594749173N11957438WA0234502347
B1943004749175N11957425WA0234302345
B1943014749177N11957411WA0234002342
B1943024749180N11957398WA0233802340
B1943034749182N11957385WA0233602337
B1943044749185N11957372WA0233402334
B1943054749187N11957359WA0233102332
B1943064749190N11957346WA0232802329
B1943074749193N11957333WA0232402326
B1943084749196N11957320WA0232102323
B1943094749199N11957307WA0231602320
B1943104749202N11957294WA0231302317
B1943114749204N11957282WA0231102315
B1943124749206N11957270WA0231102314
B1943134749208N11957260WA0231102313
B1943144749209N11957249WA0230902310
B1943154749211N11957237WA0230302306
B1943164749213N11957224WA0229902302
B1943174749215N11957210WA0229302297
B1943184749217N11957196WA0229002293
B1943194749219N11957182WA0228702290
B1943204749221N11957168WA0228502288
B1943214749224N11957155WA0228302286
B1943224749226N11957142WA0228202284
B1943234749229N11957130WA0227802281
B1943244749231N11957117WA0227502278
B1943254749234N11957105WA0227002274
B1943264749236N11957092WA0226802270
B1943274749238N11957079WA0226302266
B1943284749240N11957065WA0226102263
B1943294749243N11957052WA0225702260
B1943304749245N11957040WA0225502257
B1943314749247N11957027WA0225002254
B1943324749250N11957015WA0224802251
B1943334749252N11957002WA0224302247
B1943344749254N11956989WA0224002243
B1943354749256N11956976WA0223602239
B1943364749259N11956963WA0223302235
B1943374749260N11956950WA0222802231
B1943384749262N11956937WA0222502227
B1943394749264N11956923WA0222002223
B1943404749266N11956910WA0221702219
B1943414749268N11956897WA0221202215
B1943424749270N11956884WA0221002212
B1943434749272N11956871WA0220602208
B1943444749274N11956858WA0220302205
B1943454749276N11956845WA0220002201
B1943464749278N11956832WA0219802199
B1943474749280N11956819WA0219302196
B1943484749282N11956806WA0219102193
B1943494749283N11956793WA0218702189
B1943504749285N11956779WA0218402186
B1943514749287N11956766WA0218002182
B1943524749288N11956753WA0217702178
B1943534749290N11956739WA0217302175
B1943544749291N11956725WA0217102171
B1943554749293N11956712WA0216702168
B1943564749295N11956698WA0216402166
B1943574749297N11956685WA0216102163
B1943584749298N11956671WA0215802161
B1943594749300N11956658WA0215502158
B1944004749301N11956645WA0215302155
B1944014749302N11956632WA0215002152
B1944024749304N11956619WA0214702149
B1944034749306N11956606WA0214202145
B1944044749307N11956592WA0213902142
B1944054749309N11956578WA0213502138
B1944064749310N11956564WA0213202135
B1944074749312N11956551WA0212802132
B1944084749313N11956538WA0212602129
B1944094749315N11956525WA0212202126
B1944104749317N11956512WA0212002122
B1944114749318N11956499WA0211702119
B1944124749320N11956486WA0211402116
B1944134749323N11956474WA0211202114
B1944144749325N11956461WA0210902111
B1944154749327N11956449WA0210702110
B1944164749329N11956438WA0210702109
B1944174749331N11956428WA0210802109
B1944184749333N11956420WA0210802109
B1944194749336N11956412WA0210702109
B1944204749338N11956404WA0210502107
B1944214749341N11956395WA0210202105
B1944224749343N11956385WA0209802101
B1944234749345N11956374WA0209102095
B1944244749346N11956363WA0208702089
B1944254749347N11956351WA0208102084
B1944264749349N11956340WA0207702081
B1944274749350N11956330WA0207502079
B1944284749352N11956320WA0207302077
B1944294749353N11956311WA0207102074
B1944304749355N11956300WA0206802071
B1944314749357N11956289WA0206402067
B1944324749358N11956278WA0206202064
B1944334749360N11956266WA0205902062
B1944344749361N11956256WA0205802061
B1944354749362N11956247WA0205902062
B1944364749362N11956241WA0206002064
B1944374749363N11956234WA0206202064
B1944384749364N11956227WA0206002064
B1944394749365N11956219WA0205702062
B1944404749367N11956208WA0205402061
B1944414749368N11956197WA0205002058
B1944424749368N11956186WA0204702054
B1944434749368N11956176WA0204402051
B1944444749369N11956165WA0204202049
B1944454749371N11956155WA0203902047
B1944464749372N11956144WA0203702043
B1944474749373N11956132WA0203102039
B1944484749374N11956119WA0202802035
B1944494749375N11956107WA0202702034
B1944504749377N11956098WA0203102039
B1944514749379N11956092WA0203902045
B1944524749381N11956087WA0204302050
B1944534749382N11956082WA0204602052
B1944544749384N11956075WA0204602053
B1944554749385N11956066WA0204602052
B1944564749386N11956056WA0204402052
B1944574749386N11956047WA0204702053
B1944584749385N11956039WA0204802059
B1944594749385N11956034WA0205402063
B1945004749385N11956029WA0205702067
B1945014749385N11956025WA0205902069
B1945024749385N11956019WA0205802070
B1945034749384N11956011WA0205702072
B1945044749383N11956001WA0205602073
B1945054749382N11955992WA0205702075
B1945064749382N11955983WA0205802076
B1945074749381N11955973WA0206102079
B1945084749381N11955964WA0206302081
B1945094749381N11955954WA0206702083
B1945104749381N11955945WA0206802085
B1945114749381N11955935WA0207002086
B1945124749381N11955926WA0207202087
B1945134749381N11955917WA0207402089
B1945144749380N11955907WA0207402089
B1945154749379N11955897WA0207502090
B1945164749379N11955887WA0207602090
B1945174749378N11955877WA0207902092
B1945184749378N11955869WA0208102094
B1945194749379N11955861WA0208502097
B1945204749379N11955854WA0208902100
B1945214749379N11955847WA0209102102
B1945224749379N11955839WA0209302103
B1945234749379N11955832WA0209402103
B1945244749380N11955825WA0209402104
B1945254749383N11955819WA0209602105
B1945264749387N11955815WA0209802106
B1945274749394N11955816WA0209702107
B1945284749399N11955821WA0209902108
B1945294749403N11955828WA0209902108
B1945304749406N11955835WA0210102109
B1945314749407N11955843WA0210502111
B1945324749407N11955850WA0210402114
B1945334749407N11955858WA0211602116
B1945344749406N11955865WA0211602118
B1945354749404N11955872WA0212102120
B1945364749401N11955878WA0212602121
B1945374749398N11955884WA0213202124
B1945384749395N11955888WA0213402127
B1945394749390N11955889WA0213602129
B1945404749385N11955885WA0213702129
B1945414749382N11955878WA0213502129
B1945424749380N11955868WA0213802130
B1945434749380N11955859WA0214002132
B1945444749382N11955853WA0214202133
B1945454749385N11955849WA0214502135
B1945464749389N11955846WA0214502138
B1945474749394N11955843WA0215002140
B1945484749399N11955841WA0214902141
B1945494749406N11955839WA0215102144
B1945504749412N11955840WA0215402150
B1945514749418N11955842WA0215802159
B1945524749422N11955844WA0216302164
B1945534749426N11955847WA0216802169
B1945544749430N11955851WA0217202172
B1945554749433N11955856WA0217602176
B1945564749435N11955863WA0217802180
B1945574749433N11955869WA0218202183
B1945584749428N11955875WA0218402185
B1945594749421N11955877WA0218602187
B1946004749414N11955873WA0218902190
B1946014749409N11955864WA0219402196
B1946024749409N11955853WA0219802200
B1946034749411N11955843WA0220302204
B1946044749416N11955837WA0220602208
B1946054749422N11955836WA0221302211
B1946064749427N11955839WA0221502215
B1946074749432N11955845WA0221802217
B1946084749434N11955852WA0221902220
B1946094749433N11955860WA0222302223
B1946104749429N11955867WA0222502224
B1946114749423N11955870WA0223002227
B1946124749416N11955868WA0223202229
B1946134749412N11955863WA0223702233
B1946144749410N11955856WA0224002238
B1946154749410N11955848WA0224502241
B1946164749412N11955840WA0224802245
B1946174749417N11955834WA0225002246
B1946184749423N11955831WA0225102247
B1946194749430N11955830WA0225502249
B1946204749436N11955833WA0225702252
B1946214749441N11955838WA0226202257
B1946224749443N11955845WA0226602261
B1946234749443N11955853WA0227002264
B1946244749440N11955860WA0227202267
B1946254749435N11955863WA0227502270
B1946264749429N11955862WA0227802273
B1946274749423N11955857WA0228102276
B1946284749419N11955849WA0228402279
B1946294749417N11955840WA0228802282
B1946304749417N11955831WA0229102285
B1946314749419N11955823WA0229502289
B1946324749424N11955816WA0229802292
B1946334749430N11955812WA0230102294
B1946344749437N11955809WA0230302298
B1946354749443N11955809WA0230902302
B1946364749448N11955811WA0231302305
B1946374749452N11955815WA0231802309
B1946384749454N11955821WA0231902311
B1946394749455N11955829WA0232102312
B1946404749454N11955838WA0232302314
B1946414749451N11955844WA0232802316
B1946424749446N11955847WA0233102319
B1946434749440N11955845WA0233402323
B1946444749435N11955839WA0233602326
B1946454749432N11955830WA0233902329
B1946464749432N11955820WA0234202332
B1946474749435N11955811WA0234502336
B1946484749440N11955803WA0234902339
B1946494749445N11955798WA0235302345
B1946504749451N11955794WA0235602350
B1946514749457N11955794WA0236002354
B1946524749462N11955797WA0236202357
B1946534749465N11955803WA0236402359
B1946544749468N11955810WA0236502361
B1946554749467N11955819WA0236802364
B1946564749464N11955825WA0237102367
B1946574749459N11955829WA0237402369
B1946584749454N11955830WA0237502371
B1946594749448N11955827WA0237802374
B1947004749443N11955822WA0238102377
B1947014749439N11955815WA0238502381
B1947024749438N11955806WA0238802384
B1947034749439N11955797WA0239202386
B1947044749441N11955787WA0239302389
B1947054749444N11955779WA0239602392
B1947064749448N11955771WA0239802395
B1947074749453N11955766WA0240102397
B1947084749459N11955762WA0240202398
B1947094749465N11955760WA0240302400
B1947104749470N11955760WA0240502402
B1947114749476N11955761WA0240702404
B1947124749481N11955763WA0240902406
B1947134749485N11955766WA0241102408
B1947144749489N11955771WA0241202409
B1947154749492N11955777WA0241402410
B1947164749495N11955784WA0241402410
B1947174749497N11955792WA0241602412
B1947184749496N11955800WA0241602414
B1947194749494N11955807WA0241902415
B1947204749491N11955812WA0241902417
B1947214749486N11955817WA0242202419
B1947224749481N11955820WA0242402420
B1947234749476N11955823WA0242802423
B1947244749471N11955824WA0243002426
B1947254749466N11955825WA0243302428
B1947264749461N11955825WA0243502431
B1947274749456N11955823WA0243802433
B1947284749451N11955819WA0244002435
B1947294749447N11955812WA0244202437
B1947304749444N11955803WA0244302439
B1947314749444N11955793WA0244702440
B1947324749447N11955783WA0244802443
B1947334749452N11955776WA0245002444
B1947344749459N11955772WA0245102444
B1947354749466N11955772WA0245302446
B1947364749472N11955775WA0245402449
B1947374749476N11955782WA0245702451
B1947384749478N11955790WA0245802453
B1947394749477N11955798WA0246102455
B1947404749474N11955804WA0246402457
B1947414749470N11955808WA0246602460
B1947424749464N11955809WA0246802463
B1947434749458N11955808WA0247002465
B1947444749454N11955803WA0247202467
B1947454749450N11955796WA0247502469
B1947464749447N11955788WA0247702472
B1947474749447N11955780WA0248102475
B1947484749447N11955771WA0248302477
B1947494749449N11955763WA0248502479
B1947504749453N11955754WA0248602479
B1947514749458N11955747WA0248602480
B1947524749465N11955742WA0248602480
B1947534749473N11955742WA0248702481
B1947544749479N11955744WA0248902484
B1947554749484N11955749WA0249202487
B1947564749487N11955756WA0249302489
B1947574749488N11955763WA0249502491
B1947584749487N11955770WA0249802492
B1947594749483N11955775WA0250002494
B1948004749478N11955778WA0250202496
B1948014749473N11955778WA0250402499
B1948024749468N11955775WA0250502502
B1948034749464N11955769WA0250802504
B1948044749461N11955762WA0251102507
B1948054749459N11955753WA0251402509
B1948064749458N11955745WA0251602510
B1948074749456N11955736WA0251502512
B1948084749454N11955725WA0252002513
B1948094749452N11955713WA0251702514
B1948104749451N11955701WA0251602513
B1948114749450N11955688WA0251602513
B1948124749449N11955676WA0251702514
B1948134749449N11955664WA0251902515
B1948144749448N11955653WA0251902516
B1948154749446N11955643WA0252002517
B1948164749443N11955633WA0252002518
B1948174749440N11955623WA0251602518
B1948184749435N11955613WA0251502517
B1948194749431N11955602WA0251102514
B1948204749425N11955592WA0251002511
B1948214749421N11955582WA0250802509
B1948224749417N11955573WA0250902511
B1948234749414N11955564WA0251302514
B1948244749412N11955556WA0251402515
B1948254749410N11955548WA0251502516
B1948264749408N11955540WA0251402515
B1948274749405N11955532WA0251002512
B1948284749401N11955524WA0250802509
B1948294749397N11955515WA0250502505
B1948304749393N11955506WA0250302503
B1948314749389N11955497WA0250202501
B1948324749386N11955489WA0250102500
B1948334749383N11955481WA0249902499
B1948344749380N11955472WA0249702496
B1948354749377N11955463WA0249302493
B1948364749374N11955454WA0249102490
B1948374749370N11955445WA0248702486
B1948384749366N11955436WA0248402482
B1948394749362N11955427WA0247802478
B1948404749359N11955418WA0247602475
B1948414749356N11955407WA0247302472
B1948424749355N11955397WA0247102470
B1948434749354N11955386WA0246702467
B1948444749353N11955376WA0246502465
B1948454749353N11955365WA0246102461
B1948464749353N11955354WA0245702457
B1948474749354N11955341WA0245202453
B1948484749355N11955328WA0244702449
B1948494749356N11955315WA0244002444
B1948504749357N11955301WA0243602439
B1948514749357N11955287WA0243102435
B1948524749357N11955273WA0242802432
B1948534749357N11955261WA0242502430
B1948544749356N11955249WA0242402429
B1948554749356N11955238WA0242202427
B1948564749355N11955227WA0242002425
B1948574749353N11955216WA0241702422
B1948584749352N11955204WA0241402418
B1948594749349N11955192WA0240902414
B1949004749346N11955180WA0240402410
B1949014749343N11955168WA0240002406
B1949024749339N11955156WA0239702402
B1949034749335N11955145WA0239502400
B1949044749331N11955134WA0239402399
B1949054749328N11955123WA0239302398
B1949064749324N11955113WA0239102396
B1949074749320N11955103WA0238802394
B1949084749315N11955092WA0238602392
B1949094749310N11955081WA0238402390
B1949104749305N11955071WA0238402388
B1949114749300N11955061WA0238302387
B1949124749295N11955051WA0238302388
B1949134749292N11955042WA0238602391
B1949144749290N11955034WA0238802394
B1949154749288N11955027WA0239302397
B1949164749286N11955020WA0239302398
B1949174749284N11955012WA0239202398
B1949184749282N11955002WA0239002399
B1949194749279N11954991WA0238702399
B1949204749276N11954980WA0238602398
B1949214749273N11954969WA0238602399
B1949224749271N11954958WA0238702400
B1949234749268N11954948WA0239002402
B1949244749266N11954938WA0239202404
B1949254749264N11954928WA0239402405
B1949264749262N11954919WA0239502406
B1949274749260N11954910WA0239602406
B1949284749258N11954899WA0239602405
B1949294749255N11954889WA0239502403
B1949304749253N11954877WA0239402401
B1949314749250N11954866WA0239402401
B1949324749248N11954855WA0239402401
B1949334749246N11954845WA0239602402
B1949344749244N11954835WA0239802405
B1949354749242N11954826WA0240102408
B1949364749241N11954817WA0240302410
B1949374749240N11954808WA0240402410
B1949384749239N11954799WA0240402409
B1949394749238N11954788WA0240302408
B1949404749237N11954776WA0240202408
B1949414749237N11954765WA0240202407
B1949424749236N11954753WA0240302408
B1949434749236N11954742WA0240302408
B1949444749236N11954731WA0240402408
B1949454749236N11954721WA0240502409
B1949464749236N11954710WA0240602409
B1949474749236N11954700WA0240902410
B1949484749237N11954689WA0241002411
B1949494749238N11954679WA0241202413
B1949504749238N11954668WA0241402415
B1949514749239N11954658WA0241602416
B1949524749239N11954647WA0241702416
B1949534749240N11954636WA0241802418
B1949544749240N11954625WA0241802418
B1949554749240N11954615WA0242002420
B1949564749240N11954605WA0242102420
B1949574749238N11954595WA0242102421
B1949584749237N11954586WA0242202422
B1949594749235N11954577WA0242202422
B1950004749233N11954567WA0242202423
B1950014749231N11954558WA0242102423
B1950024749229N11954549WA0242102422
B1950034749226N11954538WA0242002420
B1950044749224N11954528WA0241902419
B1950054749221N11954517WA0241802419
B1950064749218N11954506WA0241702418
B1950074749216N11954495WA0241802419
B1950084749214N11954485WA0241902420
B1950094749212N11954476WA0242002421
B1950104749210N11954467WA0242002421
B1950114749207N11954458WA0242002422
B1950124749205N11954449WA0242002421
B1950134749202N11954439WA0241802419
B1950144749199N11954429WA0241602417
B1950154749195N11954418WA0241502416
B1950164749192N11954408WA0241502415
B1950174749190N11954398WA0241502416
B1950184749188N11954390WA0241602417
B1950194749186N11954383WA0241602417
B1950204749183N11954375WA0241502415
B1950214749181N11954366WA0241202412
B1950224749177N11954357WA0241002409
B1950234749174N11954346WA0240402406
B1950244749170N11954335WA0240302403
B1950254749167N11954325WA0240202402
B1950264749164N11954316WA0240102402
B1950274749161N11954307WA0240202402
B1950284749159N11954298WA0240202402
B1950294749157N11954290WA0240202402
B1950304749154N11954281WA0240102400
B1950314749152N11954273WA0239702397
B1950324749148N11954264WA0239402393
B1950334749145N11954254WA0239102390
B1950344749141N11954245WA0239002389
B1950354749138N11954236WA0239002389
B1950364749136N11954227WA0239002389
B1950374749133N11954219WA0238702388
B1950384749130N11954210WA0238602387
B1950394749126N11954202WA0238302384
B1950404749122N11954193WA0238102380
B1950414749118N11954183WA0237702378
B1950424749115N11954175WA0237602376
B1950434749112N11954167WA0237602376
B1950444749109N11954161WA0237602376
B1950454749106N11954155WA0237702378
B1950464749103N11954149WA0237802378
B1950474749100N11954143WA0237802378
B1950484749097N11954137WA0237602377
B1950494749094N11954129WA0237302374
B1950504749090N11954121WA0237002371
B1950514749086N11954112WA0236602368
B1950524749082N11954104WA0236402366
B1950534749078N11954095WA0236502368
B1950544749076N11954088WA0236602369
B1950554749073N11954081WA0236502368
B1950564749070N11954074WA0236402366
B1950574749066N11954066WA0235902362
B1950584749062N11954056WA0235602357
B1950594749057N11954046WA0235202354
B1951004749052N11954037WA0235302355
B1951014749048N11954028WA0235502357
B1951024749044N11954019WA0235502358
B1951034749039N11954010WA0235502357
B1951044749034N11954001WA0235402356
B1951054749029N11953991WA0235302355
B1951064749025N11953982WA0235302356
B1951074749021N11953974WA0235502357
B1951084749017N11953966WA0235602359
B1951094749015N11953958WA0235702361
B1951104749012N11953949WA0235802362
B1951114749009N11953940WA0235902362
B1951124749006N11953932WA0235902362
B1951134749003N11953923WA0236002363
B1951144749000N11953914WA0236002364
B1951154748998N11953905WA0236202366
B1951164748995N11953897WA0236202366
B1951174748992N11953888WA0236302367
B1951184748988N11953879WA0236302367
B1951194748985N11953869WA0236502368
B1951204748982N11953860WA0236702371
B1951214748979N11953851WA0237002374
B1951224748977N11953842WA0237202376
B1951234748975N11953832WA0237302376
B1951244748972N11953822WA0237102375
B1951254748968N11953812WA0237002373
B1951264748964N11953802WA0237102374
B1951274748961N11953793WA0237602377
B1951284748959N11953786WA0237902382
B1951294748958N11953779WA0238302385
B1951304748956N11953772WA0238202386
B1951314748953N11953765WA0238102387
B1951324748950N11953757WA0237902386
B1951334748946N11953747WA0237802387
B1951344748943N11953737WA0237602386
B1951354748941N11953727WA0237502385
B1951364748937N11953717WA0237402384
B1951374748934N11953708WA0237502386
B1951384748931N11953700WA0237602388
B1951394748928N11953692WA0237702389
B1951404748926N11953684WA0237702388
B1951414748923N11953675WA0237602385
B1951424748920N11953665WA0237402382
B1951434748917N11953655WA0237302381
B1951444748914N11953645WA0237202382
B1951454748912N11953635WA0237302382
B1951464748909N11953627WA0237502384
B1951474748907N11953619WA0237602384
B1951484748904N11953611WA0237602384
B1951494748901N11953603WA0237402382
B1951504748897N11953593WA0237202380
B1951514748893N11953584WA0237002378
B1951524748889N11953574WA0236702376
B1951534748886N11953563WA0236502374
B1951544748882N11953553WA0236402372
B1951554748878N11953542WA0236102370
B1951564748874N11953533WA0236002368
B1951574748869N11953525WA0235902366
B1951584748864N11953517WA0235802365
B1951594748859N11953510WA0235902365
B1952004748855N11953502WA0235902366
B1952014748850N11953494WA0236002366
B1952024748846N11953486WA0236002367
B1952034748842N11953478WA0236002366
B1952044748838N11953470WA0236002366
B1952054748834N11953462WA0235902365
B1952064748829N11953454WA0235802364
B1952074748824N11953446WA0235702364
B1952084748819N11953438WA0235702363
B1952094748814N11953430WA0235602363
B1952104748810N11953422WA0235602363
B1952114748805N11953415WA0235602363
B1952124748801N11953407WA0235502363
B1952134748796N11953399WA0235402362
B1952144748792N11953391WA0235302361
B1952154748789N11953381WA0235402361
B1952164748786N11953372WA0235402361
B1952174748783N11953363WA0235502361
B1952184748781N11953355WA0235502362
B1952194748779N11953347WA0235502362
B1952204748777N11953339WA0235602362
B1952214748775N11953331WA0235502361
B1952224748772N11953322WA0235302359
B1952234748769N11953313WA0235102357
B1952244748766N11953304WA0234902355
B1952254748763N11953295WA0234502353
B1952264748759N11953286WA0234402352
B1952274748755N11953276WA0234202350
B1952284748751N11953267WA0234102348
B1952294748747N11953257WA0234102348
B1952304748744N11953247WA0234202349
B1952314748742N11953238WA0234402351
B1952324748740N11953229WA0234502353
B1952334748738N11953219WA0234502353
B1952344748735N11953210WA0234402352
B1952354748732N11953201WA0234402352
B1952364748729N11953192WA0234602354
B1952374748726N11953183WA0234902356
B1952384748724N11953174WA0235002358
B1952394748722N11953165WA0235202359
B1952404748720N11953157WA0235302361
B1952414748719N11953148WA0235502363
B1952424748717N11953139WA0235502363
B1952434748715N11953129WA0235502363
B1952444748713N11953120WA0235602364
B1952454748711N11953110WA0235702365
B1952464748709N11953101WA0235702366
B1952474748707N11953092WA0235702366
B1952484748704N11953082WA0235702365
B1952494748701N11953073WA0235402363
B1952504748697N11953063WA0235302362
B1952514748693N11953053WA0235302362
B1952524748690N11953044WA0235502364
B1952534748687N11953035WA0235902369
B1952544748685N11953027WA0236202372
B1952554748683N11953019WA0236502374
B1952564748681N11953012WA0236602376
B1952574748678N11953005WA0236702376
B1952584748674N11952998WA0236702377
B1952594748670N11952990WA0236802377
B1953004748666N11952982WA0237002379
B1953014748662N11952974WA0237202381
B1953024748658N11952967WA0237502384
B1953034748655N11952960WA0237802387
B1953044748651N11952953WA0238002389
B1953054748647N11952946WA0238202390
B1953064748642N11952938WA0238202391
B1953074748638N11952929WA0238402392
B1953084748635N11952919WA0238502394
B1953094748631N11952910WA0238702396
B1953104748628N11952901WA0238802397
B1953114748624N11952893WA0239002399
B1953124748619N11952884WA0239302401
B1953134748615N11952875WA0239402403
B1953144748612N11952866WA0239502405
B1953154748607N11952857WA0239802407
B1953164748604N11952849WA0240102409
B1953174748602N11952842WA0240502412
B1953184748600N11952835WA0241102415
B1953194748598N11952828WA0241402418
B1953204748596N11952821WA0241702420
B1953214748593N11952814WA0241902422
B1953224748591N11952806WA0242002422
B1953234748589N11952798WA0242102423
B1953244748588N11952789WA0242202425
B1953254748586N11952780WA0242402426
B1953264748585N11952772WA0242502427
B1953274748583N11952763WA0242602428
B1953284748581N11952755WA0242502428
B1953294748578N11952747WA0242402427
B1953304748575N11952738WA0242402429
B1953314748572N11952728WA0242502430
B1953324748569N11952719WA0242502432
B1953334748567N11952710WA0242902434
B1953344748565N11952702WA0242902435
B1953354748563N11952694WA0243002436
B1953364748562N11952685WA0242902436
B1953374748560N11952675WA0242902434
B1953384748558N11952665WA0242802433
B1953394748556N11952653WA0242602433
B1953404748554N11952641WA0242502433
B1953414748553N11952630WA0242602433
B1953424748552N11952619WA0242802434
B1953434748551N11952608WA0242802435
B1953444748550N11952597WA0242802435
B1953454748550N11952585WA0242802433
B1953464748550N11952572WA0242502431
B1953474748550N11952559WA0242302429
B1953484748549N11952545WA0242202426
B1953494748549N11952532WA0242002425
B1953504748548N11952518WA0241902425
B1953514748548N11952506WA0241902425
B1953524748549N11952493WA0241902426
B1953534748548N11952481WA0241802425
B1953544748548N11952469WA0241702424
B1953554748548N11952457WA0241402422
B1953564748547N11952444WA0241302421
B1953574748547N11952433WA0241502422
B1953584748547N11952424WA0241702425
B1953594748547N11952416WA0241802427
B1954004748547N11952408WA0241902427
B1954014748547N11952400WA0241702427
B1954024748547N11952391WA0241602425
B1954034748547N11952381WA0241202420
B1954044748547N11952369WA0240902416
B1954054748547N11952358WA0240402412
B1954064748546N11952346WA0240202409
B1954074748546N11952334WA0240002408
B1954084748547N11952322WA0239902406
B1954094748548N11952311WA0239802406
B1954104748550N11952300WA0239902407
B1954114748552N11952290WA0240202409
B1954124748554N11952281WA0240302410
B1954134748555N11952272WA0240302410
B1954144748557N11952262WA0240202409
B1954154748558N11952251WA0239802406
B1954164748559N11952239WA0239602403
B1954174748560N11952226WA0239202400
B1954184748561N11952213WA0239202399
B1954194748563N11952200WA0239202399
B1954204748564N11952188WA0239202399
B1954214748566N11952176WA0239302400
B1954224748568N11952165WA0239502401
B1954234748569N11952154WA0239702403
B1954244748570N11952142WA0239802404
B1954254748571N11952131WA0239902406
B1954264748571N11952120WA0240002407
B1954274748572N11952109WA0240202409
B1954284748573N11952099WA0240302410
B1954294748574N11952088WA0240502411
B1954304748575N11952078WA0240602412
B1954314748575N11952067WA0240702413
B1954324748574N11952056WA0241002415
B1954334748575N11952045WA0241202417
B1954344748575N11952034WA0241302419
B1954354748576N11952023WA0241302420
B1954364748576N11952013WA0241302421
B1954374748576N11952003WA0241302421
B1954384748577N11951992WA0241302421
B1954394748578N11951981WA0241102420
B1954404748579N11951970WA0240902415
B1954414748579N11951958WA0240402411
B1954424748580N11951946WA0240102407
B1954434748580N11951933WA0239602402
B1954444748581N11951919WA0239302398
B1954454748581N11951906WA0238802395
B1954464748581N11951893WA0238502392
B1954474748581N11951881WA0238102389
B1954484748581N11951868WA0237902385
B1954494748581N11951856WA0237502381
B1954504748581N11951844WA0237102377
B1954514748581N11951831WA0236702374
B1954524748581N11951820WA0236502371
B1954534748582N11951809WA0236402370
B1954544748582N11951799WA0236302369
B1954554748583N11951790WA0236202367
B1954564748583N11951781WA0236102366
B1954574748583N11951771WA0235802363
B1954584748584N11951760WA0235502360
B1954594748584N11951749WA0235102357
B1955004748584N11951738WA0235002354
B1955014748585N11951727WA0234602352
B1955024748586N11951715WA0234402349
B1955034748585N11951704WA0234002346
B1955044748585N11951693WA0233802343
B1955054748584N11951682WA0233502340
B1955064748584N11951671WA0233202337
B1955074748584N11951659WA0232902334
B1955084748583N11951647WA0232702332
B1955094748583N11951635WA0232402330
B1955104748583N11951624WA0232402328
B1955114748583N11951613WA0232202327
B1955124748584N11951603WA0232202327
B1955134748584N11951593WA0232102325
B1955144748584N11951583WA0231902323
B1955154748584N11951572WA0231602321
B1955164748584N11951561WA0231302318
B1955174748583N11951548WA0230902314
B1955184748582N11951536WA0230602310
B1955194748581N11951524WA0230102307
B1955204748580N11951512WA0229902304
B1955214748579N11951501WA0229502301
B1955224748579N11951490WA0229302298
B1955234748578N11951478WA0228802294
B1955244748577N11951466WA0228502290
B1955254748577N11951453WA0227802285
B1955264748575N11951440WA0227402281
B1955274748574N11951426WA0227002276
B1955284748573N11951412WA0226702273
B1955294748572N11951398WA0226402270
B1955304748571N11951385WA0226302270
B1955314748571N11951372WA0226402270
B1955324748571N11951361WA0226402270
B1955334748570N11951350WA0226302269
B1955344748570N11951338WA0226202267
B1955354748569N11951327WA0226002265
B1955364748569N11951315WA0225902263
B1955374748568N11951303WA0225902263
B1955384748567N11951292WA0225902264
B1955394748567N11951281WA0226002266
B1955404748567N11951271WA0226002266
B1955414748566N11951260WA0225902265
B1955424748565N11951248WA0225702263
B1955434748563N11951236WA0225302260
B1955444748560N11951223WA0225202258
B1955454748558N11951210WA0225102257
B1955464748556N11951198WA0225102258
B1955474748555N11951187WA0225102258
B1955484748553N11951175WA0225002257
B1955494748551N11951164WA0224902256
B1955504748549N11951152WA0224702254
B1955514748547N11951140WA0224402251
B1955524748544N11951127WA0224102248
B1955534748541N11951114WA0224002247
B1955544748538N11951101WA0223902245
B1955554748536N11951089WA0223802244
B1955564748534N11951077WA0223802243
B1955574748532N11951064WA0223602242
B1955584748530N11951052WA0223402239
B1955594748527N11951039WA0223102236
B1956004748525N11951026WA0222902234
B1956014748523N11951014WA0222602232
B1956024748521N11951002WA0222602231
B1956034748520N11950990WA0222502231
B1956044748519N11950978WA0222402230
B1956054748518N11950965WA0222202228
B1956064748517N11950952WA0222002225
B1956074748517N11950937WA0221802223
B1956084748517N11950923WA0221702222
B1956094748518N11950910WA0221902223
B1956104748518N11950898WA0221902224
B1956114748518N11950888WA0222102226
B1956124748518N11950879WA0222202227
B1956134748518N11950871WA0222002226
B1956144748517N11950862WA0221802222
B1956154748517N11950851WA0221202217
B1956164748516N11950840WA0220702211
B1956174748515N11950826WA0219902204
B1956184748514N11950812WA0219302198
B1956194748513N11950798WA0218702193
B1956204748512N11950784WA0218402189
B1956214748512N11950770WA0218002186
B1956224748511N11950757WA0217802183
B1956234748511N11950743WA0217402180
B1956244748511N11950730WA0217202177
B1956254748511N11950716WA0216902174
B1956264748511N11950703WA0216802173
B1956274748511N11950691WA0216802174
B1956284748511N11950681WA0216802175
B1956294748511N11950671WA0216902175
B1956304748512N11950660WA0216702173
B1956314748513N11950648WA0216202170
B1956324748514N11950635WA0215902167
B1956334748516N11950621WA0215302163
B1956344748518N11950606WA0215002159
B1956354748520N11950591WA0214502155
B1956364748522N11950577WA0214302153
B1956374748524N11950563WA0214102151
B1956384748526N11950549WA0214002150
B1956394748528N11950535WA0213902150
B1956404748529N11950522WA0213802148
B1956414748531N11950509WA0213602147
B1956424748532N11950496WA0213502146
B1956434748533N11950482WA0213202143
B1956444748534N11950469WA0213102141
B1956454748535N11950455WA0212802139
B1956464748535N11950442WA0212702138
B1956474748536N11950429WA0212702138
B1956484748537N11950417WA0212802139
B1956494748538N11950405WA0213202142
B1956504748539N11950394WA0213402144
B1956514748540N11950384WA0213502146
B1956524748541N11950372WA0213702147
B1956534748541N11950360WA0213802148
B1956544748542N11950347WA0213902149
B1956554748543N11950335WA0214102151
B1956564748543N11950323WA0214402153
B1956574748543N11950312WA0214702156
B1956584748544N11950301WA0215002159
B1956594748545N11950289WA0215302162
B1957004748547N11950278WA0215602165
B1957014748548N11950267WA0215902168
B1957024748548N11950258WA0216402172
B1957034748549N11950251WA0217102177
B1957044748550N11950245WA0217402181
B1957054748552N11950239WA0217802183
B1957064748552N11950231WA0217702184
B1957074748551N11950223WA0217902186
B1957084748547N11950218WA0218202188
B1957094748544N11950217WA0218502191
B1957104748542N11950220WA0218902192
B1957114748541N11950225WA0219202193
B1957124748542N11950234WA0219202193
B1957134748544N11950242WA0219602196
B1957144748549N11950248WA0220002198
B1957154748555N11950249WA0220102200
B1957164748562N11950247WA0220302199
B1957174748567N11950243WA0220602201
B1957184748572N11950239WA0220702206
B1957194748574N11950232WA0221102209
B1957204748573N11950225WA0221302212
B1957214748572N11950219WA0221602213
B1957224748570N11950213WA0221702214
B1957234748567N11950209WA0222302215
B1957244748564N11950206WA0222402217
B1957254748560N11950203WA0222602219
B1957264748557N11950202WA0222902221
B1957274748553N11950201WA0222902222
B1957284748549N11950203WA0223302222
B1957294748547N11950207WA0223602222
B1957304748546N11950213WA0223802222
B1957314748546N11950220WA0223802223
B1957324748547N11950228WA0223902224
B1957334748550N11950236WA0224102224
B1957344748554N11950242WA0224202227
B1957354748559N11950247WA0224502228
B1957364748565N11950251WA0224602229
B1957374748571N11950254WA0224802230
B1957384748577N11950256WA0225002232
B1957394748584N11950257WA0225502237
B1957404748591N11950258WA0225702240
B1957414748597N11950257WA0226102244
B1957424748603N11950256WA0226302247
B1957434748608N11950252WA0226602253
B1957444748610N11950248WA0226902257
B1957454748610N11950241WA0227302256
B1957464748608N11950234WA0227102260
B1957474748608N11950230WA0227302256
B1957484748607N11950229WA0227302255
B1957494748605N11950229WA0227702252
B1957504748602N11950236WA0227802248
B1957514748602N11950242WA0227702242
B1957524748604N11950250WA0228202242
B1957534748606N11950258WA0228402245
B1957544748610N11950266WA0228402247
B1957554748614N11950273WA0228902255
B1957564748618N11950277WA0229102260
B1957574748622N11950279WA0229602262
B1957584748628N11950276WA0229602265
B1957594748635N11950274WA0229102270
B1958004748640N11950270WA0230602273
B1958014748645N11950264WA0230002277
B1958024748652N11950259WA0230302281
B1958034748657N11950253WA0230902289
B1958044748661N11950243WA0231002296
B1958054748665N11950236WA0231302299
B1958064748666N11950229WA0231602301
B1958074748668N11950221WA0231802306
B1958084748669N11950212WA0231802303
B1958094748671N11950203WA0231802302
B1958104748673N11950193WA0231802302
B1958114748675N11950183WA0231902304
B1958124748677N11950173WA0232102307
B1958134748679N11950163WA0232502313
B1958144748682N11950155WA0232902319
B1958154748684N11950146WA0233402324
B1958164748688N11950138WA0233702329
B1958174748693N11950130WA0234002332
B1958184748698N11950123WA0234202336
B1958194748705N11950117WA0234502340
B1958204748711N11950111WA0234902346
B1958214748718N11950106WA0235302354
B1958224748725N11950102WA0235602359
B1958234748731N11950097WA0236002363
B1958244748736N11950090WA0236102365
B1958254748741N11950083WA0236502368
B1958264748745N11950077WA0236702371
B1958274748748N11950070WA0237202375
B1958284748751N11950063WA0237302376
B1958294748753N11950054WA0237502378
B1958304748756N11950045WA0237602380
B1958314748759N11950037WA0238002383
B1958324748762N11950028WA0238302386
B1958334748765N11950021WA0238702389
B1958344748768N11950015WA0238802391
B1958354748770N11950007WA0239102393
B1958364748771N11949999WA0239202395
B1958374748772N11949991WA0239202396
B1958384748773N11949983WA0239402398
B1958394748773N11949975WA0239502399
B1958404748772N11949967WA0239702401
B1958414748773N11949958WA0240002404
B1958424748773N11949950WA0240302406
B1958434748772N11949942WA0240902409
B1958444748772N11949934WA0241202411
B1958454748772N11949926WA0241602414
B1958464748772N11949919WA0241802417
B1958474748772N11949910WA0242002419
B1958484748772N11949902WA0242202422
B1958494748772N11949893WA0242402424
B1958504748771N11949885WA0242602427
B1958514748771N11949876WA0242902429
B1958524748771N11949868WA0243002431
B1958534748771N11949859WA0243302433
B1958544748771N11949850WA0243502436
B1958554748772N11949842WA0243902439
B1958564748774N11949833WA0244102443
B1958574748776N11949825WA0244602447
B1958584748779N11949817WA0244802450
B1958594748781N11949809WA0245202454
B1959004748785N11949801WA0245402457
B1959014748790N11949795WA0245802460
B1959024748797N11949791WA0246002462
B1959034748804N11949790WA0246402464
B1959044748812N11949792WA0246502467
B1959054748819N11949796WA0246702470
B1959064748824N11949803WA0246902472
B1959074748826N11949810WA0247202473
B1959084748826N11949817WA0247402477
B1959094748823N11949821WA0247502479
B1959104748819N11949824WA0247502479
B1959114748815N11949824WA0247602481
B1959124748811N11949821WA0247702483
B1959134748808N11949815WA0248002486
B1959144748806N11949809WA0248302488
B1959154748805N11949803WA0248602491
B1959164748804N11949797WA0248902495
B1959174748803N11949790WA0249302498
B1959184748802N11949783WA0249402500
B1959194748802N11949775WA0249502502
B1959204748801N11949766WA0249702504
B1959214748801N11949758WA0250002506
B1959224748800N11949749WA0250202509
B1959234748799N11949741WA0250602512
B1959244748799N11949733WA0250802515
B1959254748798N11949725WA0251302518
B1959264748798N11949717WA0251402520
B1959274748797N11949709WA0251602521
B1959284748797N11949701WA0251602523
B1959294748798N11949692WA0251702524
B1959304748799N11949683WA0251802525
B1959314748800N11949675WA0252102527
B1959324748801N11949667WA0251102530
B1959334748802N11949659WA0252902532
B1959344748805N11949652WA0252502533
B1959354748807N11949643WA0252602535
B1959364748810N11949632WA0252502535
B1959374748812N11949621WA0252302536
B1959384748815N11949609WA0252302536
B1959394748818N11949597WA0252402536
B1959404748821N11949585WA0252302537
B1959414748823N11949574WA0252402537
B1959424748825N11949562WA0252402538
B1959434748827N11949551WA0252402538
B1959444748830N11949539WA0252402539
B1959454748833N11949527WA0252402539
B1959464748835N11949515WA0252402540
B1959474748838N11949503WA0252502540
B1959484748840N11949490WA0252402540
B1959494748843N11949477WA0252402540
B1959504748845N11949464WA0252402539
B1959514748847N11949451WA0252402539
B1959524748850N11949439WA0252402539
B1959534748852N11949426WA0252502539
B1959544748855N11949414WA0252502540
B1959554748857N11949401WA0252602540
B1959564748860N11949389WA0252702540
B1959574748862N11949376WA0252602540
B1959584748865N11949363WA0252702540
B1959594748867N11949351WA0252902540
B2000004748869N11949339WA0253002542
B2000014748871N11949327WA0253202542
B2000024748874N11949315WA0253202543
B2000034748876N11949303WA0253102542
B2000044748878N11949290WA0253002540
B2000054748880N11949277WA0252602538
B2000064748882N11949263WA0252502535
B2000074748883N11949249WA0252202533
B2000084748884N11949236WA0252202532
B2000094748885N11949223WA0252202532
B2000104748886N11949212WA0252302532
B2000114748887N11949202WA0252302532
B2000124748888N11949191WA0252202531
B2000134748890N11949180WA0252102529
B2000144748891N11949169WA0251902526
B2000154748893N11949156WA0251502523
B2000164748895N11949142WA0251302519
B2000174748897N11949129WA0251002517
B2000184748899N11949116WA0250902515
B2000194748902N11949104WA0250702514
B2000204748904N11949092WA0250502512
B2000214748906N11949080WA0250202509
B2000224748908N11949067WA0250002506
B2000234748910N11949054WA0249402501
B2000244748912N11949040WA0249102497
B2000254748913N11949026WA0248702493
B2000264748915N11949011WA0248402489
B2000274748915N11948996WA0248002485
B2000284748916N11948981WA0247702482
B2000294748915N11948966WA0247302479
B2000304748913N11948951WA0247202477
B2000314748911N11948937WA0247202476
B2000324748909N11948923WA0247202476
B2000334748907N11948910WA0247102476
B2000344748905N11948897WA0247002474
B2000354748904N11948884WA0246802472
B2000364748903N11948870WA0246602469
B2000374748901N11948855WA0246102466
B2000384748900N11948841WA0246002463
B2000394748900N11948826WA0245802461
B2000404748899N11948811WA0245702460
B2000414748899N11948797WA0245502458
B2000424748899N11948782WA0245402456
B2000434748899N11948768WA0245102454
B2000444748899N11948753WA0245002451
B2000454748900N11948738WA0244702449
B2000464748901N11948723WA0244402446
B2000474748903N11948707WA0244202444
B2000484748905N11948692WA0244002442
B2000494748906N11948677WA0243902440
B2000504748908N11948662WA0243802439
B2000514748909N11948647WA0243602438
B2000524748910N11948632WA0243502436
B2000534748912N11948618WA0243302434
B2000544748913N11948603WA0243202433
B2000554748914N11948588WA0242902431
B2000564748915N11948573WA0242802428
B2000574748916N11948558WA0242302426
B2000584748918N11948543WA0242202423
B2000594748919N11948527WA0242002421
B2001004748920N11948512WA0241802419
B2001014748921N11948497WA0241602418
B2001024748923N11948482WA0241602416
B2001034748924N11948467WA0241402415
B2001044748926N11948453WA0241302414
B2001054748927N11948439WA0241102413
B2001064748928N11948425WA0241002411
B2001074748929N11948411WA0240602409
B2001084748930N11948397WA0240502407
B2001094748932N11948383WA0240202405
B2001104748934N11948368WA0240102403
B2001114748936N11948354WA0239902401
B2001124748938N11948340WA0239802400
B2001134748940N11948326WA0239702399
B2001144748942N11948312WA0239602398
B2001154748944N11948298WA0239402396
B2001164748947N11948284WA0239302394
B2001174748949N11948270WA0239102392
B2001184748952N11948255WA0238802390
B2001194748954N11948241WA0238602388
B2001204748957N11948226WA0238402386
B2001214748959N11948212WA0238302385
B2001224748961N11948198WA0238202384
B2001234748963N11948184WA0238002383
B2001244748965N11948171WA0237902382
B2001254748967N11948157WA0237602379
B2001264748969N11948143WA0237302376
B2001274748971N11948128WA0236802373
B2001284748972N11948113WA0236602370
B2001294748974N11948098WA0236402368
B2001304748975N11948082WA0236202366
B2001314748976N11948068WA0236102365
B2001324748977N11948053WA0236102364
B2001334748978N11948039WA0236002363
B2001344748979N11948025WA0235802362
B2001354748980N11948010WA0235602360
B2001364748980N11947995WA0235502358
B2001374748981N11947980WA0235202355
B2001384748981N11947965WA0235102353
B2001394748982N11947950WA0234902352
B2001404748983N11947935WA0234702350
B2001414748984N11947921WA0234502349
B2001424748985N11947907WA0234402347
B2001434748986N11947893WA0234302346
B2001444748987N11947878WA0234102343
B2001454748988N11947864WA0233902341
B2001464748989N11947849WA0233802339
B2001474748990N11947834WA0233502337
B2001484748991N11947819WA0233402335
B2001494748992N11947804WA0233202334
B2001504748993N11947789WA0233102332
B2001514748994N11947774WA0233002331
B2001524748995N11947759WA0232902330
B2001534748996N11947745WA0232802329
B2001544748997N11947731WA0232502327
B2001554748997N11947716WA0232302326
B2001564748998N11947702WA0232202324
B2001574748999N11947687WA0232102323
B2001584749000N11947672WA0232002322
B2001594749001N11947658WA0231902321
B2002004749002N11947644WA0231902320
B2002014749003N11947630WA0231802319
B2002024749005N11947617WA0231602318
B2002034749007N11947604WA0231502316
B2002044749009N11947590WA0231402315
B2002054749011N11947577WA0231202313
B2002064749012N11947564WA0231002311
B2002074749014N11947551WA0230802309
B2002084749016N11947538WA0230702307
B2002094749018N11947524WA0230502306
B2002104749020N11947511WA0230502305
B2002114749022N11947498WA0230302305
B2002124749024N11947484WA0230202304
B2002134749026N11947471WA0230102303
B2002144749027N11947457WA0229902301
B2002154749029N11947442WA0229702299
B2002164749030N11947428WA0229602297
B2002174749031N11947413WA0229402295
B2002184749033N11947399WA0229302294
B2002194749034N11947385WA0229102292
B2002204749035N11947371WA0228902290
B2002214749037N11947357WA0228602288
B2002224749038N11947343WA0228502286
B2002234749039N11947329WA0228302284
B2002244749041N11947315WA0228202283
B2002254749042N11947303WA0228202283
B2002264749045N11947290WA0228102282
B2002274749047N11947278WA0227902281
B2002284749050N11947266WA0227702280
B2002294749053N11947254WA0227502278
B2002304749055N11947241WA0227302275
B2002314749058N11947228WA0227002272
B2002324749061N11947215WA0226902270
B2002334749064N11947202WA0226602268
B2002344749067N11947189WA0226502266
B2002354749070N11947177WA0226402266
B2002364749072N11947165WA0226402266
B2002374749075N11947153WA0226402266
B2002384749077N11947142WA0226402266
B2002394749079N11947131WA0226302265
B2002404749081N11947119WA0226102263
B2002414749084N11947106WA0225702260
B2002424749086N11947091WA0225302256
B2002434749089N11947076WA0224902253
B2002444749091N11947061WA0224802251
B2002454749093N11947047WA0224802251
B2002464749094N11947034WA0224902252
B2002474749096N11947022WA0224902253
B2002484749098N11947011WA0224902252
B2002494749100N11946998WA0224702250
B2002504749102N11946985WA0224402247
B2002514749104N11946971WA0224002243
B2002524749106N11946956WA0223802241
B2002534749108N11946941WA0223702239
B2002544749110N11946927WA0223602238
B2002554749113N11946914WA0223502238
B2002564749115N11946900WA0223402237
B2002574749116N11946888WA0223302236
B2002584749118N11946875WA0223202234
B2002594749120N11946861WA0222902232
B2003004749121N11946847WA0222502229
B2003014749123N11946833WA0222202226
B2003024749125N11946817WA0221902224
B2003034749126N11946802WA0221702221
B2003044749128N11946787WA0221702220
B2003054749129N11946772WA0221602220
B2003064749132N11946758WA0221602220
B2003074749134N11946746WA0221702221
B2003084749137N11946734WA0221702221
B2003094749141N11946722WA0221602221
B2003104749145N11946710WA0221502219
B2003114749150N11946698WA0221302217
B2003124749154N11946685WA0221102215
B2003134749158N11946672WA0220802213
B2003144749161N11946658WA0220602211
B2003154749164N11946644WA0220402209
B2003164749167N11946630WA0220202207
B2003174749170N11946616WA0220002205
B2003184749172N11946601WA0219902203
B2003194749175N11946587WA0219602202
B2003204749177N11946573WA0219402200
B2003214749179N11946559WA0219202198
B2003224749182N11946545WA0219002196
B2003234749184N11946530WA0218702193
B2003244749187N11946515WA0218502190
B2003254749190N11946499WA0218202188
B2003264749192N11946484WA0218002186
B2003274749195N11946468WA0217902184
B2003284749197N11946453WA0217802184
B2003294749200N11946439WA0217702183
B2003304749202N11946425WA0217702182
B2003314749205N11946411WA0217402180
B2003324749207N11946396WA0217202177
B2003334749210N11946381WA0216802174
B2003344749213N11946366WA0216602171
B2003354749216N11946351WA0216202169
B2003364749221N11946336WA0216002167
B2003374749225N11946322WA0215902165
B2003384749230N11946309WA0215802164
B2003394749234N11946296WA0215702164
B2003404749238N11946284WA0215602162
B2003414749243N11946272WA0215402161
B2003424749247N11946259WA0215302160
B2003434749251N11946246WA0215002158
B2003444749255N11946232WA0214802155
B2003454749260N11946218WA0214402152
B2003464749265N11946204WA0214302149
B2003474749269N11946189WA0214102147
B2003484749273N11946175WA0214002146
B2003494749277N11946161WA0213902145
B2003504749281N11946147WA0213802144
B2003514749286N11946134WA0213702144
B2003524749289N11946120WA0213602143
B2003534749293N11946107WA0213502142
B2003544749296N11946093WA0213302139
B2003554749298N11946079WA0213002137
B2003564749300N11946064WA0212702135
B2003574749302N11946049WA0212602133
B2003584749302N11946035WA0212502132
B2003594749303N11946020WA0212402132
B2004004749303N11946006WA0212302131
B2004014749303N11945992WA0212102129
B2004024749302N11945977WA0212002127
B2004034749301N11945962WA0211802125
B2004044749300N11945947WA0211602123
B2004054749299N11945932WA0211502122
B2004064749298N11945917WA0211502122
B2004074749297N11945903WA0211402122
B2004084749296N11945889WA0211402122
B2004094749295N11945875WA0211302121
B2004104749294N11945861WA0211202120
B2004114749293N11945847WA0211102118
B2004124749293N11945833WA0210902116
B2004134749293N11945818WA0210602114
B2004144749292N11945803WA0210502112
B2004154749292N11945788WA0210302110
B2004164749292N11945773WA0210202109
B2004174749292N11945758WA0210102107
B2004184749292N11945743WA0209902106
B2004194749292N11945728WA0209802105
B2004204749292N11945714WA0209602103
B2004214749292N11945699WA0209502101
B2004224749292N11945684WA0209202099
B2004234749291N11945669WA0209002098
B2004244749291N11945655WA0208802096
B2004254749291N11945641WA0208702094
B2004264749291N11945627WA0208402092
B2004274749291N11945612WA0208102090
B2004284749291N11945598WA0208002088
B2004294749290N11945584WA0207802086
B2004304749290N11945570WA0207502084
B2004314749288N11945557WA0207302082
B2004324749285N11945546WA0207202080
B2004334749281N11945536WA0207002079
B2004344749276N11945528WA0206802077
B2004354749270N11945520WA0206602075
B2004364749266N11945512WA0206502073
B2004374749261N11945504WA0206202070
B2004384749256N11945496WA0205902067
B2004394749250N11945488WA0205502063
B2004404749245N11945479WA0205202059
B2004414749239N11945470WA0204802055
B2004424749233N11945461WA0204502052
B2004434749228N11945451WA0204202049
B2004444749223N11945442WA0204102046
B2004454749218N11945432WA0203802044
B2004464749213N11945422WA0203602042
B2004474749209N11945412WA0203202040
B2004484749206N11945402WA0203102037
B2004494749203N11945391WA0202902035
B2004504749200N11945379WA0202602032
B2004514749198N11945368WA0202302028
B2004524749196N11945356WA0202002025
B2004534749195N11945343WA0201502021
B2004544749194N11945329WA0201202017
B2004554749193N11945316WA0200902014
B2004564749192N11945302WA0200602012
B2004574749191N11945289WA0200402009
B2004584749190N11945277WA0200302008
B2004594749189N11945265WA0200502010
B2005004749189N11945255WA0200902013
B2005014749188N11945247WA0201402017
B2005024749188N11945240WA0201702021
B2005034749188N11945232WA0201902023
B2005044749187N11945225WA0202002024
B2005054749187N11945216WA0202102025
B2005064749186N11945207WA0202102025
B2005074749185N11945197WA0202102025
B2005084749184N11945188WA0202202026
B2005094749183N11945178WA0202302027
B2005104749182N11945169WA0202302027
B2005114749181N11945160WA0202302027
B2005124749180N11945151WA0202102026
B2005134749179N11945142WA0202002024
B2005144749177N11945131WA0201702021
B2005154749175N11945119WA0201402018
B2005164749174N11945107WA0201302017
B2005174749172N11945095WA0201202017
B2005184749171N11945085WA0201202017
B2005194749170N11945076WA0201302018
B2005204749168N11945067WA0201402019
B2005214749168N11945057WA0201402019
B2005224749167N11945046WA0201402018
B2005234749167N11945035WA0201302017
B2005244749167N11945023WA0201302017
B2005254749167N11945012WA0201302017
B2005264749167N11945001WA0201402018
B2005274749167N11944991WA0201402019
B2005284749169N11944981WA0201402019
B2005294749170N11944970WA0201402019
B2005304749172N11944958WA0201302017
B2005314749173N11944945WA0201202016
B2005324749174N11944933WA0201302018
B2005334749176N11944923WA0201502021
B2005344749177N11944913WA0202002024
B2005354749179N11944903WA0202202027
B2005364749181N11944894WA0202602030
B2005374749183N11944884WA0202802033
B2005384749186N11944875WA0203202036
B2005394749188N11944867WA0203502038
B2005404749191N11944858WA0203702040
B2005414749193N11944848WA0203802041
B2005424749196N11944839WA0204002042
B2005434749197N11944828WA0204102043
B2005444749199N11944818WA0204202044
B2005454749200N11944808WA0204302046
B2005464749202N11944799WA0204602048
B2005474749204N11944789WA0204902052
B2005484749205N11944781WA0205302055
B2005494749207N11944773WA0205502058
B2005504749208N11944766WA0205802060
B2005514749210N11944758WA0206102063
B2005524749212N11944749WA0206202066
B2005534749214N11944742WA0206502068
B2005544749217N11944735WA0207002072
B2005554749219N11944730WA0207302076
B2005564749222N11944725WA0207702079
B2005574749225N11944720WA0207902081
B2005584749230N11944714WA0208002082
B2005594749235N11944709WA0208102084
B2006004749241N11944707WA0208302086
B2006014749247N11944707WA0208302088
B2006024749254N11944710WA0209002090
B2006034749261N11944715WA0209102092
B2006044749267N11944722WA0209402094
B2006054749272N11944729WA0209802097
B2006064749275N11944737WA0210202101
B2006074749277N11944745WA0210402104
B2006084749278N11944755WA0210802106
B2006094749276N11944764WA0211202108
B2006104749274N11944772WA0211302109
B2006114749270N11944777WA0211502112
B2006124749265N11944778WA0212102115
B2006134749260N11944776WA0212202118
B2006144749257N11944771WA0212602121
B2006154749255N11944764WA0213002123
B2006164749256N11944757WA0213402126
B2006174749259N11944751WA0213702130
B2006184749265N11944748WA0214102133
B2006194749271N11944749WA0214302136
B2006204749277N11944754WA0214702138
B2006214749281N11944763WA0214802139
B2006224749281N11944773WA0215002140
B2006234749279N11944783WA0215302143
B2006244749275N11944790WA0215502145
B2006254749270N11944795WA0215802149
B2006264749265N11944797WA0216402154
B2006274749261N11944796WA0216702158
B2006284749258N11944793WA0217302162
B2006294749256N11944788WA0217402165
B2006304749256N11944782WA0217702167
B2006314749256N11944775WA0217902170
B2006324749259N11944769WA0218202174
B2006334749263N11944765WA0218502177
B2006344749269N11944763WA0218602180
B2006354749276N11944764WA0218902184
B2006364749281N11944768WA0219402186
B2006374749286N11944774WA0219802189
B2006384749289N11944782WA0220102191
B2006394749290N11944792WA0220302193
B2006404749289N11944801WA0220502194
B2006414749285N11944809WA0220802196
B2006424749281N11944814WA0221202201
B2006434749277N11944816WA0221402210
B2006444749274N11944816WA0222002212
B2006454749270N11944815WA0222502217
B2006464749266N11944813WA0222602220
B2006474749262N11944808WA0222602221
B2006484749259N11944802WA0222902224
B2006494749256N11944796WA0223102227
B2006504749255N11944790WA0223502230
B2006514749255N11944784WA0223902234
B2006524749257N11944777WA0224002236
B2006534749260N11944770WA0224202238
B2006544749263N11944764WA0224302239
B2006554749268N11944758WA0224402241
B2006564749272N11944753WA0224602244
B2006574749277N11944750WA0224702246
B2006584749282N11944748WA0224802248
B2006594749287N11944748WA0225102249
B2007004749293N11944751WA0225202250
B2007014749299N11944755WA0225002252
B2007024749304N11944762WA0225302253
B2007034749309N11944769WA0225702254
B2007044749313N11944776WA0226002257
B2007054749316N11944783WA0226202260
B2007064749319N11944792WA0226402264
B2007074749320N11944802WA0226602266
B2007084749320N11944812WA0226802269
B2007094749319N11944821WA0226902271
B2007104749318N11944827WA0227602274
B2007114749315N11944832WA0227702278
B2007124749311N11944833WA0228102282
B2007134749306N11944831WA0228202284
B2007144749301N11944828WA0228302285
B2007154749297N11944824WA0228402289
B2007164749294N11944819WA0228802294
B2007174749293N11944814WA0229102298
B2007184749293N11944808WA0229302302
B2007194749296N11944804WA0229502304
B2007204749303N11944800WA0229502304
B2007214749310N11944798WA0229702302
B2007224749316N11944799WA0229902301
B2007234749322N11944802WA0229502301
B2007244749326N11944808WA0230702303
B2007254749329N11944815WA0230802306
B2007264749331N11944823WA0230602306
B2007274749331N11944832WA0230902307
B2007284749330N11944839WA0230902305
B2007294749328N11944846WA0231002302
B2007304749324N11944851WA0231102301
B2007314749319N11944851WA0231202304
B2007324749315N11944852WA0231402305
B2007334749311N11944852WA0231802306
B2007344749307N11944852WA0231802310
B2007354749303N11944851WA0231902311
B2007364749299N11944847WA0232102310
B2007374749295N11944842WA0232202311
B2007384749291N11944837WA0232402319
B2007394749289N11944831WA0232802329
B2007404749286N11944825WA0233102334
B2007414749284N11944820WA0233402336
B2007424749280N11944815WA0233602337
B2007434749276N11944810WA0233702338
B2007444749272N11944805WA0233802340
B2007454749268N11944800WA0234002341
B2007464749265N11944794WA0234102342
B2007474749261N11944787WA0234102342
B2007484749258N11944780WA0231102341
B2007494749256N11944773WA0235402341
B2007504749253N11944764WA0234102340
B2007514749251N11944752WA0233802340
B2007524749249N11944740WA0233402332
B2007534749247N11944727WA0233302327
B2007544749245N11944713WA0233102324
B2007554749243N11944700WA0233102324
B2007564749241N11944687WA0233102325
B2007574749240N11944674WA0233202327
B2007584749239N11944663WA0233502330
B2007594749239N11944652WA0233602332
B2008004749240N11944641WA0233902335
B2008014749242N11944631WA0234002337
B2008024749244N11944620WA0234202339
B2008034749246N11944609WA0234302340
B2008044749249N11944599WA0234402341
B2008054749252N11944590WA0234602343
B2008064749255N11944581WA0234702345
B2008074749258N11944572WA0234902346
B2008084749262N11944563WA0234902346
B2008094749265N11944553WA0234902346
B2008104749268N11944543WA0234902347
B2008114749271N11944533WA0234902347
B2008124749273N11944523WA0235002348
B2008134749276N11944513WA0235102349
B2008144749279N11944504WA0235002349
B2008154749281N11944494WA0235002349
B2008164749284N11944483WA0234902348
B2008174749286N11944471WA0234602346
B2008184749288N11944458WA0234502345
B2008194749290N11944446WA0234402345
B2008204749293N11944434WA0234602346
B2008214749295N11944423WA0234702348
B2008224749297N11944413WA0234902349
B2008234749299N11944402WA0235002349
B2008244749300N11944391WA0235002349
B2008254749302N11944379WA0235002349
B2008264749303N11944367WA0235102350
B2008274749304N11944356WA0235102351
B2008284749305N11944345WA0235102351
B2008294749306N11944335WA0235102351
B2008304749307N11944325WA0234902349
B2008314749308N11944315WA0234502347
B2008324749309N11944303WA0234102343
B2008334749309N11944291WA0233802339
B2008344749308N11944278WA0233302335
B2008354749306N11944265WA0233002332
B2008364749304N11944252WA0232702329
B2008374749302N11944239WA0232402325
B2008384749300N11944226WA0232002321
B2008394749297N11944213WA0231802318
B2008404749294N11944201WA0231502317
B2008414749292N11944188WA0231302315
B2008424749290N11944176WA0231202314
B2008434749288N11944164WA0231102312
B2008444749287N11944152WA0230902311
B2008454749286N11944140WA0230902309
B2008464749284N11944128WA0230702308
B2008474749282N11944116WA0230602306
B2008484749280N11944103WA0230502305
B2008494749278N11944090WA0230502305
B2008504749277N11944079WA0230702307
B2008514749277N11944069WA0230802308
B2008524749277N11944059WA0231002310
B2008534749278N11944049WA0231002310
B2008544749279N11944039WA0231002309
B2008554749279N11944028WA0230802307
B2008564749278N11944016WA0230302303
B2008574749278N11944004WA0230002299
B2008584749277N11943991WA0229602296
B2008594749276N11943979WA0229502294
B2009004749276N11943967WA0229302292
B2009014749275N11943955WA0229102291
B2009024749276N11943943WA0228902288
B2009034749276N11943930WA0228702285
B2009044749276N11943918WA0228402282
B2009054749277N11943905WA0228202279
B2009064749277N11943892WA0227902278
B2009074749277N11943880WA0227802277
B2009084749277N11943868WA0227802278
B2009094749277N11943858WA0227802278
B2009104749277N11943848WA0227602277
B2009114749278N11943838WA0227502274
B2009124749278N11943827WA0227002270
B2009134749278N11943814WA0226602266
B2009144749278N11943800WA0226202262
B2009154749278N11943786WA0226002260
B2009164749278N11943773WA0225902258
B2009174749278N11943761WA0225702257
B2009184749279N11943748WA0225502255
B2009194749279N11943736WA0225302252
B2009204749278N11943723WA0224902249
B2009214749278N11943709WA0224702246
B2009224749277N11943695WA0224302243
B2009234749277N11943682WA0224102241
B2009244749277N11943668WA0223802238
B2009254749276N11943654WA0223702236
B2009264749275N11943641WA0223302234
B2009274749273N11943628WA0223202232
B2009284749272N11943615WA0222902229
B2009294749271N11943601WA0222502225
B2009304749270N11943587WA0222102221
B2009314749270N11943573WA0221802217
B2009324749270N11943560WA0221402214
B2009334749269N11943546WA0221102211
B2009344749269N11943533WA0220802208
B2009354749268N11943520WA0220502205
B2009364749267N11943508WA0220102202
B2009374749266N11943495WA0219902198
B2009384749265N11943483WA0219302195
B2009394749264N11943470WA0219002191
B2009404749262N11943458WA0218602187
B2009414749261N11943445WA0218302184
B2009424749259N11943433WA0217902181
B2009434749257N11943421WA0217602178
B2009444749256N11943408WA0217302175
B2009454749255N11943396WA0217102172
B2009464749254N11943384WA0216802170
B2009474749253N11943372WA0216602168
B2009484749252N11943360WA0216202165
B2009494749252N11943348WA0215902162
B2009504749251N11943335WA0215502158
B2009514749250N11943322WA0215102153
B2009524749250N11943307WA0214602148
B2009534749250N11943293WA0214202144
B2009544749251N11943278WA0213802141
B2009554749252N11943264WA0213602137
B2009564749253N11943249WA0213202134
B2009574749255N11943235WA0213002131
B2009584749255N11943221WA0212502127
B2009594749255N11943207WA0212102123
B2010004749255N11943192WA0211702118
B2010014749254N11943178WA0211302114
B2010024749253N11943164WA0210802110
B2010034749250N11943150WA0210502106
B2010044749248N11943137WA0210002102
B2010054749245N11943123WA0209602097
B2010064749242N11943109WA0209102092
B2010074749239N11943094WA0208702087
B2010084749236N11943079WA0208102083
B2010094749234N11943064WA0207902079
B2010104749231N11943050WA0207502076
B2010114749229N11943036WA0207302074
B2010124749226N11943023WA0206902071
B2010134749223N11943009WA0206702067
B2010144749220N11942996WA0206402064
B2010154749217N11942982WA0206002060
B2010164749214N11942969WA0205602057
B2010174749210N11942957WA0205302053
B2010184749206N11942945WA0204702049
B2010194749202N11942932WA0204502045
B2010204749197N11942921WA0203902040
B2010214749192N11942909WA0203602037
B2010224749187N11942898WA0203102033
B2010234749182N11942887WA0202702029
B2010244749176N11942877WA0202302025
B2010254749170N11942866WA0202002021
B2010264749165N11942856WA0201502017
B2010274749159N11942846WA0201202013
B2010284749153N11942836WA0200702010
B2010294749147N11942827WA0200402006
B2010304749140N11942818WA0200002002
B2010314749134N11942810WA0199701998
B2010324749128N11942801WA0199201994
B2010334749122N11942793WA0199001991
B2010344749116N11942785WA0198601988
B2010354749109N11942777WA0198301985
B2010364749103N11942770WA0197901982
B2010374749097N11942762WA0197701978
B2010384749091N11942754WA0197101974
B2010394749085N11942746WA0196801969
B2010404749079N11942737WA0196301965
B2010414749072N11942728WA0196001962
B2010424749066N11942719WA0195501958
B2010434749060N11942710WA0195301954
B2010444749054N11942701WA0194701950
B2010454749048N11942691WA0194301946
B2010464749041N11942681WA0193801941
B2010474749034N11942671WA0193401936
B2010484749028N11942661WA0193001932
B2010494749021N11942651WA0192701929
B2010504749014N11942641WA0192401926
B2010514749008N11942632WA0192101923
B2010524749001N11942623WA0191601919
B2010534748995N11942613WA0191301914
B2010544748989N11942603WA0190801910
B2010554748983N11942593WA0190401905
B2010564748976N11942584WA0189901901
B2010574748970N11942574WA0189601897
B2010584748964N11942565WA0189101893
B2010594748958N11942555WA0188801888
B2011004748952N11942544WA0188201884
B2011014748945N11942533WA0187901879
B2011024748938N11942521WA0187601877
B2011034748933N11942511WA0187601878
B2011044748928N11942502WA0187801879
B2011054748923N11942494WA0187901880
B2011064748919N11942487WA0187901880
B2011074748916N11942478WA0187801880
B2011084748912N11942468WA0187901879
B2011094748908N11942458WA0187901879
B2011104748903N11942449WA0187801879
B2011114748899N11942440WA0188001882
B2011124748894N11942431WA0188401885
B2011134748890N11942422WA0188601888
B2011144748885N11942413WA0189001890
B2011154748880N11942404WA0189201892
B2011164748875N11942395WA0189401895
B2011174748870N11942386WA0189701898
B2011184748865N11942377WA0190101901
B2011194748860N11942368WA0190301904
B2011204748855N11942360WA0190601906
B2011214748850N11942351WA0190801908
B2011224748845N11942343WA0191001910
B2011234748840N11942335WA0191201913
B2011244748834N11942327WA0191701916
B2011254748829N11942319WA0192201921
B2011264748825N11942312WA0193101928
B2011274748821N11942306WA0193701935
B2011284748817N11942301WA0194401942
B2011294748812N11942295WA0194701946
B2011304748807N11942289WA0195001949
B2011314748801N11942283WA0195001951
B2011324748794N11942277WA0195001952
B2011334748788N11942271WA0195101954
B2011344748781N11942266WA0195701958
B2011354748775N11942261WA0196101963
B2011364748770N11942257WA0196801969
B2011374748765N11942254WA0197201975
B2011384748761N11942250WA0195601980
B2011394748756N11942246WA0199101984
B2011404748751N11942242WA0198501988
B2011414748747N11942237WA0198601992
B2011424748745N11942231WA0199001997
B2011434748743N11942222WA0199302001
B2011444748743N11942211WA0199402004
B2011454748745N11942199WA0199502004
B2011464748751N11942189WA0199802007
B2011474748758N11942182WA0200102012
B2011484748765N11942180WA0200502012
B2011494748772N11942182WA0200502015
B2011504748779N11942186WA0200402016
B2011514748784N11942192WA0200602018
B2011524748788N11942199WA0200902019
B2011534748792N11942206WA0201002022
B2011544748795N11942213WA0201502025
B2011554748799N11942220WA0201702028
B2011564748802N11942227WA0202102030
B2011574748804N11942235WA0202302032
B2011584748807N11942243WA0202602035
B2011594748810N11942251WA0202902040
B2012004748812N11942259WA0203502044
B2012014748813N11942267WA0203802048
B2012024748813N11942275WA0204202051
B2012034748811N11942283WA0204402053
B2012044748809N11942291WA0204702055
B2012054748806N11942297WA0204902057
B2012064748802N11942302WA0205202059
B2012074748797N11942306WA0205402063
B2012084748792N11942307WA0206102069
B2012094748789N11942307WA0206502074
B2012104748786N11942306WA0207102079
B2012114748782N11942304WA0207402082
B2012124748778N11942300WA0207702084
B2012134748775N11942295WA0208002088
B2012144748772N11942288WA0208702092
B2012154748771N11942279WA0209102098
B2012164748773N11942269WA0209802102
B2012174748778N11942258WA0210202106
B2012184748785N11942250WA0210602111
B2012194748794N11942245WA0211002116
B2012204748802N11942246WA0211702121
B2012214748808N11942251WA0212202127
B2012224748812N11942258WA0212702131
B2012234748813N11942266WA0213202134
B2012244748811N11942272WA0213602136
B2012254748807N11942274WA0213902139
B2012264748802N11942272WA0214302142
B2012274748799N11942266WA0214602146
B2012284748797N11942259WA0215202152
B2012294748796N11942250WA0215602158
B2012304748796N11942241WA0216202163
B2012314748798N11942231WA0216702168
B2012324748801N11942221WA0217302172
B2012334748806N11942212WA0217702178
B2012344748813N11942205WA0218402184
B2012354748820N11942201WA0218802189
B2012364748827N11942201WA0219402194
B2012374748833N11942206WA0219602198
B2012384748837N11942212WA0220102201
B2012394748839N11942220WA0220302204
B2012404748839N11942227WA0220702207
B2012414748838N11942234WA0221002210
B2012424748836N11942239WA0221502214
B2012434748834N11942242WA0221902218
B2012444748831N11942242WA0222402222
B2012454748828N11942239WA0222802226
B2012464748825N11942233WA0223102229
B2012474748823N11942225WA0223402232
B2012484748823N11942214WA0223802236
B2012494748824N11942204WA0224202242
B2012504748826N11942194WA0224802248
B2012514748830N11942185WA0225202253
B2012524748835N11942178WA0225902259
B2012534748842N11942173WA0226302263
B2012544748849N11942170WA0226702267
B2012554748856N11942171WA0227002271
B2012564748862N11942174WA0227602275
B2012574748867N11942178WA0227802279
B2012584748872N11942184WA0228202283
B2012594748876N11942191WA0228302286
B2013004748877N11942200WA0228502288
B2013014748876N11942208WA0228602289
B2013024748873N11942216WA0228802291
B2013034748869N11942221WA0229102294
B2013044748864N11942223WA0229502298
B2013054748861N11942221WA0229802303
B2013064748857N11942217WA0230202306
B2013074748855N11942211WA0230602308
B2013084748852N11942203WA0230902311
B2013094748851N11942194WA0231102314
B2013104748850N11942184WA0231502317
B2013114748848N11942175WA0231802321
B2013124748847N11942166WA0232302326
B2013134748846N11942158WA0232802331
B2013144748846N11942151WA0233402336
B2013154748846N11942143WA0233702340
B2013164748849N11942135WA0234002343
B2013174748854N11942128WA0234202345
B2013184748861N11942121WA0234302347
B2013194748869N11942118WA0234402349
B2013204748877N11942116WA0234702352
B2013214748884N11942116WA0235202356
B2013224748889N11942120WA0235602361
B2013234748893N11942126WA0235802362
B2013244748894N11942134WA0236002365
B2013254748893N11942141WA0236102367
B2013264748890N11942147WA0236302368
B2013274748885N11942149WA0236502370
B2013284748880N11942148WA0236802372
B2013294748876N11942144WA0237202376
B2013304748873N11942139WA0237802381
B2013314748872N11942133WA0238202386
B2013324748870N11942127WA0238702391
B2013334748869N11942120WA0239002394
B2013344748868N11942111WA0239202395
B2013354748868N11942101WA0239402397
B2013364748869N11942090WA0239802402
B2013374748872N11942081WA0240202406
B2013384748877N11942072WA0240602410
B2013394748884N11942066WA0240902413
B2013404748892N11942063WA0241202416
B2013414748900N11942064WA0241402419
B2013424748907N11942069WA0241702422
B2013434748912N11942074WA0241902424
B2013444748915N11942081WA0242202427
B2013454748918N11942087WA0242502431
B2013464748920N11942093WA0242902434
B2013474748920N11942101WA0243102436
B2013484748919N11942107WA0243402439
B2013494748917N11942112WA0243802442
B2013504748915N11942115WA0244202446
B2013514748913N11942118WA0244602449
B2013524748909N11942120WA0245002452
B2013534748905N11942120WA0245202454
B2013544748900N11942117WA0245502457
B2013554748896N11942112WA0245802460
B2013564748893N11942105WA0246102464
B2013574748892N11942097WA0246502467
B2013584748890N11942088WA0246902470
B2013594748889N11942078WA0247102474
B2014004748889N11942067WA0247502478
B2014014748891N11942057WA0247802481
B2014024748894N11942047WA0248302485
B2014034748900N11942038WA0248502487
B2014044748907N11942032WA0248802489
B2014054748915N11942029WA0248902492
B2014064748923N11942031WA0249302494
B2014074748928N11942036WA0249702497
B2014084748932N11942042WA0250102501
B2014094748935N11942047WA0250302505
B2014104748936N11942054WA0250702508
B2014114748936N11942060WA0250902511
B2014124748934N11942065WA0251302513
B2014134748929N11942067WA0251502515
B2014144748924N11942063WA0251802517
B2014154748920N11942053WA0251902520
B2014164748918N11942041WA0252202522
B2014174748919N11942029WA0252402526
B2014184748922N11942017WA0252902529
B2014194748927N11942009WA0253202533
B2014204748933N11942003WA0253602537
B2014214748940N11942000WA0253702539
B2014224748948N11942000WA0253802541
B2014234748955N11942002WA0253902542
B2014244748961N11942007WA0254202544
B2014254748965N11942013WA0254502547
B2014264748968N11942019WA0254702549
B2014274748970N11942026WA0254902550
B2014284748972N11942033WA0255002551
B2014294748973N11942042WA0255002552
B2014304748974N11942051WA0255202553
B2014314748975N11942060WA0255502555
B2014324748976N11942067WA0256002560
B2014334748976N11942073WA0256302564
B2014344748976N11942078WA0256602566
B2014354748975N11942085WA0256802569
B2014364748974N11942093WA0257002570
B2014374748973N11942101WA0257102573
B2014384748973N11942109WA0257602576
B2014394748973N11942116WA0257902580
B2014404748973N11942124WA0258402583
B2014414748972N11942131WA0258602586
B2014424748970N11942137WA0258902588
B2014434748967N11942142WA0259002589
B2014444748961N11942144WA0259202591
B2014454748955N11942143WA0259402592
B2014464748950N11942138WA0259702595
B2014474748945N11942132WA0260002599
B2014484748943N11942123WA0260702605
B2014494748943N11942114WA0261102610
B2014504748947N11942104WA0261402612
B2014514748954N11942096WA0261702613
B2014524748961N11942092WA0262002616
B2014534748968N11942093WA0262302621
B2014544748973N11942097WA0263202627
B2014554748976N11942105WA0263502631
B2014564748975N11942113WA0263902634
B2014574748972N11942120WA0264302638
B2014584748967N11942124WA0264702641
B2014594748961N11942124WA0265002647
B2015004748956N11942120WA0265702652
B2015014748952N11942113WA0266002658
B2015024748951N11942104WA0266402662
B2015034748951N11942093WA0266702665
B2015044748954N11942084WA0267302668
B2015054748959N11942076WA0267602673
B2015064748965N11942071WA0268202677
B2015074748971N11942071WA0268502682
B2015084748977N11942075WA0268902685
B2015094748982N11942081WA0269102688
B2015104748985N11942089WA0269702691
B2015114748985N11942097WA0270002696
B2015124748982N11942103WA0270502699
B2015134748976N11942107WA0270802701
B2015144748969N11942106WA0271002704
B2015154748964N11942100WA0271302708
B2015164748960N11942091WA0271902714
B2015174748959N11942082WA0272302721
B2015184748960N11942073WA0272902726
B2015194748962N11942064WA0273302730
B2015204748966N11942056WA0273702734
B2015214748972N11942050WA0274002737
B2015224748979N11942048WA0274302739
B2015234748986N11942050WA0274402741
B2015244748991N11942056WA0274702745
B2015254748994N11942064WA0275102748
B2015264748994N11942072WA0275602751
B2015274748990N11942079WA0275902754
B2015284748985N11942083WA0276202756
B2015294748978N11942082WA0276402760
B2015304748973N11942075WA0277002765
B2015314748971N11942066WA0277202770
B2015324748969N11942056WA0278102774
B2015334748970N11942046WA0278002778
B2015344748971N11942035WA0278702781
B2015354748972N11942023WA0278502783
B2015364748974N11942011WA0278602784
B2015374748975N11941999WA0278802785
B2015384748978N11941987WA0278802787
B2015394748980N11941975WA0279102789
B2015404748982N11941963WA0279102790
B2015414748984N11941951WA0279302792
B2015424748986N11941939WA0279602795
B2015434748988N11941927WA0279702796
B2015444748990N11941915WA0279702795
B2015454748992N11941901WA0279502790
B2015464748994N11941886WA0279302785
B2015474748995N11941870WA0279202782
B2015484748996N11941854WA0279002781
B2015494748998N11941838WA0279002780
B2015504748999N11941823WA0278802780
B2015514749001N11941807WA0278802779
B2015524749002N11941792WA0278702778
B2015534749004N11941777WA0278602777
B2015544749005N11941761WA0278402775
B2015554749005N11941745WA0278202773
B2015564749005N11941731WA0278002771
B2015574749005N11941716WA0277902770
B2015584749005N11941702WA0277502768
B2015594749005N11941689WA0277302765
B2016004749006N11941675WA0277002762
B2016014749005N11941660WA0276702758
B2016024749005N11941645WA0276102754
B2016034749005N11941629WA0275902752
B2016044749006N11941614WA0275702750
B2016054749005N11941600WA0275602749
B2016064749005N11941587WA0275702749
B2016074749005N11941575WA0275802750
B2016084749005N11941564WA0275902752
B2016094749005N11941554WA0275902751
B2016104749005N11941543WA0275702750
B2016114749005N11941531WA0275302747
B2016124749005N11941519WA0274902742
B2016134749006N11941505WA0274602739
B2016144749006N11941492WA0274502738
B2016154749006N11941481WA0274502739
B2016164749006N11941472WA0274702741
B2016174749006N11941463WA0274702741
B2016184749006N11941455WA0274502739
B2016194749006N11941445WA0274302736
B2016204749005N11941434WA0274002734
B2016214749006N11941424WA0273902733
B2016224749006N11941414WA0273702731
B2016234749007N11941404WA0273602729
B2016244749008N11941393WA0273402727
B2016254749008N11941382WA0273002723
B2016264749009N11941370WA0272702720
B2016274749009N11941358WA0272502717
B2016284749010N11941346WA0272202715
B2016294749011N11941335WA0272002713
B2016304749012N11941324WA0271702711
B2016314749013N11941313WA0271502707
B2016324749013N11941302WA0271102703
B2016334749014N11941289WA0270802699
B2016344749015N11941277WA0270302695
B2016354749015N11941265WA0270002692
B2016364749015N11941252WA0269502687
B2016374749016N11941239WA0269102683
B2016384749017N11941225WA0268802680
B2016394749019N11941211WA0268702680
B2016404749021N11941199WA0269002683
B2016414749022N11941190WA0269502688
B2016424749024N11941181WA0269902691
B2016434749025N11941172WA0269902692
B2016444749026N11941162WA0269902692
B2016454749028N11941151WA0269802691
B2016464749029N11941139WA0269602689
B2016474749030N11941126WA0269502688
B2016484749031N11941113WA0269302687
B2016494749032N11941101WA0269202686
B2016504749033N11941088WA0269102684
B2016514749034N11941076WA0268902682
B2016524749035N11941063WA0268702680
B2016534749035N11941051WA0268502678
B2016544749036N11941039WA0268202676
B2016554749036N11941027WA0268002674
B2016564749037N11941015WA0267702671
B2016574749038N11941003WA0267602670
B2016584749039N11940991WA0267802671
B2016594749040N11940981WA0267802673
B2017004749041N11940971WA0267902674
B2017014749041N11940962WA0268002674
B2017024749042N11940952WA0267802673
B2017034749043N11940941WA0267702671
B2017044749044N11940930WA0267502670
B2017054749046N11940919WA0267502669
B2017064749047N11940907WA0267302667
B2017074749048N11940896WA0267302667
B2017084749049N11940886WA0267402667
B2017094749050N11940875WA0267402668
B2017104749051N11940865WA0267302667
B2017114749051N11940854WA0267202665
B2017124749052N11940841WA0266902661
B2017134749053N11940827WA0266502659
B2017144749055N11940815WA0266502659
B2017154749056N11940804WA0266902662
B2017164749057N11940794WA0267202665
B2017174749058N11940785WA0267402668
B2017184749058N11940777WA0267402668
B2017194749059N11940767WA0267402667
B2017204749059N11940757WA0267102665
B2017214749059N11940746WA0267002663
B2017224749059N11940735WA0266702661
B2017234749059N11940724WA0266602660
B2017244749060N11940713WA0266502659
B2017254749060N11940703WA0266502660
B2017264749061N11940691WA0266402659
B2017274749062N11940680WA0266302657
B2017284749062N11940667WA0266002654
B2017294749063N11940654WA0265802651
B2017304749063N11940641WA0265602649
B2017314749064N11940628WA0265402649
B2017324749065N11940618WA0265602650
B2017334749067N11940608WA0265602651
B2017344749068N11940598WA0265602650
B2017354749069N11940588WA0265402648
B2017364749069N11940576WA0265102646
B2017374749070N11940565WA0265002644
B2017384749070N11940554WA0265102645
B2017394749071N11940543WA0265102646
B2017404749071N11940533WA0265302647
B2017414749072N11940523WA0265302648
B2017424749072N11940513WA0265302648
B2017434749073N11940503WA0265302647
B2017444749074N11940492WA0265002645
B2017454749075N11940480WA0264802642
B2017464749076N11940468WA0264602640
B2017474749077N11940456WA0264502639
B2017484749078N11940444WA0264502639
B2017494749079N11940433WA0264502640
B2017504749080N11940423WA0264402640
B2017514749081N11940411WA0264302638
B2017524749082N11940399WA0263902636
B2017534749083N11940386WA0263802633
B2017544749085N11940372WA0263502631
B2017554749087N11940360WA0263502632
B2017564749089N11940348WA0263602633
B2017574749091N11940338WA0263602634
B2017584749093N11940328WA0263602633
B2017594749094N11940317WA0263602632
B2018004749096N11940306WA0263302630
B2018014749098N11940293WA0263202628
B2018024749100N11940278WA0263002626
B2018034749101N11940264WA0262802625
B2018044749103N11940249WA0263002625
B2018054749104N11940236WA0263002626
B2018064749105N11940223WA0263102627
B2018074749107N11940211WA0263202628
B2018084749108N11940199WA0263302629
B2018094749110N11940187WA0263302629
B2018104749111N11940175WA0263302629
B2018114749113N11940161WA0263302628
B2018124749114N11940147WA0263102627
B2018134749116N11940133WA0263102627
B2018144749117N11940119WA0263202628
B2018154749119N11940105WA0263402630
B2018164749120N11940092WA0263502631
B2018174749121N11940079WA0263602631
B2018184749123N11940066WA0263602631
B2018194749124N11940052WA0263502630
B2018204749125N11940037WA0263302628
B2018214749126N11940022WA0263202626
B2018224749127N11940007WA0263102625
B2018234749128N11939993WA0263002624
B2018244749129N11939980WA0262802623
B2018254749130N11939967WA0262702623
B2018264749131N11939954WA0262502621
B2018274749132N11939941WA0262302619
B2018284749133N11939926WA0262002615
B2018294749134N11939911WA0261702612
B2018304749134N11939895WA0261202608
B2018314749135N11939880WA0261102607
B2018324749134N11939865WA0260902605
B2018334749134N11939852WA0260902605
B2018344749134N11939839WA0260802605
B2018354749135N11939827WA0260802604
B2018364749136N11939815WA0260802604
B2018374749137N11939804WA0260802604
B2018384749138N11939793WA0260702603
B2018394749139N11939782WA0260602602
B2018404749140N11939771WA0260402599
B2018414749142N11939760WA0260002596
B2018424749144N11939748WA0259602592
B2018434749145N11939735WA0259202587
B2018444749146N11939722WA0258502582
B2018454749147N11939708WA0258102576
B2018464749149N11939694WA0257502571
B2018474749150N11939679WA0257002566
B2018484749151N11939665WA0256502561
B2018494749152N11939650WA0256202557
B2018504749154N11939636WA0255602553
B2018514749156N11939622WA0255402551
B2018524749158N11939609WA0255102548
B2018534749160N11939597WA0254902546
B2018544749161N11939584WA0254602543
B2018554749162N11939572WA0254402540
B2018564749163N11939559WA0254102538
B2018574749164N11939547WA0253902536
B2018584749164N11939535WA0253702534
B2018594749165N11939524WA0253602533
B2019004749167N11939514WA0253502534
B2019014749168N11939504WA0253502533
B2019024749169N11939494WA0253302531
B2019034749170N11939482WA0253102528
B2019044749171N11939469WA0252602525
B2019054749171N11939455WA0252502523
B2019064749171N11939442WA0252502522
B2019074749172N11939431WA0252702525
B2019084749172N11939420WA0253102528
B2019094749172N11939410WA0253202530
B2019104749172N11939400WA0253302531
B2019114749172N11939389WA0253302530
B2019124749172N11939378WA0253202530
B2019134749172N11939367WA0253202529
B2019144749172N11939355WA0253102529
B2019154749171N11939345WA0253202529
B2019164749171N11939335WA0253302531
B2019174749170N11939326WA0253502532
B2019184749169N11939318WA0253502532
B2019194749167N11939309WA0253602533
B2019204749165N11939300WA0253602533
B2019214749163N11939291WA0253502532
B2019224749162N11939282WA0253602534
B2019234749160N11939273WA0253802536
B2019244749159N11939267WA0253902538
B2019254749157N11939261WA0254002539
B2019264749155N11939255WA0254102539
B2019274749153N11939248WA0254002537
B2019284749150N11939241WA0253602533
B2019294749148N11939233WA0253402529
B2019304749145N11939225WA0252902525
B2019314749143N11939216WA0252602523
B2019324749141N11939207WA0252502522
B2019334749140N11939199WA0252402521
B2019344749140N11939190WA0252202519
B2019354749140N11939180WA0252102517
B2019364749140N11939169WA0251902515
B2019374749140N11939157WA0251802513
B2019384749139N11939146WA0251602513
B2019394749139N11939134WA0251602513
B2019404749139N11939123WA0251602513
B2019414749139N11939111WA0251602513
B2019424749139N11939098WA0251602512
B2019434749140N11939086WA0251502511
B2019444749141N11939072WA0251502511
B2019454749142N11939059WA0251502511
B2019464749143N11939046WA0251602512
B2019474749145N11939032WA0251702513
B2019484749146N11939019WA0252002515
B2019494749147N11939007WA0252102517
B2019504749148N11938996WA0252302519
B2019514749150N11938985WA0252402521
B2019524749151N11938973WA0252402520
B2019534749153N11938960WA0252302519
B2019544749155N11938947WA0252202517
B2019554749157N11938932WA0252102515
B2019564749159N11938917WA0251902514
B2019574749160N11938901WA0251902513
B2019584749162N11938886WA0251902513
B2019594749163N11938870WA0252002514
B2020004749164N11938856WA0252202516
B2020014749166N11938842WA0252402518
B2020024749167N11938828WA0252602521
B2020034749168N11938816WA0253002523
B2020044749169N11938804WA0253402525
B2020054749169N11938794WA0253602528
B2020064749170N11938783WA0253802529
B2020074749171N11938771WA0253702528
B2020084749172N11938759WA0253702528
B2020094749173N11938746WA0253602528
B2020104749174N11938732WA0253702529
B2020114749176N11938719WA0253802531
B2020124749177N11938706WA0254202533
B2020134749178N11938694WA0254502537
B2020144749179N11938682WA0254902539
B2020154749180N11938670WA0255002541
B2020164749182N11938657WA0255202541
B2020174749184N11938643WA0255302542
B2020184749187N11938629WA0255502545
B2020194749190N11938615WA0255702548
B2020204749192N11938602WA0256002551
B2020214749194N11938590WA0256302554
B2020224749196N11938579WA0256802559
B2020234749198N11938567WA0257002561
B2020244749200N11938555WA0257202563
B2020254749202N11938543WA0257102562
B2020264749203N11938530WA0257002560
B2020274749203N11938517WA0256702558
B2020284749204N11938503WA0257002556
B2020294749204N11938490WA0256502555
B2020304749205N11938476WA0256102554
B2020314749206N11938463WA0256002552
B2020324749208N11938449WA0255502547
B2020334749209N11938435WA0255202540
B2020344749211N11938420WA0254602535
B2020354749213N11938404WA0254102530
B2020364749216N11938388WA0253602526
B2020374749218N11938372WA0253302522
B2020384749221N11938357WA0253002519
B2020394749224N11938342WA0252702517
B2020404749228N11938329WA0252502515
B2020414749232N11938316WA0252402514
B2020424749235N11938304WA0252202512
B2020434749239N11938291WA0251902508
B2020444749242N11938278WA0251402503
B2020454749245N11938264WA0251002498
B2020464749248N11938249WA0250302493
B2020474749250N11938235WA0249902487
B2020484749253N11938221WA0249202482
B2020494749255N11938206WA0248802477
B2020504749258N11938192WA0248302473
B2020514749260N11938176WA0248002469
B2020524749263N11938162WA0247502467
B2020534749265N11938147WA0247302463
B2020544749266N11938132WA0246902460
B2020554749268N11938116WA0246602457
B2020564749270N11938101WA0246002453
B2020574749271N11938086WA0245802449
B2020584749273N11938070WA0245302446
B2020594749275N11938054WA0245102442
B2021004749277N11938038WA0244802440
B2021014749278N11938023WA0244402437
B2021024749280N11938007WA0244202435
B2021034749281N11937991WA0244002432
B2021044749283N11937976WA0243702430
B2021054749284N11937960WA0243602428
B2021064749286N11937945WA0243302426
B2021074749287N11937930WA0243102424
B2021084749289N11937915WA0242802422
B2021094749291N11937900WA0242602420
B2021104749293N11937885WA0242202417
B2021114749295N11937870WA0242002414
B2021124749296N11937854WA0241702412
B2021134749298N11937839WA0241502409
B2021144749300N11937824WA0241202406
B2021154749302N11937810WA0241102405
B2021164749304N11937797WA0241002404
B2021174749306N11937785WA0240902404
B2021184749307N11937772WA0240702403
B2021194749309N11937759WA0240502400
B2021204749311N11937745WA0240102397
B2021214749313N11937729WA0239802393
B2021224749315N11937713WA0239302389
B2021234749317N11937697WA0239102386
B2021244749319N11937681WA0238802384
B2021254749321N11937665WA0238802384
B2021264749323N11937651WA0238802385
B2021274749324N11937637WA0238702385
B2021284749326N11937624WA0238702385
B2021294749328N11937610WA0238502383
B2021304749329N11937597WA0238302381
B2021314749331N11937582WA0238002377
B2021324749333N11937567WA0237702374
B2021334749335N11937551WA0237402370
B2021344749336N11937535WA0236802366
B2021354749337N11937519WA0236602363
B2021364749338N11937502WA0236302361
B2021374749339N11937487WA0236202359
B2021384749341N11937471WA0236002357
B2021394749343N11937456WA0235702355
B2021404749345N11937440WA0235402352
B2021414749347N11937425WA0235202349
B2021424749349N11937409WA0234702346
B2021434749350N11937394WA0234502344
B2021444749352N11937379WA0234202341
B2021454749354N11937364WA0234002339
B2021464749356N11937349WA0233802336
B2021474749358N11937334WA0233602334
B2021484749360N11937320WA0233602333
B2021494749363N11937307WA0233502334
B2021504749365N11937296WA0233602334
B2021514749368N11937285WA0233502334
B2021524749371N11937273WA0233402332
B2021534749373N11937261WA0233202330
B2021544749375N11937249WA0232802326
B2021554749378N11937235WA0232402323
B2021564749380N11937221WA0231902318
B2021574749383N11937207WA0231602315
B2021584749385N11937192WA0231202311
B2021594749387N11937178WA0231002309
B2022004749389N11937165WA0230902308
B2022014749391N11937153WA0230802307
B2022024749394N11937140WA0230602305
B2022034749396N11937127WA0230202301
B2022044749399N11937113WA0229802297
B2022054749402N11937099WA0229502293
B2022064749405N11937085WA0229102289
B2022074749408N11937071WA0228902286
B2022084749411N11937057WA0228502284
B2022094749414N11937043WA0228402281
B2022104749418N11937029WA0227902279
B2022114749421N11937015WA0227702275
B2022124749425N11937001WA0227302272
B2022134749429N11936987WA0227102270
B2022144749432N11936973WA0226902268
B2022154749435N11936959WA0226802266
B2022164749438N11936946WA0226702266
B2022174749442N11936934WA0226702265
B2022184749445N11936922WA0226602265
B2022194749448N11936911WA0226502263
B2022204749451N11936898WA0226102260
B2022214749455N11936885WA0225802256
B2022224749458N11936871WA0225302252
B2022234749462N11936857WA0225002248
B2022244749465N11936843WA0224802246
B2022254749467N11936829WA0224702245
B2022264749471N11936816WA0224602244
B2022274749474N11936804WA0224502244
B2022284749477N11936792WA0224402242
B2022294749480N11936779WA0224202240
B2022304749484N11936766WA0223802237
B2022314749487N11936753WA0223502233
B2022324749491N11936739WA0223102230
B2022334749494N11936725WA0223002228
B2022344749496N11936712WA0223002228
B2022354749498N11936700WA0223102229
B2022364749501N11936689WA0223102230
B2022374749503N11936677WA0223102229
B2022384749506N11936666WA0222802227
B2022394749509N11936653WA0222502225
B2022404749512N11936639WA0222102222
B2022414749516N11936625WA0221902219
B2022424749519N11936611WA0221602216
B2022434749522N11936597WA0221402215
B2022444749525N11936583WA0221102213
B2022454749528N11936569WA0220902210
B2022464749531N11936555WA0220602208
B2022474749534N11936541WA0220402205
B2022484749537N11936527WA0220002202
B2022494749539N11936512WA0219802199
B2022504749542N11936498WA0219402196
B2022514749545N11936483WA0219102193
B2022524749547N11936469WA0218802190
B2022534749550N11936454WA0218502187
B2022544749552N11936439WA0218202184
B2022554749554N11936423WA0218002182
B2022564749555N11936409WA0217802180
B2022574749557N11936394WA0217702178
B2022584749559N11936380WA0217402176
B2022594749560N11936366WA0217302174
B2023004749562N11936352WA0216902171
B2023014749563N11936337WA0216602167
B2023024749565N11936322WA0216102163
B2023034749566N11936307WA0215802160
B2023044749567N11936292WA0215502157
B2023054749568N11936278WA0215202154
B2023064749570N11936263WA0214902151
B2023074749571N11936248WA0214602147
B2023084749572N11936233WA0214202144
B2023094749573N11936218WA0213902140
B2023104749574N11936203WA0213402137
B2023114749574N11936188WA0213202133
B2023124749575N11936174WA0212702130
B2023134749575N11936159WA0212502127
B2023144749576N11936144WA0212202124
B2023154749577N11936130WA0212002121
B2023164749579N11936116WA0211702119
B2023174749580N11936102WA0211402116
B2023184749582N11936089WA0211102113
B2023194749583N11936075WA0210802110
B2023204749584N11936060WA0210502107
B2023214749585N11936046WA0210202103
B2023224749586N11936031WA0209802100
B2023234749588N11936017WA0209602097
B2023244749590N11936003WA0209302094
B2023254749591N11935989WA0209102092
B2023264749593N11935975WA0208802089
B2023274749594N11935961WA0208502086
B2023284749596N11935947WA0208102083
B2023294749597N11935932WA0207802079
B2023304749599N11935918WA0207302076
B2023314749600N11935903WA0207002072
B2023324749601N11935888WA0206602068
B2023334749601N11935873WA0206302065
B2023344749601N11935857WA0206002062
B2023354749602N11935842WA0205802059
B2023364749602N11935827WA0205502056
B2023374749602N11935812WA0205202053
B2023384749602N11935797WA0204802049
B2023394749602N11935782WA0204602046
B2023404749602N11935767WA0204202042
B2023414749602N11935752WA0203902040
B2023424749603N11935737WA0203602037
B2023434749603N11935722WA0203302034
B2023444749603N11935707WA0203002031
B2023454749603N11935692WA0202802028
B2023464749603N11935677WA0202402025
B2023474749603N11935663WA0202102022
B2023484749603N11935648WA0201702019
B2023494749603N11935634WA0201502016
B2023504749604N11935619WA0201202013
B2023514749605N11935604WA0201002011
B2023524749605N11935590WA0200802009
B2023534749606N11935575WA0200702008
B2023544749606N11935561WA0200502006
B2023554749606N11935548WA0200402005
B2023564749606N11935535WA0200302004
B2023574749605N11935522WA0200202003
B2023584749605N11935510WA0200202002
B2023594749606N11935498WA0200002001
B2024004749606N11935486WA0199902000
B2024014749606N11935474WA0199901999
B2024024749607N11935462WA0199601997
B2024034749606N11935449WA0199401994
B2024044749605N11935436WA0199001990
B2024054749603N11935423WA0198701987
B2024064749602N11935410WA0198301984
B2024074749601N11935397WA0198201982
B2024084749601N11935384WA0198201982
B2024094749600N11935373WA0198001981
B2024104749599N11935361WA0197901979
B2024114749597N11935350WA0197701977
B2024124749595N11935339WA0197401975
B2024134749593N11935327WA0197201973
B2024144749592N11935316WA0197001970
B2024154749591N11935304WA0196801969
B2024164749590N11935292WA0196601967
B2024174749589N11935279WA0196501964
B2024184749588N11935267WA0196201962
B2024194749588N11935254WA0196101960
B2024204749588N11935241WA0195901959
B2024214749587N11935228WA0195801959
B2024224749587N11935216WA0195801958
B2024234749586N11935205WA0195701957
B2024244749585N11935194WA0195601956
B2024254749584N11935183WA0195501954
B2024264749583N11935171WA0195301953
B2024274749582N11935159WA0195101951
B2024284749581N11935147WA0194901950
B2024294749580N11935134WA0194801949
B2024304749579N11935121WA0194701948
B2024314749578N11935108WA0194701948
B2024324749577N11935095WA0194701948
B2024334749577N11935083WA0194801949
B2024344749576N11935070WA0194801949
B2024354749576N11935058WA0194801948
B2024364749577N11935046WA0194601947
B2024374749577N11935033WA0194501946
B2024384749578N11935019WA0194401945
B2024394749579N11935005WA0194401946
B2024404749581N11934992WA0194501946
B2024414749582N11934980WA0194601947
B2024424749583N11934968WA0194701947
B2024434749584N11934956WA0194601947
B2024444749585N11934944WA0194501946
B2024454749585N11934931WA0194301943
B2024464749586N11934916WA0194001940
B2024474749588N11934902WA0193901939
B2024484749589N11934890WA0194301943
B2024494749590N11934879WA0194601947
B2024504749591N11934870WA0195101951
B2024514749591N11934861WA0195301953
B2024524749591N11934852WA0195301953
B2024534749591N11934842WA0195001951
B2024544749590N11934831WA0194601948
B2024554749588N11934819WA0194401944
B2024564749587N11934805WA0194101941
B2024574749585N11934791WA0194001940
B2024584749584N11934778WA0194101940
B2024594749582N11934765WA0194101941
B2025004749581N11934753WA0194201942
B2025014749579N11934740WA0194201942
B2025024749578N11934727WA0194301942
B2025034749577N11934713WA0194201942
B2025044749576N11934700WA0194401942
B2025054749575N11934687WA0194501944
B2025064749574N11934675WA0194801947
B2025074749573N11934663WA0194901948
B2025084749572N11934651WA0195001949
B2025094749571N11934638WA0195001949
B2025104749570N11934625WA0194901948
B2025114749568N11934611WA0194801948
B2025124749566N11934597WA0194701947
B2025134749564N11934584WA0194701948
B2025144749562N11934570WA0194801949
B2025154749560N11934558WA0194901949
B2025164749558N11934545WA0194901949
B2025174749556N11934532WA0194801948
B2025184749555N11934518WA0194601947
B2025194749554N11934503WA0194501944
B2025204749553N11934487WA0194301942
B2025214749553N11934472WA0194101941
B2025224749552N11934456WA0193901940
B2025234749551N11934441WA0193801938
B2025244749550N11934426WA0193601936
B2025254749550N11934410WA0193401934
B2025264749549N11934394WA0193201931
B2025274749548N11934379WA0193001929
B2025284749547N11934363WA0192701927
B2025294749545N11934348WA0192501924
B2025304749544N11934333WA0192101921
B2025314749543N11934317WA0191801918
B2025324749542N11934302WA0191501915
B2025334749541N11934286WA0191201912
B2025344749539N11934271WA0190801908
B2025354749538N11934255WA0190501905
B2025364749538N11934240WA0190101901
B2025374749538N11934225WA0189801897
B2025384749539N11934210WA0189401894
B2025394749539N11934196WA0189101890
B2025404749540N11934182WA0188601886
B2025414749540N11934168WA0188201881
B2025424749541N11934154WA0187501876
B2025434749541N11934139WA0187201871
B2025444749542N11934124WA0186701867
B2025454749542N11934109WA0186401864
B2025464749542N11934095WA0186101861
B2025474749543N11934080WA0185901859
B2025484749543N11934066WA0185701857
B2025494749542N11934052WA0185501855
B2025504749541N11934038WA0185401853
B2025514749540N11934024WA0185201851
B2025524749538N11934010WA0185001849
B2025534749536N11933996WA0184901848
B2025544749534N11933982WA0184801847
B2025554749533N11933969WA0184701846
B2025564749533N11933955WA0184501845
B2025574749533N11933941WA0184401843
B2025584749534N11933928WA0184301842
B2025594749536N11933914WA0184101840
B2026004749537N11933900WA0184001838
B2026014749539N11933886WA0183701836
B2026024749540N11933871WA0183401833
B2026034749541N11933856WA0183201831
B2026044749542N11933841WA0182901829
B2026054749542N11933826WA0182801827
B2026064749542N11933812WA0182701827
B2026074749543N11933798WA0182601826
B2026084749543N11933784WA0182401824
B2026094749544N11933771WA0182301822
B2026104749544N11933758WA0182001820
B2026114749544N11933745WA0181701817
B2026124749544N11933731WA0181301814
B2026134749544N11933716WA0181001810
B2026144749543N11933702WA0180601807
B2026154749542N11933688WA0180401804
B2026164749541N11933674WA0180101802
B2026174749540N11933661WA0180001800
B2026184749539N11933648WA0179901799
B2026194749538N11933636WA0179901800
B2026204749537N11933626WA0180101802
B2026214749537N11933616WA0180201803
B2026224749539N11933606WA0180401805
B2026234749542N11933596WA0180401804
B2026244749547N11933586WA0180301804
B2026254749552N11933577WA0180201803
B2026264749558N11933568WA0180101803
B2026274749564N11933560WA0180101803
B2026284749571N11933553WA0180101804
B2026294749577N11933545WA0180201805
B2026304749582N11933536WA0180201805
B2026314749586N11933526WA0180201806
B2026324749590N11933517WA0180301806
B2026334749594N11933507WA0180301807
B2026344749597N11933497WA0180401807
B2026354749600N11933486WA0180401807
B2026364749603N11933476WA0180301807
B2026374749606N11933465WA0180301806
B2026384749609N11933453WA0180101804
B2026394749612N11933440WA0180001802
B2026404749615N11933427WA0180001802
B2026414749618N11933414WA0180201803
B2026424749621N11933402WA0180401806
B2026434749624N11933391WA0180501807
B2026444749627N11933380WA0180601808
B2026454749630N11933369WA0180601809
B2026464749633N11933357WA0180501807
B2026474749636N11933345WA0180301804
B2026484749641N11933332WA0180001802
B2026494749646N11933321WA0179901800
B2026504749652N11933311WA0179701799
B2026514749658N11933300WA0179601797
B2026524749664N11933289WA0179301795
B2026534749668N11933277WA0179201793
B2026544749672N11933266WA0179201793
B2026554749676N11933256WA0179401796
B2026564749679N11933248WA0179801799
B2026574749683N11933239WA0180101802
B2026584749687N11933230WA0180401804
B2026594749691N11933221WA0180501805
B2027004749696N11933211WA0180701806
B2027014749700N11933201WA0180801808
B2027024749704N11933191WA0181101811
B2027034749708N11933182WA0181301813
B2027044749712N11933174WA0181501815
B2027054749716N11933166WA0181701816
B2027064749720N11933159WA0181601816
B2027074749724N11933151WA0181601817
B2027084749729N11933142WA0181301815
B2027094749734N11933130WA0181101811
B2027104749738N11933117WA0180701807
B2027114749741N11933104WA0180501806
B2027124749743N11933091WA0180601806
B2027134749746N11933078WA0180601807
B2027144749749N11933067WA0181001809
B2027154749752N11933057WA0181201812
B2027164749756N11933048WA0181701815
B2027174749759N11933040WA0181901819
B2027184749763N11933032WA0182201821
B2027194749767N11933024WA0182301822
B2027204749769N11933015WA0182201821
B2027214749772N11933004WA0182101819
B2027224749774N11932993WA0181801817
B2027234749775N11932980WA0181701815
B2027244749776N11932968WA0181601815
B2027254749777N11932956WA0181601815
B2027264749778N11932945WA0181701816
B2027274749779N11932934WA0181701817
B2027284749779N11932924WA0181601815
B2027294749779N11932914WA0181401812
B2027304749779N11932903WA0180901809
B2027314749779N11932890WA0180501805
B2027324749778N11932878WA0180101802
B2027334749777N11932865WA0179901799
B2027344749777N11932854WA0179701798
B2027354749776N11932843WA0179601796
B2027364749776N11932832WA0179301794
B2027374749775N11932820WA0179001789
B2027384749774N11932808WA0178501784
B2027394749773N11932795WA0178101778
B2027404749772N11932781WA0177601773
B2027414749771N11932768WA0177201769
B2027424749770N11932755WA0176801766
B2027434749769N11932743WA0176501762
B2027444749768N11932731WA0176101759
B2027454749768N11932719WA0175801755
B2027464749766N11932706WA0175201751
B2027474749765N11932693WA0174801746
B2027484749763N11932680WA0174301742
B2027494749762N11932667WA0174001738
B2027504749760N11932654WA0173601734
B2027514749759N11932642WA0173401732
B2027524749757N11932630WA0173001729
B2027534749755N11932618WA0172801725
B2027544749752N11932607WA0172401722
B2027554749750N11932595WA0172101718
B2027564749747N11932583WA0171701715
B2027574749744N11932572WA0171501712
B2027584749740N11932562WA0171301710
B2027594749737N11932553WA0171201708
B2028004749734N11932544WA0170901706
B2028014749731N11932534WA0170601703
B2028024749728N11932523WA0170201699
B2028034749726N11932511WA0169801694
B2028044749723N11932499WA0169301690
B2028054749721N11932487WA0169001686
B2028064749719N11932474WA0168601683
B2028074749717N11932461WA0168301680
B2028084749715N11932448WA0167901677
B2028094749713N11932435WA0167701674
B2028104749711N11932422WA0167401672
B2028114749709N11932409WA0167301671
B2028124749708N11932396WA0167201670
B2028134749706N11932384WA0167301671
B2028144749705N11932373WA0167501673
B2028154749705N11932363WA0167701676
B2028164749705N11932353WA0167901677
B2028174749705N11932343WA0167901678
B2028184749704N11932332WA0167701678
B2028194749704N11932320WA0167701677
B2028204749703N11932308WA0167901678
B2028214749702N11932298WA0168001681
B2028224749701N11932288WA0168301684
B2028234749700N11932278WA0168501686
B2028244749699N11932268WA0168601687
B2028254749698N11932258WA0168601687
B2028264749697N11932246WA0168601686
B2028274749696N11932235WA0168501686
B2028284749695N11932223WA0168401685
B2028294749693N11932212WA0168401685
B2028304749691N11932200WA0168301685
B2028314749689N11932188WA0168301684
B2028324749687N11932176WA0168101683
B2028334749684N11932163WA0167901681
B2028344749681N11932151WA0167801679
B2028354749679N11932138WA0167601678
B2028364749676N11932125WA0167401676
B2028374749673N11932112WA0167101673
B2028384749670N11932100WA0166701669
B2028394749668N11932087WA0166401666
B2028404749666N11932076WA0166101665
B2028414749664N11932065WA0166001664
B2028424749662N11932055WA0165801661
B2028434749659N11932045WA0165601659
B2028444749656N11932034WA0165401657
B2028454749654N11932023WA0165401656
B2028464749651N11932013WA0165701657
B2028474749648N11932003WA0165901661
B2028484749646N11931994WA0166101662
B2028494749644N11931985WA0166201664
B2028504749642N11931976WA0166301665
B2028514749639N11931967WA0166301666
B2028524749636N11931958WA0166201666
B2028534749633N11931948WA0166301666
B2028544749630N11931938WA0166301667
B2028554749628N11931927WA0166401668
B2028564749628N11931918WA0166601669
B2028574749628N11931908WA0166601669
B2028584749629N11931899WA0166601669
B2028594749630N11931890WA0166401667
B2029004749631N11931880WA0166101664
B2029014749632N11931869WA0165901661
B2029024749633N11931857WA0165501658
B2029034749635N11931844WA0165401654
B2029044749636N11931831WA0165001651
B2029054749637N11931818WA0164801649
B2029064749638N11931806WA0164701648
B2029074749639N11931795WA0164701647
B2029084749640N11931785WA0164701648
B2029094749641N11931775WA0164701647
B2029104749642N11931763WA0164401645
B2029114749643N11931751WA0164101640
B2029124749644N11931737WA0163601635
B2029134749645N11931722WA0163301631
B2029144749646N11931707WA0162901627
B2029154749647N11931692WA0162801626
B2029164749647N11931678WA0162701626
B2029174749648N11931666WA0162801627
B2029184749648N11931654WA0162701627
B2029194749649N11931641WA0162601625
B2029204749649N11931629WA0162201622
B2029214749648N11931615WA0162001619
B2029224749647N11931602WA0161501616
B2029234749647N11931588WA0161201613
B2029244749647N11931574WA0160901609
B2029254749647N11931560WA0160701607
B2029264749648N11931546WA0160301603
B2029274749647N11931532WA0160101600
B2029284749647N11931518WA0159701597
B2029294749647N11931503WA0159501594
B2029304749646N11931489WA0159101592
B2029314749645N11931474WA0159001590
B2029324749645N11931460WA0158901590
B2029334749645N11931446WA0158901589
B2029344749645N11931432WA0158801588
B2029354749645N11931418WA0158701586
B2029364749646N11931403WA0158401584
B2029374749646N11931389WA0158201581
B2029384749646N11931374WA0157901578
B2029394749645N11931360WA0157601576
B2029404749645N11931345WA0157501574
B2029414749645N11931331WA0157301572
B2029424749646N11931317WA0156801569
B2029434749648N11931304WA0156901567
B2029444749651N11931294WA0157601573
B2029454749654N11931286WA0157901578
B2029464749657N11931280WA0158401582
B2029474749659N11931273WA0158501584
B2029484749661N11931266WA0158401583
B2029494749663N11931256WA0158301581
B2029504749665N11931246WA0158201580
B2029514749667N11931237WA0158201580
B2029524749670N11931229WA0158201581
B2029534749673N11931222WA0158201581
B2029544749676N11931214WA0158001579
B2029554749678N11931206WA0157701575
B2029564749680N11931197WA0157301570
B2029574749681N11931188WA0157001566
B2029584749681N11931180WA0156501563
B2029594749681N11931172WA0156401561
B2030004749681N11931164WA0156301559
B2030014749682N11931156WA0156201558
B2030024749683N11931149WA0155901556
B2030034749684N11931140WA0155701554
B2030044749685N11931132WA0155501553
B2030054749685N11931124WA0155401552
B2030064749685N11931116WA0155301550
B2030074749685N11931107WA0155301550
B2030084749684N11931099WA0155401549
B2030094749683N11931092WA0155601550
B2030104749682N11931085WA0155901552
B2030114749681N11931078WA0156101555
B2030124749680N11931071WA0156401556
B2030134749679N11931064WA0156401558
B2030144749677N11931058WA0156501559
B2030154749675N11931052WA0156601559
B2030164749672N11931046WA0156601560
B2030174749669N11931040WA0156701562
B2030184749666N11931034WA0157001564
B2030194749664N11931028WA0157101565
B2030204749662N11931022WA0157301567
B2030214749659N11931016WA0157301568
B2030224749658N11931009WA0157401569
B2030234749656N11931002WA0157401570
B2030244749655N11930994WA0157301571
B2030254749655N11930985WA0157301571
B2030264749656N11930975WA0157201571
B2030274749658N11930965WA0157201570
B2030284749662N11930954WA0157001569
B2030294749668N11930943WA0157001567
B2030304749674N11930930WA0156901567
B2030314749681N11930918WA0156901568
B2030324749687N11930907WA0157101569
B2030334749692N11930898WA0157401570
B2030344749697N11930889WA0157601572
B2030354749702N11930880WA0157601572
B2030364749708N11930870WA0157501570
B2030374749714N11930860WA0157401570
B2030384749720N11930850WA0157501570
B2030394749726N11930841WA0157601572
B2030404749731N11930832WA0157701574
B2030414749737N11930824WA0157801575
B2030424749742N11930816WA0157701575
B2030434749748N11930807WA0157701574
B2030444749754N11930797WA0157601572
B2030454749759N11930787WA0157501571
B2030464749764N11930776WA0157401571
B2030474749770N11930765WA0157501572
B2030484749775N11930755WA0157701574
B2030494749780N11930746WA0158001577
B2030504749786N11930737WA0158301580
B2030514749791N11930726WA0158501582
B2030524749797N11930716WA0158601583
B2030534749801N11930706WA0158901587
B2030544749806N11930698WA0159401591
B2030554749811N11930691WA0159701595
B2030564749816N11930684WA0160001597
B2030574749820N11930676WA0160101598
B2030584749823N11930667WA0160101598
B2030594749822N11930659WA0160001597
B2031004749820N11930652WA0160001597
B2031014749818N11930648WA0160201598
B2031024749816N11930647WA0160501601
B2031034749814N11930648WA0160701603
B2031044749814N11930651WA0161001604
B2031054749814N11930656WA0161101605
B2031064749815N11930662WA0161201605
B2031074749818N11930668WA0161301606
B2031084749824N11930675WA0161401607
B2031094749831N11930679WA0161501607
B2031104749840N11930682WA0161701611
B2031114749848N11930684WA0161901614
B2031124749855N11930686WA0162401619
B2031134749863N11930687WA0162601623
B2031144749871N11930688WA0162901624
B2031154749880N11930688WA0163001625
B2031164749889N11930686WA0163201627
B2031174749897N11930682WA0163401629
B2031184749903N11930676WA0163801632
B2031194749908N11930669WA0163901633
B2031204749911N11930660WA0163901634
B2031214749911N11930652WA0163901635
B2031224749910N11930646WA0164001636
B2031234749908N11930642WA0164001636
B2031244749907N11930640WA0164101637
B2031254749905N11930640WA0164101637
B2031264749903N11930640WA0164101637
B2031274749900N11930642WA0164201637
B2031284749897N11930645WA0164301638
B2031294749895N11930649WA0164401639
B2031304749894N11930652WA0164801643
B2031314749892N11930655WA0165101646
B2031324749891N11930659WA0165401649
B2031334749889N11930664WA0165401651
B2031344749887N11930669WA0165701653
B2031354749885N11930674WA0165901655
B2031364749884N11930679WA0166301658
B2031374749883N11930684WA0166501661
B2031384749883N11930689WA0166601662
B2031394749881N11930692WA0166701663
B2031404749878N11930694WA0166801665
B2031414749875N11930695WA0166901665
B2031424749872N11930696WA0167101667
B2031434749871N11930697WA0167201669
B2031444749869N11930698WA0167301671
B2031454749868N11930701WA0167201670
B2031464749865N11930705WA0166901669
B2031474749862N11930710WA0166701667
B2031484749859N11930716WA0166701667
B2031494749857N11930721WA0166701668
B2031504749856N11930725WA0166901670
B2031514749855N11930729WA0167001671
B2031524749854N11930734WA0167201672
B2031534749853N11930739WA0167301674
B2031544749852N11930743WA0167601676
B2031554749851N11930746WA0167801678
B2031564749850N11930750WA0168101680
B2031574749850N11930753WA0168201683
B2031584749849N11930755WA0168401684
B2031594749847N11930757WA0168401684
B2032004749845N11930757WA0168401684
B2032014749842N11930757WA0168301684
B2032024749840N11930756WA0168401684
B2032034749837N11930756WA0168401685
B2032044749835N11930755WA0168301685
B2032054749832N11930754WA0168401685
B2032064749831N11930752WA0168501686
B2032074749829N11930751WA0168601687
B2032084749828N11930749WA0168701688
B2032094749827N11930746WA0168701689
B2032104749825N11930743WA0168801689
B2032114749823N11930742WA0168801689
B2032124749820N11930741WA0168901690
B2032134749818N11930740WA0169001691
B2032144749816N11930739WA0169201693
B2032154749815N11930738WA0169301694
B2032164749813N11930738WA0169301694
B2032174749811N11930739WA0169301694
B2032184749808N11930741WA0169401694
B2032194749805N11930742WA0169501694
B2032204749803N11930743WA0169601695
B2032214749801N11930745WA0169501695
B2032224749799N11930746WA0169501694
B2032234749796N11930749WA0169401692
B2032244749793N11930753WA0169101689
B2032254749790N11930758WA0169001687
B2032264749787N11930763WA0169001687
B2032274749785N11930768WA0169101690
B2032284749783N11930771WA0169201691
B2032294749781N11930775WA0169301692
B2032304749779N11930780WA0169201691
B2032314749777N11930785WA0169201691
B2032324749775N11930789WA0169301691
B2032334749773N11930792WA0169501693
B2032344749772N11930795WA0169801696
B2032354749770N11930798WA0169901697
B2032364749768N11930801WA0169801698
B2032374749765N11930804WA0169701698
B2032384749761N11930806WA0169601698
B2032394749758N11930809WA0169601699
B2032404749756N11930812WA0169701700
B2032414749754N11930815WA0169901702
B2032424749751N11930819WA0170001704
B2032434749749N11930822WA0170001705
B2032444749746N11930826WA0170201706
B2032454749744N11930830WA0170301707
B2032464749741N11930833WA0170301708
B2032474749738N11930835WA0170401709
B2032484749735N11930838WA0170501710
B2032494749731N11930840WA0170501710
B2032504749727N11930843WA0170601711
B2032514749724N11930846WA0170601712
B2032524749720N11930848WA0170801713
B2032534749717N11930851WA0170901714
B2032544749714N11930855WA0171001716
B2032554749711N11930858WA0171201718
B2032564749708N11930862WA0171401719
B2032574749705N11930867WA0171501721
B2032584749702N11930871WA0171601722
B2032594749699N11930874WA0171701723
B2033004749695N11930876WA0171701723
B2033014749691N11930876WA0171601722
B2033024749687N11930874WA0171501721
B2033034749683N11930869WA0171301718
B2033044749680N11930863WA0171201717
B2033054749678N11930856WA0171201717
B2033064749676N11930849WA0171301717
B2033074749675N11930842WA0171301717
B2033084749673N11930835WA0171201717
B2033094749671N11930829WA0171101716
B2033104749669N11930822WA0170601713
B2033114749667N11930814WA0170401709
B2033124749665N11930806WA0169901706
B2033134749663N11930799WA0169701703
B2033144749662N11930792WA0169401701
B2033154749661N11930786WA0169201698
B2033164749660N11930778WA0168901695
B2033174749659N11930770WA0168801694
B2033184749657N11930762WA0168901694
B2033194749656N11930756WA0169201696
B2033204749657N11930750WA0169901701
B2033214749658N11930746WA0170301705
B2033224749659N11930741WA0170601708
B2033234749660N11930736WA0170601708
B2033244749659N11930729WA0170501709
B2033254749659N11930723WA0170601710
B2033264749659N11930716WA0170701711
B2033274749660N11930710WA0170901714
B2033284749661N11930703WA0171101715
B2033294749663N11930696WA0171001714
B2033304749666N11930687WA0170701711
B2033314749669N11930675WA0170601706
B2033324749673N11930664WA0170501706
B2033334749677N11930653WA0170601709
B2033344749681N11930643WA0170701711
B2033354749685N11930632WA0170801712
B2033364749690N11930620WA0170801711
B2033374749695N11930607WA0170801711
B2033384749700N11930594WA0171001713
B2033394749705N11930582WA0171301715
B2033404749711N11930571WA0171901719
B2033414749717N11930561WA0172201723
B2033424749723N11930551WA0172601725
B2033434749729N11930541WA0172801727
B2033444749735N11930532WA0172901729
B2033454749740N11930523WA0172901730
B2033464749744N11930515WA0172701730
B2033474749748N11930506WA0172601730
B2033484749751N11930497WA0172101728
B2033494749755N11930486WA0171701726
B2033504749759N11930476WA0171501722
B2033514749762N11930465WA0171301719
B2033524749766N11930456WA0171201718
B2033534749768N11930447WA0171101717
B2033544749771N11930439WA0171101717
B2033554749774N11930430WA0171001714
B2033564749776N11930420WA0170701711
B2033574749779N11930409WA0170601707
B2033584749781N11930398WA0170401705
B2033594749783N11930387WA0170401706
B2034004749786N11930378WA0170501707
B2034014749788N11930369WA0170401706
B2034024749789N11930360WA0170201705
B2034034749790N11930350WA0169901703
B2034044749791N11930340WA0169401700
B2034054749790N11930329WA0169201697
B2034064749790N11930320WA0168901695
B2034074749789N11930311WA0168901694
B2034084749788N11930305WA0168801694
B2034094749786N11930299WA0168601692
B2034104749783N11930296WA0168201689
B2034114749778N11930296WA0167801681
B2034124749773N11930298WA0167201675
B2034134749769N11930303WA0166901672
B2034144749766N11930308WA0166701670
B2034154749763N11930313WA0166601668
B2034164749761N11930317WA0166501666
B2034174749759N11930322WA0166301663
B2034184749756N11930328WA0165801659
B2034194749753N11930334WA0165401654
B2034204749749N11930342WA0164901650
B2034214749745N11930349WA0164801647
B2034224749742N11930355WA0164601647
B2034234749738N11930361WA0164501647
B2034244749735N11930366WA0164501646
B2034254749731N11930372WA0164301643
B2034264749727N11930378WA0163901640
B2034274749723N11930384WA0163701638
B2034284749719N11930390WA0163301635
B2034294749715N11930396WA0163101632
B2034304749712N11930402WA0163001630
B2034314749710N11930407WA0163101631
B2034324749710N11930411WA0163401632
B2034334749710N11930414WA0163401634
B2034344749709N11930417WA0163301634
B2034354749707N11930422WA0163101633
B2034364749705N11930428WA0162901631
B2034374749703N11930433WA0162901630
B2034384749702N11930438WA0162901630
B2034394749701N11930443WA0162801630
B2034404749699N11930448WA0162601628
B2034414749697N11930454WA0162301624
B2034424749694N11930460WA0162101622
B2034434749691N11930466WA0162101621
B2034444749689N11930471WA0162201626
B2034454749687N11930476WA0162401629
B2034464749685N11930480WA0162601631
B2034474749683N11930483WA0162801632
B2034484749681N11930487WA0162901633
B2034494749679N11930491WA0163101635
B2034504749677N11930495WA0163501638
B2034514749675N11930499WA0163701640
B2034524749672N11930502WA0164001643
B2034534749670N11930506WA0164201645
B2034544749668N11930509WA0164401646
B2034554749665N11930513WA0164501648
B2034564749662N11930516WA0164701648
B2034574749660N11930519WA0164801650
B2034584749657N11930522WA0165201653
B2034594749656N11930524WA0165401656
B2035004749654N11930526WA0165601658
B2035014749652N11930529WA0165601658
B2035024749649N11930532WA0165701658
B2035034749645N11930535WA0165701658
B2035044749641N11930537WA0165801658
B2035054749637N11930538WA0166101662
B2035064749634N11930539WA0166601666
B2035074749631N11930540WA0167001670
B2035084749628N11930540WA0167501674
B2035094749625N11930541WA0167801677
B2035104749621N11930542WA0168101680
B2035114749617N11930542WA0168301683
B2035124749613N11930542WA0168801687
B2035134749610N11930541WA0169101691
B2035144749606N11930541WA0169401694
B2035154749602N11930540WA0169701696
B2035164749598N11930539WA0169901699
B2035174749594N11930538WA0170101702
B2035184749592N11930535WA0170501705
B2035194749590N11930530WA0170701708
B2035204749587N11930522WA0170901710
B2035214749586N11930511WA0170801708
B2035224749585N11930498WA0170601705
B2035234749589N11930484WA0170601704
B2035244749594N11930472WA0170701706
B2035254749600N11930464WA0170901707
B2035264749607N11930459WA0171301709
B2035274749613N11930456WA0171401711
B2035284749620N11930455WA0171501712
B2035294749625N11930455WA0171601714
B2035304749631N11930458WA0171801715
B2035314749634N11930461WA0171901716
B2035324749637N11930466WA0172201718
B2035334749638N11930470WA0172501721
B2035344749640N11930474WA0172901724
B2035354749642N11930477WA0173201727
B2035364749645N11930480WA0173301728
B2035374749648N11930483WA0173301728
B2035384749651N11930488WA0173301728
B2035394749654N11930493WA0173301729
B2035404749657N11930497WA0173501731
B2035414749659N11930501WA0173701734
B2035424749661N11930504WA0173901737
B2035434749663N11930508WA0174001737
B2035444749664N11930511WA0174001737
B2035454749664N11930515WA0173901737
B2035464749664N11930518WA0173901737
B2035474749663N11930520WA0173901736
B2035484749661N11930522WA0173901736
B2035494749659N11930523WA0173501736
B2035504749656N11930527WA0173201735
B2035514749653N11930531WA0173001733
B2035524749650N11930536WA0172701731
B2035534749648N11930542WA0172601730
B2035544749646N11930546WA0172701730
B2035554749643N11930550WA0172701730
B2035564749639N11930554WA0172701729
B2035574749636N11930557WA0172701727
B2035584749633N11930560WA0172801727
B2035594749631N11930562WA0172801728
B2036004749628N11930565WA0172701727
B2036014749625N11930568WA0172701726
B2036024749621N11930573WA0172501724
B2036034749616N11930578WA0172301722
B2036044749612N11930583WA0172301722
B2036054749609N11930587WA0172401723
B2036064749605N11930591WA0172601725
B2036074749602N11930594WA0172701726
B2036084749599N11930598WA0172801727
B2036094749596N11930603WA0172801727
B2036104749593N11930607WA0172601725
B2036114749589N11930612WA0172401723
B2036124749586N11930617WA0172301722
B2036134749582N11930621WA0172201721
B2036144749578N11930625WA0172101721
B2036154749575N11930628WA0172101720
B2036164749571N11930632WA0171901719
B2036174749566N11930636WA0171801717
B2036184749561N11930638WA0171701716
B2036194749555N11930639WA0171501715
B2036204749550N11930637WA0171301713
B2036214749545N11930633WA0171201711
B2036224749539N11930626WA0171001709
B2036234749534N11930618WA0170901707
B2036244749529N11930610WA0170701706
B2036254749525N11930602WA0170601704
B2036264749521N11930593WA0170301702
B2036274749518N11930584WA0170001698
B2036284749514N11930574WA0169401694
B2036294749511N11930562WA0169001690
B2036304749508N11930549WA0168401684
B2036314749507N11930536WA0168101680
B2036324749506N11930524WA0167501676
B2036334749507N11930511WA0167301672
B2036344749506N11930499WA0166801668
B2036354749505N11930488WA0166401664
B2036364749504N11930477WA0166001660
B2036374749503N11930466WA0165701656
B2036384749504N11930454WA0165201651
B2036394749505N11930443WA0164901647
B2036404749506N11930430WA0164401643
B2036414749507N11930418WA0164101638
B2036424749507N11930406WA0163601634
B2036434749508N11930395WA0163301631
B2036444749509N11930384WA0162901627
B2036454749510N11930373WA0162501622
B2036464749512N11930361WA0161801617
B2036474749514N11930348WA0161501612
B2036484749518N11930335WA0161001608
B2036494749522N11930323WA0160701604
B2036504749527N11930312WA0160401603
B2036514749531N11930303WA0160201600
B2036524749535N11930293WA0159701596
B2036534749541N11930283WA0159301592
B2036544749546N11930271WA0158501585
B2036554749551N11930258WA0158101580
B2036564749556N11930245WA0157601575
B2036574749560N11930233WA0157301572
B2036584749564N11930223WA0156901570
B2036594749568N11930212WA0156701567
B2037004749572N11930202WA0156401564
B2037014749577N11930190WA0156001560
B2037024749581N11930178WA0155501556
B2037034749585N11930165WA0155201552
B2037044749589N11930153WA0154901549
B2037054749594N11930142WA0154701547
B2037064749598N11930132WA0154501546
B2037074749603N11930122WA0154401545
B2037084749607N11930112WA0154201543
B2037094749611N11930102WA0154001540
B2037104749616N11930092WA0153601536
B2037114749620N11930081WA0153301533
B2037124749625N11930070WA0153001531
B2037134749630N11930060WA0152901529
B2037144749634N11930050WA0153001530
B2037154749639N11930042WA0153101531
B2037164749645N11930034WA0153101531
B2037174749649N11930026WA0153101531
B2037184749654N11930017WA0152901528
B2037194749658N11930008WA0152701526
B2037204749662N11929998WA0152401525
B2037214749666N11929988WA0152301524
B2037224749669N11929977WA0152201523
B2037234749672N11929967WA0152101522
B2037244749674N11929957WA0152001521
B2037254749677N11929947WA0151901520
B2037264749680N11929937WA0151801519
B2037274749683N11929926WA0151601517
B2037284749686N11929916WA0151401515
B2037294749689N11929905WA0151201512
B2037304749692N11929893WA0150901510
B2037314749695N11929882WA0150701508
B2037324749699N11929872WA0150501507
B2037334749702N11929862WA0150401505
B2037344749705N11929852WA0150101502
B2037354749708N11929842WA0149901500
B2037364749711N11929832WA0149601497
B2037374749715N11929822WA0148501494
B2037384749718N11929812WA0149701491
B2037394749721N11929801WA0148801488
B2037404749724N11929790WA0148101483
B2037414749728N11929779WA0147601477
B2037424749732N11929766WA0146901472
B2037434749737N11929753WA0146501466
B2037444749741N11929740WA0146001462
B2037454749744N11929727WA0145701458
B2037464749748N11929715WA0145301455
B2037474749752N11929702WA0145001452
B2037484749755N11929690WA0144601449
B2037494749759N11929678WA0144201445
B2037504749762N11929665WA0143801441
B2037514749766N11929652WA0143401437
B2037524749770N11929640WA0143001433
B2037534749773N11929627WA0142701429
B2037544749777N11929615WA0142301426
B2037554749780N11929602WA0141901422
B2037564749784N11929589WA0141501418
B2037574749787N11929576WA0141201413
B2037584749791N11929563WA0140701410
B2037594749794N11929549WA0140401406
B2038004749798N11929536WA0140001402
B2038014749801N11929523WA0139701399
B2038024749804N11929511WA0139401396
B2038034749808N11929498WA0139101392
B2038044749811N11929486WA0138701389
B2038054749814N11929474WA0138401386
B2038064749818N11929462WA0137901382
B2038074749821N11929449WA0137701379
B2038084749825N11929437WA0137301375
B2038094749830N11929424WA0137001371
B2038104749834N11929412WA0136601367
B2038114749839N11929399WA0136301364
B2038124749843N11929386WA0136001362
B2038134749847N11929374WA0135901360
B2038144749851N11929363WA0135801359
B2038154749854N11929353WA0135801359
B2038164749858N11929342WA0135701358
B2038174749862N11929331WA0135401355
B2038184749866N11929320WA0134901351
B2038194749869N11929307WA0134601347
B2038204749873N11929293WA0134001342
B2038214749876N11929279WA0133801339
B2038224749880N11929266WA0133601337
B2038234749883N11929254WA0133601338
B2038244749886N11929243WA0133501337
B2038254749890N11929233WA0133301335
B2038264749894N11929222WA0132901332
B2038274749898N11929210WA0132501327
B2038284749902N11929196WA0131801322
B2038294749906N11929182WA0131201316
B2038304749911N11929167WA0130501310
B2038314749916N11929153WA0130301306
B2038324749921N11929139WA0129901303
B2038334749926N11929126WA0129701300
B2038344749931N11929113WA0129601298
B2038354749935N11929101WA0129501297
B2038364749940N11929089WA0129201295
B2038374749945N11929077WA0128901292
B2038384749950N11929064WA0128601288
B2038394749954N11929051WA0128301284
B2038404749959N11929038WA0127901281
B2038414749963N11929024WA0127601278
B2038424749967N11929010WA0127401276
B2038434749971N11928997WA0127301275
B2038444749975N11928984WA0127301275
B2038454749979N11928973WA0127401276
B2038464749983N11928963WA0127501277
B2038474749988N11928953WA0127501277
B2038484749994N11928944WA0127201276
B2038494750000N11928934WA0127001273
B2038504750006N11928923WA0126601269
B2038514750013N11928912WA0126301266
B2038524750020N11928900WA0126001263
B2038534750026N11928888WA0125801261
B2038544750032N11928877WA0125601258
B2038554750038N11928865WA0125301256
B2038564750044N11928854WA0125001253
B2038574750050N11928842WA0124701248
B2038584750057N11928828WA0124301245
B2038594750063N11928815WA0124001241
B2039004750070N11928801WA0123801240
B2039014750076N11928788WA0123801240
B2039024750081N11928776WA0123801240
B2039034750087N11928764WA0123801240
B2039044750093N11928752WA0123601237
B2039054750100N11928739WA0123301234
B2039064750107N11928725WA0122901231
B2039074750114N11928711WA0122701228
B2039084750120N11928697WA0122501227
B2039094750127N11928684WA0122501226
B2039104750133N11928672WA0122501226
B2039114750139N11928660WA0122501227
B2039124750145N11928649WA0122501227
B2039134750151N11928639WA0122401226
B2039144750158N11928628WA0122201224
B2039154750165N11928616WA0122001222
B2039164750173N11928605WA0121501218
B2039174750181N11928592WA0121301215
B2039184750189N11928579WA0120901213
B2039194750196N11928567WA0120801211
B2039204750204N11928555WA0120701211
B2039214750211N11928544WA0120701210
B2039224750218N11928533WA0120601208
B2039234750226N11928522WA0120301205
B2039244750233N11928511WA0119801201
B2039254750241N11928498WA0119501197
B2039264750249N11928486WA0119101193
B2039274750257N11928473WA0118901191
B2039284750265N11928463WA0119101192
B2039294750271N11928454WA0119301194
B2039304750276N11928447WA0119501196
B2039314750282N11928439WA0119501197
B2039324750289N11928431WA0119301195
B2039334750296N11928421WA0119001194
B2039344750304N11928411WA0118501192
B2039354750311N11928401WA0118301189
B2039364750318N11928390WA0118001185
B2039374750325N11928379WA0117901184
B2039384750332N11928368WA0117801183
B2039394750338N11928358WA0117801184
B2039404750344N11928349WA0117801184
B2039414750349N11928339WA0117701183
B2039424750355N11928328WA0117601182
B2039434750360N11928317WA0117401180
B2039444750367N11928304WA0117001177
B2039454750373N11928291WA0116801174
B2039464750380N11928278WA0116501171
B2039474750388N11928266WA0116201168
B2039484750395N11928253WA0115901165
B2039494750403N11928240WA0115801163
B2039504750411N11928228WA0115501161
B2039514750418N11928217WA0115401160
B2039524750426N11928205WA0115201158
B2039534750433N11928192WA0115101156
B2039544750441N11928180WA0114801154
B2039554750450N11928168WA0114601151
B2039564750458N11928156WA0114501150
B2039574750466N11928145WA0114401149
B2039584750474N11928135WA0114301149
B2039594750482N11928125WA0114301148
B2040004750489N11928115WA0114201147
B2040014750497N11928106WA0114201146
B2040024750505N11928096WA0114101146
B2040034750513N11928088WA0114201146
B2040044750521N11928080WA0114201146
B2040054750528N11928071WA0114201146
B2040064750535N11928061WA0114101146
B2040074750543N11928051WA0114101145
B2040084750550N11928040WA0114001143
B2040094750558N11928029WA0113801142
B2040104750565N11928018WA0113801142
B2040114750572N11928008WA0114401142
B2040124750578N11927999WA0114101143
B2040134750585N11927991WA0114101144
B2040144750592N11927982WA0114001143
B2040154750599N11927973WA0113901142
B2040164750606N11927963WA0113901141
B2040174750613N11927954WA0114101142
B2040184750620N11927945WA0114501147
B2040194750626N11927937WA0114901152
B2040204750632N11927930WA0115201155
B2040214750639N11927924WA0115301157
B2040224750646N11927920WA0115601160
B2040234750653N11927919WA0115901162
B2040244750661N11927920WA0116301166
B2040254750667N11927926WA0116401166
B2040264750671N11927934WA0116501165
B2040274750674N11927943WA0116501166
B2040284750674N11927953WA0116501167
B2040294750672N11927959WA0116601169
B2040304750669N11927962WA0116901170
B2040314750666N11927960WA0117001172
B2040324750664N11927957WA0117101173
B2040334750662N11927951WA0117101172
B2040344750661N11927945WA0117301172
B2040354750660N11927937WA0117401173
B2040364750659N11927928WA0117701175
B2040374750659N11927920WA0117801177
B2040384750660N11927912WA0118101179
B2040394750662N11927905WA0118301181
B2040404750665N11927897WA0118501183
B2040414750670N11927891WA0118601184
B2040424750678N11927887WA0118701185
B2040434750687N11927887WA0118601184
B2040444750695N11927892WA0118801184
B2040454750700N11927900WA0119001187
B2040464750703N11927908WA0119301190
B2040474750703N11927917WA0119501192
B2040484750701N11927923WA0119701194
B2040494750698N11927926WA0119801195
B2040504750695N11927927WA0120001196
B2040514750692N11927925WA0120101198
B2040524750689N11927920WA0120301199
B2040534750688N11927914WA0120401200
B2040544750688N11927906WA0120601201
B2040554750690N11927897WA0120701202
B2040564750694N11927889WA0120701203
B2040574750700N11927884WA0120901205
B2040584750708N11927882WA0121001207
B2040594750717N11927883WA0121101208
B2041004750724N11927888WA0121401209
B2041014750730N11927895WA0121501211
B2041024750733N11927902WA0121901214
B2041034750735N11927911WA0122001216
B2041044750735N11927918WA0122201218
B2041054750735N11927925WA0122301220
B2041064750732N11927930WA0122401221
B2041074750729N11927933WA0122501222
B2041084750726N11927934WA0122601223
B2041094750722N11927934WA0122701224
B2041104750718N11927932WA0123001226
B2041114750714N11927929WA0123201229
B2041124750711N11927926WA0123501232
B2041134750709N11927921WA0123801235
B2041144750707N11927917WA0123801236
B2041154750706N11927911WA0123901236
B2041164750706N11927903WA0123801236
B2041174750707N11927893WA0123801235
B2041184750710N11927883WA0124001239
B2041194750713N11927874WA0124301243
B2041204750718N11927868WA0124701247
B2041214750723N11927863WA0125001250
B2041224750731N11927861WA0125001250
B2041234750739N11927861WA0125101251
B2041244750748N11927864WA0125301252
B2041254750754N11927870WA0125301255
B2041264750758N11927878WA0125601257
B2041274750759N11927886WA0125701259
B2041284750758N11927894WA0125801259
B2041294750754N11927897WA0125901260
B2041304750750N11927896WA0126201263
B2041314750747N11927890WA0126501267
B2041324750746N11927882WA0126901270
B2041334750748N11927872WA0126901272
B2041344750753N11927863WA0127101272
B2041354750759N11927855WA0127201274
B2041364750767N11927852WA0127401275
B2041374750776N11927853WA0127601277
B2041384750783N11927857WA0127901278
B2041394750789N11927865WA0128001280
B2041404750792N11927873WA0128101281
B2041414750792N11927882WA0128201283
B2041424750790N11927888WA0128401284
B2041434750787N11927891WA0128501285
B2041444750783N11927891WA0128701288
B2041454750780N11927888WA0129001293
B2041464750778N11927884WA0129301296
B2041474750777N11927879WA0129501298
B2041484750776N11927873WA0129701300
B2041494750775N11927865WA0129701301
B2041504750775N11927856WA0129801302
B2041514750775N11927846WA0129901303
B2041524750778N11927836WA0130001304
B2041534750782N11927827WA0130101305
B2041544750789N11927819WA0130301307
B2041554750796N11927812WA0130501309
B2041564750803N11927808WA0130801311
B2041574750811N11927806WA0131001314
B2041584750818N11927806WA0131101316
B2041594750826N11927808WA0131201316
B2042004750833N11927814WA0131101314
B2042014750838N11927821WA0131201316
B2042024750842N11927828WA0131501317
B2042034750844N11927836WA0131601319
B2042044750844N11927842WA0131901320
B2042054750842N11927846WA0131901321
B2042064750840N11927849WA0132001323
B2042074750838N11927850WA0132101324
B2042084750835N11927851WA0132301325
B2042094750833N11927850WA0132401327
B2042104750830N11927847WA0132601328
B2042114750827N11927843WA0132901330
B2042124750825N11927836WA0133101331
B2042134750826N11927828WA0133301333
B2042144750828N11927818WA0133501333
B2042154750833N11927809WA0133501333
B2042164750840N11927801WA0133601334
B2042174750847N11927796WA0133701336
B2042184750854N11927794WA0133801337
B2042194750862N11927796WA0133801338
B2042204750869N11927800WA0133701335
B2042214750877N11927806WA0133501334
B2042224750883N11927815WA0133401332
B2042234750887N11927824WA0133501332
B2042244750889N11927833WA0133701333
B2042254750890N11927840WA0133801334
B2042264750889N11927845WA0134201336
B2042274750888N11927848WA0134401339
B2042284750887N11927852WA0134601341
B2042294750885N11927856WA0134701343
B2042304750882N11927860WA0134701344
B2042314750879N11927865WA0134701345
B2042324750875N11927871WA0135001347
B2042334750873N11927876WA0135201350
B2042344750871N11927880WA0135701354
B2042354750869N11927883WA0135801357
B2042364750867N11927886WA0135901358
B2042374750864N11927890WA0135901359
B2042384750861N11927895WA0135901359
B2042394750858N11927901WA0136001360
B2042404750856N11927906WA0136401364
B2042414750854N11927910WA0136801369
B2042424750853N11927913WA0137101372
B2042434750852N11927916WA0137301374
B2042444750851N11927918WA0137401375
B2042454750849N11927919WA0137601376
B2042464750846N11927920WA0137601376
B2042474750843N11927919WA0137601377
B2042484750840N11927918WA0137801379
B2042494750836N11927917WA0138001381
B2042504750833N11927915WA0138201383
B2042514750830N11927913WA0138401385
B2042524750827N11927911WA0138601386
B2042534750823N11927909WA0138801389
B2042544750820N11927908WA0139001391
B2042554750817N11927906WA0139101393
B2042564750814N11927902WA0139301394
B2042574750811N11927898WA0139401396
B2042584750808N11927893WA0139601398
B2042594750805N11927888WA0139701400
B2043004750803N11927882WA0140001402
B2043014750801N11927875WA0140101404
B2043024750800N11927868WA0140301406
B2043034750799N11927860WA0140401407
B2043044750800N11927850WA0140501408
B2043054750803N11927841WA0140601408
B2043064750807N11927831WA0140701410
B2043074750814N11927825WA0140801411
B2043084750822N11927820WA0140901412
B2043094750829N11927819WA0141101415
B2043104750834N11927821WA0141501418
B2043114750838N11927826WA0141701421
B2043124750840N11927832WA0141801422
B2043134750841N11927838WA0141801423
B2043144750840N11927844WA0141901424
B2043154750837N11927847WA0142001425
B2043164750834N11927848WA0142201427
B2043174750831N11927847WA0142301429
B2043184750828N11927843WA0142601431
B2043194750826N11927837WA0142701433
B2043204750825N11927830WA0142801434
B2043214750824N11927820WA0142901435
B2043224750826N11927810WA0142901435
B2043234750829N11927799WA0143001435
B2043244750835N11927790WA0143201437
B2043254750841N11927784WA0143401439
B2043264750848N11927782WA0143701441
B2043274750854N11927783WA0143901443
B2043284750859N11927787WA0144001444
B2043294750862N11927791WA0144101446
B2043304750864N11927797WA0144201447
B2043314750865N11927804WA0144301448
B2043324750864N11927810WA0144301449
B2043334750861N11927814WA0144501450
B2043344750858N11927816WA0144701452
B2043354750854N11927816WA0144901454
B2043364750851N11927815WA0145201456
B2043374750847N11927812WA0145401459
B2043384750844N11927808WA0145701461
B2043394750841N11927804WA0145801462
B2043404750838N11927798WA0146101463
B2043414750836N11927790WA0146201464
B2043424750834N11927782WA0146301465
B2043434750833N11927772WA0146401466
B2043444750833N11927763WA0146501469
B2043454750834N11927754WA0146701470
B2043464750837N11927745WA0146801472
B2043474750840N11927737WA0146901473
B2043484750845N11927730WA0147101474
B2043494750852N11927725WA0147101475
B2043504750858N11927723WA0147301475
B2043514750866N11927723WA0147401476
B2043524750872N11927724WA0147501478
B2043534750878N11927727WA0147601479
B2043544750882N11927732WA0147801481
B2043554750885N11927737WA0147901482
B2043564750886N11927743WA0148001482
B2043574750887N11927749WA0148001483
B2043584750888N11927754WA0148101484
B2043594750889N11927759WA0148101484
B2044004750890N11927766WA0148101484
B2044014750892N11927772WA0148201484
B2044024750893N11927779WA0148301485
B2044034750895N11927786WA0148401486
B2044044750897N11927792WA0148701489
B2044054750899N11927798WA0148901492
B2044064750900N11927804WA0149101494
B2044074750900N11927810WA0149201496
B2044084750899N11927816WA0149401497
B2044094750898N11927822WA0149501499
B2044104750896N11927827WA0149901501
B2044114750893N11927830WA0150001504
B2044124750890N11927831WA0150301507
B2044134750887N11927830WA0150301507
B2044144750884N11927827WA0150401508
B2044154750880N11927823WA0150501509
B2044164750878N11927818WA0150601509
B2044174750876N11927810WA0150601510
B2044184750876N11927801WA0150601511
B2044194750879N11927791WA0150701511
B2044204750884N11927783WA0151001514
B2044214750890N11927778WA0151301519
B2044224750897N11927777WA0151701522
B2044234750902N11927780WA0151801525
B2044244750907N11927785WA0151801525
B2044254750911N11927791WA0151901526
B2044264750914N11927799WA0152101528
B2044274750914N11927806WA0152301530
B2044284750912N11927810WA0152601532
B2044294750909N11927812WA0152801534
B2044304750905N11927811WA0152901535
B2044314750901N11927808WA0152801534
B2044324750898N11927803WA0153001535
B2044334750895N11927796WA0153101536
B2044344750894N11927788WA0153201537
B2044354750893N11927779WA0153401540
B2044364750892N11927771WA0153701543
B2044374750892N11927763WA0154001545
B2044384750892N11927755WA0154301547
B2044394750893N11927748WA0154401549
B2044404750895N11927740WA0154601551
B2044414750899N11927734WA0154701552
B2044424750906N11927731WA0154801552
B2044434750913N11927729WA0154801553
B2044444750919N11927731WA0155101554
B2044454750925N11927735WA0155201557
B2044464750928N11927741WA0155501559
B2044474750930N11927748WA0155501560
B2044484750930N11927756WA0155601561
B2044494750928N11927764WA0155601562
B2044504750925N11927771WA0155901564
B2044514750922N11927777WA0156101566
B2044524750920N11927781WA0156501569
B2044534750918N11927785WA0156701573
B2044544750915N11927789WA0157001574
B2044554750912N11927792WA0157101577
B2044564750907N11927793WA0157201578
B2044574750902N11927791WA0157301578
B2044584750898N11927787WA0157401579
B2044594750895N11927780WA0157501581
B2045004750895N11927772WA0157701583
B2045014750896N11927764WA0157801585
B2045024750900N11927757WA0158001586
B2045034750906N11927751WA0158201588
B2045044750913N11927748WA0158501590
B2045054750919N11927749WA0158701593
B2045064750924N11927753WA0158901594
B2045074750928N11927760WA0158901595
B2045084750930N11927769WA0159001595
B2045094750930N11927778WA0159201597
B2045104750928N11927785WA0159401598
B2045114750924N11927790WA0159601600
B2045124750919N11927792WA0159701601
B2045134750915N11927792WA0159901602
B2045144750911N11927790WA0160101604
B2045154750908N11927786WA0160201607
B2045164750906N11927780WA0160401608
B2045174750905N11927772WA0160401609
B2045184750905N11927764WA0160701610
B2045194750906N11927756WA0160901612
B2045204750908N11927750WA0161101614
B2045214750911N11927743WA0161201615
B2045224750915N11927737WA0161201615
B2045234750920N11927730WA0161201615
B2045244750925N11927722WA0161201615
B2045254750930N11927714WA0161401617
B2045264750934N11927708WA0161801621
B2045274750939N11927703WA0162001624
B2045284750944N11927699WA0162201626
B2045294750949N11927697WA0162301627
B2045304750955N11927698WA0162301627
B2045314750962N11927701WA0162301626
B2045324750968N11927706WA0162401627
B2045334750973N11927712WA0162601629
B2045344750978N11927718WA0162901631
B2045354750982N11927723WA0163001632
B2045364750987N11927730WA0163201634
B2045374750992N11927737WA0163301636
B2045384750995N11927745WA0163701638
B2045394750999N11927753WA0164001641
B2045404751002N11927760WA0164301644
B2045414751005N11927766WA0164601648
B2045424751007N11927773WA0164901650
B2045434751009N11927781WA0164901651
B2045444751010N11927788WA0165001652
B2045454751009N11927795WA0165001653
B2045464751008N11927800WA0165101654
B2045474751006N11927804WA0165201655
B2045484751003N11927807WA0165201655
B2045494751000N11927807WA0165301656
B2045504750997N11927806WA0165201656
B2045514750994N11927804WA0165201656
B2045524750991N11927799WA0165201655
B2045534750988N11927793WA0165201656
B2045544750986N11927786WA0165301656
B2045554750984N11927780WA0165401658
B2045564750982N11927774WA0165601660
B2045574750980N11927768WA0165801661
B2045584750979N11927761WA0165901662
B2045594750978N11927754WA0166001663
B2046004750979N11927745WA0166201664
B2046014750982N11927737WA0166301666
B2046024750985N11927730WA0166601668
B2046034750990N11927724WA0166701670
B2046044750996N11927720WA0166801671
B2046054751003N11927717WA0166801671
B2046064751011N11927715WA0166901673
B2046074751017N11927713WA0167101675
B2046084751023N11927711WA0167501678
B2046094751029N11927708WA0167701681
B2046104751035N11927706WA0168001683
B2046114751042N11927704WA0168101685
B2046124751048N11927701WA0168301687
B2046134751055N11927700WA0168501690
B2046144751062N11927701WA0168901693
B2046154751068N11927705WA0169101695
B2046164751073N11927712WA0169301697
B2046174751076N11927720WA0169501699
B2046184751077N11927730WA0169701701
B2046194751075N11927738WA0169901702
B2046204751072N11927743WA0170101705
B2046214751068N11927745WA0170201706
B2046224751063N11927745WA0170301707
B2046234751059N11927743WA0170301707
B2046244751055N11927739WA0170401709
B2046254751053N11927733WA0170601710
B2046264751052N11927726WA0170901713
B2046274751053N11927720WA0171101716
B2046284751054N11927714WA0171301718
B2046294751055N11927707WA0171401719
B2046304751057N11927699WA0171601720
B2046314751059N11927691WA0171701721
B2046324751063N11927684WA0172001723
B2046334751067N11927678WA0172301726
B2046344751072N11927674WA0172501728
B2046354751078N11927672WA0172601730
B2046364751084N11927672WA0172701732
B2046374751091N11927672WA0172801733
B2046384751098N11927674WA0173001735
B2046394751104N11927677WA0173301738
B2046404751109N11927683WA0173601741
B2046414751112N11927690WA0173901743
B2046424751114N11927698WA0174201745
B2046434751113N11927705WA0174301747
B2046444751110N11927710WA0174601750
B2046454751106N11927713WA0174801751
B2046464751101N11927712WA0174801753
B2046474751096N11927709WA0174901753
B2046484751092N11927704WA0175101755
B2046494751090N11927697WA0175201757
B2046504751091N11927689WA0175501758
B2046514751094N11927682WA0175601759
B2046524751098N11927676WA0175801761
B2046534751103N11927671WA0175901762
B2046544751109N11927669WA0176101764
B2046554751116N11927668WA0176201766
B2046564751123N11927668WA0176501767
B2046574751129N11927671WA0176701769
B2046584751135N11927676WA0177001772
B2046594751139N11927682WA0177201774
B2047004751143N11927690WA0177401776
B2047014751144N11927698WA0177601778
B2047024751143N11927705WA0177801780
B2047034751140N11927712WA0177901781
B2047044751136N11927715WA0178101783
B2047054751132N11927717WA0178201785
B2047064751128N11927716WA0178301786
B2047074751123N11927713WA0178401787
B2047084751119N11927709WA0178501787
B2047094751116N11927702WA0178501789
B2047104751114N11927695WA0178701790
B2047114751114N11927686WA0178701792
B2047124751116N11927679WA0179001794
B2047134751118N11927671WA0179101796
B2047144751122N11927664WA0179201797
B2047154751126N11927658WA0179301799
B2047164751132N11927654WA0179401799
B2047174751138N11927651WA0179401800
B2047184751145N11927652WA0179401800
B2047194751152N11927655WA0179301798
B2047204751158N11927660WA0179401799
B2047214751163N11927667WA0179601801
B2047224751165N11927674WA0179901804
B2047234751167N11927682WA0180201807
B2047244751166N11927688WA0180401809
B2047254751164N11927694WA0180601811
B2047264751161N11927699WA0180701812
B2047274751158N11927703WA0180801814
B2047284751153N11927705WA0180901815
B2047294751148N11927706WA0181001816
B2047304751143N11927704WA0181201817
B2047314751139N11927700WA0181301818
B2047324751135N11927696WA0180201820
B2047334751131N11927692WA0181901821
B2047344751128N11927686WA0182201822
B2047354751124N11927681WA0181901822
B2047364751121N11927674WA0181801822
B2047374751117N11927667WA0181701821
B2047384751113N11927659WA0181501820
B2047394751109N11927651WA0181501818
B2047404751106N11927643WA0181501818
B2047414751103N11927635WA0181401818
B2047424751100N11927626WA0181401817
B2047434751098N11927616WA0181301816
B2047444751095N11927606WA0181101813
B2047454751093N11927595WA0180901812
B2047464751090N11927586WA0180901811
B2047474751088N11927576WA0180801811
B2047484751086N11927568WA0180701811
B2047494751083N11927559WA0180601810
B2047504751080N11927550WA0180501809
B2047514751077N11927540WA0180201807
B2047524751073N11927530WA0179701804
B2047534751070N11927519WA0179401800
B2047544751066N11927507WA0178901796
B2047554751062N11927496WA0178601791
B2047564751057N11927485WA0178301787
B2047574751053N11927473WA0178101784
B2047584751049N11927462WA0177901782
B2047594751045N11927450WA0177601779
B2048004751041N11927439WA0177401776
B2048014751036N11927428WA0177201773
B2048024751032N11927416WA0176801770
B2048034751028N11927404WA0176601767
B2048044751024N11927392WA0176301765
B2048054751020N11927380WA0176201763
B2048064751016N11927369WA0176301763
B2048074751013N11927358WA0176401763
B2048084751009N11927349WA0176501764
B2048094751006N11927340WA0176501764
B2048104751002N11927331WA0176301762
B2048114750998N11927322WA0176101758
B2048124750993N11927311WA0175601754
B2048134750988N11927300WA0175401751
B2048144750983N11927289WA0175201750
B2048154750979N11927278WA0175201750
B2048164750975N11927268WA0175301750
B2048174750971N11927258WA0175301751
B2048184750967N11927249WA0175101750
B2048194750964N11927240WA0175001748
B2048204750960N11927230WA0174601745
B2048214750956N11927220WA0174201742
B2048224750951N11927210WA0173701739
B2048234750946N11927200WA0173601735
B2048244750941N11927190WA0173301733
B2048254750937N11927181WA0173201731
B2048264750932N11927171WA0172901728
B2048274750928N11927162WA0172601726
B2048284750923N11927151WA0172101723
B2048294750918N11927141WA0172101721
B2048304750914N11927131WA0172101719
B2048314750911N11927122WA0172001719
B2048324750908N11927112WA0171901718
B2048334750905N11927102WA0171801717
B2048344750903N11927091WA0171401714
B2048354750902N11927078WA0171101710
B2048364750901N11927065WA0170601707
B2048374750900N11927052WA0170701705
B2048384750899N11927040WA0170701705
B2048394750899N11927029WA0170701706
B2048404750898N11927019WA0170801706
B2048414750898N11927009WA0170701705
B2048424750897N11926998WA0170501703
B2048434750897N11926986WA0170301701
B2048444750895N11926974WA0170101699
B2048454750894N11926962WA0170101699
B2048464750893N11926952WA0170201699
B2048474750892N11926942WA0170101699
B2048484750891N11926932WA0170101699
B2048494750890N11926921WA0169901698
B2048504750890N11926910WA0169601695
B2048514750889N11926898WA0169301692
B2048524750887N11926886WA0169201690
B2048534750886N11926876WA0169201690
B2048544750885N11926866WA0169201690
B2048554750884N11926857WA0169101690
B2048564750883N11926849WA0169301690
B2048574750881N11926842WA0169201691
B2048584750879N11926834WA0169201691
B2048594750877N11926827WA0169401691
B2049004750874N11926819WA0169201690
B2049014750872N11926811WA0169201690
B2049024750869N11926803WA0169101689
B2049034750868N11926794WA0169001688
B2049044750866N11926786WA0169001688
B2049054750864N11926777WA0168901687
B2049064750861N11926769WA0168701686
B2049074750859N11926761WA0168601686
B2049084750856N11926752WA0168601685
B2049094750854N11926744WA0168501684
B2049104750852N11926734WA0168201682
B2049114750849N11926724WA0168001681
B2049124750847N11926713WA0167801679
B2049134750844N11926703WA0167601677
B2049144750843N11926693WA0167501676
B2049154750841N11926682WA0167401676
B2049164750839N11926672WA0167301675
B2049174750838N11926662WA0167301675
B2049184750836N11926652WA0167201675
B2049194750836N11926642WA0167201674
B2049204750835N11926631WA0167101673
B2049214750835N11926620WA0167001672
B2049224750835N11926609WA0167101672
B2049234750835N11926598WA0167201674
B2049244750835N11926589WA0167401675
B2049254750835N11926580WA0167401676
B2049264750834N11926571WA0167401676
B2049274750833N11926562WA0167301675
B2049284750831N11926551WA0167001673
B2049294750829N11926540WA0166801671
B2049304750827N11926528WA0166701670
B2049314750826N11926517WA0166701670
B2049324750824N11926507WA0166601670
B2049334750821N11926497WA0166601670
B2049344750818N11926487WA0166501668
B2049354750814N11926477WA0166401667
B2049364750810N11926466WA0166301666
B2049374750806N11926455WA0166201665
B2049384750802N11926445WA0166101664
B2049394750797N11926435WA0166001663
B2049404750793N11926425WA0165301662
B2049414750788N11926415WA0166301661
B2049424750784N11926405WA0166001660
B2049434750779N11926394WA0165801660
B2049444750774N11926383WA0165801660
B2049454750770N11926372WA0165701660
B2049464750765N11926362WA0165901661
B2049474750760N11926352WA0166201664
B2049484750756N11926343WA0166501667
B2049494750751N11926334WA0166601668
B2049504750746N11926325WA0166801669
B2049514750741N11926316WA0166801670
B2049524750735N11926306WA0167001672
B2049534750730N11926297WA0167101673
B2049544750726N11926288WA0167201674
B2049554750722N11926279WA0167201674
B2049564750718N11926270WA0167201674
B2049574750713N11926261WA0167201674
B2049584750709N11926252WA0167201674
B2049594750704N11926243WA0167001673
B2050004750699N11926234WA0166901672
B2050014750694N11926225WA0166901671
B2050024750689N11926216WA0166801672
B2050034750685N11926207WA0166901673
B2050044750680N11926199WA0167001674
B2050054750676N11926190WA0167001674
B2050064750672N11926181WA0167001674
B2050074750667N11926172WA0167101675
B2050084750663N11926164WA0167301676
B2050094750659N11926155WA0167601679
B2050104750655N11926147WA0168101683
B2050114750651N11926140WA0168401686
B2050124750647N11926132WA0168801689
B2050134750643N11926123WA0169101692
B2050144750638N11926115WA0169201693
B2050154750634N11926106WA0169201694
B2050164750631N11926096WA0169301694
B2050174750629N11926087WA0169301695
B2050184750628N11926076WA0169401696
B2050194750628N11926066WA0169401697
B2050204750629N11926057WA0169501697
B2050214750631N11926047WA0169501697
B2050224750633N11926037WA0169401697
B2050234750635N11926027WA0169301695
B2050244750639N11926017WA0169201694
B2050254750642N11926006WA0169201693
B2050264750645N11925995WA0169101692
B2050274750648N11925985WA0169101692
B2050284750650N11925975WA0169201692
B2050294750653N11925965WA0169201692
B2050304750656N11925955WA0169101691
B2050314750659N11925944WA0169001690
B2050324750662N11925932WA0168701688
B2050334750665N11925920WA0168501685
B2050344750668N11925906WA0168501684
B2050354750669N11925894WA0168601686
B2050364750671N11925883WA0169001690
B2050374750672N11925873WA0169201692
B2050384750674N11925863WA0169301693
B2050394750675N11925852WA0169301693
B2050404750676N11925841WA0169201692
B2050414750678N11925829WA0169201691
B2050424750680N11925817WA0169001690
B2050434750682N11925805WA0169001689
B2050444750683N11925792WA0168801686
B2050454750685N11925777WA0168601684
B2050464750687N11925763WA0168501683
B2050474750689N11925749WA0168601683
B2050484750691N11925735WA0168701683
B2050494750692N11925722WA0168801684
B2050504750692N11925708WA0169001686
B2050514750693N11925695WA0169101688
B2050524750694N11925682WA0169301689
B2050534750696N11925670WA0169301690
B2050544750698N11925658WA0169401690
B2050554750701N11925646WA0169301690
B2050564750703N11925634WA0169301689
B2050574750706N11925621WA0169301689
B2050584750709N11925608WA0169401689
B2050594750712N11925595WA0169401689
B2051004750715N11925583WA0169501690
B2051014750718N11925572WA0169501691
B2051024750722N11925561WA0169601692
B2051034750725N11925551WA0169701692
B2051044750729N11925541WA0169501691
B2051054750732N11925530WA0169401689
B2051064750735N11925519WA0169001687
B2051074750737N11925507WA0168801685
B2051084750739N11925495WA0168601683
B2051094750741N11925483WA0168501682
B2051104750743N11925472WA0168601682
B2051114750745N11925462WA0168701684
B2051124750745N11925453WA0168601683
B2051134750745N11925444WA0168401681
B2051144750744N11925435WA0168201680
B2051154750742N11925426WA0168001678
B2051164750739N11925417WA0167701675
B2051174750736N11925408WA0167501673
B2051184750733N11925400WA0167401672
B2051194750730N11925391WA0167201671
B2051204750726N11925381WA0167001669
B2051214750723N11925371WA0166901667
B2051224750720N11925361WA0166801665
B2051234750717N11925351WA0166901666
B2051244750714N11925342WA0167001668
B2051254750711N11925333WA0167101670
B2051264750708N11925326WA0167101670
B2051274750705N11925318WA0167001669
B2051284750701N11925310WA0166701665
B2051294750696N11925302WA0166401662
B2051304750690N11925292WA0166201659
B2051314750684N11925283WA0166101658
B2051324750679N11925275WA0166201658
B2051334750674N11925267WA0166301661
B2051344750670N11925260WA0166501663
B2051354750667N11925253WA0166601664
B2051364750663N11925246WA0166501664
B2051374750659N11925240WA0166401662
B2051384750655N11925234WA0166001657
B2051394750650N11925227WA0165701653
B2051404750644N11925221WA0165401650
B2051414750638N11925214WA0165301648
B2051424750633N11925208WA0165101647
B2051434750627N11925202WA0165101646
B2051444750622N11925197WA0165001646
B2051454750617N11925192WA0164901645
B2051464750612N11925187WA0164701643
B2051474750607N11925182WA0164501640
B2051484750601N11925176WA0164401638
B2051494750595N11925171WA0164401638
B2051504750590N11925166WA0164501640
B2051514750585N11925163WA0164601641
B2051524750580N11925160WA0164701642
B2051534750574N11925156WA0164701641
B2051544750568N11925153WA0164701640
B2051554750562N11925150WA0164701640
B2051564750556N11925147WA0164701641
B2051574750550N11925144WA0164801642
B2051584750545N11925140WA0165001643
B2051594750539N11925137WA0165201646
B2052004750534N11925133WA0165401648
B2052014750530N11925130WA0165501650
B2052024750525N11925127WA0165701652
B2052034750520N11925124WA0165801654
B2052044750515N11925121WA0164801656
B2052054750510N11925117WA0166901657
B2052064750505N11925113WA0166601660
B2052074750503N11925110WA0166801664
B2052084750503N11925106WA0167401668
B2052094750502N11925102WA0167701672
B2052104750503N11925095WA0167801674
B2052114750504N11925087WA0167801671
B2052124750506N11925078WA0168001673
B2052134750511N11925072WA0168301678
B2052144750517N11925069WA0168601681
B2052154750525N11925071WA0168801683
B2052164750532N11925076WA0168901684
B2052174750536N11925083WA0169001686
B2052184750538N11925092WA0169301689
B2052194750537N11925099WA0169401691
B2052204750534N11925104WA0169601692
B2052214750529N11925105WA0169701694
B2052224750526N11925102WA0170001696
B2052234750523N11925097WA0170201699
B2052244750523N11925090WA0170501701
B2052254750526N11925083WA0170601702
B2052264750531N11925076WA0170601703
B2052274750538N11925072WA0170701704
B2052284750547N11925073WA0170901705
B2052294750554N11925079WA0171001707
B2052304750558N11925088WA0171301709
B2052314750559N11925097WA0171501713
B2052324750559N11925104WA0171901716
B2052334750556N11925108WA0172101719
B2052344750552N11925109WA0172301721
B2052354750548N11925105WA0172501722
B2052364750546N11925099WA0172801725
B2052374750547N11925091WA0173001728
B2052384750551N11925084WA0173201730
B2052394750557N11925079WA0173401732
B2052404750564N11925076WA0173601734
B2052414750572N11925077WA0173801737
B2052424750579N11925081WA0174001738
B2052434750584N11925089WA0174201739
B2052444750586N11925099WA0174301741
B2052454750585N11925107WA0174401742
B2052464750581N11925113WA0174601744
B2052474750577N11925115WA0174801746
B2052484750573N11925114WA0175301748
B2052494750571N11925112WA0175601754
B2052504750570N11925108WA0176001758
B2052514750570N11925103WA0176201760
B2052524750570N11925097WA0176301762
B2052534750570N11925089WA0176401763
B2052544750571N11925080WA0176601765
B2052554750573N11925072WA0176701767
B2052564750576N11925065WA0177101770
B2052574750580N11925058WA0177401774
B2052584750586N11925054WA0177601776
B2052594750594N11925052WA0177701777
B2053004750602N11925054WA0177901778
B2053014750608N11925060WA0178101781
B2053024750612N11925069WA0178301784
B2053034750614N11925078WA0178401786
B2053044750613N11925086WA0178601788
B2053054750609N11925091WA0178701791
B2053064750605N11925092WA0178901793
B2053074750601N11925087WA0179001795
B2053084750600N11925079WA0179201795
B2053094750601N11925070WA0179401798
B2053104750605N11925063WA0179801802
B2053114750611N11925057WA0180101805
B2053124750618N11925055WA0180301807
B2053134750625N11925057WA0180401809
B2053144750631N11925061WA0180601811
B2053154750637N11925068WA0180801812
B2053164750640N11925076WA0181001814
B2053174750641N11925085WA0181101815
B2053184750639N11925093WA0181301816
B2053194750635N11925098WA0181501818
B2053204750631N11925099WA0181701820
B2053214750626N11925097WA0181901821
B2053224750623N11925091WA0182101823
B2053234750621N11925083WA0182301825
B2053244750622N11925074WA0182701829
B2053254750626N11925067WA0182901833
B2053264750631N11925061WA0183301836
B2053274750638N11925059WA0183501839
B2053284750646N11925059WA0183701841
B2053294750654N11925063WA0183901842
B2053304750659N11925070WA0184201844
B2053314750661N11925079WA0184401848
B2053324750659N11925089WA0184601850
B2053334750654N11925094WA0184801852
B2053344750650N11925096WA0185201854
B2053354750646N11925095WA0185501860
B2053364750643N11925089WA0186001864
B2053374750642N11925082WA0186201866
B2053384750644N11925074WA0186501868
B2053394750647N11925065WA0186701871
B2053404750653N11925060WA0187101873
B2053414750660N11925057WA0187301876
B2053424750668N11925060WA0187501878
B2053434750674N11925066WA0187701880
B2053444750677N11925074WA0188201883
B2053454750677N11925083WA0188401887
B2053464750674N11925090WA0188701889
B2053474750669N11925091WA0189001892
B2053484750664N11925088WA0189201895
B2053494750661N11925081WA0189501898
B2053504750661N11925072WA0190001903
B2053514750663N11925063WA0190301907
B2053524750669N11925056WA0190701911
B2053534750677N11925053WA0190901914
B2053544750684N11925055WA0191301917
B2053554750690N11925063WA0191501920
B2053564750692N11925073WA0191801923
B2053574750691N11925082WA0192001925
B2053584750687N11925089WA0192301927
B2053594750682N11925091WA0192701930
B2054004750678N11925089WA0193201933
B2054014750675N11925083WA0193501937
B2054024750674N11925075WA0193901940
B2054034750676N11925065WA0194101942
B2054044750680N11925057WA0194501946
B2054054750686N11925052WA0194801949
B2054064750694N11925049WA0195301953
B2054074750702N11925051WA0195501956
B2054084750708N11925056WA0195901959
B2054094750713N11925063WA0196301963
B2054104750715N11925071WA0196701967
B2054114750714N11925079WA0196901970
B2054124750711N11925084WA0197301973
B2054134750706N11925086WA0197401975
B2054144750702N11925082WA0197801979
B2054154750699N11925076WA0198101982
B2054164750699N11925068WA0198601987
B2054174750701N11925060WA0198901991
B2054184750706N11925053WA0199301994
B2054194750713N11925048WA0199501997
B2054204750721N11925044WA0199802000
B2054214750728N11925044WA0200102003
B2054224750736N11925046WA0200502006
B2054234750742N11925051WA0200702010
B2054244750746N11925059WA0201102013
B2054254750747N11925069WA0201202015
B2054264750746N11925077WA0201502017
B2054274750742N11925082WA0201702020
B2054284750736N11925081WA0202002022
B2054294750732N11925076WA0202202025
B2054304750731N11925069WA0202702029
B2054314750731N11925061WA0203102034
B2054324750733N11925053WA0203702038
B2054334750738N11925047WA0203902040
B2054344750745N11925041WA0204102042
B2054354750753N11925039WA0204202045
B2054364750761N11925040WA0204502047
B2054374750769N11925046WA0204702048
B2054384750774N11925054WA0205002051
B2054394750776N11925063WA0205302054
B2054404750776N11925071WA0205602057
B2054414750773N11925076WA0205802059
B2054424750768N11925075WA0206002060
B2054434750764N11925070WA0206202061
B2054444750763N11925061WA0206502063
B2054454750765N11925052WA0206802068
B2054464750768N11925045WA0207402074
B2054474750771N11925039WA0207702079
B2054484750775N11925033WA0208102082
B2054494750779N11925026WA0208302085
B2054504750786N11925020WA0208502087
B2054514750794N11925016WA0208702089
B2054524750803N11925016WA0208702090
B2054534750812N11925020WA0209002093
B2054544750819N11925027WA0209302095
B2054554750823N11925038WA0210202097
B2054564750826N11925048WA0209902100
B2054574750828N11925059WA0210102102
B2054584750831N11925069WA0210502106
B2054594750834N11925081WA0210802109
B2055004750837N11925093WA0211002111
B2055014750839N11925105WA0211102111
B2055024750842N11925118WA0211202112
B2055034750845N11925131WA0211402114
B2055044750848N11925144WA0211702117
B2055054750850N11925157WA0211902120
B2055064750851N11925169WA0212202123
B2055074750850N11925182WA0212302124
B2055084750850N11925194WA0212402125
B2055094750848N11925206WA0212402125
B2055104750847N11925218WA0212302124
B2055114750845N11925231WA0212302124
B2055124750844N11925245WA0212102123
B2055134750842N11925259WA0212002122
B2055144750841N11925273WA0211802120
B2055154750839N11925288WA0211802119
B2055164750837N11925303WA0211802119
B2055174750835N11925317WA0211802119
B2055184750833N11925330WA0211802119
B2055194750831N11925343WA0211902120
B2055204750829N11925356WA0212102121
B2055214750827N11925368WA0212202123
B2055224750825N11925380WA0212402124
B2055234750823N11925391WA0212402125
B2055244750821N11925402WA0212402125
B2055254750819N11925415WA0212302124
B2055264750817N11925427WA0212102122
B2055274750815N11925441WA0212102121
B2055284750813N11925454WA0212002120
B2055294750810N11925466WA0212002120
B2055304750808N11925479WA0212102121
B2055314750806N11925490WA0212202123
B2055324750804N11925500WA0212202123
B2055334750802N11925511WA0212102122
B2055344750801N11925522WA0212002121
B2055354750799N11925533WA0211802120
B2055364750796N11925545WA0211402117
B2055374750794N11925558WA0211102115
B2055384750791N11925570WA0210802113
B2055394750788N11925583WA0210602110
B2055404750785N11925596WA0210402108
B2055414750781N11925609WA0210302107
B2055424750778N11925621WA0210202106
B2055434750775N11925633WA0210202105
B2055444750772N11925644WA0210202105
B2055454750769N11925654WA0210202105
B2055464750766N11925665WA0210102104
B2055474750763N11925677WA0209902103
B2055484750760N11925689WA0209702102
B2055494750757N11925701WA0209702102
B2055504750754N11925712WA0209802102
B2055514750751N11925724WA0209802103
B2055524750749N11925734WA0210002104
B2055534750746N11925745WA0210102106
B2055544750743N11925755WA0210002106
B2055554750741N11925767WA0210002105
B2055564750738N11925779WA0209702104
B2055574750735N11925792WA0209602102
B2055584750732N11925804WA0209502101
B2055594750729N11925816WA0209502101
B2056004750726N11925827WA0209702102
B2056014750724N11925838WA0209802104
B2056024750723N11925848WA0210002105
B2056034750722N11925857WA0210102106
B2056044750721N11925866WA0210102106
B2056054750720N11925877WA0210002105
B2056064750718N11925889WA0209802103
B2056074750715N11925900WA0209802103
B2056084750713N11925911WA0209802103
B2056094750712N11925922WA0209902104
B2056104750710N11925932WA0210002105
B2056114750708N11925943WA0209902105
B2056124750706N11925954WA0209902104
B2056134750704N11925965WA0209702103
B2056144750701N11925977WA0209502102
B2056154750698N11925990WA0209302099
B2056164750695N11926003WA0209102098
B2056174750693N11926016WA0209102098
B2056184750691N11926027WA0209402099
B2056194750689N11926036WA0209602103
B2056204750687N11926044WA0209802105
B2056214750685N11926054WA0209802104
B2056224750683N11926065WA0209502102
B2056234750681N11926076WA0209202099
B2056244750678N11926088WA0208802096
B2056254750674N11926100WA0208502093
B2056264750671N11926112WA0208202090
B2056274750667N11926124WA0208002088
B2056284750664N11926136WA0207702086
B2056294750660N11926148WA0207502082
B2056304750657N11926160WA0207102078
B2056314750653N11926172WA0206902074
B2056324750648N11926184WA0206402070
B2056334750644N11926196WA0206102066
B2056344750640N11926208WA0205902064
B2056354750637N11926218WA0205902064
B2056364750634N11926227WA0205902065
B2056374750631N11926234WA0205902064
B2056384750629N11926242WA0205602062
B2056394750626N11926250WA0205302058
B2056404750623N11926260WA0204802054
B2056414750619N11926271WA0204502050
B2056424750616N11926282WA0204002046
B2056434750612N11926293WA0203702043
B2056444750608N11926305WA0203302040
B2056454750605N11926315WA0203202038
B2056464750602N11926324WA0203102038
B2056474750599N11926332WA0203002036
B2056484750597N11926340WA0202702033
B2056494750595N11926348WA0202402029
B2056504750592N11926358WA0201602023
B2056514750589N11926370WA0201102017
B2056524750586N11926382WA0200402013
B2056534750584N11926393WA0200102008
B2056544750581N11926404WA0199602004
B2056554750578N11926415WA0199302000
B2056564750575N11926426WA0198801996
B2056574750572N11926437WA0198401990
B2056584750569N11926448WA0197801984
B2056594750566N11926460WA0197301979
B2057004750563N11926471WA0196701974
B2057014750560N11926483WA0196401970
B2057024750556N11926494WA0195901966
B2057034750553N11926506WA0195701962
B2057044750550N11926516WA0195601960
B2057054750548N11926525WA0195501959
B2057064750545N11926534WA0195401958
B2057074750542N11926543WA0195101955
B2057084750539N11926553WA0194701952
B2057094750537N11926562WA0194401948
B2057104750534N11926572WA0194101945
B2057114750531N11926581WA0193901943
B2057124750529N11926591WA0193601939
B2057134750527N11926600WA0193301936
B2057144750525N11926609WA0193001933
B2057154750522N11926618WA0192601929
B2057164750519N11926628WA0192001924
B2057174750517N11926639WA0191601919
B2057184750514N11926650WA0191001914
B2057194750511N11926661WA0190601909
B2057204750508N11926672WA0190101904
B2057214750505N11926684WA0189801900
B2057224750502N11926696WA0189201895
B2057234750500N11926708WA0189001892
B2057244750498N11926718WA0188901890
B2057254750496N11926728WA0188701888
B2057264750493N11926737WA0188301885
B2057274750491N11926747WA0188101882
B2057284750489N11926757WA0187601878
B2057294750487N11926767WA0187301874
B2057304750484N11926778WA0186801870
B2057314750481N11926790WA0186501867
B2057324750479N11926801WA0186201864
B2057334750476N11926810WA0186201862
B2057344750474N11926819WA0186301861
B2057354750473N11926826WA0186301861
B2057364750471N11926833WA0186001859
B2057374750468N11926842WA0185801856
B2057384750466N11926851WA0185301852
B2057394750464N11926861WA0185101848
B2057404750462N11926872WA0184601844
B2057414750459N11926882WA0184401840
B2057424750456N11926893WA0184001838
B2057434750454N11926904WA0183901836
B2057444750451N11926914WA0183701835
B2057454750449N11926923WA0183601833
B2057464750446N11926933WA0183301831
B2057474750443N11926943WA0183101828
B2057484750440N11926954WA0182701825
B2057494750437N11926965WA0182601823
B2057504750434N11926975WA0182701823
B2057514750431N11926984WA0182701823
B2057524750428N11926992WA0182801823
B2057534750425N11927000WA0182601822
B2057544750422N11927008WA0182301820
B2057554750420N11927016WA0182001815
B2057564750417N11927026WA0181501811
B2057574750414N11927036WA0181101807
B2057584750411N11927046WA0180701804
B2057594750408N11927055WA0180501802
B2058004750406N11927064WA0180301800
B2058014750403N11927072WA0180101798
B2058024750401N11927081WA0179701796
B2058034750399N11927091WA0179401792
B2058044750396N11927101WA0178901788
B2058054750394N11927112WA0178701785
B2058064750390N11927121WA0178201781
B2058074750386N11927131WA0178001779
B2058084750383N11927139WA0177801778
B2058094750380N11927147WA0177701776
B2058104750378N11927155WA0177501775
B2058114750375N11927164WA0177201772
B2058124750372N11927173WA0176801768
B2058134750368N11927183WA0176501765
B2058144750365N11927193WA0176301763
B2058154750361N11927201WA0176101762
B2058164750358N11927209WA0175901760
B2058174750354N11927218WA0175701758
B2058184750350N11927226WA0175501755
B2058194750346N11927235WA0175301753
B2058204750342N11927243WA0174901750
B2058214750339N11927251WA0174901749
B2058224750337N11927258WA0174801748
B2058234750335N11927264WA0174701747
B2058244750333N11927270WA0174501745
B2058254750330N11927277WA0174201742
B2058264750327N11927284WA0173501738
B2058274750322N11927293WA0173101731
B2058284750317N11927302WA0172701726
B2058294750312N11927309WA0172501726
B2058304750308N11927315WA0172501725
B2058314750304N11927320WA0172501724
B2058324750301N11927326WA0172501723
B2058334750297N11927332WA0172401722
B2058344750294N11927339WA0172101719
B2058354750289N11927347WA0171801716
B2058364750285N11927356WA0171401713
B2058374750280N11927366WA0171201710
B2058384750276N11927376WA0171001708
B2058394750272N11927385WA0171001709
B2058404750268N11927393WA0171201712
B2058414750265N11927400WA0171201712
B2058424750262N11927406WA0171301713
B2058434750259N11927413WA0171101712
B2058444750257N11927421WA0170801709
B2058454750255N11927430WA0170601705
B2058464750253N11927440WA0170401703
B2058474750250N11927449WA0170101701
B2058484750248N11927459WA0169801699
B2058494750246N11927468WA0169601697
B2058504750244N11927477WA0169301694
B2058514750242N11927487WA0169001691
B2058524750240N11927495WA0168601687
B2058534750237N11927504WA0168301684
B2058544750234N11927512WA0167901682
B2058554750230N11927519WA0167701679
B2058564750226N11927527WA0167301676
B2058574750223N11927535WA0166901673
B2058584750219N11927543WA0166501670
B2058594750215N11927551WA0166101666
B2059004750211N11927559WA0165601662
B2059014750206N11927568WA0165301657
B2059024750202N11927577WA0164801653
B2059034750196N11927587WA0164501649
B2059044750192N11927595WA0164301647
B2059054750187N11927604WA0164201646
B2059064750184N11927611WA0164301647
B2059074750180N11927618WA0164401647
B2059084750177N11927624WA0164301646
B2059094750173N11927632WA0164101644
B2059104750169N11927641WA0163601640
B2059114750164N11927651WA0163301637
B2059124750159N11927660WA0163101635
B2059134750154N11927669WA0163001633
B2059144750150N11927677WA0163101634
B2059154750146N11927685WA0163101635
B2059164750143N11927694WA0163001634
B2059174750140N11927704WA0163101634
B2059184750137N11927714WA0163301636
B2059194750135N11927723WA0163301637
B2059204750132N11927732WA0163401637
B2059214750129N11927741WA0163401637
B2059224750126N11927751WA0163301636
B2059234750122N11927762WA0163201635
B2059244750119N11927772WA0163201637
B2059254750116N11927781WA0163501639
B2059264750114N11927790WA0163801641
B2059274750112N11927799WA0163901643
B2059284750110N11927807WA0164001643
B2059294750107N11927817WA0163901643
B2059304750105N11927826WA0163901642
B2059314750103N11927837WA0163701640
B2059324750101N11927850WA0163501638
B2059334750098N11927862WA0163501638
B2059344750096N11927875WA0163801639
B2059354750094N11927886WA0164101642
B2059364750093N11927898WA0164401645
B2059374750091N11927909WA0164601646
B2059384750089N11927921WA0164701647
B2059394750087N11927933WA0164701648
B2059404750085N11927945WA0164701648
B2059414750082N11927958WA0164701648
B2059424750080N11927970WA0164701649
B2059434750079N11927982WA0164801650
B2059444750077N11927994WA0164901652
B2059454750076N11928005WA0165101653
B2059464750074N11928015WA0165301654
B2059474750074N11928025WA0165401656
B2059484750073N11928034WA0165601658
B2059494750072N11928044WA0165601659
B2059504750072N11928055WA0165701659
B2059514750071N11928065WA0165801660
B2059524750070N11928076WA0166001661
B2059534750070N11928086WA0166001662
B2059544750069N11928097WA0166301665
B2059554750068N11928108WA0166501667
B2059564750068N11928119WA0166801670
B2059574750067N11928129WA0167101674
B2059584750066N11928138WA0167301677
B2059594750065N11928147WA0167501678
B2100004750064N11928156WA0167501679
B2100014750063N11928165WA0167501679
B2100024750062N11928176WA0167401678
B2100034750060N11928186WA0167201677
B2100044750057N11928197WA0167001676
B2100054750054N11928208WA0166901675
B2100064750052N11928219WA0166801675
B2100074750049N11928230WA0166901676
B2100084750047N11928240WA0166901676
B2100094750044N11928251WA0166801675
B2100104750041N11928262WA0166601672
B2100114750037N11928273WA0166301670
B2100124750034N11928285WA0166001668
B2100134750030N11928297WA0165901666
B2100144750027N11928308WA0165801666
B2100154750024N11928318WA0165901666
B2100164750021N11928327WA0166001667
B2100174750020N11928335WA0166301669
B2100184750019N11928343WA0166501673
B2100194750018N11928350WA0166701674
B2100204750016N11928357WA0166601673
B2100214750015N11928365WA0166301670
B2100224750012N11928374WA0166101668
B2100234750010N11928384WA0165801666
B2100244750007N11928394WA0165801665
B2100254750005N11928403WA0165801665
B2100264750003N11928411WA0165801665
B2100274750002N11928420WA0165601663
B2100284750000N11928429WA0165401660
B2100294749998N11928439WA0165101657
B2100304749995N11928449WA0164701654
B2100314749992N11928460WA0164201650
B2100324749989N11928471WA0163901646
B2100334749986N11928481WA0163501643
B2100344749983N11928492WA0163301640
B2100354749980N11928502WA0162901637
B2100364749977N11928510WA0162801635
B2100374749975N11928518WA0162901634
B2100384749973N11928525WA0162801634
B2100394749972N11928532WA0162801633
B2100404749970N11928540WA0162701632
B2100414749968N11928549WA0162501629
B2100424749966N11928558WA0162401630
B2100434749964N11928566WA0162501631
B2100444749962N11928574WA0162701633
B2100454749960N11928582WA0162801634
B2100464749959N11928589WA0163001636
B2100474749958N11928596WA0163201637
B2100484749956N11928603WA0163301638
B2100494749954N11928610WA0163301638
B2100504749951N11928618WA0163301638
B2100514749949N11928626WA0163301638
B2100524749947N11928635WA0163301638
B2100534749946N11928642WA0163501641
B2100544749944N11928649WA0163601642
B2100554749943N11928657WA0163701643
B2100564749942N11928664WA0163601642
B2100574749940N11928672WA0163601642
B2100584749939N11928680WA0163701644
B2100594749937N11928687WA0164101646
B2101004749935N11928693WA0164301649
B2101014749933N11928700WA0164401649
B2101024749931N11928707WA0164401649
B2101034749929N11928715WA0164201646
B2101044749927N11928725WA0164101644
B2101054749924N11928735WA0164001643
B2101064749921N11928744WA0164001644
B2101074749919N11928753WA0164301645
B2101084749917N11928761WA0164501647
B2101094749914N11928769WA0164801650
B2101104749913N11928776WA0164901650
B2101114749911N11928783WA0164901651
B2101124749909N11928790WA0164901650
B2101134749907N11928797WA0164501647
B2101144749904N11928806WA0164201643
B2101154749902N11928816WA0163701638
B2101164749899N11928825WA0163301634
B2101174749896N11928835WA0162901631
B2101184749893N11928844WA0162701628
B2101194749890N11928854WA0162301624
B2101204749886N11928863WA0162001621
B2101214749883N11928872WA0161901619
B2101224749879N11928880WA0160001618
B2101234749877N11928884WA0162601617
B2101244749876N11928887WA0162801620
B2101254749875N11928889WA0162801621
B2101264749875N11928893WA0162801621
B2101274749874N11928898WA0162601621
B2101284749873N11928905WA0162501621
B2101294749871N11928912WA0162401620
B2101304749869N11928920WA0162301621
B2101314749867N11928928WA0162301622
B2101324749866N11928937WA0162401623
B2101334749865N11928945WA0162501624
B2101344749863N11928953WA0162601625
B2101354749862N11928960WA0162701627
B2101364749860N11928967WA0163001629
B2101374749860N11928974WA0163401633
B2101384749859N11928980WA0163701636
B2101394749858N11928986WA0163801638
B2101404749857N11928992WA0163901638
B2101414749856N11928999WA0163801637
B2101424749854N11929006WA0163701636
B2101434749852N11929012WA0163601635
B2101444749850N11929018WA0163501634
B2101454749848N11929025WA0163401634
B2101464749846N11929032WA0163401633
B2101474749844N11929039WA0163401633
B2101484749842N11929047WA0163501633
B2101494749840N11929054WA0163401633
B2101504749837N11929062WA0163201631
B2101514749833N11929071WA0163001629
B2101524749829N11929081WA0162701626
B2101534749826N11929090WA0162601625
B2101544749822N11929099WA0162601626
B2101554749819N11929108WA0162801627
B2101564749817N11929116WA0163001627
B2101574749815N11929123WA0163101628
B2101584749814N11929131WA0163101628
B2101594749812N11929138WA0162901628
B2102004749810N11929147WA0162701628
B2102014749807N11929156WA0162601628
B2102024749804N11929165WA0162701628
B2102034749803N11929173WA0162801627
B2102044749801N11929182WA0162901629
B2102054749800N11929190WA0163101631
B2102064749799N11929198WA0163201632
B2102074749797N11929207WA0163201633
B2102084749796N11929216WA0163201634
B2102094749795N11929225WA0163401636
B2102104749794N11929234WA0163501638
B2102114749792N11929243WA0163801640
B2102124749791N11929252WA0163901643
B2102134749790N11929260WA0164301646
B2102144749789N11929267WA0164701651
B2102154749789N11929273WA0165201655
B2102164749788N11929279WA0165401659
B2102174749788N11929285WA0165601660
B2102184749788N11929293WA0165601661
B2102194749788N11929301WA0165701662
B2102204749787N11929309WA0165901664
B2102214749787N11929316WA0166301667
B2102224749787N11929324WA0166501671
B2102234749786N11929330WA0166901674
B2102244749785N11929336WA0167001676
B2102254749784N11929342WA0167001677
B2102264749783N11929350WA0166901676
B2102274749782N11929359WA0166701674
B2102284749781N11929368WA0166601675
B2102294749781N11929377WA0166701675
B2102304749781N11929385WA0167001677
B2102314749781N11929391WA0167301680
B2102324749782N11929397WA0167401681
B2102334749783N11929402WA0167601683
B2102344749783N11929408WA0167701685
B2102354749784N11929414WA0167801685
B2102364749783N11929420WA0167701685
B2102374749782N11929427WA0167701685
B2102384749781N11929435WA0167701685
B2102394749781N11929444WA0167601684
B2102404749781N11929452WA0167701684
B2102414749781N11929461WA0167801683
B2102424749782N11929468WA0168001684
B2102434749782N11929477WA0167801684
B2102444749783N11929484WA0167601683
B2102454749783N11929493WA0167301682
B2102464749783N11929501WA0167101679
B2102474749783N11929510WA0166801676
B2102484749782N11929519WA0166501673
B2102494749782N11929528WA0166301671
B2102504749782N11929535WA0166201671
B2102514749782N11929541WA0166001669
B2102524749781N11929548WA0165801665
B2102534749781N11929556WA0165301659
B2102544749780N11929565WA0164901655
B2102554749779N11929575WA0164101650
B2102564749778N11929584WA0163801646
B2102574749776N11929593WA0163401643
B2102584749774N11929600WA0163301640
B2102594749772N11929608WA0162701635
B2103004749770N11929617WA0162301630
B2103014749767N11929626WA0161801625
B2103024749764N11929634WA0161501621
B2103034749761N11929643WA0161201619
B2103044749759N11929650WA0161201618
B2103054749756N11929658WA0161001616
B2103064749754N11929666WA0160801613
B2103074749751N11929675WA0160501610
B2103084749748N11929685WA0160201607
B2103094749745N11929695WA0159901604
B2103104749743N11929706WA0159801602
B2103114749740N11929716WA0159601600
B2103124749738N11929725WA0159501599
B2103134749735N11929735WA0159301597
B2103144749733N11929744WA0159101595
B2103154749730N11929753WA0158701592
B2103164749727N11929763WA0158501590
B2103174749724N11929772WA0158101587
B2103184749720N11929781WA0157901584
B2103194749717N11929789WA0157601582
B2103204749714N11929798WA0157501580
B2103214749710N11929806WA0157301577
B2103224749707N11929816WA0157101575
B2103234749703N11929825WA0156801572
B2103244749700N11929835WA0156601570
B2103254749697N11929844WA0156501569
B2103264749693N11929853WA0156401568
B2103274749690N11929861WA0156401567
B2103284749686N11929869WA0156201565
B2103294749683N11929879WA0155901563
B2103304749679N11929889WA0155701560
B2103314749676N11929899WA0155501559
B2103324749673N11929909WA0155401557
B2103334749670N11929918WA0155101556
B2103344749667N11929926WA0155001555
B2103354749664N11929935WA0154801553
B2103364749660N11929944WA0154601551
B2103374749657N11929953WA0154401548
B2103384749654N11929963WA0154201546
B2103394749651N11929972WA0154001545
B2103404749648N11929982WA0153901544
B2103414749646N11929992WA0153901544
B2103424749645N11930002WA0153801544
B2103434749643N11930012WA0153701543
B2103444749641N11930022WA0153601541
B2103454749639N11930034WA0153201539
B2103464749636N11930045WA0153201538
B2103474749633N11930055WA0153001537
B2103484749630N11930065WA0153101539
B2103494749628N11930074WA0153201540
B2103504749626N11930083WA0153301541
B2103514749623N11930092WA0153401541
B2103524749621N11930100WA0153401541
B2103534749618N11930109WA0153301541
B2103544749616N11930119WA0153301541
B2103554749613N11930128WA0153501543
B2103564749612N11930137WA0153701545
B2103574749610N11930145WA0154001546
B2103584749609N11930153WA0154101548
B2103594749607N11930161WA0154201549
B2104004749605N11930167WA0154301550
B2104014749604N11930173WA0154301550
B2104024749603N11930179WA0154101548
B2104034749602N11930186WA0153701545
B2104044749599N11930195WA0153301541
B2104054749595N11930203WA0153001539
B2104064749593N11930210WA0153101540
B2104074749591N11930216WA0153301542
B2104084749589N11930223WA0153501544
B2104094749588N11930229WA0153501543
B2104104749587N11930236WA0153301542
B2104114749585N11930244WA0153101539
B2104124749584N11930253WA0152901536
B2104134749582N11930263WA0152601533
B2104144749580N11930272WA0152501532
B2104154749579N11930281WA0152601532
B2104164749578N11930289WA0152601533
B2104174749577N11930296WA0152701534
B2104184749577N11930304WA0152801535
B2104194749577N11930313WA0152801535
B2104204749577N11930321WA0152801534
B2104214749576N11930330WA0152601533
B2104224749576N11930340WA0152501532
B2104234749576N11930350WA0152301531
B2104244749575N11930359WA0152201530
B2104254749575N11930369WA0152101529
B2104264749575N11930377WA0152101529
B2104274749575N11930386WA0151901527
B2104284749576N11930394WA0151801526
B2104294749575N11930403WA0151501524
B2104304749574N11930413WA0151401521
B2104314749573N11930422WA0151201520
B2104324749573N11930430WA0151201521
B2104334749572N11930438WA0151301521
B2104344749572N11930446WA0151401522
B2104354749572N11930454WA0151301521
B2104364749572N11930464WA0151101520
B2104374749572N11930474WA0151001519
B2104384749572N11930485WA0150901518
B2104394749572N11930495WA0150901518
B2104404749572N11930505WA0150901519
B2104414749572N11930514WA0150901519
B2104424749571N11930523WA0150901519
B2104434749570N11930532WA0150701517
B2104444749568N11930542WA0150501516
B2104454749567N11930552WA0150301514
B2104464749566N11930561WA0150101512
B2104474749565N11930570WA0149901510
B2104484749564N11930579WA0149701508
B2104494749562N11930589WA0149401505
B2104504749560N11930598WA0149201502
B2104514749559N11930608WA0148801498
B2104524749557N11930618WA0148601495
B2104534749555N11930629WA0148101491
B2104544749553N11930639WA0147901488
B2104554749552N11930650WA0147501485
B2104564749550N11930660WA0147401483
B2104574749548N11930670WA0147201482
B2104584749547N11930678WA0147101482
B2104594749546N11930686WA0147001481
B2105004749544N11930694WA0146901479
B2105014749543N11930702WA0146501477
B2105024749541N11930710WA0146301473
B2105034749540N11930719WA0145901470
B2105044749538N11930728WA0145601467
B2105054749537N11930737WA0145201463
B2105064749535N11930746WA0144901460
B2105074749533N11930756WA0144501456
B2105084749531N11930766WA0144201453
B2105094749529N11930776WA0144001450
B2105104749528N11930786WA0143801448
B2105114749527N11930795WA0143601446
B2105124749526N11930804WA0143501446
B2105134749525N11930812WA0143401445
B2105144749523N11930820WA0143301444
B2105154749521N11930827WA0143001441
B2105164749519N11930835WA0142701438
B2105174749517N11930844WA0142101434
B2105184749516N11930853WA0141801430
B2105194749515N11930862WA0141401428
B2105204749514N11930870WA0141201425
B2105214749514N11930878WA0140701420
B2105224749513N11930886WA0140401415
B2105234749512N11930893WA0139701410
B2105244749511N11930901WA0139401405
B2105254749510N11930909WA0138701400
B2105264749509N11930916WA0138301395
B2105274749507N11930924WA0137701390
B2105284749506N11930931WA0137401386
B2105294749505N11930939WA0136901382
B2105304749504N11930946WA0136501378
B2105314749503N11930954WA0135901373
B2105324749502N11930962WA0135601368
B2105334749501N11930970WA0135001362
B2105344749501N11930979WA0134601357
B2105354749501N11930988WA0134101353
B2105364749502N11930996WA0133801350
B2105374749502N11931003WA0133401347
B2105384749501N11931010WA0133001343
B2105394749500N11931017WA0132401338
B2105404749499N11931025WA0132001333
B2105414749498N11931033WA0131501329
B2105424749496N11931041WA0131101325
B2105434749495N11931049WA0130601321
B2105444749494N11931057WA0130301317
B2105454749493N11931064WA0129901313
B2105464749491N11931072WA0129601309
B2105474749490N11931080WA0129001304
B2105484749488N11931088WA0128601300
B2105494749486N11931096WA0128201295
B2105504749483N11931103WA0127901292
B2105514749481N11931111WA0127601289
B2105524749478N11931118WA0127401287
B2105534749476N11931126WA0127101284
B2105544749473N11931133WA0126901282
B2105554749471N11931140WA0126801280
B2105564749468N11931148WA0126601277
B2105574749466N11931156WA0126301275
B2105584749464N11931164WA0126101272
B2105594749462N11931172WA0125801270
B2106004749460N11931180WA0125601267
B2106014749458N11931188WA0125401265
B2106024749456N11931196WA0125301263
B2106034749454N11931204WA0125001260
B2106044749452N11931213WA0124801258
B2106054749450N11931222WA0124401255
B2106064749449N11931230WA0124101252
B2106074749447N11931239WA0123801249
B2106084749446N11931248WA0123501246
B2106094749444N11931256WA0123201243
B2106104749443N11931263WA0123001240
B2106114749442N11931271WA0122501237
B2106124749441N11931279WA0122301233
B2106134749440N11931287WA0122001230
B2106144749440N11931295WA0121701228
B2106154749439N11931303WA0121401225
B2106164749439N11931311WA0121201223
B2106174749439N11931318WA0120801220
B2106184749438N11931325WA0120601216
B2106194749437N11931333WA0120001211
B2106204749436N11931343WA0119501205
B2106214749435N11931353WA0119001200
B2106224749434N11931361WA0118801198
B2106234749434N11931368WA0118701196
B2106244749433N11931374WA0118601194
B2106254749433N11931380WA0118201190
B2106264749431N11931386WA0117901185
B2106274749430N11931393WA0117201179
B2106284749428N11931401WA0116701174
B2106294749426N11931409WA0116301170
B2106304749424N11931417WA0116001166
B2106314749422N11931426WA0115601162
B2106324749422N11931434WA0115301159
B2106334749422N11931442WA0114801155
B2106344749421N11931451WA0114501151
B2106354749419N11931459WA0113901146
B2106364749418N11931468WA0113501142
B2106374749417N11931477WA0112801137
B2106384749415N11931486WA0112501132
B2106394749413N11931495WA0111901128
B2106404749410N11931505WA0111601124
B2106414749408N11931514WA0111301122
B2106424749406N11931522WA0111201120
B2106434749404N11931530WA0110901117
B2106444749401N11931539WA0110601113
B2106454749399N11931548WA0110101109
B2106464749397N11931557WA0109901105
B2106474749394N11931566WA0109501102
B2106484749393N11931575WA0109401100
B2106494749391N11931582WA0109301100
B2106504749390N11931590WA0109101097
B2106514749389N11931598WA0108601093
B2106524749387N11931607WA0108301087
B2106534749385N11931617WA0107601082
B2106544749382N11931627WA0107201077
B2106554749380N11931636WA0106801073
B2106564749378N11931645WA0106501071
B2106574749376N11931654WA0106201068
B2106584749374N11931662WA0106101065
B2106594749372N11931670WA0105801062
B2107004749370N11931678WA0105601060
B2107014749368N11931685WA0105301057
B2107024749366N11931692WA0105001054
B2107034749363N11931700WA0104701051
B2107044749361N11931707WA0104401048
B2107054749359N11931714WA0103901044
B2107064749356N11931722WA0103701040
B2107074749353N11931730WA0103301036
B2107084749350N11931739WA0103001033
B2107094749348N11931748WA0102801032
B2107104749345N11931756WA0102801033
B2107114749344N11931763WA0103201035
B2107124749343N11931769WA0103301037
B2107134749342N11931776WA0103401037
B2107144749340N11931784WA0103301036
B2107154749338N11931793WA0103201035
B2107164749336N11931802WA0103201035
B2107174749335N11931809WA0103401037
B2107184749334N11931816WA0103501038
B2107194749334N11931823WA0103501038
B2107204749333N11931831WA0103401037
B2107214749332N11931840WA0103201036
B2107224749330N11931848WA0103001034
B2107234749329N11931857WA0102801033
B2107244749328N11931865WA0102701031
B2107254749326N11931873WA0102401029
B2107264749325N11931882WA0102201026
B2107274749323N11931891WA0101901024
B2107284749322N11931900WA0101701022
B2107294749320N11931909WA0101501020
B2107304749319N11931917WA0101301018
B2107314749317N11931925WA0101001015
B2107324749315N11931933WA0100601011
B2107334749313N11931942WA0100201007
B2107344749310N11931952WA0100001004
B2107354749308N11931961WA0099701002
B2107364749306N11931970WA0099501000
B2107374749304N11931979WA0099300998
B2107384749301N11931987WA0099200996
B2107394749299N11931995WA0099000994
B2107404749296N11932004WA0098800992
B2107414749294N11932014WA0098500990
B2107424749292N11932024WA0098500990
B2107434749290N11932033WA0098500991
B2107444749289N11932041WA0098700992
B2107454749287N11932048WA0098700992
B2107464749285N11932055WA0098700991
B2107474749282N11932063WA0098500990
B2107484749279N11932071WA0098400989
B2107494749276N11932079WA0098300988
B2107504749273N11932087WA0098300988
B2107514749271N11932095WA0098300988
B2107524749269N11932103WA0098300988
B2107534749267N11932111WA0098300987
B2107544749265N11932119WA0098200985
B2107554749263N11932128WA0098100983
B2107564749262N11932137WA0097900981
B2107574749260N11932146WA0097700980
B2107584749258N11932154WA0097700979
B2107594749257N11932161WA0097700980
B2108004749256N11932168WA0097800980
B2108014749255N11932174WA0097700981
B2108024749254N11932180WA0097700980
B2108034749252N11932187WA0097500978
B2108044749249N11932194WA0097300976
B2108054749247N11932201WA0097200975
B2108064749244N11932209WA0097200974
B2108074749241N11932216WA0097200974
B2108084749238N11932223WA0097200976
B2108094749236N11932229WA0097500978
B2108104749234N11932234WA0097700980
B2108114749232N11932240WA0097900981
B2108124749230N11932246WA0097900981
B2108134749228N11932252WA0098000982
B2108144749227N11932257WA0098200983
B2108154749226N11932263WA0098300985
B2108164749225N11932269WA0098400987
B2108174749223N11932274WA0098500988
B2108184749221N11932280WA0098500987
B2108194749218N11932287WA0098400987
B2108204749216N11932293WA0098500987
B2108214749214N11932299WA0098600989
B2108224749212N11932304WA0098600989
B2108234749211N11932308WA0098700989
B2108244749209N11932313WA0098600988
B2108254749207N11932318WA0098600988
B2108264749205N11932324WA0098500988
B2108274749204N11932328WA0098600988
B2108284749202N11932332WA0098600989
B2108294749200N11932336WA0098500988
B2108304749198N11932341WA0098400985
B2108314749196N11932347WA0098000982
B2108324749194N11932355WA0097800980
B2108334749192N11932363WA0097400978
B2108344749190N11932369WA0097200976
B2108354749187N11932376WA0097100974
B2108364749185N11932382WA0096900972
B2108374749184N11932388WA0096500970
B2108384749184N11932394WA0096400968
B2108394749183N11932400WA0096100966
B2108404749182N11932405WA0095900962
B2108414749180N11932411WA0095400958
B2108424749179N11932418WA0095000954
B2108434749178N11932426WA0094600950
B2108444749177N11932434WA0094300947
B2108454749176N11932442WA0094000945
B2108464749175N11932450WA0093800942
B2108474749173N11932457WA0093500940
B2108484749172N11932463WA0093300937
B2108494749170N11932470WA0093000935
B2108504749169N11932477WA0092700931
B2108514749168N11932483WA0092500929
B2108524749167N11932490WA0092200926
B2108534749166N11932496WA0092000924
B2108544749165N11932502WA0091900922
B2108554749164N11932507WA0091600920
B2108564749163N11932512WA0091400918
B2108574749161N11932517WA0091000915
B2108584749159N11932523WA0090800911
B2108594749157N11932529WA0090500909
B2109004749155N11932535WA0090300908
B2109014749154N11932540WA0090100906
B2109024749152N11932545WA0090000904
B2109034749151N11932551WA0089800901
B2109044749149N11932557WA0089500898
B2109054749147N11932563WA0089200895
B2109064749146N11932569WA0089000892
B2109074749145N11932574WA0088700890
B2109084749144N11932580WA0088600888
B2109094749143N11932586WA0088300886
B2109104749142N11932592WA0088100883
B2109114749141N11932597WA0087900880
B2109124749140N11932602WA0087700878
B2109134749138N11932607WA0087400876
B2109144749136N11932612WA0087100873
B2109154749134N11932617WA0086800870
B2109164749132N11932623WA0086500867
B2109174749130N11932629WA0086100863
B2109184749128N11932636WA0085900859
B2109194749125N11932643WA0085600858
B2109204749123N11932649WA0085600857
B2109214749121N11932655WA0085600857
B2109224749120N11932661WA0085500856
B2109234749119N11932667WA0085400855
B2109244749118N11932672WA0085300854
B2109254749116N11932677WA0085100853
B2109264749114N11932681WA0084700852
B2109274749112N11932685WA0084800851
B2109284749111N11932688WA0085100849
B2109294749110N11932692WA0084500847
B2109304749108N11932696WA0084200845
B2109314749107N11932699WA0083800843
B2109324749105N11932701WA0083500840
B2109334749104N11932704WA0083200838
B2109344749102N11932706WA0083000835
B2109354749101N11932709WA0082500831
B2109364749099N11932711WA0082300827
B2109374749098N11932714WA0081900824
B2109384749096N11932716WA0081600820
B2109394749093N11932718WA0081200816
B2109404749091N11932720WA0080900813
B2109414749088N11932722WA0080500809
B2109424749085N11932723WA0080200806
B2109434749082N11932725WA0079900803
B2109444749079N11932727WA0079600800
B2109454749077N11932729WA0079400797
B2109464749074N11932731WA0079100794
B2109474749071N11932733WA0078800791
B2109484749069N11932735WA0078600788
B2109494749066N11932737WA0078200785
B2109504749063N11932738WA0078000781
B2109514749060N11932740WA0077600778
B2109524749056N11932743WA0077300774
B2109534749053N11932745WA0077000771
B2109544749050N11932747WA0076800769
B2109554749048N11932749WA0076400766
B2109564749046N11932752WA0076200763
B2109574749044N11932755WA0075900759
B2109584749043N11932759WA0075700757
B2109594749042N11932763WA0075500755
B2110004749040N11932766WA0075400754
B2110014749037N11932768WA0075300753
B2110024749033N11932767WA0075100750
B2110034749028N11932764WA0074900748
B2110044749025N11932758WA0074800747
B2110054749023N11932750WA0074800747
B2110064749021N11932744WA0074800748
B2110074749019N11932739WA0074900749
B2110084749016N11932737WA0074800748
B2110094749012N11932737WA0074400746
B2110104749008N11932740WA0074100744
B2110114749007N11932746WA0073800741
B2110124749007N11932753WA0073600738
B2110134749009N11932759WA0073500735
B2110144749012N11932764WA0073500735
B2110154749014N11932770WA0073500734
B2110164749016N11932776WA0073500735
B2110174749017N11932783WA0073400735
B2110184749017N11932790WA0073300734
B2110194749015N11932795WA0073300733
B2110204749010N11932796WA0073100731
B2110214749007N11932792WA0072700728
B2110224749005N11932787WA0072600726
B2110234749004N11932783WA0072600726
B2110244749002N11932779WA0072600725
B2110254749000N11932777WA0072400723
B2110264748997N11932776WA0072100719
B2110274748994N11932778WA0071800715
B2110284748991N11932781WA0071500712
B2110294748989N11932785WA0071300711
B2110304748986N11932788WA0071100709
B2110314748982N11932789WA0071000707
B2110324748979N11932789WA0070800705
B2110334748975N11932789WA0070700704
B2110344748972N11932789WA0070700702
B2110354748969N11932789WA0070600702
B2110364748966N11932791WA0070500701
B2110374748964N11932793WA0070600701
B2110384748963N11932795WA0070400700
B2110394748961N11932798WA0070200699
B2110404748959N11932801WA0070100697
B2110414748956N11932803WA0069900695
B2110424748953N11932805WA0069800694
B2110434748950N11932806WA0069600693
B2110444748948N11932808WA0069600693
B2110454748947N11932809WA0069600692
B2110464748947N11932809WA0069700693
B2110474748946N11932810WA0069700692
B2110484748945N11932810WA0069700693
B2110494748944N11932810WA0069700693
B2110504748944N11932810WA0069700692
B2110514748944N11932810WA0069700692
B2110524748944N11932810WA0069800692
B2110534748944N11932810WA0069700692
B2110544748944N11932809WA0069800692
B2110554748944N11932809WA0069700692
B2110564748943N11932809WA0069700692
B2110574748943N11932809WA0069700693
B2110584748943N11932809WA0069700693
B2110594748943N11932809WA0069700693
B2111004748943N11932809WA0069700693
B2111014748943N11932809WA0069700693
B2111024748943N11932809WA0069700693
B2111034748943N11932809WA0069700692
B2111044748943N11932809WA0069800693
B2111054748943N11932809WA0069700692
B2111064748943N11932809WA0069700693
B2111074748943N11932809WA0069800693
B2111084748943N11932809WA0069700693
B2111094748943N11932809WA0069700693
B2111104748943N11932809WA0069700693
B2111114748943N11932809WA0069700693
B2111124748943N11932809WA0069800694
B2111134748943N11932808WA0069700694
B2111144748943N11932808WA0069800694
B2111154748943N11932807WA0069800694
B2111164748943N11932807WA0069700695
B2111174748942N11932806WA0069700694
B2111184748942N11932806WA0069800694
B2111194748942N11932805WA0069700694
B2111204748942N11932805WA0069700694
B2111214748942N11932805WA0069700694
B2111224748942N11932805WA0069700694
B2111234748942N11932806WA0069700694
B2111244748942N11932806WA0069700694
B2111254748942N11932806WA0069600694
B2111264748942N11932807WA0069700694
B2111274748942N11932808WA0069700693
B2111284748942N11932809WA0069600692
B2111294748942N11932810WA0069700692
B2111304748941N11932811WA0069600692
B2111314748941N11932811WA0069500691
B2111324748940N11932812WA0069600690
B2111334748940N11932813WA0069500690
B2111344748940N11932814WA0069700690
B2111354748940N11932814WA0069600691
B2111364748939N11932815WA0069700690
B2111374748939N11932816WA0069600689
B2111384748939N11932817WA0069600688
B2111394748939N11932818WA0069600688
B2111404748939N11932819WA0069600688
B2111414748939N11932820WA0069700688
B2111424748938N11932821WA0069600689
B2111434748938N11932822WA0069600688
B2111444748938N11932822WA0069600689
B2111454748938N11932823WA0069600689
B2111464748938N11932823WA0069700689
B2111474748938N11932823WA0069700689
B2111484748938N11932823WA0069600689
B2111494748938N11932823WA0069600689
B2111504748938N11932823WA0069600689
B2111514748938N11932823WA0069700689
B2111524748938N11932823WA0069600689
B2111534748938N11932823WA0069600689
B2111544748938N11932823WA0069600689
B2111554748938N11932823WA0069600689
B2111564748938N11932823WA0069600689
B2111574748938N11932822WA0069600689
B2111584748938N11932822WA0069600689
B2111594748938N11932822WA0069600688
B2112004748938N11932823WA0069500688
B2112014748938N11932822WA0069500688
B2112024748938N11932822WA0069500688
B2112034748938N11932822WA0069600688
B2112044748938N11932822WA0069500688
B2112054748938N11932822WA0069600688
B2112064748938N11932822WA0069600688
B2112074748938N11932822WA0069600688
B2112084748938N11932822WA0069600688
B2112094748938N11932822WA0069600688
B2112104748938N11932822WA0069600688
B2112114748938N11932822WA0069600688
B2112124748938N11932822WA0069600688
B2112134748939N11932822WA0069600688
B2112144748939N11932822WA0069600688
B2112154748939N11932822WA0069600688
B2112164748939N11932822WA0069600689
B2112174748939N11932822WA0069500689
B2112184748939N11932822WA0069600688
B2112194748939N11932822WA0069600688
B2112204748939N11932822WA0069600688
B2112214748939N11932822WA0069600688
B2112224748939N11932822WA0069600688
B2112234748939N11932822WA0069700688
B2112244748939N11932822WA0069700688
B2112254748939N11932822WA0069600688
B2112264748939N11932822WA0069600687
B2112274748939N11932822WA0069600687
B2112284748939N11932822WA0069600687
B2112294748939N11932822WA0069600687
B2112304748939N11932822WA0069600687
B2112314748940N11932822WA0069600687
B2112324748940N11932822WA0069600688
B2112334748940N11932822WA0069600689
B2112344748940N11932822WA0069600689
B2112354748940N11932822WA0069600689
B2112364748940N11932822WA0069600689
B2112374748940N11932822WA0069600690
B2112384748940N11932822WA0069600690
B2112394748940N11932822WA0069600691
B2112404748941N11932823WA0069600692
B2112414748941N11932823WA0069600692
B2112424748941N11932823WA0069600692
B2112434748941N11932823WA0069600692
B2112444748941N11932823WA0069700693
B2112454748941N11932824WA0069600693
B2112464748941N11932824WA0069700694
B2112474748941N11932824WA0069600694
B2112484748941N11932824WA0069600695
B2112494748941N11932824WA0069600695
B2112504748941N11932824WA0069600694
B2112514748941N11932824WA0069600695
B2112524748941N11932824WA0069600695
B2112534748941N11932824WA0069600695
B2112544748941N11932824WA0069600696
B2112554748941N11932824WA0069600696
B2112564748942N11932824WA0069600697
B2112574748942N11932825WA0069600697
B2112584748942N11932825WA0069600697
B2112594748942N11932825WA0069600698
B2113004748942N11932825WA0069600698
B2113014748942N11932825WA0069600699
B2113024748942N11932825WA0069600698
B2113034748942N11932824WA0069600699
B2113044748942N11932824WA0069600699
B2113054748941N11932824WA0069600700
B2113064748941N11932824WA0069700699
B2113074748941N11932824WA0069600699
B2113084748941N11932824WA0069500699
B2113094748941N11932823WA0069600698
B2113104748941N11932823WA0069600699
B2113114748941N11932823WA0069600699
B2113124748941N11932823WA0069600698
B2113134748941N11932823WA0069600698
B2113144748940N11932823WA0069600699
B2113154748940N11932823WA0069600699
B2113164748940N11932824WA0069600699
B2113174748940N11932824WA0069600699
B2113184748940N11932824WA0069600699
B2113194748940N11932824WA0069600699
B2113204748940N11932824WA0069600700
B2113214748940N11932824WA0069600699
B2113224748940N11932824WA0069600700
B2113234748940N11932824WA0069600699
B2113244748940N11932824WA0069600699
B2113254748940N11932824WA0069600698
B2113264748940N11932824WA0069600697
B2113274748940N11932824WA0069600698
B2113284748940N11932823WA0069600697
B2113294748940N11932823WA0069600696
B2113304748940N11932824WA0069600696
B2113314748940N11932824WA0069600696
B2113324748940N11932824WA0069600696
B2113334748940N11932824WA0069600695
B2113344748940N11932823WA0069600696
B2113354748940N11932824WA0069600696
B2113364748940N11932824WA0069600696
B2113374748940N11932823WA0069600696
B2113384748939N11932823WA0069600695
B2113394748939N11932823WA0069600695
B2113404748938N11932823WA0069600694
B2113414748938N11932823WA0069600693
B2113424748938N11932822WA0069600692
B2113434748937N11932822WA0069600692
B2113444748937N11932822WA0069600692
B2113454748937N11932822WA0069600692
B2113464748937N11932822WA0069600693
B2113474748937N11932822WA0069600694
B2113484748937N11932823WA0069600694
B2113494748937N11932822WA0069600695
B2113504748937N11932822WA0069600694
B2113514748937N11932822WA0069600695
B2113524748936N11932822WA0069800695
B2113534748936N11932823WA0069800695
B2113544748936N11932823WA0069600695
B2113554748937N11932823WA0070000694
B2113564748937N11932823WA0069500695
B2113574748936N11932823WA0069000695
B2113584748936N11932822WA0069500694
B2113594748936N11932822WA0070000693
B2114004748937N11932822WA0069700694
B2114014748937N11932822WA0069600693
B2114024748937N11932822WA0069700693
B2114034748937N11932822WA0069600694
B2114044748937N11932822WA0069600694
B2114054748937N11932822WA0069600693
B2114064748937N11932822WA0069600693
B2114074748937N11932822WA0069600692
B2114084748937N11932822WA0069600692
B2114094748936N11932822WA0069600692
B2114104748936N11932822WA0069600692
B2114114748936N11932822WA0069600691
B2114124748937N11932822WA0069600692
B2114134748937N11932822WA0069600691
B2114144748937N11932821WA0069600691
B2114154748937N11932821WA0069600691
B2114164748937N11932821WA0069600691
B2114174748937N11932821WA0069600691
B2114184748937N11932821WA0069600691
B2114194748937N11932821WA0069600691
B2114204748937N11932821WA0069600691
B2114214748937N11932821WA0069600691
B2114224748937N11932821WA0069600691
B2114234748937N11932821WA0069600691
B2114244748937N11932821WA0069600691
B2114254748937N11932821WA0069600690
B2114264748937N11932821WA0069600690
B2114274748937N11932822WA0069600690
B2114284748937N11932822WA0069600690
B2114294748937N11932822WA0069600690
B2114304748937N11932822WA0069600690
B2114314748937N11932821WA0069500690
B2114324748937N11932821WA0069600690
B2114334748937N11932821WA0069600690
B2114344748937N11932821WA0069600690
B2114354748937N11932821WA0069600690
B2114364748937N11932821WA0069600690
B2114374748937N11932821WA0069600690
B2114384748937N11932821WA0069600690
B2114394748937N11932821WA0069600690
B2114404748937N11932821WA0069600690
B2114414748937N11932821WA0069600690
B2114424748937N11932821WA0069600690
B2114434748937N11932821WA0069600690
B2114444748937N11932821WA0069600690
B2114454748937N11932821WA0069600690
B2114464748937N11932821WA0069600690
B2114474748937N11932821WA0069600690
B2114484748937N11932821WA0068600690
B2114494748937N11932821WA0070700691
B2114504748937N11932821WA0069900691
B2114514748937N11932821WA0069600691
B2114524748937N11932821WA0069600691
B2114534748938N11932821WA0069600690
B2114544748938N11932821WA0069500690
B2114554748938N11932821WA0069600690
B2114564748938N11932821WA0069500690
B2114574748938N11932821WA0069600690
B2114584748938N11932821WA0069600690
B2114594748938N11932821WA0069600690
B2115004748938N11932821WA0069600690
B2115014748938N11932821WA0069600690
B2115024748938N11932821WA0069600690
B2115034748938N11932821WA0069500690
B2115044748938N11932821WA0069600690
B2115054748938N11932821WA0069600690
B2115064748938N11932821WA0069600690
B2115074748938N11932821WA0069600690
B2115084748938N11932821WA0069600690
B2115094748938N11932821WA0069500690
B2115104748938N11932821WA0069600690
B2115114748938N11932821WA0069600690
B2115124748938N11932821WA0069400690
B2115134748938N11932821WA0069300690
B2115144748938N11932821WA0069800690
B2115154748938N11932821WA0069600690
B2115164748938N11932821WA0069600690
B2115174748938N11932821WA0069600690
B2115184748938N11932821WA0069600690
B2115194748938N11932821WA0069600690
B2115204748938N11932822WA0069600690
B2115214748938N11932822WA0069600690
B2115224748938N11932822WA0069600690
B2115234748938N11932822WA0069600690
B2115244748938N11932822WA0069600690
B2115254748938N11932822WA0069600690
B2115264748938N11932822WA0069600690
B2115274748938N11932822WA0069600690
B2115284748938N11932822WA0069600690
B2115294748938N11932822WA0069600690
B2115304748938N11932822WA0069600690
B2115314748938N11932822WA0069600690
B2115324748938N11932822WA0069600690
B2115334748939N11932822WA0069600690
B2115344748939N11932822WA0069600690
B2115354748939N11932822WA0069600690
B2115364748939N11932822WA0069500690
B2115374748939N11932822WA0069700690
B2115384748939N11932822WA0069600690
B2115394748939N11932822WA0069600690
B2115404748939N11932822WA0069600690
B2115414748939N11932822WA0069600690
B2115424748939N11932822WA0069600690
B2115434748939N11932822WA0069600690
B2115444748939N11932822WA0069600690
B2115454748939N11932822WA0069600690
B2115464748939N11932822WA0069600690
B2115474748939N11932822WA0069600690
B2115484748939N11932822WA0069600690
B2115494748939N11932822WA0069600690
B2115504748939N11932822WA0069600690
B2115514748939N11932822WA0069600690
B2115524748939N11932822WA0069600690
B2115534748939N11932822WA0069600690
B2115544748939N11932822WA0069600690
B2115554748939N11932822WA0069600690
B2115564748939N11932823WA0069600690
B2115574748939N11932823WA0069700690
B2115584748939N11932823WA0069600690
B2115594748939N11932823WA0069600690
B2116004748939N11932823WA0069600690
B2116014748939N11932823WA0069600690
B2116024748939N11932823WA0069600690
B2116034748938N11932823WA0069600690
B2116044748938N11932822WA0069600690
B2116054748938N11932823WA0069600690
B2116064748938N11932823WA0069600691
B2116074748938N11932823WA0069600691
B2116084748938N11932823WA0069600691
B2116094748938N11932823WA0069600691
B2116104748938N11932822WA0069600691
B2116114748938N11932822WA0069600691
B2116124748938N11932822WA0069600691
B2116134748938N11932822WA0069600691
B2116144748938N11932822WA0069600691
B2116154748938N11932822WA0069600691
B2116164748938N11932822WA0069600691
B2116174748938N11932822WA0069600691
B2116184748938N11932822WA0069600691
B2116194748938N11932822WA0069600691
B2116204748938N11932822WA0069600691
B2116214748938N11932822WA0069600691
B2116224748938N11932822WA0069600691
B2116234748939N11932822WA0069600691
B2116244748939N11932822WA0069600691
B2116254748939N11932822WA0069600691
B2116264748938N11932822WA0069600691
B2116274748938N11932822WA0069600691
B2116284748938N11932822WA0069600690
B2116294748939N11932822WA0069600690
B2116304748939N11932822WA0069600690
B2116314748939N11932822WA0069600690
B2116324748939N11932822WA0069600690
B2116334748939N11932822WA0069600690
B2116344748939N11932822WA0069600690
B2116354748939N11932822WA0069600690
B2116364748939N11932822WA0069600690
B2116374748939N11932822WA0069600690
B2116384748939N11932822WA0069600690
B2116394748939N11932822WA0069600690
B2116404748939N11932822WA0069600690
B2116414748939N11932822WA0069600690
B2116424748939N11932822WA0069600690
B2116434748939N11932822WA0069600690
B2116444748939N11932822WA0069600690
B2116454748939N11932822WA0069600690
B2116464748939N11932822WA0069600690
B2116474748939N11932823WA0069600690
B2116484748939N11932823WA0069600690
B2116494748939N11932823WA0069600690
B2116504748939N11932823WA0069600690
B2116514748939N11932823WA0069600690
B2116524748939N11932823WA0069600690
B2116534748939N11932823WA0069600689
B2116544748939N11932823WA0069700690
B2116554748939N11932823WA0069600690
B2116564748939N11932823WA0069700690
B2116574748939N11932823WA0069600689
B2116584748939N11932823WA0069600690
B2116594748939N11932823WA0069600690
B2117004748939N11932823WA0069600690
B2117014748939N11932823WA0069600690
B2117024748939N11932823WA0069600690
B2117034748939N11932823WA0069600690
B2117044748939N11932823WA0069600690
B2117054748939N11932823WA0069600690
B2117064748939N11932823WA0069600690
B2117074748939N11932823WA0069600690
B2117084748939N11932823WA0069600690
B2117094748939N11932823WA0069600690
B2117104748939N11932823WA0069600690
B2117114748939N11932823WA0069600690
B2117124748939N11932823WA0069600690
B2117134748939N11932823WA0069600690
B2117144748939N11932823WA0069600689
B2117154748939N11932823WA0069600689
B2117164748939N11932823WA0069600689
B2117174748939N11932823WA0069600689
B2117184748939N11932823WA0069600689
B2117194748939N11932823WA0069600689
B2117204748939N11932823WA0069600689
B2117214748939N11932823WA0069600689
B2117224748939N11932823WA0069700689
B2117234748939N11932823WA0069600689
B2117244748939N11932823WA0069600689
B2117254748939N11932823WA0069600689
B2117264748939N11932823WA0069600689
B2117274748939N11932823WA0069600689
B2117284748939N11932823WA0069600689
B2117294748939N11932823WA0069600689
B2117304748939N11932823WA0069600689
B2117314748939N11932823WA0069600689
B2117324748939N11932823WA0069600689
B2117334748939N11932823WA0069600689
B2117344748939N11932823WA0069600689
B2117354748939N11932823WA0069600689
B2117364748939N11932823WA0069600689
B2117374748939N11932823WA0069600689
B2117384748939N11932823WA0069600689
B2117394748939N11932823WA0069600689
B2117404748939N11932823WA0069600689
B2117414748939N11932823WA0069600689
B2117424748939N11932823WA0069600689
B2117434748939N11932823WA0069600689
B2117444748939N11932823WA0069600689
B2117454748939N11932823WA0069600690
B2117464748939N11932823WA0069600690
B2117474748939N11932823WA0069600690
B2117484748939N11932823WA0069600690
B2117494748939N11932823WA0069600690
B2117504748939N11932823WA0069600690
B2117514748939N11932823WA0069600690
B2117524748939N11932823WA0069600690
B2117534748939N11932824WA0069600690
B2117544748939N11932824WA0069600690
B2117554748939N11932824WA0069600690
B2117564748939N11932824WA0069600690
B2117574748939N11932824WA0069600690
B2117584748939N11932824WA0069600690
B2117594748939N11932824WA0069600690
B2118004748939N11932824WA0069600689
B2118014748939N11932824WA0069600689
B2118024748939N11932824WA0069600689
B2118034748939N11932824WA0069600689
B2118044748939N11932824WA0069600689
B2118054748939N11932824WA0069700689
B2118064748939N11932824WA0069600689
B2118074748939N11932824WA0069600689
B2118084748939N11932824WA0069600689
B2118094748939N11932824WA0069600689
B2118104748939N11932824WA0069600689
B2118114748939N11932824WA0069600689
B2118124748939N11932824WA0069600689
B2118134748939N11932824WA0069600689
B2118144748939N11932824WA0069600689
B2118154748939N11932824WA0069600689
B2118164748939N11932824WA0069600689
B2118174748939N11932824WA0069600689
B2118184748939N11932824WA0069600689
B2118194748939N11932824WA0069600689
B2118204748939N11932823WA0069600689
B2118214748939N11932823WA0069600689
B2118224748939N11932823WA0069600689
B2118234748939N11932823WA0069600689
B2118244748939N11932823WA0069600689
B2118254748939N11932823WA0069600689
B2118264748939N11932823WA0069600689
B2118274748939N11932823WA0069700689
B2118284748939N11932823WA0069600689
B2118294748939N11932823WA0069700689
B2118304748939N11932823WA0069600689
B2118314748939N11932823WA0069600689
B2118324748939N11932823WA0069600688
B2118334748939N11932823WA0069600688
B2118344748939N11932823WA0069600688
B2118354748939N11932823WA0069700688
B2118364748939N11932823WA0069600688
B2118374748939N11932823WA0069600688
B2118384748939N11932823WA0069600688
B2118394748939N11932823WA0069600688
B2118404748939N11932823WA0069600688
B2118414748939N11932823WA0069600688
B2118424748939N11932823WA0069600688
B2118434748939N11932823WA0069600688
B2118444748939N11932823WA0069600688
B2118454748939N11932823WA0069600688
B2118464748939N11932823WA0069600688
B2118474748939N11932823WA0069600688
B2118484748939N11932823WA0069600688
B2118494748939N11932823WA0069600688
B2118504748939N11932823WA0069600688
B2118514748939N11932823WA0069600688
B2118524748939N11932823WA0069600688
B2118534748939N11932823WA0069600688
B2118544748939N11932823WA0069600688
B2118554748939N11932823WA0069600687
B2118564748939N11932823WA0069600688
B2118574748939N11932823WA0069700687
B2118584748939N11932823WA0069600688
B2118594748939N11932823WA0069600688
B2119004748939N11932823WA0069700688
B2119014748939N11932823WA0069600688
B2119024748939N11932823WA0069600688
B2119034748939N11932823WA0069600688
B2119044748939N11932823WA0069600687
B2119054748939N11932823WA0069600687
B2119064748939N11932823WA0069700687
B2119074748939N11932823WA0069600687
B2119084748939N11932823WA0069600687
B2119094748939N11932823WA0069600687
B2119104748939N11932823WA0069600687
B2119114748939N11932823WA0069600687
B2119124748939N11932823WA0069600687
B2119134748939N11932823WA0069600687
B2119144748939N11932823WA0069600687
B2119154748939N11932823WA0069600687
B2119164748939N11932823WA0069600687
B2119174748939N11932823WA0069600687
B2119184748939N11932823WA0069600687
B2119194748939N11932823WA0069600687
B2119204748939N11932823WA0069600687
B2119214748939N11932823WA0069600687
B2119224748939N11932823WA0069600687
B2119234748939N11932823WA0069600688
B2119244748939N11932823WA0069600688
B2119254748939N11932823WA0069600688
B2119264748939N11932823WA0069600688
B2119274748939N11932823WA0069600688
B2119284748939N11932823WA0069600688
B2119294748939N11932823WA0069600688
B2119304748939N11932823WA0069600688
B2119314748939N11932823WA0069600688
B2119324748939N11932823WA0069600688
B2119334748939N11932823WA0069600688
B2119344748939N11932823WA0069600688
B2119354748939N11932823WA0069600688
B2119364748939N11932824WA0069600688
B2119374748939N11932824WA0069600688
B2119384748939N11932823WA0069600688
B2119394748939N11932823WA0069600688
B2119404748939N11932823WA0069600688
B2119414748939N11932823WA0069600688
B2119424748939N11932823WA0069600688
B2119434748939N11932823WA0069600688
B2119444748939N11932823WA0069600688
B2119454748939N11932823WA0069600688
B2119464748939N11932823WA0069600688
B2119474748939N11932823WA0069600688
B2119484748939N11932823WA0069600688
B2119494748939N11932823WA0069600688
B2119504748939N11932823WA0069600688
B2119514748939N11932823WA0069600688
B2119524748939N11932823WA0069600688
B2119534748939N11932823WA0069600688
B2119544748939N11932823WA0069600688
B2119554748939N11932823WA0069600688
B2119564748939N11932823WA0069600688
B2119574748939N11932823WA0069600688
B2119584748939N11932823WA0069600688
B2119594748939N11932823WA0069600688
B2120004748939N11932823WA0069600688
B2120014748939N11932823WA0069600688
B2120024748939N11932823WA0069600688
B2120034748939N11932823WA0069600687
B2120044748939N11932823WA0069600688
B2120054748939N11932823WA0069600688
B2120064748939N11932823WA0069700688
B2120074748939N11932823WA0069600688
B2120084748939N11932823WA0069600688
B2120094748939N11932823WA0069600688
B2120104748939N11932823WA0069600688
B2120114748939N11932823WA0069600688
B2120124748939N11932823WA0069600688
B2120134748939N11932823WA0069600688
B2120144748939N11932823WA0069600688
B2120154748939N11932823WA0069600688
B2120164748939N11932823WA0069600688
B2120174748939N11932823WA0069600688
B2120184748939N11932823WA0069600688
B2120194748939N11932823WA0069700688
B2120204748939N11932823WA0069600688
B2120214748939N11932823WA0069700688
B2120224748939N11932823WA0069600688
B2120234748939N11932823WA0069600688
B2120244748939N11932823WA0069600688
B2120254748939N11932823WA0069600688
B2120264748939N11932823WA0069600688
B2120274748939N11932823WA0069600688
B2120284748939N11932823WA0069600688
B2120294748939N11932823WA0069600688
B2120304748939N11932823WA0069700688
B2120314748939N11932823WA0069700688
B2120324748939N11932823WA0069600688
B2120334748939N11932823WA0069700688
B2120344748939N11932823WA0069600688
B2120354748939N11932823WA0069700688
B2120364748939N11932823WA0069700688
B2120374748939N11932822WA0069600688
B2120384748939N11932822WA0069600688
B2120394748939N11932822WA0069500689
B2120404748939N11932822WA0069600689
B2120414748939N11932822WA0069600689
B2120424748939N11932822WA0069600689
B2120434748939N11932822WA0069600689
B2120444748939N11932822WA0069600689
B2120454748939N11932822WA0069600689
B2120464748939N11932822WA0069600689
B2120474748939N11932822WA0069600689
B2120484748939N11932822WA0069600689
B2120494748939N11932822WA0069500689
B2120504748939N11932822WA0069600689
B2120514748939N11932822WA0069600689
B2120524748939N11932822WA0069600689
B2120534748939N11932822WA0069600689
B2120544748939N11932822WA0069600689
B2120554748939N11932822WA0069600689
B2120564748939N11932822WA0069600689
B2120574748939N11932822WA0069600689
B2120584748939N11932822WA0069600689
B2120594748939N11932822WA0069500689
B2121004748939N11932822WA0069500689
B2121014748939N11932822WA0069500689
B2121024748939N11932822WA0069500689
B2121034748939N11932822WA0069600689
B2121044748939N11932822WA0069600689
B2121054748939N11932822WA0069500689
B2121064748939N11932822WA0069600689
B2121074748939N11932822WA0069600689
B2121084748939N11932822WA0069600689
B2121094748939N11932822WA0069600689
B2121104748939N11932822WA0069600689
B2121114748939N11932822WA0069600689
B2121124748939N11932822WA0069600689
B2121134748939N11932822WA0069600689
B2121144748939N11932822WA0069600689
B2121154748939N11932822WA0069600689
B2121164748939N11932822WA0069600689
B2121174748939N11932822WA0069600689
B2121184748939N11932822WA0069600689
B2121194748939N11932822WA0069600689
B2121204748939N11932822WA0069600689
B2121214748939N11932822WA0069600689
B2121224748939N11932822WA0069600689
B2121234748939N11932822WA0069600689
B2121244748939N11932822WA0069600689
B2121254748939N11932822WA0069600689
B2121264748939N11932822WA0069600689
B2121274748939N11932822WA0069600689
B2121284748939N11932822WA0069600689
B2121294748939N11932822WA0069600689
B2121304748939N11932822WA0069600689
B2121314748939N11932822WA0069600689
B2121324748939N11932822WA0069600689
B2121334748939N11932822WA0069600689
B2121344748939N11932822WA0069600689
B2121354748939N11932822WA0069600689
B2121364748939N11932822WA0069600689
B2121374748939N11932822WA0069600689
B2121384748939N11932822WA0069600689
B2121394748939N11932822WA0069600689
B2121404748939N11932822WA0069600689
B2121414748939N11932822WA0069600689
B2121424748939N11932822WA0069600689
B2121434748939N11932822WA0069600689
B2121444748939N11932822WA0069600689
B2121454748939N11932822WA0069600689
B2121464748939N11932822WA0069600689
B2121474748939N11932822WA0069600689
B2121484748939N11932822WA0069600689
B2121494748939N11932822WA0069600689
B2121504748939N11932822WA0069600689
B2121514748939N11932822WA0069600689
B2121524748939N11932822WA0069600689
B2121534748939N11932822WA0069600689
B2121544748939N11932822WA0069600689
B2121554748939N11932822WA0069600689
B2121564748939N11932822WA0069600689
B2121574748939N11932822WA0069600689
B2121584748939N11932822WA0069600689
B2121594748939N11932822WA0069600689
B2122004748939N11932822WA0069600689
B2122014748939N11932822WA0069600689
B2122024748939N11932822WA0069600689
B2122034748939N11932822WA0069600689
B2122044748939N11932822WA0069600689
B2122054748939N11932822WA0069500689
B2122064748939N11932822WA0069600689
B2122074748939N11932822WA0069600689
B2122084748939N11932822WA0069600689
B2122094748939N11932822WA0069600689
B2122104748939N11932822WA0069600689
B2122114748939N11932822WA0069600689
B2122124748939N11932822WA0069600689
B2122134748939N11932822WA0069500689
B2122144748939N11932822WA0069600689
B2122154748939N11932822WA0069600689
B2122164748939N11932822WA0069600689
B2122174748939N11932822WA0069600689
B2122184748939N11932822WA0069600689
B2122194748939N11932822WA0069600689
B2122204748939N11932822WA0069600689
B2122214748939N11932822WA0069600689
B2122224748939N11932822WA0069600689
B2122234748939N11932822WA0069600689
B2122244748939N11932822WA0069600689
B2122254748939N11932822WA0069600689
B2122264748939N11932822WA0069500689
B2122274748939N11932822WA0069600689
B2122284748939N11932822WA0069600689
B2122294748939N11932822WA0069600689
B2122304748939N11932822WA0069600689
B2122314748939N11932822WA0069600689
B2122324748939N11932822WA0069600689
B2122334748939N11932822WA0069500689
B2122344748939N11932822WA0069600689
B2122354748939N11932822WA0069600689
B2122364748939N11932822WA0069600689
B2122374748939N11932822WA0069600689
B2122384748939N11932822WA0069600689
B2122394748939N11932822WA0069600689
B2122404748939N11932822WA0069600689
B2122414748939N11932822WA0069600689
B2122424748939N11932822WA0069600689
B2122434748939N11932822WA0069600689
B2122444748939N11932822WA0069600689
B2122454748939N11932822WA0069600689
B2122464748939N11932822WA0069600689
B2122474748939N11932822WA0069600689
B2122484748939N11932822WA0069600689
B2122494748939N11932822WA0069600689
B2122504748939N11932822WA0069600689
B2122514748939N11932822WA0069600689
B2122524748939N11932822WA0069600689
B2122534748939N11932822WA0069600689
B2122544748939N11932822WA0069600689
B2122554748939N11932822WA0069600689
B2122564748939N11932822WA0069600689
B2122574748939N11932822WA0069600689
B2122584748939N11932822WA0069600689
B2122594748939N11932822WA0069600689
B2123004748939N11932822WA0069600689
B2123014748939N11932822WA0069600689
B2123024748939N11932822WA0069600689
B2123034748939N11932822WA0069600689
B2123044748939N11932822WA0069600689
B2123054748939N11932822WA0069600689
B2123064748939N11932822WA0069600689
B2123074748939N11932822WA0069600689
B2123084748939N11932822WA0069600689
B2123094748939N11932822WA0069600689
B2123104748939N11932822WA0069600689
B2123114748939N11932822WA0069600689
B2123124748939N11932822WA0069600689
B2123134748939N11932822WA0069600689
B2123144748939N11932822WA0069600689
B2123154748939N11932822WA0069600689
B2123164748939N11932822WA0069600689
B2123174748939N11932822WA0069600689
B2123184748939N11932822WA0069600689
B2123194748939N11932822WA0069600689
B2123204748939N11932822WA0069600689
B2123214748939N11932822WA0069600689
B2123224748939N11932822WA0069600689
B2123234748939N11932822WA0069600689
B2123244748939N11932822WA0069600689
B2123254748939N11932822WA0069600689
B2123264748939N11932822WA0069600689
B2123274748939N11932822WA0069600689
B2123284748939N11932822WA0069600689
B2123294748939N11932822WA0069600689
B2123304748939N11932822WA0069600689
B2123314748939N11932822WA0069600689
B2123324748939N11932822WA0069600689
B2123334748939N11932822WA0069600689
B2123344748939N11932822WA0069600689
B2123354748939N11932822WA0069600689
B2123364748939N11932822WA0069600689
B2123374748939N11932822WA0069600689
B2123384748939N11932822WA0069600689
B2123394748939N11932822WA0069600689
B2123404748939N11932822WA0069600689
B2123414748939N11932822WA0069600689
B2123424748939N11932822WA0069600689
B2123434748939N11932822WA0069600689
B2123444748939N11932822WA0069600689
B2123454748939N11932822WA0069600689
B2123464748939N11932822WA0069600689
B2123474748939N11932822WA0069600689
B2123484748939N11932822WA0069600689
B2123494748939N11932822WA0069600689
B2123504748939N11932822WA0069600689
B2123514748939N11932822WA0069600689
B2123524748939N11932822WA0069600689
B2123534748939N11932822WA0069600689
B2123544748939N11932822WA0069600689
B2123554748939N11932822WA0069600689
B2123564748939N11932822WA0069600689
B2123574748939N11932822WA0069600689
B2123584748939N11932822WA0069600689
B2123594748939N11932822WA0069600689
B2124004748939N11932822WA0069600689
B2124014748939N11932822WA0069600689
B2124024748939N11932822WA0069600689
B2124034748939N11932822WA0069600689
B2124044748939N11932822WA0069600689
B2124054748939N11932822WA0069600689
B2124064748939N11932822WA0069600689
B2124074748939N11932822WA0069600689
B2124084748939N11932822WA0069600689
B2124094748939N11932822WA0069600689
B2124104748939N11932822WA0069600689
B2124114748939N11932822WA0069600689
B2124124748939N11932822WA0069600688
B2124134748939N11932822WA0069600688
B2124144748939N11932822WA0069600688
B2124154748939N11932822WA0069600688
B2124164748939N11932822WA0069600688
B2124174748939N11932822WA0069600688
B2124184748939N11932822WA0069600688
B2124194748939N11932822WA0069600688
B2124204748939N11932822WA0069600688
B2124214748939N11932822WA0069600688
B2124224748939N11932822WA0069600688
B2124234748939N11932822WA0069600688
B2124244748939N11932822WA0069600688
B2124254748939N11932822WA0069600688
B2124264748939N11932822WA0069600688
B2124274748939N11932822WA0069600688
B2124284748939N11932822WA0069600688
B2124294748939N11932822WA0069600688
B2124304748939N11932822WA0069600688
B2124314748939N11932822WA0069600688
B2124324748939N11932822WA0069600688
B2124334748939N11932822WA0069600688
B2124344748939N11932822WA0069600688
B2124354748939N11932822WA0069600688
B2124364748939N11932822WA0069600688
B2124374748939N11932822WA0069600688
B2124384748939N11932822WA0069600688
B2124394748939N11932822WA0069600688
B2124404748939N11932822WA0069600688
B2124414748939N11932822WA0069600688
B2124424748939N11932822WA0069600688
B2124434748939N11932822WA0069600688
B2124444748939N11932822WA0069600688
B2124454748939N11932822WA0069600688
B2124464748939N11932822WA0069600687
B2124474748939N11932822WA0069600687
B2124484748939N11932822WA0069600687
B2124494748939N11932822WA0069600687
B2124504748939N11932822WA0069600687
B2124514748939N11932822WA0069600687
B2124524748939N11932822WA0069600687
B2124534748939N11932822WA0069600687
B2124544748939N11932822WA0069600687
B2124554748939N11932822WA0069600687
B2124564748939N11932822WA0069600687
B2124574748939N11932822WA0069600687
B2124584748939N11932822WA0069600687
B2124594748939N11932822WA0069600687
B2125004748939N11932822WA0069600687
B2125014748939N11932822WA0069600687
B2125024748939N11932822WA0069600687
B2125034748939N11932822WA0069600687
B2125044748939N11932822WA0069600687
B2125054748939N11932822WA0069600687
B2125064748939N11932822WA0069600687
B2125074748939N11932822WA0069600687
B2125084748939N11932822WA0069600687
B2125094748939N11932822WA0069600687
B2125104748939N11932822WA0069600687
B2125114748939N11932822WA0069600687
B2125124748939N11932822WA0069600687
B2125134748939N11932821WA0069600687
B2125144748939N11932821WA0069600687
B2125154748939N11932821WA0069600687
B2125164748939N11932821WA0069600687
B2125174748939N11932821WA0069600687
B2125184748939N11932821WA0069600687
B2125194748939N11932821WA0069600687
B2125204748939N11932821WA0069600687
B2125214748939N11932821WA0069600687
B2125224748939N11932821WA0069600687
B2125234748939N11932821WA0069600687
B2125244748939N11932821WA0069600687
B2125254748939N11932821WA0069600687
B2125264748939N11932821WA0069600687
B2125274748939N11932821WA0069600687
B2125284748939N11932821WA0069600687
B2125294748939N11932821WA0069600687
B2125304748939N11932821WA0069600687
B2125314748939N11932821WA0069600687
B2125324748939N11932821WA0069700687
B2125334748939N11932821WA0069600687
B2125344748939N11932821WA0069600687
B2125354748939N11932821WA0069600687
B2125364748939N11932821WA0069600687
B2125374748939N11932821WA0069600688
B2125384748939N11932821WA0069600688
B2125394748939N11932821WA0069600688
B2125404748939N11932821WA0069700688
B2125414748939N11932821WA0069700688
B2125424748939N11932821WA0069700688
B2125434748939N11932821WA0069700688
B2125444748939N11932821WA0069700688
B2125454748939N11932821WA0069700688
B2125464748939N11932821WA0069700688
B2125474748939N11932821WA0069600688
B2125484748939N11932821WA0069700688
B2125494748939N11932821WA0069600688
B2125504748939N11932821WA0069600688
B2125514748939N11932821WA0069600688
B2125524748939N11932821WA0069600688
B2125534748939N11932821WA0069600688
B2125544748939N11932821WA0069600688
B2125554748939N11932821WA0069600688
B2125564748939N11932821WA0069600688
B2125574748939N11932821WA0069600687
B2125584748939N11932821WA0069600688
B2125594748939N11932821WA0069600688
B2126004748939N11932821WA0069600688
B2126014748939N11932821WA0069600688
B2126024748939N11932821WA0069600688
B2126034748939N11932821WA0069600688
B2126044748939N11932821WA0069600688
B2126054748939N11932821WA0069600688
B2126064748939N11932821WA0069600688
B2126074748939N11932821WA0069600687
B2126084748939N11932821WA0069600687
B2126094748939N11932821WA0069600687
B2126104748939N11932821WA0069600687
B2126114748939N11932821WA0069600687
B2126124748939N11932821WA0069600687
B2126134748939N11932821WA0069600687
B2126144748939N11932821WA0069600687
B2126154748939N11932821WA0069600687
B2126164748939N11932821WA0069600687
B2126174748939N11932821WA0069600687
B2126184748939N11932821WA0069600687
B2126194748939N11932821WA0069600687
B2126204748939N11932821WA0069600687
B2126214748939N11932821WA0069600687
B2126224748939N11932821WA0069600687
B2126234748939N11932821WA0069600687
B2126244748939N11932821WA0069600687
B2126254748939N11932821WA0069700687
B2126264748939N11932821WA0069600687
B2126274748939N11932821WA0069700687
B2126284748939N11932821WA0069600687
B2126294748939N11932821WA0069600687
B2126304748939N11932821WA0069600687
B2126314748939N11932821WA0069600687
B2126324748939N11932821WA0069600687
B2126334748939N11932821WA0069600687
B2126344748939N11932821WA0069600687
B2126354748939N11932821WA0069600687
B2126364748939N11932821WA0069600686
B2126374748939N11932821WA0069600686
B2126384748939N11932821WA0069600686
B2126394748939N11932821WA0069600686
B2126404748939N11932821WA0069600686
B2126414748939N11932821WA0069600686
B2126424748939N11932821WA0069600686
B2126434748939N11932821WA0069600686
B2126444748939N11932821WA0069600686
B2126454748939N11932821WA0069600686
B2126464748939N11932821WA0069600686
B2126474748939N11932821WA0069700686
B2126484748939N11932821WA0069600686
B2126494748939N11932821WA0069700686
B2126504748939N11932821WA0069600686
B2126514748939N11932821WA0069700686
B2126524748939N11932821WA0069700686
B2126534748939N11932821WA0069600686
B2126544748939N11932821WA0069600686
B2126554748939N11932821WA0069600686
B2126564748939N11932821WA0069600686
B2126574748939N11932821WA0069600686
B2126584748939N11932821WA0069700686
B2126594748939N11932821WA0069600686
B2127004748939N11932821WA0069700686
B2127014748939N11932821WA0069700686
B2127024748939N11932821WA0069700686
B2127034748939N11932821WA0069700686
B2127044748939N11932821WA0069700686
B2127054748939N11932821WA0069700686
B2127064748939N11932821WA0069700686
B2127074748939N11932821WA0069700686
B2127084748939N11932821WA0069600686
B2127094748939N11932821WA0069600686
B2127104748939N11932821WA0069700686
B2127114748939N11932821WA0069700686
B2127124748939N11932821WA0069700686
B2127134748939N11932821WA0069600686
B2127144748939N11932821WA0069700686
B2127154748939N11932821WA0069700686
B2127164748939N11932821WA0069700686
B2127174748939N11932821WA0069700686
B2127184748939N11932821WA0069700686
B2127194748939N11932821WA0069700686
B2127204748939N11932821WA0069700686
B2127214748939N11932821WA0069700686
B2127224748939N11932821WA0069700686
B2127234748939N11932821WA0069600686
B2127244748939N11932821WA0069700686
B2127254748939N11932821WA0069700686
B2127264748939N11932821WA0069700686
B2127274748939N11932821WA0069700686
B2127284748939N11932821WA0069700686
B2127294748939N11932821WA0069700686
B2127304748939N11932821WA0069700686
B2127314748939N11932821WA0069700686
B2127324748939N11932821WA0069700686
B2127334748939N11932821WA0069600686
B2127344748939N11932821WA0069700686
B2127354748939N11932821WA0069700686
B2127364748939N11932821WA0069700686
B2127374748939N11932821WA0069600686
B2127384748939N11932821WA0069700686
B2127394748939N11932821WA0069700686
B2127404748939N11932821WA0069700686
B2127414748939N11932821WA0069700686
B2127424748939N11932821WA0069600686
B2127434748939N11932821WA0069600686
B2127444748939N11932821WA0069600686
B2127454748939N11932821WA0069700686
B2127464748939N11932821WA0069600686
B2127474748939N11932821WA0069600686
B2127484748939N11932821WA0069700686
B2127494748939N11932821WA0069700686
B2127504748939N11932821WA0069700686
B2127514748939N11932821WA0069700685
B2127524748939N11932821WA0069700685
B2127534748939N11932821WA0069600686
B2127544748939N11932821WA0069700686
B2127554748939N11932821WA0069700686
B2127564748939N11932821WA0069600685
B2127574748939N11932821WA0069600685
B2127584748939N11932821WA0069700685
B2127594748939N11932821WA0069700685
B2128004748939N11932821WA0069700685
B2128014748939N11932821WA0069700685
B2128024748939N11932821WA0069600685
B2128034748939N11932821WA0069700685
B2128044748939N11932821WA0069700685
B2128054748939N11932821WA0069700685
B2128064748939N11932821WA0069700685
B2128074748939N11932821WA0069700685
B2128084748939N11932821WA0069700685
B2128094748939N11932821WA0069700685
B2128104748939N11932821WA0069700685
B2128114748939N11932821WA0069700685
B2128124748939N11932821WA0069700685
B2128134748939N11932821WA0069700685
B2128144748939N11932821WA0069700685
B2128154748939N11932821WA0069700685
B2128164748939N11932821WA0069700685
B2128174748939N11932821WA0069700685
B2128184748939N11932821WA0069700685
B2128194748939N11932821WA0069700685
B2128204748939N11932821WA0069700685
B2128214748939N11932821WA0069700685
B2128224748939N11932821WA0069700685
B2128234748939N11932821WA0069700685
B2128244748939N11932821WA0069700685
B2128254748939N11932821WA0069700685
B2128264748939N11932821WA0069700685
B2128274748939N11932821WA0069700685
B2128284748939N11932821WA0069700685
B2128294748939N11932821WA0069700685
B2128304748939N11932821WA0069700685
B2128314748939N11932821WA0069600685
B2128324748939N11932821WA0069600685
B2128334748939N11932821WA0069700685
B2128344748939N11932821WA0069700684
B2128354748939N11932821WA0069700684
B2128364748939N11932821WA0069600684
B2128374748939N11932821WA0069700684
B2128384748939N11932821WA0069700684
B2128394748939N11932821WA0069700684
B2128404748939N11932821WA0069600684
B2128414748939N11932821WA0069700684
B2128424748939N11932821WA0069700684
B2128434748939N11932821WA0069700684
B2128444748939N11932821WA0069700684
B2128454748939N11932821WA0069700684
B2128464748939N11932821WA0069600684
B2128474748939N11932821WA0069600684
B2128484748939N11932821WA0069600684
B2128494748939N11932821WA0069600684
B2128504748939N11932821WA0069600684
B2128514748939N11932821WA0069700684
B2128524748939N11932821WA0069600684
B2128534748939N11932821WA0069600684
B2128544748939N11932821WA0069600684
B2128554748939N11932821WA0069600684
B2128564748939N11932821WA0069700684
B2128574748939N11932821WA0069700685
B2128584748939N11932821WA0069700685
B2128594748939N11932821WA0069700685
B2129004748939N11932821WA0069600685
B2129014748939N11932821WA0069700685
B2129024748939N11932821WA0069700685
B2129034748939N11932821WA0069700685
B2129044748939N11932821WA0069700685
B2129054748939N11932821WA0069700685
B2129064748939N11932821WA0069600685
B2129074748939N11932821WA0069600685
B2129084748939N11932821WA0069700685
B2129094748939N11932821WA0069700685
B2129104748939N11932821WA0069700685
B2129114748939N11932821WA0069700685
B2129124748939N11932821WA0069700685
B2129134748939N11932821WA0069700685
B2129144748939N11932821WA0069700685
B2129154748939N11932821WA0069700685
B2129164748939N11932821WA0069700685
B2129174748939N11932821WA0069700685
B2129184748939N11932821WA0069700685
B2129194748939N11932821WA0069700685
B2129204748939N11932821WA0069700685
B2129214748939N11932821WA0069700685
B2129224748939N11932821WA0069700685
B2129234748939N11932821WA0069700685
B2129244748939N11932821WA0069700685
B2129254748939N11932821WA0069700685
B2129264748939N11932821WA0069700685
B2129274748939N11932821WA0069700685
B2129284748939N11932821WA0069700685
B2129294748939N11932821WA0069700685
B2129304748939N11932821WA0069700685
B2129314748939N11932821WA0069700685
B2129324748939N11932821WA0069700685
B2129334748939N11932821WA0069700685
B2129344748939N11932821WA0069700685
B2129354748939N11932821WA0069700686
B2129364748939N11932821WA0069600686
B2129374748939N11932821WA0069700686
B2129384748939N11932821WA0069700685
B2129394748939N11932821WA0069700685
B2129404748939N11932821WA0069700685
B2129414748939N11932821WA0069700685
B2129424748939N11932821WA0069700686
B2129434748939N11932821WA0069700686
B2129444748939N11932821WA0069700686
B2129454748939N11932821WA0069700686
B2129464748939N11932821WA0069700686
B2129474748939N11932821WA0069700686
B2129484748939N11932821WA0069700686
B2129494748939N11932821WA0069700686
B2129504748939N11932821WA0069700686
B2129514748939N11932821WA0069700686
B2129524748939N11932821WA0069700686
B2129534748939N11932821WA0069600686
B2129544748939N11932821WA0069700686
B2129554748939N11932821WA0069600685
B2129564748939N11932821WA0069700685
B2129574748939N11932821WA0069600685
B2129584748939N11932821WA0069700685
B2129594748939N11932821WA0069700685
B2130004748939N11932821WA0069600685
B2130014748939N11932821WA0069600685
B2130024748939N11932821WA0069600685
B2130034748939N11932821WA0069600685
B2130044748939N11932821WA0069700685
B2130054748939N11932821WA0069700685
B2130064748939N11932821WA0069700685
B2130074748939N11932821WA0069700685
B2130084748939N11932821WA0069700685
B2130094748939N11932821WA0069700686
B2130104748939N11932821WA0069700686
B2130114748939N11932821WA0069600686
B2130124748939N11932821WA0069700686
B2130134748939N11932821WA0069700686
B2130144748939N11932821WA0069700686
B2130154748939N11932821WA0069700686
B2130164748939N11932821WA0069700686
B2130174748939N11932821WA0069600686
B2130184748939N11932821WA0069600686
B2130194748939N11932821WA0069600686
B2130204748939N11932821WA0069600686
B2130214748939N11932821WA0069600686
B2130224748939N11932821WA0069600686
B2130234748939N11932821WA0069700686
B2130244748939N11932821WA0069700686
B2130254748939N11932821WA0069700686
B2130264748939N11932821WA0069600686
B2130274748939N11932821WA0069700686
B2130284748939N11932821WA0069700686
B2130294748939N11932821WA0069700686
B2130304748939N11932821WA0069700686
B2130314748939N11932821WA0069600686
B2130324748939N11932821WA0069600686
B2130334748939N11932821WA0069600686
B2130344748939N11932821WA0069700686
B2130354748939N11932821WA0069700686
B2130364748939N11932821WA0069700685
B2130374748939N11932821WA0069700685
B2130384748939N11932821WA0069700685
B2130394748939N11932821WA0069700685
B2130404748939N11932821WA0069600685
B2130414748939N11932821WA0069700685
B2130424748939N11932821WA0069600685
B2130434748939N11932821WA0069700685
B2130444748939N11932821WA0069700685
B2130454748939N11932821WA0069700685
B2130464748939N11932821WA0069700685
B2130474748939N11932821WA0069700685
B2130484748939N11932821WA0069700685
B2130494748939N11932821WA0069700685
B2130504748939N11932821WA0069700685
B2130514748939N11932821WA0069700685
B2130524748939N11932821WA0069700685
B2130534748939N11932821WA0069700685
B2130544748939N11932821WA0069700685
B2130554748939N11932821WA0069700685
B2130564748939N11932821WA0069700685
B2130574748939N11932821WA0069700685
B2130584748939N11932821WA0069700685
B2130594748939N11932821WA0069700685
B2131004748939N11932821WA0069700685
B2131014748939N11932821WA0069700685
B2131024748939N11932821WA0069700685
B2131034748939N11932821WA0069700685
B2131044748939N11932821WA0069700685
B2131054748939N11932821WA0069700685
B2131064748939N11932821WA0069700685
B2131074748939N11932821WA0069700685
B2131084748939N11932821WA0069700685
B2131094748939N11932821WA0069700685
B2131104748939N11932820WA0069700685
B2131114748939N11932820WA0069700685
B2131124748939N11932820WA0069700684
B2131134748939N11932820WA0069700684
B2131144748939N11932820WA0069700684
B2131154748939N11932820WA0069700684
B2131164748939N11932820WA0069700684
B2131174748939N11932820WA0069700684
B2131184748939N11932820WA0069700684
B2131194748939N11932820WA0069700684
B2131204748939N11932821WA0069700684
B2131214748939N11932821WA0069700684
B2131224748939N11932821WA0069700684
B2131234748939N11932821WA0069700684
B2131244748939N11932821WA0069700684
B2131254748939N11932821WA0069700684
B2131264748939N11932821WA0069700684
B2131274748939N11932821WA0069600684
B2131284748939N11932821WA0069600684
B2131294748939N11932821WA0069700684
B2131304748939N11932821WA0069700684
B2131314748939N11932821WA0069700684
B2131324748939N11932821WA0069700684
B2131334748939N11932821WA0069700684
B2131344748939N11932821WA0069600684
B2131354748939N11932821WA0069700684
B2131364748938N11932821WA0069800683
B2131374748938N11932821WA0069800684
B2131384748938N11932821WA0069700683
B2131394748938N11932821WA0069600683
B2131404748938N11932821WA0069700683
B2131414748938N11932821WA0069700683
B2131424748938N11932821WA0069700683
B2131434748938N11932820WA0069700683
B2131444748938N11932820WA0069700684
B2131454748938N11932820WA0069700684
B2131464748938N11932820WA0069700684
B2131474748938N11932820WA0069800684
B2131484748938N11932821WA0069500684
B2131494748938N11932821WA0069500684
B2131504748937N11932820WA0069900684
B2131514748937N11932820WA0069800684
B2131524748937N11932820WA0069800684
B2131534748937N11932820WA0069700684
B2131544748937N11932820WA0069700684
B2131554748937N11932820WA0069700684
B2131564748937N11932820WA0069700684
B2131574748937N11932821WA0069700684
B2131584748937N11932821WA0069700684
B2131594748937N11932821WA0069700684
B2132004748937N11932821WA0069700684
B2132014748937N11932821WA0069700684
B2132024748937N11932821WA0069700684
B2132034748937N11932821WA0069700684
B2132044748937N11932821WA0069700684
B2132054748937N11932821WA0069700684
B2132064748937N11932821WA0069700684
B2132074748937N11932821WA0069700684
B2132084748937N11932821WA0069700684
B2132094748937N11932821WA0069700684
B2132104748937N11932821WA0069700684
B2132114748937N11932821WA0069700684
B2132124748937N11932821WA0069700684
B2132134748937N11932821WA0069700684
B2132144748937N11932821WA0069700684
B2132154748937N11932821WA0069700684
B2132164748937N11932821WA0069700684
B2132174748937N11932821WA0069700684
B2132184748937N11932821WA0069700684
B2132194748937N11932821WA0069700684
B2132204748937N11932821WA0069700684
B2132214748938N11932821WA0069700684
B2132224748938N11932821WA0069700683
B2132234748938N11932821WA0069700683
B2132244748938N11932821WA0069700683
B2132254748938N11932821WA0069700683
B2132264748938N11932821WA0069700683
B2132274748938N11932821WA0069600683
B2132284748938N11932821WA0069500683
B2132294748937N11932821WA0069800683
B2132304748937N11932821WA0070000683
B2132314748937N11932821WA0069600683
B2132324748937N11932821WA0069800683
B2132334748937N11932821WA0069700683
B2132344748937N11932821WA0069800683
B2132354748937N11932821WA0069700683
B2132364748937N11932821WA0069700683
B2132374748938N11932822WA0069400683
B2132384748938N11932822WA0069500684
B2132394748938N11932822WA0069600684
B2132404748938N11932822WA0069800685
B2132414748938N11932822WA0069900685
B2132424748938N11932822WA0069800685
B2132434748938N11932822WA0069700686
B2132444748938N11932822WA0069700686
B2132454748938N11932822WA0069700686
B2132464748938N11932822WA0069700687
B2132474748938N11932822WA0069700687
B2132484748938N11932822WA0069700687
B2132494748938N11932822WA0069700687
B2132504748938N11932822WA0069700687
B2132514748938N11932822WA0069700687
B2132524748938N11932822WA0069600687
B2132534748938N11932822WA0069700687
B2132544748938N11932822WA0069800687
B2132554748938N11932822WA0069700687
B2132564748938N11932822WA0069600687
B2132574748938N11932822WA0069700687
B2132584748938N11932822WA0069700687
B2132594748938N11932822WA0069700687
B2133004748938N11932822WA0069700688
B2133014748938N11932822WA0069700688
B2133024748938N11932822WA0069700688
B2133034748938N11932822WA0069700688
B2133044748938N11932822WA0069700688
B2133054748938N11932822WA0069700688
B2133064748938N11932822WA0069700688
B2133074748938N11932822WA0069700688
B2133084748938N11932822WA0069700688
B2133094748938N11932823WA0069800688
B2133104748938N11932823WA0069500688
B2133114748938N11932823WA0069600688
B2133124748938N11932823WA0069700688
B2133134748938N11932822WA0069700688
B2133144748938N11932822WA0069700689
B2133154748938N11932822WA0069700688
B2133164748938N11932822WA0069700688
B2133174748938N11932822WA0069700688
B2133184748938N11932822WA0069700688
B2133194748938N11932822WA0069700688
B2133204748938N11932822WA0069700688
B2133214748938N11932822WA0069700688
B2133224748938N11932822WA0069800688
B2133234748938N11932822WA0069600689
B2133244748938N11932822WA0069700689
B2133254748938N11932822WA0069700689
B2133264748938N11932822WA0069800688
B2133274748938N11932822WA0069600689
B2133284748938N11932822WA0069600688
B2133294748938N11932822WA0069700689
B2133304748938N11932822WA0069700688
B2133314748938N11932822WA0069700688
B2133324748938N11932822WA0069700688
B2133334748938N11932822WA0069700688
B2133344748938N11932822WA0069700688
B2133354748938N11932822WA0069700687
B2133364748938N11932822WA0069500687
B2133374748938N11932822WA0069700687
B2133384748938N11932821WA0069700687
B2133394748938N11932821WA0069700687
B2133404748938N11932821WA0069700687
B2133414748938N11932821WA0069700687
B2133424748938N11932821WA0069700687
B2133434748938N11932821WA0069700687
B2133444748938N11932821WA0069700687
B2133454748938N11932820WA0069700687
B2133464748938N11932820WA0069700686
B2133474748938N11932820WA0069700686
B2133484748938N11932820WA0069700686
B2133494748938N11932820WA0069700686
B2133504748938N11932820WA0069700686
B2133514748938N11932820WA0069700686
B2133524748938N11932820WA0069700686
B2133534748938N11932820WA0069700686
B2133544748938N11932820WA0069700686
B2133554748938N11932820WA0069700686
B2133564748938N11932820WA0069700686
B2133574748938N11932820WA0069700686
B2133584748938N11932820WA0069700686
B2133594748938N11932820WA0069700686
B2134004748938N11932820WA0069700686
B2134014748938N11932820WA0069700686
B2134024748938N11932820WA0069700686
B2134034748938N11932820WA0069700686
B2134044748938N11932820WA0069700686
B2134054748938N11932820WA0069700686
B2134064748938N11932820WA0069700686
B2134074748938N11932820WA0069700686
B2134084748938N11932819WA0069500686
B2134094748938N11932819WA0069600686
B2134104748939N11932819WA0069700686
B2134114748939N11932819WA0069700686
B2134124748939N11932819WA0069800687
B2134134748939N11932819WA0069900686
B2134144748938N11932820WA0070000687
B2134154748938N11932820WA0069800686
B2134164748938N11932820WA0069900687
B2134174748937N11932820WA0069800687
B2134184748937N11932820WA0069900687
B2134194748936N11932819WA0069800688
B2134204748936N11932820WA0069800687
B2134214748935N11932820WA0069800688
B2134224748936N11932820WA0069800688
B2134234748935N11932821WA0069900688
B2134244748935N11932822WA0069900688
B2134254748934N11932823WA0069900688
B2134264748934N11932824WA0069900688
B2134274748934N11932825WA0069900687
B2134284748933N11932826WA0069900687
B2134294748933N11932827WA0069900687
B2134304748933N11932828WA0069900687
B2134314748933N11932829WA0069900687
B2134324748933N11932831WA0069900687
B2134334748933N11932832WA0069900687
B2134344748933N11932833WA0069900686
B2134354748933N11932834WA0069900686
B2134364748933N11932835WA0069900686
B2134374748933N11932836WA0069800685
B2134384748933N11932838WA0069900685
B2134394748933N11932839WA0069800685
B2134404748934N11932840WA0069900685
B2134414748934N11932841WA0069900685
B2134424748933N11932841WA0069800685
B2134434748933N11932842WA0069800685
B2134444748933N11932843WA0069900685
B2134454748933N11932844WA0069800685
B2134464748933N11932845WA0069800684
B2134474748933N11932846WA0069800685
B2134484748933N11932847WA0069800685
B2134494748934N11932849WA0069800685
B2134504748934N11932850WA0069800685
B2134514748934N11932850WA0069800685
B2134524748934N11932851WA0069800685
B2134534748934N11932852WA0069800685
B2134544748934N11932853WA0069900685
B2134554748934N11932854WA0069800685
B2134564748934N11932855WA0069800685
B2134574748934N11932856WA0069800685
B2134584748934N11932857WA0069800684
B2134594748934N11932858WA0069800684
B2135004748934N11932859WA0069800684
B2135014748934N11932860WA0069800684
B2135024748934N11932861WA0069700684
B2135034748934N11932862WA0069800684
B2135044748934N11932863WA0069800684
B2135054748934N11932864WA0069700684
B2135064748934N11932865WA0069800684
B2135074748934N11932866WA0069800684
B2135084748934N11932867WA0069800684
B2135094748934N11932868WA0069800684
B2135104748934N11932869WA0069800684
B2135114748934N11932870WA0069800684
B2135124748934N11932871WA0069800684
B2135134748934N11932872WA0069800684
B2135144748933N11932873WA0069700684
B2135154748933N11932874WA0069800684
B2135164748933N11932874WA0069700684
B2135174748933N11932875WA0069700684
B2135184748933N11932875WA0069700684
B2135194748933N11932876WA0069800684
B2135204748932N11932877WA0069800684
B2135214748932N11932877WA0069800683
B2135224748931N11932878WA0069800683
B2135234748931N11932878WA0069700683
B2135244748930N11932877WA0069700683
B2135254748930N11932876WA0069700683
B2135264748930N11932876WA0069800683
B2135274748929N11932876WA0069800683
B2135284748929N11932876WA0069800683
B2135294748928N11932877WA0069800683
B2135304748928N11932878WA0069700683
B2135314748928N11932879WA0069700683
B2135324748928N11932879WA0069700683
B2135334748928N11932879WA0069600683
B2135344748929N11932878WA0069700684
B2135354748929N11932878WA0069700684
B2135364748928N11932878WA0069800684
B2135374748928N11932878WA0069500684
B2135384748928N11932878WA0069700684
B2135394748928N11932878WA0069800684
B2135404748928N11932878WA0069800684
B2135414748928N11932878WA0069800684
B2135424748928N11932878WA0069800685
B2135434748928N11932878WA0069800685
B2135444748928N11932878WA0069700685
B2135454748928N11932879WA0069700684
B2135464748928N11932880WA0069700685
B2135474748928N11932881WA0069700685
B2135484748928N11932882WA0069800685
B2135494748928N11932883WA0069700685
B2135504748929N11932884WA0069800685
B2135514748930N11932884WA0069700685
B2135524748930N11932885WA0069800685
B2135534748931N11932886WA0069700685
B2135544748931N11932887WA0069700685
B2135554748932N11932888WA0069600685
B2135564748932N11932889WA0069700685
B2135574748933N11932890WA0069600685
B2135584748933N11932891WA0069700685
B2135594748933N11932892WA0069700685
B2136004748934N11932893WA0069700685
B2136014748934N11932894WA0069700684
B2136024748934N11932895WA0069700684
B2136034748934N11932896WA0069700684
B2136044748933N11932897WA0069700684
B2136054748933N11932898WA0069700684
B2136064748933N11932899WA0069600685
B2136074748933N11932900WA0069700685
B2136084748933N11932901WA0069700685
B2136094748933N11932902WA0069600685
B2136104748933N11932904WA0069700685
B2136114748933N11932905WA0069700685
B2136124748933N11932906WA0069600685
B2136134748933N11932907WA0069700685
B2136144748933N11932908WA0069600685
B2136154748933N11932909WA0069700685
B2136164748933N11932910WA0069600685
B2136174748933N11932911WA0069600685
B2136184748933N11932912WA0069600685
B2136194748933N11932913WA0069600685
B2136204748934N11932914WA0069700685
B2136214748934N11932916WA0069600685
B2136224748934N11932917WA0069600685
B2136234748934N11932918WA0069700685
B2136244748934N11932919WA0069600685
B2136254748934N11932920WA0069600684
B2136264748934N11932921WA0069600685
B2136274748934N11932922WA0069600685
B2136284748934N11932923WA0069600684
B2136294748934N11932923WA0069600684
B2136304748934N11932924WA0069600684
B2136314748934N11932925WA0069600684
B2136324748934N11932927WA0069600684
B2136334748934N11932927WA0069600684
B2136344748934N11932928WA0069600684
B2136354748934N11932929WA0069600684
B2136364748934N11932930WA0069600684
B2136374748934N11932931WA0069600684
B2136384748934N11932932WA0069600684
B2136394748934N11932933WA0069600684
B2136404748934N11932934WA0069700684
B2136414748934N11932934WA0069600684
B2136424748934N11932935WA0069600684
B2136434748934N11932936WA0069600683
B2136444748934N11932937WA0069600683
B2136454748934N11932938WA0069600683
B2136464748934N11932939WA0069500683
B2136474748934N11932940WA0069500683
B2136484748934N11932941WA0069500683
B2136494748934N11932942WA0069500683
B2136504748934N11932943WA0069500683
B2136514748933N11932944WA0069500683
B2136524748933N11932945WA0069500683
B2136534748933N11932946WA0069500683
B2136544748933N11932947WA0069600683
B2136554748933N11932948WA0069500684
B2136564748933N11932949WA0069500683
B2136574748933N11932950WA0069500683
B2136584748933N11932951WA0069400683
B2136594748933N11932952WA0069500683
B2137004748933N11932953WA0069500683
B2137014748933N11932954WA0069500683
B2137024748934N11932955WA0069500683
B2137034748934N11932956WA0069500683
B2137044748934N11932957WA0069500682
B2137054748933N11932958WA0069500682
B2137064748933N11932959WA0069400682
B2137074748933N11932960WA0069500682
B2137084748933N11932961WA0069500682
B2137094748933N11932962WA0069400682
B2137104748933N11932963WA0069500682
B2137114748933N11932964WA0069400682
B2137124748933N11932965WA0069400681
B2137134748933N11932966WA0069400681
B2137144748933N11932967WA0069400681
B2137154748933N11932968WA0069400681
B2137164748933N11932969WA0069400681
B2137174748933N11932970WA0069400681
B2137184748933N11932971WA0069500681
B2137194748933N11932973WA0069400680
B2137204748933N11932974WA0069400680
B2137214748933N11932974WA0069400680
B2137224748933N11932975WA0069400680
B2137234748933N11932976WA0069400680
B2137244748933N11932977WA0069400680
B2137254748933N11932978WA0069400680
B2137264748933N11932979WA0069400680
B2137274748933N11932980WA0069400680
B2137284748933N11932981WA0069400681
B2137294748933N11932981WA0069400680
B2137304748933N11932982WA0069400680
B2137314748933N11932983WA0069400680
B2137324748933N11932984WA0069400680
B2137334748933N11932985WA0069400680
B2137344748933N11932986WA0069400681
B2137354748933N11932987WA0069400681
B2137364748933N11932988WA0069400681
B2137374748933N11932988WA0069400681
B2137384748933N11932989WA0069400681
B2137394748933N11932990WA0069400681
B2137404748933N11932991WA0069400681
B2137414748933N11932992WA0069400681
B2137424748933N11932993WA0069400681
B2137434748933N11932994WA0069400681
B2137444748934N11932994WA0069400681
B2137454748934N11932995WA0069400681
B2137464748934N11932996WA0069400681
B2137474748934N11932996WA0069400681
B2137484748934N11932997WA0069400681
B2137494748934N11932998WA0069400681
B2137504748934N11932999WA0069400681
B2137514748934N11933000WA0069400681
B2137524748934N11933001WA0069400681
B2137534748934N11933001WA0069400681
B2137544748934N11933002WA0069400681
B2137554748934N11933003WA0069400681
B2137564748934N11933004WA0069400681
B2137574748934N11933005WA0069400680
B2137584748934N11933006WA0069400680
B2137594748934N11933006WA0069400680
B2138004748934N11933007WA0069400680
B2138014748934N11933008WA0069400680
B2138024748934N11933009WA0069400680
B2138034748934N11933010WA0069400680
B2138044748934N11933011WA0069400680
B2138054748933N11933012WA0069400680
B2138064748934N11933012WA0069400680
B2138074748934N11933013WA0069300680
B2138084748934N11933014WA0069400680
B2138094748934N11933015WA0069400680
B2138104748934N11933016WA0069400680
B2138114748934N11933016WA0069400680
B2138124748933N11933017WA0069400680
B2138134748934N11933018WA0069400680
B2138144748934N11933019WA0069400680
B2138154748934N11933020WA0069400680
B2138164748934N11933020WA0069400680
B2138174748934N11933021WA0069400680
B2138184748934N11933022WA0069300680
B2138194748934N11933023WA0069300680
B2138204748933N11933024WA0069300680
B2138214748933N11933024WA0069400680
B2138224748933N11933025WA0069400680
B2138234748933N11933026WA0069400680
B2138244748933N11933027WA0069300680
B2138254748933N11933027WA0069400680
B2138264748933N11933028WA0069300679
B2138274748933N11933029WA0069300679
B2138284748933N11933030WA0069400679
B2138294748933N11933031WA0069300679
B2138304748933N11933032WA0069300679
B2138314748933N11933032WA0069300679
B2138324748934N11933033WA0069300679
B2138334748934N11933034WA0069300679
B2138344748933N11933035WA0069300679
B2138354748933N11933036WA0069300679
B2138364748933N11933036WA0069300679
B2138374748933N11933037WA0069300679
B2138384748933N11933038WA0069300679
B2138394748933N11933039WA0069200679
B2138404748933N11933040WA0069200679
B2138414748933N11933041WA0069200678
B2138424748933N11933041WA0069300678
B2138434748933N11933042WA0069300678
B2138444748933N11933043WA0069300678
B2138454748933N11933044WA0069300678
B2138464748933N11933044WA0069300679
B2138474748933N11933045WA0069200679
B2138484748933N11933046WA0069300678
B2138494748933N11933047WA0069300678
B2138504748933N11933047WA0069300678
B2138514748933N11933048WA0069300678
B2138524748933N11933049WA0069300678
B2138534748933N11933050WA0069300678
B2138544748933N11933050WA0069200678
B2138554748933N11933051WA0069200678
B2138564748933N11933052WA0069200678
B2138574748933N11933053WA0069200678
B2138584748933N11933054WA0069200678
B2138594748933N11933054WA0069200678
B2139004748933N11933055WA0069200678
B2139014748933N11933056WA0069200677
B2139024748933N11933056WA0069200677
B2139034748933N11933057WA0069200677
B2139044748933N11933058WA0069200677
B2139054748933N11933058WA0069200677
B2139064748933N11933059WA0069200677
B2139074748933N11933060WA0069200677
B2139084748933N11933061WA0069200677
B2139094748933N11933061WA0069200677
B2139104748933N11933062WA0069200677
B2139114748933N11933063WA0069200677
B2139124748933N11933063WA0069100677
B2139134748933N11933064WA0069200677
B2139144748933N11933065WA0069100677
B2139154748933N11933066WA0069100677
B2139164748933N11933066WA0069200677
B2139174748933N11933067WA0069200677
B2139184748933N11933068WA0069200677
B2139194748933N11933069WA0069200677
B2139204748933N11933070WA0069100677
B2139214748933N11933070WA0069100677
B2139224748933N11933071WA0069100677
B2139234748933N11933072WA0069100677
B2139244748933N11933073WA0069100677
B2139254748933N11933073WA0069100677
B2139264748933N11933074WA0069200677
B2139274748933N11933074WA0069200677
B2139284748933N11933075WA0069200677
B2139294748933N11933076WA0069200677
B2139304748933N11933076WA0069100677
B2139314748933N11933077WA0069200677
B2139324748933N11933078WA0069200677
B2139334748933N11933078WA0069200677
B2139344748933N11933079WA0069100677
B2139354748933N11933080WA0069200677
B2139364748933N11933080WA0069200677
B2139374748933N11933081WA0069200676
B2139384748933N11933082WA0069100676
B2139394748933N11933082WA0069100676
B2139404748933N11933083WA0069100676
B2139414748933N11933084WA0069100677
B2139424748933N11933084WA0069100676
B2139434748933N11933085WA0069100677
B2139444748933N11933086WA0069100676
B2139454748933N11933086WA0069100676
B2139464748933N11933087WA0069100676
B2139474748933N11933088WA0069100676
B2139484748933N11933088WA0069100676
B2139494748933N11933089WA0069100676
B2139504748933N11933090WA0069100676
B2139514748933N11933091WA0069100676
B2139524748933N11933091WA0069100676
B2139534748933N11933092WA0069100676
B2139544748933N11933093WA0069100676
B2139554748933N11933094WA0069100676
B2139564748933N11933094WA0069100676
B2139574748933N11933095WA0069100676
B2139584748933N11933096WA0069100676
B2139594748933N11933097WA0069100676
B2140004748933N11933097WA0069100676
B2140014748933N11933098WA0069100676
B2140024748933N11933099WA0069100676
B2140034748933N11933099WA0069100676
B2140044748933N11933099WA0069100676
B2140054748933N11933100WA0069100676
B2140064748933N11933101WA0069100676
B2140074748933N11933101WA0069100676
B2140084748933N11933102WA0069100676
B2140094748933N11933103WA0069100676
B2140104748933N11933103WA0069100676
B2140114748933N11933104WA0069100676
B2140124748933N11933105WA0069100676
B2140134748933N11933105WA0069100676
B2140144748933N11933106WA0069100676
B2140154748933N11933107WA0069100676
B2140164748933N11933107WA0069100676
B2140174748933N11933108WA0069100676
B2140184748933N11933108WA0069100676
B2140194748933N11933109WA0069100676
B2140204748933N11933110WA0069000676
B2140214748933N11933110WA0069100676
B2140224748933N11933111WA0069000676
B2140234748933N11933111WA0069100676
B2140244748933N11933112WA0069100675
B2140254748933N11933112WA0069100676
B2140264748933N11933113WA0069100676
B2140274748933N11933114WA0069100676
B2140284748933N11933114WA0069100675
B2140294748933N11933115WA0069100675
B2140304748933N11933116WA0069100675
B2140314748933N11933117WA0069000676
B2140324748933N11933117WA0069100675
B2140334748933N11933118WA0069000675
B2140344748933N11933119WA0069000675
B2140354748933N11933120WA0069000676
B2140364748933N11933120WA0069100676
B2140374748933N11933121WA0069100676
B2140384748933N11933122WA0069000676
B2140394748933N11933123WA0069000676
B2140404748933N11933124WA0069000676
B2140414748933N11933125WA0069000676
B2140424748933N11933126WA0069000676
B2140434748933N11933127WA0069000676
B2140444748933N11933128WA0069000676
B2140454748933N11933128WA0069000676
B2140464748933N11933129WA0069100676
B2140474748933N11933130WA0069000676
B2140484748933N11933131WA0069000676
B2140494748933N11933132WA0069000676
B2140504748933N11933133WA0069000676
B2140514748932N11933134WA0069000676
B2140524748932N11933135WA0069000676
B2140534748932N11933136WA0069100676
B2140544748932N11933137WA0069000676
B2140554748932N11933138WA0069000676
B2140564748932N11933138WA0069000675
B2140574748932N11933139WA0069000675
B2140584748932N11933140WA0069000675
B2140594748932N11933141WA0069000676
B2141004748933N11933142WA0069000676
B2141014748933N11933143WA0069000676
B2141024748934N11933144WA0068900676
B2141034748934N11933145WA0068800676
B2141044748934N11933146WA0068800676
B2141054748934N11933147WA0068800676
B2141064748934N11933148WA0068900676
B2141074748934N11933149WA0068800676
B2141084748934N11933150WA0068900677
B2141094748934N11933151WA0068800676
B2141104748934N11933152WA0068900676
B2141114748934N11933153WA0068900677
B2141124748935N11933154WA0068800677
B2141134748935N11933155WA0068900677
B2141144748935N11933156WA0068900677
B2141154748935N11933157WA0068800677
B2141164748935N11933159WA0068900677
B2141174748935N11933160WA0068800677
B2141184748935N11933161WA0068900677
B2141194748935N11933162WA0068900677
B2141204748936N11933163WA0068900677
B2141214748936N11933164WA0069000677
B2141224748936N11933165WA0068900677
B2141234748936N11933166WA0068900677
B2141244748936N11933166WA0068900677
B2141254748936N11933167WA0068900677
B2141264748936N11933168WA0069000677
B2141274748936N11933169WA0069000677
B2141284748936N11933169WA0069000677
B2141294748936N11933169WA0069100677
B2141304748936N11933170WA0069100678
B2141314748936N11933170WA0069100678
B2141324748936N11933171WA0069100678
B2141334748936N11933171WA0069100678
B2141344748936N11933171WA0069100678
B2141354748936N11933171WA0069100679
B2141364748936N11933171WA0069100679
B2141374748936N11933171WA0069200678
B2141384748936N11933171WA0069100678
B2141394748936N11933171WA0069000678
B2141404748936N11933171WA0069000678
B2141414748936N11933171WA0069000678
B2141424748936N11933171WA0069000678
B2141434748936N11933171WA0069000678
B2141444748936N11933171WA0069000679
B2141454748936N11933171WA0069000679
B2141464748936N11933171WA0069000679
B2141474748936N11933171WA0069000679
B2141484748936N11933171WA0069000679
B2141494748936N11933171WA0069000679
B2141504748936N11933171WA0069000679
B2141514748936N11933171WA0069000679
B2141524748936N11933171WA0069000679
B2141534748936N11933171WA0069000679
B2141544748936N11933171WA0069000679
B2141554748936N11933171WA0069000679
B2141564748936N11933171WA0069000679
B2141574748936N11933171WA0069000679
B2141584748936N11933171WA0069000679
B2141594748936N11933171WA0069000679
B2142004748936N11933171WA0069000679
B2142014748936N11933172WA0069000679
B2142024748936N11933172WA0069000679
B2142034748936N11933172WA0069000679
B2142044748936N11933172WA0069000679
B2142054748936N11933172WA0069000679
B2142064748936N11933172WA0069000679
B2142074748936N11933172WA0069000679
B2142084748936N11933172WA0069000679
B2142094748936N11933172WA0069000679
B2142104748936N11933172WA0069000679
B2142114748936N11933172WA0069000679
B2142124748936N11933172WA0069000679
B2142134748936N11933172WA0069000679
B2142144748936N11933172WA0069000679
B2142154748936N11933172WA0069100679
B2142164748936N11933172WA0069000679
B2142174748936N11933172WA0069100679
B2142184748936N11933172WA0069000679
B2142194748936N11933172WA0069000679
B2142204748936N11933172WA0069000679
B2142214748936N11933172WA0069000679
B2142224748936N11933172WA0069000679
B2142234748936N11933172WA0069000679
B2142244748936N11933172WA0069000679
B2142254748936N11933172WA0069000679
B2142264748936N11933172WA0069000679
B2142274748937N11933172WA0069000679
B2142284748937N11933172WA0069000679
B2142294748937N11933172WA0069000679
B2142304748937N11933172WA0069000679
B2142314748937N11933172WA0069100679
B2142324748937N11933172WA0069000679
B2142334748937N11933172WA0069000678
B2142344748937N11933172WA0069000678
B2142354748937N11933172WA0069000678
B2142364748937N11933172WA0069000678
B2142374748937N11933172WA0069000678
B2142384748937N11933172WA0069000678
B2142394748937N11933172WA0069000678
B2142404748937N11933172WA0069000678
B2142414748937N11933172WA0069000678
B2142424748937N11933172WA0069000678
B2142434748937N11933172WA0069000678
B2142444748937N11933172WA0069000678
B2142454748937N11933172WA0069000678
B2142464748937N11933172WA0069000678
B2142474748937N11933172WA0069000678
B2142484748937N11933172WA0069000679
B2142494748937N11933172WA0069000679
B2142504748937N11933172WA0069000679
B2142514748937N11933172WA0069000679
B2142524748937N11933172WA0069000679
B2142534748937N11933172WA0069000679
B2142544748937N11933172WA0069000679
B2142554748937N11933172WA0069000679
B2142564748937N11933172WA0069000679
B2142574748937N11933172WA0069000679
B2142584748937N11933172WA0069000679
B2142594748937N11933172WA0069000679
B2143004748937N11933172WA0069000679
B2143014748937N11933172WA0069000679
B2143024748937N11933172WA0069000679
B2143034748937N11933172WA0069100679
B2143044748937N11933172WA0069000679
B2143054748937N11933172WA0069100679
B2143064748937N11933172WA0069100679
B2143074748937N11933172WA0069000679
B2143084748937N11933172WA0069000679
B2143094748937N11933172WA0069100679
B2143104748937N11933172WA0069000679
B2143114748937N11933172WA0069000679
B2143124748937N11933172WA0069000679
B2143134748937N11933172WA0069000679
B2143144748937N11933172WA0069000679
B2143154748937N11933172WA0069000679
B2143164748937N11933172WA0069100679
B2143174748937N11933172WA0069000679
B2143184748937N11933172WA0069000679
B2143194748937N11933172WA0069000679
B2143204748937N11933172WA0069000679
B2143214748937N11933172WA0069000679
B2143224748937N11933172WA0069000679
B2143234748937N11933172WA0069100679
B2143244748937N11933172WA0069100679
B2143254748937N11933172WA0069000679
B2143264748937N11933172WA0069000679
B2143274748937N11933172WA0069000679
B2143284748937N11933172WA0069000679
B2143294748937N11933172WA0069000679
B2143304748937N11933172WA0069000679
B2143314748937N11933172WA0069000679
B2143324748937N11933172WA0069000679
B2143334748937N11933172WA0069000679
B2143344748937N11933172WA0069000679
B2143354748937N11933172WA0069000679
B2143364748937N11933172WA0069000679
B2143374748937N11933172WA0069000679
B2143384748937N11933172WA0069000679
B2143394748937N11933172WA0069000679
B2143404748937N11933172WA0069100679
B2143414748937N11933172WA0069000679
B2143424748937N11933172WA0069000679
B2143434748937N11933172WA0069000679
B2143444748937N11933172WA0069000679
B2143454748937N11933172WA0069000679
B2143464748937N11933172WA0069000679
B2143474748937N11933172WA0069000679
B2143484748937N11933172WA0069000679
B2143494748937N11933172WA0069000679
B2143504748937N11933172WA0069000679
B2143514748937N11933172WA0069000679
B2143524748937N11933172WA0069000679
B2143534748937N11933172WA0069000679
B2143544748937N11933172WA0069000678
B2143554748937N11933172WA0069000678
B2143564748937N11933172WA0069000678
B2143574748937N11933172WA0069000678
B2143584748937N11933172WA0069000678
B2143594748937N11933172WA0069000679
B2144004748937N11933172WA0069100679
B2144014748937N11933172WA0069100679
B2144024748937N11933172WA0069000679
B2144034748937N11933172WA0069000679
B2144044748937N11933172WA0069000679
B2144054748937N11933172WA0069100679
B2144064748937N11933172WA0069100679
B2144074748937N11933172WA0069000679
B2144084748937N11933172WA0069000679
B2144094748937N11933172WA0069000678
B2144104748937N11933172WA0069000678
B2144114748937N11933172WA0069000678
B2144124748937N11933172WA0069000678
B2144134748937N11933172WA0069000678
B2144144748937N11933172WA0069000678
B2144154748937N11933172WA0069000678
B2144164748937N11933172WA0069000678
B2144174748937N11933172WA0069000678
B2144184748937N11933172WA0069000678
B2144194748937N11933172WA0069000678
B2144204748937N11933172WA0069000678
B2144214748937N11933172WA0069000678
B2144224748937N11933172WA0069100678
B2144234748937N11933172WA0069100678
B2144244748937N11933172WA0069100678
B2144254748937N11933172WA0069100678
B2144264748937N11933172WA0069000678
B2144274748937N11933172WA0069100678
B2144284748937N11933172WA0069000678
B2144294748937N11933172WA0069000678
B2144304748937N11933172WA0069100678
B2144314748937N11933172WA0069100678
B2144324748937N11933172WA0069000679
B2144334748937N11933171WA0069000679
B2144344748937N11933171WA0069000679
B2144354748937N11933171WA0069000679
B2144364748937N11933172WA0069000679
B2144374748937N11933172WA0069000679
B2144384748937N11933172WA0069000679
B2144394748937N11933172WA0069000679
B2144404748937N11933172WA0069100679
B2144414748937N11933172WA0069100679
B2144424748937N11933172WA0069000679
B2144434748937N11933172WA0069000679
B2144444748937N11933172WA0069000679
B2144454748937N11933172WA0069000679
B2144464748937N11933172WA0069000679
B2144474748937N11933172WA0069000679
B2144484748937N11933172WA0069100679
B2144494748937N11933172WA0069000678
B2144504748937N11933172WA0069000678
B2144514748937N11933172WA0069000678
B2144524748937N11933172WA0069000678
B2144534748937N11933172WA0069000678
B2144544748937N11933172WA0069000678
B2144554748937N11933172WA0069000678
B2144564748937N11933172WA0069000678
B2144574748937N11933172WA0069000678
B2144584748937N11933172WA0069000678
B2144594748937N11933172WA0069100678
B2145004748937N11933172WA0069000678
B2145014748937N11933172WA0069000678
B2145024748937N11933172WA0069100678
B2145034748937N11933172WA0069000678
B2145044748937N11933172WA0069000678
B2145054748937N11933172WA0069000678
B2145064748937N11933172WA0069000678
B2145074748937N11933172WA0069000678
B2145084748937N11933172WA0069100679
B2145094748937N11933172WA0069100679
B2145104748937N11933172WA0069000679
B2145114748937N11933172WA0069100679
B2145124748937N11933172WA0069000679
B2145134748937N11933172WA0069000679
B2145144748937N11933172WA0069100679
B2145154748937N11933172WA0069000679
B2145164748937N11933172WA0069000679
B2145174748937N11933172WA0069000679
B2145184748937N11933172WA0069000679
B2145194748937N11933171WA0069000679
B2145204748937N11933171WA0069000679
B2145214748937N11933171WA0069000679
B2145224748937N11933171WA0069000679
B2145234748937N11933171WA0069000679
B2145244748937N11933171WA0069000679
B2145254748937N11933171WA0069000679
B2145264748937N11933171WA0069000679
B2145274748937N11933171WA0069000679
B2145284748937N11933171WA0069000679
B2145294748937N11933171WA0069000679
B2145304748937N11933171WA0069000679
B2145314748937N11933171WA0069000679
B2145324748937N11933171WA0069000679
B2145334748937N11933171WA0069000679
B2145344748937N11933171WA0069000679
B2145354748937N11933171WA0069000679
B2145364748937N11933171WA0069000679
B2145374748937N11933171WA0069000680
B2145384748937N11933171WA0069100680
B2145394748937N11933171WA0069000680
B2145404748937N11933171WA0069100680
B2145414748937N11933171WA0069100680
B2145424748937N11933171WA0069100680
B2145434748937N11933171WA0069000680
B2145444748936N11933171WA0069000680
B2145454748936N11933171WA0069000680
B2145464748936N11933171WA0069000680
B2145474748936N11933171WA0069000680
B2145484748936N11933171WA0069000680
B2145494748936N11933171WA0069000680
B2145504748936N11933171WA0069000680
B2145514748936N11933171WA0069000680
B2145524748936N11933171WA0069000680
B2145534748936N11933171WA0069000680
B2145544748936N11933171WA0069000680
B2145554748936N11933171WA0069000680
B2145564748936N11933171WA0069000680
B2145574748936N11933171WA0069000680
B2145584748936N11933171WA0069000680
B2145594748936N11933171WA0069000680
B2146004748936N11933171WA0069000680
B2146014748936N11933171WA0069100680
B2146024748936N11933172WA0069100680
B2146034748936N11933172WA0069100680
B2146044748936N11933172WA0069100680
B2146054748936N11933172WA0069100680
B2146064748936N11933172WA0069100680
B2146074748936N11933172WA0069000681
B2146084748936N11933172WA0069100681
B2146094748936N11933172WA0069100680
B2146104748936N11933172WA0069100680
B2146114748936N11933172WA0069000680
B2146124748936N11933172WA0069000680
B2146134748936N11933172WA0069000680
B2146144748936N11933172WA0069000680
B2146154748936N11933172WA0069000680
B2146164748936N11933172WA0069000680
B2146174748936N11933172WA0069000680
B2146184748936N11933172WA0069000680
B2146194748936N11933172WA0069000680
B2146204748936N11933172WA0069000680
B2146214748936N11933172WA0069000680
B2146224748936N11933172WA0069000680
B2146234748936N11933172WA0069000680
B2146244748936N11933172WA0069000680
B2146254748937N11933172WA0069000680
B2146264748937N11933172WA0068900680
B2146274748937N11933172WA0069000680
B2146284748937N11933172WA0069000680
B2146294748937N11933172WA0069000680
B2146304748937N11933172WA0069000680
B2146314748937N11933172WA0069000680
B2146324748937N11933172WA0069000680
B2146334748937N11933172WA0069000680
B2146344748937N11933172WA0069000680
B2146354748937N11933172WA0069000680
B2146364748937N11933172WA0069000680
B2146374748937N11933172WA0069000680
B2146384748937N11933172WA0069000680
B2146394748937N11933172WA0069000680
B2146404748937N11933172WA0069000680
B2146414748937N11933172WA0069000680
B2146424748937N11933172WA0069000680
B2146434748937N11933172WA0069000680
B2146444748937N11933172WA0069000680
B2146454748937N11933172WA0069000680
B2146464748937N11933172WA0069000680
B2146474748937N11933172WA0069000680
B2146484748937N11933172WA0069000680
B2146494748937N11933172WA0069000680
B2146504748937N11933172WA0069000680
B2146514748937N11933172WA0069000680
B2146524748937N11933172WA0069000680
B2146534748937N11933172WA0069000680
B2146544748937N11933172WA0069000680
B2146554748937N11933172WA0069000680
B2146564748937N11933172WA0069000680
B2146574748937N11933172WA0069000680
B2146584748937N11933172WA0069100680
B2146594748937N11933172WA0069000680
B2147004748937N11933172WA0069000680
B2147014748937N11933172WA0069000680
B2147024748937N11933172WA0069000680
B2147034748937N11933172WA0069000680
B2147044748937N11933172WA0069100680
B2147054748937N11933172WA0069000680
B2147064748937N11933172WA0069000679
B2147074748937N11933172WA0069000679
B2147084748937N11933172WA0069000679
B2147094748937N11933172WA0069000679
B2147104748937N11933172WA0069000679
B2147114748937N11933172WA0069000679
B2147124748937N11933172WA0069000679
B2147134748937N11933172WA0069000679
B2147144748937N11933172WA0069100679
B2147154748937N11933172WA0069100679
B2147164748937N11933172WA0069000679
B2147174748937N11933172WA0069000679
B2147184748937N11933172WA0069100679
B2147194748937N11933172WA0069100679
B2147204748937N11933172WA0069000679
B2147214748937N11933172WA0069100679
B2147224748937N11933172WA0069000679
B2147234748937N11933172WA0069100679
B2147244748937N11933172WA0069000679
B2147254748937N11933172WA0069000679
B2147264748937N11933172WA0069000679
B2147274748937N11933172WA0069000679
B2147284748937N11933172WA0069000679
B2147294748937N11933172WA0069000679
B2147304748937N11933172WA0069000679
B2147314748937N11933172WA0069000679
B2147324748937N11933172WA0069000679
B2147334748937N11933172WA0069000679
B2147344748937N11933172WA0069000679
B2147354748937N11933172WA0069000679
B2147364748937N11933172WA0069000679
B2147374748937N11933172WA0069000679
B2147384748937N11933172WA0069000679
B2147394748937N11933172WA0069000679
B2147404748937N11933172WA0069000679
B2147414748937N11933172WA0069100679
B2147424748937N11933172WA0069000679
B2147434748937N11933172WA0069000680
B2147444748937N11933172WA0069100680
B2147454748937N11933172WA0069100680
B2147464748937N11933172WA0069100680
B2147474748937N11933172WA0069100680
B2147484748937N11933172WA0069000680
B2147494748937N11933172WA0069100680
B2147504748937N11933172WA0069000680
B2147514748937N11933172WA0069000680
B2147524748937N11933172WA0069000680
B2147534748937N11933172WA0069000680
B2147544748937N11933172WA0069000680
B2147554748937N11933172WA0069100680
B2147564748937N11933172WA0069000680
B2147574748937N11933172WA0069100680
B2147584748937N11933172WA0069100680
B2147594748937N11933172WA0069000680
B2148004748937N11933172WA0069000680
B2148014748937N11933172WA0069000680
B2148024748937N11933172WA0069100680
B2148034748937N11933172WA0069100680
B2148044748937N11933172WA0069000680
B2148054748937N11933172WA0069100680
B2148064748937N11933172WA0069000680
B2148074748937N11933172WA0069100679
B2148084748937N11933172WA0069100679
B2148094748937N11933172WA0069100679
B2148104748937N11933172WA0069100679
B2148114748937N11933172WA0069000679
B2148124748937N11933172WA0069000679
B2148134748937N11933172WA0069100679
B2148144748937N11933172WA0069000679
B2148154748937N11933172WA0069000679
B2148164748937N11933172WA0069100679
B2148174748937N11933172WA0069100679
B2148184748937N11933172WA0069100679
B2148194748937N11933171WA0069000678
B2148204748937N11933171WA0069000678
B2148214748937N11933171WA0069000678
B2148224748937N11933171WA0069000678
B2148234748937N11933171WA0069000678
B2148244748937N11933171WA0069000678
B2148254748937N11933171WA0069000678
B2148264748937N11933171WA0069000678
B2148274748937N11933171WA0069000678
B2148284748937N11933171WA0069100677
B2148294748937N11933171WA0069000677
B2148304748937N11933171WA0069000677
B2148314748937N11933171WA0069100677
B2148324748937N11933171WA0069100677
B2148334748937N11933171WA0069000677
B2148344748937N11933171WA0069100677
B2148354748937N11933171WA0069100677
B2148364748937N11933171WA0069000677
B2148374748937N11933171WA0069100677
B2148384748937N11933171WA0069000677
B2148394748937N11933171WA0069100677
B2148404748937N11933171WA0069000677
B2148414748937N11933171WA0069100677
B2148424748937N11933171WA0069100677
B2148434748937N11933171WA0069100677
B2148444748937N11933171WA0069000677
B2148454748937N11933171WA0069000677
B2148464748937N11933171WA0069100677
B2148474748937N11933171WA0069100677
B2148484748937N11933171WA0069100677
B2148494748937N11933171WA0069100677
B2148504748937N11933171WA0069100677
B2148514748937N11933171WA0069000677
B2148524748937N11933171WA0069100677
B2148534748937N11933171WA0069100677
B2148544748937N11933171WA0069100677
B2148554748937N11933171WA0069000677
B2148564748937N11933171WA0069000678
B2148574748937N11933171WA0069000678
B2148584748937N11933171WA0069100678
B2148594748937N11933171WA0069000678
B2149004748937N11933171WA0069100678
B2149014748937N11933171WA0069100678
B2149024748937N11933171WA0069100678
B2149034748937N11933171WA0069100678
B2149044748937N11933171WA0069000678
B2149054748937N11933171WA0069100678
B2149064748937N11933171WA0069000678
B2149074748937N11933171WA0069000678
B2149084748937N11933171WA0069100678
B2149094748937N11933171WA0069100678
B2149104748937N11933171WA0069100678
B2149114748937N11933171WA0069100678
B2149124748937N11933171WA0069100678
B2149134748937N11933171WA0069100678
B2149144748937N11933171WA0069100678
B2149154748937N11933171WA0069100678
B2149164748937N11933171WA0069100678
B2149174748937N11933171WA0069100678
B2149184748937N11933171WA0069100678
B2149194748937N11933171WA0069100678
B2149204748937N11933171WA0069100678
B2149214748937N11933171WA0069100678
B2149224748937N11933171WA0069100677
B2149234748937N11933171WA0069100677
B2149244748937N11933171WA0069100677
B2149254748937N11933171WA0069100677
B2149264748937N11933171WA0069100677
B2149274748937N11933171WA0069100677
B2149284748937N11933171WA0069100677
B2149294748937N11933171WA0069100677
B2149304748937N11933171WA0069100677
B2149314748937N11933171WA0069100677
B2149324748937N11933171WA0069100677
B2149334748937N11933171WA0069100677
B2149344748937N11933171WA0069100676
B2149354748937N11933171WA0069100676
B2149364748937N11933171WA0069100676
B2149374748937N11933171WA0069100676
B2149384748937N11933171WA0069100676
B2149394748937N11933171WA0069100676
B2149404748937N11933171WA0069100676
B2149414748937N11933171WA0069100676
B2149424748937N11933171WA0069100675
B2149434748937N11933171WA0069100675
B2149444748937N11933171WA0069100675
B2149454748937N11933171WA0069100675
B2149464748937N11933171WA0069100675
B2149474748937N11933171WA0069100675
B2149484748937N11933171WA0069100675
B2149494748937N11933171WA0069100675
B2149504748937N11933171WA0069100675
B2149514748937N11933171WA0069100675
B2149524748937N11933171WA0069100675
B2149534748937N11933171WA0069100675
B2149544748937N11933171WA0069100675
B2149554748937N11933171WA0069100676
B2149564748937N11933171WA0069100676
B2149574748937N11933171WA0069100676
B2149584748937N11933171WA0069100676
B2149594748937N11933171WA0069100676
B2150004748937N11933171WA0069100676
B2150014748937N11933171WA0069100676
B2150024748937N11933171WA0069200676
B2150034748937N11933171WA0069100676
B2150044748937N11933171WA0069200676
B2150054748936N11933171WA0069200676
B2150064748936N11933171WA0069200676
B2150074748936N11933171WA0069200676
B2150084748936N11933171WA0069100676
B2150094748936N11933171WA0069100676
B2150104748936N11933171WA0069200676
B2150114748936N11933171WA0069100676
B2150124748936N11933171WA0069100676
B2150134748936N11933171WA0069100676
B2150144748936N11933171WA0069200676
B2150154748936N11933171WA0069100676
B2150164748936N11933171WA0069200676
B2150174748936N11933171WA0069100676
B2150184748936N11933171WA0069100676
B2150194748936N11933171WA0069100676
B2150204748936N11933171WA0069100676
B2150214748936N11933171WA0069100676
B2150224748936N11933171WA0069100676
B2150234748936N11933171WA0069200676
B2150244748936N11933171WA0069100676
B2150254748936N11933171WA0069200676
B2150264748936N11933171WA0069100676
B2150274748936N11933171WA0069200676
B2150284748936N11933171WA0069100676
B2150294748936N11933171WA0069100676
B2150304748936N11933171WA0069200676
B2150314748936N11933172WA0069200676
B2150324748936N11933172WA0069200676
B2150334748937N11933172WA0069200676
B2150344748937N11933172WA0069200676
B2150354748937N11933172WA0069100676
B2150364748936N11933172WA0069200676
B2150374748936N11933172WA0069200676
B2150384748936N11933172WA0069200676
B2150394748936N11933172WA0069200676
B2150404748936N11933172WA0069200676
B2150414748936N11933172WA0069200676
B2150424748936N11933172WA0069200676
B2150434748936N11933172WA0069200676
B2150444748936N11933172WA0069200676
B2150454748936N11933172WA0069200676
B2150464748937N11933172WA0069200676
B2150474748937N11933172WA0069200676
B2150484748937N11933172WA0069200676
B2150494748937N11933172WA0069200676
B2150504748937N11933172WA0069200676
B2150514748937N11933172WA0069100676
B2150524748937N11933172WA0069100676
B2150534748937N11933172WA0069100676
B2150544748937N11933172WA0069100676
B2150554748937N11933172WA0069100676
B2150564748937N11933172WA0069200676
B2150574748937N11933172WA0069100676
B2150584748937N11933172WA0069200676
B2150594748937N11933172WA0069100676
B2151004748937N11933172WA0069200676
B2151014748937N11933172WA0069100676
B2151024748937N11933172WA0069200676
B2151034748937N11933172WA0069200676
B2151044748937N11933172WA0069200676
B2151054748937N11933172WA0069200676
B2151064748937N11933172WA0069200676
B2151074748937N11933172WA0069100676
B2151084748937N11933172WA0069200676
B2151094748937N11933172WA0069100676
B2151104748937N11933172WA0069100675
B2151114748937N11933172WA0069100675
B2151124748937N11933172WA0069100675
B2151134748937N11933172WA0069100675
B2151144748937N11933172WA0069100675
B2151154748937N11933172WA0069100675
B2151164748937N11933172WA0069200675
B2151174748937N11933172WA0069100675
B2151184748937N11933172WA0069200675
B2151194748937N11933172WA0069200675
B2151204748937N11933172WA0069100675
B2151214748937N11933172WA0069100675
B2151224748937N11933172WA0069100675
B2151234748937N11933172WA0069100675
B2151244748937N11933172WA0069100675
B2151254748937N11933172WA0069100675
B2151264748937N11933172WA0069100675
B2151274748937N11933172WA0069100675
B2151284748937N11933172WA0069100675
B2151294748937N11933172WA0069100675
B2151304748937N11933172WA0069100675
B2151314748937N11933172WA0069100675
B2151324748937N11933172WA0069100675
B2151334748937N11933172WA0069100675
B2151344748937N11933172WA0069100675
B2151354748937N11933172WA0069100675
B2151364748937N11933172WA0069100675
B2151374748937N11933172WA0069100675
B2151384748937N11933172WA0069100675
B2151394748937N11933172WA0069100675
B2151404748937N11933172WA0069100675
B2151414748937N11933172WA0069100675
B2151424748937N11933172WA0069100675
B2151434748937N11933172WA0069100675
B2151444748937N11933172WA0069100675
B2151454748937N11933172WA0069100675
B2151464748937N11933172WA0069100675
B2151474748937N11933172WA0069100675
B2151484748937N11933172WA0069100675
B2151494748937N11933172WA0069100675
B2151504748937N11933172WA0069100675
B2151514748937N11933172WA0069100675
B2151524748937N11933172WA0069100675
B2151534748937N11933172WA0069000675
B2151544748937N11933172WA0069100675
B2151554748937N11933172WA0069100675
B2151564748937N11933172WA0069000675
B2151574748937N11933172WA0069000675
B2151584748937N11933172WA0069100675
B2151594748937N11933172WA0069000675
B2152004748937N11933172WA0069000675
B2152014748937N11933172WA0069000675
B2152024748937N11933172WA0069000675
B2152034748937N11933172WA0069000675
B2152044748937N11933172WA0069000675
B2152054748937N11933172WA0069000675
B2152064748937N11933172WA0069000675
B2152074748937N11933172WA0069000675
B2152084748937N11933172WA0069100675
B2152094748937N11933172WA0069000675
B2152104748937N11933172WA0069100675
B2152114748937N11933172WA0069000675
B2152124748937N11933172WA0069000675
B2152134748937N11933172WA0069100675
B2152144748937N11933172WA0069100675
B2152154748937N11933172WA0069100675
B2152164748936N11933172WA0069000675
B2152174748936N11933172WA0069000675
B2152184748936N11933172WA0069100675
B2152194748936N11933172WA0069100675
B2152204748936N11933172WA0069100675
B2152214748936N11933172WA0069100675
B2152224748936N11933172WA0069100675
B2152234748936N11933172WA0069100675
B2152244748936N11933172WA0069100675
B2152254748936N11933172WA0069100675
B2152264748936N11933172WA0069100675
B2152274748936N11933172WA0069100675
B2152284748936N11933172WA0069100675
B2152294748936N11933172WA0069100675
B2152304748936N11933172WA0069100675
B2152314748936N11933172WA0069100675
B2152324748936N11933172WA0069100675
B2152334748936N11933172WA0069100675
B2152344748936N11933172WA0069100675
B2152354748936N11933172WA0069100675
B2152364748936N11933172WA0069100675
B2152374748936N11933172WA0069100675
B2152384748936N11933172WA0069100675
B2152394748936N11933172WA0069100675
B2152404748936N11933172WA0069100675
B2152414748936N11933172WA0069100675
B2152424748936N11933172WA0069100675
B2152434748936N11933172WA0069100675
B2152444748936N11933172WA0069100675
B2152454748936N11933172WA0069100675
B2152464748936N11933171WA0069100675
B2152474748936N11933171WA0069100675
B2152484748936N11933171WA0069100675
B2152494748937N11933171WA0069100675
B2152504748937N11933171WA0069100675
B2152514748937N11933171WA0069100675
B2152524748937N11933171WA0069100675
B2152534748937N11933171WA0069100675
B2152544748937N11933171WA0069100675
B2152554748937N11933171WA0069100675
B2152564748937N11933171WA0069100675
B2152574748937N11933171WA0069100675
B2152584748937N11933171WA0069100675
B2152594748937N11933171WA0069100675
B2153004748937N11933171WA0069100675
B2153014748937N11933171WA0069100675
B2153024748937N11933171WA0069100675
B2153034748937N11933171WA0069100675
B2153044748937N11933171WA0069100675
B2153054748937N11933171WA0069100675
B2153064748937N11933171WA0069100675
B2153074748937N11933171WA0069100675
B2153084748937N11933171WA0069100675
B2153094748937N11933171WA0069100675
B2153104748937N11933171WA0069100675
B2153114748937N11933171WA0069100675
B2153124748937N11933171WA0069100675
B2153134748937N11933171WA0069100675
B2153144748937N11933171WA0069100675
B2153154748937N11933171WA0069100675
B2153164748937N11933171WA0069100675
B2153174748937N11933171WA0069100674
B2153184748937N11933171WA0069100674
B2153194748937N11933171WA0069100674
B2153204748937N11933171WA0069100674
B2153214748937N11933171WA0069100674
B2153224748937N11933171WA0069100674
B2153234748937N11933171WA0069100674
B2153244748937N11933171WA0069100674
B2153254748937N11933171WA0069100674
B2153264748937N11933171WA0069100674
B2153274748937N11933171WA0069100674
B2153284748937N11933171WA0069100674
B2153294748937N11933171WA0069100674
B2153304748937N11933171WA0069100674
B2153314748937N11933171WA0069100674
B2153324748936N11933171WA0069100674
B2153334748936N11933171WA0069100674
B2153344748936N11933171WA0069100675
B2153354748936N11933171WA0069100675
B2153364748936N11933171WA0069100675
B2153374748936N11933171WA0069100675
B2153384748936N11933171WA0069100675
B2153394748936N11933171WA0069100675
B2153404748936N11933171WA0069100675
B2153414748936N11933171WA0069100675
B2153424748936N11933171WA0069100675
B2153434748936N11933171WA0069100675
B2153444748936N11933171WA0069100675
B2153454748936N11933171WA0069100675
B2153464748936N11933171WA0069100675
B2153474748936N11933171WA0069100675
B2153484748936N11933171WA0069100675
B2153494748936N11933171WA0069100675
B2153504748936N11933171WA0069100675
B2153514748936N11933171WA0069100675
B2153524748936N11933171WA0069100675
B2153534748936N11933171WA0069100675
B2153544748936N11933171WA0069100675
B2153554748936N11933171WA0069100676
B2153564748936N11933171WA0069100676
B2153574748936N11933171WA0069100676
B2153584748936N11933171WA0069100675
B2153594748936N11933171WA0069100676
B2154004748936N11933171WA0069100676
B2154014748936N11933171WA0069100676
B2154024748936N11933171WA0069100676
B2154034748936N11933171WA0069100676
B2154044748936N11933171WA0069100676
B2154054748936N11933171WA0069100676
B2154064748936N11933171WA0069100675
B2154074748936N11933171WA0069100675
B2154084748936N11933171WA0069200675
B2154094748936N11933171WA0069100675
B2154104748936N11933171WA0069100675
B2154114748936N11933171WA0069100675
B2154124748936N11933171WA0069100675
B2154134748936N11933171WA0069100675
B2154144748936N11933171WA0069200676
B2154154748936N11933171WA0069100676
B2154164748936N11933171WA0069200676
B2154174748936N11933171WA0069200675
B2154184748936N11933171WA0069200675
B2154194748936N11933171WA0069200675
B2154204748936N11933171WA0069100675
B2154214748936N11933171WA0069100675
B2154224748936N11933171WA0069200675
B2154234748936N11933171WA0069100675
B2154244748936N11933171WA0069100675
B2154254748936N11933171WA0069100675
B2154264748936N11933171WA0069100675
B2154274748936N11933171WA0069100675
B2154284748936N11933171WA0069200675
B2154294748936N11933171WA0069100675
B2154304748936N11933171WA0069100675
B2154314748936N11933171WA0069100675
B2154324748936N11933171WA0069200675
B2154334748936N11933171WA0069200675
B2154344748936N11933171WA0069200675
B2154354748936N11933171WA0069200675
B2154364748936N11933171WA0069200675
B2154374748936N11933171WA0069100675
B2154384748936N11933171WA0069200675
B2154394748936N11933171WA0069200675
B2154404748936N11933171WA0069200675
B2154414748936N11933171WA0069200675
B2154424748936N11933171WA0069100675
B2154434748936N11933171WA0069200675
B2154444748936N11933171WA0069200675
B2154454748936N11933171WA0069200675
B2154464748936N11933171WA0069200675
B2154474748936N11933171WA0069200675
B2154484748936N11933171WA0069200675
B2154494748936N11933171WA0069200675
B2154504748936N11933171WA0069200675
B2154514748936N11933171WA0069200675
B2154524748936N11933171WA0069200675
B2154534748936N11933171WA0069200675
B2154544748936N11933171WA0069200674
B2154554748936N11933171WA0069200674
B2154564748936N11933171WA0069200674
B2154574748936N11933171WA0069200674
B2154584748936N11933171WA0069200674
B2154594748936N11933171WA0069200674
B2155004748936N11933171WA0069200674
B2155014748936N11933171WA0069200674
B2155024748936N11933171WA0069200674
B2155034748936N11933171WA0069200674
B2155044748936N11933171WA0069200674
B2155054748936N11933171WA0069200674
B2155064748936N11933171WA0069200674
B2155074748936N11933171WA0069200674
B2155084748936N11933171WA0069200674
B2155094748936N11933171WA0069200674
B2155104748936N11933171WA0069200674
B2155114748936N11933171WA0069200674
B2155124748936N11933171WA0069200674
B2155134748936N11933171WA0069200674
B2155144748936N11933171WA0069200674
B2155154748936N11933171WA0069200674
B2155164748936N11933171WA0069200674
B2155174748936N11933171WA0069200674
B2155184748936N11933171WA0069200674
B2155194748936N11933171WA0069200674
B2155204748936N11933171WA0069200674
B2155214748936N11933171WA0069200674
B2155224748936N11933171WA0069200674
B2155234748936N11933171WA0069200674
B2155244748936N11933171WA0069200674
B2155254748936N11933171WA0069200674
B2155264748936N11933171WA0069200674
B2155274748936N11933171WA0069200674
B2155284748936N11933171WA0069200674
B2155294748936N11933171WA0069200674
B2155304748936N11933171WA0069200674
B2155314748936N11933171WA0069200674
B2155324748936N11933171WA0069200674
B2155334748936N11933171WA0069200674
B2155344748936N11933171WA0069200674
B2155354748936N11933171WA0069200674
B2155364748936N11933171WA0069200674
B2155374748936N11933171WA0069200674
B2155384748936N11933171WA0069200674
B2155394748936N11933171WA0069200674
B2155404748936N11933171WA0069200675
B2155414748936N11933171WA0069200675
B2155424748936N11933171WA0069200675
B2155434748936N11933171WA0069200675
B2155444748936N11933171WA0069200675
B2155454748936N11933171WA0069200675
B2155464748936N11933171WA0069200675
B2155474748936N11933171WA0069200675
B2155484748936N11933171WA0069200675
B2155494748936N11933171WA0069200675
B2155504748936N11933171WA0069200675
B2155514748936N11933171WA0069300675
B2155524748936N11933171WA0069200675
B2155534748936N11933171WA0069200675
B2155544748936N11933171WA0069300675
B2155554748936N11933171WA0069200675
B2155564748936N11933171WA0069200675
B2155574748936N11933171WA0069200675
B2155584748936N11933171WA0069200675
B2155594748936N11933171WA0069200675
B2156004748936N11933171WA0069300675
B2156014748936N11933170WA0069300675
B2156024748936N11933170WA0069200675
B2156034748936N11933170WA0069300675
B2156044748936N11933170WA0069200675
B2156054748936N11933170WA0069200675
B2156064748936N11933170WA0069200676
B2156074748936N11933170WA0069200676
B2156084748936N11933170WA0069200676
B2156094748936N11933170WA0069200676
B2156104748936N11933170WA0069200676
B2156114748936N11933170WA0069200676
B2156124748936N11933170WA0069200676
B2156134748936N11933170WA0069200676
B2156144748936N11933170WA0069200676
B2156154748936N11933170WA0069200676
B2156164748936N11933170WA0069200676
B2156174748936N11933170WA0069200676
B2156184748936N11933170WA0069200676
B2156194748936N11933170WA0069200675
B2156204748936N11933170WA0069200675
B2156214748936N11933170WA0069300675
B2156224748936N11933170WA0069200675
B2156234748936N11933170WA0069300675
B2156244748936N11933170WA0069200675
B2156254748936N11933170WA0069200675
B2156264748936N11933170WA0069200675
B2156274748936N11933170WA0069200675
B2156284748936N11933170WA0069200675
B2156294748936N11933171WA0069200675
B2156304748936N11933171WA0069200675
B2156314748936N11933171WA0069200675
B2156324748936N11933171WA0069200675
B2156334748936N11933171WA0069200675
B2156344748936N11933171WA0069200675
B2156354748936N11933171WA0069200675
B2156364748936N11933171WA0069200675
B2156374748936N11933171WA0069200675
B2156384748936N11933171WA0069200675
B2156394748936N11933171WA0069200675
B2156404748936N11933171WA0069200675
B2156414748936N11933171WA0069200675
B2156424748936N11933171WA0069200675
B2156434748936N11933171WA0069200675
B2156444748936N11933171WA0069200675
B2156454748936N11933171WA0069200675
B2156464748936N11933171WA0069200675
B2156474748936N11933171WA0069200675
B2156484748936N11933171WA0069200675
B2156494748936N11933171WA0069200675
B2156504748936N11933171WA0069200675
B2156514748936N11933171WA0069200675
B2156524748936N11933171WA0069200675
B2156534748936N11933171WA0069100675
B2156544748936N11933171WA0069200675
B2156554748936N11933171WA0069200675
B2156564748936N11933171WA0069200675
B2156574748936N11933171WA0069200675
B2156584748936N11933171WA0069200675
B2156594748936N11933171WA0069200675
B2157004748936N11933171WA0069200675
B2157014748936N11933171WA0069200675
B2157024748936N11933171WA0069200675
B2157034748936N11933171WA0069200675
B2157044748936N11933171WA0069200675
B2157054748936N11933171WA0069200675
B2157064748936N11933171WA0069200675
B2157074748936N11933171WA0069200675
B2157084748936N11933171WA0069200675
B2157094748936N11933171WA0069200675
B2157104748936N11933171WA0069200675
B2157114748936N11933171WA0069200675
B2157124748936N11933171WA0069200675
B2157134748936N11933171WA0069200675
B2157144748936N11933171WA0069200675
B2157154748936N11933171WA0069200675
B2157164748936N11933171WA0069200675
B2157174748936N11933171WA0069200675
B2157184748936N11933171WA0069200675
B2157194748936N11933171WA0069200675
B2157204748936N11933171WA0069200675
B2157214748936N11933171WA0069200675
B2157224748936N11933171WA0069200675
B2157234748936N11933171WA0069200675
B2157244748936N11933171WA0069200675
B2157254748936N11933171WA0069200675
B2157264748936N11933171WA0069200675
B2157274748936N11933171WA0069200675
B2157284748936N11933171WA0069200674
B2157294748936N11933171WA0069200674
B2157304748936N11933171WA0069200675
B2157314748936N11933171WA0069200675
B2157324748936N11933171WA0069200675
B2157334748936N11933171WA0069200675
B2157344748936N11933171WA0069200675
B2157354748936N11933171WA0069200675
B2157364748936N11933171WA0069200675
B2157374748936N11933171WA0069200674
B2157384748936N11933170WA0069200674
B2157394748936N11933171WA0069200674
B2157404748936N11933171WA0069200674
B2157414748936N11933171WA0069200674
B2157424748936N11933171WA0069200675
B2157434748936N11933171WA0069200675
B2157444748936N11933171WA0069200675
B2157454748936N11933171WA0069200675
B2157464748936N11933171WA0069200675
B2157474748936N11933171WA0069200675
B2157484748936N11933171WA0069200675
B2157494748936N11933170WA0069200675
B2157504748936N11933170WA0069200675
B2157514748936N11933170WA0069200675
B2157524748936N11933170WA0069200675
B2157534748936N11933170WA0069200675
B2157544748936N11933170WA0069200675
B2157554748936N11933170WA0069200675
B2157564748936N11933170WA0069200675
B2157574748936N11933170WA0069200675
B2157584748936N11933170WA0069200675
B2157594748936N11933170WA0069200675
B2158004748936N11933170WA0069200675
B2158014748936N11933170WA0069200675
B2158024748936N11933170WA0069200675
B2158034748936N11933170WA0069200675
B2158044748936N11933170WA0069200675
B2158054748936N11933170WA0069200675
B2158064748936N11933170WA0069200675
B2158074748936N11933170WA0069200675
B2158084748936N11933170WA0069200675
B2158094748936N11933170WA0069200675
B2158104748936N11933170WA0069200675
B2158114748936N11933170WA0069200675
B2158124748936N11933170WA0069200675
B2158134748936N11933170WA0069200675
B2158144748936N11933170WA0069200675
B2158154748936N11933170WA0069200675
B2158164748936N11933170WA0069200675
B2158174748936N11933170WA0069200675
B2158184748936N11933170WA0069200675
B2158194748936N11933170WA0069200675
B2158204748936N11933170WA0069200675
B2158214748936N11933170WA0069200675
B2158224748936N11933170WA0069200675
B2158234748936N11933170WA0069200675
B2158244748936N11933170WA0069200675
B2158254748936N11933170WA0069200675
B2158264748936N11933170WA0069200675
B2158274748936N11933170WA0069200675
B2158284748936N11933170WA0069200675
B2158294748936N11933170WA0069200675
B2158304748936N11933170WA0069200675
B2158314748936N11933170WA0069200675
B2158324748936N11933170WA0069200675
B2158334748936N11933170WA0069200675
B2158344748936N11933170WA0069200675
B2158354748936N11933170WA0069200675
B2158364748936N11933170WA0069200675
B2158374748936N11933170WA0069200675
B2158384748936N11933170WA0069200675
B2158394748936N11933170WA0069200675
B2158404748936N11933170WA0069200675
B2158414748936N11933170WA0069200675
B2158424748936N11933170WA0069200675
B2158434748936N11933170WA0069200675
B2158444748936N11933170WA0069200675
B2158454748936N11933170WA0069200675
B2158464748936N11933170WA0069200675
B2158474748936N11933170WA0069200675
B2158484748936N11933170WA0069200675
B2158494748936N11933170WA0069200675
B2158504748936N11933170WA0069200675
B2158514748936N11933170WA0069200675
B2158524748936N11933170WA0069200675
B2158534748936N11933170WA0069200675
B2158544748936N11933170WA0069200675
B2158554748936N11933170WA0069200675
B2158564748936N11933170WA0069200675
B2158574748936N11933170WA0069200675
B2158584748936N11933170WA0069200675
B2158594748936N11933170WA0069100675
B2159004748936N11933170WA0069100675
B2159014748936N11933170WA0069200675
B2159024748936N11933170WA0069100675
B2159034748936N11933170WA0069200675
B2159044748936N11933170WA0069100675
B2159054748936N11933170WA0069200675
B2159064748936N11933170WA0069200675
B2159074748936N11933170WA0069200675
B2159084748936N11933170WA0069200675
B2159094748936N11933170WA0069200675
B2159104748936N11933171WA0069200675
B2159114748936N11933171WA0069200675
B2159124748936N11933171WA0069200675
B2159134748936N11933171WA0069200675
B2159144748936N11933171WA0069200675
B2159154748936N11933171WA0069200675
B2159164748936N11933171WA0069200675
B2159174748936N11933171WA0069200674
B2159184748936N11933171WA0069200674
B2159194748936N11933171WA0069200674
B2159204748936N11933171WA0069200674
B2159214748936N11933171WA0069200674
B2159224748936N11933171WA0069200674
B2159234748936N11933171WA0069200674
B2159244748936N11933171WA0069200674
B2159254748936N11933171WA0069200674
B2159264748936N11933171WA0069200674
B2159274748936N11933171WA0069200674
B2159284748936N11933171WA0069200674
B2159294748936N11933171WA0069200674
B2159304748936N11933171WA0069200674
B2159314748936N11933171WA0069200674
B2159324748936N11933171WA0069200674
B2159334748936N11933171WA0069200674
B2159344748936N11933171WA0069200674
B2159354748936N11933171WA0069200674
B2159364748936N11933171WA0069200674
B2159374748936N11933171WA0069200674
B2159384748936N11933171WA0069200674
B2159394748936N11933171WA0069200674
B2159404748936N11933171WA0069200674
B2159414748936N11933171WA0069200674
B2159424748936N11933171WA0069200674
B2159434748936N11933171WA0069200674
B2159444748936N11933171WA0069200674
B2159454748936N11933171WA0069200674
B2159464748936N11933171WA0069200674
B2159474748936N11933171WA0069200674
B2159484748936N11933171WA0069200674
B2159494748936N11933171WA0069200674
B2159504748936N11933171WA0069200674
B2159514748936N11933171WA0069200674
B2159524748936N11933171WA0069200674
B2159534748936N11933171WA0069200674
B2159544748936N11933171WA0069200674
B2159554748936N11933171WA0069200674
B2159564748936N11933171WA0069200674
B2159574748936N11933171WA0069200674
B2159584748936N11933171WA0069200674
B2159594748936N11933171WA0069200674
B2200004748936N11933171WA0069200674
B2200014748936N11933171WA0069200674
B2200024748936N11933171WA0069200674
B2200034748936N11933171WA0069200674
B2200044748936N11933171WA0069200674
B2200054748936N11933171WA0069200674
B2200064748936N11933171WA0069200674
B2200074748936N11933171WA0069200674
B2200084748936N11933171WA0069200674
B2200094748936N11933171WA0069200674
B2200104748936N11933171WA0069200673
B2200114748936N11933171WA0069200673
B2200124748936N11933171WA0069200673
B2200134748936N11933171WA0069200674
B2200144748936N11933171WA0069200673
B2200154748936N11933171WA0069200673
B2200164748936N11933171WA0069200673
B2200174748936N11933171WA0069200673
B2200184748936N11933171WA0069200673
B2200194748936N11933171WA0069200673
B2200204748936N11933171WA0069200673
B2200214748936N11933171WA0069200673
B2200224748936N11933171WA0069200673
B2200234748936N11933171WA0069200673
B2200244748936N11933171WA0069200673
B2200254748936N11933171WA0069200673
B2200264748936N11933171WA0069200673
B2200274748936N11933171WA0069200673
B2200284748936N11933171WA0069200673
B2200294748936N11933171WA0069200673
B2200304748936N11933171WA0069200673
B2200314748936N11933171WA0069200673
B2200324748936N11933171WA0069200673
B2200334748936N11933171WA0069200673
B2200344748936N11933171WA0069200673
B2200354748936N11933171WA0069200673
B2200364748936N11933171WA0069200673
B2200374748936N11933171WA0069200673
B2200384748936N11933171WA0069200673
B2200394748936N11933171WA0069200673
B2200404748936N11933171WA0069200673
B2200414748936N11933171WA0069200673
B2200424748936N11933171WA0069200673
B2200434748936N11933171WA0069200673
B2200444748936N11933171WA0069200672
B2200454748936N11933171WA0069200672
B2200464748936N11933171WA0069200672
B2200474748936N11933171WA0069200672
B2200484748936N11933171WA0069200672
B2200494748936N11933171WA0069200672
B2200504748936N11933171WA0069200672
B2200514748936N11933171WA0069300672
B2200524748936N11933171WA0069300672
B2200534748936N11933171WA0069200672
B2200544748936N11933171WA0069200672
B2200554748936N11933171WA0069300672
B2200564748936N11933171WA0069300672
B2200574748936N11933171WA0069200672
B2200584748936N11933171WA0069300672
B2200594748936N11933171WA0069200672
B2201004748935N11933170WA0069100672
B2201014748935N11933171WA0069100673
B2201024748935N11933170WA0069300673
B2201034748935N11933169WA0069400673
B2201044748935N11933168WA0069300673
B2201054748934N11933167WA0069200672
B2201064748933N11933166WA0069100672
B2201074748933N11933165WA0068900672
B2201084748932N11933164WA0069200673
B2201094748932N11933163WA0069200673
B2201104748932N11933163WA0069200673
B2201114748932N11933162WA0069100673
B2201124748932N11933161WA0069200673
B2201134748932N11933161WA0069200674
B2201144748932N11933161WA0069100674
B2201154748932N11933160WA0069200674
B2201164748932N11933159WA0069200674
B2201174748932N11933159WA0069200674
B2201184748932N11933158WA0069200674
B2201194748932N11933157WA0069200674
B2201204748932N11933156WA0069200675
B2201214748932N11933156WA0069200675
B2201224748932N11933155WA0069200675
B2201234748932N11933155WA0069200675
B2201244748932N11933154WA0069200675
B2201254748932N11933154WA0069200675
B2201264748932N11933153WA0069200675
B2201274748932N11933153WA0069200675
B2201284748932N11933153WA0069200675
B2201294748932N11933154WA0069200676
B2201304748932N11933154WA0069200676
B2201314748932N11933154WA0069200676
B2201324748932N11933154WA0069200676
B2201334748932N11933154WA0069200676
B2201344748932N11933154WA0069400677
B2201354748932N11933154WA0069100676
B2201364748932N11933154WA0069000676
B2201374748932N11933154WA0069100677
B2201384748932N11933154WA0069200677
B2201394748932N11933154WA0069100677
B2201404748932N11933154WA0069200677
B2201414748932N11933155WA0069200677
B2201424748932N11933155WA0069200677
B2201434748932N11933155WA0069000677
B2201444748932N11933155WA0069100677
B2201454748932N11933155WA0069000677
B2201464748931N11933155WA0069100677
B2201474748931N11933155WA0069200676
B2201484748931N11933155WA0069000676
B2201494748931N11933155WA0069000676
B2201504748931N11933155WA0068900676
B2201514748931N11933155WA0069000676
B2201524748931N11933155WA0069000676
B2201534748931N11933155WA0069100676
B2201544748931N11933155WA0069000676
B2201554748931N11933155WA0069000676
B2201564748931N11933155WA0069000675
B2201574748931N11933156WA0069000675
B2201584748931N11933158WA0069000675
B2201594748930N11933163WA0069000675
B2202004748930N11933169WA0069200675
B2202014748930N11933178WA0069300675
B2202024748929N11933188WA0069200674
B2202034748929N11933200WA0069000674
B2202044748929N11933214WA0069500673
B2202054748929N11933228WA0069400672
B2202064748929N11933244WA0069400672
B2202074748929N11933260WA0069100672
B2202084748929N11933277WA0069100671
B2202094748929N11933294WA0069000671
B2202104748929N11933312WA0069000670
B2202114748929N11933331WA0069000670
B2202124748929N11933350WA0068800670
B2202134748929N11933369WA0068900669
B2202144748929N11933388WA0068800669
B2202154748929N11933408WA0068800668
B2202164748929N11933428WA0068700668
B2202174748928N11933448WA0068600668
B2202184748928N11933469WA0068700668
B2202194748928N11933491WA0068600668
B2202204748928N11933512WA0068700669
B2202214748928N11933533WA0068700669
B2202224748928N11933555WA0068800669
B2202234748928N11933577WA0068900670
B2202244748928N11933600WA0068900670
B2202254748928N11933622WA0068900670
B2202264748928N11933646WA0069000671
B2202274748928N11933669WA0069100671
B2202284748927N11933693WA0069100671
B2202294748927N11933717WA0069100672
B2202304748927N11933741WA0069100672
B2202314748927N11933765WA0069200672
B2202324748927N11933789WA0069200673
B2202334748927N11933813WA0069200673
B2202344748927N11933837WA0069200673
B2202354748927N11933861WA0069300673
B2202364748927N11933885WA0069300673
B2202374748927N11933910WA0069300673
B2202384748926N11933935WA0069300673
B2202394748926N11933959WA0069300673
B2202404748926N11933984WA0069300673
B2202414748926N11934008WA0069400673
B2202424748926N11934032WA0069300673
B2202434748926N11934056WA0069300673
B2202444748926N11934080WA0069200673
B2202454748926N11934103WA0069200672
B2202464748925N11934126WA0069200672
B2202474748925N11934149WA0069200672
B2202484748925N11934172WA0069100672
B2202494748925N11934195WA0069100671
B2202504748925N11934218WA0068900671
B2202514748925N11934240WA0068900671
B2202524748925N11934261WA0068800670
B2202534748925N11934283WA0068700670
B2202544748925N11934304WA0068800670
B2202554748925N11934326WA0068700669
B2202564748925N11934347WA0068700669
B2202574748925N11934368WA0068700668
B2202584748925N11934389WA0068700668
B2202594748925N11934410WA0068700668
B2203004748924N11934431WA0068600668
B2203014748924N11934452WA0068600668
B2203024748924N11934473WA0068700668
B2203034748924N11934494WA0068700669
B2203044748924N11934515WA0068800669
B2203054748924N11934537WA0068800670
B2203064748924N11934558WA0068800670
B2203074748924N11934580WA0068900671
B2203084748924N11934602WA0069000671
B2203094748924N11934624WA0069100672
B2203104748924N11934646WA0069200672
B2203114748924N11934668WA0069200673
B2203124748924N11934690WA0069300673
B2203134748924N11934713WA0069300674
B2203144748924N11934735WA0069400674
B2203154748924N11934758WA0069400675
B2203164748924N11934781WA0069400675
B2203174748924N11934805WA0069400675
B2203184748924N11934828WA0069400675
B2203194748923N11934853WA0069400675
B2203204748924N11934877WA0069400674
B2203214748924N11934902WA0069400674
B2203224748924N11934927WA0069400674
B2203234748924N11934952WA0069400673
B2203244748924N11934977WA0069400673
B2203254748924N11935002WA0069400674
B2203264748924N11935028WA0069400674
B2203274748924N11935053WA0069400675
B2203284748924N11935078WA0069600676
B2203294748924N11935103WA0069700676
B2203304748924N11935128WA0069700677
B2203314748924N11935153WA0069700678
B2203324748924N11935178WA0069900679
B2203334748924N11935203WA0069900679
B2203344748924N11935227WA0069900680
B2203354748924N11935252WA0070000681
B2203364748924N11935276WA0070000681
B2203374748924N11935300WA0070100682
B2203384748924N11935324WA0070200682
B2203394748924N11935348WA0070300683
B2203404748924N11935373WA0070200683
B2203414748924N11935397WA0070200684
B2203424748924N11935421WA0070200684
B2203434748924N11935445WA0070300684
B2203444748924N11935469WA0070300684
B2203454748924N11935493WA0070300685
B2203464748924N11935517WA0070300685
B2203474748924N11935541WA0070300685
B2203484748924N11935565WA0070400685
B2203494748924N11935589WA0070400685
B2203504748924N11935613WA0070400685
B2203514748924N11935637WA0070400685
B2203524748924N11935661WA0070500685
B2203534748924N11935685WA0070500685
B2203544748924N11935709WA0070400685
B2203554748924N11935733WA0070400685
B2203564748924N11935756WA0070500685
B2203574748924N11935780WA0070400684
B2203584748925N11935804WA0070300684
B2203594748925N11935828WA0070300683
B2204004748925N11935852WA0070200683
B2204014748925N11935876WA0070200682
B2204024748925N11935899WA0070200682
B2204034748925N11935924WA0070200682
B2204044748925N11935948WA0070200681
B2204054748925N11935972WA0070200681
B2204064748925N11935996WA0070100680
B2204074748925N11936021WA0070100680
B2204084748925N11936045WA0069900679
B2204094748925N11936070WA0069900679
B2204104748925N11936094WA0069800678
B2204114748925N11936118WA0069800677
B2204124748925N11936143WA0069700677
B2204134748925N11936168WA0069600676
B2204144748925N11936193WA0069600676
B2204154748925N11936218WA0069500675
B2204164748925N11936243WA0069400674
B2204174748925N11936269WA0069400674
B2204184748925N11936295WA0069400673
B2204194748925N11936320WA0069400673
B2204204748925N11936346WA0069300672
B2204214748925N11936372WA0069300672
B2204224748925N11936398WA0069300672
B2204234748925N11936424WA0069300672
B2204244748925N11936450WA0069300672
B2204254748925N11936475WA0069300672
B2204264748925N11936501WA0069400672
B2204274748925N11936527WA0069600672
B2204284748925N11936553WA0069600672
B2204294748925N11936578WA0069500672
B2204304748925N11936604WA0069500672
B2204314748925N11936630WA0069500672
B2204324748925N11936655WA0069400672
B2204334748925N11936681WA0069400672
B2204344748925N11936707WA0069400672
B2204354748925N11936733WA0069400673
B2204364748925N11936758WA0069500673
B2204374748925N11936784WA0069400673
B2204384748925N11936810WA0069500674
B2204394748925N11936836WA0069500674
B2204404748925N11936863WA0069700674
B2204414748925N11936889WA0069600675
B2204424748925N11936915WA0069600675
B2204434748926N11936942WA0069600676
B2204444748926N11936968WA0069700676
B2204454748926N11936995WA0069800676
B2204464748926N11937022WA0069800677
B2204474748926N11937048WA0069900677
B2204484748926N11937075WA0070100677
B2204494748926N11937102WA0070100678
B2204504748926N11937129WA0070200678
B2204514748926N11937156WA0070200679
B2204524748926N11937182WA0070100679
B2204534748926N11937209WA0070200680
B2204544748926N11937235WA0070200680
B2204554748926N11937260WA0070200680
B2204564748926N11937286WA0070200681
B2204574748926N11937311WA0070200681
B2204584748926N11937337WA0070200682
B2204594748926N11937362WA0070300682
B2205004748926N11937386WA0070300682
B2205014748926N11937410WA0070200682
B2205024748926N11937434WA0070200683
B2205034748926N11937458WA0070300683
B2205044748926N11937482WA0070300684
B2205054748926N11937505WA0070300684
B2205064748926N11937528WA0070400684
B2205074748927N11937550WA0070300685
B2205084748927N11937572WA0070400685
B2205094748927N11937592WA0070300685
B2205104748926N11937612WA0070200685
B2205114748927N11937630WA0070200685
B2205124748927N11937648WA0070200685
B2205134748927N11937665WA0070200685
B2205144748927N11937681WA0070200685
B2205154748927N11937698WA0070200685
B2205164748927N11937713WA0070100684
B2205174748927N11937728WA0070100684
B2205184748926N11937741WA0070000684
B2205194748925N11937752WA0069900684
B2205204748924N11937762WA0069900684
B2205214748923N11937771WA0069900684
B2205224748924N11937779WA0069800684
B2205234748925N11937788WA0069800684
B2205244748926N11937797WA0069700683
B2205254748927N11937806WA0069800683
B2205264748927N11937817WA0069700682
B2205274748927N11937829WA0069800682
B2205284748927N11937842WA0069700681
B2205294748927N11937856WA0069700681
B2205304748927N11937870WA0069800680
B2205314748926N11937885WA0069700680
B2205324748926N11937901WA0069600679
B2205334748926N11937916WA0069600679
B2205344748926N11937933WA0069700679
B2205354748926N11937950WA0069700678
B2205364748927N11937966WA0069600678
B2205374748927N11937981WA0069600678
B2205384748927N11937995WA0069500678
B2205394748927N11938007WA0069400678
B2205404748927N11938018WA0069400678
B2205414748927N11938027WA0069400678
B2205424748927N11938035WA0069400678
B2205434748927N11938041WA0069400678
B2205444748927N11938047WA0069400678
B2205454748927N11938051WA0069400678
B2205464748927N11938054WA0069400678
B2205474748927N11938058WA0069400678
B2205484748927N11938062WA0069400678
B2205494748927N11938068WA0069400678
B2205504748927N11938076WA0069400678
B2205514748927N11938085WA0069400678
B2205524748927N11938096WA0069500679
B2205534748927N11938108WA0069500679
B2205544748926N11938121WA0069500679
B2205554748926N11938134WA0069500679
B2205564748927N11938147WA0069500680
B2205574748927N11938161WA0069500680
B2205584748927N11938174WA0069600680
B2205594748927N11938186WA0069700681
B2206004748927N11938198WA0069800681
B2206014748927N11938209WA0069800682
B2206024748927N11938220WA0069800682
B2206034748927N11938229WA0069800683
B2206044748927N11938237WA0069800683
B2206054748927N11938245WA0069900684
B2206064748927N11938252WA0069900684
B2206074748927N11938258WA0069900684
B2206084748927N11938262WA0069900684
B2206094748927N11938266WA0069900684
B2206104748927N11938269WA0069900684
B2206114748927N11938273WA0069900684
B2206124748927N11938278WA0069900684
B2206134748927N11938284WA0069900684
B2206144748927N11938292WA0070000685
B2206154748927N11938302WA0070000685
B2206164748927N11938312WA0070000685
B2206174748927N11938324WA0070000685
B2206184748927N11938336WA0070000685
B2206194748927N11938348WA0070000685
B2206204748927N11938360WA0070000685
B2206214748927N11938372WA0070000685
B2206224748927N11938385WA0070000685
B2206234748927N11938397WA0070000684
B2206244748927N11938410WA0069900684
B2206254748928N11938422WA0069900683
B2206264748928N11938433WA0069900683
B2206274748928N11938445WA0069800683
B2206284748928N11938455WA0069800683
B2206294748928N11938465WA0069700683
B2206304748928N11938475WA0069700683
B2206314748928N11938483WA0069700683
B2206324748928N11938491WA0069700683
B2206334748927N11938497WA0069700683
B2206344748927N11938502WA0069600683
B2206354748927N11938506WA0069600683
B2206364748926N11938509WA0069600682
B2206374748926N11938514WA0069600682
B2206384748926N11938519WA0069600683
B2206394748927N11938525WA0069600683
B2206404748929N11938532WA0069600683
B2206414748930N11938540WA0069700683
B2206424748932N11938550WA0069700683
B2206434748934N11938560WA0069700683
B2206444748936N11938572WA0069800683
B2206454748937N11938584WA0069800683
B2206464748937N11938598WA0069900684
B2206474748937N11938612WA0070000684
B2206484748937N11938627WA0070000684
B2206494748937N11938643WA0070100684
B2206504748937N11938659WA0070100684
B2206514748937N11938675WA0070100685
B2206524748937N11938692WA0070100685
B2206534748937N11938709WA0070200685
B2206544748937N11938726WA0070200685
B2206554748937N11938743WA0070200685
B2206564748937N11938761WA0070200685
B2206574748937N11938779WA0070200685
B2206584748937N11938797WA0070200685
B2206594748937N11938816WA0070200685
B2207004748938N11938835WA0070200685
B2207014748938N11938855WA0070200685
B2207024748938N11938874WA0070200685
B2207034748938N11938894WA0070200685
B2207044748938N11938913WA0070200685
B2207054748938N11938933WA0070100685
B2207064748938N11938952WA0070200685
B2207074748938N11938972WA0070200685
B2207084748938N11938992WA0070200685
B2207094748938N11939012WA0070200685
B2207104748938N11939032WA0070200685
B2207114748938N11939052WA0070200684
B2207124748938N11939073WA0070200684
B2207134748938N11939094WA0070200684
B2207144748938N11939115WA0070200684
B2207154748938N11939137WA0070200684
B2207164748938N11939158WA0070200684
B2207174748938N11939180WA0070200684
B2207184748938N11939202WA0070200684
B2207194748938N11939223WA0070200683
B2207204748938N11939245WA0070200683
B2207214748938N11939267WA0070200683
B2207224748938N11939289WA0070200683
B2207234748938N11939311WA0070200683
B2207244748938N11939334WA0070100683
B2207254748938N11939356WA0070100683
B2207264748938N11939378WA0070100682
B2207274748938N11939400WA0070200682
B2207284748939N11939422WA0070200682
B2207294748939N11939444WA0070200682
B2207304748939N11939467WA0070200682
B2207314748939N11939489WA0070100682
B2207324748939N11939511WA0070200681
B2207334748939N11939534WA0070100681
B2207344748939N11939556WA0070100681
B2207354748939N11939578WA0070100681
B2207364748939N11939601WA0070000681
B2207374748939N11939623WA0070100681
B2207384748939N11939646WA0070100681
B2207394748939N11939669WA0070100681
B2207404748939N11939691WA0070100681
B2207414748939N11939714WA0070100681
B2207424748939N11939737WA0070200681
B2207434748939N11939760WA0070200682
B2207444748939N11939783WA0070200682
B2207454748939N11939807WA0070200682
B2207464748939N11939831WA0070200683
B2207474748939N11939855WA0070300683
B2207484748939N11939879WA0070400683
B2207494748939N11939904WA0070500684
B2207504748939N11939928WA0070500684
B2207514748939N11939953WA0070500684
B2207524748939N11939978WA0070500685
B2207534748939N11940003WA0070600685
B2207544748939N11940028WA0070700686
B2207554748939N11940053WA0070800686
B2207564748939N11940078WA0070800686
B2207574748939N11940103WA0070800687
B2207584748939N11940127WA0070900687
B2207594748939N11940152WA0070900688
B2208004748939N11940176WA0071000688
B2208014748939N11940201WA0071000688
B2208024748939N11940225WA0071000688
B2208034748939N11940248WA0071100689
B2208044748939N11940272WA0071100689
B2208054748939N11940296WA0071200690
B2208064748939N11940319WA0071300690
B2208074748939N11940343WA0071300690
B2208084748939N11940367WA0071300690
B2208094748939N11940390WA0071300691
B2208104748939N11940414WA0071400691
B2208114748940N11940437WA0071400691
B2208124748940N11940460WA0071400691
B2208134748940N11940484WA0071400692
B2208144748940N11940507WA0071300692
B2208154748940N11940530WA0071400692
B2208164748940N11940553WA0071400692
B2208174748940N11940577WA0071400693
B2208184748940N11940600WA0071400693
B2208194748940N11940623WA0071400693
B2208204748939N11940646WA0071400693
B2208214748940N11940669WA0071500694
B2208224748940N11940692WA0071600694
B2208234748940N11940715WA0071600694
B2208244748940N11940737WA0071700695
B2208254748940N11940760WA0071700695
B2208264748940N11940782WA0071800695
B2208274748940N11940804WA0071800695
B2208284748940N11940827WA0071800695
B2208294748940N11940849WA0071800696
B2208304748940N11940871WA0071800696
B2208314748940N11940894WA0071800696
B2208324748940N11940917WA0071900697
B2208334748940N11940939WA0071900697
B2208344748940N11940962WA0071900698
B2208354748940N11940985WA0071900698
B2208364748940N11941007WA0071900699
B2208374748940N11941030WA0071900699
B2208384748940N11941052WA0072000699
B2208394748940N11941074WA0072000700
B2208404748939N11941096WA0072100700
B2208414748939N11941118WA0072100700
B2208424748939N11941140WA0072100701
B2208434748939N11941162WA0072100701
B2208444748939N11941184WA0072100701
B2208454748939N11941206WA0072200702
B2208464748939N11941228WA0072200702
B2208474748939N11941250WA0072200703
B2208484748939N11941272WA0072300703
B2208494748939N11941295WA0072300703
B2208504748939N11941317WA0072400704
B2208514748939N11941338WA0072300704
B2208524748939N11941360WA0072300704
B2208534748939N11941381WA0072300704
B2208544748939N11941401WA0072300704
B2208554748940N11941422WA0072300704
B2208564748940N11941442WA0072300704
B2208574748940N11941463WA0072300704
B2208584748940N11941483WA0072300704
B2208594748940N11941504WA0072300704
B2209004748940N11941525WA0072300703
B2209014748940N11941546WA0072300703
B2209024748940N11941566WA0072300703
B2209034748940N11941587WA0072300703
B2209044748940N11941608WA0072300703
B2209054748940N11941629WA0072300702
B2209064748941N11941650WA0072300702
B2209074748941N11941671WA0072300702
B2209084748941N11941692WA0072200702
B2209094748941N11941713WA0072100701
B2209104748941N11941733WA0072100701
B2209114748941N11941755WA0072200701
B2209124748941N11941776WA0072300701
B2209134748941N11941799WA0072200701
B2209144748941N11941822WA0072300700
B2209154748941N11941845WA0072300700
B2209164748941N11941868WA0072300700
B2209174748941N11941891WA0072300700
B2209184748941N11941914WA0072300701
B2209194748941N11941937WA0072300701
B2209204748941N11941960WA0072300701
B2209214748942N11941983WA0072400701
B2209224748942N11942007WA0072300701
B2209234748942N11942030WA0072300701
B2209244748942N11942053WA0072400701
B2209254748942N11942076WA0072400701
B2209264748942N11942099WA0072400702
B2209274748942N11942122WA0072400702
B2209284748942N11942145WA0072500702
B2209294748942N11942168WA0072500702
B2209304748942N11942191WA0072400702
B2209314748942N11942214WA0072500703
B2209324748942N11942237WA0072500703
B2209334748942N11942261WA0072500704
B2209344748942N11942284WA0072600705
B2209354748943N11942307WA0072600705
B2209364748943N11942330WA0072700706
B2209374748943N11942353WA0072700707
B2209384748943N11942376WA0072700707
B2209394748943N11942399WA0072800708
B2209404748943N11942422WA0073000709
B2209414748943N11942445WA0073000709
B2209424748943N11942469WA0073200710
B2209434748943N11942492WA0073200710
B2209444748944N11942515WA0073100711
B2209454748944N11942538WA0073400712
B2209464748944N11942561WA0073600712
B2209474748944N11942584WA0073600713
B2209484748944N11942607WA0073600713
B2209494748944N11942630WA0073600714
B2209504748945N11942653WA0073700715
B2209514748945N11942676WA0073700715
B2209524748945N11942699WA0073700716
B2209534748945N11942722WA0073900717
B2209544748945N11942745WA0073900717
B2209554748945N11942769WA0074000718
B2209564748945N11942792WA0074100719
B2209574748945N11942815WA0074200719
B2209584748946N11942838WA0074200720
B2209594748946N11942861WA0074300720
B2210004748946N11942884WA0074400721
B2210014748946N11942907WA0074400721
B2210024748946N11942930WA0074400722
B2210034748946N11942953WA0074400722
B2210044748946N11942976WA0074600722
B2210054748946N11942999WA0074500722
B2210064748946N11943022WA0074500722
B2210074748946N11943046WA0074400722
B2210084748946N11943069WA0074400722
B2210094748946N11943092WA0074400722
B2210104748946N11943115WA0074400723
B2210114748946N11943138WA0074400723
B2210124748946N11943161WA0074400723
B2210134748946N11943184WA0074400723
B2210144748946N11943207WA0074500723
B2210154748945N11943230WA0074500723
B2210164748945N11943253WA0074500723
B2210174748945N11943277WA0074500723
B2210184748945N11943300WA0074500723
B2210194748945N11943323WA0074500723
B2210204748945N11943346WA0074500723
B2210214748945N11943369WA0074600723
B2210224748945N11943392WA0074700724
B2210234748945N11943415WA0074700724
B2210244748945N11943438WA0074600724
B2210254748945N11943461WA0074600724
B2210264748944N11943484WA0074600724
B2210274748944N11943507WA0074600724
B2210284748944N11943530WA0074700724
B2210294748944N11943553WA0074700724
B2210304748944N11943577WA0074700724
B2210314748944N11943600WA0074600724
B2210324748944N11943623WA0074700724
B2210334748944N11943646WA0074700724
B2210344748944N11943669WA0074800725
B2210354748944N11943692WA0074800725
B2210364748944N11943715WA0075000726
B2210374748944N11943738WA0075000727
B2210384748944N11943761WA0075100727
B2210394748944N11943784WA0075200728
B2210404748944N11943807WA0075300729
B2210414748944N11943830WA0075300730
B2210424748944N11943853WA0075300731
B2210434748943N11943876WA0075400732
B2210444748941N11943899WA0075500732
B2210454748938N11943921WA0075600733
B2210464748933N11943942WA0075700734
B2210474748927N11943962WA0075800735
B2210484748920N11943981WA0075800735
B2210494748913N11943999WA0075900736
B2210504748907N11944016WA0075900736
B2210514748901N11944034WA0075900737
B2210524748896N11944051WA0075900737
B2210534748891N11944069WA0076000738
B2210544748888N11944088WA0076000739
B2210554748887N11944107WA0076000739
B2210564748886N11944126WA0076000740
B2210574748887N11944145WA0076000740
B2210584748889N11944165WA0076000740
B2210594748892N11944184WA0076000740
B2211004748896N11944203WA0076000740
B2211014748901N11944223WA0076000740
B2211024748906N11944243WA0076000740
B2211034748911N11944263WA0076000740
B2211044748916N11944283WA0075900739
B2211054748921N11944304WA0076000739
B2211064748926N11944324WA0075900738
B2211074748930N11944345WA0075800738
B2211084748934N11944366WA0075800738
B2211094748937N11944387WA0075700737
B2211104748938N11944408WA0075700737
B2211114748938N11944431WA0075700736
B2211124748937N11944457WA0075800735
B2211134748936N11944483WA0075900735
B2211144748935N11944512WA0076000734
B2211154748935N11944541WA0076100734
B2211164748935N11944571WA0076100734
B2211174748935N11944602WA0076100734
B2211184748936N11944632WA0076100734
B2211194748936N11944662WA0076100735
B2211204748936N11944692WA0076100735
B2211214748936N11944720WA0076000736
B2211224748936N11944748WA0076000736
B2211234748936N11944775WA0076100737
B2211244748936N11944802WA0076100738
B2211254748935N11944828WA0076100739
B2211264748935N11944855WA0076300740
B2211274748935N11944882WA0076300741
B2211284748935N11944908WA0076400742
B2211294748935N11944935WA0076500743
B2211304748935N11944961WA0076600743
B2211314748935N11944987WA0076600744
B2211324748935N11945013WA0076700744
B2211334748935N11945039WA0076700745
B2211344748934N11945064WA0076700745
B2211354748934N11945090WA0076800746
B2211364748934N11945115WA0076900746
B2211374748934N11945140WA0076900747
B2211384748934N11945165WA0076900747
B2211394748934N11945189WA0076900747
B2211404748934N11945213WA0076900747
B2211414748934N11945237WA0076900747
B2211424748934N11945261WA0076900748
B2211434748934N11945285WA0077000748
B2211444748934N11945308WA0077000748
B2211454748934N11945332WA0077000749
B2211464748934N11945355WA0077000750
B2211474748934N11945378WA0077000750
B2211484748933N11945402WA0077100751
B2211494748933N11945427WA0077100751
B2211504748933N11945452WA0077100751
B2211514748933N11945477WA0077200751
B2211524748933N11945502WA0077200751
B2211534748933N11945526WA0077200751
B2211544748933N11945551WA0077200752
B2211554748933N11945576WA0077300752
B2211564748933N11945601WA0077300752
B2211574748933N11945626WA0077200753
B2211584748933N11945651WA0077300753
B2211594748933N11945676WA0077200753
B2212004748933N11945701WA0077300753
B2212014748933N11945726WA0077300753
B2212024748933N11945751WA0077300753
B2212034748933N11945776WA0077300754
B2212044748933N11945801WA0077400754
B2212054748933N11945826WA0077400754
B2212064748933N11945851WA0077500754
B2212074748933N11945876WA0077500755
B2212084748933N11945901WA0077600755
B2212094748933N11945926WA0077700756
B2212104748933N11945950WA0077800756
B2212114748933N11945975WA0077800756
B2212124748933N11946000WA0077800756
B2212134748933N11946025WA0077700755
B2212144748933N11946050WA0077700755
B2212154748933N11946075WA0077600755
B2212164748933N11946100WA0077700754
B2212174748934N11946126WA0077600754
B2212184748934N11946151WA0077600754
B2212194748934N11946176WA0077600754
B2212204748934N11946201WA0077600755
B2212214748934N11946227WA0077600755
B2212224748934N11946252WA0077600755
B2212234748934N11946278WA0077700755
B2212244748934N11946304WA0077700755
B2212254748934N11946330WA0077700755
B2212264748933N11946356WA0077700756
B2212274748933N11946383WA0077700756
B2212284748933N11946409WA0077800756
B2212294748932N11946436WA0077800756
B2212304748932N11946463WA0077800757
B2212314748932N11946489WA0077800757
B2212324748932N11946516WA0077900757
B2212334748932N11946543WA0077900757
B2212344748931N11946570WA0077900757
B2212354748931N11946596WA0078000757
B2212364748931N11946623WA0078100758
B2212374748931N11946650WA0078200759
B2212384748931N11946676WA0078200760
B2212394748931N11946702WA0078200760
B2212404748930N11946728WA0078300760
B2212414748930N11946754WA0078400761
B2212424748930N11946780WA0078400761
B2212434748930N11946807WA0078400761
B2212444748930N11946833WA0078400761
B2212454748930N11946859WA0078400761
B2212464748930N11946885WA0078400761
B2212474748929N11946912WA0078500761
B2212484748929N11946938WA0078400761
B2212494748929N11946964WA0078500761
B2212504748929N11946991WA0078600762
B2212514748929N11947017WA0078700763
B2212524748929N11947043WA0078700764
B2212534748928N11947069WA0078900766
B2212544748928N11947095WA0079000767
B2212554748928N11947121WA0079100768
B2212564748928N11947147WA0079300769
B2212574748929N11947172WA0079300770
B2212584748929N11947197WA0079400770
B2212594748929N11947222WA0079400770
B2213004748929N11947247WA0079500771
B2213014748929N11947272WA0079500772
B2213024748929N11947296WA0079600773
B2213034748929N11947320WA0079600774
B2213044748929N11947344WA0079700775
B2213054748929N11947368WA0079700776
B2213064748929N11947392WA0079900776
B2213074748929N11947416WA0079900777
B2213084748930N11947439WA0079900777
B2213094748930N11947463WA0080000778
B2213104748930N11947486WA0080100779
B2213114748930N11947510WA0080300780
B2213124748930N11947534WA0080300781
B2213134748930N11947558WA0080400782
B2213144748930N11947582WA0080500783
B2213154748930N11947607WA0080500783
B2213164748930N11947631WA0080600784
B2213174748930N11947655WA0080600785
B2213184748931N11947679WA0080700785
B2213194748931N11947703WA0080700785
B2213204748932N11947727WA0080700784
B2213214748932N11947751WA0080700784
B2213224748932N11947775WA0080700784
B2213234748933N11947798WA0080600783
B2213244748933N11947822WA0080600783
B2213254748934N11947846WA0080700784
B2213264748934N11947869WA0080800784
B2213274748934N11947893WA0080800784
B2213284748935N11947916WA0080800785
B2213294748935N11947939WA0080900786
B2213304748935N11947962WA0080900786
B2213314748935N11947984WA0081000787
B2213324748935N11948006WA0081000788
B2213334748935N11948028WA0081000788
B2213344748935N11948050WA0081100789
B2213354748934N11948071WA0081100789
B2213364748932N11948093WA0081200790
B2213374748930N11948115WA0081300791
B2213384748928N11948137WA0081400791
B2213394748925N11948158WA0081400792
B2213404748922N11948178WA0081400792
B2213414748918N11948198WA0081400793
B2213424748914N11948218WA0081400793
B2213434748910N11948237WA0081400793
B2213444748905N11948255WA0081400794
B2213454748901N11948274WA0081400794
B2213464748895N11948292WA0081500795
B2213474748890N11948309WA0081500795
B2213484748884N11948325WA0081500795
B2213494748879N11948341WA0081500796
B2213504748873N11948355WA0081400796
B2213514748868N11948369WA0081400796
B2213524748863N11948382WA0081400797
B2213534748858N11948394WA0081400797
B2213544748853N11948405WA0081400797
B2213554748849N11948415WA0081400797
B2213564748847N11948424WA0081400797
B2213574748847N11948432WA0081300797
B2213584748849N11948439WA0081400797
B2213594748853N11948444WA0081400798
B2214004748859N11948449WA0081400798
B2214014748865N11948455WA0081500798
B2214024748873N11948462WA0081500799
B2214034748881N11948470WA0081600799
B2214044748889N11948478WA0081700800
B2214054748898N11948486WA0081800800
B2214064748906N11948494WA0081900801
B2214074748914N11948504WA0081900802
B2214084748921N11948514WA0081900802
B2214094748926N11948526WA0082100803
B2214104748931N11948539WA0082200804
B2214114748935N11948554WA0082300805
B2214124748937N11948569WA0082300806
B2214134748937N11948586WA0082500807
B2214144748937N11948603WA0082700808
B2214154748937N11948621WA0082800809
B2214164748937N11948639WA0082900810
B2214174748937N11948657WA0083000811
B2214184748937N11948675WA0083100812
B2214194748938N11948692WA0083100813
B2214204748939N11948709WA0083300814
B2214214748942N11948725WA0083300815
B2214224748945N11948741WA0083400816
B2214234748950N11948756WA0083500818
B2214244748957N11948771WA0083700819
B2214254748964N11948785WA0083800820
B2214264748972N11948797WA0083800821
B2214274748981N11948808WA0083900821
B2214284748991N11948816WA0083800821
B2214294749002N11948822WA0083800821
B2214304749014N11948826WA0083800820
B2214314749026N11948828WA0083700820
B2214324749038N11948828WA0083700820
B2214334749052N11948828WA0083700819
B2214344749065N11948826WA0083600818
B2214354749079N11948825WA0083400817
B2214364749093N11948824WA0083200815
B2214374749108N11948822WA0083200814
B2214384749122N11948820WA0083100813
B2214394749137N11948819WA0083100812
B2214404749151N11948817WA0082900811
B2214414749166N11948815WA0082900811
B2214424749181N11948813WA0082800810
B2214434749196N11948811WA0082800810
B2214444749212N11948809WA0082700809
B2214454749227N11948808WA0082600808
B2214464749243N11948807WA0082600808
B2214474749259N11948807WA0082500807
B2214484749275N11948807WA0082400806
B2214494749291N11948807WA0082300805
B2214504749307N11948807WA0082200803
B2214514749323N11948807WA0082200803
B2214524749339N11948808WA0082200802
B2214534749354N11948808WA0082100802
B2214544749370N11948808WA0082000801
B2214554749385N11948808WA0081900801
B2214564749401N11948809WA0081900801
B2214574749416N11948809WA0081900801
B2214584749431N11948809WA0081900800
B2214594749447N11948810WA0081800800
B2215004749463N11948810WA0081800800
B2215014749479N11948810WA0081800799
B2215024749495N11948810WA0081900799
B2215034749511N11948811WA0081800799
B2215044749526N11948811WA0081800798
B2215054749542N11948811WA0081700798
B2215064749557N11948811WA0081700798
B2215074749573N11948811WA0081700798
B2215084749588N11948812WA0081600798
B2215094749603N11948812WA0081600797
B2215104749617N11948812WA0081400796
B2215114749632N11948812WA0081400796
B2215124749646N11948812WA0081300795
B2215134749659N11948813WA0081300795
B2215144749673N11948813WA0081300794
B2215154749686N11948813WA0081200794
B2215164749699N11948813WA0081200794
B2215174749712N11948813WA0081200794
B2215184749724N11948813WA0081100794
B2215194749736N11948813WA0081000793
B2215204749746N11948814WA0081000793
B2215214749756N11948814WA0080900793
B2215224749765N11948815WA0080900793
B2215234749773N11948818WA0080900793
B2215244749781N11948822WA0080900793
B2215254749787N11948829WA0080900794
B2215264749793N11948838WA0081000794
B2215274749798N11948848WA0081100794
B2215284749802N11948861WA0081200794
B2215294749804N11948874WA0081300795
B2215304749805N11948889WA0081400795
B2215314749805N11948904WA0081500796
B2215324749805N11948921WA0081600796
B2215334749805N11948938WA0081600797
B2215344749805N11948956WA0081700797
B2215354749805N11948975WA0081800798
B2215364749805N11948994WA0081900799
B2215374749805N11949014WA0082000800
B2215384749805N11949034WA0082000800
B2215394749805N11949054WA0082100801
B2215404749804N11949075WA0082300802
B2215414749804N11949096WA0082300803
B2215424749804N11949116WA0082400803
B2215434749804N11949137WA0082500804
B2215444749804N11949157WA0082600805
B2215454749804N11949177WA0082700806
B2215464749804N11949198WA0082900807
B2215474749804N11949219WA0083000809
B2215484749803N11949240WA0083300810
B2215494749803N11949260WA0083300812
B2215504749803N11949281WA0083500814
B2215514749803N11949302WA0083600815
B2215524749803N11949322WA0083700817
B2215534749803N11949342WA0083800818
B2215544749802N11949363WA0083900819
B2215554749802N11949384WA0084000819
B2215564749802N11949405WA0084000820
B2215574749802N11949427WA0084000820
B2215584749802N11949449WA0084000820
B2215594749802N11949471WA0084100820
B2216004749801N11949493WA0084100820
B2216014749801N11949515WA0084100819
B2216024749801N11949538WA0084100820
B2216034749801N11949561WA0084100820
B2216044749801N11949584WA0084100820
B2216054749801N11949607WA0084200820
B2216064749801N11949631WA0084200821
B2216074749800N11949654WA0084200821
B2216084749800N11949678WA0084300822
B2216094749800N11949701WA0084400822
B2216104749800N11949725WA0084500823
B2216114749800N11949748WA0084500824
B2216124749800N11949772WA0084600825
B2216134749799N11949795WA0084600825
B2216144749799N11949818WA0084700826
B2216154749799N11949840WA0084700827
B2216164749799N11949863WA0084800827
B2216174749799N11949886WA0084900828
B2216184749799N11949909WA0084900828
B2216194749798N11949932WA0085000829
B2216204749798N11949954WA0085000829
B2216214749798N11949977WA0085100830
B2216224749798N11950000WA0085100830
B2216234749798N11950023WA0085100830
B2216244749798N11950046WA0085100831
B2216254749798N11950069WA0085200831
B2216264749798N11950092WA0085200832
B2216274749797N11950115WA0085300832
B2216284749797N11950138WA0085300833
B2216294749797N11950161WA0085400833
B2216304749798N11950184WA0085400834
B2216314749798N11950208WA0085600835
B2216324749798N11950231WA0085700836
B2216334749798N11950255WA0085900837
B2216344749798N11950278WA0086000838
B2216354749798N11950302WA0086100839
B2216364749798N11950326WA0086200841
B2216374749798N11950350WA0086300842
B2216384749798N11950374WA0086500843
B2216394749798N11950398WA0086700845
B2216404749798N11950422WA0086900847
B2216414749798N11950447WA0087000849
B2216424749798N11950470WA0087300851
B2216434749798N11950494WA0087400853
B2216444749799N11950518WA0087600855
B2216454749799N11950542WA0087800856
B2216464749799N11950565WA0088000858
B2216474749799N11950589WA0088000860
B2216484749799N11950613WA0088300862
B2216494749799N11950637WA0088400864
B2216504749799N11950661WA0088600866
B2216514749799N11950685WA0088800868
B2216524749799N11950709WA0089000870
B2216534749799N11950732WA0089100871
B2216544749799N11950756WA0089400872
B2216554749799N11950779WA0089400872
B2216564749799N11950804WA0089500872
B2216574749800N11950828WA0089400872
B2216584749800N11950853WA0089400873
B2216594749800N11950878WA0089500873
B2217004749800N11950904WA0089600873
B2217014749800N11950929WA0089700874
B2217024749800N11950954WA0089700875
B2217034749801N11950978WA0089800876
B2217044749801N11951003WA0089800876
B2217054749801N11951028WA0089800877
B2217064749801N11951053WA0089900877
B2217074749801N11951078WA0089900877
B2217084749802N11951103WA0089800877
B2217094749802N11951129WA0089800877
B2217104749802N11951155WA0089800877
B2217114749802N11951180WA0089900877
B2217124749802N11951206WA0089900878
B2217134749803N11951232WA0090000879
B2217144749803N11951257WA0090100881
B2217154749803N11951283WA0090300882
B2217164749803N11951308WA0090600884
B2217174749803N11951334WA0090800887
B2217184749803N11951359WA0091000890
B2217194749802N11951383WA0091200892
B2217204749802N11951407WA0091500895
B2217214749802N11951429WA0091600896
B2217224749801N11951451WA0091700897
B2217234749801N11951472WA0091600897
B2217244749801N11951493WA0091600897
B2217254749802N11951512WA0091600897
B2217264749802N11951531WA0091400896
B2217274749803N11951550WA0091400896
B2217284749804N11951568WA0091400896
B2217294749805N11951586WA0091300896
B2217304749806N11951604WA0091200895
B2217314749808N11951621WA0091200896
B2217324749810N11951636WA0091100896
B2217334749812N11951649WA0091100896
B2217344749815N11951661WA0091000896
B2217354749819N11951671WA0091100897
B2217364749824N11951680WA0091100897
B2217374749830N11951687WA0091100898
B2217384749837N11951692WA0091100898
B2217394749845N11951695WA0091200898
B2217404749854N11951697WA0091300899
B2217414749864N11951698WA0091200899
B2217424749874N11951698WA0091500900
B2217434749885N11951699WA0091600900
B2217444749897N11951700WA0091700901
B2217454749909N11951700WA0091800902
B2217464749922N11951701WA0092000903
B2217474749935N11951702WA0092100904
B2217484749948N11951703WA0092200905
B2217494749962N11951704WA0092400907
B2217504749977N11951704WA0092500908
B2217514749991N11951705WA0092600909
B2217524750005N11951706WA0092800911
B2217534750019N11951707WA0092900912
B2217544750033N11951707WA0093000912
B2217554750048N11951708WA0093000913
B2217564750063N11951709WA0093000913
B2217574750078N11951710WA0093100914
B2217584750093N11951710WA0093200915
B2217594750108N11951711WA0093200916
B2218004750124N11951712WA0093300916
B2218014750139N11951713WA0093400917
B2218024750155N11951714WA0093400918
B2218034750171N11951714WA0093600918
B2218044750187N11951715WA0093700919
B2218054750203N11951716WA0093800920
B2218064750219N11951717WA0093900921
B2218074750235N11951718WA0094000921
B2218084750250N11951719WA0094000922
B2218094750266N11951720WA0094000923
B2218104750282N11951721WA0094100924
B2218114750298N11951721WA0094200925
B2218124750314N11951722WA0094300926
B2218134750329N11951723WA0094400927
B2218144750345N11951724WA0094600929
B2218154750361N11951725WA0094700930
B2218164750377N11951725WA0095000932
B2218174750393N11951726WA0095000933
B2218184750408N11951727WA0095200934
B2218194750423N11951728WA0095200935
B2218204750437N11951728WA0095400936
B2218214750452N11951728WA0095400937
B2218224750467N11951729WA0095400937
B2218234750481N11951729WA0095400937
B2218244750495N11951728WA0095300937
B2218254750508N11951728WA0095300936
B2218264750522N11951728WA0095100936
B2218274750535N11951728WA0095100935
B2218284750548N11951728WA0095000935
B2218294750561N11951728WA0095000934
B2218304750573N11951728WA0095000934
B2218314750584N11951728WA0094900934
B2218324750595N11951730WA0094900934
B2218334750606N11951732WA0094800934
B2218344750616N11951736WA0094800934
B2218354750626N11951742WA0094800934
B2218364750636N11951750WA0094900934
B2218374750644N11951759WA0094900935
B2218384750653N11951770WA0094900935
B2218394750659N11951782WA0095000936
B2218404750665N11951795WA0095000936
B2218414750670N11951810WA0095000937
B2218424750674N11951826WA0095200938
B2218434750677N11951842WA0095200938
B2218444750678N11951858WA0095300939
B2218454750678N11951874WA0095300939
B2218464750676N11951891WA0095400939
B2218474750674N11951907WA0095400939
B2218484750669N11951922WA0095500939
B2218494750664N11951938WA0095500939
B2218504750659N11951953WA0095600939
B2218514750653N11951968WA0095500939
B2218524750648N11951984WA0095500938
B2218534750643N11952000WA0095400938
B2218544750638N11952017WA0095400937
B2218554750635N11952034WA0095300936
B2218564750633N11952053WA0095200935
B2218574750631N11952072WA0095200934
B2218584750630N11952092WA0095000933
B2218594750628N11952112WA0095000932
B2219004750627N11952131WA0094800931
B2219014750625N11952150WA0094600930
B2219024750624N11952170WA0094400928
B2219034750622N11952188WA0094200926
B2219044750621N11952206WA0094000924
B2219054750620N11952224WA0093800923
B2219064750621N11952242WA0093500920
B2219074750622N11952259WA0093300918
B2219084750625N11952275WA0093000916
B2219094750630N11952291WA0092900914
B2219104750637N11952306WA0092700911
B2219114750645N11952320WA0092500908
B2219124750654N11952331WA0092200906
B2219134750665N11952341WA0092000904
B2219144750676N11952350WA0091700901
B2219154750686N11952360WA0091500899
B2219164750695N11952372WA0091100896
B2219174750703N11952385WA0090900893
B2219184750710N11952400WA0090600891
B2219194750715N11952415WA0090400888
B2219204750718N11952432WA0090100886
B2219214750720N11952449WA0090000883
B2219224750721N11952467WA0089700881
B2219234750719N11952485WA0089500878
B2219244750716N11952503WA0089100875
B2219254750711N11952521WA0088900872
B2219264750705N11952538WA0088700869
B2219274750698N11952556WA0088500867
B2219284750692N11952574WA0088000864
B2219294750687N11952592WA0087800861
B2219304750683N11952611WA0087600858
B2219314750680N11952629WA0087300855
B2219324750679N11952648WA0087000853
B2219334750679N11952668WA0086800850
B2219344750679N11952688WA0086400847
B2219354750678N11952707WA0086200845
B2219364750677N11952727WA0085900843
B2219374750675N11952745WA0085600840
B2219384750670N11952764WA0085400837
B2219394750664N11952781WA0085200834
B2219404750657N11952797WA0085000832
B2219414750648N11952811WA0084800830
B2219424750638N11952823WA0084500827
B2219434750627N11952833WA0084300825
B2219444750615N11952843WA0084000823
B2219454750603N11952854WA0083800820
B2219464750590N11952864WA0083500818
B2219474750578N11952874WA0083300815
B2219484750566N11952884WA0083100812
B2219494750553N11952895WA0082900810
B2219504750540N11952909WA0082600807
B2219514750526N11952927WA0082400804
B2219524750514N11952948WA0082200800
B2219534750503N11952971WA0081900797
B2219544750491N11952997WA0081500793
B2219554750481N11953022WA0081300789
B2219564750471N11953047WA0080800785
B2219574750462N11953070WA0080400781
B2219584750455N11953093WA0079700777
B2219594750450N11953117WA0079500774
B2220004750447N11953143WA0079100770
B2220014750446N11953170WA0078900767
B2220024750445N11953197WA0078400763
B2220034750444N11953225WA0078100760
B2220044750442N11953253WA0077800756
B2220054750440N11953280WA0077500753
B2220064750436N11953309WA0077000749
B2220074750432N11953337WA0076900745
B2220084750426N11953365WA0076400741
B2220094750421N11953393WA0076100737
B2220104750415N11953421WA0075700733
B2220114750410N11953449WA0075400729
B2220124750404N11953475WA0075000725
B2220134750399N11953499WA0074600722
B2220144750392N11953522WA0074200719
B2220154750384N11953544WA0073900716
B2220164750375N11953565WA0073600714
B2220174750364N11953584WA0073500711
B2220184750351N11953601WA0073200710
B2220194750338N11953616WA0073100708
B2220204750324N11953632WA0072900707
B2220214750311N11953647WA0072700705
B2220224750297N11953663WA0072700704
B2220234750284N11953679WA0072500702
B2220244750272N11953695WA0072200701
B2220254750259N11953711WA0072000699
B2220264750247N11953728WA0071800697
B2220274750235N11953744WA0071600695
B2220284750223N11953761WA0071400694
B2220294750212N11953779WA0071200692
B2220304750200N11953796WA0071100690
B2220314750188N11953813WA0070900688
B2220324750176N11953831WA0070700686
B2220334750164N11953848WA0070500684
B2220344750152N11953865WA0070200682
B2220354750141N11953882WA0070100681
B2220364750130N11953898WA0069700679
B2220374750119N11953914WA0069500677
B2220384750108N11953929WA0069400676
B2220394750099N11953943WA0069100674
B2220404750090N11953955WA0068800672
B2220414750082N11953966WA0068700671
B2220424750074N11953976WA0068600670
B2220434750065N11953984WA0068500668
B2220444750055N11953991WA0068300667
B2220454750045N11953996WA0068200666
B2220464750034N11953999WA0068000665
B2220474750023N11954000WA0067900663
B2220484750011N11954000WA0067900661
B2220494749998N11954000WA0067800659
B2220504749986N11953999WA0067500657
B2220514749974N11953999WA0067300655
B2220524749962N11953999WA0067000653
B2220534749950N11953999WA0066800651
B2220544749939N11954000WA0066500649
B2220554749928N11954003WA0066300646
B2220564749916N11954009WA0066100644
B2220574749906N11954017WA0065900642
B2220584749896N11954027WA0065700640
B2220594749887N11954040WA0065500638
B2221004749879N11954055WA0065200636
B2221014749871N11954072WA0065100633
B2221024749863N11954089WA0064800631
B2221034749856N11954106WA0064700629
B2221044749848N11954124WA0064300626
B2221054749841N11954141WA0064100624
B2221064749833N11954158WA0063900621
B2221074749826N11954175WA0063600619
B2221084749819N11954191WA0063400617
B2221094749813N11954206WA0063200615
B2221104749806N11954221WA0063000613
B2221114749801N11954237WA0062800612
B2221124749798N11954253WA0062600610
B2221134749796N11954270WA0062500609
B2221144749795N11954288WA0062300608
B2221154749795N11954306WA0062300607
B2221164749795N11954323WA0062100606
B2221174749795N11954340WA0061900605
B2221184749796N11954356WA0061700603
B2221194749796N11954372WA0061600602
B2221204749796N11954388WA0061400601
B2221214749797N11954404WA0061300600
B2221224749797N11954420WA0061100599
B2221234749797N11954436WA0061000598
B2221244749798N11954453WA0060800597
B2221254749799N11954469WA0060800595
B2221264749800N11954485WA0060600594
B2221274749802N11954501WA0060500593
B2221284749804N11954517WA0060400591
B2221294749807N11954533WA0060200590
B2221304749810N11954548WA0060100590
B2221314749813N11954564WA0060000588
B2221324749817N11954580WA0060000588
B2221334749819N11954597WA0059800586
B2221344749822N11954614WA0059700585
B2221354749824N11954631WA0059500584
B2221364749827N11954650WA0059300582
B2221374749829N11954669WA0059200580
B2221384749830N11954688WA0059000578
B2221394749832N11954709WA0059000576
B2221404749835N11954729WA0058700574
B2221414749837N11954750WA0058600571
B2221424749839N11954770WA0058400569
B2221434749841N11954790WA0058200567
B2221444749844N11954809WA0057900566
B2221454749848N11954829WA0057800564
B2221464749854N11954847WA0057600562
B2221474749860N11954864WA0057400561
B2221484749866N11954881WA0057300560
B2221494749873N11954898WA0057200559
B2221504749879N11954914WA0057100558
B2221514749886N11954930WA0057100556
B2221524749892N11954946WA0056900555
B2221534749899N11954962WA0056800554
B2221544749905N11954978WA0056700553
B2221554749911N11954995WA0056600552
B2221564749917N11955013WA0056400551
B2221574749922N11955031WA0056400549
B2221584749928N11955049WA0056200548
B2221594749933N11955068WA0056100546
B2222004749938N11955086WA0055700544
B2222014749943N11955105WA0055600542
B2222024749949N11955124WA0055500540
B2222034749954N11955142WA0055300537
B2222044749959N11955160WA0055100534
B2222054749964N11955177WA0054900532
B2222064749969N11955194WA0054600530
B2222074749973N11955211WA0054400527
B2222084749977N11955229WA0054200525
B2222094749981N11955247WA0054000522
B2222104749984N11955266WA0053700520
B2222114749985N11955286WA0053600517
B2222124749986N11955307WA0053400515
B2222134749987N11955328WA0053200513
B2222144749988N11955349WA0052800510
B2222154749989N11955369WA0052700508
B2222164749991N11955390WA0052400505
B2222174749991N11955410WA0052200503
B2222184749992N11955430WA0052000501
B2222194749993N11955450WA0051800499
B2222204749995N11955469WA0051500497
B2222214749997N11955487WA0051400495
B2222224749999N11955505WA0051200493
B2222234750003N11955523WA0051100491
B2222244750008N11955540WA0050800489
B2222254750014N11955557WA0050700487
B2222264750021N11955574WA0050500485
B2222274750028N11955591WA0050400483
B2222284750036N11955608WA0050200481
B2222294750043N11955625WA0050000479
B2222304750050N11955641WA0049800477
B2222314750058N11955658WA0049600475
B2222324750065N11955675WA0049400472
B2222334750072N11955692WA0049300470
B2222344750079N11955710WA0049000468
B2222354750087N11955727WA0048800465
B2222364750094N11955744WA0048500463
B2222374750102N11955762WA0048300460
B2222384750109N11955780WA0047900458
B2222394750117N11955797WA0047800455
B2222404750124N11955814WA0047400452
B2222414750132N11955832WA0047300450
B2222424750139N11955849WA0047000447
B2222434750146N11955866WA0046700444
B2222444750153N11955882WA0046500442
B2222454750160N11955898WA0046200439
B2222464750167N11955914WA0045900437
B2222474750173N11955930WA0045800434
B2222484750178N11955947WA0045400432
B2222494750182N11955965WA0045300429
B2222504750186N11955983WA0045000427
B2222514750188N11956001WA0044800425
B2222524750189N11956020WA0044600422
B2222534750189N11956040WA0044400420
B2222544750189N11956059WA0044000417
B2222554750188N11956079WA0043900414
B2222564750187N11956098WA0043500412
B2222574750187N11956117WA0043300409
B2222584750186N11956136WA0043000406
B2222594750186N11956155WA0042700403
B2223004750185N11956174WA0042400401
B2223014750185N11956192WA0042200398
B2223024750185N11956210WA0041900395
B2223034750187N11956228WA0041600392
B2223044750189N11956247WA0041300389
B2223054750192N11956265WA0041200386
B2223064750197N11956283WA0040800383
B2223074750202N11956300WA0040600380
B2223084750208N11956318WA0040200377
B2223094750214N11956335WA0040000374
B2223104750220N11956352WA0039600371
B2223114750226N11956369WA0039400369
B2223124750232N11956386WA0039000366
B2223134750237N11956403WA0038700363
B2223144750242N11956420WA0038500361
B2223154750245N11956438WA0038400358
B2223164750247N11956457WA0038100356
B2223174750249N11956475WA0038000354
B2223184750249N11956495WA0037800351
B2223194750248N11956514WA0037700349
B2223204750247N11956532WA0037500348
B2223214750245N11956551WA0037500346
B2223224750243N11956570WA0037300345
B2223234750241N11956588WA0037200343
B2223244750240N11956606WA0037000342
B2223254750237N11956623WA0036900341
B2223264750235N11956640WA0036800340
B2223274750231N11956658WA0036600339
B2223284750226N11956674WA0036400338
B2223294750220N11956690WA0036200336
B2223304750213N11956706WA0036200335
B2223314750205N11956720WA0036100333
B2223324750197N11956734WA0036000332
B2223334750187N11956746WA0035800330
B2223344750177N11956757WA0035600328
B2223354750166N11956767WA0035500327
B2223364750155N11956776WA0035200325
B2223374750144N11956785WA0035100323
B2223384750132N11956794WA0034900321
B2223394750120N11956803WA0034800319
B2223404750109N11956812WA0034400317
B2223414750097N11956821WA0034400315
B2223424750086N11956830WA0034100313
B2223434750075N11956839WA0033900311
B2223444750064N11956847WA0033600309
B2223454750053N11956856WA0033400307
B2223464750042N11956864WA0033100304
B2223474750032N11956872WA0033000302
B2223484750022N11956881WA0032600300
B2223494750013N11956890WA0032500297
B2223504750005N11956900WA0032200295
B2223514749997N11956911WA0031900293
B2223524749991N11956923WA0031800290
B2223534749986N11956937WA0031600288
B2223544749981N11956952WA0031300286
B2223554749978N11956968WA0031100283
B2223564749976N11956985WA0030800280
B2223574749976N11957003WA0030600278
B2223584749975N11957020WA0030200276
B2223594749976N11957036WA0030100273
B2224004749978N11957051WA0029700271
B2224014749981N11957064WA0029600269
B2224024749986N11957076WA0029500268
B2224034749993N11957086WA0029400266
B2224044750000N11957095WA0029300265
B2224054750008N11957105WA0029200263
B2224064750016N11957115WA0029100262
B2224074750022N11957127WA0029000261
B2224084750027N11957139WA0028900260
B2224094750030N11957152WA0028900259
B2224104750031N11957166WA0028700258
B2224114750031N11957181WA0028700257
B2224124750029N11957195WA0028600256
B2224134750026N11957208WA0028600255
B2224144750020N11957219WA0028500255
B2224154750014N11957229WA0028500254
B2224164750006N11957238WA0028500254
B2224174749997N11957247WA0028400254
B2224184749988N11957257WA0028400254
B2224194749978N11957266WA0028300254
B2224204749968N11957276WA0028400254
B2224214749958N11957286WA0028400253
B2224224749948N11957296WA0028300254
B2224234749938N11957305WA0028300254
B2224244749928N11957314WA0028300254
B2224254749918N11957324WA0028300254
B2224264749908N11957332WA0028300254
B2224274749898N11957341WA0028300254
B2224284749888N11957349WA0028300254
B2224294749878N11957357WA0028300254
B2224304749868N11957365WA0028300254
B2224314749857N11957374WA0028300254
B2224324749847N11957382WA0028300253
B2224334749837N11957390WA0028100253
B2224344749826N11957397WA0028200253
B2224354749816N11957405WA0028200252
B2224364749806N11957413WA0028200252
B2224374749796N11957421WA0028200252
B2224384749785N11957429WA0028200252
B2224394749775N11957438WA0028200252
B2224404749764N11957446WA0028200252
B2224414749754N11957455WA0028300252
B2224424749743N11957464WA0028300253
B2224434749733N11957472WA0028300253
B2224444749723N11957481WA0028300253
B2224454749713N11957490WA0028300253
B2224464749703N11957498WA0028300253
B2224474749693N11957507WA0028300253
B2224484749683N11957515WA0028300253
B2224494749673N11957524WA0028200252
B2224504749664N11957532WA0028100252
B2224514749656N11957540WA0028000251
B2224524749647N11957548WA0027800250
B2224534749639N11957558WA0027700249
B2224544749632N11957568WA0027600248
B2224554749624N11957579WA0027500246
B2224564749617N11957591WA0027300245
B2224574749611N11957605WA0027200243
B2224584749605N11957619WA0027100241
B2224594749600N11957634WA0027000240
B2225004749595N11957650WA0026800238
B2225014749591N11957666WA0026600237
B2225024749586N11957682WA0026400235
B2225034749581N11957697WA0026300233
B2225044749575N11957712WA0026000232
B2225054749567N11957727WA0026000230
B2225064749559N11957740WA0025900229
B2225074749550N11957751WA0025800228
B2225084749541N11957761WA0025700227
B2225094749530N11957770WA0025600226
B2225104749520N11957777WA0025500225
B2225114749509N11957784WA0025500225
B2225124749498N11957791WA0025400225
B2225134749488N11957798WA0025400225
B2225144749477N11957804WA0025400224
B2225154749467N11957811WA0025400224
B2225164749456N11957817WA0025400224
B2225174749446N11957824WA0025300224
B2225184749435N11957831WA0025300224
B2225194749425N11957837WA0025300224
B2225204749415N11957844WA0025300223
B2225214749404N11957850WA0025200223
B2225224749394N11957857WA0025200223
B2225234749384N11957863WA0025200223
B2225244749374N11957869WA0025200223
B2225254749363N11957876WA0025100223
B2225264749353N11957882WA0025100222
B2225274749342N11957889WA0025100222
B2225284749332N11957895WA0025100222
B2225294749321N11957902WA0025000222
B2225304749310N11957908WA0025100222
B2225314749299N11957915WA0025100222
B2225324749288N11957921WA0025100221
B2225334749276N11957927WA0025000221
B2225344749265N11957933WA0025000221
B2225354749253N11957939WA0025000221
B2225364749242N11957945WA0025000220
B2225374749231N11957951WA0025000220
B2225384749219N11957956WA0024900220
B2225394749207N11957962WA0024900220
B2225404749196N11957968WA0024800220
B2225414749184N11957973WA0024800220
B2225424749173N11957979WA0024800220
B2225434749161N11957984WA0024800219
B2225444749150N11957990WA0024800219
B2225454749139N11957995WA0024800219
B2225464749129N11958000WA0024800219
B2225474749119N11958005WA0024800219
B2225484749108N11958010WA0024800220
B2225494749098N11958015WA0024800220
B2225504749088N11958020WA0024700220
B2225514749077N11958025WA0024800220
B2225524749067N11958030WA0024800220
B2225534749057N11958034WA0024800221
B2225544749046N11958038WA0024800221
B2225554749036N11958041WA0024800221
B2225564749025N11958044WA0024800221
B2225574749015N11958046WA0024800221
B2225584749005N11958049WA0024800220
B2225594748995N11958052WA0024800220
B2226004748986N11958055WA0024800220
B2226014748977N11958059WA0024700220
B2226024748968N11958064WA0024700219
B2226034748960N11958070WA0024700219
B2226044748951N11958077WA0024700219
B2226054748943N11958086WA0024700219
B2226064748935N11958096WA0024700219
B2226074748927N11958106WA0024700219
B2226084748920N11958116WA0024800220
B2226094748912N11958126WA0024800220
B2226104748903N11958137WA0024800220
B2226114748895N11958146WA0024800220
B2226124748886N11958155WA0024800220
B2226134748876N11958164WA0024800220
B2226144748867N11958172WA0024800219
B2226154748858N11958180WA0024800219
B2226164748849N11958187WA0024800219
B2226174748840N11958194WA0024800219
B2226184748831N11958200WA0024800220
B2226194748822N11958206WA0024800220
B2226204748813N11958212WA0024800220
B2226214748804N11958217WA0024900221
B2226224748794N11958220WA0025000221
B2226234748785N11958223WA0025100222
B2226244748774N11958224WA0025100223
B2226254748764N11958225WA0025200224
B2226264748754N11958224WA0025400225
B2226274748744N11958223WA0025400225
B2226284748733N11958220WA0025500226
B2226294748723N11958218WA0025600227
B2226304748713N11958215WA0025700227
B2226314748703N11958213WA0025700228
B2226324748693N11958210WA0025700228
B2226334748683N11958208WA0025700228
B2226344748673N11958205WA0025600229
B2226354748664N11958203WA0025600229
B2226364748656N11958201WA0025500229
B2226374748649N11958200WA0025400228
B2226384748643N11958200WA0025400228
B2226394748637N11958201WA0025300228
B2226404748633N11958203WA0025200228
B2226414748629N11958206WA0025200227
B2226424748626N11958210WA0025100227
B2226434748624N11958214WA0025000227
B2226444748623N11958218WA0025000227
B2226454748622N11958222WA0025000227
B2226464748622N11958225WA0024900226
B2226474748622N11958229WA0024900226
B2226484748623N11958233WA0024900226
B2226494748625N11958237WA0024900226
B2226504748628N11958240WA0024900226
B2226514748633N11958243WA0024900226
B2226524748639N11958245WA0025000226
B2226534748647N11958247WA0025000226
B2226544748655N11958250WA0025100226
B2226554748664N11958254WA0025100226
B2226564748674N11958258WA0025100226
B2226574748685N11958263WA0025100226
B2226584748695N11958269WA0025200226
B2226594748705N11958275WA0025200226
B2227004748716N11958281WA0025200226
B2227014748727N11958288WA0025200226
B2227024748737N11958295WA0025200227
B2227034748748N11958302WA0025200227
B2227044748758N11958309WA0025300227
B2227054748769N11958317WA0025400228
B2227064748779N11958324WA0025400228
B2227074748789N11958330WA0025400229
B2227084748799N11958337WA0025400230
B2227094748810N11958344WA0025400231
B2227104748820N11958350WA0025600231
B2227114748830N11958357WA0025600231
B2227124748841N11958364WA0025500231
B2227134748851N11958372WA0025500231
B2227144748862N11958379WA0025500231
B2227154748873N11958386WA0025500230
B2227164748884N11958393WA0025500230
B2227174748895N11958400WA0025500229
B2227184748905N11958407WA0025400228
B2227194748916N11958414WA0025400228
B2227204748926N11958421WA0025400226
B2227214748936N11958428WA0025400225
B2227224748947N11958435WA0025300224
B2227234748957N11958441WA0025200224
B2227244748967N11958448WA0025200224
B2227254748976N11958454WA0025200223
B2227264748986N11958461WA0025100222
B2227274748995N11958466WA0025100222
B2227284749003N11958471WA0025000222
B2227294749011N11958475WA0024900222
B2227304749017N11958479WA0024800222
B2227314749023N11958481WA0024900222
B2227324749028N11958483WA0024800222
B2227334749032N11958486WA0024800223
B2227344749034N11958489WA0024800223
B2227354749035N11958494WA0024800223
B2227364749035N11958501WA0024800223
B2227374749033N11958509WA0024800223
B2227384749030N11958518WA0024800222
B2227394749026N11958527WA0024900222
B2227404749023N11958536WA0024800222
B2227414749020N11958546WA0024800222
B2227424749017N11958555WA0024800222
B2227434749016N11958566WA0024800221
B2227444749015N11958577WA0024800221
B2227454749015N11958589WA0024700221
B2227464749017N11958602WA0024700220
B2227474749019N11958614WA0024700220
B2227484749021N11958627WA0024600220
B2227494749023N11958640WA0024700220
B2227504749025N11958652WA0024700220
B2227514749026N11958664WA0024600220
B2227524749026N11958676WA0024700221
B2227534749024N11958688WA0024800221
B2227544749021N11958699WA0024800222
B2227554749016N11958710WA0024800222
B2227564749010N11958719WA0024900223
B2227574749002N11958727WA0024900223
B2227584748993N11958734WA0025000224
B2227594748983N11958741WA0025100225
B2228004748973N11958748WA0025200225
B2228014748962N11958756WA0025300225
B2228024748951N11958764WA0025300226
B2228034748939N11958772WA0025400227
B2228044748928N11958780WA0025400227
B2228054748916N11958788WA0025500227
B2228064748904N11958796WA0025600227
B2228074748892N11958804WA0025600228
B2228084748880N11958812WA0025700228
B2228094748868N11958821WA0025700229
B2228104748857N11958829WA0025700229
B2228114748845N11958836WA0025700230
B2228124748834N11958844WA0025900230
B2228134748823N11958852WA0025900231
B2228144748812N11958859WA0025900232
B2228154748802N11958866WA0026000233
B2228164748791N11958873WA0026100234
B2228174748781N11958880WA0026200236
B2228184748772N11958887WA0026300237
B2228194748763N11958893WA0026300238
B2228204748754N11958899WA0026500239
B2228214748747N11958906WA0026500240
B2228224748740N11958915WA0026600241
B2228234748735N11958925WA0026600242
B2228244748732N11958937WA0026900243
B2228254748730N11958950WA0027000244
B2228264748730N11958963WA0027100245
B2228274748732N11958976WA0027100246
B2228284748736N11958987WA0027200247
B2228294748742N11958997WA0027300248
B2228304748749N11959005WA0027500249
B2228314748757N11959011WA0027600251
B2228324748767N11959013WA0027700252
B2228334748777N11959013WA0027700253
B2228344748786N11959009WA0027900254
B2228354748796N11959004WA0027900256
B2228364748806N11958998WA0028300257
B2228374748817N11958991WA0028400258
B2228384748827N11958983WA0028500259
B2228394748836N11958974WA0028600261
B2228404748846N11958964WA0028800262
B2228414748856N11958953WA0028900264
B2228424748865N11958943WA0029000265
B2228434748874N11958931WA0029100266
B2228444748882N11958919WA0029300268
B2228454748890N11958906WA0029500270
B2228464748897N11958894WA0029600271
B2228474748904N11958882WA0029700273
B2228484748913N11958872WA0029900275
B2228494748922N11958863WA0030000276
B2228504748932N11958856WA0030100277
B2228514748942N11958850WA0030300278
B2228524748953N11958846WA0030400279
B2228534748965N11958844WA0030500280
B2228544748976N11958842WA0030600281
B2228554748986N11958839WA0030700282
B2228564748996N11958835WA0030800283
B2228574749007N11958829WA0030900283
B2228584749017N11958822WA0031100284
B2228594749026N11958814WA0031200286
B2229004749036N11958806WA0031300287
B2229014749047N11958799WA0031300288
B2229024749058N11958793WA0031500290
B2229034749069N11958789WA0031600291
B2229044749081N11958787WA0031800292
B2229054749093N11958786WA0031900294
B2229064749105N11958787WA0032000295
B2229074749118N11958788WA0032100296
B2229084749130N11958788WA0032200296
B2229094749142N11958787WA0032400298
B2229104749154N11958786WA0032500299
B2229114749166N11958784WA0032600300
B2229124749178N11958781WA0032800301
B2229134749191N11958780WA0032900303
B2229144749204N11958779WA0033100304
B2229154749216N11958778WA0033100305
B2229164749229N11958777WA0033300306
B2229174749241N11958776WA0033300307
B2229184749253N11958775WA0033500309
B2229194749265N11958774WA0033600310
B2229204749277N11958772WA0033700311
B2229214749289N11958770WA0033800312
B2229224749301N11958769WA0033800313
B2229234749312N11958769WA0034000314
B2229244749324N11958771WA0034100315
B2229254749336N11958773WA0034200316
B2229264749347N11958775WA0034300317
B2229274749358N11958776WA0034300318
B2229284749369N11958776WA0034400319
B2229294749381N11958774WA0034500320
B2229304749392N11958770WA0034600320
B2229314749403N11958764WA0034700322
B2229324749414N11958757WA0034800322
B2229334749424N11958750WA0034900323
B2229344749435N11958742WA0035000325
B2229354749446N11958735WA0035100326
B2229364749457N11958729WA0035200326
B2229374749468N11958724WA0035400327
B2229384749481N11958720WA0035500329
B2229394749493N11958718WA0035600329
B2229404749505N11958717WA0035600330
B2229414749517N11958717WA0035600331
B2229424749530N11958717WA0035800332
B2229434749542N11958716WA0035800332
B2229444749554N11958716WA0035900333
B2229454749565N11958716WA0035900334
B2229464749576N11958716WA0036000335
B2229474749587N11958717WA0036100335
B2229484749597N11958721WA0036100336
B2229494749607N11958727WA0036200337
B2229504749616N11958735WA0036200337
B2229514749624N11958746WA0036200338
B2229524749631N11958758WA0036300339
B2229534749637N11958771WA0036400340
B2229544749640N11958786WA0036500341
B2229554749643N11958801WA0036600341
B2229564749644N11958817WA0036700342
B2229574749644N11958833WA0036700342
B2229584749644N11958848WA0036800343
B2229594749644N11958863WA0036800343
B2230004749644N11958878WA0036900344
B2230014749644N11958891WA0036900344
B2230024749644N11958903WA0036900345
B2230034749645N11958913WA0036900345
B2230044749645N11958923WA0036900346
B2230054749646N11958930WA0036800345
B2230064749648N11958936WA0036900346
B2230074749652N11958940WA0036900346
B2230084749658N11958943WA0036900346
B2230094749664N11958945WA0037000346
B2230104749672N11958946WA0037000346
B2230114749681N11958947WA0037000346
B2230124749690N11958949WA0037000346
B2230134749700N11958950WA0037000347
B2230144749710N11958952WA0037100348
B2230154749720N11958953WA0037300348
B2230164749730N11958955WA0037400349
B2230174749741N11958956WA0037500350
B2230184749751N11958958WA0037500351
B2230194749761N11958960WA0037500352
B2230204749771N11958961WA0037600353
B2230214749781N11958963WA0037700354
B2230224749791N11958964WA0037900355
B2230234749800N11958964WA0037900356
B2230244749810N11958964WA0038000357
B2230254749821N11958963WA0038100358
B2230264749831N11958960WA0038100358
B2230274749841N11958957WA0038200359
B2230284749851N11958952WA0038300360
B2230294749861N11958946WA0038300360
B2230304749871N11958938WA0038400361
B2230314749880N11958930WA0038500361
B2230324749889N11958920WA0038600362
B2230334749897N11958910WA0038600362
B2230344749904N11958899WA0038700362
B2230354749912N11958887WA0038700363
B2230364749919N11958875WA0038700362
B2230374749927N11958863WA0038800363
B2230384749935N11958852WA0038700364
B2230394749943N11958841WA0038800364
B2230404749952N11958832WA0038900364
B2230414749962N11958823WA0038900365
B2230424749972N11958815WA0039100365
B2230434749982N11958807WA0039000366
B2230444749993N11958801WA0039200367
B2230454750004N11958794WA0039300367
B2230464750014N11958788WA0039400368
B2230474750025N11958781WA0039400369
B2230484750036N11958776WA0039500370
B2230494750046N11958770WA0039600372
B2230504750056N11958764WA0039700372
B2230514750066N11958759WA0039800373
B2230524750076N11958754WA0039900374
B2230534750085N11958748WA0040000375
B2230544750094N11958743WA0040100376
B2230554750103N11958737WA0040100377
B2230564750111N11958731WA0040200378
B2230574750119N11958725WA0040200379
B2230584750126N11958720WA0040200380
B2230594750131N11958714WA0040300380
B2231004750136N11958709WA0040300381
B2231014750139N11958706WA0040300382
B2231024750141N11958704WA0040400383
B2231034750141N11958704WA0040400383
B2231044750141N11958704WA0040400383
B2231054750141N11958704WA0040400383
B2231064750141N11958704WA0040400383
B2231074750142N11958703WA0040400383
B2231084750144N11958704WA0040500383
B2231094750146N11958707WA0040500383
B2231104750147N11958711WA0040500383
B2231114750150N11958717WA0040600384
B2231124750152N11958723WA0040700385
B2231134750155N11958730WA0040700386
B2231144750158N11958737WA0040800387
B2231154750161N11958744WA0040900388
B2231164750165N11958752WA0040900388
B2231174750169N11958760WA0040900388
B2231184750173N11958769WA0040900388
B2231194750177N11958777WA0040900387
B2231204750181N11958784WA0040800387
B2231214750184N11958791WA0040800387
B2231224750187N11958798WA0040800387
B2231234750190N11958806WA0040700387
B2231244750194N11958815WA0040800387
B2231254750197N11958824WA0040800387
B2231264750201N11958832WA0040800387
B2231274750205N11958840WA0040700387
B2231284750209N11958848WA0040700386
B2231294750212N11958855WA0040600385
B2231304750215N11958862WA0040500384
B2231314750217N11958868WA0040500384
B2231324750218N11958874WA0040500384
B2231334750219N11958881WA0040500384
B2231344750219N11958887WA0040500384
B2231354750219N11958894WA0040500384
B2231364750218N11958900WA0040500384
B2231374750219N11958906WA0040500385
B2231384750219N11958910WA0040500385
B2231394750219N11958914WA0040500385
B2231404750218N11958918WA0040500385
B2231414750218N11958921WA0040500385
B2231424750217N11958923WA0040500385
B2231434750215N11958925WA0040600385
B2231444750214N11958927WA0040400385
B2231454750212N11958927WA0040500385
B2231464750210N11958927WA0040500385
B2231474750207N11958927WA0040500385
B2231484750205N11958926WA0040500385
B2231494750203N11958925WA0040500385
B2231504750202N11958924WA0040400385
B2231514750200N11958923WA0040500384
B2231524750199N11958922WA0040400384
B2231534750198N11958921WA0040400384
B2231544750198N11958921WA0040400384
B2231554750198N11958920WA0040400385
B2231564750198N11958921WA0040500385
B2231574750198N11958921WA0040500385
B2231584750198N11958921WA0040500385
B2231594750198N11958921WA0040500385
B2232004750198N11958921WA0040500385
B2232014750197N11958921WA0040500385
B2232024750197N11958921WA0040500386
B2232034750197N11958921WA0040500386
B2232044750197N11958921WA0040500386
B2232054750197N11958921WA0040500386
B2232064750197N11958921WA0040600386
B2232074750198N11958921WA0040600386
B2232084750198N11958921WA0040500386
B2232094750198N11958921WA0040400386
B2232104750198N11958921WA0040700386
B2232114750198N11958921WA0040500386
B2232124750198N11958921WA0040300386
B2232134750198N11958921WA0040700386
B2232144750198N11958921WA0040500386
B2232154750198N11958921WA0040700386
B2232164750198N11958922WA0040400386
B2232174750198N11958922WA0040500385
B2232184750198N11958922WA0040400385
B2232194750198N11958922WA0040400385
B2232204750198N11958922WA0040400385
B2232214750198N11958922WA0040400385
B2232224750198N11958922WA0040400385
B2232234750198N11958922WA0040400385
B2232244750198N11958922WA0040400385
B2232254750198N11958922WA0040400385
B2232264750198N11958922WA0040400385
B2232274750198N11958923WA0040400386
B2232284750198N11958923WA0040400386
B2232294750198N11958923WA0040400386
B2232304750198N11958923WA0040400386
B2232314750198N11958923WA0040400386
B2232324750198N11958923WA0040400386
B2232334750198N11958923WA0040400386
B2232344750198N11958923WA0040400386
B2232354750198N11958923WA0040400386
B2232364750198N11958923WA0040400386
B2232374750198N11958923WA0040400386
B2232384750198N11958923WA0040400386
B2232394750198N11958923WA0040400386
B2232404750198N11958923WA0040400386
B2232414750199N11958923WA0040400386
B2232424750199N11958923WA0040400386
B2232434750199N11958923WA0040400386
B2232444750199N11958923WA0040400386
B2232454750199N11958923WA0040400386
B2232464750199N11958924WA0040400386
B2232474750199N11958924WA0040400386
B2232484750199N11958924WA0040400386
B2232494750199N11958924WA0040400386
B2232504750199N11958924WA0040400387
B2232514750199N11958924WA0040400387
B2232524750199N11958924WA0040400387
B2232534750199N11958924WA0040400387
B2232544750199N11958924WA0040400387
B2232554750199N11958924WA0040400387
B2232564750199N11958924WA0040400387
B2232574750199N11958924WA0040400387
B2232584750199N11958924WA0040400387
B2232594750199N11958924WA0040400387
B2233004750199N11958924WA0040400387
B2233014750199N11958924WA0040400387
B2233024750199N11958924WA0040400387
B2233034750199N11958924WA0040400387
B2233044750199N11958924WA0040400387
B2233054750199N11958924WA0040400387
B2233064750199N11958924WA0040400387
B2233074750199N11958924WA0040400387
B2233084750199N11958924WA0040400387
B2233094750199N11958924WA0040400387
B2233104750199N11958924WA0040400387
B2233114750199N11958924WA0040400387
B2233124750199N11958924WA0040400387
B2233134750199N11958924WA0040400386
B2233144750199N11958924WA0040400386
B2233154750199N11958924WA0040400386
B2233164750199N11958924WA0040400386
B2233174750199N11958924WA0040400386
B2233184750199N11958924WA0040400386
B2233194750199N11958924WA0040400386
B2233204750199N11958924WA0040400386
B2233214750199N11958924WA0040400386
B2233224750199N11958924WA0040400385
B2233234750199N11958924WA0040400385
B2233244750199N11958924WA0040400385
B2233254750199N11958924WA0040400385
B2233264750199N11958924WA0040400385
B2233274750199N11958924WA0040400385
B2233284750199N11958924WA0040400385
B2233294750199N11958924WA0040400385
B2233304750199N11958924WA0040400385
B2233314750199N11958924WA0040400385
B2233324750199N11958924WA0040400385
B2233334750199N11958924WA0040400385
B2233344750199N11958924WA0040400385
B2233354750199N11958924WA0040400385
B2233364750199N11958924WA0040400385
B2233374750199N11958924WA0040400385
B2233384750199N11958924WA0040400385
B2233394750199N11958924WA0040400385
B2233404750199N11958924WA0040400385
B2233414750199N11958924WA0040400385
B2233424750199N11958924WA0040400385
B2233434750199N11958924WA0040400384
B2233444750199N11958924WA0040400384
B2233454750199N11958924WA0040400384
B2233464750199N11958924WA0040400384
B2233474750199N11958924WA0040400384
B2233484750199N11958924WA0040400384
B2233494750199N11958924WA0040400384
B2233504750199N11958924WA0040400384
B2233514750199N11958924WA0040400384
B2233524750199N11958924WA0040400384
B2233534750199N11958924WA0040400384
B2233544750199N11958924WA0040500384
B2233554750199N11958924WA0040500384
B2233564750198N11958924WA0040600384
B2233574750198N11958925WA0040600384
B2233584750198N11958925WA0040500384
B2233594750198N11958925WA0040500384
B2234004750198N11958925WA0040500384
B2234014750198N11958925WA0040500384
B2234024750198N11958925WA0040600384
B2234034750198N11958925WA0040600384
B2234044750198N11958925WA0040500384
B2234054750198N11958925WA0040500384
B2234064750198N11958925WA0040500384
B2234074750198N11958925WA0040500384
B2234084750198N11958925WA0040500384
B2234094750198N11958925WA0040500384
B2234104750198N11958925WA0040500384
B2234114750198N11958925WA0040500384
B2234124750198N11958925WA0040600384
B2234134750198N11958925WA0040500384
B2234144750198N11958925WA0040500384
B2234154750198N11958926WA0040500384
B2234164750198N11958926WA0040500384
B2234174750199N11958926WA0040600384
B2234184750199N11958926WA0040600384
B2234194750199N11958926WA0040600385
B2234204750200N11958926WA0040500385
B2234214750200N11958926WA0040500385
B2234224750201N11958927WA0040500385
B2234234750202N11958927WA0040500385
B2234244750202N11958927WA0040500385
B2234254750203N11958927WA0040500385
B2234264750203N11958928WA0040500385
B2234274750203N11958928WA0040500385
B2234284750204N11958929WA0040500385
B2234294750204N11958929WA0040500385
B2234304750204N11958930WA0040500385
B2234314750205N11958930WA0040500385
B2234324750205N11958930WA0040600386
B2234334750206N11958930WA0040500386
B2234344750206N11958931WA0040500386
B2234354750206N11958931WA0040500386
B2234364750207N11958932WA0040500387
B2234374750207N11958932WA0040500387
B2234384750207N11958932WA0040500387
B2234394750208N11958932WA0040500387
B2234404750208N11958932WA0040500386
B2234414750208N11958932WA0040500386
B2234424750209N11958933WA0040500387
B2234434750209N11958933WA0040500387
B2234444750210N11958933WA0040600387
B2234454750210N11958933WA0040600388
B2234464750210N11958933WA0040500388
B2234474750210N11958934WA0040600388
B2234484750210N11958934WA0040500388
B2234494750210N11958935WA0040500387
B2234504750211N11958935WA0040600387
B2234514750211N11958935WA0040500387
B2234524750211N11958935WA0040600387
B2234534750211N11958936WA0040600386
B2234544750210N11958936WA0040600386
B2234554750210N11958936WA0040700387
B2234564750210N11958936WA0040300387
B2234574750210N11958936WA0040700386
B2234584750210N11958935WA0040500386
B2234594750210N11958935WA0040500386
B2235004750210N11958935WA0040500386
B2235014750210N11958936WA0040500386
B2235024750210N11958936WA0040500385
B2235034750210N11958935WA0040500385
B2235044750210N11958935WA0040500385
B2235054750210N11958935WA0040600385
B2235064750210N11958935WA0040600385
B2235074750210N11958935WA0040600386
B2235084750209N11958935WA0040500385
B2235094750209N11958935WA0040600385
B2235104750209N11958935WA0040500385
B2235114750209N11958935WA0040400384
B2235124750209N11958935WA0040500385
B2235134750209N11958935WA0040500385
B2235144750209N11958935WA0040500385
B2235154750209N11958935WA0040600385
B2235164750209N11958935WA0040500386
B2235174750209N11958935WA0040600385
B2235184750209N11958935WA0040500386
B2235194750209N11958934WA0040500387
B2235204750209N11958934WA0040500387
B2235214750209N11958934WA0040500388
B2235224750209N11958934WA0040500389
B2235234750209N11958933WA0040500390
B2235244750209N11958933WA0040500391
B2235254750209N11958933WA0040600392
B2235264750209N11958933WA0040600393
B2235274750210N11958933WA0040500394
B2235284750210N11958933WA0040500394
B2235294750209N11958933WA0040600395
B2235304750209N11958934WA0040500395
B2235314750209N11958934WA0040600394
B2235324750209N11958934WA0040600394
B2235334750209N11958933WA0040600394
B2235344750209N11958934WA0040600393
B2235354750209N11958934WA0040500392
B2235364750209N11958934WA0040500392
B2235374750209N11958934WA0040500393
B2235384750209N11958934WA0040500392
B2235394750209N11958934WA0040500391
B2235404750209N11958934WA0040500391
B2235414750209N11958934WA0040500391
B2235424750209N11958935WA0040500391
B2235434750209N11958935WA0040500392
B2235444750209N11958935WA0040500392
B2235454750209N11958935WA0040500392
B2235464750209N11958935WA0040500391
B2235474750209N11958935WA0040500390
B2235484750210N11958934WA0040600391
B2235494750210N11958934WA0040500392
B2235504750209N11958933WA0040500393
B2235514750210N11958933WA0040500393
B2235524750210N11958933WA0040600394
B2235534750210N11958933WA0040500393
B2235544750210N11958933WA0040500393
B2235554750210N11958933WA0040500394
B2235564750210N11958933WA0040500394
B2235574750210N11958933WA0040500394
B2235584750210N11958933WA0040500393
B2235594750210N11958933WA0040500393
B2236004750210N11958933WA0040500392
B2236014750210N11958933WA0040600392
B2236024750209N11958933WA0040500390
B2236034750210N11958933WA0040600389
B2236044750210N11958933WA0040600390
B2236054750210N11958933WA0040600389
B2236064750210N11958933WA0040600389
B2236074750210N11958933WA0040600389
B2236084750209N11958933WA0040500389
B2236094750209N11958933WA0040600389
B2236104750209N11958932WA0040600388
B2236114750209N11958932WA0040500388
B2236124750208N11958932WA0040500387
B2236134750209N11958932WA0040500387
B2236144750208N11958932WA0040600387
B2236154750208N11958932WA0040600386
B2236164750208N11958932WA0040500386
B2236174750208N11958932WA0040600386
B2236184750208N11958932WA0040500386
B2236194750208N11958932WA0040500386
B2236204750208N11958932WA0040600387
B2236214750208N11958932WA0040500386
B2236224750208N11958932WA0040500386
B2236234750208N11958932WA0040500386
B2236244750208N11958933WA0040500386
B2236254750208N11958933WA0040600385
B2236264750209N11958932WA0040500386
B2236274750209N11958932WA0040500386
B2236284750209N11958932WA0040600387
B2236294750209N11958931WA0040500387
B2236304750209N11958931WA0040500387
B2236314750209N11958931WA0040500387
B2236324750209N11958932WA0040600388
B2236334750209N11958932WA0040600387
B2236344750210N11958932WA0040500387
B2236354750210N11958932WA0040500388
B2236364750209N11958932WA0040500388
B2236374750209N11958932WA0040600388
B2236384750209N11958932WA0040500387
B2236394750209N11958932WA0040600387
B2236404750209N11958932WA0040500388
B2236414750210N11958932WA0040500388
B2236424750210N11958932WA0040500388
B2236434750210N11958932WA0040500387
B2236444750210N11958931WA0040600388
B2236454750210N11958931WA0040600388
B2236464750209N11958931WA0040600388
B2236474750209N11958931WA0040500388
B2236484750209N11958931WA0040500388
B2236494750209N11958931WA0040600389
B2236504750209N11958932WA0040600389
B2236514750209N11958932WA0040500389
B2236524750210N11958933WA0040500389
B2236534750209N11958933WA0040500389
B2236544750210N11958934WA0040600389
B2236554750209N11958933WA0040500389
B2236564750209N11958933WA0040500389
B2236574750209N11958933WA0040500389
B2236584750209N11958933WA0040600389
B2236594750209N11958933WA0040500389
B2237004750209N11958933WA0040500389
B2237014750209N11958933WA0040500389
B2237024750210N11958933WA0040500389
B2237034750209N11958933WA0040500390
B2237044750210N11958933WA0040500390
B2237054750210N11958933WA0040600390
B2237064750210N11958932WA0040500390
B2237074750210N11958932WA0040500389
B2237084750210N11958932WA0040600390
B2237094750210N11958932WA0040600390
B2237104750210N11958932WA0040500390
B2237114750210N11958932WA0040600390
B2237124750210N11958932WA0040500390
B2237134750210N11958932WA0040500391
B2237144750210N11958932WA0040500391
B2237154750210N11958932WA0040500391
B2237164750210N11958932WA0040500391
B2237174750210N11958932WA0040500391
B2237184750210N11958932WA0040500390
B2237194750210N11958932WA0040600390
B2237204750210N11958932WA0040500390
B2237214750210N11958932WA0040600390
B2237224750211N11958933WA0040600389
B2237234750211N11958932WA0040600390
B2237244750211N11958932WA0040500389
B2237254750211N11958932WA0040500390
B2237264750212N11958932WA0040600390
B2237274750212N11958932WA0040600390
B2237284750211N11958932WA0040600390
B2237294750211N11958931WA0040600390
B2237304750211N11958931WA0040600391
B2237314750211N11958931WA0040500391
B2237324750210N11958930WA0040600392
B2237334750210N11958930WA0040600392
B2237344750210N11958930WA0040500392
B2237354750210N11958930WA0040500392
B2237364750210N11958929WA0040600392
B2237374750210N11958929WA0040600392
B2237384750210N11958929WA0040500392
B2237394750210N11958929WA0040600392
B2237404750210N11958929WA0040500392
B2237414750210N11958929WA0040500392
B2237424750211N11958930WA0040600391
B2237434750211N11958930WA0040600391
B2237444750211N11958930WA0040600391
B2237454750211N11958930WA0040600391
B2237464750211N11958930WA0040600391
B2237474750211N11958929WA0040600391
B2237484750211N11958929WA0040600390
B2237494750211N11958929WA0040600390
B2237504750211N11958929WA0040600390
B2237514750211N11958929WA0040600390
B2237524750211N11958929WA0040500390
B2237534750211N11958929WA0040500389
B2237544750210N11958929WA0040500389
B2237554750211N11958929WA0040500390
B2237564750210N11958930WA0040500390
B2237574750211N11958930WA0040500390
B2237584750211N11958930WA0040600390
B2237594750211N11958931WA0040600390
B2238004750211N11958930WA0040600390
B2238014750211N11958931WA0040600391
B2238024750211N11958930WA0040500391
B2238034750211N11958930WA0040500391
B2238044750211N11958930WA0040600391
B2238054750211N11958930WA0040600391
B2238064750211N11958930WA0040500391
B2238074750211N11958929WA0040600391
B2238084750211N11958929WA0040500390
B2238094750211N11958929WA0040500391
B2238104750211N11958929WA0040500390
B2238114750211N11958929WA0040500391
B2238124750211N11958929WA0040600391
B2238134750211N11958929WA0040500391
B2238144750211N11958929WA0040500391
B2238154750211N11958928WA0040500391
B2238164750211N11958929WA0040500391
B2238174750211N11958929WA0040500392
B2238184750210N11958929WA0040500392
B2238194750211N11958929WA0040500392
B2238204750211N11958929WA0040600392
B2238214750211N11958929WA0040600392
B2238224750211N11958929WA0040500392
B2238234750211N11958929WA0040500392
B2238244750211N11958929WA0040500392
B2238254750211N11958929WA0040500392
B2238264750211N11958930WA0040500392
B2238274750211N11958930WA0040500392
B2238284750211N11958930WA0040600392
B2238294750211N11958930WA0040500392
B2238304750211N11958930WA0040500393
B2238314750211N11958930WA0040500393
B2238324750211N11958930WA0040500393
B2238334750211N11958930WA0040600393
B2238344750211N11958930WA0040500394
B2238354750212N11958931WA0040500393
B2238364750212N11958931WA0040500393
B2238374750212N11958931WA0040500393
B2238384750212N11958931WA0040500392
B2238394750212N11958931WA0040500392
B2238404750212N11958931WA0040500392
B2238414750211N11958932WA0040500392
B2238424750211N11958932WA0040500392
B2238434750211N11958932WA0040500392
B2238444750211N11958932WA0040500392
B2238454750211N11958932WA0040500392
B2238464750211N11958932WA0040500392
B2238474750211N11958932WA0040500392
B2238484750211N11958932WA0040500392
B2238494750211N11958932WA0040500392
B2238504750211N11958932WA0040600392
B2238514750211N11958932WA0040600392
B2238524750211N11958932WA0040500392
B2238534750211N11958933WA0040500391
B2238544750211N11958933WA0040600391
B2238554750212N11958934WA0040600391
B2238564750212N11958933WA0040600391
B2238574750212N11958933WA0040600391
B2238584750211N11958934WA0040500391
B2238594750212N11958934WA0040600390
B2239004750212N11958934WA0040600390
B2239014750212N11958935WA0040500390
B2239024750211N11958934WA0040600390
B2239034750211N11958935WA0040500390
B2239044750211N11958935WA0040600390
B2239054750211N11958935WA0040600390
B2239064750211N11958936WA0040500389
B2239074750211N11958936WA0040600389
B2239084750211N11958936WA0040600389
B2239094750211N11958936WA0040600389
B2239104750211N11958936WA0040500388
B2239114750211N11958937WA0040500388
B2239124750211N11958937WA0040500388
B2239134750211N11958937WA0040600388
B2239144750211N11958937WA0040600388
B2239154750211N11958937WA0040600388
B2239164750211N11958937WA0040500388
B2239174750211N11958937WA0040600388
B2239184750211N11958937WA0040600388
B2239194750211N11958937WA0040600388
B2239204750211N11958937WA0040500388
B2239214750211N11958937WA0040500388
B2239224750211N11958937WA0040500388
B2239234750211N11958937WA0040500388
B2239244750211N11958936WA0040500388
B2239254750211N11958936WA0040500388
B2239264750212N11958936WA0040500388
B2239274750212N11958935WA0040500388
B2239284750212N11958935WA0040500388
B2239294750212N11958935WA0040600388
B2239304750211N11958935WA0040600389
B2239314750212N11958934WA0040500388
B2239324750212N11958935WA0040500389
B2239334750212N11958934WA0040500389
B2239344750212N11958934WA0040500389
B2239354750212N11958934WA0040500389
B2239364750212N11958934WA0040500389
B2239374750212N11958934WA0040500389
B2239384750212N11958934WA0040500389
B2239394750212N11958934WA0040500389
B2239404750212N11958934WA0040500389
B2239414750213N11958934WA0040500389
B2239424750213N11958934WA0040500389
B2239434750213N11958935WA0040500390
B2239444750213N11958935WA0040500389
B2239454750213N11958935WA0040600389
B2239464750213N11958936WA0040600389
B2239474750213N11958936WA0040600389
B2239484750214N11958936WA0040500389
B2239494750214N11958936WA0040500389
B2239504750214N11958936WA0040600389
B2239514750214N11958936WA0040500389
B2239524750213N11958936WA0040500389
B2239534750213N11958936WA0040500388
B2239544750213N11958936WA0040500388
B2239554750213N11958937WA0040500388
B2239564750214N11958937WA0040500388
B2239574750212N11958936WA0040500388
B2239584750212N11958936WA0040500387
B2239594750213N11958937WA0040500386
B2240004750213N11958937WA0040500386
B2240014750213N11958937WA0040500386
B2240024750213N11958937WA0040500386
B2240034750214N11958937WA0040500385
B2240044750214N11958937WA0040500385
B2240054750214N11958937WA0040500385
B2240064750215N11958938WA0040500385
B2240074750215N11958939WA0040500385
B2240084750216N11958939WA0040500385
B2240094750216N11958939WA0040500385
B2240104750215N11958938WA0040500385
B2240114750215N11958938WA0040500385
B2240124750215N11958938WA0040500384
B2240134750215N11958938WA0040500384
B2240144750215N11958938WA0040500384
B2240154750215N11958937WA0040500384
B2240164750216N11958938WA0040500384
B2240174750215N11958937WA0040500385
B2240184750216N11958937WA0040500385
B2240194750215N11958937WA0040500385
B2240204750215N11958937WA0040500385
B2240214750215N11958936WA0040500385
B2240224750214N11958936WA0040500385
B2240234750214N11958936WA0040500386
B2240244750214N11958936WA0040500386
B2240254750214N11958937WA0040500387
B2240264750213N11958936WA0040500386
B2240274750214N11958936WA0040500386
B2240284750214N11958936WA0040500386
B2240294750213N11958936WA0040500386
B2240304750213N11958936WA0040500386
B2240314750213N11958936WA0040500386
B2240324750213N11958936WA0040500386
B2240334750213N11958936WA0040500387
B2240344750214N11958936WA0040500386
B2240354750214N11958936WA0040500386
B2240364750214N11958936WA0040600386
B2240374750214N11958936WA0040500386
B2240384750215N11958937WA0040500386
B2240394750215N11958937WA0040500386
B2240404750215N11958937WA0040500386
B2240414750214N11958937WA0040500386
B2240424750215N11958937WA0040600387
B2240434750215N11958937WA0040600387
B2240444750215N11958937WA0040500388
B2240454750214N11958937WA0040500388
B2240464750214N11958937WA0040500388
B2240474750214N11958936WA0040500389
B2240484750214N11958937WA0040500390
B2240494750214N11958936WA0040500390
B2240504750214N11958936WA0040500390
B2240514750214N11958936WA0040500390
B2240524750214N11958936WA0040500390
B2240534750214N11958936WA0040500390
B2240544750214N11958936WA0040500390
B2240554750214N11958936WA0040500390
B2240564750214N11958936WA0040500390
B2240574750214N11958936WA0040500390
B2240584750213N11958936WA0040500390
B2240594750213N11958935WA0040500390
B2241004750213N11958935WA0040600390
B2241014750213N11958936WA0040600390
B2241024750213N11958936WA0040600390
B2241034750213N11958935WA0040600390
B2241044750213N11958935WA0040500390
B2241054750213N11958935WA0040500391
B2241064750213N11958936WA0040500391
B2241074750213N11958936WA0040500391
B2241084750213N11958936WA0040500391
B2241094750213N11958936WA0040500391
B2241104750213N11958936WA0040500391
B2241114750213N11958936WA0040500391
B2241124750212N11958935WA0040500392
B2241134750212N11958935WA0040500392
B2241144750212N11958935WA0040500392
B2241154750212N11958936WA0040500392
B2241164750212N11958936WA0040500392
B2241174750211N11958936WA0040500392
B2241184750211N11958936WA0040500392
B2241194750211N11958936WA0040600393
B2241204750212N11958937WA0040500392
B2241214750212N11958937WA0040600392
B2241224750211N11958936WA0040500393
B2241234750211N11958936WA0040500394
B2241244750210N11958936WA0040500394
B2241254750210N11958935WA0040600394
B2241264750210N11958935WA0040500394
B2241274750210N11958935WA0040500394
B2241284750210N11958934WA0040500394
B2241294750210N11958934WA0040600395
B2241304750211N11958934WA0040600395
B2241314750210N11958934WA0040500396
B2241324750210N11958934WA0040500396
B2241334750210N11958934WA0040500396
B2241344750210N11958934WA0040500396
B2241354750210N11958934WA0040500396
B2241364750210N11958935WA0040600396
B2241374750210N11958934WA0040600396
B2241384750210N11958935WA0040500395
B2241394750210N11958935WA0040500395
B2241404750209N11958934WA0040500395
B2241414750209N11958934WA0040600395
B2241424750209N11958934WA0040500395
B2241434750209N11958934WA0040500395
B2241444750209N11958934WA0040500393
B2241454750209N11958934WA0040500392
B2241464750209N11958935WA0040500391
B2241474750209N11958935WA0040500390
B2241484750209N11958935WA0040500389
B2241494750209N11958935WA0040500388
B2241504750209N11958935WA0040500388
B2241514750209N11958935WA0040500387
B2241524750209N11958935WA0040500387
B2241534750209N11958935WA0040500386
B2241544750209N11958935WA0040500386
B2241554750209N11958936WA0040500385
B2241564750209N11958936WA0040500385
B2241574750209N11958936WA0040500385
B2241584750208N11958936WA0040500385
B2241594750208N11958936WA0040500385
B2242004750208N11958936WA0040500384
B2242014750208N11958936WA0040500384
B2242024750208N11958936WA0040500384
B2242034750208N11958936WA0040500384
B2242044750208N11958936WA0040500383
B2242054750208N11958936WA0040500383
B2242064750208N11958936WA0040500383
B2242074750209N11958936WA0040500383
B2242084750209N11958936WA0040500383
B2242094750209N11958936WA0040600383
B2242104750209N11958936WA0040600383
B2242114750209N11958936WA0040500383
B2242124750209N11958936WA0040600383
B2242134750209N11958936WA0040600383
B2242144750209N11958936WA0040600383
B2242154750209N11958936WA0040500384
B2242164750209N11958936WA0040600384
B2242174750209N11958936WA0040500384
B2242184750209N11958936WA0040500384
B2242194750209N11958936WA0040600385
B2242204750209N11958936WA0040600384
B2242214750209N11958936WA0040500384
B2242224750209N11958936WA0040500384
B2242234750209N11958936WA0040500384
B2242244750209N11958936WA0040600384
B2242254750209N11958936WA0040500384
B2242264750208N11958936WA0040500384
B2242274750208N11958936WA0040400384
B2242284750208N11958936WA0040600384
B2242294750208N11958936WA0040500384
B2242304750208N11958936WA0040600384
B2242314750208N11958936WA0040500384
B2242324750208N11958936WA0040500384
B2242334750208N11958935WA0040500384
B2242344750208N11958935WA0040600384
B2242354750208N11958935WA0040600384
B2242364750208N11958935WA0040600384
B2242374750208N11958935WA0040600384
B2242384750208N11958935WA0040600383
B2242394750208N11958935WA0040500383
B2242404750208N11958935WA0040600383
B2242414750208N11958935WA0040600383
B2242424750208N11958936WA0040600383
B2242434750208N11958935WA0040000383
B2242444750208N11958935WA0040200383
B2242454750208N11958935WA0040400383
B2242464750208N11958935WA0040400383
B2242474750208N11958935WA0040000383
B2242484750208N11958935WA0040700383
B2242494750207N11958935WA0041000383
B2242504750207N11958935WA0040000382
B2242514750207N11958935WA0041000382
B2242524750206N11958935WA0041000382
B2242534750207N11958935WA0040700381
B2242544750208N11958936WA0040500381
B2242554750207N11958936WA0040500381
B2242564750207N11958936WA0040600380
B2242574750206N11958935WA0040600381
B2242584750205N11958935WA0040600381
B2242594750204N11958934WA0040400381
B2243004750204N11958934WA0040600381
B2243014750203N11958934WA0040600384
B2243024750202N11958934WA0040500385
B2243034750202N11958933WA0040500385
B2243044750202N11958932WA0040600384
B2243054750202N11958933WA0040600388
B2243064750202N11958932WA0040600385
B2243074750201N11958931WA0040700384
B2243084750201N11958931WA0040600384
B2243094750200N11958931WA0040600381
B2243104750199N11958932WA0040500380
B2243114750198N11958933WA0040600380
B2243124750197N11958934WA0040600379
B2243134750197N11958933WA0040600378
B2243144750197N11958933WA0040600378
B2243154750197N11958932WA0040600378
B2243164750197N11958932WA0040600378
B2243174750198N11958932WA0040600377
B2243184750197N11958931WA0040600378
B2243194750197N11958931WA0040600379
B2243204750197N11958931WA0040500378
B2243214750197N11958930WA0040500378
B2243224750197N11958929WA0040500378
B2243234750197N11958928WA0040600379
B2243244750197N11958928WA0040700379
B2243254750197N11958927WA0040600380
B2243264750197N11958927WA0040700380
B2243274750197N11958927WA0040700381
B2243284750197N11958927WA0040600381
B2243294750197N11958927WA0040700382
B2243304750197N11958927WA0040500381
B2243314750197N11958926WA0040500382
B2243324750197N11958926WA0040600382
B2243334750197N11958926WA0040700382
B2243344750196N11958926WA0040500382
B2243354750196N11958926WA0040500382
B2243364750196N11958926WA0040500382
B2243374750196N11958927WA0040700383
B2243384750196N11958927WA0040500383
B2243394750196N11958927WA0040500384
B2243404750196N11958927WA0040500385
B2243414750196N11958926WA0040500385
B2243424750196N11958926WA0040500385
B2243434750196N11958926WA0040500385
B2243444750196N11958926WA0040500385
B2243454750196N11958926WA0040500385
B2243464750196N11958926WA0040500385
B2243474750196N11958926WA0040500385
B2243484750196N11958926WA0040500385
B2243494750196N11958926WA0040500385
B2243504750196N11958926WA0040500385
B2243514750196N11958926WA0040500385
B2243524750196N11958926WA0040500385
B2243534750196N11958926WA0040500384
B2243544750196N11958926WA0040500384
B2243554750196N11958926WA0040500384
B2243564750196N11958926WA0040500384
B2243574750195N11958926WA0040500384
B2243584750195N11958926WA0040500383
B2243594750195N11958926WA0040500383
B2244004750195N11958926WA0040500383
B2244014750195N11958926WA0040500383
B2244024750195N11958927WA0040500382
B2244034750195N11958926WA0040500383
B2244044750195N11958926WA0040500383
B2244054750195N11958926WA0040500382
B2244064750195N11958926WA0040500383
B2244074750195N11958926WA0040500383
B2244084750195N11958926WA0040500383
B2244094750195N11958927WA0040500384
B2244104750195N11958927WA0040500383
B2244114750195N11958927WA0040500383
B2244124750195N11958926WA0040500383
B2244134750195N11958926WA0040500383
B2244144750195N11958926WA0040500383
B2244154750195N11958926WA0040500384
B2244164750195N11958926WA0040500384
B2244174750195N11958926WA0040500384
B2244184750195N11958926WA0040500384
B2244194750195N11958926WA0040500384
B2244204750195N11958926WA0040500384
B2244214750195N11958926WA0040500384
B2244224750195N11958925WA0040500384
B2244234750195N11958925WA0040500385
B2244244750195N11958925WA0040500385
B2244254750195N11958925WA0040500384
B2244264750194N11958926WA0040500384
B2244274750194N11958926WA0040500384
B2244284750194N11958926WA0040500384
B2244294750194N11958926WA0040500384
B2244304750194N11958926WA0040500384
B2244314750194N11958927WA0040500384
B2244324750194N11958927WA0040500384
B2244334750194N11958927WA0040500384
B2244344750194N11958927WA0040500384
B2244354750194N11958926WA0040500384
B2244364750194N11958926WA0040500384
B2244374750194N11958926WA0040500384
B2244384750194N11958926WA0040500384
B2244394750194N11958926WA0040500384
B2244404750194N11958926WA0040500384
B2244414750195N11958926WA0040500384
B2244424750195N11958926WA0040500384
B2244434750195N11958926WA0040500384
B2244444750195N11958926WA0040500384
B2244454750195N11958926WA0040500384
B2244464750195N11958926WA0040500384
B2244474750194N11958926WA0040500384
B2244484750194N11958926WA0040500384
B2244494750194N11958926WA0040500384
B2244504750194N11958926WA0040500384
B2244514750194N11958926WA0040500384
B2244524750194N11958926WA0040500384
B2244534750194N11958926WA0040500384
B2244544750194N11958926WA0040500384
B2244554750194N11958926WA0040500384
B2244564750194N11958926WA0040500384
B2244574750194N11958926WA0040500384
B2244584750195N11958926WA0040700384
B2244594750195N11958926WA0040500384
B2245004750195N11958926WA0040500384
B2245014750195N11958926WA0040600384
B2245024750195N11958926WA0040600384
B2245034750195N11958926WA0040500384
B2245044750194N11958926WA0040500385
B2245054750194N11958926WA0040500385
B2245064750195N11958927WA0040400385
B2245074750194N11958926WA0040600385
B2245084750194N11958926WA0040600385
B2245094750195N11958926WA0040600385
B2245104750194N11958926WA0040500386
B2245114750194N11958926WA0040500386
B2245124750195N11958926WA0040400385
B2245134750195N11958925WA0040500384
B2245144750195N11958925WA0040500385
B2245154750195N11958925WA0040500385
B2245164750195N11958925WA0040500385
B2245174750195N11958925WA0040600385
B2245184750195N11958925WA0040500385
B2245194750195N11958925WA0040500384
B2245204750195N11958926WA0040400384
B2245214750195N11958926WA0040600383
B2245224750195N11958926WA0040500382
B2245234750195N11958926WA0040600382
B2245244750195N11958926WA0040500382
B2245254750196N11958926WA0040400383
B2245264750196N11958926WA0040400383
B2245274750196N11958926WA0040500382
B2245284750196N11958926WA0040600382
B2245294750196N11958925WA0040500382
B2245304750197N11958925WA0040700382
B2245314750197N11958925WA0040500380
B2245324750197N11958925WA0040500379
B2245334750197N11958926WA0040500378
B2245344750198N11958926WA0040600377
B2245354750198N11958926WA0040400377
B2245364750198N11958926WA0040500377
B2245374750198N11958925WA0040500377
B2245384750197N11958925WA0040500378
B2245394750197N11958925WA0040500379
B2245404750197N11958925WA0040600380
B2245414750197N11958925WA0040500379
B2245424750197N11958924WA0040500380
B2245434750197N11958924WA0040500381
B2245444750197N11958924WA0040400382
B2245454750197N11958924WA0040500383
B2245464750197N11958923WA0040600384
B2245474750197N11958923WA0040500385
B2245484750197N11958922WA0040600387
B2245494750197N11958922WA0040500389
B2245504750196N11958921WA0040500390
B2245514750196N11958921WA0040500390
B2245524750197N11958921WA0040500390
B2245534750197N11958921WA0040500389
B2245544750198N11958921WA0040500389
B2245554750198N11958922WA0040500389
B2245564750199N11958922WA0040400387
B2245574750199N11958923WA0040600386
B2245584750199N11958923WA0040600385
B2245594750200N11958923WA0040500384
B2246004750200N11958923WA0040500385
B2246014750200N11958924WA0040500383
B2246024750200N11958924WA0040500381
B2246034750200N11958924WA0040500381
B2246044750201N11958924WA0040500381
B2246054750201N11958925WA0040500381
B2246064750201N11958925WA0040500379
B2246074750201N11958925WA0040400379
B2246084750201N11958926WA0040500377
B2246094750201N11958926WA0040600376
B2246104750201N11958926WA0040300375
B2246114750201N11958926WA0040500375
B2246124750201N11958927WA0040700375
B2246134750201N11958927WA0040500374
B2246144750201N11958928WA0040500373
B2246154750201N11958928WA0040500372
B2246164750201N11958928WA0040500372
B2246174750201N11958929WA0040400373
B2246184750201N11958929WA0040600373
B2246194750201N11958930WA0040600372
B2246204750202N11958929WA0040600372
B2246214750202N11958930WA0040600374
B2246224750202N11958931WA0040300373
B2246234750202N11958931WA0040600373
B2246244750202N11958931WA0040300374
B2246254750202N11958930WA0040400376
B2246264750202N11958930WA0040500376
B2246274750202N11958929WA0040700377
B2246284750202N11958929WA0040400378
B2246294750202N11958928WA0040500378
B2246304750203N11958928WA0040700378
B2246314750203N11958928WA0040600377
B2246324750203N11958928WA0040600378
B2246334750203N11958929WA0040600379
B2246344750203N11958929WA0040500380
B2246354750203N11958930WA0040500381
B2246364750203N11958931WA0040500381
B2246374750202N11958932WA0040500380
B2246384750202N11958933WA0040500380
B2246394750202N11958933WA0040500379
B2246404750202N11958934WA0040500379
B2246414750202N11958935WA0040400380
B2246424750203N11958937WA0040500379
B2246434750203N11958937WA0040500378
B2246444750203N11958936WA0040500378
B2246454750202N11958936WA0040500378
B2246464750202N11958935WA0040500379
B2246474750202N11958935WA0040400380
B2246484750201N11958935WA0040500381
B2246494750199N11958932WA0040500382
B2246504750198N11958930WA0040500380
B2246514750197N11958929WA0040500386
B2246524750197N11958929WA0040500385
B2246534750197N11958928WA0040500384
B2246544750196N11958927WA0040500381
B2246554750196N11958927WA0040500381
B2246564750196N11958927WA0040600380
B2246574750196N11958927WA0040500379
B2246584750195N11958927WA0040600379
B2246594750195N11958927WA0040500378
B2247004750195N11958927WA0040500378
B2247014750195N11958927WA0040500379
B2247024750195N11958926WA0040500379
B2247034750195N11958927WA0040500380
B2247044750194N11958927WA0040500380
B2247054750194N11958927WA0040500380
B2247064750194N11958927WA0040500380
B2247074750194N11958927WA0040500380
B2247084750194N11958927WA0040200380
B2247094750194N11958927WA0040500380
B2247104750194N11958927WA0040600380
B2247114750194N11958927WA0040600380
B2247124750194N11958927WA0040300380
B2247134750194N11958926WA0040300379
B2247144750194N11958926WA0040200379
B2247154750194N11958926WA0040300379
B2247164750194N11958926WA0040600379
B2247174750194N11958926WA0040300379
B2247184750194N11958926WA0040500379
B2247194750194N11958926WA0040400380
B2247204750194N11958926WA0040500380
B2247214750194N11958926WA0040400380
B2247224750195N11958926WA0040500380
B2247234750195N11958926WA0040500380
B2247244750195N11958926WA0040500380
B2247254750195N11958925WA0040500380
B2247264750196N11958925WA0040100380
B2247274750196N11958925WA0041000380
B2247284750198N11958924WA0040700380
B2247294750199N11958924WA0040600380
B2247304750200N11958924WA0040400380
B2247314750200N11958923WA0040600380
B2247324750201N11958923WA0040500380
B2247334750201N11958923WA0040400380
B2247344750202N11958923WA0040400380
B2247354750202N11958922WA0040400380
B2247364750202N11958922WA0040500380
B2247374750202N11958921WA0040400380
B2247384750202N11958922WA0040000380
B2247394750203N11958922WA0040700380
B2247404750204N11958922WA0040700380
B2247414750200N11958924WA0040600379
B2247424750198N11958926WA0040700380
B2247434750198N11958927WA0040300381
B2247444750197N11958925WA0040500381
B2247454750196N11958925WA0040500381
B2247464750194N11958925WA0040500381
B2247474750194N11958926WA0040300382
B2247484750193N11958926WA0040400382
B2247494750193N11958926WA0040600382
B2247504750193N11958928WA0040600382
B2247514750193N11958928WA0040400383
B2247524750194N11958928WA0040500383
B2247534750194N11958929WA0040500383
B2247544750194N11958930WA0040400383
B2247554750194N11958926WA0040400382
B2247564750194N11958923WA0040300383
B2247574750194N11958921WA0040300383
B2247584750193N11958920WA0040500383
B2247594750193N11958919WA0040500383
B2248004750194N11958918WA0040000383
B2248014750194N11958917WA0040600383
B2248024750194N11958922WA0040700383
B2248034750193N11958923WA0040500383
B2248044750193N11958924WA0040600382
B2248054750193N11958925WA0040500383
B2248064750193N11958926WA0040500381
B2248074750193N11958927WA0040400379
B2248084750192N11958927WA0040500378
B2248094750192N11958927WA0040500379
B2248104750192N11958927WA0040400378
B2248114750192N11958927WA0040400378
B2248124750192N11958927WA0040400379
B2248134750192N11958927WA0040400378
B2248144750192N11958927WA0040400378
B2248154750192N11958926WA0040500379
B2248164750193N11958926WA0040400380
B2248174750193N11958926WA0040500381
B2248184750193N11958926WA0040400382
B2248194750193N11958926WA0040400382
B2248204750193N11958926WA0040400383
B2248214750193N11958926WA0040300383
B2248224750193N11958926WA0040400383
B2248234750193N11958926WA0040400383
B2248244750193N11958926WA0040400384
B2248254750193N11958926WA0040100384
B2248264750193N11958926WA0040600384
B2248274750193N11958926WA0040400384
B2248284750193N11958926WA0040400384
B2248294750193N11958926WA0040300385
B2248304750193N11958926WA0040400385
B2248314750193N11958926WA0040600385
B2248324750193N11958926WA0040700385
B2248334750193N11958926WA0040400385
B2248344750193N11958926WA0040300385
B2248354750193N11958926WA0040400385
B2248364750193N11958926WA0040400386
B2248374750193N11958926WA0040400386
B2248384750193N11958926WA0040400386
B2248394750193N11958926WA0040300386
B2248404750193N11958926WA0040300386
B2248414750193N11958926WA0040300386
B2248424750193N11958926WA0040700386
B2248434750194N11958926WA0040400386
B2248444750194N11958926WA0040400386
B2248454750194N11958926WA0040400387
B2248464750194N11958926WA0040400387
B2248474750194N11958926WA0040400387
B2248484750194N11958926WA0040400387
B2248494750194N11958926WA0040400387
B2248504750194N11958926WA0040400387
B2248514750194N11958926WA0040400388
B2248524750194N11958926WA0040400388
B2248534750193N11958926WA0040400388
B2248544750194N11958926WA0040400388
B2248554750194N11958926WA0040300388
B2248564750194N11958926WA0040400389
B2248574750194N11958926WA0040400389
B2248584750194N11958926WA0040400389
B2248594750194N11958926WA0040400389
B2249004750194N11958926WA0040400390
B2249014750194N11958926WA0040400390
B2249024750194N11958926WA0040400390
B2249034750194N11958926WA0040400390
B2249044750194N11958926WA0040400390
B2249054750194N11958926WA0040200390
B2249064750194N11958926WA0040300390
B2249074750194N11958926WA0040500390
B2249084750194N11958926WA0040400390
B2249094750194N11958926WA0040400390
B2249104750194N11958926WA0040200390
B2249114750194N11958926WA0040400390
B2249124750194N11958926WA0040400390
B2249134750194N11958926WA0040400390
B2249144750194N11958926WA0040400391
B2249154750194N11958926WA0040400390
B2249164750194N11958926WA0040400391
B2249174750194N11958926WA0040400391
B2249184750194N11958926WA0040400390
B2249194750194N11958926WA0040400390
B2249204750194N11958926WA0040400390
B2249214750194N11958927WA0040400390
B2249224750194N11958927WA0040400390
B2249234750194N11958927WA0040400390
B2249244750194N11958927WA0040400389
B2249254750194N11958927WA0040400389
B2249264750194N11958927WA0040400389
B2249274750194N11958927WA0040400389
B2249284750194N11958927WA0040400389
B2249294750194N11958927WA0040400389
B2249304750194N11958928WA0040400389
B2249314750193N11958928WA0040400389
B2249324750194N11958928WA0040400389
B2249334750194N11958928WA0040400389
B2249344750194N11958928WA0040400389
B2249354750194N11958928WA0040400389
B2249364750194N11958928WA0040400389
B2249374750194N11958928WA0040400389
B2249384750194N11958928WA0040400389
B2249394750194N11958928WA0040400389
B2249404750194N11958928WA0040400389
B2249414750194N11958928WA0040400389
B2249424750194N11958928WA0040400389
B2249434750194N11958928WA0040400389
B2249444750194N11958928WA0040400389
B2249454750193N11958927WA0040400389
B2249464750193N11958927WA0040500389
B2249474750193N11958927WA0040400389
B2249484750193N11958927WA0040400389
B2249494750193N11958927WA0040400389
B2249504750193N11958927WA0040400389
B2249514750193N11958927WA0040400389
B2249524750193N11958927WA0040400389
B2249534750193N11958927WA0040400390
B2249544750193N11958927WA0040400390
B2249554750193N11958927WA0040400390
B2249564750193N11958927WA0040400390
B2249574750193N11958927WA0040400390
B2249584750193N11958927WA0040400390
B2249594750193N11958927WA0040400390
B2250004750193N11958927WA0040400389
B2250014750193N11958927WA0040400389
B2250024750194N11958927WA0040400389
B2250034750194N11958927WA0040400389
B2250044750194N11958927WA0040400389
B2250054750194N11958927WA0040400389
B2250064750194N11958927WA0040400389
B2250074750194N11958927WA0040400389
B2250084750194N11958927WA0040400388
B2250094750194N11958927WA0040400388
B2250104750194N11958927WA0040400388
B2250114750194N11958927WA0040400388
B2250124750194N11958927WA0040400388
B2250134750194N11958927WA0040400387
B2250144750194N11958927WA0040400387
B2250154750194N11958927WA0040500387
B2250164750194N11958927WA0040400387
B2250174750195N11958927WA0040400387
B2250184750195N11958927WA0040400387
B2250194750195N11958927WA0040400387
B2250204750195N11958927WA0040400387
B2250214750195N11958927WA0040400386
B2250224750195N11958927WA0040400386
B2250234750195N11958927WA0040400386
B2250244750195N11958926WA0040400386
B2250254750195N11958926WA0040400386
B2250264750195N11958926WA0040400386
B2250274750195N11958926WA0040400386
B2250284750195N11958926WA0040400386
B2250294750195N11958926WA0040400385
B2250304750195N11958926WA0040400385
B2250314750195N11958926WA0040500385
B2250324750195N11958926WA0040500385
B2250334750195N11958926WA0040400385
B2250344750195N11958926WA0040400385
B2250354750195N11958926WA0040400386
B2250364750195N11958925WA0040400386
B2250374750195N11958925WA0040500386
B2250384750195N11958925WA0040400386
B2250394750195N11958925WA0040400386
B2250404750195N11958925WA0040400386
B2250414750195N11958925WA0040400386
B2250424750195N11958925WA0040400386
B2250434750195N11958925WA0040400386
B2250444750195N11958925WA0040400386
B2250454750195N11958925WA0040400386
B2250464750195N11958925WA0040400386
B2250474750195N11958925WA0040400386
B2250484750195N11958925WA0040400386
B2250494750195N11958925WA0040400386
B2250504750195N11958925WA0040400387
B2250514750195N11958925WA0040400387
B2250524750195N11958925WA0040400387
B2250534750195N11958925WA0040400387
B2250544750195N11958925WA0040400387
B2250554750195N11958925WA0040400387
B2250564750195N11958925WA0040100386
B2250574750195N11958925WA0040500386
B2250584750195N11958925WA0040700386
B2250594750195N11958925WA0040400386
B2251004750195N11958925WA0040400387
B2251014750195N11958925WA0040400387
B2251024750195N11958925WA0040400387
B2251034750195N11958926WA0040400387
B2251044750195N11958926WA0040400386
B2251054750195N11958926WA0040400386
B2251064750195N11958926WA0040400386
B2251074750195N11958926WA0040400387
B2251084750195N11958926WA0040400387
B2251094750195N11958926WA0040400387
B2251104750195N11958926WA0040400387
B2251114750195N11958926WA0040400387
B2251124750195N11958926WA0040400387
B2251134750195N11958925WA0040400387
B2251144750195N11958925WA0040400387
B2251154750195N11958925WA0040400387
B2251164750195N11958925WA0040400387
B2251174750194N11958925WA0040500387
B2251184750194N11958925WA0040400387
B2251194750194N11958925WA0040400387
B2251204750194N11958925WA0040400387
B2251214750194N11958925WA0040500387
B2251224750194N11958925WA0040400387
B2251234750194N11958925WA0040400387
B2251244750194N11958925WA0040400387
B2251254750194N11958925WA0040400387
B2251264750194N11958925WA0040400386
B2251274750195N11958925WA0040400387
B2251284750195N11958925WA0040400387
B2251294750195N11958925WA0040400387
B2251304750194N11958925WA0040400386
B2251314750194N11958925WA0040400387
B2251324750194N11958925WA0040400386
B2251334750195N11958925WA0040500386
B2251344750195N11958925WA0040400386
B2251354750195N11958925WA0040400387
B2251364750195N11958925WA0040400386
B2251374750195N11958925WA0040500385
B2251384750195N11958925WA0040500385
B2251394750195N11958925WA0040400386
B2251404750195N11958925WA0040400386
B2251414750195N11958925WA0040500387
B2251424750195N11958924WA0040500388
B2251434750195N11958923WA0040400389
B2251444750195N11958923WA0040300391
B2251454750195N11958923WA0040400392
B2251464750195N11958923WA0040500392
B2251474750195N11958923WA0040400393
B2251484750195N11958923WA0040500393
B2251494750195N11958924WA0040400393
B2251504750195N11958925WA0040400392
B2251514750195N11958924WA0040400390
B2251524750195N11958924WA0040400391
B2251534750195N11958924WA0040400392
B2251544750195N11958924WA0040400392
B2251554750195N11958924WA0040400391
B2251564750195N11958924WA0040400391
B2251574750195N11958924WA0040400391
B2251584750195N11958924WA0040400391
B2251594750195N11958924WA0040400391
B2252004750195N11958924WA0040400391
B2252014750195N11958924WA0040400391
B2252024750195N11958924WA0040400391
B2252034750195N11958924WA0040400391
B2252044750195N11958925WA0040400391
B2252054750195N11958925WA0040400391
B2252064750195N11958925WA0040400391
B2252074750194N11958925WA0040400391
B2252084750194N11958925WA0040400392
B2252094750194N11958925WA0040500392
B2252104750194N11958925WA0040400392
B2252114750194N11958925WA0040400392
B2252124750194N11958925WA0040400392
B2252134750194N11958925WA0040400392
B2252144750194N11958925WA0040400392
B2252154750194N11958925WA0040400392
B2252164750194N11958925WA0040500392
B2252174750194N11958925WA0040400392
B2252184750194N11958925WA0040400392
B2252194750194N11958925WA0040400392
B2252204750194N11958925WA0040400392
B2252214750194N11958925WA0040500392
B2252224750194N11958925WA0040500393
B2252234750194N11958925WA0040400393
B2252244750194N11958925WA0040400393
B2252254750194N11958925WA0040400393
B2252264750194N11958925WA0040400393
B2252274750194N11958925WA0040400393
B2252284750194N11958925WA0040400393
B2252294750194N11958925WA0040400393
B2252304750194N11958925WA0040200393
B2252314750194N11958925WA0040400393
B2252324750194N11958925WA0040500393
B2252334750194N11958925WA0040400392
B2252344750194N11958925WA0040100392
B2252354750194N11958925WA0040600392
B2252364750194N11958925WA0040400391
B2252374750194N11958925WA0040400391
B2252384750194N11958925WA0040200391
B2252394750194N11958925WA0040400391
B2252404750194N11958925WA0040500391
B2252414750194N11958925WA0040500391
B2252424750194N11958925WA0040400391
B2252434750194N11958926WA0040600391
B2252444750194N11958926WA0040400390
B2252454750194N11958926WA0040300391
B2252464750194N11958926WA0040400390
B2252474750194N11958926WA0040500390
B2252484750194N11958926WA0040400390
B2252494750194N11958926WA0040400390
B2252504750195N11958926WA0040400390
B2252514750195N11958926WA0040400390
B2252524750195N11958926WA0040400390
B2252534750194N11958926WA0040400390
B2252544750194N11958926WA0040500390
B2252554750194N11958926WA0040500390
B2252564750194N11958926WA0040500390
B2252574750194N11958926WA0040600390
B2252584750194N11958926WA0040700390
B2252594750194N11958926WA0040200390
B2253004750194N11958926WA0040300390
B2253014750194N11958926WA0040400390
B2253024750194N11958926WA0040500391
B2253034750194N11958926WA0040400391
B2253044750194N11958926WA0040400390
B2253054750194N11958926WA0040400390
B2253064750194N11958926WA0040400389
B2253074750194N11958926WA0040500389
B2253084750194N11958927WA0040500389
B2253094750195N11958926WA0040400389
B2253104750195N11958926WA0040400388
B2253114750195N11958927WA0040500388
B2253124750194N11958927WA0040400387
B2253134750195N11958927WA0040400387
B2253144750195N11958927WA0040500386
B2253154750195N11958927WA0040400386
B2253164750194N11958927WA0040400387
B2253174750194N11958926WA0040400388
B2253184750194N11958927WA0040400389
B2253194750194N11958927WA0040500389
B2253204750194N11958927WA0040400389
B2253214750194N11958927WA0040400389
B2253224750194N11958927WA0040400389
B2253234750194N11958927WA0040400389
B2253244750194N11958927WA0040400389
B2253254750194N11958927WA0040400389
B2253264750194N11958927WA0040400389
B2253274750194N11958927WA0040500388
B2253284750194N11958926WA0040500388
B2253294750194N11958926WA0040300389
B2253304750194N11958925WA0040400389
B2253314750193N11958925WA0040400391
B2253324750193N11958925WA0040400391
B2253334750193N11958925WA0040500392
B2253344750193N11958927WA0040500392
B2253354750193N11958927WA0040400389
B2253364750193N11958927WA0040400389
B2253374750193N11958926WA0040400389
B2253384750193N11958926WA0040400389
B2253394750193N11958927WA0040400389
B2253404750194N11958927WA0040500388
B2253414750194N11958927WA0040400386
B2253424750193N11958927WA0040400387
B2253434750193N11958927WA0040400387
B2253444750193N11958927WA0040400388
B2253454750194N11958927WA0040400388
B2253464750194N11958927WA0040400388
B2253474750194N11958926WA0040400390
B2253484750194N11958927WA0040400389
B2253494750194N11958927WA0040400390
B2253504750194N11958927WA0040500390
B2253514750194N11958927WA0040400390
B2253524750194N11958927WA0040400391
B2253534750194N11958928WA0040500391
B2253544750194N11958928WA0040500390
B2253554750195N11958927WA0040400389
B2253564750195N11958927WA0040400389
B2253574750195N11958927WA0040400389
B2253584750195N11958928WA0040400389
B2253594750195N11958928WA0040400389
B2254004750195N11958928WA0040500389
B2254014750195N11958928WA0040400390
B2254024750194N11958928WA0040400389
B2254034750194N11958928WA0040400390
B2254044750194N11958928WA0040400389
B2254054750194N11958928WA0040400389
B2254064750194N11958928WA0040400389
B2254074750194N11958927WA0040400389
B2254084750194N11958928WA0040400389
B2254094750194N11958929WA0040400387
B2254104750194N11958929WA0040400386
B2254114750194N11958929WA0040500385
B2254124750194N11958929WA0040400385
B2254134750194N11958928WA0040400385
B2254144750194N11958929WA0040500385
B2254154750194N11958928WA0040400385
B2254164750194N11958928WA0040400385
B2254174750194N11958928WA0040400386
B2254184750194N11958927WA0040500387
B2254194750194N11958927WA0040400387
B2254204750194N11958927WA0040500388
B2254214750194N11958926WA0040400388
B2254224750194N11958926WA0040400388
B2254234750193N11958926WA0040400389
B2254244750193N11958927WA0040400389
B2254254750193N11958926WA0040500388
B2254264750193N11958927WA0040400388
B2254274750193N11958927WA0040400388
B2254284750193N11958927WA0040400387
B2254294750194N11958927WA0040400386
B2254304750194N11958927WA0040400386
B2254314750194N11958927WA0040400386
B2254324750194N11958927WA0040500386
B2254334750194N11958927WA0040500387
B2254344750194N11958927WA0040500387
B2254354750194N11958927WA0040400386
B2254364750194N11958927WA0040500386
B2254374750194N11958927WA0040500386
B2254384750194N11958927WA0040400387
B2254394750194N11958927WA0040400387
B2254404750194N11958927WA0040400387
B2254414750194N11958927WA0040500388
B2254424750194N11958927WA0040400388
B2254434750194N11958926WA0040400388
B2254444750194N11958926WA0040400389
B2254454750194N11958926WA0040500389
B2254464750194N11958926WA0040500389
B2254474750194N11958926WA0040400389
B2254484750194N11958926WA0040500390
B2254494750194N11958926WA0040500390
B2254504750194N11958926WA0040400390
B2254514750194N11958926WA0040400390
B2254524750194N11958926WA0040400390
B2254534750194N11958926WA0040400390
B2254544750194N11958925WA0040400390
B2254554750194N11958925WA0040500390
B2254564750194N11958925WA0040400390
B2254574750194N11958925WA0040400390
B2254584750194N11958925WA0040400390
B2254594750194N11958925WA0040400391
B2255004750194N11958925WA0040400391
B2255014750194N11958925WA0040400391
B2255024750194N11958925WA0040400391
B2255034750194N11958925WA0040400391
B2255044750194N11958925WA0040400391
B2255054750194N11958925WA0040400391
B2255064750194N11958925WA0040400391
B2255074750194N11958925WA0040400391
B2255084750194N11958925WA0040400391
B2255094750194N11958925WA0040400391
B2255104750193N11958925WA0040400392
B2255114750193N11958925WA0040400392
B2255124750193N11958925WA0040400392
B2255134750193N11958926WA0040400392
B2255144750193N11958926WA0040400392
B2255154750193N11958926WA0040400391
B2255164750193N11958926WA0040400392
B2255174750193N11958926WA0040400392
B2255184750193N11958926WA0040400393
B2255194750193N11958926WA0040400393
B2255204750193N11958926WA0040400393
B2255214750193N11958926WA0040500393
B2255224750193N11958926WA0040500392
B2255234750193N11958926WA0040400393
B2255244750193N11958926WA0040400392
B2255254750193N11958926WA0040400392
B2255264750193N11958927WA0040400391
B2255274750193N11958927WA0040400390
B2255284750193N11958926WA0040400390
B2255294750193N11958926WA0040400390
B2255304750193N11958926WA0040400390
B2255314750193N11958926WA0040500390
B2255324750193N11958926WA0040400391
B2255334750193N11958926WA0040400391
B2255344750193N11958926WA0040400391
B2255354750193N11958926WA0040400391
B2255364750193N11958927WA0040400391
B2255374750193N11958927WA0040400391
B2255384750193N11958927WA0040400392
B2255394750193N11958927WA0040400393
B2255404750193N11958927WA0040400392
B2255414750194N11958926WA0040400392
B2255424750193N11958926WA0040400393
B2255434750193N11958926WA0040400393
B2255444750194N11958926WA0040400394
B2255454750193N11958926WA0040400394
B2255464750194N11958926WA0040400394
B2255474750194N11958926WA0040400394
B2255484750194N11958925WA0040300393
B2255494750194N11958925WA0040500393
B2255504750194N11958925WA0040700393
B2255514750194N11958925WA0040400393
B2255524750194N11958925WA0040300393
B2255534750194N11958925WA0040400393
B2255544750194N11958925WA0040100394
B2255554750194N11958925WA0040300394
B2255564750194N11958925WA0040500394
B2255574750194N11958925WA0040100394
B2255584750194N11958924WA0040700394
B2255594750194N11958924WA0040500394
B2256004750194N11958925WA0040400395
B2256014750194N11958925WA0040400394
B2256024750194N11958925WA0040400394
B2256034750194N11958925WA0040400394
B2256044750194N11958925WA0040300394
B2256054750194N11958925WA0040400394
B2256064750194N11958926WA0040400394
B2256074750194N11958926WA0040400394
B2256084750194N11958926WA0040300394
B2256094750194N11958926WA0040400392
B2256104750194N11958926WA0040400392
B2256114750194N11958926WA0040500393
B2256124750193N11958925WA0040200393
B2256134750193N11958925WA0040300393
B2256144750193N11958926WA0040000393
B2256154750193N11958926WA0040500394
B2256164750193N11958925WA0040400394
B2256174750193N11958925WA0040600394
B2256184750193N11958925WA0040400394
B2256194750193N11958925WA0040300393
B2256204750193N11958925WA0040300392
B2256214750193N11958926WA0040300392
B2256224750193N11958926WA0040400392
B2256234750193N11958926WA0040400392
B2256244750193N11958926WA0040400392
B2256254750193N11958927WA0040400393
B2256264750193N11958926WA0040400390
B2256274750193N11958926WA0040400392
B2256284750193N11958926WA0040300392
B2256294750193N11958927WA0040400392
B2256304750193N11958927WA0040400392
B2256314750193N11958926WA0040300392
B2256324750194N11958926WA0040400393
B2256334750194N11958926WA0040400393
B2256344750193N11958926WA0040400394
B2256354750193N11958926WA0040400392
B2256364750193N11958926WA0040400392
B2256374750193N11958926WA0040400392
B2256384750193N11958926WA0040300392
B2256394750193N11958926WA0040500392
B2256404750193N11958926WA0040600392
B2256414750193N11958926WA0040600393
B2256424750193N11958926WA0039600393
B2256434750193N11958925WA0040800393
B2256444750193N11958925WA0040600393
B2256454750193N11958925WA0040400394
B2256464750193N11958925WA0040500394
B2256474750193N11958925WA0040400397
B2256484750193N11958925WA0040500395
B2256494750193N11958924WA0040400396
B2256504750194N11958924WA0040400396
B2256514750194N11958924WA0040300396
B2256524750194N11958924WA0040300396
B2256534750194N11958924WA0040300396
B2256544750194N11958924WA0040300396
B2256554750194N11958924WA0040100397
B2256564750194N11958924WA0040500397
B2256574750194N11958924WA0040400397
B2256584750194N11958924WA0040500397
B2256594750194N11958923WA0040300397
B2257004750195N11958923WA0040400396
B2257014750195N11958922WA0038500397
B2257024750194N11958922WA0040300397
B2257034750194N11958922WA0040300396
B2257044750194N11958923WA0040300396
B2257054750194N11958923WA0040300396
B2257064750195N11958923WA0040300395
B2257074750195N11958923WA0040300395
B2257084750195N11958924WA0040400396
B2257094750196N11958924WA0040300396
B2257104750196N11958924WA0040300396
B2257114750196N11958924WA0040400395
B2257124750196N11958925WA0040400396
B2257134750196N11958925WA0041400396
B2257144750195N11958925WA0040700395
B2257154750195N11958925WA0040400393
B2257164750195N11958925WA0040400392
B2257174750196N11958926WA0040400392
B2257184750196N11958926WA0040300392
B2257194750196N11958926WA0040400391
B2257204750196N11958926WA0040400392
B2257214750196N11958926WA0040300391
B2257224750196N11958926WA0040300391
B2257234750196N11958926WA0040300391
B2257244750196N11958926WA0040400391
B2257254750196N11958926WA0040400390
B2257264750196N11958926WA0040400390
B2257274750196N11958926WA0040400390
B2257284750196N11958926WA0040400390
B2257294750196N11958926WA0040400390
B2257304750196N11958926WA0040400389
B2257314750196N11958926WA0040300389
B2257324750196N11958926WA0040300389
B2257334750196N11958926WA0040400389
B2257344750196N11958926WA0040400389
B2257354750196N11958926WA0040400389
B2257364750196N11958926WA0040400389
B2257374750196N11958926WA0040400389
B2257384750196N11958926WA0040300389
B2257394750196N11958926WA0040300389
B2257404750196N11958926WA0040400389
B2257414750196N11958926WA0040400389
B2257424750196N11958926WA0040400390
B2257434750196N11958926WA0040400390
B2257444750196N11958927WA0040400390
B2257454750196N11958927WA0040400390
B2257464750196N11958927WA0040400390
B2257474750196N11958927WA0040400390
B2257484750196N11958927WA0040400390
B2257494750196N11958927WA0040400390
B2257504750196N11958927WA0040400390
B2257514750196N11958927WA0040300390
B2257524750196N11958927WA0040400390
B2257534750196N11958927WA0040400390
B2257544750195N11958927WA0040400390
B2257554750195N11958927WA0040400390
B2257564750195N11958927WA0040400390
B2257574750195N11958927WA0040400390
B2257584750195N11958926WA0040400390
B2257594750195N11958926WA0040400390
B2258004750195N11958926WA0040400390
B2258014750195N11958926WA0040400390
B2258024750195N11958926WA0040400390
B2258034750195N11958926WA0040400390
B2258044750195N11958926WA0040400390
B2258054750195N11958926WA0040400390
B2258064750195N11958926WA0040400390
B2258074750195N11958926WA0040400391
B2258084750195N11958926WA0040400391
B2258094750195N11958926WA0040300391
B2258104750195N11958926WA0040400391
B2258114750195N11958926WA0040400391
B2258124750195N11958926WA0040400391
B2258134750195N11958926WA0040400391
B2258144750195N11958926WA0040400391
B2258154750195N11958926WA0040400391
B2258164750195N11958926WA0040400391
B2258174750195N11958926WA0040400391
B2258184750195N11958926WA0040400391
B2258194750195N11958926WA0040400391
B2258204750195N11958926WA0040400391
B2258214750195N11958926WA0040400390
B2258224750195N11958926WA0040400390
B2258234750195N11958926WA0040400390
B2258244750195N11958926WA0040400390
B2258254750195N11958926WA0040400390
B2258264750195N11958926WA0040400390
B2258274750195N11958926WA0040400390
B2258284750195N11958926WA0040400390
B2258294750195N11958926WA0040400390
B2258304750195N11958926WA0040400389
B2258314750195N11958926WA0040400389
B2258324750195N11958926WA0040400389
B2258334750195N11958926WA0040300389
B2258344750195N11958926WA0040300389
B2258354750195N11958926WA0040400389
B2258364750195N11958926WA0040300389
B2258374750195N11958926WA0040300389
B2258384750195N11958926WA0040300389
B2258394750195N11958926WA0040300389
B2258404750195N11958926WA0040300389
B2258414750195N11958926WA0040400389
B2258424750195N11958926WA0040400390
B2258434750195N11958926WA0040300390
B2258444750195N11958926WA0040400390
B2258454750195N11958926WA0040400390
B2258464750195N11958926WA0040400390
B2258474750195N11958926WA0040400390
B2258484750195N11958926WA0040400390
B2258494750195N11958926WA0040400390
B2258504750195N11958926WA0040400390
B2258514750195N11958926WA0040400390
B2258524750195N11958926WA0040400390
B2258534750195N11958926WA0040400389
B2258544750195N11958926WA0040400389
B2258554750195N11958926WA0040400389
B2258564750195N11958926WA0040400389
B2258574750195N11958926WA0040300389
B2258584750195N11958926WA0040400389
B2258594750195N11958926WA0040300389
B2259004750195N11958926WA0040300389
B2259014750195N11958926WA0040300389
B2259024750195N11958926WA0040400389
B2259034750195N11958926WA0040400389
B2259044750195N11958926WA0040400389
B2259054750195N11958926WA0040400389
B2259064750195N11958926WA0040400389
B2259074750195N11958926WA0040400389
B2259084750195N11958926WA0040400389
B2259094750195N11958926WA0040400389
B2259104750195N11958926WA0040400389
B2259114750195N11958926WA0040400389
B2259124750195N11958926WA0040400389
B2259134750195N11958926WA0040300389
B2259144750195N11958926WA0040400389
B2259154750195N11958926WA0040400389
B2259164750196N11958926WA0040300389
B2259174750196N11958926WA0040400390
B2259184750196N11958926WA0040400390
B2259194750196N11958926WA0040400390
B2259204750196N11958926WA0040300390
B2259214750196N11958926WA0040300390
B2259224750196N11958926WA0040300390
B2259234750196N11958926WA0040300390
B2259244750196N11958926WA0040300390
B2259254750196N11958926WA0040300390
B2259264750196N11958926WA0040300390
B2259274750196N11958926WA0040300390
B2259284750196N11958926WA0040300390
B2259294750196N11958926WA0040400390
B2259304750196N11958926WA0040400390
B2259314750196N11958926WA0040300390
B2259324750196N11958926WA0040400390
B2259334750196N11958926WA0040400390
B2259344750196N11958926WA0040400390
B2259354750196N11958926WA0040300390
B2259364750196N11958926WA0040400389
B2259374750196N11958926WA0040300389
B2259384750196N11958926WA0040300389
B2259394750196N11958926WA0040400389
B2259404750196N11958926WA0040300389
B2259414750196N11958926WA0040300389
B2259424750196N11958926WA0040400389
B2259434750196N11958926WA0040400389
B2259444750196N11958926WA0040400389
B2259454750196N11958926WA0040400389
B2259464750196N11958926WA0040300389
B2259474750196N11958926WA0040300389
B2259484750196N11958926WA0040400389
B2259494750196N11958927WA0040300389
B2259504750196N11958927WA0040300390
B2259514750196N11958927WA0040300390
B2259524750196N11958927WA0040300390
B2259534750196N11958927WA0040300390
B2259544750196N11958927WA0040300390
B2259554750196N11958927WA0040300390
B2259564750196N11958927WA0040300390
B2259574750196N11958927WA0040300390
B2259584750196N11958927WA0040300390
B2259594750196N11958927WA0040300390
B2300004750196N11958927WA0040300390
B2300014750196N11958927WA0040300390
B2300024750196N11958927WA0040300390
B2300034750196N11958927WA0040300390
B2300044750196N11958927WA0040300390
B2300054750196N11958927WA0040300390
B2300064750196N11958927WA0040300390
B2300074750196N11958927WA0040300390
B2300084750196N11958927WA0040300390
B2300094750196N11958927WA0040300390
B2300104750197N11958927WA0040300390
B2300114750197N11958927WA0040300390
B2300124750197N11958927WA0040300390
B2300134750197N11958927WA0040300390
B2300144750197N11958927WA0040300390
B2300154750197N11958927WA0040300390
B2300164750197N11958927WA0040400390
B2300174750197N11958927WA0040300390
B2300184750197N11958927WA0040000390
B2300194750197N11958928WA0039800391
B2300204750197N11958928WA0039700390
B2300214750197N11958928WA0040200391
B2300224750198N11958927WA0040300392
B2300234750198N11958927WA0038300392
B2300244750197N11958927WA0039300392
B2300254750198N11958927WA0040600393
B2300264750197N11958927WA0040600393
B2300274750197N11958927WA0040700393
B2300284750197N11958927WA0041300393
B2300294750197N11958927WA0040700393
B2300304750196N11958927WA0040300393
B2300314750196N11958926WA0040300393
B2300324750196N11958926WA0040400394
B2300334750196N11958925WA0040600394
B2300344750196N11958926WA0040300394
B2300354750195N11958926WA0040600395
B2300364750195N11958926WA0040400395
B2300374750194N11958925WA0040500395
B2300384750194N11958924WA0040500395
B2300394750193N11958924WA0040600395
B2300404750193N11958923WA0040400394
B2300414750193N11958923WA0040500394
B2300424750193N11958923WA0040400394
B2300434750192N11958923WA0040400395
B2300444750192N11958924WA0040400395
B2300454750192N11958923WA0040400395
B2300464750191N11958924WA0040400395
B2300474750190N11958924WA0040400394
B2300484750190N11958923WA0040300394
B2300494750189N11958922WA0040500393
B2300504750189N11958921WA0040400393
B2300514750189N11958921WA0040400393
B2300524750189N11958920WA0040400393
B2300534750189N11958920WA0040500394
B2300544750189N11958919WA0040400395
B2300554750188N11958918WA0040100395
B2300564750188N11958917WA0040700394
B2300574750187N11958917WA0040300394
B2300584750187N11958916WA0040400394
B2300594750187N11958916WA0040300394
B2301004750187N11958916WA0040300394
B2301014750187N11958916WA0040300394
B2301024750187N11958916WA0040300393
B2301034750187N11958916WA0040300393
B2301044750187N11958916WA0040200391
B2301054750187N11958917WA0040200391
B2301064750187N11958916WA0040400391
B2301074750187N11958916WA0040400389
B2301084750187N11958915WA0040300390
B2301094750187N11958914WA0040300391
B2301104750186N11958913WA0040200390
B2301114750185N11958914WA0040200388
B2301124750185N11958914WA0040600387
B2301134750185N11958914WA0040400387
B2301144750185N11958915WA0040200387
B2301154750185N11958915WA0040200387
B2301164750185N11958915WA0040300387
B2301174750185N11958915WA0040200387
B2301184750185N11958915WA0040100387
B2301194750184N11958915WA0040100387
B2301204750184N11958916WA0040200387
B2301214750184N11958916WA0040400388
B2301224750184N11958916WA0040300387
B2301234750184N11958916WA0040300387
B2301244750184N11958916WA0040200387
B2301254750184N11958916WA0040200387
B2301264750184N11958916WA0040300387
B2301274750184N11958916WA0040300387
B2301284750184N11958916WA0040300386
B2301294750184N11958916WA0040300386
B2301304750184N11958916WA0040300386
B2301314750184N11958917WA0040300385
B2301324750184N11958917WA0040300385
B2301334750184N11958917WA0040300385
B2301344750184N11958917WA0040300385
B2301354750184N11958917WA0040200385
B2301364750184N11958917WA0040200385
B2301374750183N11958917WA0040200384
B2301384750183N11958917WA0040200384
B2301394750183N11958917WA0040300384
B2301404750183N11958917WA0040300384
B2301414750183N11958917WA0040300384
B2301424750183N11958917WA0040300384
B2301434750183N11958917WA0040200384
B2301444750183N11958917WA0040200384
B2301454750183N11958917WA0040200384
B2301464750183N11958917WA0040300384
B2301474750183N11958917WA0040300384
B2301484750183N11958917WA0040300384
B2301494750183N11958917WA0040300384
B2301504750183N11958917WA0040300384
B2301514750183N11958917WA0040300384
B2301524750183N11958917WA0040200384
B2301534750183N11958917WA0040200384
B2301544750183N11958917WA0040300384
B2301554750183N11958917WA0040200384
B2301564750183N11958917WA0040300384
B2301574750183N11958917WA0040300384
B2301584750183N11958917WA0040300384
B2301594750183N11958917WA0040300385
B2302004750183N11958917WA0040300385
B2302014750183N11958917WA0040300385
B2302024750183N11958917WA0040300385
B2302034750183N11958917WA0040300385
B2302044750183N11958917WA0040300385
B2302054750183N11958917WA0040300385
B2302064750183N11958917WA0040300385
B2302074750183N11958917WA0040300385
B2302084750183N11958917WA0040300385
B2302094750183N11958917WA0040300385
B2302104750183N11958917WA0040300385
B2302114750183N11958917WA0040300385
B2302124750183N11958917WA0040300385
B2302134750183N11958917WA0040200385
B2302144750183N11958917WA0040300385
B2302154750183N11958917WA0040300385
B2302164750183N11958917WA0040300385
B2302174750183N11958917WA0040300385
B2302184750183N11958917WA0040200385
B2302194750183N11958917WA0040300385
B2302204750183N11958917WA0040200385
B2302214750183N11958917WA0040200385
B2302224750183N11958917WA0040200385
B2302234750183N11958917WA0040200385
B2302244750183N11958917WA0040200385
B2302254750183N11958917WA0040200385
B2302264750183N11958917WA0040200385
B2302274750183N11958917WA0040200385
B2302284750183N11958917WA0040200385
B2302294750183N11958917WA0040300385
B2302304750183N11958917WA0040200385
B2302314750183N11958917WA0040300385
B2302324750183N11958918WA0040300385
B2302334750183N11958918WA0040300385
B2302344750183N11958918WA0040300385
B2302354750183N11958918WA0040200385
B2302364750183N11958918WA0040200385
B2302374750183N11958918WA0040200385
B2302384750183N11958918WA0040300385
B2302394750183N11958918WA0040300385
B2302404750183N11958918WA0040200385
B2302414750183N11958918WA0040300385
B2302424750183N11958918WA0040300385
B2302434750183N11958918WA0040300385
B2302444750183N11958918WA0040300385
B2302454750183N11958918WA0040300385
B2302464750183N11958918WA0040300385
B2302474750183N11958918WA0040300385
B2302484750183N11958918WA0040300385
B2302494750183N11958918WA0040300385
B2302504750183N11958918WA0040300385
B2302514750183N11958918WA0040300385
B2302524750183N11958918WA0040300385
B2302534750183N11958918WA0040300385
B2302544750183N11958918WA0040300385
B2302554750183N11958918WA0040300385
B2302564750183N11958918WA0040200385
B2302574750183N11958918WA0040200385
B2302584750183N11958918WA0040200385
B2302594750183N11958918WA0040200385
B2303004750184N11958918WA0040200385
B2303014750184N11958918WA0040200385
B2303024750184N11958918WA0040200385
B2303034750184N11958918WA0040300385
B2303044750184N11958918WA0040200385
B2303054750184N11958918WA0040200385
B2303064750184N11958918WA0040200385
B2303074750184N11958918WA0040300385
B2303084750184N11958918WA0040300385
B2303094750184N11958918WA0040300385
B2303104750184N11958918WA0040300385
B2303114750184N11958918WA0040300385
B2303124750184N11958918WA0040200385
B2303134750184N11958918WA0040200384
B2303144750184N11958918WA0040200384
B2303154750184N11958918WA0040200384
B2303164750184N11958918WA0040200384
B2303174750184N11958918WA0040200384
B2303184750184N11958918WA0040200384
B2303194750184N11958918WA0040200384
B2303204750184N11958918WA0040200384
B2303214750184N11958918WA0040200384
B2303224750184N11958918WA0040200384
B2303234750184N11958918WA0040200384
B2303244750184N11958918WA0040200384
B2303254750184N11958918WA0040200384
B2303264750184N11958918WA0040200384
B2303274750184N11958918WA0040200384
B2303284750184N11958918WA0040200384
B2303294750184N11958918WA0040300384
B2303304750184N11958918WA0040200384
B2303314750184N11958918WA0040300384
B2303324750184N11958918WA0040300384
B2303334750184N11958918WA0040200384
B2303344750184N11958918WA0040200384
B2303354750184N11958918WA0040200384
B2303364750184N11958918WA0040200384
B2303374750184N11958918WA0040200384
B2303384750184N11958918WA0040200384
B2303394750184N11958918WA0040200384
B2303404750184N11958918WA0040200384
B2303414750184N11958918WA0040200384
B2303424750184N11958918WA0040200384
B2303434750184N11958918WA0040200384
B2303444750184N11958918WA0040200384
B2303454750184N11958918WA0040200384
B2303464750184N11958918WA0040200384
B2303474750184N11958917WA0040300384
B2303484750184N11958917WA0040300384
B2303494750184N11958917WA0040300384
B2303504750184N11958917WA0040300384
B2303514750184N11958917WA0040300384
B2303524750184N11958917WA0040300384
B2303534750184N11958917WA0040300384
B2303544750184N11958917WA0040300384
B2303554750184N11958917WA0040300384
B2303564750184N11958917WA0040300384
B2303574750184N11958917WA0040300384
B2303584750184N11958917WA0040300384
B2303594750184N11958917WA0040300384
B2304004750184N11958917WA0040300384
B2304014750184N11958917WA0040300384
B2304024750184N11958917WA0040300384
B2304034750184N11958917WA0040300384
B2304044750184N11958917WA0040300384
B2304054750184N11958917WA0040300384
B2304064750184N11958917WA0040300384
B2304074750184N11958917WA0040300384
B2304084750184N11958917WA0040300384
B2304094750184N11958917WA0040300384
B2304104750184N11958917WA0040300384
B2304114750184N11958917WA0040300384
B2304124750184N11958917WA0040300384
B2304134750184N11958917WA0040300384
B2304144750184N11958917WA0040300384
B2304154750184N11958917WA0040300384
B2304164750184N11958917WA0040300383
B2304174750184N11958917WA0040300383
B2304184750184N11958917WA0040300383
B2304194750184N11958917WA0040300383
B2304204750184N11958917WA0040300383
B2304214750184N11958917WA0040300383
B2304224750184N11958916WA0040300383
B2304234750184N11958916WA0040300383
B2304244750184N11958917WA0040300383
B2304254750184N11958917WA0040300383
B2304264750184N11958916WA0040300383
B2304274750184N11958917WA0040300383
B2304284750184N11958917WA0040300383
B2304294750184N11958917WA0040300383
B2304304750184N11958917WA0040300383
B2304314750184N11958917WA0040300383
B2304324750184N11958917WA0040300383
B2304334750184N11958917WA0040300383
B2304344750184N11958917WA0040300383
B2304354750184N11958917WA0040300383
B2304364750184N11958917WA0040300383
B2304374750184N11958917WA0040300383
B2304384750184N11958917WA0040300383
B2304394750183N11958917WA0040300383
B2304404750183N11958917WA0040300383
B2304414750183N11958917WA0040300383
B2304424750183N11958917WA0040300383
B2304434750183N11958917WA0040300383
B2304444750183N11958917WA0040300383
B2304454750183N11958917WA0040300383
B2304464750183N11958917WA0040200383
B2304474750183N11958917WA0040300383
B2304484750184N11958917WA0040300384
B2304494750184N11958917WA0040200384
B2304504750184N11958917WA0040200384
B2304514750183N11958917WA0040200384
B2304524750183N11958917WA0040200384
B2304534750183N11958917WA0040200384
B2304544750183N11958917WA0040200384
B2304554750183N11958917WA0040200384
B2304564750183N11958917WA0040300384
B2304574750183N11958917WA0040200384
B2304584750183N11958917WA0040200384
B2304594750183N11958917WA0040200384
B2305004750183N11958918WA0040300384
B2305014750183N11958918WA0040300384
B2305024750183N11958918WA0040300384
B2305034750183N11958918WA0040200384
B2305044750183N11958918WA0040200384
B2305054750183N11958918WA0040200384
B2305064750183N11958918WA0040300384
B2305074750183N11958918WA0040200384
B2305084750183N11958918WA0040200384
B2305094750183N11958918WA0040200384
B2305104750183N11958918WA0040200384
B2305114750183N11958918WA0040200384
B2305124750183N11958918WA0040200384
B2305134750183N11958918WA0040300385
B2305144750183N11958918WA0040300385
B2305154750183N11958918WA0040200385
B2305164750183N11958918WA0040200385
B2305174750183N11958918WA0040300385
B2305184750183N11958918WA0040200385
B2305194750183N11958918WA0040200385
B2305204750183N11958918WA0040200385
B2305214750183N11958918WA0040200385
B2305224750183N11958918WA0040200385
B2305234750183N11958918WA0040200385
B2305244750183N11958918WA0040200385
B2305254750183N11958918WA0040200385
B2305264750183N11958918WA0040200385
B2305274750183N11958918WA0040200385
B2305284750183N11958918WA0040200385
B2305294750183N11958918WA0040200385
B2305304750183N11958918WA0040200385
B2305314750183N11958918WA0040300385
B2305324750183N11958918WA0040200385
B2305334750183N11958917WA0040200385
B2305344750183N11958918WA0040200385
B2305354750183N11958918WA0040200385
B2305364750183N11958918WA0040200385
B2305374750183N11958918WA0040300385
B2305384750183N11958917WA0040200385
B2305394750183N11958917WA0040200385
B2305404750183N11958917WA0040200385
B2305414750183N11958917WA0040200385
B2305424750183N11958917WA0040200385
B2305434750183N11958917WA0040300385
B2305444750183N11958917WA0040200385
B2305454750183N11958917WA0040200385
B2305464750183N11958917WA0040300385
B2305474750183N11958917WA0040300385
B2305484750183N11958917WA0040300384
B2305494750183N11958917WA0040200384
B2305504750183N11958917WA0040200384
B2305514750183N11958917WA0040200384
B2305524750183N11958917WA0040200384
B2305534750183N11958917WA0040300384
B2305544750183N11958917WA0040300384
B2305554750183N11958917WA0040200384
B2305564750183N11958917WA0040200384
B2305574750183N11958917WA0040200384
B2305584750183N11958917WA0040200384
B2305594750183N11958917WA0040200384
B2306004750183N11958917WA0040300384
B2306014750183N11958917WA0040300384
B2306024750183N11958917WA0040200384
B2306034750183N11958917WA0040300384
B2306044750183N11958917WA0040200384
B2306054750183N11958917WA0040300384
B2306064750183N11958917WA0040300384
B2306074750183N11958917WA0040200384
B2306084750183N11958917WA0040300384
B2306094750183N11958918WA0040300384
B2306104750183N11958918WA0040300384
B2306114750183N11958918WA0040200384
B2306124750183N11958918WA0040200384
B2306134750183N11958918WA0040200384
B2306144750183N11958918WA0040200384
B2306154750183N11958918WA0040200384
B2306164750183N11958917WA0040200384
B2306174750183N11958917WA0040200384
B2306184750183N11958917WA0040200384
B2306194750183N11958917WA0040300384
B2306204750183N11958917WA0040200384
B2306214750183N11958917WA0040200384
B2306224750183N11958917WA0040200384
B2306234750183N11958917WA0040200384
B2306244750183N11958917WA0040200384
B2306254750183N11958917WA0040200384
B2306264750183N11958917WA0040200384
B2306274750183N11958917WA0040200384
B2306284750183N11958917WA0040200384
B2306294750183N11958917WA0040200384
B2306304750183N11958917WA0040200384
B2306314750183N11958917WA0040200384
B2306324750183N11958917WA0040200384
B2306334750183N11958917WA0040200384
B2306344750183N11958917WA0040200384
B2306354750183N11958917WA0040200384
B2306364750183N11958917WA0040200384
B2306374750183N11958917WA0040200384
B2306384750183N11958917WA0040200384
B2306394750183N11958917WA0040200384
B2306404750183N11958917WA0040200384
B2306414750183N11958917WA0040300384
B2306424750183N11958917WA0040300384
B2306434750183N11958917WA0040200384
B2306444750183N11958917WA0040300384
B2306454750183N11958917WA0040300384
B2306464750183N11958917WA0040300384
B2306474750183N11958917WA0040300384
B2306484750183N11958917WA0040200384
B2306494750183N11958917WA0040200384
B2306504750183N11958917WA0040200384
B2306514750183N11958917WA0040300384
B2306524750183N11958917WA0040300384
B2306534750183N11958917WA0040300384
B2306544750183N11958917WA0040300384
B2306554750183N11958917WA0040300384
B2306564750183N11958917WA0040300384
B2306574750183N11958917WA0040300384
B2306584750183N11958917WA0040300383
B2306594750183N11958917WA0040300383
B2307004750183N11958917WA0040200383
B2307014750183N11958917WA0040200383
B2307024750183N11958917WA0040200383
B2307034750183N11958917WA0040300383
B2307044750183N11958917WA0040200383
B2307054750183N11958917WA0040200383
B2307064750183N11958917WA0040200383
B2307074750183N11958917WA0040200383
B2307084750183N11958917WA0040200383
B2307094750183N11958917WA0040300383
B2307104750183N11958917WA0040200383
B2307114750183N11958917WA0040200383
B2307124750183N11958917WA0040300383
B2307134750183N11958917WA0040300383
B2307144750183N11958917WA0040300383
B2307154750183N11958917WA0040300383
B2307164750183N11958917WA0040200383
B2307174750183N11958917WA0040300383
B2307184750183N11958917WA0040300383
B2307194750183N11958917WA0040300383
B2307204750183N11958917WA0040300383
B2307214750183N11958917WA0040300383
B2307224750183N11958917WA0040300383
B2307234750183N11958917WA0040300383
B2307244750183N11958917WA0040300383
B2307254750183N11958917WA0040300383
B2307264750183N11958917WA0040300383
B2307274750183N11958917WA0040300383
B2307284750183N11958917WA0040200383
B2307294750183N11958917WA0040200383
B2307304750183N11958917WA0040300383
B2307314750183N11958917WA0040300383
B2307324750183N11958917WA0040300383
B2307334750183N11958917WA0040300383
B2307344750183N11958917WA0040300383
B2307354750183N11958917WA0040300383
B2307364750183N11958917WA0040300383
B2307374750183N11958917WA0040300383
B2307384750183N11958917WA0040300383
B2307394750183N11958917WA0040300383
B2307404750183N11958917WA0040300384
B2307414750183N11958917WA0040300384
B2307424750183N11958917WA0040300384
B2307434750183N11958917WA0040300384
B2307444750183N11958917WA0040200384
B2307454750183N11958917WA0040200384
B2307464750183N11958917WA0040200384
B2307474750183N11958917WA0040200384
B2307484750183N11958917WA0040300384
B2307494750183N11958917WA0040300384
B2307504750183N11958917WA0040300384
B2307514750183N11958917WA0040300384
B2307524750183N11958917WA0040300384
B2307534750183N11958917WA0040300384
B2307544750183N11958917WA0040300384
B2307554750183N11958917WA0040300384
B2307564750183N11958917WA0040300384
B2307574750183N11958917WA0040300384
B2307584750183N11958917WA0040300384
B2307594750183N11958917WA0040300384
B2308004750183N11958917WA0040200384
B2308014750183N11958917WA0040300384
B2308024750183N11958917WA0040200384
B2308034750183N11958917WA0040300384
B2308044750183N11958917WA0040300384
B2308054750183N11958917WA0040200384
B2308064750183N11958917WA0040300384
B2308074750183N11958917WA0040300384
B2308084750183N11958917WA0040300384
B2308094750183N11958917WA0040300384
B2308104750183N11958917WA0040300384
B2308114750183N11958917WA0040300384
B2308124750183N11958917WA0040400384
B2308134750183N11958917WA0040300384
B2308144750183N11958917WA0040300384
B2308154750183N11958917WA0040300384
B2308164750183N11958917WA0040300384
B2308174750183N11958917WA0040300384
B2308184750183N11958917WA0040400384
B2308194750183N11958917WA0040400384
B2308204750183N11958917WA0040400384
B2308214750183N11958917WA0040300384
B2308224750183N11958917WA0040300384
B2308234750183N11958917WA0040300384
B2308244750183N11958917WA0040300384
B2308254750183N11958917WA0040400384
B2308264750183N11958917WA0040300384
B2308274750183N11958917WA0040400384
B2308284750183N11958917WA0040300384
B2308294750183N11958917WA0040300384
B2308304750183N11958917WA0040300384
B2308314750183N11958917WA0040400384
B2308324750183N11958917WA0040400384
B2308334750183N11958917WA0040400384
B2308344750183N11958917WA0040300384
B2308354750182N11958917WA0040300384
B2308364750182N11958917WA0040300384
B2308374750182N11958917WA0040300384
B2308384750182N11958917WA0040400384
B2308394750182N11958917WA0040400384
B2308404750182N11958917WA0040300384
B2308414750182N11958917WA0040400384
B2308424750182N11958917WA0040300384
B2308434750182N11958917WA0040300384
B2308444750182N11958917WA0040300384
B2308454750182N11958917WA0040300384
B2308464750182N11958917WA0040300384
B2308474750182N11958917WA0040300384
B2308484750182N11958917WA0040300384
B2308494750182N11958917WA0040300384
B2308504750182N11958917WA0040300384
B2308514750182N11958917WA0040300384
B2308524750182N11958917WA0040300384
B2308534750182N11958917WA0040300384
B2308544750182N11958917WA0040300384
B2308554750182N11958917WA0040300384
B2308564750182N11958917WA0040300384
B2308574750182N11958917WA0040300384
B2308584750182N11958917WA0040300384
B2308594750182N11958917WA0040300384
B2309004750182N11958917WA0040300384
B2309014750182N11958917WA0040300384
B2309024750182N11958917WA0040300384
B2309034750182N11958917WA0040300384
B2309044750182N11958917WA0040300384
B2309054750182N11958917WA0040300384
B2309064750182N11958917WA0040300384
B2309074750182N11958917WA0040300384
B2309084750182N11958917WA0040300384
B2309094750182N11958917WA0040300385
B2309104750182N11958917WA0040300385
B2309114750182N11958917WA0040300385
B2309124750182N11958917WA0040300385
B2309134750182N11958917WA0040300385
B2309144750182N11958917WA0040300385
B2309154750182N11958917WA0040300385
B2309164750182N11958917WA0040300384
B2309174750182N11958917WA0040300384
B2309184750182N11958917WA0040400384
B2309194750182N11958917WA0040400384
B2309204750182N11958917WA0040300384
B2309214750182N11958917WA0040300384
B2309224750182N11958917WA0040300384
B2309234750182N11958917WA0040300385
B2309244750182N11958917WA0040300384
B2309254750182N11958917WA0040300384
B2309264750182N11958917WA0040300384
B2309274750182N11958917WA0040300385
B2309284750182N11958917WA0040300385
B2309294750182N11958917WA0040300385
B2309304750182N11958917WA0040300385
B2309314750182N11958917WA0040300385
B2309324750182N11958917WA0040300385
B2309334750182N11958917WA0040300385
B2309344750182N11958917WA0040300385
B2309354750182N11958917WA0040300385
B2309364750182N11958917WA0040300385
B2309374750182N11958917WA0040300385
B2309384750183N11958917WA0040200385
B2309394750183N11958917WA0040300385
B2309404750183N11958917WA0040300385
B2309414750183N11958917WA0040300385
B2309424750183N11958917WA0040300385
B2309434750183N11958917WA0040400385
B2309444750183N11958917WA0040300386
B2309454750183N11958917WA0040300386
B2309464750183N11958917WA0040300385
B2309474750183N11958917WA0040300385
B2309484750183N11958917WA0040300385
B2309494750183N11958917WA0040300385
B2309504750183N11958917WA0040300385
B2309514750183N11958917WA0040300385
B2309524750183N11958917WA0040300385
B2309534750183N11958917WA0040300385
B2309544750183N11958917WA0040300385
B2309554750183N11958917WA0040300385
B2309564750183N11958917WA0040300385
B2309574750183N11958917WA0040300385
B2309584750183N11958917WA0040300385
B2309594750183N11958917WA0040300385
B2310004750183N11958917WA0040300385
B2310014750183N11958917WA0040300385
B2310024750183N11958917WA0040300385
B2310034750183N11958917WA0040300385
B2310044750183N11958917WA0040300385
B2310054750183N11958917WA0040300385
B2310064750183N11958917WA0040300385
B2310074750183N11958917WA0040300385
B2310084750183N11958917WA0040300385
B2310094750183N11958917WA0040300385
B2310104750183N11958917WA0040300384
B2310114750183N11958917WA0040400384
B2310124750183N11958917WA0040300384
B2310134750183N11958917WA0040400384
B2310144750183N11958917WA0040300384
B2310154750183N11958917WA0040300384
B2310164750183N11958917WA0040300384
B2310174750183N11958917WA0040300384
B2310184750183N11958917WA0040300384
B2310194750183N11958917WA0040300384
B2310204750183N11958917WA0040300384
B2310214750184N11958918WA0040300384
B2310224750184N11958918WA0040300384
B2310234750184N11958918WA0040300384
B2310244750184N11958918WA0040300384
B2310254750184N11958918WA0040300384
B2310264750184N11958918WA0040300384
B2310274750184N11958918WA0040300384
B2310284750184N11958918WA0040300384
B2310294750184N11958918WA0040300384
B2310304750184N11958918WA0040300384
B2310314750184N11958918WA0040300384
B2310324750184N11958918WA0040300384
B2310334750184N11958918WA0040300384
B2310344750184N11958918WA0040300384
B2310354750184N11958918WA0040300385
B2310364750184N11958918WA0040300385
B2310374750184N11958918WA0040300385
B2310384750184N11958918WA0040300385
B2310394750184N11958918WA0040300385
B2310404750184N11958918WA0040300385
B2310414750184N11958918WA0040300385
B2310424750184N11958918WA0040300385
B2310434750184N11958918WA0040300385
B2310444750184N11958918WA0040300385
B2310454750184N11958918WA0040300385
B2310464750184N11958918WA0040300385
B2310474750184N11958918WA0040300385
B2310484750184N11958918WA0040300385
B2310494750184N11958918WA0040300385
B2310504750184N11958918WA0040300385
B2310514750184N11958918WA0040300385
B2310524750184N11958918WA0040300385
B2310534750184N11958918WA0040300385
B2310544750184N11958918WA0040300385
B2310554750184N11958918WA0040300385
B2310564750184N11958918WA0040300385
B2310574750184N11958918WA0040300385
B2310584750184N11958918WA0040300385
B2310594750184N11958918WA0040300386
B2311004750184N11958918WA0040300386
B2311014750184N11958918WA0040300385
B2311024750184N11958918WA0040300385
B2311034750184N11958918WA0040300385
B2311044750183N11958918WA0040300385
B2311054750183N11958918WA0040300385
B2311064750183N11958918WA0040300384
B2311074750183N11958918WA0040300384
B2311084750183N11958918WA0040400384
B2311094750183N11958918WA0040300384
B2311104750183N11958918WA0040300384
B2311114750183N11958918WA0040400384
B2311124750183N11958918WA0040300384
B2311134750183N11958918WA0040300384
B2311144750183N11958918WA0040300384
B2311154750183N11958918WA0040300384
B2311164750183N11958918WA0040300384
B2311174750183N11958918WA0040300384
B2311184750183N11958918WA0040300384
B2311194750183N11958918WA0040300384
B2311204750183N11958918WA0040300384
B2311214750183N11958918WA0040300384
B2311224750183N11958918WA0040300384
B2311234750183N11958918WA0040300384
B2311244750183N11958918WA0040300384
B2311254750183N11958918WA0040300384
B2311264750183N11958918WA0040300384
B2311274750183N11958918WA0040300384
B2311284750183N11958918WA0040300384
B2311294750183N11958918WA0040300384
B2311304750183N11958918WA0040300385
B2311314750183N11958918WA0040300385
B2311324750183N11958918WA0040300385
B2311334750183N11958918WA0040300385
B2311344750183N11958918WA0040300385
B2311354750183N11958918WA0040300385
B2311364750183N11958918WA0040300385
B2311374750183N11958918WA0040300385
B2311384750183N11958918WA0040200385
B2311394750183N11958918WA0040300385
B2311404750183N11958918WA0040300385
B2311414750183N11958918WA0040300386
B2311424750183N11958918WA0040300386
B2311434750183N11958918WA0040300386
B2311444750183N11958919WA0040300386
B2311454750183N11958919WA0040300386
B2311464750183N11958919WA0040300387
B2311474750184N11958919WA0040300387
B2311484750184N11958918WA0040300387
B2311494750184N11958918WA0040300387
B2311504750184N11958918WA0040300387
B2311514750183N11958918WA0040300387
B2311524750184N11958918WA0040300387
B2311534750184N11958918WA0040300387
B2311544750183N11958918WA0040300387
B2311554750183N11958918WA0040300387
B2311564750183N11958918WA0040300387
B2311574750183N11958918WA0040300387
B2311584750183N11958918WA0040300387
B2311594750183N11958918WA0040300387
B2312004750183N11958918WA0040300387
B2312014750183N11958918WA0040300387
B2312024750183N11958918WA0040200387
B2312034750183N11958918WA0040300387
B2312044750183N11958918WA0040300387
B2312054750183N11958918WA0040300387
B2312064750183N11958918WA0040300387
B2312074750183N11958918WA0040300387
B2312084750183N11958918WA0040300387
B2312094750183N11958918WA0040300387
B2312104750183N11958918WA0040300388
B2312114750183N11958918WA0040300388
B2312124750183N11958918WA0040300388
B2312134750183N11958918WA0040200388
B2312144750183N11958918WA0040300388
B2312154750183N11958918WA0040200387
B2312164750183N11958918WA0040300387
B2312174750183N11958918WA0040200387
B2312184750184N11958918WA0040300387
B2312194750184N11958918WA0040200387
B2312204750184N11958918WA0040200387
B2312214750183N11958918WA0040200388
B2312224750183N11958919WA0040200387
B2312234750183N11958919WA0040300387
B2312244750183N11958919WA0040300387
B2312254750183N11958919WA0040200388
B2312264750183N11958919WA0040200388
B2312274750183N11958919WA0040200388
B2312284750183N11958919WA0040300388
B2312294750183N11958919WA0040300389
B2312304750183N11958919WA0040200389
B2312314750183N11958919WA0040200388
B2312324750183N11958919WA0040200388
B2312334750183N11958918WA0040200388
B2312344750183N11958918WA0040200388
B2312354750183N11958918WA0040200388
B2312364750183N11958918WA0040200388
B2312374750183N11958918WA0040200388
B2312384750183N11958918WA0040200388
B2312394750183N11958918WA0040200388
B2312404750183N11958918WA0040200388
B2312414750183N11958918WA0040300388
B2312424750183N11958918WA0040300388
B2312434750183N11958918WA0040300388
B2312444750183N11958918WA0040300388
B2312454750183N11958918WA0040200388
B2312464750183N11958918WA0040200388
B2312474750183N11958918WA0040300388
B2312484750183N11958918WA0040200388
B2312494750183N11958918WA0040200388
B2312504750183N11958918WA0040200388
B2312514750183N11958918WA0040200388
B2312524750183N11958918WA0040300389
B2312534750183N11958917WA0040200389
B2312544750183N11958917WA0040200389
B2312554750183N11958917WA0040200389
B2312564750183N11958917WA0040200389
B2312574750183N11958917WA0040200389
B2312584750183N11958917WA0040200389
B2312594750183N11958917WA0040200389
B2313004750183N11958917WA0040200389
B2313014750183N11958917WA0040200389
B2313024750183N11958917WA0040200390
B2313034750183N11958917WA0040200390
B2313044750183N11958917WA0040200390
B2313054750183N11958917WA0040200390
B2313064750183N11958917WA0040300390
B2313074750183N11958917WA0040200390
B2313084750183N11958917WA0040300390
B2313094750183N11958917WA0040200390
B2313104750183N11958917WA0040200390
B2313114750183N11958917WA0040200390
B2313124750183N11958917WA0040200390
B2313134750183N11958917WA0040200390
B2313144750183N11958917WA0040200390
B2313154750183N11958917WA0040200390
B2313164750183N11958917WA0040200390
B2313174750183N11958917WA0040200390
B2313184750183N11958917WA0040200390
B2313194750183N11958917WA0040200390
B2313204750183N11958917WA0040200390
B2313214750183N11958917WA0040200390
B2313224750183N11958917WA0040300390
B2313234750183N11958917WA0040200390
B2313244750183N11958917WA0040200390
B2313254750183N11958917WA0040300390
B2313264750183N11958917WA0040200390
B2313274750183N11958917WA0040200390
B2313284750183N11958917WA0040200390
B2313294750183N11958917WA0040200390
B2313304750183N11958917WA0040200390
B2313314750183N11958917WA0040300390
B2313324750183N11958917WA0040300390
B2313334750183N11958917WA0040200390
B2313344750183N11958917WA0040200390
B2313354750183N11958917WA0040200390
B2313364750183N11958917WA0040200390
B2313374750183N11958917WA0040200390
B2313384750183N11958917WA0040200390
B2313394750182N11958917WA0040200390
B2313404750182N11958917WA0040200390
B2313414750182N11958917WA0040200390
B2313424750182N11958917WA0040200390
B2313434750182N11958917WA0040200390
B2313444750182N11958917WA0040200390
B2313454750182N11958917WA0040200390
B2313464750182N11958917WA0040200390
B2313474750182N11958917WA0040200390
B2313484750182N11958917WA0040200390
B2313494750182N11958917WA0040200390
B2313504750182N11958917WA0040200390
B2313514750182N11958917WA0040200390
B2313524750182N11958917WA0040200390
B2313534750182N11958917WA0040200390
B2313544750182N11958917WA0040200390
B2313554750182N11958917WA0040200390
B2313564750182N11958917WA0040200390
B2313574750182N11958917WA0040100389
B2313584750182N11958917WA0040200389
B2313594750182N11958917WA0040200389
B2314004750182N11958917WA0040200389
B2314014750182N11958917WA0040200389
B2314024750182N11958917WA0040200389
B2314034750182N11958917WA0040200389
B2314044750182N11958917WA0040200389
B2314054750182N11958917WA0040200389
B2314064750182N11958917WA0040200389
B2314074750182N11958917WA0040200389
B2314084750182N11958917WA0040200389
B2314094750182N11958917WA0040200389
B2314104750182N11958917WA0040200390
B2314114750182N11958917WA0040200390
B2314124750182N11958917WA0040200390
B2314134750182N11958917WA0040200390
B2314144750182N11958917WA0040200390
B2314154750182N11958917WA0040300390
B2314164750182N11958917WA0040200390
B2314174750182N11958917WA0040200390
B2314184750182N11958917WA0040300390
B2314194750182N11958917WA0040200391
B2314204750182N11958917WA0040300391
B2314214750182N11958917WA0040300391
B2314224750182N11958917WA0040300391
B2314234750182N11958917WA0040300391
B2314244750182N11958917WA0040400391
B2314254750182N11958917WA0040400391
B2314264750182N11958917WA0040300391
B2314274750182N11958917WA0040300391
B2314284750182N11958917WA0040300391
B2314294750182N11958917WA0040200391
B2314304750182N11958917WA0040300391
B2314314750181N11958917WA0040200392
B2314324750181N11958917WA0040200392
B2314334750181N11958917WA0040200392
B2314344750181N11958917WA0040200392
B2314354750181N11958917WA0040200392
B2314364750181N11958917WA0040200392
B2314374750181N11958917WA0040200392
B2314384750181N11958917WA0040200392
B2314394750181N11958917WA0040200392
B2314404750181N11958917WA0040200392
B2314414750181N11958917WA0040200392
B2314424750181N11958917WA0040200391
B2314434750181N11958917WA0040200391
B2314444750181N11958917WA0040200391
B2314454750181N11958917WA0040200391
B2314464750181N11958917WA0040200391
B2314474750181N11958917WA0040200391
B2314484750181N11958917WA0040200391
B2314494750181N11958917WA0040200391
B2314504750181N11958917WA0040200391
B2314514750181N11958917WA0040200390
B2314524750181N11958917WA0040200390
B2314534750181N11958917WA0040200390
B2314544750181N11958917WA0040200390
B2314554750181N11958917WA0040200390
B2314564750181N11958917WA0040200390
B2314574750181N11958917WA0040200389
B2314584750181N11958917WA0040200389
B2314594750181N11958917WA0040200389
B2315004750181N11958917WA0040200389
B2315014750181N11958917WA0040200389
B2315024750181N11958917WA0040200389
B2315034750181N11958917WA0040200388
B2315044750181N11958917WA0040200388
B2315054750181N11958917WA0040200388
B2315064750181N11958918WA0040200388
B2315074750181N11958917WA0040200388
B2315084750181N11958918WA0040200388
B2315094750181N11958917WA0040200388
B2315104750181N11958917WA0040200388
B2315114750182N11958917WA0040200388
B2315124750182N11958917WA0040200388
B2315134750182N11958917WA0040200388
B2315144750182N11958917WA0040200387
B2315154750182N11958917WA0040200387
B2315164750182N11958917WA0040200387
B2315174750182N11958917WA0040200387
B2315184750182N11958917WA0040200387
B2315194750182N11958918WA0040200387
B2315204750182N11958918WA0040200387
B2315214750182N11958918WA0040200387
B2315224750182N11958918WA0040200387
B2315234750182N11958918WA0040200387
B2315244750182N11958918WA0040200387
B2315254750182N11958918WA0040300387
B2315264750182N11958918WA0040200387
B2315274750182N11958918WA0040300387
B2315284750182N11958918WA0040200387
B2315294750182N11958918WA0040200387
B2315304750182N11958918WA0040200387
B2315314750182N11958918WA0040300387
B2315324750182N11958918WA0040200387
B2315334750182N11958918WA0040200387
B2315344750182N11958918WA0040300387
B2315354750182N11958918WA0040200387
B2315364750182N11958918WA0040200387
B2315374750182N11958918WA0040200387
B2315384750182N11958918WA0040200387
B2315394750182N11958918WA0040200386
B2315404750182N11958918WA0040200386
B2315414750182N11958918WA0040200386
B2315424750182N11958918WA0040300386
B2315434750182N11958918WA0040300386
B2315444750182N11958918WA0040300386
B2315454750183N11958918WA0040300387
B2315464750182N11958918WA0040300387
B2315474750182N11958918WA0040300387
B2315484750182N11958918WA0040200387
B2315494750182N11958918WA0040200387
B2315504750182N11958918WA0040300387
B2315514750182N11958918WA0040300387
B2315524750182N11958918WA0040200387
B2315534750182N11958918WA0040200387
B2315544750182N11958918WA0040300387
B2315554750182N11958918WA0040300387
B2315564750182N11958918WA0040200387
B2315574750182N11958918WA0040200387
B2315584750182N11958918WA0040200387
B2315594750182N11958918WA0040300387
B2316004750182N11958918WA0040300387
B2316014750182N11958918WA0040200387
B2316024750182N11958918WA0040300387
B2316034750182N11958918WA0040300387
B2316044750182N11958918WA0040300387
B2316054750182N11958918WA0040300387
B2316064750182N11958918WA0040400387
B2316074750182N11958918WA0040400387
B2316084750182N11958918WA0040400387
B2316094750182N11958918WA0040400387
B2316104750182N11958918WA0040300387
B2316114750182N11958918WA0040300387
B2316124750182N11958919WA0040200387
B2316134750182N11958919WA0040200387
B2316144750182N11958919WA0040200387
B2316154750182N11958919WA0040300387
B2316164750182N11958919WA0040200387
B2316174750182N11958919WA0040300387
B2316184750182N11958919WA0040200387
B2316194750182N11958919WA0040300387
B2316204750182N11958919WA0040300387
B2316214750182N11958919WA0040200387
B2316224750182N11958919WA0040200387
B2316234750182N11958919WA0040300387
B2316244750182N11958919WA0040300387
B2316254750182N11958919WA0040300387
B2316264750182N11958919WA0040300387
B2316274750182N11958919WA0040300387
B2316284750182N11958919WA0040200387
B2316294750182N11958919WA0040200387
B2316304750182N11958919WA0040200387
B2316314750182N11958919WA0040200387
B2316324750182N11958919WA0040200387
B2316334750182N11958919WA0040300387
B2316344750182N11958919WA0040200387
B2316354750182N11958919WA0040200387
B2316364750182N11958919WA0040200387
B2316374750182N11958919WA0040200387
B2316384750182N11958919WA0040200387
B2316394750182N11958919WA0040200387
B2316404750182N11958919WA0040200387
B2316414750183N11958919WA0040200387
B2316424750183N11958919WA0040200387
B2316434750183N11958919WA0040200387
B2316444750183N11958919WA0040300387
B2316454750183N11958919WA0040300387
B2316464750183N11958919WA0040200387
B2316474750183N11958919WA0040300387
B2316484750183N11958919WA0040200387
B2316494750183N11958919WA0040300387
B2316504750183N11958919WA0040300387
B2316514750183N11958918WA0040200387
B2316524750183N11958918WA0040300387
B2316534750183N11958918WA0040300387
B2316544750183N11958918WA0040200387
B2316554750183N11958918WA0040300387
B2316564750183N11958918WA0040300387
B2316574750183N11958918WA0040200387
B2316584750183N11958918WA0040200387
B2316594750183N11958918WA0040200387
B2317004750183N11958918WA0040200387
B2317014750183N11958918WA0040300387
B2317024750183N11958918WA0040300387
B2317034750183N11958918WA0040300386
B2317044750183N11958918WA0040300386
B2317054750183N11958918WA0040300386
B2317064750183N11958918WA0040300386
B2317074750183N11958918WA0040200386
B2317084750183N11958918WA0040200386
B2317094750183N11958918WA0040200386
B2317104750183N11958918WA0040200386
B2317114750183N11958918WA0040200386
B2317124750183N11958918WA0040200386
B2317134750183N11958918WA0040300386
B2317144750183N11958918WA0040300386
B2317154750183N11958918WA0040200386
B2317164750183N11958918WA0040200386
B2317174750183N11958918WA0040300386
B2317184750183N11958918WA0040200386
B2317194750183N11958918WA0040300387
B2317204750183N11958918WA0040300387
B2317214750183N11958918WA0040200387
B2317224750183N11958918WA0040200387
B2317234750183N11958918WA0040200387
B2317244750183N11958918WA0040200387
B2317254750183N11958918WA0040200387
B2317264750183N11958918WA0040200387
B2317274750183N11958918WA0040200387
B2317284750183N11958918WA0040200387
B2317294750183N11958918WA0040200387
B2317304750184N11958918WA0040200387
B2317314750184N11958918WA0040200387
B2317324750184N11958918WA0040200388
B2317334750184N11958918WA0040200388
B2317344750184N11958918WA0040300388
B2317354750184N11958918WA0040300388
B2317364750184N11958918WA0040300388
B2317374750184N11958918WA0040200388
B2317384750184N11958918WA0040200388
B2317394750184N11958918WA0040200389
B2317404750184N11958918WA0040200389
B2317414750184N11958918WA0040200389
B2317424750184N11958918WA0040200389
B2317434750184N11958918WA0040200389
B2317444750184N11958918WA0040200389
B2317454750184N11958918WA0040200389
B2317464750184N11958918WA0040200389
B2317474750184N11958918WA0040200388
B2317484750184N11958918WA0040200388
B2317494750184N11958918WA0040200388
B2317504750183N11958918WA0040200388
B2317514750183N11958918WA0040200388
B2317524750183N11958918WA0040200388
B2317534750183N11958918WA0040200388
B2317544750183N11958918WA0040200388
B2317554750183N11958918WA0040200388
B2317564750183N11958918WA0040200388
B2317574750183N11958918WA0040200388
B2317584750183N11958918WA0040200388
B2317594750183N11958918WA0040200388
B2318004750183N11958918WA0040200388
B2318014750183N11958918WA0040200388
B2318024750183N11958918WA0040200388
B2318034750183N11958918WA0040200388
B2318044750183N11958918WA0040200388
B2318054750183N11958918WA0040200388
B2318064750184N11958918WA0040200388
B2318074750184N11958918WA0040200388
B2318084750184N11958918WA0040200388
B2318094750184N11958918WA0040200388
B2318104750184N11958918WA0040200388
B2318114750184N11958918WA0040200388
B2318124750184N11958918WA0040200388
B2318134750184N11958918WA0040200388
B2318144750184N11958918WA0040200388
B2318154750183N11958918WA0040200388
B2318164750183N11958918WA0040200388
B2318174750183N11958918WA0040200388
B2318184750183N11958918WA0040200388
B2318194750183N11958918WA0040200388
B2318204750183N11958918WA0040200388
B2318214750183N11958918WA0040200388
B2318224750183N11958918WA0040200388
B2318234750183N11958918WA0040200388
B2318244750183N11958918WA0040200388
B2318254750183N11958918WA0040200388
B2318264750183N11958918WA0040200388
B2318274750183N11958918WA0040200388
B2318284750183N11958918WA0040200389
B2318294750183N11958918WA0040200389
B2318304750183N11958918WA0040200389
B2318314750183N11958918WA0040200389
B2318324750183N11958918WA0040200389
B2318334750183N11958918WA0040200389
B2318344750183N11958918WA0040200389
B2318354750183N11958918WA0040200389
B2318364750183N11958918WA0040200389
B2318374750183N11958918WA0040200389
B2318384750183N11958918WA0040200389
B2318394750183N11958918WA0040200389
B2318404750183N11958918WA0040200389
B2318414750183N11958918WA0040200389
B2318424750183N11958918WA0040300389
B2318434750183N11958918WA0040200389
B2318444750183N11958918WA0040300389
B2318454750183N11958918WA0040200389
B2318464750183N11958918WA0040200389
B2318474750183N11958918WA0040200389
B2318484750183N11958918WA0040200389
B2318494750183N11958918WA0040200389
B2318504750183N11958918WA0040300389
B2318514750183N11958918WA0040200389
B2318524750183N11958918WA0040200389
B2318534750183N11958918WA0040300389
B2318544750183N11958918WA0040300389
B2318554750183N11958918WA0040200389
B2318564750183N11958918WA0040200389
B2318574750183N11958918WA0040200389
B2318584750183N11958918WA0040200389
B2318594750183N11958918WA0040200389
B2319004750183N11958918WA0040200389
B2319014750183N11958918WA0040200389
B2319024750183N11958918WA0040200389
B2319034750183N11958918WA0040200389
B2319044750183N11958918WA0040200389
B2319054750183N11958918WA0040200389
B2319064750183N11958918WA0040200389
B2319074750183N11958918WA0040200389
B2319084750183N11958918WA0040200389
B2319094750183N11958918WA0040200389
B2319104750183N11958919WA0040200389
B2319114750183N11958919WA0040200389
B2319124750183N11958919WA0040200389
B2319134750183N11958919WA0040200389
B2319144750183N11958919WA0040200389
B2319154750183N11958919WA0040200389
B2319164750184N11958919WA0040200389
B2319174750183N11958919WA0040200390
B2319184750183N11958919WA0040200389
B2319194750183N11958919WA0040200389
B2319204750184N11958919WA0040200389
B2319214750184N11958919WA0040200389
B2319224750184N11958919WA0040200389
B2319234750184N11958919WA0040200389
B2319244750184N11958919WA0040200389
B2319254750184N11958919WA0040200389
B2319264750184N11958919WA0040200389
B2319274750184N11958919WA0040200389
B2319284750184N11958919WA0040200389
B2319294750184N11958919WA0040200389
B2319304750184N11958919WA0040200389
B2319314750184N11958919WA0040200389
B2319324750184N11958919WA0040200389
B2319334750184N11958919WA0040200389
B2319344750184N11958919WA0040200389
B2319354750184N11958919WA0040200389
B2319364750184N11958919WA0040200389
B2319374750184N11958919WA0040200389
B2319384750184N11958919WA0040200389
B2319394750184N11958919WA0040200389
B2319404750184N11958919WA0040200389
B2319414750184N11958919WA0040200389
B2319424750184N11958919WA0040200389
B2319434750184N11958919WA0040200389
B2319444750184N11958919WA0040200389
B2319454750184N11958919WA0040200389
B2319464750184N11958919WA0040200389
B2319474750184N11958919WA0040200389
B2319484750184N11958919WA0040200389
B2319494750184N11958919WA0040200389
B2319504750184N11958919WA0040200389
B2319514750184N11958919WA0040200389
B2319524750184N11958919WA0040200389
B2319534750184N11958919WA0040200389
B2319544750184N11958919WA0040200389
B2319554750184N11958919WA0040200389
B2319564750184N11958919WA0040200389
B2319574750184N11958919WA0040200388
B2319584750184N11958919WA0040200388
B2319594750184N11958919WA0040200388
B2320004750184N11958919WA0040200388
B2320014750184N11958919WA0040200388
B2320024750184N11958919WA0040200388
B2320034750184N11958919WA0040200388
B2320044750184N11958919WA0040200388
B2320054750184N11958919WA0040200388
B2320064750184N11958919WA0040200388
B2320074750184N11958919WA0040200388
B2320084750184N11958919WA0040200388
B2320094750184N11958919WA0040300388
B2320104750184N11958919WA0040200387
B2320114750184N11958919WA0040200387
B2320124750184N11958919WA0040200387
B2320134750184N11958919WA0040200387
B2320144750184N11958919WA0040200387
B2320154750184N11958919WA0040200387
B2320164750184N11958919WA0040200387
B2320174750184N11958919WA0040200387
B2320184750184N11958919WA0040200387
B2320194750184N11958919WA0040300387
B2320204750184N11958919WA0040200387
B2320214750184N11958919WA0040200387
B2320224750184N11958919WA0040200387
B2320234750184N11958919WA0040200387
B2320244750184N11958919WA0040200387
B2320254750184N11958919WA0040200387
B2320264750184N11958919WA0040200387
B2320274750184N11958919WA0040200387
B2320284750184N11958919WA0040200387
B2320294750184N11958919WA0040200387
B2320304750184N11958919WA0040300387
B2320314750184N11958919WA0040200387
B2320324750184N11958919WA0040200387
B2320334750184N11958919WA0040200387
B2320344750183N11958919WA0040200387
B2320354750183N11958919WA0040200387
B2320364750184N11958919WA0040200387
B2320374750184N11958919WA0040200388
B2320384750184N11958919WA0040200388
B2320394750184N11958919WA0040200388
B2320404750184N11958919WA0040200388
B2320414750184N11958919WA0040200388
B2320424750184N11958919WA0040200388
B2320434750184N11958919WA0040200388
B2320444750184N11958919WA0040200388
B2320454750184N11958918WA0040200388
B2320464750184N11958918WA0040200388
B2320474750184N11958918WA0040200388
B2320484750184N11958918WA0040200388
B2320494750184N11958918WA0040200388
B2320504750184N11958918WA0040200388
B2320514750184N11958918WA0040200388
B2320524750184N11958918WA0040200388
B2320534750184N11958918WA0040200388
B2320544750184N11958918WA0040200388
B2320554750184N11958918WA0040200388
B2320564750184N11958918WA0040200388
B2320574750184N11958918WA0040200388
B2320584750184N11958918WA0040200388
B2320594750184N11958918WA0040200388
B2321004750183N11958918WA0040200387
B2321014750183N11958918WA0040200387
B2321024750183N11958918WA0040200387
B2321034750183N11958918WA0040200387
B2321044750183N11958918WA0040300386
B2321054750183N11958918WA0040300386
B2321064750183N11958918WA0040200386
B2321074750183N11958918WA0040300386
B2321084750183N11958918WA0040200386
B2321094750183N11958918WA0040300386
B2321104750183N11958918WA0040300386
B2321114750183N11958918WA0040300386
B2321124750183N11958918WA0040300385
B2321134750183N11958918WA0040300385
B2321144750183N11958918WA0040300385
B2321154750183N11958918WA0040300385
B2321164750183N11958918WA0040300385
B2321174750183N11958918WA0040200385
B2321184750183N11958918WA0040200385
B2321194750183N11958918WA0040200385
B2321204750183N11958918WA0040200385
B2321214750183N11958918WA0040200386
B2321224750183N11958918WA0040200386
B2321234750183N11958918WA0040200386
B2321244750183N11958918WA0040200386
B2321254750184N11958918WA0040200386
B2321264750184N11958918WA0040200386
B2321274750184N11958918WA0040200386
B2321284750184N11958918WA0040200386
B2321294750184N11958918WA0040200386
B2321304750184N11958918WA0040200386
B2321314750184N11958918WA0040200386
B2321324750184N11958918WA0040200386
B2321334750184N11958918WA0040200386
B2321344750184N11958918WA0040300386
B2321354750184N11958918WA0040200386
B2321364750184N11958918WA0040300387
B2321374750184N11958918WA0040200387
B2321384750184N11958918WA0040200387
B2321394750184N11958918WA0040200387
B2321404750184N11958918WA0040200387
B2321414750184N11958918WA0040200387
B2321424750184N11958918WA0040200387
B2321434750184N11958918WA0040200387
B2321444750184N11958918WA0040200387
B2321454750184N11958918WA0040200387
B2321464750184N11958918WA0040200387
B2321474750184N11958918WA0040200387
B2321484750184N11958918WA0040200387
B2321494750184N11958918WA0040200388
B2321504750184N11958918WA0040200388
B2321514750184N11958918WA0040200388
B2321524750184N11958918WA0040200388
B2321534750184N11958918WA0040200388
B2321544750184N11958918WA0040200388
B2321554750185N11958918WA0040200388
B2321564750185N11958918WA0040200388
B2321574750185N11958918WA0040200388
B2321584750185N11958918WA0040200388
B2321594750185N11958918WA0040200388
B2322004750185N11958918WA0040300388
B2322014750185N11958918WA0040300388
B2322024750185N11958918WA0040300388
B2322034750185N11958918WA0040200388
B2322044750185N11958918WA0040300389
B2322054750185N11958918WA0040300389
B2322064750185N11958918WA0040300389
B2322074750185N11958918WA0040300389
B2322084750185N11958918WA0040300389
B2322094750185N11958918WA0040300389
B2322104750185N11958918WA0040300389
B2322114750185N11958918WA0040200389
B2322124750185N11958918WA0040200389
B2322134750185N11958918WA0040200389
B2322144750185N11958918WA0040300389
B2322154750185N11958918WA0040300389
B2322164750185N11958918WA0040300389
B2322174750185N11958917WA0040300389
B2322184750185N11958917WA0040300389
B2322194750185N11958917WA0040200389
B2322204750185N11958918WA0040300389
B2322214750185N11958918WA0040300389
B2322224750185N11958918WA0040300389
B2322234750185N11958918WA0040300389
B2322244750185N11958918WA0040300389
B2322254750185N11958918WA0040300389
B2322264750185N11958917WA0040200389
B2322274750185N11958917WA0040200390
B2322284750185N11958917WA0040200390
B2322294750185N11958917WA0040200390
B2322304750185N11958917WA0040200390
B2322314750185N11958917WA0040200390
B2322324750185N11958917WA0040300390
B2322334750185N11958917WA0040200390
B2322344750185N11958917WA0040200390
B2322354750185N11958917WA0040200390
B2322364750185N11958917WA0040200390
B2322374750185N11958917WA0040200390
B2322384750185N11958917WA0040200389
B2322394750185N11958917WA0040200389
B2322404750185N11958917WA0040200389
B2322414750185N11958917WA0040200389
B2322424750185N11958917WA0040200389
B2322434750185N11958917WA0040200389
B2322444750185N11958917WA0040200389
B2322454750185N11958917WA0040200389
B2322464750185N11958917WA0040300389
B2322474750185N11958917WA0040300389
B2322484750185N11958917WA0040300389
B2322494750185N11958917WA0040200389
B2322504750185N11958917WA0040300389
B2322514750185N11958917WA0040200389
B2322524750185N11958917WA0040200389
B2322534750185N11958917WA0040200389
B2322544750185N11958917WA0040200389
B2322554750185N11958917WA0040200389
B2322564750185N11958917WA0040200389
B2322574750185N11958917WA0040200389
B2322584750185N11958916WA0040200389
B2322594750185N11958916WA0040200389
B2323004750185N11958916WA0040300389
B2323014750185N11958916WA0040300389
B2323024750185N11958916WA0040300389
B2323034750185N11958916WA0040300389
B2323044750185N11958916WA0040300389
B2323054750185N11958916WA0040300389
B2323064750185N11958916WA0040300389
B2323074750185N11958916WA0040200389
B2323084750185N11958916WA0040300389
B2323094750185N11958916WA0040300389
B2323104750185N11958916WA0040300389
B2323114750185N11958916WA0040300389
B2323124750185N11958916WA0040300389
B2323134750185N11958916WA0040300389
B2323144750185N11958916WA0040200389
B2323154750185N11958916WA0040200389
B2323164750185N11958916WA0040300389
B2323174750185N11958916WA0040300389
B2323184750185N11958916WA0040300389
B2323194750185N11958916WA0040300389
B2323204750185N11958916WA0040200389
B2323214750185N11958916WA0040200389
B2323224750185N11958916WA0040200389
B2323234750185N11958916WA0040200390
B2323244750185N11958916WA0040200390
B2323254750185N11958916WA0040200390
B2323264750185N11958916WA0040200390
B2323274750185N11958916WA0040200390
B2323284750185N11958916WA0040300390
B2323294750185N11958916WA0040300390
B2323304750185N11958916WA0040300390
B2323314750185N11958916WA0040300390
B2323324750185N11958916WA0040300390
B2323334750185N11958916WA0040300390
B2323344750185N11958916WA0040200390
B2323354750185N11958916WA0040300390
B2323364750185N11958916WA0040300390
B2323374750185N11958917WA0040200390
B2323384750185N11958917WA0040300390
B2323394750185N11958917WA0040300390
B2323404750185N11958917WA0040300390
B2323414750185N11958917WA0040200390
B2323424750185N11958917WA0040200390
B2323434750185N11958917WA0040200390
B2323444750185N11958916WA0040300390
B2323454750185N11958916WA0040200390
B2323464750185N11958916WA0040200390
B2323474750185N11958916WA0040200390
B2323484750185N11958916WA0040200390
B2323494750185N11958916WA0040200390
B2323504750185N11958916WA0040200390
B2323514750185N11958916WA0040200390
B2323524750185N11958916WA0040200390
B2323534750185N11958916WA0040300390
B2323544750185N11958916WA0040300390
B2323554750185N11958916WA0040300390
B2323564750185N11958916WA0040300390
B2323574750185N11958916WA0040300390
B2323584750185N11958916WA0040300390
B2323594750185N11958916WA0040300390
B2324004750185N11958916WA0040300390
B2324014750185N11958916WA0040300390
B2324024750185N11958916WA0040300390
B2324034750185N11958916WA0040300390
B2324044750185N11958916WA0040300390
B2324054750185N11958916WA0040300390
B2324064750185N11958916WA0040300390
B2324074750185N11958916WA0040300390
B2324084750185N11958916WA0040300390
B2324094750185N11958916WA0040300390
B2324104750185N11958916WA0040200390
B2324114750185N11958916WA0040200390
B2324124750185N11958916WA0040200390
B2324134750185N11958916WA0040200390
B2324144750185N11958916WA0040200389
B2324154750185N11958916WA0040300389
B2324164750185N11958916WA0040200389
B2324174750185N11958916WA0040200389
B2324184750185N11958916WA0040200389
B2324194750185N11958916WA0040200389
B2324204750185N11958916WA0040200389
B2324214750185N11958916WA0040200389
B2324224750185N11958916WA0040200389
B2324234750185N11958916WA0040300389
B2324244750185N11958916WA0040300389
B2324254750185N11958916WA0040300389
B2324264750185N11958916WA0040300389
B2324274750185N11958916WA0040200389
B2324284750185N11958916WA0040200389
B2324294750185N11958916WA0040200389
B2324304750185N11958916WA0040200389
B2324314750185N11958916WA0040200389
B2324324750185N11958916WA0040300389
B2324334750185N11958916WA0040300389
B2324344750185N11958916WA0040300389
B2324354750185N11958916WA0040300389
B2324364750185N11958916WA0040300389
B2324374750185N11958916WA0040300389
B2324384750185N11958916WA0040300389
B2324394750185N11958916WA0040300389
B2324404750185N11958916WA0040200389
B2324414750185N11958916WA0040300389
B2324424750185N11958916WA0040200389
B2324434750185N11958916WA0040200389
B2324444750185N11958916WA0040300389
B2324454750185N11958916WA0040200389
B2324464750185N11958916WA0040200389
B2324474750185N11958916WA0040200389
B2324484750185N11958916WA0040200389
B2324494750185N11958916WA0040200389
B2324504750184N11958916WA0040200388
B2324514750184N11958916WA0040200388
B2324524750184N11958916WA0040200388
B2324534750184N11958916WA0040300388
B2324544750184N11958916WA0040200388
B2324554750184N11958916WA0040300388
B2324564750184N11958916WA0040300388
B2324574750184N11958916WA0040300388
B2324584750184N11958916WA0040300388
B2324594750184N11958916WA0040200388
B2325004750184N11958916WA0040300388
B2325014750184N11958916WA0040300388
B2325024750184N11958916WA0040200388
B2325034750184N11958916WA0040200388
B2325044750184N11958916WA0040200388
B2325054750184N11958916WA0040300388
B2325064750184N11958916WA0040300388
B2325074750184N11958916WA0040300388
B2325084750184N11958916WA0040300388
B2325094750184N11958916WA0040200388
B2325104750184N11958916WA0040300388
B2325114750184N11958916WA0040300388
B2325124750184N11958916WA0040300388
B2325134750184N11958916WA0040300388
B2325144750184N11958916WA0040200388
B2325154750184N11958916WA0040200388
B2325164750184N11958916WA0040200388
B2325174750184N11958916WA0040200389
B2325184750184N11958916WA0040200389
B2325194750184N11958916WA0040200389
B2325204750184N11958916WA0040200389
B2325214750184N11958916WA0040200389
B2325224750184N11958916WA0040200389
B2325234750184N11958916WA0040200389
B2325244750184N11958916WA0040300388
B2325254750184N11958916WA0040300388
B2325264750184N11958916WA0040300388
B2325274750184N11958916WA0040300388
B2325284750184N11958916WA0040300388
B2325294750184N11958916WA0040300389
B2325304750184N11958916WA0040300389
B2325314750184N11958916WA0040300389
B2325324750184N11958916WA0040300389
B2325334750184N11958916WA0040300389
B2325344750184N11958916WA0040300389
B2325354750184N11958916WA0040300389
B2325364750184N11958916WA0040300389
B2325374750184N11958916WA0040200389
B2325384750184N11958916WA0040300390
B2325394750184N11958916WA0040200390
B2325404750184N11958916WA0040300390
B2325414750184N11958916WA0040300390
B2325424750184N11958916WA0040300390
B2325434750184N11958916WA0040300390
B2325444750184N11958916WA0040300390
B2325454750184N11958916WA0040300390
B2325464750184N11958916WA0040300390
B2325474750184N11958915WA0040300390
B2325484750184N11958915WA0040300390
B2325494750184N11958915WA0040300390
B2325504750184N11958915WA0040300390
B2325514750184N11958915WA0040200391
B2325524750184N11958915WA0040300391
B2325534750184N11958915WA0040200391
B2325544750184N11958915WA0040200390
B2325554750184N11958915WA0040300390
B2325564750184N11958915WA0040200390
B2325574750184N11958915WA0040300390
B2325584750184N11958915WA0040300391
B2325594750184N11958915WA0040300391
B2326004750184N11958915WA0040300391
B2326014750184N11958915WA0040200391
B2326024750184N11958915WA0040300390
B2326034750184N11958915WA0040300391
B2326044750184N11958915WA0040200391
B2326054750184N11958915WA0040300391
B2326064750185N11958915WA0040200391
B2326074750185N11958915WA0040300390
B2326084750185N11958915WA0040200390
B2326094750185N11958915WA0040300390
B2326104750185N11958915WA0040300390
B2326114750185N11958915WA0040300390
B2326124750185N11958915WA0040300390
B2326134750185N11958915WA0040300390
B2326144750185N11958915WA0040300390
B2326154750185N11958915WA0040300390
B2326164750185N11958915WA0040300389
B2326174750185N11958915WA0040300389
B2326184750185N11958915WA0040300389
B2326194750185N11958915WA0040300389
B2326204750185N11958915WA0040300389
B2326214750185N11958915WA0040300389
B2326224750185N11958915WA0040300389
B2326234750185N11958915WA0040300389
B2326244750185N11958915WA0040200388
B2326254750185N11958915WA0040300388
B2326264750185N11958915WA0040300388
B2326274750185N11958915WA0040300388
B2326284750185N11958915WA0040300388
B2326294750185N11958915WA0040200388
B2326304750185N11958915WA0040300388
B2326314750185N11958915WA0040200388
B2326324750185N11958915WA0040200388
B2326334750185N11958915WA0040200388
B2326344750185N11958915WA0040200387
B2326354750185N11958915WA0040200387
B2326364750185N11958915WA0040200387
B2326374750185N11958915WA0040200387
B2326384750185N11958915WA0040200387
B2326394750185N11958915WA0040200387
B2326404750185N11958915WA0040100387
B2326414750185N11958915WA0040200387
B2326424750185N11958915WA0040200387
B2326434750185N11958915WA0040300387
B2326444750185N11958915WA0040200387
B2326454750185N11958915WA0040300386
B2326464750185N11958915WA0040300386
B2326474750185N11958915WA0040300386
B2326484750185N11958915WA0040200386
B2326494750185N11958915WA0040300386
B2326504750185N11958915WA0040300386
B2326514750185N11958915WA0040300386
B2326524750185N11958915WA0040300386
B2326534750185N11958915WA0040200386
B2326544750185N11958915WA0040200386
B2326554750185N11958915WA0040200386
B2326564750185N11958915WA0040300386
B2326574750185N11958915WA0040300386
B2326584750185N11958915WA0040300386
B2326594750185N11958915WA0040300386
B2327004750185N11958915WA0040200386
B2327014750185N11958915WA0040200385
B2327024750185N11958915WA0040200385
B2327034750185N11958915WA0040300385
B2327044750185N11958915WA0040300385
B2327054750185N11958915WA0040200385
B2327064750184N11958915WA0040200385
B2327074750184N11958915WA0040200385
B2327084750184N11958915WA0040200385
B2327094750184N11958915WA0040200385
B2327104750184N11958915WA0040300385
B2327114750184N11958915WA0040300385
B2327124750184N11958915WA0040300385
B2327134750184N11958915WA0040200385
B2327144750184N11958915WA0040300385
B2327154750184N11958915WA0040300385
B2327164750184N11958915WA0040300385
B2327174750184N11958915WA0040300385
B2327184750183N11958915WA0040300386
B2327194750183N11958915WA0040300386
B2327204750183N11958915WA0040300386
B2327214750183N11958915WA0040300386
B2327224750183N11958915WA0040200386
B2327234750183N11958915WA0040200386
B2327244750183N11958915WA0040300386
B2327254750183N11958915WA0040300386
B2327264750183N11958915WA0040300386
B2327274750183N11958915WA0040300386
B2327284750183N11958915WA0040300386
B2327294750183N11958915WA0040300386
B2327304750183N11958915WA0040300386
B2327314750183N11958915WA0040300386
B2327324750183N11958915WA0040300386
B2327334750183N11958915WA0040300386
B2327344750183N11958915WA0040300386
B2327354750183N11958915WA0040300386
B2327364750183N11958915WA0040300386
B2327374750183N11958915WA0040200386
B2327384750183N11958915WA0040200386
B2327394750183N11958915WA0040300386
B2327404750183N11958915WA0040300386
B2327414750183N11958915WA0040300386
B2327424750183N11958915WA0040300386
B2327434750183N11958915WA0040300386
B2327444750183N11958915WA0040300386
B2327454750183N11958915WA0040300387
B2327464750183N11958915WA0040200387
B2327474750183N11958915WA0040200387
B2327484750183N11958915WA0040300387
B2327494750183N11958915WA0040200387
B2327504750183N11958915WA0040200387
B2327514750183N11958915WA0040200387
B2327524750183N11958915WA0040200387
B2327534750183N11958915WA0040200387
B2327544750183N11958915WA0040300387
B2327554750183N11958915WA0040300387
B2327564750183N11958915WA0040200387
B2327574750183N11958915WA0040200387
B2327584750183N11958915WA0040300387
B2327594750183N11958915WA0040300387
B2328004750183N11958915WA0040300387
B2328014750183N11958915WA0040300387
B2328024750183N11958915WA0040200387
B2328034750183N11958915WA0040300387
B2328044750183N11958915WA0040300387
B2328054750183N11958915WA0040300387
B2328064750183N11958915WA0040300387
B2328074750183N11958915WA0040300387
B2328084750183N11958915WA0040400387
B2328094750183N11958915WA0040300387
B2328104750183N11958915WA0040300387
B2328114750183N11958915WA0040300387
B2328124750183N11958915WA0040300387
B2328134750183N11958915WA0040300387
B2328144750183N11958915WA0040300387
B2328154750183N11958915WA0040300387
B2328164750183N11958915WA0040300387
B2328174750183N11958915WA0040300387
B2328184750183N11958915WA0040300388
B2328194750183N11958915WA0040300388
B2328204750183N11958915WA0040300387
B2328214750183N11958915WA0040300387
B2328224750183N11958915WA0040300387
B2328234750183N11958915WA0040200387
B2328244750183N11958915WA0040200387
B2328254750183N11958915WA0040200387
B2328264750183N11958915WA0040200387
B2328274750183N11958915WA0040200387
B2328284750183N11958915WA0040200387
B2328294750183N11958915WA0040200387
B2328304750183N11958915WA0040200387
B2328314750183N11958915WA0040200387
B2328324750183N11958915WA0040100387
B2328334750183N11958915WA0040100387
B2328344750183N11958915WA0040100387
B2328354750183N11958915WA0040100387
B2328364750183N11958915WA0040200387
B2328374750183N11958915WA0040200387
B2328384750183N11958915WA0040200387
B2328394750183N11958915WA0040300387
B2328404750183N11958915WA0040300387
B2328414750183N11958915WA0040200387
B2328424750183N11958915WA0040200387
B2328434750183N11958915WA0040300387
B2328444750183N11958915WA0040300387
B2328454750184N11958915WA0040300387
B2328464750184N11958915WA0040200387
B2328474750184N11958915WA0040200387
B2328484750184N11958915WA0040200387
B2328494750184N11958915WA0040200388
B2328504750184N11958915WA0040300388
B2328514750184N11958915WA0040200388
B2328524750184N11958915WA0040300388
B2328534750184N11958915WA0040200388
B2328544750184N11958915WA0040200388
B2328554750184N11958915WA0040200388
B2328564750184N11958915WA0040200388
B2328574750184N11958915WA0040300388
B2328584750184N11958914WA0040200388
B2328594750184N11958914WA0040100388
B2329004750184N11958914WA0040200388
B2329014750184N11958914WA0040200388
B2329024750184N11958914WA0040200388
B2329034750184N11958914WA0040200388
B2329044750184N11958914WA0040200388
B2329054750185N11958914WA0040200388
B2329064750185N11958914WA0040200388
B2329074750185N11958914WA0040200388
B2329084750185N11958914WA0040200388
B2329094750185N11958914WA0040200388
B2329104750185N11958914WA0040200388
B2329114750185N11958914WA0040200388
B2329124750185N11958914WA0040200388
B2329134750185N11958914WA0040200388
B2329144750185N11958914WA0040200388
B2329154750185N11958914WA0040200388
B2329164750185N11958914WA0040200388
B2329174750185N11958914WA0040200388
B2329184750185N11958914WA0040200388
B2329194750185N11958914WA0040200388
B2329204750185N11958914WA0040200388
B2329214750185N11958914WA0040200388
B2329224750185N11958914WA0040200388
B2329234750185N11958914WA0040200388
B2329244750185N11958914WA0040300388
B2329254750185N11958914WA0040300388
B2329264750185N11958914WA0040300388
B2329274750185N11958914WA0040300388
B2329284750185N11958914WA0040200388
B2329294750185N11958914WA0040300388
B2329304750185N11958914WA0040200387
B2329314750185N11958914WA0040200387
B2329324750185N11958914WA0040200387
B2329334750185N11958914WA0040200387
B2329344750185N11958914WA0040200387
B2329354750185N11958914WA0040200387
B2329364750185N11958914WA0040200387
B2329374750185N11958914WA0040200387
B2329384750185N11958914WA0040300387
B2329394750185N11958914WA0040200387
B2329404750185N11958914WA0040200387
B2329414750185N11958914WA0040200387
B2329424750185N11958914WA0040200387
B2329434750185N11958914WA0040200387
B2329444750185N11958914WA0040300387
B2329454750185N11958914WA0040300387
B2329464750185N11958914WA0040300387
B2329474750185N11958914WA0040300387
B2329484750185N11958914WA0040200387
B2329494750185N11958914WA0040200388
B2329504750185N11958914WA0040200388
B2329514750185N11958913WA0040200388
B2329524750185N11958913WA0040200388
B2329534750185N11958913WA0040200387
B2329544750185N11958913WA0040200387
B2329554750185N11958913WA0040200387
B2329564750185N11958913WA0040200387
B2329574750185N11958913WA0040200387
B2329584750185N11958913WA0040200387
B2329594750185N11958913WA0040200387
B2330004750185N11958913WA0040200387
B2330014750185N11958913WA0040200387
B2330024750185N11958913WA0040200387
B2330034750185N11958913WA0040200387
B2330044750185N11958913WA0040300387
B2330054750185N11958913WA0040200387
B2330064750185N11958913WA0040200387
B2330074750185N11958913WA0040200387
B2330084750185N11958913WA0040200387
B2330094750185N11958913WA0040200387
B2330104750185N11958913WA0040200387
B2330114750185N11958913WA0040300387
B2330124750185N11958913WA0040300387
B2330134750185N11958913WA0040200387
B2330144750185N11958913WA0040200387
B2330154750185N11958913WA0040200387
B2330164750185N11958913WA0040300387
B2330174750185N11958913WA0040300387
B2330184750185N11958914WA0040300387
B2330194750185N11958914WA0040300387
B2330204750185N11958914WA0040200387
B2330214750185N11958914WA0040200386
B2330224750185N11958914WA0040200386
B2330234750185N11958914WA0040200386
B2330244750185N11958914WA0040200386
B2330254750185N11958914WA0040200386
B2330264750185N11958914WA0040200386
B2330274750185N11958914WA0040200386
B2330284750185N11958914WA0040300386
B2330294750185N11958914WA0040300386
B2330304750185N11958914WA0040300386
B2330314750185N11958914WA0040200386
B2330324750185N11958914WA0040200386
B2330334750185N11958914WA0040300386
B2330344750185N11958914WA0040300386
B2330354750185N11958914WA0040300386
B2330364750185N11958914WA0040300386
B2330374750185N11958914WA0040300386
B2330384750185N11958914WA0040200386
B2330394750185N11958914WA0040200387
B2330404750184N11958914WA0040200386
B2330414750184N11958914WA0040100386
B2330424750184N11958914WA0040100387
B2330434750184N11958914WA0040100387
B2330444750184N11958914WA0040200387
B2330454750184N11958914WA0040200387
B2330464750184N11958914WA0040200387
B2330474750184N11958914WA0040200387
B2330484750184N11958914WA0040100387
B2330494750185N11958914WA0040200387
B2330504750185N11958914WA0040200387
B2330514750185N11958914WA0040200387
B2330524750184N11958914WA0040200387
B2330534750184N11958914WA0040200387
B2330544750184N11958914WA0040200387
B2330554750184N11958914WA0040200387
B2330564750184N11958914WA0040200387
B2330574750184N11958914WA0040200387
B2330584750184N11958914WA0040200387
B2330594750184N11958914WA0040200387
B2331004750184N11958914WA0040200387
B2331014750184N11958914WA0040300387
B2331024750184N11958914WA0040300387
B2331034750184N11958914WA0040200387
B2331044750184N11958914WA0040100387
B2331054750184N11958914WA0040200387
B2331064750184N11958914WA0040300387
B2331074750184N11958914WA0040300387
B2331084750184N11958914WA0040200387
B2331094750184N11958914WA0040300387
B2331104750184N11958914WA0040300387
B2331114750184N11958914WA0040300387
B2331124750184N11958914WA0040200387
B2331134750184N11958914WA0040200387
B2331144750184N11958914WA0040300387
B2331154750184N11958914WA0040200387
B2331164750184N11958914WA0040100386
B2331174750184N11958914WA0040100386
B2331184750184N11958914WA0040100386
B2331194750184N11958914WA0040200386
B2331204750184N11958914WA0040100386
B2331214750184N11958914WA0040100386
B2331224750184N11958914WA0040100387
B2331234750184N11958914WA0040100387
B2331244750184N11958914WA0040100386
B2331254750184N11958914WA0040100386
B2331264750184N11958914WA0040000387
B2331274750184N11958914WA0040100387
B2331284750184N11958914WA0040100387
B2331294750184N11958914WA0040100387
B2331304750184N11958914WA0040100387
B2331314750184N11958914WA0040100387
B2331324750184N11958914WA0040100387
B2331334750184N11958914WA0040100387
B2331344750184N11958914WA0040100387
B2331354750184N11958914WA0040100387
B2331364750184N11958914WA0040100387
B2331374750184N11958914WA0040100387
B2331384750184N11958914WA0040100387
B2331394750184N11958914WA0040100387
B2331404750184N11958914WA0040100387
B2331414750184N11958914WA0040100386
B2331424750184N11958914WA0040200386
B2331434750184N11958914WA0040200386
B2331444750184N11958914WA0040200386
B2331454750184N11958914WA0040100386
B2331464750184N11958914WA0040100386
B2331474750184N11958914WA0040100386
B2331484750184N11958914WA0040200386
B2331494750184N11958914WA0040200386
B2331504750184N11958914WA0040100386
B2331514750184N11958914WA0040100386
B2331524750184N11958914WA0040100386
B2331534750184N11958914WA0040100386
B2331544750184N11958914WA0040100386
B2331554750184N11958914WA0040100385
B2331564750184N11958914WA0040100385
B2331574750184N11958914WA0040100385
B2331584750184N11958914WA0040100385
B2331594750184N11958914WA0040100385
B2332004750184N11958914WA0040100385
B2332014750184N11958914WA0040100385
B2332024750184N11958914WA0040100385
B2332034750185N11958914WA0040100385
B2332044750185N11958914WA0040100385
B2332054750185N11958914WA0040100385
B2332064750185N11958914WA0040100385
B2332074750185N11958914WA0040100385
B2332084750185N11958914WA0040100385
B2332094750185N11958914WA0040100385
B2332104750185N11958914WA0040100385
B2332114750185N11958914WA0040100385
B2332124750185N11958914WA0040100385
B2332134750185N11958914WA0040100385
B2332144750185N11958914WA0040100385
B2332154750185N11958914WA0040100385
B2332164750185N11958914WA0040000385
B2332174750185N11958914WA0040100385
B2332184750185N11958914WA0040100385
B2332194750185N11958914WA0040100385
B2332204750185N11958914WA0040100385
B2332214750185N11958914WA0040000386
B2332224750185N11958914WA0040100386
B2332234750185N11958914WA0040100386
B2332244750185N11958914WA0040000386
B2332254750185N11958914WA0040100386
B2332264750185N11958914WA0040000386
B2332274750185N11958914WA0040000386
B2332284750185N11958914WA0040000386
B2332294750185N11958913WA0040100386
B2332304750185N11958913WA0040000386
B2332314750185N11958913WA0040000386
B2332324750185N11958913WA0040000386
B2332334750185N11958913WA0040000386
B2332344750185N11958913WA0040000386
B2332354750185N11958913WA0040000386
B2332364750185N11958914WA0040000386
B2332374750185N11958913WA0040000386
B2332384750185N11958913WA0040000387
B2332394750185N11958913WA0040100387
B2332404750185N11958913WA0040000388
B2332414750185N11958913WA0040000388
B2332424750185N11958913WA0040000388
B2332434750185N11958913WA0040000388
B2332444750185N11958913WA0040100388
B2332454750185N11958913WA0040000388
B2332464750185N11958913WA0040000388
B2332474750185N11958913WA0040000388
B2332484750185N11958913WA0040000388
B2332494750185N11958913WA0040100388
B2332504750185N11958913WA0040100388
B2332514750185N11958913WA0040100389
B2332524750185N11958913WA0040100389
B2332534750185N11958913WA0040100389
B2332544750185N11958913WA0040100389
B2332554750185N11958913WA0040100388
B2332564750185N11958913WA0040100388
B2332574750185N11958913WA0040100388
B2332584750185N11958913WA0040100388
B2332594750185N11958913WA0040100388
B2333004750185N11958913WA0040100388
B2333014750185N11958913WA0040100388
B2333024750185N11958913WA0040100388
B2333034750185N11958913WA0040100388
B2333044750185N11958913WA0040100387
B2333054750185N11958913WA0040100387
B2333064750185N11958913WA0040100387
B2333074750185N11958913WA0040100387
B2333084750185N11958913WA0040100387
B2333094750185N11958913WA0040100387
B2333104750185N11958913WA0040200387
B2333114750185N11958913WA0040200387
B2333124750185N11958913WA0040100387
B2333134750185N11958913WA0040100386
B2333144750185N11958914WA0040100386
B2333154750185N11958913WA0040100386
B2333164750185N11958913WA0040000386
B2333174750185N11958913WA0040100386
B2333184750185N11958913WA0040100386
B2333194750185N11958913WA0040100386
B2333204750185N11958913WA0040100386
B2333214750184N11958913WA0040100386
B2333224750184N11958913WA0040100386
B2333234750184N11958913WA0040100386
B2333244750184N11958913WA0040100386
B2333254750184N11958913WA0040100386
B2333264750184N11958913WA0040100386
B2333274750184N11958913WA0040100386
B2333284750184N11958913WA0040100386
B2333294750184N11958913WA0040100386
B2333304750184N11958913WA0040100386
B2333314750184N11958913WA0040100386
B2333324750184N11958912WA0040100386
B2333334750184N11958912WA0040100386
B2333344750184N11958912WA0040100386
B2333354750184N11958912WA0040100387
B2333364750184N11958912WA0040100387
B2333374750184N11958912WA0040100387
B2333384750185N11958912WA0040200387
B2333394750184N11958912WA0040200387
B2333404750184N11958912WA0040200387
B2333414750184N11958912WA0040200387
B2333424750184N11958913WA0040200387
B2333434750184N11958913WA0040200388
B2333444750184N11958913WA0040200388
B2333454750184N11958913WA0040200388
B2333464750184N11958913WA0040200388
B2333474750184N11958913WA0040100388
B2333484750184N11958913WA0040200388
B2333494750184N11958913WA0040200388
B2333504750184N11958913WA0040100389
B2333514750184N11958913WA0040100389
B2333524750184N11958913WA0040100389
B2333534750184N11958913WA0040100389
B2333544750183N11958913WA0040100389
B2333554750183N11958913WA0040100389
B2333564750183N11958913WA0040100389
B2333574750183N11958913WA0040100389
B2333584750183N11958913WA0040100389
B2333594750183N11958913WA0040100389
B2334004750183N11958913WA0040100389
B2334014750183N11958913WA0040200389
B2334024750183N11958913WA0040100389
B2334034750183N11958913WA0040200389
B2334044750183N11958913WA0040100390
B2334054750183N11958913WA0040100390
B2334064750183N11958913WA0040100390
B2334074750183N11958913WA0040100390
B2334084750183N11958913WA0040100390
B2334094750183N11958913WA0040100390
B2334104750183N11958913WA0040200390
B2334114750183N11958913WA0040200390
B2334124750183N11958913WA0040100390
B2334134750183N11958913WA0040200390
B2334144750183N11958913WA0040200390
B2334154750183N11958913WA0040200390
B2334164750183N11958913WA0040200390
B2334174750183N11958913WA0040200390
B2334184750183N11958913WA0040200390
B2334194750183N11958913WA0040200390
B2334204750183N11958913WA0040200390
B2334214750183N11958913WA0040200390
B2334224750183N11958913WA0040100390
B2334234750183N11958913WA0040100389
B2334244750183N11958913WA0040100389
B2334254750183N11958913WA0040100389
B2334264750183N11958913WA0040100389
B2334274750183N11958913WA0040100389
B2334284750183N11958913WA0040100389
B2334294750183N11958913WA0040100389
B2334304750183N11958913WA0040100389
B2334314750183N11958913WA0040100389
B2334324750183N11958913WA0040100389
B2334334750183N11958913WA0040100388
B2334344750183N11958913WA0040100388
B2334354750183N11958913WA0040100388
B2334364750183N11958913WA0040100388
B2334374750183N11958913WA0040100388
B2334384750184N11958913WA0040100388
B2334394750184N11958913WA0040100388
B2334404750184N11958913WA0040100388
B2334414750184N11958913WA0040100388
B2334424750184N11958913WA0040100388
B2334434750184N11958913WA0040100388
B2334444750184N11958913WA0040100388
B2334454750184N11958913WA0040100388
B2334464750184N11958913WA0040100388
B2334474750184N11958913WA0040100388
B2334484750184N11958913WA0040100388
B2334494750184N11958913WA0040100388
B2334504750184N11958913WA0040100388
B2334514750184N11958913WA0040100387
B2334524750184N11958913WA0040100387
B2334534750184N11958913WA0040100387
B2334544750184N11958913WA0040100387
B2334554750184N11958913WA0040100387
B2334564750184N11958913WA0040100387
B2334574750184N11958913WA0040100387
B2334584750184N11958913WA0040100387
B2334594750184N11958913WA0040100387
B2335004750184N11958913WA0040100387
B2335014750184N11958913WA0040100387
B2335024750184N11958913WA0040100387
B2335034750184N11958913WA0040100387
B2335044750184N11958913WA0040100387
B2335054750184N11958913WA0040100387
B2335064750184N11958913WA0040100387
B2335074750184N11958913WA0040100387
B2335084750184N11958913WA0040100387
B2335094750184N11958913WA0040100387
B2335104750184N11958913WA0040100387
B2335114750184N11958913WA0040100387
B2335124750184N11958913WA0040100387
B2335134750184N11958913WA0040200387
B2335144750184N11958913WA0040100387
B2335154750184N11958913WA0040100387
B2335164750184N11958913WA0040100387
B2335174750184N11958913WA0040100387
B2335184750184N11958913WA0040100387
B2335194750184N11958913WA0040100387
B2335204750184N11958913WA0040100387
B2335214750184N11958913WA0040100387
B2335224750184N11958913WA0040100386
B2335234750184N11958913WA0040100386
B2335244750184N11958913WA0040100386
B2335254750184N11958913WA0040100386
B2335264750184N11958913WA0040100386
B2335274750184N11958913WA0040100386
B2335284750184N11958913WA0040100386
B2335294750184N11958913WA0040100386
B2335304750184N11958913WA0040100386
B2335314750184N11958913WA0040200386
B2335324750184N11958913WA0040100386
B2335334750184N11958913WA0040100386
B2335344750184N11958913WA0040100386
B2335354750184N11958913WA0040100386
B2335364750184N11958913WA0040100386
B2335374750184N11958913WA0040100386
B2335384750184N11958913WA0040200386
B2335394750184N11958913WA0040200387
B2335404750184N11958913WA0040200386
B2335414750184N11958913WA0040100387
B2335424750184N11958913WA0040100387
B2335434750184N11958913WA0040100387
B2335444750184N11958913WA0040100387
B2335454750184N11958913WA0040100387
B2335464750184N11958913WA0040100387
B2335474750184N11958913WA0040100387
B2335484750184N11958913WA0040100386
B2335494750184N11958913WA0040100386
B2335504750184N11958913WA0040100386
B2335514750184N11958913WA0040100386
B2335524750184N11958913WA0040100386
B2335534750184N11958913WA0040100386
B2335544750184N11958913WA0040100386
B2335554750184N11958913WA0040100386
B2335564750184N11958913WA0040100386
B2335574750184N11958913WA0040100386
B2335584750184N11958913WA0040100386
B2335594750184N11958913WA0040100386
B2336004750184N11958913WA0040100386
B2336014750184N11958913WA0040100386
B2336024750184N11958913WA0040100386
B2336034750184N11958913WA0040100386
B2336044750184N11958913WA0040100386
B2336054750184N11958913WA0040100386
B2336064750184N11958913WA0040100386
B2336074750184N11958913WA0040100386
B2336084750184N11958913WA0040100386
B2336094750184N11958913WA0040100386
B2336104750184N11958913WA0040100386
B2336114750184N11958913WA0040100386
B2336124750184N11958913WA0040100386
B2336134750184N11958913WA0040100386
B2336144750184N11958913WA0040100386
B2336154750184N11958913WA0040100386
B2336164750184N11958913WA0040100386
B2336174750184N11958913WA0040100386
B2336184750184N11958913WA0040100386
B2336194750184N11958913WA0040100386
B2336204750184N11958913WA0040000386
B2336214750184N11958913WA0040100386
B2336224750184N11958913WA0040000386
B2336234750184N11958914WA0040100386
B2336244750184N11958914WA0040100386
B2336254750184N11958914WA0040100386
B2336264750184N11958914WA0040100386
B2336274750184N11958914WA0040100386
B2336284750184N11958914WA0040100386
B2336294750184N11958914WA0040100386
B2336304750184N11958914WA0040100386
B2336314750184N11958914WA0040100386
B2336324750184N11958914WA0040100386
B2336334750184N11958914WA0040100386
B2336344750184N11958914WA0040100386
B2336354750184N11958914WA0040000386
B2336364750184N11958913WA0040100386
B2336374750184N11958913WA0040000386
B2336384750184N11958913WA0040100386
B2336394750184N11958913WA0040100386
B2336404750184N11958913WA0040100386
B2336414750184N11958913WA0040100386
B2336424750184N11958913WA0040100386
B2336434750184N11958913WA0040100386
B2336444750184N11958913WA0040100386
B2336454750184N11958913WA0040100385
B2336464750184N11958913WA0040100385
B2336474750184N11958913WA0040100385
B2336484750184N11958913WA0040100385
B2336494750184N11958913WA0040100385
B2336504750184N11958913WA0040100385
B2336514750184N11958913WA0040100385
B2336524750184N11958913WA0040000385
B2336534750184N11958913WA0040100385
B2336544750184N11958913WA0040100385
B2336554750184N11958913WA0040100385
B2336564750184N11958913WA0040100385
B2336574750184N11958913WA0040100385
B2336584750184N11958913WA0040100385
B2336594750184N11958913WA0040100385
B2337004750184N11958913WA0040100385
B2337014750184N11958913WA0040100385
B2337024750184N11958913WA0040000385
B2337034750184N11958913WA0040100385
B2337044750184N11958913WA0040100385
B2337054750184N11958913WA0040100385
B2337064750184N11958913WA0040000385
B2337074750184N11958913WA0040100385
B2337084750184N11958913WA0040000385
B2337094750184N11958913WA0040000385
B2337104750184N11958913WA0040000386
B2337114750184N11958913WA0040000386
B2337124750184N11958913WA0040000386
B2337134750184N11958913WA0040000386
B2337144750184N11958913WA0040000386
B2337154750184N11958913WA0040000386
B2337164750184N11958913WA0040000386
B2337174750184N11958914WA0040000386
B2337184750184N11958914WA0040000386
B2337194750184N11958914WA0040000386
B2337204750184N11958914WA0040100386
B2337214750184N11958914WA0040100386
B2337224750184N11958914WA0040100386
B2337234750184N11958914WA0040100386
B2337244750184N11958914WA0040100386
B2337254750184N11958914WA0040000386
B2337264750184N11958914WA0040100386
B2337274750184N11958914WA0040100386
B2337284750184N11958914WA0040100386
B2337294750184N11958914WA0040100386
B2337304750184N11958913WA0040100385
B2337314750184N11958914WA0040000385
B2337324750184N11958914WA0040000385
B2337334750184N11958914WA0040000385
B2337344750184N11958914WA0040000386
B2337354750184N11958914WA0040000386
B2337364750184N11958913WA0040000386
B2337374750184N11958913WA0040000386
B2337384750184N11958914WA0040100386
B2337394750184N11958913WA0040100386
B2337404750184N11958913WA0040000386
B2337414750184N11958913WA0040100386
B2337424750184N11958914WA0040100386
B2337434750184N11958914WA0040100386
B2337444750184N11958914WA0040100386
B2337454750184N11958914WA0040100386
B2337464750184N11958914WA0040000386
B2337474750184N11958914WA0040100386
B2337484750184N11958914WA0040100386
B2337494750184N11958914WA0040100386
B2337504750184N11958914WA0040100386
B2337514750184N11958914WA0040100386
B2337524750184N11958914WA0040000386
B2337534750184N11958914WA0040100386
B2337544750184N11958914WA0040100386
B2337554750184N11958914WA0040100386
B2337564750184N11958914WA0040100386
B2337574750184N11958914WA0040100386
B2337584750184N11958914WA0040100386
B2337594750184N11958914WA0040100386
B2338004750184N11958914WA0040000386
B2338014750184N11958914WA0040000386
B2338024750184N11958914WA0040000386
B2338034750184N11958914WA0040100386
B2338044750184N11958914WA0040000385
B2338054750184N11958914WA0040100386
B2338064750184N11958914WA0040000386
B2338074750184N11958914WA0040100385
B2338084750184N11958914WA0040100385
B2338094750184N11958914WA0040000385
B2338104750184N11958914WA0040100385
B2338114750184N11958914WA0040100385
B2338124750184N11958914WA0040000385
B2338134750184N11958914WA0040100385
B2338144750184N11958914WA0040100385
B2338154750184N11958914WA0040100385
B2338164750184N11958914WA0040100385
B2338174750184N11958914WA0040100385
B2338184750184N11958914WA0040100385
B2338194750184N11958914WA0040100385
B2338204750184N11958914WA0040100386
B2338214750184N11958914WA0040100386
B2338224750184N11958914WA0040000386
B2338234750184N11958914WA0040100386
B2338244750184N11958914WA0040000386
B2338254750184N11958914WA0040000386
B2338264750184N11958914WA0040000386
B2338274750184N11958914WA0040000386
B2338284750184N11958914WA0040000386
B2338294750184N11958914WA0040000386
B2338304750184N11958914WA0040000386
B2338314750184N11958914WA0040000386
B2338324750184N11958914WA0040100386
B2338334750184N11958914WA0040100386
B2338344750184N11958914WA0040100386
B2338354750184N11958914WA0040000386
B2338364750184N11958914WA0040100386
B2338374750184N11958913WA0040100386
B2338384750184N11958914WA0040100386
B2338394750184N11958913WA0040100386
B2338404750184N11958914WA0040100386
B2338414750184N11958914WA0040100386
B2338424750184N11958914WA0040100386
B2338434750184N11958914WA0040100386
B2338444750184N11958914WA0040100386
B2338454750184N11958914WA0040100386
B2338464750184N11958914WA0040100386
B2338474750184N11958914WA0040000386
B2338484750184N11958914WA0040000386
B2338494750184N11958914WA0040000386
B2338504750184N11958914WA0040000386
B2338514750184N11958914WA0040100386
B2338524750184N11958914WA0040000386
B2338534750184N11958914WA0040000386
B2338544750184N11958914WA0040000386
B2338554750184N11958914WA0040000386
B2338564750184N11958914WA0040000386
B2338574750184N11958914WA0040000386
B2338584750184N11958914WA0040100386
B2338594750184N11958914WA0040100386
B2339004750184N11958914WA0040100386
B2339014750184N11958914WA0040100386
B2339024750184N11958914WA0040000386
B2339034750184N11958914WA0040100386
B2339044750184N11958914WA0040100386
B2339054750184N11958914WA0040000386
B2339064750184N11958914WA0040100386
B2339074750184N11958914WA0040000387
B2339084750184N11958914WA0040000387
B2339094750184N11958914WA0040000387
B2339104750184N11958914WA0040000387
B2339114750184N11958914WA0040100387
B2339124750184N11958913WA0040100387
B2339134750184N11958913WA0040000387
B2339144750184N11958913WA0040000387
B2339154750184N11958913WA0040000387
B2339164750184N11958913WA0040000387
B2339174750184N11958913WA0040000387
B2339184750184N11958913WA0040000387
B2339194750184N11958913WA0040000388
B2339204750184N11958913WA0040000388
B2339214750184N11958913WA0040000388
B2339224750184N11958913WA0040000388
B2339234750184N11958913WA0040000388
B2339244750184N11958913WA0040000388
B2339254750184N11958913WA0040000388
B2339264750184N11958913WA0040000388
B2339274750184N11958913WA0040000388
B2339284750184N11958913WA0040000388
B2339294750184N11958913WA0040100388
B2339304750184N11958913WA0040000388
B2339314750184N11958913WA0040000388
B2339324750184N11958913WA0040000388
B2339334750184N11958914WA0040100388
B2339344750184N11958914WA0040000388
B2339354750184N11958914WA0040000388
B2339364750184N11958914WA0040000388
B2339374750184N11958914WA0040000388
B2339384750184N11958914WA0040000388
B2339394750184N11958914WA0040000388
B2339404750184N11958914WA0040000389
B2339414750184N11958914WA0040100389
B2339424750184N11958914WA0040000389
B2339434750184N11958914WA0040000389
B2339444750184N11958914WA0040000389
B2339454750184N11958914WA0040000389
B2339464750184N11958914WA0040000389
B2339474750184N11958914WA0040000389
B2339484750184N11958914WA0040000388
B2339494750184N11958914WA0040000388
B2339504750184N11958914WA0040000388
B2339514750184N11958914WA0040000388
B2339524750184N11958914WA0040000388
B2339534750184N11958914WA0040000388
B2339544750184N11958914WA0040000388
B2339554750184N11958914WA0040000388
B2339564750184N11958914WA0040000388
B2339574750184N11958914WA0040000388
B2339584750184N11958914WA0040000388
B2339594750184N11958914WA0040000388
B2340004750184N11958914WA0040000388
B2340014750184N11958914WA0040000388
B2340024750184N11958914WA0040000388
B2340034750184N11958914WA0040000388
B2340044750184N11958914WA0040000388
B2340054750184N11958914WA0040000388
B2340064750184N11958914WA0040000388
B2340074750184N11958914WA0040000388
B2340084750184N11958914WA0040000387
B2340094750184N11958914WA0040000387
B2340104750184N11958914WA0040000387
B2340114750184N11958914WA0040000387
B2340124750184N11958914WA0040000388
B2340134750184N11958914WA0040000388
B2340144750184N11958914WA0040000388
B2340154750184N11958914WA0040000387
B2340164750184N11958914WA0040000387
B2340174750184N11958914WA0040000387
B2340184750184N11958914WA0040000387
B2340194750184N11958914WA0040000387
B2340204750184N11958914WA0040000387
B2340214750184N11958914WA0040100387
B2340224750184N11958914WA0040000387
B2340234750184N11958914WA0040000386
B2340244750184N11958914WA0040000386
B2340254750184N11958914WA0040000386
B2340264750184N11958914WA0040000386
B2340274750184N11958914WA0040000386
B2340284750184N11958914WA0040000386
B2340294750185N11958914WA0040000386
B2340304750185N11958914WA0040000385
B2340314750185N11958914WA0040000385
B2340324750185N11958914WA0040000385
B2340334750185N11958914WA0040000385
B2340344750185N11958914WA0040000385
B2340354750185N11958914WA0040000385
B2340364750185N11958914WA0040000385
B2340374750185N11958914WA0040000385
B2340384750185N11958914WA0040100385
B2340394750185N11958914WA0040000385
B2340404750185N11958914WA0040100385
B2340414750185N11958914WA0040100385
B2340424750185N11958914WA0040000385
B2340434750185N11958914WA0040000385
B2340444750185N11958914WA0040000385
B2340454750185N11958914WA0040000385
B2340464750185N11958914WA0040000385
B2340474750185N11958914WA0040000386
B2340484750185N11958914WA0040000386
B2340494750185N11958914WA0040000386
B2340504750185N11958914WA0040000386
B2340514750185N11958914WA0040000386
B2340524750185N11958914WA0040000386
B2340534750185N11958914WA0040000386
B2340544750185N11958914WA0040000386
B2340554750185N11958914WA0040000386
B2340564750185N11958914WA0040000386
B2340574750185N11958914WA0040000386
B2340584750185N11958914WA0040000387
B2340594750185N11958914WA0040000387
B2341004750185N11958914WA0040000387
B2341014750185N11958914WA0040000387
B2341024750185N11958914WA0040000387
B2341034750185N11958914WA0040000387
B2341044750185N11958914WA0040000387
B2341054750185N11958914WA0040000387
B2341064750185N11958914WA0040000387
B2341074750185N11958914WA0040000387
B2341084750184N11958914WA0040000387
B2341094750184N11958914WA0040000388
B2341104750184N11958914WA0040000387
B2341114750184N11958914WA0040000387
B2341124750184N11958914WA0040000387
B2341134750184N11958914WA0040000387
B2341144750184N11958914WA0040000387
B2341154750184N11958914WA0040000387
B2341164750184N11958914WA0040000387
B2341174750184N11958914WA0040000387
B2341184750184N11958914WA0040000387
B2341194750184N11958914WA0040000387
B2341204750184N11958914WA0040000386
B2341214750184N11958915WA0040000387
B2341224750184N11958915WA0040000386
B2341234750184N11958915WA0040000386
B2341244750184N11958915WA0040000386
B2341254750184N11958915WA0040000386
B2341264750184N11958915WA0040000386
B2341274750184N11958915WA0040000386
B2341284750184N11958915WA0040000386
B2341294750184N11958915WA0040000386
B2341304750184N11958915WA0040000386
B2341314750184N11958915WA0040000386
B2341324750184N11958915WA0040000386
B2341334750184N11958915WA0040000386
B2341344750184N11958915WA0040000386
B2341354750184N11958915WA0040000386
B2341364750184N11958915WA0040000386
B2341374750184N11958915WA0040000386
B2341384750184N11958915WA0040000386
B2341394750184N11958915WA0040000386
B2341404750184N11958915WA0040000386
B2341414750184N11958915WA0040000385
B2341424750184N11958915WA0040000385
B2341434750184N11958915WA0040000385
B2341444750184N11958915WA0040000385
B2341454750184N11958915WA0040000385
B2341464750184N11958915WA0040000385
B2341474750184N11958915WA0040000385
B2341484750184N11958915WA0040000385
B2341494750184N11958915WA0040000385
B2341504750184N11958915WA0040000385
B2341514750184N11958915WA0040000385
B2341524750184N11958915WA0040000385
B2341534750184N11958915WA0040000385
B2341544750184N11958915WA0040000385
B2341554750184N11958915WA0040000385
B2341564750184N11958915WA0040000385
B2341574750184N11958915WA0040000385
B2341584750184N11958915WA0040000385
B2341594750184N11958915WA0040000385
B2342004750184N11958915WA0040000385
B2342014750184N11958915WA0040000386
B2342024750184N11958915WA0040000386
B2342034750184N11958915WA0040000386
B2342044750184N11958915WA0040000386
B2342054750185N11958915WA0040000386
B2342064750185N11958915WA0040000385
B2342074750185N11958915WA0040000385
B2342084750185N11958915WA0040000385
B2342094750185N11958915WA0040000385
B2342104750185N11958915WA0040000385
B2342114750185N11958915WA0040000385
B2342124750185N11958915WA0040000385
B2342134750185N11958915WA0040000386
B2342144750185N11958915WA0040000386
B2342154750185N11958915WA0040000386
B2342164750185N11958915WA0040000386
B2342174750185N11958915WA0040000386
B2342184750185N11958915WA0040000386
B2342194750185N11958915WA0040000386
B2342204750185N11958915WA0040000386
B2342214750185N11958915WA0040000386
B2342224750185N11958915WA0040000386
B2342234750185N11958915WA0040000386
B2342244750185N11958915WA0040000387
B2342254750185N11958915WA0040000387
B2342264750185N11958915WA0040000387
B2342274750185N11958915WA0040000387
B2342284750185N11958915WA0040000387
B2342294750185N11958915WA0040000387
B2342304750185N11958915WA0040000387
B2342314750185N11958915WA0040000387
B2342324750185N11958915WA0040000387
B2342334750185N11958915WA0040000387
B2342344750185N11958915WA0040000387
B2342354750185N11958915WA0040000387
B2342364750185N11958915WA0040000386
B2342374750185N11958915WA0040000386
B2342384750185N11958915WA0040000386
B2342394750185N11958915WA0040000386
B2342404750185N11958915WA0040000386
B2342414750185N11958915WA0040000386
B2342424750185N11958915WA0040000386
B2342434750185N11958915WA0040000386
B2342444750185N11958915WA0040000386
B2342454750185N11958915WA0040000386
B2342464750185N11958915WA0040000386
B2342474750185N11958915WA0040000387
B2342484750185N11958915WA0040000387
B2342494750185N11958915WA0040000387
B2342504750185N11958915WA0040000387
B2342514750185N11958915WA0040000387
B2342524750185N11958915WA0040000387
B2342534750185N11958915WA0040000387
B2342544750185N11958915WA0040000387
B2342554750185N11958915WA0040000387
B2342564750185N11958915WA0040000387
B2342574750185N11958915WA0040000387
B2342584750185N11958915WA0040000387
B2342594750185N11958915WA0040000387
B2343004750185N11958915WA0040000387
B2343014750185N11958915WA0040000387
B2343024750185N11958915WA0040000387
B2343034750185N11958915WA0040000387
B2343044750185N11958915WA0040000387
B2343054750185N11958915WA0040000387
B2343064750185N11958915WA0040000387
B2343074750185N11958915WA0040000387
B2343084750185N11958915WA0040000387
B2343094750185N11958915WA0040000387
B2343104750185N11958915WA0040000387
B2343114750185N11958915WA0040000387
B2343124750185N11958915WA0040000387
B2343134750185N11958915WA0040000387
B2343144750185N11958915WA0040000387
B2343154750185N11958915WA0040000387
B2343164750185N11958915WA0040000387
B2343174750185N11958915WA0040000387
B2343184750184N11958915WA0040000387
B2343194750184N11958915WA0040000388
B2343204750184N11958915WA0040000388
B2343214750184N11958915WA0040000388
B2343224750184N11958915WA0040000388
B2343234750184N11958915WA0040000388
B2343244750184N11958915WA0040000388
B2343254750184N11958915WA0040000388
B2343264750184N11958915WA0040000388
B2343274750184N11958915WA0040000388
B2343284750184N11958915WA0040000388
B2343294750184N11958915WA0040000388
B2343304750184N11958915WA0040000388
B2343314750184N11958915WA0040000388
B2343324750184N11958915WA0040000388
B2343334750184N11958915WA0040000388
B2343344750184N11958915WA0040000388
B2343354750184N11958915WA0040000388
B2343364750184N11958915WA0040000388
B2343374750184N11958915WA0040000388
B2343384750184N11958915WA0040000388
B2343394750184N11958915WA0040000388
B2343404750184N11958915WA0040000389
B2343414750184N11958915WA0040000389
B2343424750184N11958915WA0040000389
B2343434750184N11958915WA0040000389
B2343444750184N11958915WA0040000389
B2343454750184N11958915WA0040000389
B2343464750184N11958915WA0040000389
B2343474750184N11958915WA0040000389
B2343484750184N11958915WA0040000389
B2343494750184N11958915WA0040000389
B2343504750184N11958915WA0040000389
B2343514750184N11958915WA0040000389
B2343524750184N11958915WA0040000389
B2343534750184N11958915WA0040000389
B2343544750184N11958915WA0040000389
B2343554750184N11958915WA0040000389
B2343564750184N11958915WA0040000389
B2343574750184N11958915WA0040000389
B2343584750184N11958915WA0040000389
B2343594750184N11958915WA0040000389
B2344004750184N11958915WA0040000389
B2344014750184N11958915WA0040000389
B2344024750184N11958915WA0040000389
B2344034750184N11958915WA0040000389
B2344044750184N11958915WA0040000389
B2344054750184N11958916WA0040000389
B2344064750184N11958916WA0040000390
B2344074750184N11958916WA0040000390
B2344084750184N11958916WA0040000390
B2344094750184N11958916WA0040000390
B2344104750184N11958916WA0040000390
B2344114750184N11958916WA0040000390
B2344124750184N11958916WA0040000390
B2344134750184N11958916WA0040000390
B2344144750184N11958916WA0040000389
B2344154750184N11958916WA0040000389
B2344164750184N11958916WA0040000389
B2344174750184N11958916WA0040000389
B2344184750184N11958916WA0040000389
B2344194750184N11958916WA0040000389
B2344204750184N11958916WA0040000389
B2344214750184N11958916WA0040000389
B2344224750184N11958916WA0040000389
B2344234750184N11958916WA0040000389
B2344244750184N11958916WA0040000389
B2344254750184N11958916WA0040000389
B2344264750184N11958916WA0040100389
B2344274750184N11958916WA0040000390
B2344284750184N11958916WA0040000390
B2344294750184N11958916WA0040000390
B2344304750184N11958916WA0040000390
B2344314750184N11958916WA0040000390
B2344324750184N11958916WA0040000390
B2344334750184N11958916WA0040000391
B2344344750184N11958916WA0040000391
B2344354750184N11958916WA0040000391
B2344364750184N11958916WA0040000391
B2344374750184N11958916WA0040000391
B2344384750184N11958916WA0040000391
B2344394750184N11958916WA0040000391
B2344404750184N11958916WA0040000392
B2344414750184N11958916WA0040000392
B2344424750184N11958916WA0040000392
B2344434750184N11958916WA0040000392
B2344444750184N11958916WA0040000392
B2344454750184N11958916WA0040000391
B2344464750184N11958916WA0040000391
B2344474750184N11958916WA0040000391
B2344484750184N11958916WA0040000391
B2344494750184N11958916WA0040000391
B2344504750184N11958916WA0040000391
B2344514750184N11958916WA0040000391
B2344524750184N11958916WA0040000391
B2344534750184N11958916WA0040000391
B2344544750184N11958916WA0040000391
B2344554750184N11958916WA0040000391
B2344564750184N11958916WA0040000391
B2344574750184N11958916WA0040000391
B2344584750184N11958916WA0040000391
B2344594750184N11958916WA0040000391
B2345004750184N11958916WA0040000391
B2345014750184N11958916WA0040000390
B2345024750184N11958916WA0040000390
B2345034750184N11958916WA0040000390
B2345044750184N11958916WA0040000390
B2345054750184N11958916WA0040000390
B2345064750184N11958916WA0040000390
B2345074750185N11958916WA0040000390
B2345084750185N11958916WA0040000390
B2345094750185N11958916WA0040000390
B2345104750185N11958916WA0040000390
B2345114750185N11958916WA0040000390
B2345124750185N11958915WA0040000390
B2345134750185N11958915WA0040000390
B2345144750185N11958915WA0040000390
B2345154750185N11958915WA0040000390
B2345164750185N11958915WA0040000390
B2345174750185N11958915WA0040000391
B2345184750185N11958915WA0040000391
B2345194750185N11958915WA0040000391
B2345204750185N11958915WA0040000391
B2345214750185N11958915WA0040000391
B2345224750185N11958915WA0040000392
B2345234750185N11958915WA0040000392
B2345244750185N11958915WA0040000392
B2345254750185N11958915WA0040000392
B2345264750185N11958915WA0040000392
B2345274750185N11958915WA0040000392
B2345284750185N11958915WA0040000393
B2345294750185N11958915WA0040000393
B2345304750185N11958915WA0040000393
B2345314750185N11958915WA0040000393
B2345324750185N11958915WA0040000393
B2345334750185N11958915WA0040000393
B2345344750185N11958915WA0040000393
B2345354750186N11958915WA0040000393
B2345364750186N11958915WA0040000393
B2345374750186N11958915WA0040000393
B2345384750185N11958915WA0040000393
B2345394750185N11958915WA0040000393
B2345404750185N11958915WA0040000393
B2345414750185N11958915WA0040000393
B2345424750185N11958915WA0040000393
B2345434750185N11958915WA0040100393
B2345444750185N11958915WA0040000393
B2345454750185N11958915WA0040000393
B2345464750185N11958915WA0040000393
B2345474750185N11958915WA0040100393
B2345484750185N11958915WA0040100393
B2345494750186N11958915WA0040000393
B2345504750186N11958915WA0040000393
B2345514750186N11958915WA0040000393
B2345524750186N11958915WA0040000393
B2345534750186N11958915WA0040000393
B2345544750186N11958915WA0040000393
B2345554750186N11958915WA0040000393
B2345564750186N11958915WA0040000393
B2345574750186N11958915WA0040100393
B2345584750186N11958915WA0040000392
B2345594750186N11958915WA0040000392
B2346004750186N11958915WA0040000392
B2346014750186N11958915WA0040000392
B2346024750186N11958915WA0040000392
B2346034750186N11958915WA0040000392
B2346044750186N11958915WA0040000392
B2346054750186N11958916WA0040000392
B2346064750186N11958916WA0040000392
B2346074750186N11958916WA0040000391
B2346084750186N11958916WA0040000391
B2346094750186N11958916WA0040000391
B2346104750186N11958916WA0040000391
B2346114750186N11958916WA0040000391
B2346124750186N11958916WA0040000391
B2346134750186N11958916WA0040000390
B2346144750186N11958916WA0040000390
B2346154750186N11958916WA0040000390
B2346164750186N11958916WA0040000390
B2346174750185N11958916WA0040000390
B2346184750186N11958916WA0040000390
B2346194750186N11958916WA0040000389
B2346204750186N11958916WA0040000389
B2346214750186N11958916WA0040000389
B2346224750186N11958916WA0040000389
B2346234750186N11958916WA0040000389
B2346244750186N11958916WA0040000389
B2346254750186N11958916WA0040000389
B2346264750186N11958916WA0040000389
B2346274750186N11958916WA0040000389
B2346284750186N11958916WA0040000390
B2346294750186N11958916WA0040000390
B2346304750186N11958916WA0040000390
B2346314750186N11958916WA0040000390
B2346324750186N11958916WA0040000390
B2346334750186N11958916WA0040000391
B2346344750186N11958916WA0040000391
B2346354750186N11958916WA0040000391
B2346364750186N11958917WA0040000391
B2346374750186N11958917WA0040000391
B2346384750186N11958917WA0040000391
B2346394750186N11958917WA0040000392
B2346404750186N11958917WA0040000392
B2346414750186N11958917WA0040000392
B2346424750186N11958917WA0040000392
B2346434750186N11958917WA0040000392
B2346444750186N11958917WA0040000392
B2346454750186N11958917WA0040000392
B2346464750186N11958917WA0040000392
B2346474750186N11958917WA0040000392
B2346484750186N11958917WA0040000392
B2346494750186N11958917WA0040000392
B2346504750186N11958917WA0040000392
B2346514750186N11958917WA0040000392
B2346524750186N11958917WA0040000392
B2346534750186N11958917WA0040000392
B2346544750186N11958917WA0040000392
B2346554750186N11958917WA0040000392
B2346564750186N11958917WA0040000392
B2346574750186N11958917WA0040000391
B2346584750186N11958917WA0040000391
B2346594750186N11958917WA0040000391
B2347004750186N11958917WA0040000391
B2347014750186N11958917WA0040000391
B2347024750186N11958916WA0040000391
B2347034750186N11958916WA0040000390
B2347044750186N11958916WA0040000390
B2347054750186N11958916WA0040000390
B2347064750186N11958916WA0040000390
B2347074750186N11958916WA0040000390
B2347084750186N11958916WA0040000390
B2347094750186N11958916WA0040000390
B2347104750186N11958916WA0040000390
B2347114750186N11958916WA0040000389
B2347124750186N11958916WA0040000389
B2347134750185N11958916WA0040000389
B2347144750185N11958916WA0040000389
B2347154750185N11958916WA0040000389
B2347164750185N11958916WA0040000389
B2347174750185N11958916WA0040000389
B2347184750185N11958916WA0040000389
B2347194750185N11958916WA0040000389
B2347204750185N11958916WA0040000388
B2347214750185N11958916WA0040000388
B2347224750185N11958916WA0040000388
B2347234750185N11958916WA0040000388
B2347244750185N11958916WA0040000388
B2347254750185N11958916WA0040000388
B2347264750185N11958916WA0040000388
B2347274750185N11958916WA0040000388
B2347284750185N11958916WA0040000388
B2347294750185N11958916WA0040000388
B2347304750185N11958915WA0040000388
B2347314750185N11958915WA0040000388
B2347324750185N11958915WA0040000388
B2347334750185N11958915WA0040000388
B2347344750185N11958915WA0040000388
B2347354750185N11958915WA0040000388
B2347364750185N11958915WA0040000388
B2347374750185N11958915WA0040000388
B2347384750185N11958915WA0039900387
B2347394750184N11958915WA0039900387
B2347404750184N11958915WA0040000388
B2347414750184N11958915WA0039900387
B2347424750184N11958915WA0040000388
B2347434750185N11958915WA0039900387
B2347444750185N11958915WA0040000387
B2347454750185N11958915WA0040000387
B2347464750185N11958914WA0040000387
B2347474750185N11958915WA0040000388
B2347484750185N11958915WA0040000389
B2347494750185N11958914WA0040000390
B2347504750185N11958915WA0040000390
B2347514750185N11958915WA0040000391
B2347524750185N11958915WA0040000391
B2347534750185N11958915WA0040000391
B2347544750185N11958915WA0040000392
B2347554750185N11958915WA0040000392
B2347564750185N11958915WA0040000392
B2347574750185N11958915WA0040000392
B2347584750185N11958915WA0039900392
B2347594750185N11958916WA0040000392
B2348004750185N11958916WA0040000392
B2348014750185N11958916WA0039900392
B2348024750185N11958916WA0040000392
B2348034750185N11958916WA0040000392
B2348044750185N11958916WA0040000392
B2348054750185N11958916WA0040000392
B2348064750185N11958916WA0040000392
B2348074750185N11958916WA0040000392
B2348084750185N11958916WA0040000392
B2348094750185N11958916WA0040000392
B2348104750185N11958916WA0040000392
B2348114750185N11958916WA0040000392
B2348124750185N11958916WA0040000392
B2348134750185N11958916WA0040000392
B2348144750185N11958916WA0040000392
B2348154750184N11958916WA0040000392
B2348164750184N11958916WA0040000392
B2348174750184N11958916WA0040000392
B2348184750184N11958916WA0039900392
B2348194750184N11958916WA0039900392
B2348204750184N11958916WA0039900391
B2348214750184N11958916WA0039900391
B2348224750184N11958916WA0039900391
B2348234750184N11958916WA0039900391
B2348244750184N11958916WA0040000391
B2348254750184N11958916WA0040000391
B2348264750184N11958916WA0039900391
B2348274750184N11958916WA0040000391
B2348284750184N11958916WA0040000391
B2348294750184N11958916WA0040000391
B2348304750184N11958916WA0040000391
B2348314750184N11958916WA0040000391
B2348324750184N11958916WA0040000391
B2348334750184N11958916WA0040000391
B2348344750184N11958916WA0040000391
B2348354750184N11958916WA0040000392
B2348364750184N11958916WA0040000392
B2348374750184N11958916WA0040000392
B2348384750184N11958916WA0040000392
B2348394750184N11958916WA0040000392
B2348404750183N11958916WA0040000392
B2348414750183N11958916WA0040000392
B2348424750183N11958916WA0040000392
B2348434750183N11958916WA0040000392
B2348444750183N11958916WA0040000392
B2348454750183N11958916WA0040000392
B2348464750183N11958916WA0040000392
B2348474750183N11958916WA0040000392
B2348484750183N11958916WA0039900392
B2348494750183N11958916WA0040000392
B2348504750183N11958916WA0040000393
B2348514750183N11958916WA0040000393
B2348524750183N11958916WA0040000393
B2348534750183N11958916WA0040000393
B2348544750183N11958916WA0040000393
B2348554750183N11958916WA0040000393
B2348564750183N11958916WA0040000393
B2348574750183N11958916WA0040000393
B2348584750183N11958916WA0040000393
B2348594750184N11958916WA0040000393
B2349004750184N11958916WA0040000393
B2349014750184N11958916WA0040000393
B2349024750184N11958916WA0040000393
B2349034750184N11958916WA0040000393
B2349044750184N11958916WA0040000393
B2349054750184N11958916WA0040000393
B2349064750184N11958916WA0040000393
B2349074750184N11958916WA0040000393
B2349084750184N11958916WA0040000393
B2349094750184N11958916WA0040000393
B2349104750184N11958916WA0040000393
B2349114750184N11958916WA0040000393
B2349124750184N11958916WA0040000393
B2349134750184N11958916WA0040000393
B2349144750184N11958916WA0040000393
B2349154750184N11958916WA0040000393
B2349164750184N11958916WA0040000393
B2349174750184N11958916WA0040000393
B2349184750184N11958916WA0039900393
B2349194750184N11958916WA0039900392
B2349204750184N11958916WA0040000392
B2349214750185N11958916WA0040000392
B2349224750185N11958916WA0039900392
B2349234750185N11958916WA0039900392
B2349244750185N11958916WA0040000392
B2349254750185N11958916WA0040000393
B2349264750185N11958916WA0039900393
B2349274750185N11958916WA0039900392
B2349284750185N11958916WA0040000392
B2349294750185N11958916WA0040000392
B2349304750185N11958916WA0040000392
B2349314750185N11958916WA0040000392
B2349324750185N11958916WA0040000392
B2349334750185N11958916WA0040000392
B2349344750185N11958916WA0040000392
B2349354750185N11958916WA0040000393
B2349364750185N11958916WA0040000393
B2349374750185N11958916WA0040000393
B2349384750185N11958916WA0040000393
B2349394750185N11958916WA0039900393
B2349404750185N11958916WA0039900393
B2349414750185N11958916WA0039900393
B2349424750185N11958917WA0039900393
B2349434750185N11958917WA0040000393
B2349444750185N11958917WA0040000392
B2349454750185N11958917WA0040000392
B2349464750185N11958917WA0040000392
B2349474750185N11958917WA0040000392
B2349484750185N11958917WA0040000392
B2349494750185N11958917WA0040000392
B2349504750185N11958917WA0040000392
B2349514750185N11958917WA0040000392
B2349524750185N11958917WA0040000391
B2349534750185N11958917WA0040000391
B2349544750185N11958917WA0039900391
B2349554750185N11958917WA0040000391
B2349564750185N11958917WA0040000391
B2349574750185N11958917WA0039900391
B2349584750185N11958917WA0040000391
B2349594750185N11958917WA0040000391
B2350004750185N11958917WA0040000391
B2350014750185N11958917WA0040000391
B2350024750185N11958917WA0040000391
B2350034750185N11958917WA0040000392
B2350044750185N11958917WA0040000392
B2350054750185N11958917WA0040000392
B2350064750185N11958917WA0040000392
B2350074750185N11958917WA0040000392
B2350084750185N11958917WA0040000392
B2350094750185N11958917WA0040000392
B2350104750185N11958917WA0040000392
B2350114750184N11958917WA0040000392
B2350124750184N11958917WA0040000392
B2350134750185N11958917WA0040000392
B2350144750185N11958917WA0039900393
B2350154750185N11958917WA0039900393
B2350164750185N11958917WA0039900393
B2350174750185N11958917WA0039900393
B2350184750185N11958917WA0039900393
B2350194750185N11958917WA0039900393
B2350204750185N11958917WA0040000393
B2350214750185N11958917WA0040000394
B2350224750185N11958917WA0040000394
B2350234750185N11958917WA0040000394
B2350244750185N11958917WA0040000395
B2350254750185N11958917WA0040000395
B2350264750185N11958917WA0040000395
B2350274750185N11958917WA0040000395
B2350284750185N11958917WA0040000395
B2350294750185N11958917WA0040000395
B2350304750185N11958917WA0040000395
B2350314750185N11958917WA0040000395
B2350324750185N11958917WA0040000396
B2350334750185N11958917WA0040000396
B2350344750185N11958917WA0040000396
B2350354750185N11958917WA0040000396
B2350364750185N11958917WA0040000396
B2350374750185N11958917WA0040000396
B2350384750185N11958917WA0040000395
B2350394750185N11958917WA0040000395
B2350404750185N11958917WA0040000395
B2350414750185N11958917WA0040000395
B2350424750185N11958917WA0040000395
B2350434750185N11958917WA0040000394
B2350444750185N11958917WA0040000394
B2350454750184N11958916WA0040000394
B2350464750184N11958916WA0039900394
B2350474750184N11958916WA0039900393
B2350484750184N11958916WA0039900393
B2350494750184N11958916WA0039900393
B2350504750184N11958916WA0039900393
B2350514750184N11958916WA0039900393
B2350524750184N11958916WA0039900393
B2350534750184N11958916WA0039900393
B2350544750184N11958916WA0039900393
B2350554750184N11958916WA0039900393
B2350564750184N11958916WA0039900393
B2350574750184N11958916WA0039900393
B2350584750184N11958916WA0039900393
B2350594750184N11958916WA0040000393
B2351004750184N11958916WA0040000393
B2351014750184N11958916WA0040000393
B2351024750184N11958916WA0040000393
B2351034750185N11958916WA0039900392
B2351044750185N11958916WA0039900392
B2351054750185N11958916WA0039900392
B2351064750185N11958916WA0039900392
B2351074750185N11958916WA0039900392
B2351084750185N11958915WA0040000392
B2351094750185N11958915WA0040000392
B2351104750185N11958915WA0040000392
B2351114750185N11958915WA0039900392
B2351124750185N11958915WA0039900392
B2351134750185N11958915WA0039900392
B2351144750185N11958915WA0040000392
B2351154750185N11958915WA0040000392
B2351164750185N11958915WA0040000392
B2351174750185N11958915WA0040000393
B2351184750185N11958915WA0040000393
B2351194750185N11958915WA0040000393
B2351204750185N11958915WA0040000393
B2351214750185N11958915WA0039900393
B2351224750185N11958915WA0040000393
B2351234750185N11958915WA0039900393
B2351244750185N11958915WA0039900393
B2351254750185N11958915WA0040000393
B2351264750185N11958915WA0040000393
B2351274750185N11958915WA0039900393
B2351284750185N11958915WA0040000393
B2351294750185N11958915WA0039900393
B2351304750185N11958915WA0040000393
B2351314750185N11958915WA0039900393
B2351324750185N11958915WA0039900393
B2351334750185N11958915WA0039900393
B2351344750185N11958915WA0040000393
B2351354750185N11958914WA0040000393
B2351364750185N11958914WA0040000393
B2351374750185N11958914WA0040000393
B2351384750185N11958914WA0040000393
B2351394750185N11958914WA0040000393
B2351404750185N11958914WA0040000392
B2351414750185N11958914WA0040000392
B2351424750185N11958914WA0040000392
B2351434750185N11958914WA0040000392
B2351444750185N11958914WA0040000392
B2351454750185N11958914WA0039900392
B2351464750185N11958914WA0040000392
B2351474750185N11958914WA0040000392
B2351484750185N11958914WA0040000392
B2351494750185N11958914WA0040000392
B2351504750185N11958914WA0040000392
B2351514750185N11958914WA0039900392
B2351524750185N11958914WA0040000392
B2351534750185N11958914WA0040000392
B2351544750185N11958914WA0040000392
B2351554750185N11958914WA0040000392
B2351564750185N11958914WA0040000392
B2351574750185N11958914WA0040000392
B2351584750185N11958914WA0040000392
B2351594750185N11958914WA0039900392
B2352004750185N11958914WA0039900392
B2352014750185N11958914WA0040000392
B2352024750185N11958914WA0040000392
B2352034750185N11958914WA0040000392
B2352044750185N11958914WA0040000392
B2352054750185N11958914WA0040000392
B2352064750185N11958914WA0040000392
B2352074750185N11958914WA0040000392
B2352084750185N11958914WA0040000392
B2352094750185N11958914WA0040000392
B2352104750186N11958914WA0040000392
B2352114750186N11958914WA0040000392
B2352124750186N11958915WA0040000392
B2352134750186N11958915WA0040000392
B2352144750186N11958915WA0040000392
B2352154750186N11958915WA0040000392
B2352164750186N11958915WA0040000392
B2352174750186N11958915WA0040000392
B2352184750185N11958915WA0040000392
B2352194750185N11958915WA0040000392
B2352204750186N11958915WA0039900392
B2352214750186N11958915WA0040000392
B2352224750186N11958915WA0040000392
B2352234750186N11958915WA0040000392
B2352244750186N11958915WA0040000392
B2352254750186N11958915WA0040000392
B2352264750186N11958915WA0039900392
B2352274750186N11958914WA0040000392
B2352284750186N11958914WA0040000392
B2352294750186N11958914WA0040000392
B2352304750186N11958914WA0039900392
B2352314750186N11958914WA0039900391
B2352324750186N11958914WA0039900391
B2352334750186N11958914WA0039900391
B2352344750186N11958914WA0040000391
B2352354750186N11958914WA0039900391
B2352364750186N11958914WA0039900391
B2352374750186N11958914WA0040000391
B2352384750186N11958914WA0040000391
B2352394750186N11958914WA0040000391
B2352404750186N11958914WA0040000391
B2352414750186N11958914WA0040000391
B2352424750186N11958914WA0040000391
B2352434750186N11958914WA0040000391
B2352444750186N11958914WA0040000391
B2352454750186N11958914WA0040000391
B2352464750186N11958914WA0040000390
B2352474750186N11958914WA0040000390
B2352484750186N11958914WA0040000390
B2352494750186N11958914WA0040000390
B2352504750186N11958914WA0040000390
B2352514750186N11958914WA0040000390
B2352524750186N11958914WA0040000390
B2352534750186N11958914WA0040000390
B2352544750186N11958914WA0040000390
B2352554750186N11958914WA0040000390
B2352564750186N11958914WA0040000390
B2352574750186N11958914WA0040000390
B2352584750186N11958914WA0040000390
B2352594750185N11958914WA0040000390
B2353004750185N11958914WA0039900389
B2353014750185N11958914WA0039900389
B2353024750185N11958914WA0039900389
B2353034750185N11958914WA0039900389
B2353044750185N11958914WA0039900389
B2353054750185N11958914WA0039900389
B2353064750185N11958914WA0039900389
B2353074750185N11958914WA0039900389
B2353084750185N11958914WA0039900389
B2353094750185N11958914WA0039900389
B2353104750185N11958914WA0040000389
B2353114750185N11958914WA0040000389
B2353124750185N11958914WA0040000389
B2353134750185N11958914WA0040000389
B2353144750185N11958914WA0040000389
B2353154750185N11958914WA0040000389
B2353164750185N11958914WA0040000389
B2353174750185N11958914WA0039900389
B2353184750185N11958914WA0039900389
B2353194750185N11958914WA0039900388
B2353204750185N11958914WA0039900388
B2353214750185N11958914WA0039900388
B2353224750185N11958914WA0040000388
B2353234750185N11958914WA0039900388
B2353244750185N11958914WA0039900388
B2353254750185N11958915WA0039900389
B2353264750185N11958915WA0039900389
B2353274750185N11958915WA0039900389
B2353284750185N11958915WA0039900389
B2353294750185N11958915WA0039900389
B2353304750185N11958915WA0039900389
B2353314750185N11958915WA0039900389
B2353324750185N11958915WA0039900389
B2353334750185N11958915WA0039900388
B2353344750185N11958915WA0039900388
B2353354750185N11958915WA0039900388
B2353364750185N11958915WA0039900388
B2353374750185N11958915WA0039900388
B2353384750185N11958915WA0039900388
B2353394750185N11958915WA0039900388
B2353404750185N11958915WA0039900388
B2353414750185N11958915WA0039900388
B2353424750185N11958915WA0039900388
B2353434750185N11958915WA0039900388
B2353444750185N11958915WA0039900388
B2353454750185N11958915WA0039900388
B2353464750185N11958915WA0039900388
B2353474750185N11958915WA0039900388
B2353484750185N11958915WA0039900388
B2353494750185N11958915WA0039900388
B2353504750185N11958915WA0039900388
B2353514750185N11958915WA0039900388
B2353524750185N11958915WA0039900388
B2353534750185N11958916WA0039900388
B2353544750185N11958916WA0039900388
B2353554750185N11958916WA0039900388
B2353564750185N11958916WA0039900388
B2353574750185N11958916WA0039900388
B2353584750185N11958916WA0039900388
B2353594750185N11958916WA0039900388
B2354004750185N11958916WA0039900388
B2354014750185N11958915WA0039900388
B2354024750185N11958915WA0039800388
B2354034750186N11958915WA0039800388
B2354044750186N11958915WA0039900388
B2354054750186N11958915WA0039900388
B2354064750186N11958915WA0039900389
B2354074750186N11958915WA0039900389
B2354084750186N11958915WA0039900389
B2354094750186N11958915WA0039900389
B2354104750186N11958915WA0039900389
B2354114750186N11958915WA0039900389
B2354124750186N11958915WA0039900389
B2354134750186N11958915WA0039900389
B2354144750186N11958915WA0039900389
B2354154750186N11958915WA0039900390
B2354164750186N11958915WA0039900389
B2354174750186N11958915WA0039900389
B2354184750186N11958915WA0039900389
B2354194750186N11958915WA0039900389
B2354204750186N11958915WA0039900389
B2354214750186N11958915WA0039900389
B2354224750186N11958915WA0039900389
B2354234750186N11958915WA0039900389
B2354244750186N11958915WA0039900389
B2354254750186N11958915WA0039900389
B2354264750186N11958915WA0039900389
B2354274750186N11958915WA0039900388
B2354284750186N11958915WA0039900388
B2354294750186N11958915WA0039900388
B2354304750186N11958915WA0039900388
B2354314750186N11958915WA0039900388
B2354324750186N11958915WA0039900388
B2354334750186N11958915WA0039900387
B2354344750186N11958915WA0039900387
B2354354750186N11958915WA0039900387
B2354364750186N11958915WA0039900387
B2354374750186N11958915WA0039900387
B2354384750186N11958915WA0039900387
B2354394750186N11958915WA0039900387
B2354404750186N11958915WA0039900387
B2354414750186N11958915WA0039900387
B2354424750186N11958915WA0039900387
B2354434750186N11958914WA0039900387
B2354444750186N11958914WA0039900387
B2354454750186N11958914WA0039900387
B2354464750186N11958914WA0039900387
B2354474750186N11958914WA0039900387
B2354484750186N11958914WA0039900386
B2354494750186N11958914WA0039900386
B2354504750185N11958914WA0039900386
B2354514750185N11958914WA0039900386
B2354524750185N11958914WA0040000386
B2354534750185N11958914WA0040000386
B2354544750185N11958914WA0039900386
B2354554750185N11958914WA0039900386
B2354564750185N11958914WA0040000386
B2354574750185N11958914WA0039900386
B2354584750185N11958914WA0039900386
B2354594750185N11958914WA0039900386
B2355004750185N11958914WA0039900386
B2355014750185N11958914WA0039900386
B2355024750185N11958914WA0039900386
B2355034750185N11958914WA0039900386
B2355044750185N11958914WA0039900386
B2355054750185N11958914WA0039900387
B2355064750185N11958914WA0039900387
B2355074750185N11958914WA0039900387
B2355084750185N11958914WA0039900387
B2355094750185N11958914WA0039900387
B2355104750185N11958914WA0039900387
B2355114750185N11958914WA0039900387
B2355124750185N11958914WA0039900387
B2355134750185N11958914WA0039900387
B2355144750185N11958914WA0039900387
B2355154750185N11958914WA0039900388
B2355164750185N11958914WA0039900388
B2355174750185N11958914WA0039900388
B2355184750185N11958914WA0040000388
B2355194750185N11958914WA0040000388
B2355204750185N11958914WA0039900388
B2355214750185N11958914WA0039900388
B2355224750185N11958914WA0040000388
B2355234750185N11958914WA0039900388
B2355244750185N11958914WA0039900388
B2355254750185N11958914WA0039900389
B2355264750185N11958914WA0039900389
B2355274750185N11958914WA0040000389
B2355284750185N11958914WA0039900389
B2355294750185N11958914WA0039900389
B2355304750185N11958914WA0039900389
B2355314750185N11958914WA0039900389
B2355324750185N11958914WA0039900389
B2355334750185N11958914WA0039900389
B2355344750185N11958914WA0039900389
B2355354750185N11958914WA0039900389
B2355364750185N11958914WA0039900389
B2355374750185N11958914WA0039900389
B2355384750185N11958914WA0039900389
B2355394750185N11958914WA0039900389
B2355404750185N11958914WA0039900389
B2355414750185N11958914WA0039900389
B2355424750185N11958914WA0039900389
B2355434750185N11958914WA0039900389
B2355444750185N11958914WA0039900389
B2355454750185N11958914WA0039900389
B2355464750185N11958914WA0039900389
B2355474750185N11958914WA0039900389
B2355484750185N11958914WA0040000389
B2355494750185N11958914WA0040000389
B2355504750185N11958914WA0039900389
B2355514750185N11958914WA0039900389
B2355524750185N11958914WA0039800389
B2355534750185N11958914WA0039800389
B2355544750185N11958914WA0039900389
B2355554750185N11958914WA0039800389
B2355564750185N11958914WA0039800389
B2355574750185N11958914WA0039900389
B2355584750185N11958914WA0039900389
B2355594750185N11958914WA0039900389
B2356004750185N11958914WA0039800389
B2356014750185N11958914WA0039900389
B2356024750185N11958914WA0039900389
B2356034750185N11958914WA0039900389
B2356044750185N11958914WA0039800389
B2356054750185N11958914WA0039900389
B2356064750185N11958914WA0039800389
B2356074750185N11958914WA0039800389
B2356084750185N11958914WA0039900389
B2356094750185N11958914WA0039900389
B2356104750185N11958914WA0039900389
B2356114750185N11958914WA0039900389
B2356124750185N11958914WA0039900389
B2356134750185N11958914WA0039900389
B2356144750185N11958914WA0039900389
B2356154750185N11958914WA0039900389
B2356164750185N11958914WA0039900389
B2356174750185N11958914WA0039900389
B2356184750185N11958914WA0039900389
B2356194750185N11958914WA0039900389
B2356204750185N11958914WA0039900389
B2356214750185N11958914WA0039900389
B2356224750185N11958914WA0039900389
B2356234750185N11958914WA0039900389
B2356244750185N11958914WA0040000389
B2356254750185N11958914WA0039900389
B2356264750185N11958914WA0039900389
B2356274750185N11958914WA0039900388
B2356284750185N11958914WA0040000389
B2356294750185N11958914WA0040000388
B2356304750185N11958914WA0040000388
B2356314750185N11958914WA0040000388
B2356324750185N11958914WA0040000388
B2356334750185N11958914WA0040000388
B2356344750185N11958914WA0040000388
B2356354750185N11958914WA0039900388
B2356364750185N11958914WA0040000388
B2356374750185N11958914WA0039900388
B2356384750185N11958914WA0040000388
B2356394750185N11958914WA0040000387
B2356404750185N11958914WA0040000387
B2356414750185N11958914WA0039900387
B2356424750185N11958914WA0039900387
B2356434750185N11958914WA0040000387
B2356444750185N11958914WA0040000387
B2356454750185N11958914WA0040000387
B2356464750185N11958914WA0039900387
B2356474750185N11958914WA0039900387
B2356484750185N11958914WA0039900387
B2356494750185N11958914WA0039900387
B2356504750185N11958913WA0039900387
B2356514750185N11958913WA0039900387
B2356524750185N11958913WA0040000387
B2356534750185N11958913WA0040000387
B2356544750185N11958913WA0040000387
B2356554750185N11958913WA0039900387
B2356564750185N11958913WA0040000387
B2356574750185N11958913WA0040000387
B2356584750185N11958913WA0039900387
B2356594750185N11958913WA0039900387
B2357004750185N11958913WA0040000387
B2357014750185N11958913WA0039900386
B2357024750185N11958913WA0039900386
B2357034750185N11958913WA0039900387
B2357044750185N11958913WA0039900387
B2357054750185N11958913WA0039900387
B2357064750185N11958913WA0039900387
B2357074750185N11958913WA0039900387
B2357084750185N11958913WA0039900387
B2357094750185N11958913WA0039900387
B2357104750184N11958914WA0039900387
B2357114750184N11958914WA0039900387
B2357124750184N11958914WA0039900387
B2357134750184N11958914WA0039900387
B2357144750184N11958914WA0039900387
B2357154750184N11958914WA0039900387
B2357164750184N11958914WA0039900387
B2357174750184N11958914WA0039900387
B2357184750184N11958914WA0039800387
B2357194750184N11958914WA0039800387
B2357204750184N11958914WA0039800387
B2357214750184N11958914WA0039900387
B2357224750184N11958914WA0039800386
B2357234750184N11958914WA0039900386
B2357244750184N11958914WA0039800386
B2357254750184N11958914WA0039800386
B2357264750184N11958914WA0039900386
B2357274750184N11958914WA0039800386
B2357284750184N11958914WA0039800386
B2357294750184N11958914WA0039800386
B2357304750184N11958914WA0039800386
B2357314750184N11958914WA0039800386
B2357324750184N11958914WA0039800386
B2357334750184N11958914WA0039800386
B2357344750184N11958914WA0039800386
B2357354750184N11958914WA0039800386
B2357364750184N11958914WA0039800386
B2357374750184N11958914WA0039800387
B2357384750184N11958914WA0039900387
B2357394750184N11958914WA0039900387
B2357404750184N11958914WA0039900387
B2357414750184N11958914WA0039900387
B2357424750185N11958913WA0039900387
B2357434750185N11958913WA0039900387
B2357444750185N11958913WA0039900387
B2357454750185N11958913WA0039900387
B2357464750185N11958913WA0039900387
B2357474750185N11958913WA0039900387
B2357484750185N11958914WA0039900387
B2357494750185N11958914WA0039900387
B2357504750185N11958914WA0039900387
B2357514750185N11958914WA0039900387
B2357524750185N11958914WA0039900387
B2357534750185N11958914WA0039900387
B2357544750185N11958914WA0039900387
B2357554750185N11958914WA0039900387
B2357564750185N11958914WA0039900387
B2357574750185N11958914WA0039900387
B2357584750185N11958914WA0039900387
B2357594750185N11958914WA0039900387
B2358004750185N11958914WA0039900387
B2358014750185N11958914WA0039900387
B2358024750185N11958914WA0039900387
B2358034750185N11958914WA0039900387
B2358044750185N11958914WA0039900387
B2358054750185N11958914WA0039900387
B2358064750185N11958914WA0039900387
B2358074750185N11958914WA0039900388
B2358084750185N11958914WA0039900388
B2358094750185N11958914WA0039900388
B2358104750185N11958914WA0039900388
B2358114750185N11958914WA0039900388
B2358124750185N11958914WA0039900388
B2358134750185N11958914WA0039900388
B2358144750185N11958914WA0039900388
B2358154750185N11958914WA0039900388
B2358164750185N11958914WA0039900388
B2358174750186N11958913WA0039900388
B2358184750186N11958913WA0039900388
B2358194750186N11958913WA0039900388
B2358204750186N11958913WA0039900388
B2358214750186N11958913WA0039900388
B2358224750186N11958913WA0039900388
B2358234750186N11958913WA0039900388
B2358244750186N11958913WA0039900388
B2358254750186N11958913WA0039900388
B2358264750186N11958913WA0039900388
B2358274750186N11958913WA0039900388
B2358284750186N11958913WA0039900388
B2358294750186N11958913WA0039900388
B2358304750186N11958913WA0039900388
B2358314750186N11958913WA0039900388
B2358324750186N11958913WA0039900388
B2358334750186N11958913WA0039900388
B2358344750186N11958913WA0039900388
B2358354750186N11958913WA0039900388
B2358364750186N11958913WA0039900388
B2358374750186N11958914WA0039900388
B2358384750186N11958913WA0039900388
B2358394750186N11958913WA0039900388
B2358404750186N11958913WA0039900388
B2358414750186N11958913WA0039900388
B2358424750186N11958913WA0039900388
B2358434750186N11958914WA0039900388
B2358444750186N11958914WA0039900388
B2358454750186N11958914WA0039900388
B2358464750186N11958914WA0039900388
B2358474750186N11958914WA0039900388
B2358484750186N11958914WA0039900387
B2358494750185N11958914WA0039900387
B2358504750185N11958914WA0039900387
B2358514750185N11958914WA0039900387
B2358524750185N11958914WA0039900387
B2358534750185N11958914WA0039900387
B2358544750185N11958914WA0039900387
B2358554750185N11958914WA0039900386
B2358564750185N11958914WA0039900386
B2358574750185N11958914WA0039900386
B2358584750185N11958914WA0039900386
B2358594750185N11958914WA0039900386
B2359004750185N11958914WA0039900386
B2359014750185N11958914WA0039900386
B2359024750185N11958914WA0039900386
B2359034750185N11958914WA0039900386
B2359044750185N11958914WA0039900386
B2359054750185N11958914WA0040000386
B2359064750185N11958914WA0039900386
B2359074750185N11958914WA0039900386
B2359084750185N11958914WA0039900386
B2359094750185N11958914WA0039900386
B2359104750185N11958914WA0039900386
B2359114750185N11958914WA0039900386
B2359124750185N11958914WA0039900386
B2359134750185N11958914WA0039900386
B2359144750185N11958914WA0039900386
B2359154750185N11958914WA0039900386
B2359164750185N11958914WA0039900386
B2359174750185N11958914WA0039900386
B2359184750185N11958914WA0039900386
B2359194750185N11958914WA0040000386
B2359204750185N11958914WA0039900386
B2359214750185N11958914WA0039900386
B2359224750185N11958914WA0039900386
B2359234750185N11958914WA0039900387
B2359244750185N11958914WA0039900387
B2359254750185N11958914WA0039900387
B2359264750185N11958914WA0039900387
B2359274750185N11958914WA0039900387
B2359284750185N11958914WA0039900387
B2359294750185N11958914WA0039900387
B2359304750185N11958914WA0039900387
B2359314750185N11958914WA0039900387
B2359324750185N11958914WA0039900387
B2359334750185N11958914WA0039900387
B2359344750185N11958914WA0039900387
B2359354750185N11958914WA0039900387
B2359364750185N11958914WA0039900387
B2359374750185N11958914WA0039900387
B2359384750185N11958914WA0039900387
B2359394750185N11958914WA0039900387
B2359404750185N11958914WA0039900387
B2359414750185N11958914WA0039900387
B2359424750185N11958914WA0039900386
B2359434750185N11958914WA0039900386
B2359444750185N11958913WA0039900386
B2359454750185N11958913WA0039900386
B2359464750185N11958913WA0039900387
B2359474750185N11958914WA0039900387
B2359484750185N11958914WA0039900387
B2359494750185N11958914WA0039900387
B2359504750185N11958914WA0039900387
B2359514750185N11958914WA0040000387
B2359524750185N11958914WA0040000387
B2359534750185N11958914WA0040000387
B2359544750185N11958914WA0040000387
B2359554750185N11958914WA0039900387
B2359564750185N11958914WA0039900387
B2359574750185N11958914WA0039900387
B2359584750185N11958914WA0039900387
B2359594750185N11958914WA0040000387
B0000004750185N11958914WA0039900387
B0000014750185N11958914WA0039900387
B0000024750185N11958914WA0039900387
B0000034750185N11958914WA0039900387
B0000044750185N11958914WA0039900387
B0000054750185N11958914WA0039900387
B0000064750185N11958914WA0039900387
B0000074750185N11958914WA0039900387
B0000084750185N11958914WA0039900387
B0000094750185N11958914WA0039900387
B0000104750185N11958914WA0039900387
B0000114750185N11958914WA0039800387
B0000124750185N11958914WA0039900387
B0000134750185N11958914WA0039900387
B0000144750185N11958914WA0039900387
B0000154750185N11958914WA0039900387
B0000164750185N11958914WA0039900387
B0000174750185N11958914WA0039900387
B0000184750185N11958914WA0039800387
B0000194750185N11958914WA0039900387
B0000204750185N11958914WA0039900388
B0000214750185N11958914WA0039800388
B0000224750185N11958914WA0039900388
B0000234750185N11958914WA0039900388
B0000244750185N11958914WA0039900388
B0000254750185N11958914WA0039800388
B0000264750185N11958914WA0039800388
B0000274750185N11958914WA0039800388
B0000284750185N11958914WA0039800388
B0000294750185N11958914WA0039800388
B0000304750185N11958914WA0039800388
B0000314750185N11958914WA0039800388
B0000324750185N11958914WA0039900388
B0000334750184N11958914WA0039800388
B0000344750184N11958914WA0039800389
B0000354750184N11958914WA0039900389
B0000364750184N11958914WA0039900389
B0000374750184N11958914WA0039800389
B0000384750184N11958914WA0039800389
B0000394750184N11958914WA0039800390
B0000404750184N11958914WA0039900390
B0000414750184N11958914WA0039900390
B0000424750184N11958913WA0039900390
B0000434750184N11958913WA0039800390
B0000444750184N11958914WA0039900390
B0000454750184N11958914WA0039800390
B0000464750184N11958914WA0039800390
B0000474750184N11958914WA0039900390
B0000484750184N11958914WA0039800390
B0000494750184N11958914WA0039900390
B0000504750184N11958914WA0039900390
B0000514750184N11958914WA0039800390
B0000524750185N11958914WA0039800389
B0000534750185N11958914WA0039800389
B0000544750185N11958914WA0039800389
B0000554750185N11958914WA0039800389
B0000564750185N11958914WA0039800389
B0000574750185N11958914WA0039800389
B0000584750185N11958914WA0039800389
B0000594750185N11958914WA0039800389
B0001004750185N11958914WA0039800389
B0001014750185N11958914WA0039800389
B0001024750185N11958914WA0039800389
B0001034750185N11958914WA0039800389
B0001044750185N11958914WA0039800389
B0001054750185N11958914WA0039800389
B0001064750185N11958914WA0039900389
B0001074750185N11958914WA0039800389
B0001084750185N11958914WA0039900388
B0001094750185N11958914WA0039800388
B0001104750185N11958914WA0039800388
B0001114750185N11958914WA0039900388
B0001124750185N11958914WA0039900388
B0001134750185N11958914WA0039900388
B0001144750185N11958914WA0039800388
B0001154750185N11958914WA0039900388
B0001164750185N11958914WA0039900388
B0001174750185N11958914WA0039900388
B0001184750185N11958914WA0039900388
B0001194750185N11958914WA0039900388
B0001204750185N11958914WA0039900388
B0001214750185N11958914WA0039900388
B0001224750185N11958914WA0039900388
B0001234750185N11958914WA0039900388
B0001244750185N11958914WA0039900387
B0001254750185N11958914WA0039900387
B0001264750185N11958914WA0039800387
B0001274750185N11958914WA0039900387
B0001284750185N11958914WA0039900387
B0001294750185N11958914WA0039900387
B0001304750185N11958914WA0039900386
B0001314750184N11958914WA0039900386
B0001324750184N11958914WA0039800386
B0001334750184N11958914WA0039800386
B0001344750184N11958914WA0039900386
B0001354750184N11958914WA0039900386
B0001364750184N11958914WA0039900385
B0001374750184N11958914WA0039900385
B0001384750184N11958914WA0039900385
B0001394750184N11958914WA0039900385
B0001404750184N11958914WA0039800385
B0001414750184N11958914WA0039800385
B0001424750184N11958914WA0039800385
B0001434750184N11958914WA0039800386
B0001444750184N11958914WA0039800386
B0001454750184N11958914WA0039800386
B0001464750184N11958914WA0039900386
B0001474750184N11958914WA0039800386
B0001484750184N11958914WA0039800386
B0001494750184N11958914WA0039800385
B0001504750184N11958914WA0039800385
B0001514750184N11958914WA0039900385
B0001524750184N11958914WA0039900386
B0001534750184N11958914WA0039900385
B0001544750184N11958914WA0039900385
B0001554750184N11958914WA0039900386
B0001564750184N11958914WA0039800386
B0001574750184N11958914WA0039900386
B0001584750184N11958914WA0039900386
B0001594750184N11958914WA0039900386
B0002004750184N11958914WA0039800386
B0002014750185N11958914WA0039800386
B0002024750185N11958914WA0039800386
B0002034750185N11958914WA0039800386
B0002044750185N11958914WA0039800386
B0002054750185N11958914WA0039900386
B0002064750185N11958914WA0039800386
B0002074750185N11958914WA0039800387
B0002084750185N11958914WA0039900387
B0002094750185N11958914WA0039900387
B0002104750185N11958914WA0039900387
B0002114750185N11958914WA0039900387
B0002124750185N11958914WA0039900387
B0002134750185N11958914WA0039900387
B0002144750185N11958914WA0039800387
B0002154750185N11958914WA0039800387
B0002164750185N11958914WA0039800387
B0002174750185N11958914WA0039900387
B0002184750185N11958914WA0039800387
B0002194750185N11958914WA0039900387
B0002204750185N11958914WA0039900387
B0002214750185N11958914WA0039900387
B0002224750185N11958914WA0039900387
B0002234750185N11958914WA0039800387
B0002244750185N11958914WA0039900387
B0002254750185N11958914WA0039900387
B0002264750185N11958914WA0039800387
B0002274750185N11958914WA0039900387
B0002284750185N11958914WA0039900387
B0002294750185N11958914WA0039900387
B0002304750185N11958914WA0039800387
B0002314750185N11958914WA0039900387
B0002324750185N11958914WA0039800388
B0002334750185N11958914WA0039900388
B0002344750185N11958914WA0039800388
B0002354750185N11958914WA0039900388
B0002364750185N11958914WA0039900388
B0002374750185N11958914WA0039900388
B0002384750185N11958914WA0039900388
B0002394750185N11958914WA0039900388
B0002404750185N11958914WA0039800388
B0002414750185N11958914WA0039900388
B0002424750185N11958914WA0039800388
B0002434750185N11958914WA0039800388
B0002444750185N11958914WA0039800388
B0002454750185N11958914WA0039800388
B0002464750185N11958914WA0039800388
B0002474750185N11958914WA0039800388
B0002484750185N11958915WA0039800388
B0002494750185N11958915WA0039800388
B0002504750185N11958915WA0039900388
B0002514750185N11958915WA0039900388
B0002524750185N11958915WA0039900388
B0002534750185N11958915WA0039800388
B0002544750185N11958915WA0039800388
B0002554750185N11958915WA0039900388
B0002564750185N11958915WA0039800388
B0002574750185N11958915WA0039900388
B0002584750185N11958915WA0039800388
B0002594750185N11958915WA0039800388
B0003004750185N11958915WA0039800388
B0003014750184N11958915WA0039800388
B0003024750184N11958915WA0039800388
B0003034750184N11958915WA0039800388
B0003044750184N11958915WA0039800388
B0003054750184N11958915WA0039800387
B0003064750184N11958915WA0039800387
B0003074750184N11958915WA0039800387
B0003084750184N11958915WA0039800387
B0003094750184N11958915WA0039800387
B0003104750184N11958915WA0039800387
B0003114750184N11958915WA0039800387
B0003124750184N11958915WA0039800387
B0003134750184N11958915WA0039800387
B0003144750184N11958915WA0039800386
B0003154750184N11958915WA0039800386
B0003164750184N11958915WA0039800386
B0003174750184N11958915WA0039800386
B0003184750184N11958915WA0039900386
B0003194750184N11958915WA0039900386
B0003204750184N11958915WA0039900385
B0003214750184N11958915WA0039800385
B0003224750184N11958915WA0039800385
B0003234750184N11958915WA0039900385
B0003244750184N11958915WA0039800385
B0003254750184N11958915WA0039800385
B0003264750184N11958915WA0039800385
B0003274750184N11958915WA0039800384
B0003284750184N11958915WA0039800384
B0003294750184N11958915WA0039800384
B0003304750184N11958915WA0039800384
B0003314750184N11958915WA0039800384
B0003324750184N11958915WA0039800384
B0003334750184N11958915WA0039800384
B0003344750184N11958915WA0039800384
B0003354750184N11958915WA0039800384
B0003364750184N11958916WA0039800384
B0003374750184N11958916WA0039800384
B0003384750184N11958916WA0039800385
B0003394750184N11958916WA0039800385
B0003404750184N11958916WA0039900385
B0003414750184N11958916WA0039900385
B0003424750184N11958916WA0039800385
B0003434750184N11958916WA0039800385
B0003444750184N11958916WA0039800385
B0003454750184N11958916WA0039800385
B0003464750184N11958916WA0039800385
B0003474750184N11958916WA0039800385
B0003484750184N11958916WA0039800385
B0003494750184N11958916WA0039900385
B0003504750184N11958916WA0039900386
B0003514750184N11958916WA0039900386
B0003524750184N11958916WA0039800386
B0003534750184N11958916WA0039800386
B0003544750184N11958916WA0039800386
B0003554750184N11958916WA0039800386
B0003564750184N11958916WA0039800386
B0003574750184N11958916WA0039800386
B0003584750184N11958916WA0039800386
B0003594750184N11958916WA0039800386
B0004004750184N11958915WA0039800386
B0004014750184N11958915WA0039800386
B0004024750184N11958915WA0039800386
B0004034750184N11958915WA0039800386
B0004044750184N11958915WA0039800386
B0004054750184N11958915WA0039800386
B0004064750184N11958915WA0039800386
B0004074750184N11958915WA0039800386
B0004084750184N11958915WA0039800386
B0004094750184N11958915WA0039900386
B0004104750184N11958915WA0039800386
B0004114750184N11958915WA0039800386
B0004124750184N11958915WA0039800386
B0004134750184N11958915WA0039800386
B0004144750184N11958915WA0039800386
B0004154750184N11958915WA0039800386
B0004164750184N11958915WA0039900386
B0004174750184N11958915WA0039900386
B0004184750184N11958915WA0039900386
B0004194750184N11958915WA0039900386
B0004204750184N11958915WA0039800386
B0004214750184N11958915WA0039800386
B0004224750184N11958915WA0039800386
B0004234750184N11958915WA0039800386
B0004244750184N11958915WA0039800386
B0004254750184N11958915WA0039800386
B0004264750184N11958915WA0039900386
B0004274750184N11958915WA0039800386
B0004284750184N11958915WA0039800386
B0004294750184N11958915WA0039900386
B0004304750184N11958915WA0039900386
B0004314750184N11958915WA0039800386
B0004324750184N11958915WA0039800386
B0004334750184N11958915WA0039900386
B0004344750184N11958915WA0039900387
B0004354750184N11958915WA0039900387
B0004364750184N11958914WA0039900387
B0004374750184N11958914WA0039800387
B0004384750184N11958914WA0039800387
B0004394750184N11958914WA0039800387
B0004404750184N11958914WA0039800387
B0004414750184N11958914WA0039900387
B0004424750184N11958914WA0039900387
B0004434750184N11958914WA0039800387
B0004444750184N11958914WA0039800387
B0004454750184N11958914WA0039800387
B0004464750184N11958914WA0039800387
B0004474750184N11958914WA0039800387
B0004484750184N11958914WA0039900387
B0004494750184N11958914WA0039800388
B0004504750184N11958914WA0039800388
B0004514750184N11958914WA0039800388
B0004524750184N11958914WA0039800388
B0004534750184N11958914WA0039800389
B0004544750184N11958913WA0039800389
B0004554750184N11958913WA0039900389
B0004564750184N11958913WA0039800389
B0004574750184N11958913WA0039800390
B0004584750184N11958913WA0039900390
B0004594750184N11958913WA0039800390
B0005004750184N11958913WA0039800390
B0005014750184N11958913WA0039800390
B0005024750184N11958913WA0039800390
B0005034750184N11958913WA0039800390
B0005044750184N11958913WA0039800390
B0005054750184N11958913WA0039800390
B0005064750184N11958913WA0039900390
B0005074750184N11958913WA0039900390
B0005084750184N11958913WA0039900390
B0005094750184N11958913WA0039800390
B0005104750184N11958913WA0039800390
B0005114750183N11958913WA0039800390
B0005124750183N11958913WA0039800390
B0005134750183N11958913WA0039800390
B0005144750183N11958913WA0039800390
B0005154750183N11958913WA0039800390
B0005164750183N11958913WA0039800390
B0005174750183N11958913WA0039800390
B0005184750183N11958913WA0039900390
B0005194750183N11958913WA0039800390
B0005204750183N11958913WA0039800390
B0005214750183N11958913WA0039800390
B0005224750183N11958913WA0039900390
B0005234750183N11958913WA0039900389
B0005244750183N11958913WA0039800389
B0005254750183N11958913WA0039800389
B0005264750183N11958913WA0039800389
B0005274750183N11958913WA0039800389
B0005284750183N11958913WA0039800389
B0005294750184N11958913WA0039800389
B0005304750184N11958913WA0039800389
B0005314750184N11958913WA0039800389
B0005324750184N11958913WA0039800388
B0005334750184N11958913WA0039800388
B0005344750184N11958913WA0039800388
B0005354750184N11958913WA0039800388
B0005364750184N11958913WA0039800388
B0005374750184N11958913WA0039800388
B0005384750184N11958913WA0039800387
B0005394750184N11958913WA0039800387
B0005404750184N11958913WA0039800387
B0005414750184N11958913WA0039800387
B0005424750184N11958913WA0039800387
B0005434750184N11958913WA0039800387
B0005444750184N11958913WA0039800387
B0005454750184N11958913WA0039800387
B0005464750184N11958913WA0039800387
B0005474750184N11958913WA0039800387
B0005484750184N11958913WA0039800387
B0005494750184N11958913WA0039800387
B0005504750184N11958913WA0039800387
B0005514750184N11958913WA0039800387
B0005524750184N11958913WA0039800387
B0005534750184N11958913WA0039800388
B0005544750184N11958913WA0039800388
B0005554750184N11958913WA0039900388
B0005564750184N11958913WA0039800388
B0005574750184N11958913WA0039800388
B0005584750184N11958913WA0039800388
B0005594750184N11958913WA0039800388
B0006004750184N11958913WA0039800389
B0006014750184N11958913WA0039800389
B0006024750184N11958913WA0039900389
B0006034750184N11958913WA0039900389
B0006044750184N11958913WA0039800389
B0006054750184N11958913WA0039800389
B0006064750184N11958913WA0039800389
B0006074750184N11958913WA0039900389
B0006084750184N11958913WA0039900389
B0006094750184N11958913WA0039800389
B0006104750184N11958913WA0039900389
B0006114750184N11958913WA0039800389
B0006124750184N11958913WA0039800389
B0006134750184N11958913WA0039800389
B0006144750184N11958913WA0039800390
B0006154750184N11958913WA0039800390
B0006164750184N11958913WA0039800390
B0006174750184N11958913WA0039900390
B0006184750184N11958914WA0039900390
B0006194750184N11958914WA0039800389
B0006204750184N11958914WA0039800389
B0006214750184N11958913WA0039900389
B0006224750184N11958913WA0039900389
B0006234750184N11958913WA0039900389
B0006244750184N11958913WA0039900389
B0006254750184N11958914WA0039900389
B0006264750184N11958914WA0039800389
B0006274750184N11958914WA0039800389
B0006284750184N11958914WA0039800389
B0006294750184N11958914WA0039800389
B0006304750184N11958914WA0039800389
B0006314750184N11958914WA0039900388
B0006324750184N11958914WA0039900388
B0006334750184N11958914WA0039800388
B0006344750184N11958914WA0039800388
B0006354750184N11958914WA0039800388
B0006364750184N11958914WA0039800388
B0006374750184N11958914WA0039800388
B0006384750184N11958914WA0039800387
B0006394750184N11958914WA0039800387
B0006404750184N11958914WA0039800387
B0006414750184N11958914WA0039800387
B0006424750184N11958914WA0039800387
B0006434750184N11958913WA0039800387
B0006444750184N11958913WA0039800387
B0006454750184N11958913WA0039800387
B0006464750184N11958913WA0039800388
B0006474750184N11958913WA0039800388
B0006484750184N11958913WA0039800388
B0006494750184N11958913WA0039800388
B0006504750184N11958913WA0039900388
B0006514750184N11958913WA0039900388
B0006524750184N11958913WA0039900388
B0006534750184N11958913WA0039900388
B0006544750184N11958913WA0039900388
B0006554750184N11958913WA0039900388
B0006564750184N11958913WA0039800388
B0006574750184N11958913WA0039900388
B0006584750184N11958913WA0039900388
B0006594750184N11958913WA0039800388
B0007004750184N11958913WA0039900388
B0007014750184N11958913WA0039900388
B0007024750184N11958913WA0039800388
B0007034750184N11958913WA0039800388
B0007044750184N11958913WA0039800388
B0007054750184N11958913WA0039800388
B0007064750184N11958913WA0039900388
B0007074750184N11958913WA0039800389
B0007084750184N11958913WA0039800389
B0007094750184N11958913WA0039800389
B0007104750184N11958913WA0039800389
B0007114750184N11958913WA0039800389
B0007124750184N11958913WA0039800389
B0007134750184N11958913WA0039800389
B0007144750184N11958913WA0039800390
B0007154750184N11958913WA0039800390
B0007164750184N11958913WA0039800390
B0007174750184N11958913WA0039800390
B0007184750184N11958913WA0039700390
B0007194750184N11958913WA0039800390
B0007204750184N11958913WA0039800390
B0007214750184N11958913WA0039800390
B0007224750184N11958913WA0039800390
B0007234750184N11958913WA0039800390
B0007244750184N11958913WA0039900390
B0007254750184N11958913WA0039900390
B0007264750184N11958913WA0039900390
B0007274750184N11958913WA0039900390
B0007284750184N11958913WA0039900390
B0007294750184N11958913WA0039900390
B0007304750184N11958913WA0039900390
B0007314750184N11958913WA0039900390
B0007324750184N11958913WA0039900390
B0007334750184N11958913WA0039900390
B0007344750184N11958913WA0039800390
B0007354750184N11958913WA0039800390
B0007364750184N11958913WA0039800390
B0007374750184N11958913WA0039800390
B0007384750184N11958913WA0039800390
B0007394750184N11958913WA0039800390
B0007404750184N11958913WA0039800390
B0007414750184N11958913WA0039800390
B0007424750184N11958913WA0039800390
B0007434750184N11958914WA0039800390
B0007444750184N11958914WA0039800390
B0007454750184N11958914WA0039800389
B0007464750184N11958914WA0039800389
B0007474750184N11958914WA0039800389
B0007484750184N11958914WA0039800389
B0007494750184N11958914WA0039800390
B0007504750184N11958914WA0039800390
B0007514750184N11958914WA0039800390
B0007524750184N11958914WA0039800390
B0007534750184N11958914WA0039800390
B0007544750184N11958914WA0039800389
B0007554750184N11958914WA0039800389
B0007564750184N11958914WA0039800389
B0007574750184N11958914WA0039800389
B0007584750184N11958914WA0039800389
B0007594750184N11958914WA0039800389
B0008004750184N11958914WA0039800389
B0008014750184N11958914WA0039800389
B0008024750184N11958914WA0039800389
B0008034750184N11958914WA0039800389
B0008044750184N11958914WA0039800389
B0008054750184N11958914WA0039800389
B0008064750184N11958914WA0039800389
B0008074750184N11958914WA0039800389
B0008084750184N11958914WA0039800389
B0008094750184N11958914WA0039800389
B0008104750184N11958914WA0039800388
B0008114750184N11958914WA0039900388
B0008124750184N11958914WA0039900388
B0008134750184N11958914WA0039900388
B0008144750184N11958914WA0039800388
B0008154750184N11958914WA0039800388
B0008164750184N11958914WA0039800389
B0008174750184N11958914WA0039900389
B0008184750184N11958914WA0039800389
B0008194750184N11958914WA0039800389
B0008204750184N11958914WA0039800389
B0008214750184N11958914WA0039800389
B0008224750184N11958914WA0039800389
B0008234750184N11958914WA0039800389
B0008244750184N11958914WA0039800389
B0008254750184N11958914WA0039800389
B0008264750184N11958914WA0039800389
B0008274750184N11958914WA0039800389
B0008284750184N11958914WA0039800388
B0008294750184N11958914WA0039800389
B0008304750184N11958914WA0039800389
B0008314750184N11958914WA0039800388
B0008324750184N11958914WA0039800388
B0008334750184N11958914WA0039800388
B0008344750184N11958914WA0039800388
B0008354750184N11958914WA0039800388
B0008364750184N11958914WA0039800388
B0008374750184N11958914WA0039800388
B0008384750184N11958914WA0039800388
B0008394750184N11958914WA0039800388
B0008404750184N11958914WA0039800388
B0008414750184N11958914WA0039800388
B0008424750184N11958914WA0039800388
B0008434750184N11958914WA0039800388
B0008444750184N11958913WA0039800388
B0008454750184N11958913WA0039900388
B0008464750184N11958914WA0039900388
B0008474750184N11958914WA0039800388
B0008484750184N11958914WA0039900388
B0008494750184N11958913WA0039900388
B0008504750184N11958913WA0039900388
B0008514750184N11958914WA0039900388
B0008524750184N11958914WA0039900387
B0008534750184N11958914WA0039900387
B0008544750184N11958914WA0039800387
B0008554750184N11958914WA0039900387
B0008564750184N11958914WA0039800387
B0008574750184N11958914WA0039800387
B0008584750184N11958913WA0039800387
B0008594750184N11958913WA0039800388
B0009004750184N11958913WA0039800388
B0009014750184N11958913WA0039800388
B0009024750184N11958913WA0039800388
B0009034750184N11958913WA0039800388
B0009044750184N11958913WA0039800388
B0009054750184N11958913WA0039800388
B0009064750184N11958914WA0039800388
B0009074750184N11958914WA0039800388
B0009084750184N11958914WA0039800388
B0009094750184N11958914WA0039800388
B0009104750184N11958914WA0039900388
B0009114750184N11958914WA0039800388
B0009124750184N11958914WA0039900388
B0009134750184N11958914WA0039800388
B0009144750184N11958914WA0039800388
B0009154750184N11958914WA0039800388
B0009164750184N11958914WA0039900388
B0009174750184N11958914WA0039900388
B0009184750184N11958914WA0039800388
B0009194750184N11958914WA0039900388
B0009204750184N11958914WA0039900388
B0009214750184N11958914WA0039800388
B0009224750184N11958914WA0039800388
B0009234750184N11958914WA0039800388
B0009244750184N11958914WA0039900388
B0009254750184N11958914WA0039800388
B0009264750184N11958914WA0039800388
B0009274750184N11958914WA0039800388
B0009284750184N11958914WA0039900388
B0009294750184N11958914WA0039900388
B0009304750184N11958914WA0039800388
B0009314750184N11958914WA0039800388
B0009324750184N11958914WA0039900388
B0009334750184N11958914WA0039800388
B0009344750184N11958914WA0039900388
B0009354750184N11958914WA0039900388
B0009364750184N11958914WA0039800388
B0009374750184N11958914WA0039800388
B0009384750184N11958914WA0039800388
B0009394750184N11958914WA0039800388
B0009404750184N11958914WA0039900388
B0009414750184N11958914WA0039900388
B0009424750184N11958914WA0039900388
B0009434750184N11958914WA0039900388
B0009444750184N11958914WA0039900388
B0009454750184N11958914WA0039900388
B0009464750184N11958914WA0039900389
B0009474750184N11958914WA0039900389
B0009484750184N11958914WA0039800389
B0009494750184N11958914WA0039900389
B0009504750184N11958914WA0039800389
B0009514750184N11958914WA0039800388
B0009524750184N11958914WA0039800388
B0009534750184N11958914WA0039900388
B0009544750184N11958914WA0039800388
B0009554750184N11958914WA0039900388
B0009564750184N11958914WA0039800388
B0009574750184N11958914WA0039800388
B0009584750184N11958914WA0039800388
B0009594750184N11958914WA0039800387
B0010004750184N11958914WA0039800387
B0010014750184N11958914WA0039800387
B0010024750184N11958914WA0039900387
B0010034750184N11958914WA0039900387
B0010044750184N11958914WA0039900387
B0010054750184N11958914WA0039900387
B0010064750184N11958914WA0039900387
B0010074750184N11958914WA0039900387
B0010084750184N11958914WA0039900387
B0010094750184N11958914WA0039900387
B0010104750184N11958914WA0039800387
B0010114750184N11958914WA0039900387
B0010124750184N11958914WA0039800387
B0010134750184N11958914WA0039800387
B0010144750184N11958914WA0039900387
B0010154750184N11958914WA0039800387
B0010164750184N11958914WA0039800387
B0010174750184N11958914WA0039800387
B0010184750184N11958914WA0039900387
B0010194750184N11958914WA0039900387
B0010204750184N11958914WA0039900387
B0010214750184N11958914WA0039900387
B0010224750184N11958914WA0039900387
B0010234750184N11958914WA0039800387
B0010244750184N11958914WA0039900387
B0010254750184N11958914WA0039900387
B0010264750184N11958914WA0039900387
B0010274750184N11958914WA0039900387
B0010284750184N11958914WA0039900387
B0010294750184N11958914WA0039900386
B0010304750184N11958914WA0039900386
B0010314750184N11958914WA0039900386
B0010324750184N11958914WA0039900386
B0010334750184N11958914WA0039900386
B0010344750184N11958914WA0039900386
B0010354750184N11958914WA0039900386
B0010364750184N11958914WA0039900386
B0010374750184N11958914WA0039800386
B0010384750184N11958914WA0039800386
B0010394750184N11958914WA0039800386
B0010404750184N11958914WA0039800386
B0010414750184N11958914WA0039800386
B0010424750184N11958914WA0039800386
B0010434750184N11958914WA0039800386
B0010444750184N11958914WA0039900386
B0010454750184N11958914WA0039900386
B0010464750184N11958914WA0039900386
B0010474750184N11958914WA0039800386
B0010484750184N11958914WA0039800386
B0010494750184N11958914WA0039800386
B0010504750184N11958914WA0039800387
B0010514750184N11958914WA0039800387
B0010524750184N11958914WA0039800387
B0010534750184N11958914WA0039800387
B0010544750184N11958914WA0039900387
B0010554750184N11958914WA0039900387
B0010564750184N11958914WA0039800387
B0010574750184N11958914WA0039900387
B0010584750184N11958914WA0039800387
B0010594750184N11958914WA0039900387
B0011004750184N11958914WA0039900387
B0011014750184N11958914WA0039900387
B0011024750184N11958914WA0039900387
B0011034750184N11958914WA0039900387
B0011044750184N11958914WA0039900387
B0011054750184N11958914WA0039900387
B0011064750184N11958914WA0039900387
B0011074750184N11958914WA0039900387
B0011084750184N11958914WA0039900387
B0011094750184N11958914WA0039900387
B0011104750184N11958914WA0039900387
B0011114750184N11958914WA0039900387
B0011124750184N11958914WA0039900388
B0011134750184N11958914WA0039900387
B0011144750184N11958914WA0039800387
B0011154750184N11958914WA0039900387
B0011164750184N11958914WA0039900387
B0011174750184N11958914WA0039900387
B0011184750184N11958914WA0039900387
B0011194750184N11958914WA0039900387
B0011204750184N11958914WA0039800387
B0011214750184N11958914WA0039800387
B0011224750184N11958914WA0039900387
B0011234750184N11958914WA0039900387
B0011244750184N11958914WA0039800387
B0011254750184N11958914WA0039800387
B0011264750184N11958914WA0039800387
B0011274750184N11958914WA0039900387
B0011284750184N11958914WA0039800387
B0011294750184N11958914WA0039800387
B0011304750184N11958914WA0039800386
B0011314750184N11958914WA0039900386
B0011324750184N11958914WA0039900386
B0011334750184N11958914WA0039900386
B0011344750184N11958914WA0039900386
B0011354750185N11958914WA0039900386
B0011364750185N11958914WA0039900386
B0011374750185N11958914WA0039900386
B0011384750185N11958914WA0039900386
B0011394750185N11958914WA0039900387
B0011404750185N11958914WA0039900387
B0011414750185N11958914WA0039900387
B0011424750185N11958914WA0039900387
B0011434750185N11958914WA0039800387
B0011444750185N11958914WA0039900387
B0011454750185N11958914WA0039900387
B0011464750185N11958914WA0039900387
B0011474750184N11958914WA0039900388
B0011484750184N11958914WA0039800388
B0011494750184N11958914WA0039900388
B0011504750184N11958914WA0039900388
B0011514750184N11958914WA0039900388
B0011524750184N11958914WA0039900388
B0011534750184N11958914WA0039900388
B0011544750184N11958914WA0039900388
B0011554750184N11958914WA0039900388
B0011564750184N11958914WA0039900388
B0011574750184N11958914WA0039900388
B0011584750184N11958914WA0039800388
B0011594750184N11958914WA0039900388
B0012004750184N11958914WA0039900388
B0012014750184N11958914WA0039900388
B0012024750184N11958914WA0039900388
B0012034750184N11958914WA0039900388
B0012044750184N11958914WA0039800388
B0012054750184N11958914WA0039800388
B0012064750184N11958914WA0039900388
B0012074750184N11958913WA0039900388
B0012084750184N11958913WA0039900388
B0012094750184N11958913WA0039900388
B0012104750184N11958913WA0039900388
B0012114750184N11958913WA0039900389
B0012124750184N11958913WA0039900389
B0012134750184N11958913WA0039900389
B0012144750184N11958913WA0039900389
B0012154750184N11958913WA0039900389
B0012164750184N11958913WA0039900389
B0012174750184N11958913WA0039900389
B0012184750184N11958913WA0039800389
B0012194750184N11958913WA0039900389
B0012204750184N11958913WA0039900389
B0012214750184N11958913WA0039900389
B0012224750184N11958913WA0039900389
B0012234750184N11958913WA0039900389
B0012244750184N11958913WA0039800389
B0012254750184N11958913WA0039900389
B0012264750184N11958913WA0039900389
B0012274750184N11958913WA0039900389
B0012284750184N11958913WA0039900389
B0012294750184N11958913WA0039900389
B0012304750184N11958913WA0039800389
B0012314750184N11958913WA0039900389
B0012324750184N11958913WA0039900389
B0012334750184N11958913WA0039900389
B0012344750183N11958913WA0039800389
B0012354750183N11958913WA0039800389
B0012364750183N11958913WA0039900389
B0012374750183N11958913WA0039900389
B0012384750183N11958914WA0039900389
B0012394750183N11958914WA0039900389
B0012404750183N11958914WA0039800389
B0012414750183N11958914WA0039900389
B0012424750183N11958914WA0039900389
B0012434750183N11958914WA0039800389
B0012444750183N11958914WA0039900389
B0012454750183N11958914WA0039900389
B0012464750183N11958914WA0039900389
B0012474750183N11958914WA0039900389
B0012484750183N11958914WA0039900389
B0012494750183N11958914WA0039900389
B0012504750183N11958914WA0039900389
B0012514750183N11958914WA0039900389
B0012524750184N11958914WA0039900389
B0012534750183N11958914WA0039900389
B0012544750183N11958914WA0039900389
B0012554750183N11958914WA0039900389
B0012564750183N11958914WA0039900389
B0012574750183N11958914WA0039900389
B0012584750183N11958914WA0039900389
B0012594750183N11958914WA0039800389
B0013004750183N11958914WA0039900389
B0013014750183N11958914WA0039900389
B0013024750183N11958914WA0039900389
B0013034750183N11958914WA0039900389
B0013044750183N11958914WA0039900389
B0013054750183N11958914WA0039900389
B0013064750183N11958914WA0039900389
B0013074750183N11958914WA0039900389
B0013084750183N11958914WA0039900389
B0013094750183N11958914WA0039900389
B0013104750183N11958914WA0039900389
B0013114750183N11958914WA0039900389
B0013124750184N11958914WA0039900389
B0013134750184N11958914WA0039900389
B0013144750184N11958914WA0039900389
B0013154750184N11958914WA0039900389
B0013164750184N11958914WA0039800389
B0013174750184N11958914WA0039900389
B0013184750184N11958914WA0039800389
B0013194750184N11958914WA0039900389
B0013204750184N11958914WA0039900389
B0013214750184N11958914WA0039900389
B0013224750184N11958914WA0039900389
B0013234750184N11958914WA0039900389
B0013244750184N11958914WA0039900389
B0013254750184N11958914WA0039900389
B0013264750183N11958914WA0039900389
B0013274750183N11958914WA0039900389
B0013284750183N11958914WA0039900389
B0013294750183N11958914WA0039900389
B0013304750183N11958914WA0039800389
B0013314750183N11958914WA0039900389
B0013324750183N11958914WA0039900389
B0013334750183N11958914WA0039800389
B0013344750183N11958914WA0039900389
B0013354750183N11958914WA0039900389
B0013364750183N11958914WA0039900389
B0013374750183N11958914WA0039900389
B0013384750183N11958914WA0039900389
B0013394750183N11958914WA0039900389
B0013404750183N11958914WA0039900389
B0013414750183N11958914WA0039900389
B0013424750183N11958914WA0039900389
B0013434750183N11958913WA0039900389
B0013444750183N11958913WA0039800389
B0013454750183N11958913WA0039900389
B0013464750183N11958913WA0039900389
B0013474750183N11958913WA0039900389
B0013484750183N11958913WA0039800389
B0013494750183N11958913WA0039900389
B0013504750183N11958913WA0039900389
B0013514750183N11958913WA0039900389
B0013524750183N11958913WA0039800389
B0013534750183N11958913WA0039800389
B0013544750183N11958913WA0039900389
B0013554750183N11958913WA0039900389
B0013564750183N11958913WA0039900389
B0013574750183N11958913WA0039900389
B0013584750183N11958913WA0039900389
B0013594750183N11958913WA0039900389
B0014004750183N11958913WA0039900389
B0014014750183N11958913WA0039900389
B0014024750183N11958913WA0039900389
B0014034750183N11958913WA0039900389
B0014044750183N11958913WA0039900388
B0014054750183N11958913WA0039900388
B0014064750183N11958913WA0039900388
B0014074750183N11958913WA0039900388
B0014084750183N11958913WA0039900388
B0014094750184N11958913WA0039900388
B0014104750184N11958913WA0039900388
B0014114750184N11958913WA0039900388
B0014124750184N11958913WA0039900388
B0014134750184N11958913WA0039900388
B0014144750184N11958913WA0039900388
B0014154750184N11958913WA0039900388
B0014164750184N11958913WA0039900388
B0014174750184N11958913WA0039900389
B0014184750184N11958913WA0039900389
B0014194750184N11958913WA0039900389
B0014204750184N11958913WA0039900389
B0014214750184N11958913WA0039900389
B0014224750184N11958913WA0039900389
B0014234750184N11958913WA0039800389
B0014244750184N11958913WA0039900389
B0014254750184N11958913WA0039900389
B0014264750184N11958914WA0039900389
B0014274750184N11958914WA0039900389
B0014284750184N11958914WA0039900389
B0014294750184N11958914WA0039900389
B0014304750184N11958914WA0039900389
B0014314750184N11958914WA0039900389
B0014324750184N11958914WA0039900389
B0014334750184N11958914WA0039900389
B0014344750184N11958914WA0039900389
B0014354750184N11958914WA0039900389
B0014364750184N11958914WA0039900389
B0014374750184N11958914WA0039900389
B0014384750184N11958914WA0039900389
B0014394750184N11958914WA0039900389
B0014404750184N11958914WA0040000390
B0014414750184N11958914WA0039900390
B0014424750184N11958914WA0039900390
B0014434750184N11958914WA0040000390
B0014444750184N11958914WA0040000390
B0014454750184N11958914WA0039900390
B0014464750184N11958914WA0039900390
B0014474750184N11958914WA0040000390
B0014484750184N11958914WA0039900390
B0014494750184N11958914WA0039900390
B0014504750184N11958914WA0039900390
B0014514750184N11958914WA0039900390
B0014524750184N11958914WA0039900390
B0014534750184N11958914WA0039900390
B0014544750184N11958914WA0039900390
B0014554750184N11958914WA0039900390
B0014564750184N11958914WA0039900390
B0014574750184N11958915WA0039900390
B0014584750184N11958915WA0039900390
B0014594750184N11958915WA0039900390
B0015004750184N11958915WA0039900390
B0015014750184N11958915WA0039900390
B0015024750184N11958915WA0039900390
B0015034750184N11958915WA0039900390
B0015044750184N11958915WA0040000390
B0015054750184N11958915WA0039900389
B0015064750184N11958915WA0039900389
B0015074750184N11958915WA0039900389
B0015084750184N11958915WA0039900389
B0015094750184N11958914WA0039900389
B0015104750184N11958914WA0039900389
B0015114750184N11958914WA0039900389
B0015124750184N11958914WA0039900389
B0015134750184N11958914WA0039900388
B0015144750184N11958914WA0039900388
B0015154750184N11958914WA0039900388
B0015164750184N11958914WA0039800388
B0015174750184N11958914WA0039900388
B0015184750184N11958914WA0039800388
B0015194750184N11958914WA0039800388
B0015204750184N11958914WA0039900388
B0015214750184N11958914WA0039900388
B0015224750184N11958914WA0039900388
B0015234750184N11958914WA0039900388
B0015244750184N11958914WA0039900387
B0015254750184N11958914WA0039900387
B0015264750184N11958914WA0039900387
B0015274750184N11958914WA0039900387
B0015284750184N11958914WA0039900387
B0015294750184N11958913WA0039900387
B0015304750184N11958913WA0039900387
B0015314750184N11958913WA0039900387
B0015324750184N11958913WA0039900387
B0015334750184N11958913WA0039900386
B0015344750184N11958913WA0039900386
B0015354750184N11958913WA0039900386
B0015364750184N11958913WA0039900386
B0015374750184N11958913WA0039900386
B0015384750184N11958913WA0039900386
B0015394750184N11958913WA0039900386
B0015404750184N11958913WA0039900386
B0015414750184N11958913WA0039900386
B0015424750184N11958913WA0039900386
B0015434750184N11958913WA0039900386
B0015444750184N11958913WA0039900386
B0015454750184N11958913WA0039900386
B0015464750184N11958913WA0039900386
B0015474750184N11958913WA0039900386
B0015484750184N11958913WA0039900386
B0015494750184N11958913WA0039900386
B0015504750184N11958913WA0040000386
B0015514750184N11958913WA0039900386
B0015524750184N11958913WA0039900386
B0015534750184N11958913WA0039900386
B0015544750184N11958913WA0039900386
B0015554750184N11958913WA0039900386
B0015564750184N11958913WA0039900386
B0015574750184N11958913WA0039900386
B0015584750184N11958913WA0039900386
B0015594750184N11958913WA0039900386
B0016004750184N11958913WA0039900386
B0016014750184N11958913WA0039900386
B0016024750184N11958913WA0039900386
B0016034750184N11958913WA0039900386
B0016044750184N11958914WA0039900386
B0016054750184N11958914WA0039900386
B0016064750184N11958914WA0039900386
B0016074750184N11958914WA0039900386
B0016084750184N11958914WA0039900386
B0016094750184N11958914WA0039900387
B0016104750184N11958914WA0039900387
B0016114750184N11958914WA0039900387
B0016124750184N11958914WA0039900387
B0016134750184N11958914WA0039900387
B0016144750184N11958914WA0039900388
B0016154750184N11958914WA0039900388
B0016164750184N11958914WA0039800388
B0016174750184N11958914WA0039900388
B0016184750184N11958914WA0039900388
B0016194750184N11958914WA0039800388
B0016204750184N11958914WA0039900388
B0016214750184N11958914WA0039900389
B0016224750184N11958914WA0039900389
B0016234750184N11958914WA0039900389
B0016244750185N11958914WA0039900389
B0016254750185N11958914WA0039900389
B0016264750185N11958914WA0039900388
B0016274750185N11958913WA0039900388
B0016284750185N11958913WA0039900388
B0016294750185N11958913WA0039900388
B0016304750185N11958913WA0039900388
B0016314750185N11958913WA0039900388
B0016324750185N11958913WA0039900388
B0016334750185N11958913WA0039900388
B0016344750185N11958913WA0039900388
B0016354750185N11958913WA0039900388
B0016364750185N11958913WA0039900388
B0016374750185N11958913WA0039900388
B0016384750185N11958913WA0039900388
B0016394750185N11958913WA0039900388
B0016404750185N11958913WA0039900388
B0016414750185N11958913WA0039900388
B0016424750185N11958913WA0039900388
B0016434750185N11958913WA0039900388
B0016444750185N11958913WA0039900388
B0016454750185N11958913WA0039900388
B0016464750185N11958913WA0039900388
B0016474750185N11958913WA0039900388
B0016484750185N11958913WA0039900388
B0016494750185N11958912WA0039800388
B0016504750185N11958912WA0039900388
B0016514750185N11958912WA0039900388
B0016524750185N11958913WA0039900388
B0016534750185N11958913WA0039900388
B0016544750185N11958913WA0039900388
B0016554750185N11958913WA0039900388
B0016564750185N11958913WA0039900388
B0016574750185N11958913WA0039900388
B0016584750185N11958913WA0039900388
B0016594750185N11958913WA0039900388
B0017004750185N11958913WA0039900388
B0017014750185N11958913WA0039900388
B0017024750185N11958913WA0039900388
B0017034750185N11958913WA0039900388
B0017044750185N11958913WA0039900388
B0017054750185N11958913WA0039900388
B0017064750185N11958913WA0039900388
B0017074750185N11958913WA0039800387
B0017084750185N11958913WA0039900387
B0017094750185N11958913WA0039900387
B0017104750185N11958913WA0039900387
B0017114750185N11958913WA0039900387
B0017124750185N11958913WA0039900387
B0017134750185N11958913WA0039900387
B0017144750185N11958913WA0039800387
B0017154750185N11958913WA0039900387
B0017164750185N11958913WA0039900387
B0017174750185N11958913WA0039800387
B0017184750185N11958913WA0039900387
B0017194750185N11958913WA0039800387
B0017204750185N11958913WA0039900387
B0017214750185N11958913WA0039900387
B0017224750185N11958913WA0039900387
B0017234750185N11958913WA0039900387
B0017244750185N11958913WA0039800387
B0017254750185N11958914WA0039800388
B0017264750185N11958914WA0039800388
B0017274750185N11958914WA0039900388
B0017284750185N11958914WA0039800388
B0017294750185N11958914WA0039800388
B0017304750185N11958914WA0039800388
B0017314750185N11958914WA0039900388
B0017324750185N11958914WA0039800388
B0017334750185N11958914WA0039800388
B0017344750185N11958914WA0039900387
B0017354750185N11958914WA0039900387
B0017364750185N11958914WA0039900387
B0017374750185N11958913WA0039900387
B0017384750185N11958913WA0039800387
B0017394750185N11958913WA0039800387
B0017404750185N11958913WA0039900387
B0017414750185N11958913WA0039900386
B0017424750185N11958913WA0039900386
B0017434750185N11958913WA0039800386
B0017444750185N11958913WA0039800386
B0017454750185N11958913WA0039800386
B0017464750185N11958913WA0039800385
B0017474750185N11958913WA0039800385
B0017484750185N11958913WA0039900385
B0017494750185N11958913WA0039900385
B0017504750185N11958913WA0039900385
B0017514750185N11958913WA0039900384
B0017524750185N11958913WA0039900384
B0017534750185N11958913WA0039900384
B0017544750185N11958913WA0039900384
B0017554750185N11958913WA0039900384
B0017564750185N11958913WA0039900384
B0017574750185N11958913WA0039900384
B0017584750185N11958913WA0039900384
B0017594750185N11958913WA0039900384
B0018004750185N11958913WA0039900383
B0018014750185N11958913WA0039900383
B0018024750185N11958913WA0039800383
B0018034750185N11958912WA0039900383
B0018044750185N11958912WA0039900384
B0018054750185N11958912WA0039900383
B0018064750185N11958912WA0039900384
B0018074750185N11958912WA0040000384
B0018084750185N11958912WA0039900384
B0018094750185N11958912WA0039900384
B0018104750185N11958912WA0039900384
B0018114750185N11958912WA0039900384
B0018124750185N11958912WA0039900384
B0018134750185N11958912WA0039900384
B0018144750185N11958912WA0039900384
B0018154750185N11958912WA0039900384
B0018164750185N11958912WA0039900384
B0018174750185N11958912WA0039900384
B0018184750185N11958912WA0039900384
B0018194750185N11958913WA0039900384
B0018204750185N11958913WA0039900384
B0018214750185N11958913WA0039900384
B0018224750185N11958913WA0039900384
B0018234750184N11958913WA0039900384
B0018244750184N11958913WA0039900384
B0018254750184N11958913WA0039900384
B0018264750184N11958913WA0039900384
B0018274750184N11958913WA0039900384
B0018284750184N11958913WA0039900384
B0018294750184N11958913WA0039800385
B0018304750184N11958913WA0039900385
B0018314750184N11958913WA0039900385
B0018324750184N11958913WA0039900385
B0018334750184N11958914WA0039900385
B0018344750184N11958914WA0039900385
B0018354750184N11958914WA0039900385
B0018364750184N11958914WA0039800385
B0018374750184N11958914WA0039900385
B0018384750184N11958914WA0039800385
B0018394750184N11958914WA0039800385
B0018404750184N11958914WA0039800385
B0018414750184N11958914WA0039800386
B0018424750184N11958914WA0039900386
B0018434750184N11958914WA0039800386
B0018444750184N11958914WA0039900386
B0018454750184N11958914WA0039900386
B0018464750184N11958914WA0039900386
B0018474750184N11958914WA0039900386
B0018484750184N11958914WA0039900386
B0018494750184N11958914WA0039900387
B0018504750184N11958914WA0039900387
B0018514750184N11958914WA0039900387
B0018524750184N11958914WA0039900387
B0018534750184N11958914WA0039900387
B0018544750184N11958913WA0039900387
B0018554750184N11958913WA0039900387
B0018564750184N11958913WA0039900387
B0018574750184N11958913WA0039900387
B0018584750184N11958914WA0039900387
B0018594750184N11958914WA0039900387
B0019004750184N11958914WA0039900387
B0019014750184N11958914WA0039900387
B0019024750184N11958914WA0039900387
B0019034750184N11958914WA0039900387
B0019044750183N11958914WA0039900387
B0019054750183N11958914WA0039900387
B0019064750183N11958914WA0039900387
B0019074750183N11958914WA0039800387
B0019084750183N11958914WA0039800387
B0019094750183N11958914WA0039800387
B0019104750183N11958914WA0039900387
B0019114750183N11958914WA0039900387
B0019124750183N11958914WA0039900387
B0019134750183N11958914WA0039800387
B0019144750183N11958914WA0039800387
B0019154750183N11958914WA0039900387
B0019164750183N11958914WA0039900387
B0019174750183N11958914WA0039900387
B0019184750183N11958914WA0039900387
B0019194750183N11958914WA0039900387
B0019204750183N11958914WA0039900387
B0019214750183N11958914WA0039900387
B0019224750183N11958914WA0039900387
B0019234750183N11958914WA0039800387
B0019244750183N11958914WA0039900387
B0019254750183N11958914WA0039800387
B0019264750183N11958914WA0039900387
B0019274750183N11958914WA0039900387
B0019284750183N11958914WA0039900387
B0019294750183N11958914WA0039900387
B0019304750183N11958914WA0039900386
B0019314750183N11958914WA0039900387
B0019324750183N11958914WA0039900386
B0019334750183N11958914WA0039900387
B0019344750183N11958914WA0039900386
B0019354750183N11958914WA0039900386
B0019364750183N11958914WA0040000386
B0019374750184N11958914WA0039900387
B0019384750184N11958914WA0039900387
B0019394750184N11958914WA0039800387
B0019404750184N11958914WA0039800387
B0019414750184N11958914WA0039800387
B0019424750184N11958914WA0039800387
B0019434750184N11958914WA0039800387
B0019444750184N11958914WA0039800387
B0019454750184N11958914WA0039800387
B0019464750184N11958914WA0039800387
B0019474750184N11958914WA0039900387
B0019484750184N11958914WA0039800387
B0019494750184N11958914WA0039900387
B0019504750184N11958914WA0039900387
B0019514750184N11958914WA0039800387
B0019524750184N11958914WA0039800387
B0019534750184N11958914WA0039900387
B0019544750184N11958914WA0039800386
B0019554750184N11958914WA0039900386
B0019564750183N11958914WA0039800386
B0019574750183N11958914WA0039800386
B0019584750183N11958914WA0039800386
B0019594750183N11958914WA0039800386
B0020004750183N11958914WA0039900386
B0020014750183N11958914WA0039800386
B0020024750183N11958914WA0039900386
B0020034750183N11958914WA0039900386
B0020044750183N11958914WA0039900386
B0020054750183N11958914WA0039900386
B0020064750183N11958914WA0039900386
B0020074750183N11958914WA0039900386
B0020084750183N11958914WA0039800386
B0020094750183N11958914WA0039900386
B0020104750183N11958914WA0039900386
B0020114750183N11958914WA0039900386
B0020124750183N11958914WA0039900386
B0020134750183N11958914WA0039900386
B0020144750184N11958914WA0039900386
B0020154750184N11958913WA0039900386
B0020164750184N11958913WA0039900386
B0020174750184N11958913WA0039900386
B0020184750184N11958913WA0039900386
B0020194750184N11958913WA0039900386
B0020204750184N11958913WA0039900386
B0020214750184N11958913WA0039900386
B0020224750184N11958913WA0039900386
B0020234750184N11958913WA0039900386
B0020244750184N11958913WA0039800386
B0020254750184N11958913WA0039800386
B0020264750184N11958913WA0039800386
B0020274750184N11958913WA0039800386
B0020284750184N11958913WA0039800386
B0020294750184N11958913WA0039800386
B0020304750184N11958913WA0039800386
B0020314750184N11958913WA0039800386
B0020324750184N11958913WA0039800386
B0020334750184N11958913WA0039800386
B0020344750184N11958913WA0039800386
B0020354750184N11958913WA0039800386
B0020364750184N11958913WA0039800387
B0020374750184N11958913WA0039800387
B0020384750184N11958913WA0039800387
B0020394750184N11958913WA0039800387
B0020404750184N11958913WA0039800387
B0020414750184N11958913WA0039800387
B0020424750184N11958913WA0039800387
B0020434750183N11958913WA0039800387
B0020444750183N11958913WA0039800387
B0020454750183N11958913WA0039800387
B0020464750183N11958913WA0039800387
B0020474750183N11958913WA0039800387
B0020484750183N11958913WA0039900387
B0020494750183N11958913WA0039800387
B0020504750183N11958913WA0039800387
B0020514750183N11958913WA0039800387
B0020524750183N11958913WA0039800387
B0020534750183N11958913WA0039800387
B0020544750183N11958913WA0039800387
B0020554750183N11958913WA0039800387
B0020564750183N11958913WA0039900387
B0020574750183N11958913WA0039800387
B0020584750183N11958913WA0039800388
B0020594750183N11958913WA0039900388
B0021004750183N11958913WA0039900388
B0021014750183N11958913WA0039900388
B0021024750183N11958913WA0039900388
B0021034750183N11958913WA0039900388
B0021044750183N11958913WA0039900388
B0021054750183N11958913WA0039800388
B0021064750183N11958913WA0039800388
B0021074750183N11958913WA0039800388
B0021084750183N11958913WA0039900388
B0021094750183N11958913WA0039900388
B0021104750183N11958913WA0039900388
B0021114750183N11958913WA0039900389
B0021124750183N11958913WA0039900389
B0021134750183N11958913WA0039900389
B0021144750183N11958913WA0039900389
B0021154750183N11958913WA0039900389
B0021164750183N11958913WA0039800389
B0021174750183N11958913WA0039900389
B0021184750183N11958913WA0039900388
B0021194750183N11958913WA0039900388
B0021204750183N11958913WA0039900388
B0021214750183N11958913WA0039900388
B0021224750183N11958913WA0039800388
B0021234750183N11958913WA0039800388
B0021244750183N11958913WA0039800388
B0021254750183N11958913WA0039800388
B0021264750183N11958913WA0039800388
B0021274750183N11958913WA0039800387
B0021284750183N11958913WA0039800387
B0021294750183N11958913WA0039800387
B0021304750183N11958914WA0039800387
B0021314750183N11958914WA0039800386
B0021324750183N11958914WA0039800386
B0021334750183N11958914WA0039800386
B0021344750183N11958914WA0039900386
B0021354750183N11958914WA0039800386
B0021364750183N11958914WA0039900386
B0021374750183N11958914WA0039900386
B0021384750183N11958914WA0039800386
B0021394750183N11958914WA0039900386
B0021404750183N11958914WA0039800386
B0021414750183N11958914WA0039800386
B0021424750183N11958914WA0039800386
B0021434750183N11958914WA0039800386
B0021444750183N11958914WA0039800385
B0021454750183N11958914WA0039800386
B0021464750183N11958914WA0039800386
B0021474750183N11958914WA0039800386
B0021484750183N11958913WA0039800386
B0021494750183N11958913WA0039800386
B0021504750183N11958913WA0039800386
B0021514750183N11958913WA0039800386
B0021524750183N11958913WA0039800387
B0021534750183N11958913WA0039800387
B0021544750183N11958913WA0039800387
B0021554750183N11958913WA0039800387
B0021564750183N11958913WA0039800387
B0021574750183N11958913WA0039800387
B0021584750183N11958913WA0039800387
B0021594750183N11958913WA0039800387
B0022004750183N11958913WA0039900387
B0022014750183N11958913WA0039800387
B0022024750183N11958913WA0039800387
B0022034750183N11958913WA0039800388
B0022044750183N11958913WA0039800388
B0022054750183N11958913WA0039900388
B0022064750183N11958913WA0039900388
B0022074750183N11958913WA0039800388
B0022084750183N11958913WA0039800388
B0022094750183N11958913WA0039900389
B0022104750183N11958913WA0039800389
B0022114750183N11958913WA0039900389
B0022124750183N11958913WA0039800389
B0022134750183N11958913WA0039800389
B0022144750183N11958913WA0039800389
B0022154750183N11958913WA0039800389
B0022164750183N11958913WA0039800389
B0022174750183N11958913WA0039800390
B0022184750183N11958913WA0039800390
B0022194750183N11958913WA0039800390
B0022204750183N11958913WA0039800390
B0022214750183N11958913WA0039800390
B0022224750183N11958913WA0039900390
B0022234750183N11958913WA0039900390
B0022244750183N11958913WA0039900390
B0022254750183N11958913WA0039900390
B0022264750183N11958913WA0039900390
B0022274750183N11958913WA0039900390
B0022284750183N11958913WA0039900390
B0022294750183N11958913WA0039900390
B0022304750183N11958913WA0039900390
B0022314750183N11958913WA0039900390
B0022324750183N11958913WA0039900390
B0022334750183N11958913WA0039900391
B0022344750184N11958913WA0039900391
B0022354750184N11958913WA0039900391
B0022364750184N11958913WA0039900391
B0022374750184N11958913WA0039900391
B0022384750184N11958913WA0039900391
B0022394750184N11958913WA0039900391
B0022404750184N11958913WA0039800391
B0022414750184N11958913WA0039900391
B0022424750184N11958913WA0039900391
B0022434750184N11958913WA0039900391
B0022444750184N11958913WA0039900391
B0022454750184N11958913WA0039800391
B0022464750184N11958913WA0039800391
B0022474750184N11958913WA0039800391
B0022484750184N11958913WA0039800391
B0022494750184N11958913WA0039800390
B0022504750184N11958913WA0039800390
B0022514750184N11958913WA0039800390
B0022524750184N11958913WA0039800390
B0022534750184N11958913WA0039800390
B0022544750184N11958913WA0039800389
B0022554750184N11958913WA0039800389
B0022564750184N11958913WA0039800389
B0022574750184N11958913WA0039800389
B0022584750184N11958913WA0039800389
B0022594750184N11958913WA0039800389
B0023004750184N11958913WA0039800389
B0023014750184N11958913WA0039800389
B0023024750184N11958913WA0039800388
B0023034750183N11958913WA0039800388
B0023044750183N11958913WA0039800388
B0023054750183N11958913WA0039800388
B0023064750183N11958913WA0039900388
B0023074750183N11958913WA0039800388
B0023084750183N11958913WA0039800388
B0023094750183N11958913WA0039800388
B0023104750183N11958913WA0039800388
B0023114750183N11958913WA0039800388
B0023124750183N11958913WA0039800388
B0023134750183N11958913WA0039800388
B0023144750183N11958913WA0039800388
B0023154750183N11958913WA0039800388
B0023164750183N11958913WA0039800389
B0023174750183N11958913WA0039800389
B0023184750183N11958913WA0039800389
B0023194750183N11958913WA0039800389
B0023204750183N11958913WA0039800389
B0023214750183N11958913WA0039800389
B0023224750183N11958913WA0039800389
B0023234750183N11958913WA0039800389
B0023244750183N11958913WA0039800390
B0023254750183N11958913WA0039800390
B0023264750183N11958913WA0039800390
B0023274750183N11958913WA0039800390
B0023284750183N11958913WA0039800390
B0023294750183N11958913WA0039800390
B0023304750183N11958913WA0039800390
B0023314750183N11958913WA0039800390
B0023324750183N11958913WA0039800390
B0023334750183N11958913WA0039800390
B0023344750183N11958913WA0039800390
B0023354750183N11958913WA0039900390
B0023364750183N11958913WA0039800390
B0023374750183N11958913WA0039800391
B0023384750183N11958913WA0039800391
B0023394750183N11958913WA0039800391
B0023404750183N11958913WA0039800391
B0023414750183N11958913WA0039800391
B0023424750183N11958913WA0039800391
B0023434750183N11958913WA0039800391
B0023444750183N11958913WA0039800391
B0023454750183N11958913WA0039800391
B0023464750183N11958913WA0039800391
B0023474750183N11958913WA0039800391
B0023484750183N11958913WA0039800391
B0023494750183N11958914WA0039800391
B0023504750183N11958914WA0039800391
B0023514750183N11958914WA0039800391
B0023524750183N11958914WA0039800391
B0023534750183N11958914WA0039800391
B0023544750183N11958914WA0039900391
B0023554750183N11958914WA0039800390
B0023564750183N11958914WA0039800390
B0023574750183N11958914WA0039800390
B0023584750183N11958914WA0039900390
B0023594750183N11958914WA0039900390
B0024004750184N11958914WA0039900390
B0024014750184N11958914WA0039800390
B0024024750184N11958914WA0039800391
B0024034750184N11958914WA0039800391
B0024044750184N11958914WA0039800391
B0024054750184N11958914WA0039800391
B0024064750184N11958914WA0039800391
B0024074750184N11958914WA0039800391
B0024084750184N11958914WA0039800392
B0024094750184N11958914WA0039800392
B0024104750184N11958914WA0039800392
B0024114750184N11958914WA0039800392
B0024124750184N11958914WA0039800392
B0024134750183N11958914WA0039800392
B0024144750183N11958914WA0039900392
B0024154750183N11958914WA0039900392
B0024164750183N11958914WA0039800392
B0024174750183N11958914WA0039800392
B0024184750183N11958914WA0039800392
B0024194750183N11958914WA0039800392
B0024204750183N11958914WA0039900392
B0024214750183N11958914WA0039800392
B0024224750183N11958914WA0039800392
B0024234750183N11958914WA0039800391
B0024244750183N11958914WA0039800391
B0024254750183N11958914WA0039800391
B0024264750183N11958914WA0039800391
B0024274750183N11958914WA0039800391
B0024284750183N11958914WA0039900391
B0024294750183N11958914WA0039800391
B0024304750183N11958914WA0039800391
B0024314750183N11958914WA0039800391
B0024324750183N11958914WA0039800390
B0024334750183N11958914WA0039800390
B0024344750183N11958914WA0039800390
B0024354750183N11958914WA0039800390
B0024364750183N11958914WA0039800390
B0024374750183N11958914WA0039800390
B0024384750183N11958914WA0039900390
B0024394750183N11958914WA0039900390
B0024404750183N11958914WA0039900390
B0024414750183N11958913WA0039800390
B0024424750183N11958913WA0039800390
B0024434750183N11958913WA0039900390
B0024444750183N11958913WA0039800390
B0024454750183N11958913WA0039800390
B0024464750183N11958913WA0039800390
B0024474750183N11958913WA0039800390
B0024484750183N11958913WA0039800390
B0024494750183N11958913WA0039800390
B0024504750183N11958913WA0039900390
B0024514750183N11958913WA0039900390
B0024524750183N11958913WA0039800390
B0024534750183N11958913WA0039800390
B0024544750183N11958913WA0039800390
B0024554750183N11958913WA0039800391
B0024564750183N11958913WA0039800391
B0024574750183N11958913WA0039800391
B0024584750183N11958913WA0039800391
B0024594750183N11958913WA0039800391
B0025004750183N11958913WA0039800391
B0025014750183N11958913WA0039800391
B0025024750183N11958913WA0039800391
B0025034750183N11958913WA0039800391
B0025044750183N11958913WA0039800391
B0025054750183N11958913WA0039800391
B0025064750183N11958913WA0039800391
B0025074750183N11958913WA0039800391
B0025084750183N11958913WA0039900391
B0025094750183N11958913WA0039800391
B0025104750183N11958913WA0039800391
B0025114750183N11958913WA0039900391
B0025124750183N11958913WA0039900391
B0025134750183N11958913WA0039800391
B0025144750183N11958913WA0039900391
B0025154750183N11958913WA0039800391
B0025164750183N11958913WA0039900391
B0025174750183N11958913WA0039800391
B0025184750183N11958913WA0039800391
B0025194750183N11958913WA0039900391
B0025204750183N11958913WA0039900391
B0025214750183N11958913WA0039800392
B0025224750183N11958914WA0039900392
B0025234750183N11958914WA0039800392
B0025244750183N11958914WA0039800392
B0025254750183N11958914WA0039800392
B0025264750183N11958913WA0039800392
B0025274750183N11958913WA0039800392
B0025284750183N11958913WA0039800392
B0025294750183N11958913WA0039800392
B0025304750183N11958913WA0039800392
B0025314750183N11958913WA0039800392
B0025324750183N11958913WA0039800392
B0025334750183N11958913WA0039800392
B0025344750183N11958913WA0039800392
B0025354750183N11958913WA0039800392
B0025364750183N11958913WA0039800392
B0025374750183N11958913WA0039800392
B0025384750183N11958913WA0039800392
B0025394750183N11958913WA0039800393
B0025404750183N11958913WA0039800393
B0025414750183N11958913WA0039800393
B0025424750183N11958913WA0039900393
B0025434750183N11958913WA0039900393
B0025444750183N11958913WA0039800393
B0025454750183N11958913WA0039800393
B0025464750183N11958913WA0039800393
B0025474750183N11958913WA0039800393
B0025484750183N11958913WA0039800393
B0025494750183N11958913WA0039800393
B0025504750183N11958913WA0039800393
B0025514750183N11958913WA0039800393
B0025524750183N11958913WA0039900393
B0025534750183N11958913WA0039900393
B0025544750184N11958913WA0039900393
B0025554750184N11958914WA0039800393
B0025564750184N11958914WA0039800393
B0025574750184N11958914WA0039800392
B0025584750184N11958914WA0039900392
B0025594750184N11958914WA0039800392
B0026004750184N11958914WA0039800392
B0026014750184N11958914WA0039800391
B0026024750184N11958914WA0039800391
B0026034750184N11958914WA0039800391
B0026044750184N11958914WA0039800391
B0026054750184N11958914WA0039800391
B0026064750184N11958914WA0039800391
B0026074750184N11958914WA0039900391
B0026084750184N11958914WA0039800390
B0026094750184N11958914WA0039900390
B0026104750184N11958914WA0039900390
B0026114750184N11958914WA0039900390
B0026124750184N11958914WA0039900390
B0026134750184N11958914WA0039900390
B0026144750184N11958914WA0039900390
B0026154750184N11958914WA0039800390
B0026164750184N11958914WA0039900390
B0026174750184N11958914WA0039800390
B0026184750184N11958914WA0039800390
B0026194750184N11958914WA0039800390
B0026204750184N11958914WA0039800390
B0026214750184N11958914WA0039800390
B0026224750184N11958914WA0039800390
B0026234750184N11958914WA0039800390
B0026244750184N11958914WA0039900390
B0026254750184N11958914WA0039800390
B0026264750184N11958914WA0039800390
B0026274750184N11958914WA0039900390
B0026284750184N11958914WA0039900390
B0026294750184N11958914WA0039900390
B0026304750184N11958914WA0039900390
B0026314750184N11958914WA0039900390
B0026324750184N11958914WA0039900390
B0026334750184N11958914WA0039900390
B0026344750184N11958914WA0039900390
B0026354750184N11958914WA0039900390
B0026364750184N11958914WA0039900390
B0026374750184N11958914WA0039900390
B0026384750184N11958914WA0039900389
B0026394750184N11958914WA0039900389
B0026404750184N11958914WA0039900389
B0026414750184N11958914WA0039900389
B0026424750184N11958913WA0039800389
B0026434750184N11958913WA0039900389
B0026444750184N11958913WA0039800389
B0026454750184N11958913WA0039800389
B0026464750184N11958914WA0039800389
B0026474750184N11958914WA0039800389
B0026484750184N11958914WA0039800389
B0026494750184N11958914WA0039800389
B0026504750184N11958914WA0039800389
B0026514750184N11958914WA0039800389
B0026524750184N11958914WA0039800389
B0026534750184N11958914WA0039800389
B0026544750184N11958914WA0039800389
B0026554750184N11958914WA0039800389
B0026564750184N11958914WA0039800389
B0026574750184N11958914WA0039800389
B0026584750184N11958914WA0039800389
B0026594750184N11958914WA0039800389
B0027004750184N11958914WA0039900389
B0027014750184N11958914WA0039800389
B0027024750184N11958914WA0039900389
B0027034750184N11958914WA0039900389
B0027044750184N11958913WA0039900389
B0027054750184N11958913WA0039900390
B0027064750184N11958913WA0039900390
B0027074750184N11958913WA0039900390
B0027084750184N11958913WA0039900390
B0027094750184N11958913WA0039900390
B0027104750184N11958913WA0039900390
B0027114750184N11958913WA0039900390
B0027124750184N11958913WA0039800390
B0027134750184N11958913WA0039900391
B0027144750184N11958913WA0039900390
B0027154750184N11958913WA0039900390
B0027164750184N11958913WA0039900391
B0027174750184N11958913WA0039900391
B0027184750184N11958913WA0039800391
B0027194750184N11958913WA0039900391
B0027204750184N11958913WA0039900391
B0027214750184N11958913WA0039900390
B0027224750184N11958913WA0039900390
B0027234750184N11958914WA0039900390
B0027244750184N11958914WA0039900390
B0027254750184N11958914WA0039900390
B0027264750184N11958914WA0039900390
B0027274750184N11958914WA0039900390
B0027284750184N11958914WA0039900390
B0027294750184N11958914WA0039900390
B0027304750184N11958914WA0039900390
B0027314750184N11958914WA0039900390
B0027324750184N11958914WA0039900390
B0027334750184N11958914WA0039900390
B0027344750184N11958914WA0039900390
B0027354750184N11958914WA0039900390
B0027364750184N11958914WA0039900390
B0027374750184N11958914WA0039900390
B0027384750184N11958914WA0039900390
B0027394750184N11958914WA0039900390
B0027404750184N11958914WA0039900390
B0027414750184N11958914WA0039900390
B0027424750184N11958913WA0039900390
B0027434750183N11958913WA0039900390
B0027444750183N11958913WA0039900390
B0027454750184N11958913WA0039900390
B0027464750184N11958913WA0039900390
B0027474750184N11958913WA0039800390
B0027484750184N11958913WA0039900389
B0027494750184N11958913WA0039900389
B0027504750184N11958913WA0039900389
B0027514750184N11958913WA0039900390
B0027524750184N11958913WA0039900390
B0027534750184N11958913WA0039900390
B0027544750184N11958913WA0039900390
B0027554750184N11958913WA0039900390
B0027564750184N11958913WA0039800390
B0027574750184N11958913WA0039900390
B0027584750184N11958913WA0039900390
B0027594750184N11958913WA0039900390
B0028004750184N11958913WA0039900390
B0028014750184N11958913WA0039800390
B0028024750184N11958913WA0039800390
B0028034750184N11958913WA0039800390
B0028044750184N11958913WA0039800390
B0028054750184N11958913WA0039800390
B0028064750184N11958913WA0039900390
B0028074750184N11958913WA0039900390
B0028084750184N11958913WA0039900389
B0028094750184N11958913WA0039900389
B0028104750184N11958913WA0039900389
B0028114750184N11958913WA0039900389
B0028124750184N11958913WA0039800389
B0028134750184N11958913WA0039800389
B0028144750184N11958913WA0039900389
B0028154750184N11958913WA0039800389
B0028164750184N11958913WA0039900389
B0028174750184N11958913WA0039900389
B0028184750184N11958913WA0039900389
B0028194750184N11958913WA0039800388
B0028204750184N11958913WA0039900388
B0028214750184N11958913WA0039800388
B0028224750184N11958913WA0039800388
B0028234750184N11958913WA0039800388
B0028244750184N11958913WA0039800388
B0028254750184N11958913WA0039800388
B0028264750184N11958913WA0039800388
B0028274750184N11958913WA0039800388
B0028284750184N11958913WA0039800388
B0028294750184N11958913WA0039800388
B0028304750184N11958913WA0039900388
B0028314750184N11958913WA0039800388
B0028324750184N11958913WA0039900388
B0028334750184N11958913WA0039800388
B0028344750184N11958913WA0039800388
B0028354750184N11958913WA0039900388
B0028364750184N11958913WA0039900388
B0028374750184N11958913WA0039800388
B0028384750184N11958913WA0039900389
B0028394750185N11958913WA0039900389
B0028404750185N11958913WA0039900389
B0028414750185N11958913WA0039900389
B0028424750185N11958913WA0039900389
B0028434750185N11958913WA0039800389
B0028444750185N11958913WA0039900389
B0028454750184N11958913WA0039900389
B0028464750185N11958913WA0039900389
B0028474750185N11958913WA0039800390
B0028484750185N11958913WA0039900389
B0028494750185N11958913WA0039800389
B0028504750185N11958913WA0039900389
B0028514750185N11958913WA0039800389
B0028524750185N11958913WA0039900389
B0028534750185N11958913WA0039800389
B0028544750185N11958913WA0039800389
B0028554750185N11958913WA0039800389
B0028564750185N11958913WA0039800389
B0028574750185N11958913WA0039800389
B0028584750185N11958913WA0039800389
B0028594750185N11958913WA0039800389
B0029004750185N11958913WA0039800389
B0029014750185N11958913WA0039800389
B0029024750185N11958913WA0039800388
B0029034750185N11958913WA0039900388
B0029044750185N11958913WA0039900388
B0029054750185N11958913WA0039900388
B0029064750185N11958913WA0039800388
B0029074750185N11958913WA0039900388
B0029084750185N11958913WA0039900388
B0029094750185N11958913WA0039900388
B0029104750185N11958913WA0039900388
B0029114750185N11958913WA0039900387
B0029124750185N11958913WA0039900387
B0029134750184N11958913WA0039900387
B0029144750184N11958913WA0039900387
B0029154750184N11958913WA0039900387
B0029164750184N11958913WA0039900387
B0029174750184N11958912WA0039900387
B0029184750184N11958912WA0039900387
B0029194750184N11958912WA0039900387
B0029204750184N11958913WA0039900387
B0029214750184N11958913WA0039800387
B0029224750184N11958913WA0039800387
B0029234750184N11958913WA0039900387
B0029244750184N11958913WA0039800387
B0029254750184N11958913WA0039800387
B0029264750184N11958913WA0039800387
B0029274750184N11958913WA0039800387
B0029284750184N11958913WA0039900387
B0029294750184N11958913WA0039800387
B0029304750184N11958913WA0039800387
B0029314750184N11958913WA0039900388
B0029324750184N11958913WA0039800388
B0029334750184N11958913WA0039900388
B0029344750184N11958913WA0039800388
B0029354750184N11958913WA0039800388
B0029364750184N11958913WA0039900388
B0029374750184N11958913WA0039900388
B0029384750184N11958913WA0039900388
B0029394750184N11958913WA0039800388
B0029404750184N11958913WA0039900388
B0029414750184N11958913WA0039800388
B0029424750184N11958913WA0039900388
B0029434750184N11958913WA0039800388
B0029444750184N11958913WA0039900388
B0029454750184N11958913WA0039800388
B0029464750184N11958913WA0039800388
B0029474750184N11958913WA0039900388
B0029484750184N11958913WA0039900388
B0029494750184N11958913WA0039900389
B0029504750184N11958913WA0039900389
B0029514750184N11958913WA0039900389
B0029524750184N11958913WA0039900389
B0029534750184N11958913WA0039900389
B0029544750184N11958912WA0039900389
B0029554750184N11958912WA0039900389
B0029564750184N11958912WA0039900389
B0029574750184N11958912WA0039900389
B0029584750184N11958912WA0039900389
B0029594750184N11958912WA0039900389
B0030004750184N11958912WA0039900389
B0030014750184N11958912WA0039900389
B0030024750184N11958912WA0039900390
B0030034750184N11958912WA0039900390
B0030044750184N11958912WA0039900390
B0030054750184N11958912WA0039800390
B0030064750184N11958912WA0039800390
B0030074750184N11958912WA0039800390
B0030084750184N11958912WA0039800390
B0030094750184N11958912WA0039800390
B0030104750184N11958912WA0039800390
B0030114750184N11958912WA0039800390
B0030124750184N11958912WA0039800390
B0030134750184N11958912WA0039800390
B0030144750184N11958912WA0039800390
B0030154750184N11958912WA0039800390
B0030164750184N11958912WA0039800390
B0030174750184N11958912WA0039800390
B0030184750184N11958912WA0039800390
B0030194750184N11958912WA0039800389
B0030204750184N11958912WA0039800389
B0030214750184N11958912WA0039800389
B0030224750184N11958912WA0039800389
B0030234750184N11958912WA0039800388
B0030244750184N11958912WA0039800388
B0030254750184N11958912WA0039900388
B0030264750184N11958912WA0039900388
B0030274750184N11958912WA0039800387
B0030284750184N11958913WA0039900387
B0030294750184N11958913WA0039900387
B0030304750184N11958913WA0039900387
B0030314750184N11958913WA0039900387
B0030324750184N11958913WA0039800387
B0030334750184N11958913WA0039900387
B0030344750184N11958913WA0039900387
B0030354750184N11958913WA0039900386
B0030364750184N11958913WA0039900386
B0030374750184N11958913WA0039900386
B0030384750184N11958913WA0039800386
B0030394750185N11958913WA0039900386
B0030404750185N11958913WA0039900387
B0030414750185N11958913WA0039900387
B0030424750184N11958913WA0039900387
B0030434750184N11958913WA0039800387
B0030444750185N11958913WA0039900387
B0030454750185N11958913WA0039800387
B0030464750185N11958913WA0039900387
B0030474750185N11958913WA0039900387
B0030484750185N11958913WA0039900387
B0030494750185N11958913WA0039900387
B0030504750185N11958913WA0039900387
B0030514750185N11958913WA0039900387
B0030524750185N11958913WA0039800387
B0030534750185N11958913WA0039900387
B0030544750185N11958913WA0039900388
B0030554750185N11958913WA0039900388
B0030564750185N11958913WA0039900388
B0030574750185N11958913WA0039900388
B0030584750185N11958913WA0039800388
B0030594750185N11958913WA0039900387
B0031004750185N11958913WA0039800387
B0031014750185N11958913WA0039900387
B0031024750185N11958913WA0039900387
B0031034750185N11958913WA0039900387
B0031044750185N11958913WA0039800387
B0031054750185N11958913WA0039900387
B0031064750185N11958913WA0039900387
B0031074750185N11958913WA0039900387
B0031084750185N11958913WA0039900387
B0031094750185N11958913WA0039900387
B0031104750185N11958913WA0039800387
B0031114750185N11958913WA0039800387
B0031124750185N11958913WA0039800387
B0031134750185N11958913WA0039800387
B0031144750185N11958913WA0039800387
B0031154750185N11958913WA0039800387
B0031164750185N11958913WA0039800387
B0031174750185N11958913WA0039900387
B0031184750185N11958913WA0039800387
B0031194750185N11958913WA0039800387
B0031204750185N11958913WA0039800387
B0031214750185N11958913WA0039800387
B0031224750185N11958913WA0039800387
B0031234750185N11958913WA0039800387
B0031244750185N11958913WA0039800387
B0031254750185N11958913WA0039800387
B0031264750185N11958913WA0039800387
B0031274750185N11958913WA0039800387
B0031284750185N11958913WA0039800387
B0031294750185N11958913WA0039800387
B0031304750185N11958913WA0039800387
B0031314750185N11958913WA0039800387
B0031324750185N11958913WA0039800387
B0031334750185N11958913WA0039800387
B0031344750185N11958913WA0039800387
B0031354750185N11958913WA0039800387
B0031364750185N11958913WA0039800387
B0031374750185N11958913WA0039800387
B0031384750185N11958913WA0039900387
B0031394750185N11958913WA0039800387
B0031404750185N11958913WA0039800387
B0031414750185N11958913WA0039800387
B0031424750185N11958913WA0039800387
B0031434750185N11958913WA0039800387
B0031444750184N11958913WA0039800387
B0031454750184N11958913WA0039800387
B0031464750184N11958913WA0039800387
B0031474750184N11958913WA0039800387
B0031484750184N11958913WA0039800387
B0031494750184N11958913WA0039800387
B0031504750184N11958913WA0039800387
B0031514750184N11958913WA0039800387
B0031524750184N11958913WA0039800387
B0031534750184N11958913WA0039800387
B0031544750184N11958913WA0039800387
B0031554750184N11958913WA0039800387
B0031564750184N11958913WA0039800386
B0031574750184N11958913WA0039700386
B0031584750184N11958913WA0039800386
B0031594750184N11958913WA0039800386
B0032004750184N11958913WA0039800386
B0032014750184N11958913WA0039800386
B0032024750184N11958913WA0039800386
B0032034750184N11958913WA0039800386
B0032044750184N11958913WA0039800386
B0032054750184N11958913WA0039900387
B0032064750184N11958913WA0039800387
B0032074750184N11958913WA0039900387
B0032084750184N11958913WA0039900387
B0032094750184N11958913WA0039800387
B0032104750184N11958913WA0039800387
B0032114750184N11958913WA0039800387
B0032124750184N11958913WA0039800387
B0032134750184N11958913WA0039800387
B0032144750184N11958913WA0039800387
B0032154750184N11958913WA0039800387
B0032164750184N11958913WA0039800387
B0032174750184N11958913WA0039800387
B0032184750184N11958913WA0039800387
B0032194750184N11958913WA0039800386
B0032204750184N11958912WA0039800386
B0032214750184N11958912WA0039800386
B0032224750184N11958912WA0039800386
B0032234750184N11958912WA0039800387
B0032244750184N11958912WA0039800387
B0032254750184N11958912WA0039800387
B0032264750184N11958912WA0039800387
B0032274750184N11958912WA0039800387
B0032284750184N11958912WA0039800387
B0032294750184N11958912WA0039800387
B0032304750184N11958912WA0039800387
B0032314750184N11958912WA0039800387
B0032324750184N11958912WA0039800387
B0032334750184N11958912WA0039800387
B0032344750184N11958912WA0039800387
B0032354750184N11958912WA0039800387
B0032364750184N11958912WA0039800387
B0032374750184N11958912WA0039800387
B0032384750184N11958912WA0039800387
B0032394750184N11958912WA0039800387
B0032404750184N11958912WA0039800387
B0032414750184N11958912WA0039800387
B0032424750184N11958912WA0039800388
B0032434750184N11958912WA0039800388
B0032444750184N11958912WA0039800388
B0032454750184N11958912WA0039800388
B0032464750184N11958912WA0039800388
B0032474750184N11958912WA0039800387
B0032484750184N11958912WA0039800387
B0032494750184N11958912WA0039800387
B0032504750184N11958912WA0039800387
B0032514750184N11958912WA0039800387
B0032524750184N11958912WA0039800387
B0032534750184N11958912WA0039800387
B0032544750184N11958912WA0039800387
B0032554750184N11958912WA0039800387
B0032564750184N11958912WA0039800387
B0032574750184N11958912WA0039800387
B0032584750184N11958912WA0039800387
B0032594750184N11958912WA0039800387
B0033004750184N11958912WA0039800387
B0033014750184N11958912WA0039800387
B0033024750184N11958912WA0039800387
B0033034750184N11958912WA0039800387
B0033044750184N11958912WA0039800387
B0033054750184N11958912WA0039800387
B0033064750184N11958912WA0039800387
B0033074750184N11958912WA0039800387
B0033084750184N11958912WA0039800387
B0033094750184N11958912WA0039800387
B0033104750184N11958912WA0039800387
B0033114750184N11958912WA0039800387
B0033124750184N11958912WA0039800387
B0033134750184N11958912WA0039800388
B0033144750184N11958912WA0039800388
B0033154750184N11958912WA0039800388
B0033164750184N11958912WA0039800388
B0033174750184N11958912WA0039800388
B0033184750184N11958912WA0039800388
B0033194750184N11958912WA0039800388
B0033204750184N11958912WA0039800388
B0033214750184N11958912WA0039800388
B0033224750184N11958912WA0039800388
B0033234750184N11958912WA0039800388
B0033244750184N11958912WA0039800388
B0033254750184N11958912WA0039800388
B0033264750184N11958912WA0039800388
B0033274750184N11958912WA0039800388
B0033284750184N11958912WA0039800388
B0033294750184N11958912WA0039800388
B0033304750184N11958912WA0039800388
B0033314750184N11958912WA0039800388
B0033324750184N11958912WA0039800388
B0033334750184N11958912WA0039800388
B0033344750185N11958912WA0039800388
B0033354750185N11958912WA0039800388
B0033364750185N11958912WA0039800388
B0033374750185N11958912WA0039800388
B0033384750185N11958912WA0039800388
B0033394750185N11958912WA0039800388
B0033404750185N11958912WA0039800388
B0033414750185N11958912WA0039800388
B0033424750185N11958912WA0039800388
B0033434750185N11958912WA0039800388
B0033444750185N11958912WA0039800388
B0033454750185N11958912WA0039800388
B0033464750185N11958912WA0039800388
B0033474750185N11958912WA0039800388
B0033484750185N11958912WA0039800389
B0033494750185N11958912WA0039800389
B0033504750185N11958912WA0039800389
B0033514750185N11958912WA0039800389
B0033524750185N11958912WA0039800389
B0033534750185N11958912WA0039800389
B0033544750185N11958912WA0039800389
B0033554750185N11958912WA0039800389
B0033564750185N11958912WA0039800389
B0033574750185N11958912WA0039800389
B0033584750185N11958912WA0039800390
B0033594750185N11958912WA0039800390
B0034004750185N11958912WA0039800390
B0034014750185N11958912WA0039800390
B0034024750185N11958911WA0039800390
B0034034750185N11958911WA0039800390
B0034044750185N11958911WA0039800390
B0034054750185N11958911WA0039800390
B0034064750185N11958912WA0039800390
B0034074750185N11958911WA0039800390
B0034084750185N11958911WA0039800391
B0034094750185N11958911WA0039800391
B0034104750185N11958911WA0039800391
B0034114750185N11958911WA0039700391
B0034124750185N11958911WA0039700391
B0034134750185N11958912WA0039700391
B0034144750185N11958912WA0039800391
B0034154750185N11958912WA0039800391
B0034164750185N11958912WA0039700391
B0034174750185N11958912WA0039800391
B0034184750185N11958911WA0039800391
B0034194750185N11958912WA0039800391
B0034204750185N11958912WA0039800391
B0034214750185N11958912WA0039800391
B0034224750185N11958912WA0039800391
B0034234750185N11958912WA0039800391
B0034244750185N11958912WA0039800391
B0034254750185N11958912WA0039800391
B0034264750185N11958912WA0039700390
B0034274750185N11958912WA0039800390
B0034284750185N11958912WA0039800390
B0034294750185N11958912WA0039800391
B0034304750185N11958912WA0039800391
B0034314750185N11958912WA0039800391
B0034324750185N11958913WA0039800391
B0034334750185N11958913WA0039800390
B0034344750185N11958913WA0039800390
B0034354750185N11958913WA0039800390
B0034364750185N11958913WA0039800390
B0034374750185N11958913WA0039800390
B0034384750185N11958913WA0039800390
B0034394750185N11958913WA0039800390
B0034404750185N11958913WA0039800390
B0034414750185N11958913WA0039800390
B0034424750185N11958913WA0039800390
B0034434750185N11958913WA0039800390
B0034444750185N11958913WA0039800390
B0034454750184N11958913WA0039800390
B0034464750184N11958913WA0039800390
B0034474750184N11958912WA0039800390
B0034484750184N11958912WA0039800389
B0034494750184N11958912WA0039800389
B0034504750184N11958912WA0039800389
B0034514750184N11958912WA0039800389
B0034524750184N11958912WA0039800389
B0034534750184N11958912WA0039800389
B0034544750184N11958912WA0039800389
B0034554750184N11958912WA0039800389
B0034564750184N11958912WA0039800389
B0034574750184N11958912WA0039800389
B0034584750184N11958912WA0039800389
B0034594750184N11958912WA0039800389
B0035004750184N11958912WA0039800389
B0035014750184N11958912WA0039800389
B0035024750184N11958912WA0039800389
B0035034750184N11958912WA0039800389
B0035044750184N11958912WA0039800389
B0035054750184N11958912WA0039800389
B0035064750184N11958912WA0039800389
B0035074750184N11958913WA0039800389
B0035084750184N11958913WA0039800389
B0035094750184N11958913WA0039800389
B0035104750184N11958913WA0039800389
B0035114750184N11958913WA0039800389
B0035124750184N11958913WA0039800389
B0035134750184N11958913WA0039800389
B0035144750184N11958913WA0039800389
B0035154750184N11958913WA0039800389
B0035164750184N11958913WA0039800389
B0035174750184N11958913WA0039800389
B0035184750184N11958913WA0039800389
B0035194750184N11958912WA0039800389
B0035204750184N11958912WA0039800389
B0035214750184N11958912WA0039800389
B0035224750184N11958912WA0039800389
B0035234750184N11958912WA0039800389
B0035244750184N11958912WA0039800389
B0035254750184N11958912WA0039800389
B0035264750184N11958912WA0039800389
B0035274750184N11958912WA0039800389
B0035284750184N11958912WA0039800389
B0035294750184N11958912WA0039800389
B0035304750184N11958912WA0039800389
B0035314750184N11958912WA0039800389
B0035324750184N11958912WA0039800390
B0035334750184N11958912WA0039800390
B0035344750184N11958912WA0039800390
B0035354750184N11958912WA0039800390
B0035364750184N11958912WA0039800390
B0035374750184N11958912WA0039800390
B0035384750184N11958912WA0039800390
B0035394750184N11958912WA0039800390
B0035404750184N11958912WA0039800390
B0035414750184N11958912WA0039800390
B0035424750184N11958912WA0039800390
B0035434750184N11958912WA0039800390
B0035444750184N11958912WA0039800390
B0035454750184N11958912WA0039800390
B0035464750184N11958912WA0039800390
B0035474750184N11958912WA0039800390
B0035484750184N11958912WA0039800390
B0035494750184N11958912WA0039800390
B0035504750184N11958912WA0039800390
B0035514750184N11958912WA0039800390
B0035524750184N11958912WA0039800389
B0035534750184N11958911WA0039800389
B0035544750184N11958911WA0039800389
B0035554750184N11958911WA0039800389
B0035564750184N11958912WA0039800389
B0035574750184N11958912WA0039800389
B0035584750184N11958912WA0039800389
B0035594750184N11958912WA0039800389
B0036004750184N11958912WA0039800389
B0036014750184N11958912WA0039800389
B0036024750184N11958912WA0039800389
B0036034750184N11958912WA0039800389
B0036044750184N11958912WA0039800389
B0036054750184N11958912WA0039800388
B0036064750184N11958911WA0039800388
B0036074750184N11958911WA0039800388
B0036084750184N11958911WA0039800388
B0036094750184N11958911WA0039800388
B0036104750184N11958911WA0039800388
B0036114750184N11958911WA0039800388
B0036124750184N11958911WA0039800388
B0036134750184N11958911WA0039800388
B0036144750184N11958911WA0039800388
B0036154750184N11958911WA0039800388
B0036164750184N11958911WA0039800388
B0036174750184N11958911WA0039800388
B0036184750184N11958911WA0039800388
B0036194750184N11958911WA0039800388
B0036204750184N11958911WA0039800388
B0036214750184N11958911WA0039800388
B0036224750184N11958911WA0039700389
B0036234750184N11958911WA0039700389
B0036244750184N11958911WA0039800389
B0036254750184N11958911WA0039800389
B0036264750184N11958911WA0039700389
B0036274750184N11958911WA0039700389
B0036284750184N11958911WA0039800388
B0036294750184N11958911WA0039800388
B0036304750184N11958911WA0039800388
B0036314750184N11958911WA0039800388
B0036324750184N11958911WA0039800388
B0036334750184N11958911WA0039800388
B0036344750184N11958911WA0039800388
B0036354750184N11958911WA0039800388
B0036364750184N11958911WA0039800388
B0036374750184N11958911WA0039800387
B0036384750184N11958911WA0039800387
B0036394750184N11958911WA0039800387
B0036404750184N11958911WA0039800387
B0036414750184N11958911WA0039800387
B0036424750184N11958911WA0039800387
B0036434750184N11958911WA0039800387
B0036444750184N11958911WA0039800387
B0036454750184N11958911WA0039800387
B0036464750184N11958911WA0039800387
B0036474750184N11958911WA0039800387
B0036484750184N11958911WA0039800387
B0036494750184N11958911WA0039800387
B0036504750184N11958911WA0039800387
B0036514750184N11958911WA0039800387
B0036524750184N11958911WA0039800387
B0036534750184N11958911WA0039800388
B0036544750184N11958911WA0039800388
B0036554750184N11958911WA0039800388
B0036564750184N11958911WA0039800388
B0036574750184N11958911WA0039800388
B0036584750184N11958911WA0039800388
B0036594750184N11958911WA0039800388
B0037004750184N11958911WA0039800388
B0037014750184N11958911WA0039800388
B0037024750184N11958911WA0039800388
B0037034750184N11958911WA0039800388
B0037044750184N11958911WA0039800388
B0037054750184N11958911WA0039800388
B0037064750184N11958911WA0039800388
B0037074750184N11958911WA0039800388
B0037084750184N11958911WA0039800388
B0037094750184N11958911WA0039800388
B0037104750184N11958911WA0039800388
B0037114750184N11958911WA0039800388
B0037124750184N11958911WA0039800388
B0037134750184N11958911WA0039800388
B0037144750184N11958911WA0039800388
B0037154750184N11958911WA0039800388
B0037164750184N11958911WA0039800388
B0037174750184N11958911WA0039800388
B0037184750184N11958911WA0039800388
B0037194750184N11958911WA0039800388
B0037204750184N11958911WA0039800388
B0037214750185N11958911WA0039800388
B0037224750185N11958911WA0039800388
B0037234750185N11958911WA0039800388
B0037244750185N11958911WA0039800388
B0037254750185N11958911WA0039800388
B0037264750185N11958911WA0039800388
B0037274750185N11958911WA0039800389
B0037284750185N11958911WA0039800389
B0037294750185N11958911WA0039800389
B0037304750185N11958911WA0039800389
B0037314750185N11958911WA0039900389
B0037324750185N11958911WA0039900389
B0037334750185N11958911WA0039800389
B0037344750185N11958911WA0039800389
B0037354750185N11958912WA0039800389
B0037364750185N11958912WA0039800389
B0037374750185N11958912WA0039800389
B0037384750185N11958912WA0039900389
B0037394750185N11958912WA0039800389
B0037404750185N11958912WA0039800389
B0037414750185N11958912WA0039800389
B0037424750185N11958912WA0039900389
B0037434750185N11958912WA0039900389
B0037444750185N11958912WA0039800389
B0037454750185N11958912WA0039900389
B0037464750185N11958913WA0039900389
B0037474750185N11958913WA0039900389
B0037484750185N11958913WA0039800389
B0037494750186N11958913WA0039900389
B0037504750186N11958913WA0039900389
B0037514750186N11958913WA0039900389
B0037524750186N11958913WA0039900389
B0037534750186N11958913WA0039900389
B0037544750186N11958913WA0039900389
B0037554750186N11958914WA0039800389
B0037564750186N11958914WA0039900389
B0037574750186N11958914WA0039900389
B0037584750186N11958914WA0039800389
B0037594750186N11958914WA0039900389
B0038004750186N11958914WA0039900389
B0038014750185N11958914WA0039900389
B0038024750185N11958914WA0039800389
B0038034750185N11958914WA0039800389
B0038044750185N11958914WA0039800390
B0038054750185N11958914WA0039800390
B0038064750185N11958914WA0039800390
B0038074750185N11958914WA0039800390
B0038084750185N11958914WA0039900390
B0038094750185N11958914WA0039800390
B0038104750185N11958914WA0039800390
B0038114750185N11958914WA0039800390
B0038124750185N11958914WA0039800390
B0038134750185N11958914WA0039900390
B0038144750185N11958913WA0039900390
B0038154750185N11958913WA0039800390
B0038164750185N11958913WA0039800390
B0038174750185N11958913WA0039800390
B0038184750185N11958913WA0039800390
B0038194750185N11958913WA0039800390
B0038204750185N11958913WA0039800389
B0038214750185N11958913WA0039800389
B0038224750185N11958913WA0039800389
B0038234750185N11958913WA0039800389
B0038244750185N11958913WA0039800389
B0038254750185N11958913WA0039800389
B0038264750185N11958913WA0039800389
B0038274750185N11958913WA0039800389
B0038284750185N11958913WA0039800389
B0038294750185N11958913WA0039800389
B0038304750185N11958913WA0039900389
B0038314750185N11958913WA0039800389
B0038324750185N11958913WA0039900389
B0038334750185N11958913WA0039900388
B0038344750185N11958913WA0039800388
B0038354750185N11958913WA0039800388
B0038364750185N11958913WA0039900388
B0038374750185N11958913WA0039900388
B0038384750185N11958913WA0039800388
B0038394750185N11958913WA0039800388
B0038404750185N11958913WA0039800388
B0038414750185N11958913WA0039800388
B0038424750185N11958913WA0039900388
B0038434750185N11958913WA0039800388
B0038444750185N11958913WA0039800388
B0038454750185N11958913WA0039900388
B0038464750185N11958913WA0039800388
B0038474750184N11958913WA0039900388
B0038484750184N11958913WA0039800388
B0038494750184N11958913WA0039900388
B0038504750184N11958913WA0039800387
B0038514750184N11958913WA0039800387
B0038524750184N11958913WA0039800387
B0038534750184N11958913WA0039900387
B0038544750184N11958913WA0039900388
B0038554750184N11958913WA0039800388
B0038564750184N11958913WA0039800388
B0038574750184N11958913WA0039800388
B0038584750184N11958913WA0039800388
B0038594750184N11958913WA0039900388
B0039004750184N11958913WA0039900388
B0039014750184N11958913WA0039900388
B0039024750184N11958913WA0039900388
B0039034750184N11958913WA0039900388
B0039044750184N11958913WA0039900388
B0039054750184N11958913WA0039800388
B0039064750184N11958913WA0039900388
B0039074750184N11958913WA0039900388
B0039084750184N11958913WA0039900388
B0039094750184N11958913WA0039800388
B0039104750184N11958913WA0039900388
B0039114750184N11958913WA0039900389
B0039124750184N11958913WA0039900389
B0039134750184N11958913WA0039800388
B0039144750184N11958913WA0039800389
B0039154750184N11958913WA0039800389
B0039164750184N11958913WA0039900389
B0039174750184N11958913WA0039800389
B0039184750184N11958912WA0039800389
B0039194750184N11958912WA0039800389
B0039204750184N11958912WA0039800389
B0039214750184N11958912WA0039800389
B0039224750184N11958912WA0039800389
B0039234750184N11958912WA0039800389
B0039244750184N11958913WA0039800389
B0039254750184N11958913WA0039900389
B0039264750184N11958913WA0039800389
B0039274750184N11958913WA0039900389
B0039284750184N11958913WA0039900389
B0039294750184N11958913WA0039900389
B0039304750184N11958913WA0039900389
B0039314750184N11958913WA0039900389
B0039324750184N11958913WA0039900389
B0039334750184N11958913WA0039900389
B0039344750184N11958913WA0039900389
B0039354750184N11958913WA0039900389
B0039364750184N11958913WA0039900389
B0039374750184N11958913WA0039900389
B0039384750184N11958913WA0039900389
B0039394750184N11958913WA0039900389
B0039404750184N11958913WA0039900389
B0039414750184N11958913WA0039900389
B0039424750184N11958913WA0039900389
B0039434750184N11958913WA0039900389
B0039444750184N11958913WA0039900389
B0039454750184N11958913WA0039800389
B0039464750184N11958913WA0039900389
B0039474750184N11958913WA0039900389
B0039484750184N11958913WA0039900389
B0039494750184N11958913WA0039800389
B0039504750184N11958913WA0039800389
B0039514750184N11958913WA0039800389
B0039524750184N11958913WA0039900389
B0039534750184N11958913WA0039800389
B0039544750184N11958913WA0039900390
B0039554750184N11958913WA0039900390
B0039564750184N11958913WA0039900390
B0039574750184N11958913WA0039900390
B0039584750184N11958913WA0039900390
B0039594750184N11958913WA0039900390
B0040004750184N11958913WA0039900390
B0040014750184N11958913WA0039900390
B0040024750184N11958913WA0039900390
B0040034750184N11958913WA0039900390
B0040044750184N11958913WA0039900390
B0040054750184N11958913WA0039900390
B0040064750184N11958913WA0039900390
B0040074750184N11958912WA0039900390
B0040084750184N11958912WA0039900390
B0040094750184N11958912WA0039900390
B0040104750184N11958912WA0039900391
B0040114750184N11958912WA0039900391
B0040124750184N11958912WA0039900391
B0040134750185N11958912WA0039900391
B0040144750185N11958912WA0039900391
B0040154750185N11958912WA0039900391
B0040164750185N11958912WA0039900391
B0040174750185N11958912WA0039900391
B0040184750185N11958912WA0039900391
B0040194750185N11958912WA0039900391
B0040204750185N11958912WA0039900391
B0040214750185N11958912WA0039900391
B0040224750185N11958912WA0039800391
B0040234750185N11958912WA0039800391
B0040244750185N11958912WA0039800391
B0040254750185N11958912WA0039800390
B0040264750185N11958912WA0039900390
B0040274750185N11958912WA0039900390
B0040284750185N11958912WA0039800390
B0040294750185N11958912WA0039800390
B0040304750185N11958912WA0039900390
B0040314750185N11958912WA0039900390
B0040324750185N11958913WA0039900390
B0040334750185N11958913WA0039900390
B0040344750185N11958913WA0039900390
B0040354750185N11958913WA0039900390
B0040364750185N11958913WA0039900390
B0040374750185N11958913WA0039900390
B0040384750185N11958913WA0039900390
B0040394750185N11958913WA0039900390
B0040404750185N11958913WA0039900390
B0040414750185N11958913WA0039900390
B0040424750185N11958913WA0039900390
B0040434750185N11958913WA0039900390
B0040444750185N11958913WA0039900390
B0040454750185N11958913WA0039900390
B0040464750185N11958913WA0039900390
B0040474750185N11958913WA0039900390
B0040484750185N11958913WA0039900390
B0040494750185N11958913WA0039900391
B0040504750185N11958913WA0039900391
B0040514750185N11958913WA0039900391
B0040524750185N11958913WA0039900391
B0040534750185N11958913WA0039900391
B0040544750185N11958913WA0040000391
B0040554750185N11958913WA0040000391
B0040564750185N11958913WA0040000391
B0040574750185N11958913WA0040000392
B0040584750185N11958913WA0039900392
B0040594750185N11958913WA0039900392
B0041004750185N11958913WA0039900391
B0041014750185N11958913WA0039900391
B0041024750185N11958913WA0039900391
B0041034750185N11958913WA0039900391
B0041044750185N11958913WA0039900391
B0041054750185N11958913WA0039900391
B0041064750185N11958913WA0039900391
B0041074750185N11958912WA0039900391
B0041084750185N11958912WA0039900391
B0041094750185N11958912WA0039900391
B0041104750185N11958912WA0039900391
B0041114750185N11958912WA0039900391
B0041124750185N11958912WA0039900390
B0041134750185N11958912WA0039900390
B0041144750185N11958912WA0039900390
B0041154750185N11958912WA0039900390
B0041164750185N11958912WA0039900389
B0041174750185N11958912WA0039900389
B0041184750185N11958912WA0039900389
B0041194750185N11958912WA0039900389
B0041204750185N11958912WA0039900389
B0041214750185N11958912WA0039900389
B0041224750185N11958912WA0039900389
B0041234750185N11958912WA0039900389
B0041244750185N11958912WA0039900389
B0041254750185N11958912WA0039900389
B0041264750185N11958912WA0039900389
B0041274750185N11958912WA0039900389
B0041284750185N11958912WA0039900389
B0041294750185N11958912WA0039900389
B0041304750185N11958912WA0039900389
B0041314750185N11958912WA0039900389
B0041324750185N11958912WA0039900389
B0041334750185N11958912WA0039900389
B0041344750185N11958912WA0039900389
B0041354750185N11958912WA0039900389
B0041364750185N11958912WA0039800389
B0041374750185N11958913WA0039900389
B0041384750185N11958913WA0039900389
B0041394750185N11958913WA0039800389
B0041404750185N11958913WA0039900389
B0041414750185N11958913WA0039900389
B0041424750185N11958912WA0039900389
B0041434750185N11958912WA0039900389
B0041444750185N11958912WA0039800389
B0041454750185N11958912WA0039900389
B0041464750185N11958912WA0039900389
B0041474750185N11958912WA0039900389
B0041484750185N11958912WA0039900389
B0041494750185N11958912WA0039900389
B0041504750185N11958912WA0039800389
B0041514750185N11958912WA0039900389
B0041524750185N11958912WA0039900389
B0041534750185N11958912WA0039800388
B0041544750185N11958912WA0039800388
B0041554750185N11958912WA0039900388
B0041564750185N11958912WA0039900388
B0041574750185N11958912WA0039900387
B0041584750185N11958912WA0039800387
B0041594750186N11958912WA0039800387
B0042004750186N11958912WA0039900387
B0042014750186N11958912WA0039900387
B0042024750186N11958912WA0039900387
B0042034750186N11958912WA0039900387
B0042044750186N11958912WA0039800387
B0042054750186N11958912WA0039800387
B0042064750186N11958912WA0039800387
B0042074750186N11958912WA0039800386
B0042084750186N11958912WA0039800386
B0042094750186N11958912WA0039800386
B0042104750186N11958912WA0039800386
B0042114750186N11958912WA0039800386
B0042124750186N11958912WA0039800386
B0042134750186N11958912WA0039800386
B0042144750186N11958912WA0039800386
B0042154750186N11958912WA0039800386
B0042164750186N11958912WA0039900386
B0042174750186N11958912WA0039800386
B0042184750186N11958912WA0039800386
B0042194750186N11958912WA0039800386
B0042204750186N11958912WA0039800386
B0042214750186N11958912WA0039800386
B0042224750186N11958912WA0039800386
B0042234750186N11958912WA0039800386
B0042244750186N11958912WA0039800386
B0042254750186N11958912WA0039800386
B0042264750186N11958912WA0039800386
B0042274750186N11958912WA0039800386
B0042284750186N11958912WA0039800386
B0042294750186N11958912WA0039800386
B0042304750186N11958912WA0039800387
B0042314750186N11958912WA0039800387
B0042324750186N11958912WA0039800387
B0042334750186N11958912WA0039800387
B0042344750185N11958912WA0039800387
B0042354750185N11958913WA0039800388
B0042364750185N11958913WA0039800388
B0042374750185N11958913WA0039800388
B0042384750185N11958913WA0039800388
B0042394750185N11958913WA0039800389
B0042404750185N11958913WA0039800389
B0042414750185N11958913WA0039800389
B0042424750185N11958913WA0039800389
B0042434750185N11958913WA0039800389
B0042444750185N11958913WA0039800390
B0042454750185N11958913WA0039800390
B0042464750185N11958913WA0039800390
B0042474750185N11958913WA0039800390
B0042484750185N11958913WA0039800391
B0042494750185N11958913WA0039800391
B0042504750185N11958913WA0039800391
B0042514750185N11958913WA0039800391
B0042524750185N11958913WA0039800391
B0042534750185N11958913WA0039800391
B0042544750185N11958913WA0039800392
B0042554750185N11958913WA0039800392
B0042564750185N11958913WA0039800392
B0042574750185N11958913WA0039800392
B0042584750185N11958913WA0039800392
B0042594750185N11958913WA0039800392
B0043004750185N11958913WA0039800392
B0043014750185N11958913WA0039800392
B0043024750185N11958913WA0039800392
B0043034750185N11958913WA0039800392
B0043044750185N11958913WA0039800392
B0043054750185N11958913WA0039800392
B0043064750185N11958913WA0039800392
B0043074750185N11958913WA0039800392
B0043084750185N11958913WA0039800392
B0043094750185N11958913WA0039900392
B0043104750185N11958913WA0039800392
B0043114750185N11958913WA0039800392
B0043124750185N11958913WA0039800392
B0043134750185N11958913WA0039800392
B0043144750185N11958913WA0039900392
B0043154750185N11958913WA0039900392
B0043164750185N11958913WA0039800391
B0043174750185N11958913WA0039800391
B0043184750185N11958913WA0039800391
B0043194750185N11958913WA0039800391
B0043204750185N11958913WA0039900391
B0043214750185N11958913WA0039800391
B0043224750185N11958914WA0039800391
B0043234750185N11958914WA0039800390
B0043244750185N11958914WA0039800390
B0043254750185N11958914WA0039800390
B0043264750185N11958914WA0039800390
B0043274750185N11958914WA0039800390
B0043284750185N11958914WA0039800389
B0043294750185N11958914WA0039800389
B0043304750185N11958914WA0039800389
B0043314750185N11958914WA0039800389
B0043324750185N11958914WA0039800389
B0043334750185N11958914WA0039800388
B0043344750185N11958914WA0039800388
B0043354750185N11958914WA0039800388
B0043364750185N11958914WA0039800388
B0043374750185N11958914WA0039800387
B0043384750185N11958914WA0039800387
B0043394750185N11958914WA0039800387
B0043404750185N11958914WA0039800387
B0043414750185N11958914WA0039800387
B0043424750185N11958914WA0039800387
B0043434750185N11958914WA0039800387
B0043444750185N11958914WA0039800386
B0043454750185N11958914WA0039800386
B0043464750185N11958914WA0039800386
B0043474750185N11958914WA0039800386
B0043484750185N11958914WA0039800386
B0043494750185N11958914WA0039800386
B0043504750185N11958914WA0039800386
B0043514750185N11958914WA0039800386
B0043524750185N11958914WA0039800385
B0043534750185N11958914WA0039800385
B0043544750185N11958913WA0039800385
B0043554750185N11958913WA0039800385
B0043564750185N11958913WA0039800385
B0043574750185N11958913WA0039800385
B0043584750185N11958913WA0039800385
B0043594750185N11958913WA0039800385
B0044004750185N11958913WA0039800385
B0044014750185N11958913WA0039800385
B0044024750185N11958913WA0039800385
B0044034750185N11958913WA0039800385
B0044044750185N11958913WA0039800385
B0044054750185N11958913WA0039800385
B0044064750185N11958913WA0039800385
B0044074750185N11958913WA0039800385
B0044084750185N11958913WA0039800385
B0044094750185N11958913WA0039800385
B0044104750185N11958913WA0039800385
B0044114750185N11958913WA0039800385
B0044124750185N11958913WA0039800385
B0044134750185N11958913WA0039800385
B0044144750185N11958913WA0039800385
B0044154750185N11958913WA0039800385
B0044164750185N11958913WA0039800385
B0044174750185N11958913WA0039800385
B0044184750185N11958913WA0039800385
B0044194750185N11958913WA0039800385
B0044204750185N11958913WA0039800385
B0044214750185N11958913WA0039800385
B0044224750185N11958913WA0039800385
B0044234750185N11958913WA0039800385
B0044244750185N11958913WA0039800385
B0044254750185N11958913WA0039800385
B0044264750185N11958913WA0039800385
B0044274750185N11958913WA0039900385
B0044284750185N11958913WA0039800385
B0044294750185N11958913WA0039800385
B0044304750185N11958913WA0039800385
B0044314750185N11958913WA0039800385
B0044324750185N11958913WA0039800385
B0044334750185N11958913WA0039800385
B0044344750185N11958913WA0039800385
B0044354750185N11958913WA0039800385
B0044364750185N11958913WA0039800385
B0044374750185N11958913WA0039800385
B0044384750185N11958913WA0039800385
B0044394750185N11958913WA0039800385
B0044404750185N11958913WA0039800385
B0044414750185N11958913WA0039800385
B0044424750185N11958913WA0039800385
B0044434750185N11958913WA0039800385
B0044444750185N11958913WA0039800385
B0044454750185N11958913WA0039800385
B0044464750185N11958913WA0039800385
B0044474750185N11958913WA0039800385
B0044484750185N11958913WA0039800385
B0044494750185N11958912WA0039800385
B0044504750185N11958912WA0039800385
B0044514750185N11958912WA0039800385
B0044524750185N11958912WA0039800385
B0044534750185N11958912WA0039800385
B0044544750185N11958912WA0039800385
B0044554750185N11958912WA0039800385
B0044564750185N11958912WA0039800385
B0044574750185N11958912WA0039800385
B0044584750185N11958912WA0039800385
B0044594750185N11958912WA0039800385
B0045004750185N11958912WA0039800385
B0045014750185N11958912WA0039800385
B0045024750185N11958912WA0039800385
B0045034750185N11958912WA0039800385
B0045044750185N11958912WA0039800385
B0045054750185N11958912WA0039800385
B0045064750185N11958912WA0039800385
B0045074750185N11958912WA0039800385
B0045084750185N11958912WA0039800385
B0045094750185N11958913WA0039800385
B0045104750185N11958913WA0039800385
B0045114750185N11958913WA0039800385
B0045124750185N11958913WA0039800385
B0045134750185N11958913WA0039800385
B0045144750185N11958913WA0039800385
B0045154750185N11958913WA0039800385
B0045164750185N11958913WA0039800385
B0045174750185N11958913WA0039800385
B0045184750185N11958913WA0039800385
B0045194750185N11958913WA0039800385
B0045204750185N11958913WA0039800385
B0045214750185N11958913WA0039800384
B0045224750185N11958913WA0039800384
B0045234750185N11958913WA0039800384
B0045244750185N11958913WA0039800384
B0045254750185N11958913WA0039800384
B0045264750185N11958913WA0039800384
B0045274750185N11958913WA0039800384
B0045284750185N11958913WA0039800384
B0045294750185N11958913WA0039800385
B0045304750185N11958913WA0039800385
B0045314750185N11958913WA0039800385
B0045324750185N11958913WA0039800385
B0045334750185N11958913WA0039800385
B0045344750185N11958913WA0039800385
B0045354750185N11958913WA0039800385
B0045364750185N11958913WA0039800385
B0045374750185N11958913WA0039800386
B0045384750185N11958913WA0039800385
B0045394750185N11958913WA0039800386
B0045404750185N11958913WA0039800386
B0045414750185N11958913WA0039800386
B0045424750185N11958913WA0039800385
B0045434750185N11958913WA0039800385
B0045444750185N11958913WA0039800385
B0045454750185N11958913WA0039800385
B0045464750185N11958913WA0039800385
B0045474750185N11958913WA0039800385
B0045484750185N11958913WA0039800385
B0045494750185N11958913WA0039800385
B0045504750185N11958913WA0039800385
B0045514750185N11958913WA0039800385
B0045524750185N11958913WA0039800385
B0045534750185N11958913WA0039800385
B0045544750185N11958913WA0039800385
B0045554750185N11958913WA0039800385
B0045564750185N11958913WA0039800385
B0045574750185N11958913WA0039800385
B0045584750185N11958913WA0039800385
B0045594750185N11958913WA0039800385
B0046004750185N11958913WA0039900385
B0046014750185N11958913WA0039800385
B0046024750185N11958913WA0039800385
B0046034750185N11958913WA0039900385
B0046044750185N11958912WA0039800385
B0046054750185N11958912WA0039800385
B0046064750185N11958912WA0039800385
B0046074750185N11958912WA0039900385
B0046084750185N11958912WA0039800385
B0046094750185N11958912WA0039800385
B0046104750185N11958912WA0039800385
B0046114750185N11958912WA0039800385
B0046124750185N11958912WA0039900385
B0046134750185N11958912WA0039800385
B0046144750185N11958912WA0039800385
B0046154750185N11958912WA0039800385
B0046164750185N11958912WA0039800385
B0046174750185N11958912WA0039800385
B0046184750185N11958912WA0039800385
B0046194750185N11958912WA0039900385
B0046204750185N11958912WA0039800384
B0046214750185N11958913WA0039900384
B0046224750185N11958913WA0039800384
B0046234750185N11958913WA0039800384
B0046244750185N11958913WA0039900384
B0046254750185N11958913WA0039800384
B0046264750185N11958913WA0039800384
B0046274750185N11958913WA0039800384
B0046284750185N11958913WA0039800384
B0046294750185N11958913WA0039800384
B0046304750185N11958913WA0039800384
B0046314750185N11958913WA0039800384
B0046324750185N11958913WA0039800384
B0046334750185N11958913WA0039800384
B0046344750185N11958913WA0039800384
B0046354750185N11958913WA0039800384
B0046364750185N11958913WA0039800384
B0046374750185N11958913WA0039800384
B0046384750185N11958913WA0039800384
B0046394750185N11958913WA0039800384
B0046404750185N11958913WA0039800384
B0046414750185N11958913WA0039800384
B0046424750185N11958913WA0039800384
B0046434750185N11958913WA0039800384
B0046444750185N11958913WA0039800384
B0046454750185N11958913WA0039800384
B0046464750185N11958913WA0039800384
B0046474750185N11958913WA0039800384
B0046484750185N11958913WA0039800384
B0046494750185N11958913WA0039800384
B0046504750185N11958913WA0039800384
B0046514750185N11958913WA0039800384
B0046524750185N11958913WA0039800384
B0046534750185N11958913WA0039800384
B0046544750185N11958913WA0039800384
B0046554750185N11958913WA0039800384
B0046564750185N11958913WA0039800384
B0046574750185N11958913WA0039800384
B0046584750185N11958913WA0039800384
B0046594750185N11958913WA0039800385
B0047004750185N11958913WA0039800385
B0047014750185N11958913WA0039800385
B0047024750185N11958913WA0039800385
B0047034750185N11958913WA0039800385
B0047044750185N11958913WA0039800385
B0047054750185N11958913WA0039800385
B0047064750185N11958913WA0039800385
B0047074750185N11958913WA0039800385
B0047084750185N11958913WA0039800385
B0047094750185N11958913WA0039800385
B0047104750185N11958913WA0039800385
B0047114750185N11958913WA0039800385
B0047124750185N11958913WA0039800385
B0047134750185N11958913WA0039800385
B0047144750185N11958913WA0039800385
B0047154750185N11958913WA0039800385
B0047164750185N11958913WA0039800385
B0047174750185N11958913WA0039800385
B0047184750185N11958913WA0039800385
B0047194750185N11958913WA0039800385
B0047204750185N11958913WA0039800385
B0047214750185N11958913WA0039800385
B0047224750185N11958913WA0039800386
B0047234750185N11958913WA0039800386
B0047244750185N11958913WA0039800386
B0047254750185N11958913WA0039800386
B0047264750185N11958913WA0039900386
B0047274750185N11958913WA0039800386
B0047284750185N11958913WA0039800386
B0047294750185N11958913WA0039800386
B0047304750185N11958913WA0039800386
B0047314750185N11958913WA0039900386
B0047324750185N11958913WA0039800386
B0047334750185N11958913WA0039800386
B0047344750185N11958913WA0039900386
B0047354750185N11958914WA0039900386
B0047364750185N11958914WA0039800386
B0047374750186N11958914WA0039800386
B0047384750186N11958914WA0039800386
B0047394750186N11958914WA0039900386
B0047404750186N11958914WA0039900386
B0047414750186N11958914WA0039800386
B0047424750186N11958914WA0039800386
B0047434750186N11958914WA0039800386
B0047444750186N11958914WA0039800387
B0047454750186N11958914WA0039800387
B0047464750186N11958914WA0039800387
B0047474750186N11958914WA0039800387
B0047484750186N11958914WA0039900387
B0047494750186N11958914WA0039900387
B0047504750186N11958914WA0039800387
B0047514750186N11958914WA0039800387
B0047524750186N11958914WA0039800387
B0047534750186N11958914WA0039800387
B0047544750186N11958914WA0039800387
B0047554750186N11958914WA0039800387
B0047564750186N11958914WA0039900387
B0047574750186N11958914WA0039800387
B0047584750186N11958914WA0039800387
B0047594750186N11958914WA0039800387
B0048004750186N11958914WA0039900387
B0048014750186N11958914WA0039800387
B0048024750186N11958914WA0039800387
B0048034750186N11958914WA0039800387
B0048044750186N11958914WA0039800387
B0048054750186N11958914WA0039800387
B0048064750185N11958914WA0039800387
B0048074750185N11958914WA0039800387
B0048084750185N11958914WA0039800386
B0048094750185N11958914WA0039800386
B0048104750185N11958914WA0039900386
B0048114750185N11958914WA0039800386
B0048124750185N11958914WA0039800386
B0048134750185N11958914WA0039800386
LXFM live.flymaster.net version 1.01
LXFM Created 2024-06-17 02:25:28
LXFM flight id 1414130
G9430F734D1222D728137593666C068EF
