AXFMSFP Flymaster Live, V1.0, S/N 372807
HFFXA010
HFPLTPILOT:Mike Brown
HFGTYGLIDERTYPE: 
HFGIDGLIDERID:
HFDTM100GPSDATUM:WGS-1984
HFCIDCOMPETITIONID:603
HFCCLCOMPETITIONCLASS:
HOSITSITE:Chelan Butte-US
HFGPS:UBLOXNEO6
HFPRSPRESSALTSENSOR:NA
HFRFWFIRMWAREVERSION:202j
HFRHWHARDWAREVERSION:1.0R2
HFFTYFRTYPE:FLYMASTER,LIVE
HFDTE210624
B1850304748235N12002326WA0109401128
B1850314748232N12002326WA0108701128
B1850324748229N12002327WA0109001127
B1850334748227N12002328WA0108301127
B1850344748224N12002329WA0108701126
B1850354748221N12002330WA0108201125
B1850364748217N12002331WA0108701122
B1850374748213N12002331WA0108701120
B1850384748209N12002331WA0108301120
B1850394748205N12002331WA0108501120
B1850404748202N12002333WA0108501120
B1850414748199N12002335WA0108401119
B1850424748195N12002337WA0108201118
B1850434748191N12002340WA0108301117
B1850444748187N12002344WA0108101116
B1850454748183N12002346WA0108001116
B1850464748179N12002347WA0108101116
B1850474748175N12002349WA0108101117
B1850484748171N12002350WA0108301118
B1850494748168N12002352WA0108301119
B1850504748166N12002353WA0108401120
B1850514748162N12002353WA0108401119
B1850524748158N12002353WA0108301118
B1850534748154N12002354WA0108201116
B1850544748149N12002355WA0108201116
B1850554748145N12002356WA0108201117
B1850564748141N12002355WA0108301118
B1850574748138N12002353WA0108401119
B1850584748135N12002350WA0108501120
B1850594748132N12002347WA0108701119
B1851004748128N12002342WA0108601119
B1851014748125N12002337WA0108601119
B1851024748121N12002333WA0108501118
B1851034748118N12002328WA0108501118
B1851044748113N12002324WA0108501117
B1851054748109N12002320WA0108301117
B1851064748104N12002317WA0108501117
B1851074748100N12002313WA0108401118
B1851084748095N12002311WA0108501120
B1851094748091N12002309WA0108701122
B1851104748087N12002309WA0109001124
B1851114748084N12002309WA0109301128
B1851124748082N12002309WA0109501131
B1851134748079N12002310WA0109701133
B1851144748076N12002310WA0109901135
B1851154748073N12002309WA0110001136
B1851164748070N12002306WA0110301136
B1851174748066N12002303WA0110301137
B1851184748063N12002299WA0110501139
B1851194748061N12002292WA0110501141
B1851204748061N12002285WA0110901144
B1851214748063N12002278WA0111101147
B1851224748066N12002273WA0111401151
B1851234748071N12002269WA0111701154
B1851244748076N12002266WA0112101156
B1851254748081N12002264WA0112001158
B1851264748087N12002264WA0112501161
B1851274748093N12002267WA0112601163
B1851284748097N12002272WA0112901165
B1851294748100N12002279WA0113201168
B1851304748101N12002286WA0113401170
B1851314748100N12002293WA0113601173
B1851324748097N12002297WA0113801175
B1851334748095N12002301WA0114001177
B1851344748093N12002305WA0114301179
B1851354748090N12002307WA0114501182
B1851364748087N12002308WA0114601184
B1851374748083N12002308WA0114701185
B1851384748078N12002307WA0114901186
B1851394748074N12002307WA0115101187
B1851404748070N12002307WA0115101189
B1851414748066N12002307WA0115201191
B1851424748061N12002307WA0115501193
B1851434748057N12002307WA0115601196
B1851444748054N12002308WA0116001198
B1851454748050N12002310WA0116201201
B1851464748046N12002312WA0116401203
B1851474748043N12002316WA0116501205
B1851484748039N12002321WA0116901207
B1851494748036N12002326WA0116901209
B1851504748033N12002330WA0117201211
B1851514748029N12002331WA0117101213
B1851524748025N12002330WA0117701215
B1851534748022N12002326WA0117801217
B1851544748020N12002319WA0117901218
B1851554748021N12002311WA0118101220
B1851564748024N12002305WA0118001221
B1851574748029N12002299WA0118401222
B1851584748036N12002297WA0118501224
B1851594748042N12002298WA0118701226
B1852004748048N12002302WA0118901229
B1852014748052N12002308WA0119201232
B1852024748053N12002315WA0119301234
B1852034748054N12002322WA0119701237
B1852044748054N12002329WA0119801240
B1852054748052N12002335WA0120101242
B1852064748049N12002339WA0120401245
B1852074748045N12002342WA0120501247
B1852084748040N12002342WA0120701248
B1852094748036N12002341WA0120801250
B1852104748032N12002338WA0121001252
B1852114748029N12002333WA0121101254
B1852124748028N12002325WA0121301256
B1852134748028N12002317WA0121601257
B1852144748031N12002309WA0121701258
B1852154748035N12002303WA0121801260
B1852164748041N12002300WA0122101261
B1852174748048N12002301WA0122201263
B1852184748054N12002305WA0122401265
B1852194748058N12002311WA0122501268
B1852204748060N12002318WA0122901271
B1852214748062N12002325WA0123101274
B1852224748062N12002331WA0123401277
B1852234748061N12002338WA0123601279
B1852244748059N12002344WA0123801281
B1852254748055N12002349WA0123901282
B1852264748052N12002353WA0124201284
B1852274748048N12002354WA0124301287
B1852284748045N12002353WA0124601290
B1852294748041N12002350WA0124901292
B1852304748038N12002345WA0124901294
B1852314748035N12002338WA0125301295
B1852324748034N12002330WA0125301297
B1852334748035N12002321WA0125501298
B1852344748038N12002313WA0125701300
B1852354748043N12002306WA0125801302
B1852364748048N12002302WA0126201304
B1852374748053N12002300WA0126201307
B1852384748059N12002300WA0126501309
B1852394748065N12002302WA0126501310
B1852404748070N12002306WA0126901311
B1852414748073N12002312WA0126901313
B1852424748075N12002319WA0127201315
B1852434748076N12002325WA0127301317
B1852444748075N12002331WA0127501319
B1852454748074N12002337WA0127701321
B1852464748071N12002341WA0127801322
B1852474748067N12002343WA0128001323
B1852484748064N12002343WA0128001325
B1852494748060N12002341WA0128401326
B1852504748058N12002338WA0128501328
B1852514748055N12002333WA0128601330
B1852524748053N12002327WA0128801332
B1852534748051N12002320WA0129101335
B1852544748050N12002312WA0129401338
B1852554748050N12002304WA0129601341
B1852564748051N12002296WA0130001344
B1852574748052N12002288WA0130101346
B1852584748055N12002280WA0130501349
B1852594748059N12002273WA0130801352
B1853004748064N12002268WA0131101354
B1853014748068N12002265WA0131101356
B1853024748073N12002264WA0131301358
B1853034748079N12002265WA0131301359
B1853044748084N12002268WA0131501360
B1853054748089N12002272WA0131701361
B1853064748093N12002277WA0131801363
B1853074748097N12002282WA0131901364
B1853084748100N12002287WA0132101367
B1853094748103N12002292WA0132301370
B1853104748105N12002298WA0132601372
B1853114748105N12002304WA0132601374
B1853124748106N12002310WA0132701375
B1853134748105N12002316WA0133101377
B1853144748103N12002321WA0133301378
B1853154748101N12002325WA0133301379
B1853164748098N12002327WA0133401379
B1853174748094N12002328WA0133301379
B1853184748090N12002328WA0133501379
B1853194748086N12002328WA0133401378
B1853204748082N12002327WA0133301379
B1853214748078N12002325WA0133301379
B1853224748075N12002322WA0133401379
B1853234748072N12002317WA0133401378
B1853244748069N12002310WA0133101376
B1853254748066N12002302WA0132901372
B1853264748063N12002292WA0132601369
B1853274748062N12002281WA0132501368
B1853284748061N12002270WA0132401367
B1853294748061N12002259WA0132401367
B1853304748062N12002248WA0132301368
B1853314748063N12002238WA0132301367
B1853324748064N12002228WA0132301368
B1853334748066N12002219WA0132401369
B1853344748068N12002209WA0132401369
B1853354748072N12002200WA0132401369
B1853364748075N12002190WA0132701370
B1853374748079N12002180WA0132601372
B1853384748082N12002171WA0133101374
B1853394748085N12002164WA0133201378
B1853404748090N12002158WA0133501380
B1853414748095N12002153WA0133601382
B1853424748100N12002150WA0133801383
B1853434748105N12002149WA0133801384
B1853444748110N12002150WA0134001385
B1853454748115N12002153WA0133901386
B1853464748119N12002155WA0134201388
B1853474748123N12002157WA0134401391
B1853484748127N12002159WA0134601393
B1853494748129N12002161WA0134801395
B1853504748131N12002165WA0135001396
B1853514748133N12002170WA0135101397
B1853524748134N12002176WA0135101398
B1853534748134N12002182WA0135401399
B1853544748134N12002187WA0135401401
B1853554748133N12002191WA0135701403
B1853564748131N12002195WA0135801405
B1853574748129N12002197WA0135801407
B1853584748126N12002198WA0136201409
B1853594748123N12002198WA0136501412
B1854004748119N12002196WA0136701414
B1854014748115N12002193WA0136801416
B1854024748111N12002188WA0137101417
B1854034748108N12002181WA0137101419
B1854044748105N12002173WA0137401420
B1854054748104N12002164WA0137501421
B1854064748104N12002153WA0137501421
B1854074748106N12002141WA0137601422
B1854084748109N12002130WA0137601423
B1854094748111N12002121WA0137901426
B1854104748114N12002115WA0138101430
B1854114748118N12002109WA0138501433
B1854124748121N12002104WA0138501434
B1854134748126N12002099WA0138701434
B1854144748131N12002094WA0138801434
B1854154748136N12002090WA0138901435
B1854164748142N12002087WA0138901437
B1854174748147N12002085WA0138901439
B1854184748151N12002085WA0139201440
B1854194748155N12002085WA0139301441
B1854204748159N12002088WA0139401442
B1854214748163N12002090WA0139601443
B1854224748166N12002094WA0139701444
B1854234748169N12002098WA0139701446
B1854244748171N12002102WA0139901447
B1854254748172N12002107WA0139801447
B1854264748173N12002112WA0139901448
B1854274748174N12002118WA0140001449
B1854284748174N12002124WA0140301451
B1854294748174N12002128WA0140401453
B1854304748175N12002132WA0140701455
B1854314748174N12002136WA0140701457
B1854324748173N12002139WA0141001459
B1854334748172N12002142WA0141201460
B1854344748169N12002144WA0141201461
B1854354748166N12002144WA0141301462
B1854364748162N12002144WA0141501463
B1854374748158N12002142WA0141801465
B1854384748154N12002138WA0141801468
B1854394748152N12002132WA0141901469
B1854404748150N12002124WA0141801468
B1854414748147N12002114WA0141801465
B1854424748144N12002104WA0141501462
B1854434748143N12002091WA0141501460
B1854444748144N12002079WA0141201460
B1854454748147N12002067WA0141501461
B1854464748150N12002058WA0141501463
B1854474748153N12002049WA0141701465
B1854484748155N12002042WA0141701466
B1854494748159N12002034WA0141701466
B1854504748164N12002027WA0141701464
B1854514748170N12002022WA0141601463
B1854524748176N12002018WA0141501462
B1854534748182N12002016WA0141801464
B1854544748187N12002016WA0141801466
B1854554748192N12002017WA0141801468
B1854564748195N12002018WA0141901469
B1854574748198N12002021WA0142001470
B1854584748201N12002023WA0142101470
B1854594748204N12002026WA0142101470
B1855004748207N12002030WA0142101470
B1855014748209N12002035WA0142001468
B1855024748211N12002041WA0142001468
B1855034748212N12002046WA0141901469
B1855044748213N12002050WA0142201470
B1855054748213N12002054WA0142101470
B1855064748213N12002057WA0142201471
B1855074748213N12002061WA0142101470
B1855084748213N12002064WA0142001470
B1855094748213N12002068WA0142201470
B1855104748212N12002070WA0142201471
B1855114748211N12002072WA0142201472
B1855124748209N12002072WA0142301472
B1855134748206N12002073WA0142401473
B1855144748203N12002074WA0142501474
B1855154748201N12002076WA0142801477
B1855164748200N12002077WA0143001479
B1855174748199N12002078WA0143101481
B1855184748197N12002078WA0143001480
B1855194748196N12002080WA0142801477
B1855204748194N12002082WA0142901475
B1855214748192N12002084WA0142801476
B1855224748191N12002085WA0142901477
B1855234748190N12002085WA0142801478
B1855244748188N12002084WA0142901478
B1855254748186N12002083WA0142901479
B1855264748185N12002084WA0143001479
B1855274748185N12002087WA0142901479
B1855284748185N12002090WA0142901478
B1855294748186N12002094WA0143001478
B1855304748187N12002098WA0143101478
B1855314748189N12002102WA0142901478
B1855324748191N12002108WA0142901477
B1855334748193N12002113WA0143001477
B1855344748195N12002118WA0142801478
B1855354748196N12002123WA0143001478
B1855364748196N12002127WA0142801479
B1855374748196N12002132WA0142801477
B1855384748196N12002135WA0142901476
B1855394748196N12002140WA0142801475
B1855404748196N12002144WA0142601474
B1855414748196N12002149WA0142601474
B1855424748195N12002154WA0142701474
B1855434748194N12002157WA0142601475
B1855444748192N12002158WA0142801476
B1855454748189N12002157WA0142601475
B1855464748185N12002154WA0142501473
B1855474748181N12002151WA0142301471
B1855484748177N12002146WA0142101469
B1855494748173N12002141WA0142001467
B1855504748169N12002135WA0141901467
B1855514748165N12002131WA0141901468
B1855524748162N12002128WA0142101470
B1855534748160N12002123WA0142201470
B1855544748156N12002118WA0142201471
B1855554748153N12002112WA0142301472
B1855564748150N12002106WA0142401473
B1855574748146N12002100WA0142701475
B1855584748143N12002093WA0142701477
B1855594748141N12002085WA0142901478
B1856004748140N12002077WA0142901479
B1856014748140N12002068WA0142901479
B1856024748141N12002057WA0143001479
B1856034748142N12002046WA0143201479
B1856044748144N12002035WA0143101480
B1856054748147N12002025WA0143401482
B1856064748149N12002016WA0143501484
B1856074748152N12002006WA0143601485
B1856084748157N12001998WA0143501485
B1856094748162N12001990WA0143801486
B1856104748167N12001985WA0143701487
B1856114748173N12001982WA0143901488
B1856124748178N12001980WA0144001489
B1856134748183N12001979WA0144001490
B1856144748187N12001980WA0144001491
B1856154748189N12001983WA0144101492
B1856164748191N12001985WA0144301494
B1856174748191N12001988WA0144501496
B1856184748190N12001990WA0144701497
B1856194748187N12001992WA0144601498
B1856204748184N12001992WA0144901499
B1856214748181N12001991WA0144901500
B1856224748176N12001987WA0144801500
B1856234748172N12001980WA0144801499
B1856244748169N12001972WA0144901499
B1856254748166N12001962WA0144801500
B1856264748166N12001953WA0145001501
B1856274748167N12001943WA0145101503
B1856284748168N12001933WA0145401503
B1856294748169N12001923WA0145201503
B1856304748170N12001913WA0145201503
B1856314748172N12001902WA0145301502
B1856324748176N12001891WA0145101501
B1856334748180N12001880WA0144901500
B1856344748185N12001870WA0145101499
B1856354748189N12001859WA0145101501
B1856364748193N12001850WA0145001502
B1856374748197N12001843WA0145201504
B1856384748201N12001837WA0145401505
B1856394748206N12001832WA0145401504
B1856404748212N12001828WA0145001502
B1856414748218N12001825WA0145201501
B1856424748224N12001824WA0145001501
B1856434748229N12001824WA0145301503
B1856444748232N12001825WA0145201503
B1856454748235N12001827WA0145101503
B1856464748237N12001829WA0145301503
B1856474748239N12001832WA0145201503
B1856484748241N12001836WA0145301502
B1856494748242N12001838WA0145201502
B1856504748242N12001841WA0145301503
B1856514748242N12001844WA0145301503
B1856524748243N12001847WA0145201504
B1856534748243N12001850WA0145201504
B1856544748244N12001853WA0145501506
B1856554748243N12001854WA0145601507
B1856564748242N12001855WA0145701508
B1856574748240N12001856WA0145801509
B1856584748238N12001857WA0145801509
B1856594748235N12001857WA0145801510
B1857004748232N12001856WA0145901510
B1857014748228N12001855WA0146001511
B1857024748224N12001853WA0146201513
B1857034748221N12001850WA0146301515
B1857044748218N12001846WA0146401517
B1857054748215N12001840WA0146401518
B1857064748212N12001833WA0146501518
B1857074748210N12001823WA0146501517
B1857084748209N12001812WA0146501516
B1857094748209N12001800WA0146601517
B1857104748211N12001789WA0146501518
B1857114748213N12001777WA0146701519
B1857124748216N12001766WA0146701520
B1857134748219N12001756WA0146701520
B1857144748224N12001746WA0146801520
B1857154748229N12001737WA0146701519
B1857164748236N12001729WA0146601518
B1857174748242N12001725WA0146701517
B1857184748249N12001722WA0146501518
B1857194748254N12001721WA0146701519
B1857204748258N12001721WA0146701520
B1857214748262N12001723WA0146801520
B1857224748265N12001725WA0146601520
B1857234748267N12001729WA0146801520
B1857244748268N12001733WA0146801520
B1857254748269N12001737WA0146801521
B1857264748270N12001741WA0147001522
B1857274748271N12001744WA0147001524
B1857284748272N12001746WA0147301525
B1857294748272N12001749WA0147301526
B1857304748273N12001752WA0147401528
B1857314748273N12001754WA0147501529
B1857324748272N12001755WA0147801530
B1857334748272N12001757WA0147801532
B1857344748270N12001758WA0148001533
B1857354748268N12001758WA0147801532
B1857364748265N12001756WA0147701531
B1857374748261N12001753WA0147801530
B1857384748257N12001747WA0147701529
B1857394748255N12001738WA0147701529
B1857404748255N12001729WA0147601528
B1857414748256N12001718WA0147301526
B1857424748258N12001706WA0147301524
B1857434748261N12001695WA0147201522
B1857444748266N12001685WA0146801521
B1857454748272N12001676WA0146801520
B1857464748278N12001671WA0146901520
B1857474748285N12001668WA0146901520
B1857484748290N12001667WA0146801521
B1857494748295N12001667WA0146901521
B1857504748299N12001668WA0147001522
B1857514748303N12001669WA0147001523
B1857524748306N12001670WA0147001522
B1857534748308N12001673WA0146801521
B1857544748309N12001677WA0146801520
B1857554748310N12001681WA0146701518
B1857564748310N12001685WA0146501518
B1857574748309N12001689WA0146701519
B1857584748309N12001691WA0146801521
B1857594748309N12001693WA0146901523
B1858004748310N12001695WA0147001524
B1858014748310N12001698WA0147001524
B1858024748309N12001701WA0147101524
B1858034748309N12001704WA0147201524
B1858044748309N12001706WA0147301526
B1858054748311N12001709WA0147301527
B1858064748312N12001712WA0147401528
B1858074748313N12001714WA0147401529
B1858084748313N12001718WA0147501529
B1858094748313N12001721WA0147701529
B1858104748313N12001724WA0147601530
B1858114748313N12001728WA0147701530
B1858124748312N12001731WA0147601530
B1858134748311N12001735WA0147801531
B1858144748311N12001738WA0148001532
B1858154748311N12001740WA0147901532
B1858164748310N12001743WA0147801531
B1858174748310N12001747WA0147701530
B1858184748309N12001751WA0147501527
B1858194748308N12001755WA0147401526
B1858204748308N12001759WA0147301525
B1858214748309N12001761WA0147301524
B1858224748311N12001764WA0147101523
B1858234748312N12001768WA0146901520
B1858244748313N12001772WA0146401515
B1858254748314N12001778WA0146201512
B1858264748315N12001782WA0146001510
B1858274748318N12001785WA0145901509
B1858284748320N12001787WA0145601507
B1858294748323N12001789WA0145601505
B1858304748325N12001793WA0145201502
B1858314748328N12001797WA0144801498
B1858324748330N12001802WA0144401494
B1858334748333N12001807WA0144201492
B1858344748335N12001811WA0144101491
B1858354748337N12001814WA0144001490
B1858364748339N12001818WA0143801488
B1858374748340N12001823WA0143601486
B1858384748342N12001830WA0143301483
B1858394748345N12001836WA0143101480
B1858404748349N12001842WA0143001480
B1858414748352N12001846WA0142901480
B1858424748356N12001848WA0142901481
B1858434748359N12001850WA0142901480
B1858444748363N12001852WA0142701479
B1858454748367N12001854WA0142501476
B1858464748372N12001857WA0142101472
B1858474748377N12001860WA0142101470
B1858484748381N12001863WA0141901469
B1858494748385N12001866WA0141801468
B1858504748389N12001868WA0141801467
B1858514748393N12001870WA0141501466
B1858524748398N12001873WA0141201463
B1858534748403N12001878WA0141201461
B1858544748407N12001883WA0140901459
B1858554748410N12001890WA0140701458
B1858564748413N12001895WA0140801458
B1858574748417N12001900WA0140801459
B1858584748420N12001903WA0140801460
B1858594748422N12001907WA0140701459
B1859004748425N12001912WA0140701458
B1859014748427N12001918WA0140401456
B1859024748430N12001924WA0140401454
B1859034748434N12001930WA0140401455
B1859044748437N12001935WA0140601456
B1859054748441N12001939WA0140601458
B1859064748445N12001942WA0140801460
B1859074748450N12001946WA0141001462
B1859084748453N12001949WA0141401466
B1859094748456N12001953WA0141601470
B1859104748459N12001957WA0142101474
B1859114748461N12001961WA0142101478
B1859124748463N12001966WA0142601480
B1859134748465N12001973WA0142701482
B1859144748466N12001979WA0143101484
B1859154748467N12001986WA0143301487
B1859164748466N12001991WA0143601490
B1859174748466N12001995WA0143901493
B1859184748464N12001998WA0144001495
B1859194748461N12002001WA0144101496
B1859204748457N12002003WA0144101496
B1859214748453N12002001WA0144201497
B1859224748449N12001996WA0144401497
B1859234748447N12001988WA0144501498
B1859244748447N12001978WA0144601498
B1859254748450N12001969WA0144501498
B1859264748455N12001963WA0144601498
B1859274748461N12001959WA0144801499
B1859284748466N12001958WA0144901501
B1859294748471N12001961WA0145001503
B1859304748476N12001965WA0145201505
B1859314748479N12001971WA0145301507
B1859324748482N12001977WA0145701510
B1859334748484N12001982WA0146001514
B1859344748485N12001987WA0146401518
B1859354748486N12001992WA0146601520
B1859364748486N12001997WA0146701522
B1859374748485N12002003WA0146701522
B1859384748483N12002008WA0146801521
B1859394748479N12002012WA0146801522
B1859404748475N12002014WA0146901522
B1859414748470N12002013WA0146901524
B1859424748466N12002010WA0147101525
B1859434748463N12002006WA0147001526
B1859444748459N12002001WA0147401528
B1859454748456N12001995WA0147501529
B1859464748454N12001989WA0147701529
B1859474748452N12001982WA0147601530
B1859484748451N12001973WA0147701531
B1859494748451N12001965WA0147701531
B1859504748451N12001957WA0147901531
B1859514748451N12001949WA0147901531
B1859524748452N12001940WA0147801531
B1859534748454N12001930WA0147801531
B1859544748456N12001922WA0147801531
B1859554748460N12001914WA0147901531
B1859564748464N12001909WA0148101532
B1859574748470N12001907WA0148101531
B1859584748476N12001907WA0148101531
B1859594748481N12001910WA0148001531
B1900004748484N12001915WA0148001532
B1900014748487N12001920WA0148001532
B1900024748488N12001925WA0148001532
B1900034748489N12001930WA0148101532
B1900044748488N12001935WA0147901532
B1900054748485N12001940WA0147901531
B1900064748481N12001945WA0148001530
B1900074748476N12001950WA0148001533
B1900084748473N12001953WA0148401537
B1900094748470N12001954WA0148601541
B1900104748468N12001955WA0148901544
B1900114748465N12001955WA0148901545
B1900124748462N12001956WA0149101545
B1900134748457N12001957WA0149101544
B1900144748452N12001956WA0149301545
B1900154748447N12001954WA0149201546
B1900164748443N12001951WA0149501547
B1900174748440N12001948WA0149501548
B1900184748436N12001946WA0149501549
B1900194748433N12001943WA0149601548
B1900204748429N12001941WA0149401547
B1900214748424N12001937WA0149401545
B1900224748419N12001933WA0149401544
B1900234748414N12001929WA0149301545
B1900244748411N12001923WA0149301546
B1900254748408N12001916WA0149301546
B1900264748406N12001908WA0149401546
B1900274748406N12001899WA0149101545
B1900284748406N12001889WA0149001542
B1900294748407N12001878WA0148901539
B1900304748409N12001867WA0148701537
B1900314748412N12001857WA0148601536
B1900324748415N12001847WA0148601536
B1900334748418N12001837WA0148501535
B1900344748421N12001827WA0148301534
B1900354748425N12001816WA0147901531
B1900364748430N12001804WA0147701528
B1900374748434N12001793WA0147701527
B1900384748439N12001783WA0147301526
B1900394748443N12001774WA0147401525
B1900404748447N12001765WA0147301524
B1900414748451N12001755WA0147201522
B1900424748455N12001745WA0146801520
B1900434748461N12001736WA0146801518
B1900444748466N12001727WA0146701517
B1900454748471N12001718WA0146601517
B1900464748475N12001709WA0146501516
B1900474748480N12001699WA0146401516
B1900484748485N12001690WA0146601516
B1900494748489N12001681WA0146701518
B1900504748493N12001672WA0146801519
B1900514748498N12001662WA0146901521
B1900524748502N12001653WA0147201523
B1900534748506N12001645WA0147301526
B1900544748510N12001637WA0147601529
B1900554748515N12001631WA0147801530
B1900564748521N12001625WA0148201533
B1900574748527N12001620WA0148301535
B1900584748533N12001614WA0148701539
B1900594748538N12001607WA0148901542
B1901004748543N12001600WA0149001543
B1901014748549N12001594WA0149001544
B1901024748555N12001588WA0148901544
B1901034748563N12001584WA0149201544
B1901044748570N12001582WA0149101545
B1901054748576N12001581WA0149401548
B1901064748582N12001580WA0149701551
B1901074748587N12001580WA0149901554
B1901084748592N12001579WA0150301558
B1901094748597N12001578WA0150401561
B1901104748602N12001577WA0150801563
B1901114748606N12001578WA0150901565
B1901124748609N12001581WA0151301566
B1901134748612N12001584WA0151201568
B1901144748614N12001588WA0151501570
B1901154748616N12001592WA0151601572
B1901164748617N12001596WA0151701573
B1901174748617N12001600WA0151801574
B1901184748616N12001605WA0152001576
B1901194748615N12001609WA0152201577
B1901204748613N12001611WA0152201580
B1901214748610N12001613WA0152501582
B1901224748607N12001613WA0152901584
B1901234748603N12001611WA0153001586
B1901244748599N12001607WA0153201588
B1901254748595N12001601WA0153401591
B1901264748592N12001593WA0153701593
B1901274748591N12001584WA0153901596
B1901284748592N12001574WA0154001597
B1901294748593N12001563WA0154301598
B1901304748596N12001553WA0154401599
B1901314748600N12001543WA0154401600
B1901324748605N12001535WA0154501600
B1901334748610N12001527WA0154601601
B1901344748616N12001520WA0154601602
B1901354748621N12001515WA0154701604
B1901364748627N12001511WA0155001605
B1901374748632N12001508WA0154901607
B1901384748638N12001505WA0155201609
B1901394748643N12001503WA0155301611
B1901404748647N12001503WA0155501612
B1901414748651N12001505WA0155301612
B1901424748654N12001508WA0155501611
B1901434748656N12001512WA0155501611
B1901444748657N12001516WA0155501611
B1901454748656N12001519WA0155501611
B1901464748655N12001522WA0155601611
B1901474748652N12001525WA0155501611
B1901484748650N12001528WA0155501610
B1901494748646N12001531WA0155301609
B1901504748642N12001533WA0155301607
B1901514748638N12001535WA0155001606
B1901524748634N12001537WA0155101606
B1901534748630N12001538WA0155001606
B1901544748626N12001539WA0154901606
B1901554748621N12001540WA0154801605
B1901564748616N12001541WA0155001606
B1901574748612N12001541WA0155101608
B1901584748608N12001540WA0155401610
B1901594748605N12001540WA0155601613
B1902004748602N12001538WA0155901616
B1902014748599N12001536WA0156101618
B1902024748596N12001533WA0156301620
B1902034748593N12001530WA0156301621
B1902044748589N12001526WA0156701622
B1902054748586N12001520WA0156601623
B1902064748583N12001512WA0156701624
B1902074748582N12001502WA0156701624
B1902084748583N12001490WA0157001625
B1902094748586N12001479WA0157001626
B1902104748591N12001472WA0157101626
B1902114748598N12001467WA0157101625
B1902124748605N12001467WA0156901623
B1902134748610N12001469WA0156801623
B1902144748614N12001474WA0156901623
B1902154748615N12001480WA0157001624
B1902164748615N12001484WA0157001626
B1902174748614N12001486WA0157101628
B1902184748612N12001488WA0157301629
B1902194748609N12001489WA0157301629
B1902204748605N12001491WA0157201628
B1902214748600N12001493WA0157201627
B1902224748596N12001495WA0157301628
B1902234748592N12001498WA0157301629
B1902244748589N12001500WA0157501630
B1902254748586N12001502WA0157501631
B1902264748583N12001503WA0157601633
B1902274748581N12001503WA0157801634
B1902284748578N12001501WA0157901635
B1902294748575N12001498WA0157901635
B1902304748572N12001493WA0157801635
B1902314748568N12001486WA0157801634
B1902324748564N12001479WA0157801634
B1902334748560N12001472WA0157901634
B1902344748556N12001464WA0157901635
B1902354748553N12001456WA0158001636
B1902364748550N12001448WA0158301638
B1902374748547N12001439WA0158501640
B1902384748545N12001430WA0158601642
B1902394748543N12001421WA0158801643
B1902404748542N12001411WA0159001645
B1902414748541N12001400WA0159101647
B1902424748541N12001389WA0159301648
B1902434748541N12001377WA0159501650
B1902444748542N12001366WA0159601652
B1902454748544N12001357WA0159801654
B1902464748547N12001348WA0160001655
B1902474748551N12001339WA0159901655
B1902484748556N12001331WA0160001656
B1902494748562N12001327WA0160001657
B1902504748566N12001326WA0160401658
B1902514748569N12001329WA0160101658
B1902524748571N12001332WA0160601659
B1902534748572N12001336WA0160601659
B1902544748571N12001339WA0160601661
B1902554748568N12001342WA0160601661
B1902564748565N12001343WA0160501662
B1902574748561N12001344WA0160701663
B1902584748558N12001343WA0161101665
B1902594748555N12001341WA0161101667
B1903004748551N12001338WA0161201669
B1903014748548N12001333WA0161201669
B1903024748545N12001327WA0161201669
B1903034748542N12001318WA0161401669
B1903044748540N12001309WA0161301668
B1903054748539N12001298WA0161201667
B1903064748541N12001286WA0161201666
B1903074748544N12001275WA0161201664
B1903084748549N12001265WA0160701662
B1903094748554N12001257WA0160701661
B1903104748559N12001250WA0160501660
B1903114748565N12001244WA0160501660
B1903124748570N12001238WA0160401658
B1903134748577N12001235WA0160001656
B1903144748583N12001233WA0159901654
B1903154748589N12001233WA0160001653
B1903164748593N12001234WA0159801654
B1903174748596N12001235WA0159801656
B1903184748598N12001237WA0160001657
B1903194748599N12001238WA0160201660
B1903204748599N12001239WA0160501662
B1903214748597N12001240WA0160601663
B1903224748596N12001242WA0160601663
B1903234748593N12001245WA0160601662
B1903244748591N12001248WA0160601661
B1903254748589N12001251WA0160401659
B1903264748587N12001254WA0160501659
B1903274748585N12001256WA0160401659
B1903284748584N12001256WA0160401659
B1903294748581N12001255WA0160501659
B1903304748577N12001252WA0160301658
B1903314748573N12001249WA0160201657
B1903324748569N12001245WA0160201657
B1903334748565N12001238WA0160101657
B1903344748563N12001229WA0160401659
B1903354748562N12001220WA0160501659
B1903364748562N12001210WA0160401658
B1903374748562N12001199WA0160101656
B1903384748563N12001188WA0159901653
B1903394748566N12001176WA0159801650
B1903404748571N12001166WA0159401647
B1903414748577N12001156WA0159301645
B1903424748583N12001148WA0159101644
B1903434748589N12001142WA0159101644
B1903444748594N12001137WA0159101645
B1903454748599N12001135WA0159001645
B1903464748603N12001134WA0158901644
B1903474748608N12001135WA0158901643
B1903484748612N12001137WA0158701641
B1903494748616N12001138WA0158601640
B1903504748618N12001138WA0158701642
B1903514748620N12001138WA0158801643
B1903524748620N12001139WA0158701642
B1903534748621N12001141WA0158601641
B1903544748620N12001145WA0158201638
B1903554748619N12001149WA0158301636
B1903564748618N12001152WA0158201635
B1903574748617N12001154WA0158101636
B1903584748617N12001156WA0158101638
B1903594748617N12001157WA0158201638
B1904004748616N12001158WA0158301638
B1904014748615N12001160WA0158201638
B1904024748614N12001163WA0158201637
B1904034748612N12001166WA0158101635
B1904044748611N12001170WA0158001635
B1904054748610N12001172WA0158101636
B1904064748609N12001172WA0158301639
B1904074748609N12001171WA0158401640
B1904084748609N12001171WA0158201639
B1904094748608N12001172WA0158101636
B1904104748607N12001174WA0157901632
B1904114748605N12001177WA0157601629
B1904124748604N12001179WA0157501627
B1904134748603N12001181WA0157301625
B1904144748602N12001184WA0156901622
B1904154748600N12001187WA0156601618
B1904164748598N12001190WA0156301615
B1904174748595N12001193WA0156101613
B1904184748593N12001195WA0155901612
B1904194748591N12001196WA0155801610
B1904204748588N12001197WA0155501609
B1904214748585N12001197WA0155401607
B1904224748581N12001196WA0155201605
B1904234748578N12001196WA0155201603
B1904244748575N12001197WA0155001603
B1904254748573N12001198WA0154901602
B1904264748571N12001198WA0154901602
B1904274748570N12001198WA0155001602
B1904284748568N12001198WA0155001602
B1904294748567N12001198WA0154901601
B1904304748565N12001199WA0154701599
B1904314748562N12001201WA0154501597
B1904324748560N12001203WA0154201594
B1904334748556N12001206WA0154001591
B1904344748554N12001209WA0153901590
B1904354748552N12001212WA0153901591
B1904364748550N12001214WA0154001592
B1904374748548N12001216WA0153901592
B1904384748547N12001219WA0153701590
B1904394748545N12001223WA0153801588
B1904404748543N12001228WA0153601587
B1904414748539N12001231WA0153501586
B1904424748536N12001233WA0153401585
B1904434748533N12001235WA0153401586
B1904444748532N12001238WA0153301585
B1904454748530N12001242WA0153101583
B1904464748528N12001246WA0153101581
B1904474748526N12001249WA0153001579
B1904484748523N12001253WA0152901578
B1904494748521N12001255WA0152701577
B1904504748519N12001258WA0152601576
B1904514748518N12001262WA0152501574
B1904524748517N12001265WA0152201573
B1904534748516N12001269WA0152201571
B1904544748514N12001273WA0151901568
B1904554748513N12001278WA0151701565
B1904564748512N12001283WA0151501562
B1904574748511N12001287WA0151401561
B1904584748510N12001291WA0151101559
B1904594748509N12001295WA0151101557
B1905004748507N12001299WA0150701555
B1905014748507N12001304WA0150401552
B1905024748506N12001310WA0150201549
B1905034748505N12001315WA0150001547
B1905044748505N12001320WA0149701545
B1905054748504N12001324WA0149701544
B1905064748503N12001328WA0149301542
B1905074748502N12001333WA0149301540
B1905084748502N12001338WA0148901538
B1905094748500N12001343WA0148901535
B1905104748499N12001349WA0148501533
B1905114748498N12001354WA0148401531
B1905124748498N12001359WA0148301530
B1905134748497N12001364WA0148101529
B1905144748497N12001368WA0148001528
B1905154748496N12001373WA0147801526
B1905164748495N12001378WA0147601523
B1905174748495N12001384WA0147301519
B1905184748493N12001389WA0147001516
B1905194748492N12001393WA0146801513
B1905204748491N12001398WA0146401511
B1905214748490N12001403WA0146201508
B1905224748489N12001408WA0145801504
B1905234748488N12001415WA0145501500
B1905244748486N12001422WA0145101496
B1905254748485N12001430WA0144801493
B1905264748484N12001437WA0144701492
B1905274748484N12001443WA0144601492
B1905284748483N12001448WA0144601491
B1905294748482N12001454WA0144501490
B1905304748481N12001461WA0144101487
B1905314748480N12001469WA0144001484
B1905324748479N12001477WA0144001482
B1905334748477N12001483WA0143801481
B1905344748475N12001490WA0143601481
B1905354748472N12001496WA0143601480
B1905364748469N12001503WA0143601480
B1905374748468N12001509WA0143601481
B1905384748466N12001515WA0143801483
B1905394748464N12001519WA0143901484
B1905404748463N12001524WA0144001485
B1905414748461N12001530WA0144001484
B1905424748458N12001536WA0143801483
B1905434748455N12001543WA0143801482
B1905444748451N12001548WA0144001485
B1905454748448N12001551WA0144401491
B1905464748446N12001552WA0144801495
B1905474748446N12001553WA0145001498
B1905484748446N12001554WA0145101498
B1905494748447N12001558WA0145001498
B1905504748446N12001563WA0145101497
B1905514748445N12001567WA0145201498
B1905524748444N12001570WA0145301501
B1905534748442N12001571WA0145401502
B1905544748439N12001572WA0145601504
B1905554748437N12001574WA0145501504
B1905564748435N12001579WA0145501503
B1905574748432N12001585WA0145401502
B1905584748430N12001591WA0145701504
B1905594748429N12001594WA0145801507
B1906004748428N12001596WA0146401512
B1906014748427N12001598WA0146401516
B1906024748425N12001600WA0146801518
B1906034748423N12001603WA0147001520
B1906044748421N12001606WA0147201522
B1906054748420N12001609WA0147401524
B1906064748420N12001612WA0147601525
B1906074748421N12001615WA0147601527
B1906084748422N12001618WA0147901528
B1906094748424N12001620WA0148101530
B1906104748425N12001623WA0148301532
B1906114748424N12001625WA0148501534
B1906124748423N12001628WA0148501536
B1906134748420N12001629WA0148801537
B1906144748416N12001628WA0148901538
B1906154748412N12001625WA0149001539
B1906164748408N12001619WA0148901539
B1906174748404N12001612WA0149101540
B1906184748401N12001604WA0149201541
B1906194748397N12001594WA0149101541
B1906204748395N12001584WA0149301541
B1906214748394N12001573WA0149201542
B1906224748395N12001563WA0149301542
B1906234748398N12001553WA0149301540
B1906244748402N12001544WA0149201539
B1906254748407N12001536WA0148901540
B1906264748411N12001532WA0149201541
B1906274748415N12001528WA0149401543
B1906284748418N12001525WA0149501545
B1906294748421N12001523WA0149501545
B1906304748426N12001523WA0149301544
B1906314748431N12001526WA0149401542
B1906324748436N12001530WA0149401540
B1906334748440N12001534WA0149201542
B1906344748442N12001539WA0149401544
B1906354748443N12001542WA0149701546
B1906364748442N12001546WA0149701548
B1906374748441N12001549WA0150001550
B1906384748440N12001552WA0150201551
B1906394748438N12001555WA0150401552
B1906404748435N12001558WA0150501553
B1906414748432N12001560WA0150501554
B1906424748427N12001560WA0150501555
B1906434748422N12001557WA0150801556
B1906444748417N12001552WA0150801556
B1906454748412N12001544WA0150801557
B1906464748409N12001535WA0151001558
B1906474748409N12001526WA0150901558
B1906484748410N12001516WA0151001558
B1906494748412N12001506WA0150901556
B1906504748416N12001496WA0150701555
B1906514748422N12001489WA0150501554
B1906524748427N12001483WA0150701554
B1906534748433N12001480WA0150701556
B1906544748437N12001479WA0150801558
B1906554748440N12001481WA0151001559
B1906564748444N12001483WA0151001560
B1906574748447N12001487WA0151101560
B1906584748451N12001491WA0151201560
B1906594748454N12001496WA0151101561
B1907004748455N12001501WA0151401563
B1907014748456N12001505WA0151501565
B1907024748455N12001509WA0151701568
B1907034748455N12001512WA0151801570
B1907044748455N12001515WA0152101572
B1907054748454N12001518WA0152201573
B1907064748452N12001521WA0152301574
B1907074748449N12001523WA0152401575
B1907084748446N12001522WA0152501577
B1907094748441N12001518WA0152701578
B1907104748436N12001512WA0152801578
B1907114748432N12001504WA0152901579
B1907124748429N12001495WA0152901579
B1907134748428N12001484WA0153101580
B1907144748429N12001474WA0153001580
B1907154748432N12001463WA0153101580
B1907164748437N12001454WA0153301580
B1907174748441N12001446WA0153201582
B1907184748446N12001440WA0153501585
B1907194748450N12001435WA0153801588
B1907204748453N12001432WA0153801590
B1907214748458N12001430WA0154101590
B1907224748463N12001429WA0154101591
B1907234748468N12001430WA0154201591
B1907244748472N12001433WA0154201592
B1907254748475N12001437WA0154401593
B1907264748476N12001441WA0154401595
B1907274748475N12001445WA0154701597
B1907284748473N12001447WA0154701599
B1907294748470N12001448WA0155001601
B1907304748466N12001446WA0155101603
B1907314748462N12001441WA0155101603
B1907324748457N12001433WA0155201602
B1907334748454N12001422WA0155201602
B1907344748452N12001410WA0155101602
B1907354748453N12001397WA0155001602
B1907364748455N12001385WA0155101602
B1907374748459N12001374WA0155301602
B1907384748464N12001366WA0155201603
B1907394748469N12001361WA0155201603
B1907404748474N12001358WA0155401604
B1907414748478N12001358WA0155301605
B1907424748481N12001361WA0155501605
B1907434748483N12001364WA0155601606
B1907444748484N12001369WA0155601606
B1907454748484N12001374WA0155401607
B1907464748483N12001378WA0155601608
B1907474748483N12001381WA0155801609
B1907484748484N12001383WA0155801611
B1907494748484N12001385WA0156001612
B1907504748482N12001387WA0156101613
B1907514748479N12001388WA0156201613
B1907524748477N12001389WA0156201614
B1907534748474N12001388WA0156201615
B1907544748471N12001386WA0156201616
B1907554748467N12001382WA0156201614
B1907564748463N12001375WA0156001612
B1907574748459N12001364WA0156001609
B1907584748457N12001351WA0155701607
B1907594748457N12001338WA0155601606
B1908004748460N12001327WA0155601607
B1908014748463N12001317WA0155801608
B1908024748467N12001309WA0155701607
B1908034748473N12001301WA0155601605
B1908044748478N12001295WA0155401604
B1908054748484N12001291WA0155301603
B1908064748489N12001290WA0155201602
B1908074748494N12001289WA0155101602
B1908084748498N12001289WA0155001601
B1908094748501N12001291WA0154901601
B1908104748503N12001295WA0154801599
B1908114748504N12001300WA0154801598
B1908124748505N12001304WA0154701599
B1908134748507N12001308WA0154901601
B1908144748509N12001310WA0155201604
B1908154748511N12001312WA0155301605
B1908164748514N12001314WA0155301606
B1908174748516N12001317WA0155301606
B1908184748518N12001320WA0155301606
B1908194748521N12001324WA0155301606
B1908204748523N12001328WA0155501607
B1908214748526N12001331WA0155401608
B1908224748529N12001335WA0155701609
B1908234748531N12001338WA0155601610
B1908244748534N12001340WA0155901611
B1908254748537N12001343WA0156101613
B1908264748539N12001346WA0156001614
B1908274748541N12001349WA0156201615
B1908284748543N12001353WA0156301616
B1908294748545N12001357WA0156301617
B1908304748547N12001362WA0156601619
B1908314748549N12001366WA0156701621
B1908324748549N12001371WA0157101623
B1908334748549N12001376WA0157001625
B1908344748548N12001380WA0157301626
B1908354748546N12001383WA0157401628
B1908364748544N12001386WA0157601630
B1908374748541N12001387WA0157601631
B1908384748538N12001386WA0157701632
B1908394748534N12001382WA0157601632
B1908404748530N12001375WA0157801632
B1908414748527N12001367WA0158001632
B1908424748526N12001356WA0158001633
B1908434748526N12001344WA0158101633
B1908444748528N12001333WA0157801634
B1908454748529N12001323WA0158301636
B1908464748532N12001314WA0158201637
B1908474748535N12001306WA0158401639
B1908484748539N12001299WA0158301640
B1908494748544N12001293WA0158601640
B1908504748549N12001289WA0158501641
B1908514748554N12001286WA0158801642
B1908524748559N12001286WA0158801644
B1908534748563N12001287WA0159101645
B1908544748566N12001289WA0159001646
B1908554748570N12001291WA0159301648
B1908564748573N12001294WA0159401650
B1908574748575N12001297WA0159601652
B1908584748577N12001300WA0159901654
B1908594748578N12001304WA0160101657
B1909004748578N12001307WA0160301658
B1909014748578N12001310WA0160401660
B1909024748577N12001312WA0160501660
B1909034748575N12001314WA0160601662
B1909044748573N12001317WA0160501662
B1909054748571N12001319WA0160801662
B1909064748568N12001321WA0160701662
B1909074748564N12001322WA0160901663
B1909084748560N12001320WA0160801664
B1909094748556N12001315WA0160901664
B1909104748552N12001307WA0161001664
B1909114748550N12001299WA0161101664
B1909124748549N12001289WA0161001665
B1909134748550N12001280WA0161201667
B1909144748551N12001271WA0161201668
B1909154748553N12001262WA0161301668
B1909164748556N12001254WA0161301669
B1909174748559N12001246WA0161301670
B1909184748564N12001239WA0161501670
B1909194748569N12001233WA0161401670
B1909204748574N12001229WA0161501670
B1909214748580N12001227WA0161501670
B1909224748585N12001227WA0161501671
B1909234748589N12001228WA0161701673
B1909244748592N12001229WA0162001675
B1909254748594N12001230WA0162001677
B1909264748596N12001233WA0162201679
B1909274748597N12001237WA0162301680
B1909284748597N12001241WA0162501681
B1909294748597N12001246WA0162501682
B1909304748596N12001251WA0162801683
B1909314748594N12001255WA0162801685
B1909324748592N12001258WA0163001688
B1909334748588N12001260WA0163301689
B1909344748584N12001260WA0163301691
B1909354748580N12001259WA0163601692
B1909364748575N12001257WA0163501693
B1909374748570N12001253WA0163901694
B1909384748566N12001247WA0163801696
B1909394748562N12001239WA0163901697
B1909404748560N12001230WA0164001698
B1909414748559N12001221WA0164201698
B1909424748558N12001210WA0164201698
B1909434748558N12001199WA0164101698
B1909444748560N12001188WA0164401698
B1909454748562N12001178WA0164301698
B1909464748565N12001169WA0164301698
B1909474748569N12001161WA0164101698
B1909484748575N12001154WA0164201696
B1909494748581N12001148WA0164001694
B1909504748587N12001144WA0164101694
B1909514748592N12001141WA0164101695
B1909524748598N12001140WA0164101696
B1909534748603N12001141WA0164201697
B1909544748607N12001142WA0164201698
B1909554748612N12001144WA0164301700
B1909564748615N12001146WA0164601702
B1909574748617N12001149WA0164601703
B1909584748618N12001152WA0164701704
B1909594748618N12001156WA0164801705
B1910004748618N12001161WA0165101706
B1910014748618N12001165WA0165301708
B1910024748617N12001170WA0165401711
B1910034748616N12001173WA0165501714
B1910044748615N12001176WA0165801718
B1910054748613N12001178WA0166101720
B1910064748611N12001180WA0166301722
B1910074748607N12001180WA0166401724
B1910084748603N12001178WA0166701725
B1910094748599N12001175WA0166901727
B1910104748595N12001169WA0167101729
B1910114748591N12001162WA0167301731
B1910124748589N12001155WA0167601733
B1910134748588N12001146WA0167501734
B1910144748588N12001137WA0167701733
B1910154748589N12001126WA0167401731
B1910164748589N12001115WA0167101729
B1910174748591N12001104WA0167001726
B1910184748594N12001093WA0167001724
B1910194748598N12001083WA0166701721
B1910204748604N12001076WA0166201718
B1910214748612N12001070WA0166001715
B1910224748619N12001067WA0166001713
B1910234748625N12001066WA0165701713
B1910244748631N12001065WA0165801712
B1910254748637N12001066WA0165801712
B1910264748642N12001066WA0165601712
B1910274748648N12001067WA0165601713
B1910284748653N12001069WA0165701713
B1910294748658N12001071WA0165701713
B1910304748663N12001073WA0165901715
B1910314748668N12001075WA0165901717
B1910324748672N12001077WA0166201719
B1910334748676N12001080WA0166201720
B1910344748679N12001084WA0166501721
B1910354748683N12001087WA0166501722
B1910364748686N12001092WA0166501723
B1910374748689N12001096WA0166801724
B1910384748692N12001101WA0166501724
B1910394748694N12001106WA0166801724
B1910404748696N12001112WA0166701725
B1910414748696N12001118WA0166701725
B1910424748695N12001125WA0166901724
B1910434748693N12001131WA0166901724
B1910444748691N12001137WA0167101727
B1910454748690N12001142WA0167301732
B1910464748688N12001145WA0167801737
B1910474748687N12001148WA0168101742
B1910484748685N12001152WA0168601746
B1910494748683N12001156WA0168801750
B1910504748680N12001159WA0169301753
B1910514748677N12001161WA0169501757
B1910524748674N12001161WA0170001761
B1910534748671N12001158WA0170101764
B1910544748668N12001152WA0170601766
B1910554748668N12001143WA0170801768
B1910564748669N12001133WA0171001770
B1910574748672N12001123WA0171301773
B1910584748674N12001114WA0171601776
B1910594748677N12001105WA0171601778
B1911004748680N12001097WA0172001778
B1911014748684N12001088WA0171901779
B1911024748690N12001080WA0172001778
B1911034748697N12001075WA0171801778
B1911044748704N12001075WA0171901778
B1911054748712N12001078WA0172201779
B1911064748718N12001082WA0171901780
B1911074748722N12001087WA0172201782
B1911084748725N12001093WA0172401784
B1911094748727N12001099WA0172501786
B1911104748728N12001106WA0172701788
B1911114748728N12001112WA0172901790
B1911124748728N12001118WA0173201794
B1911134748727N12001122WA0173601797
B1911144748726N12001127WA0173701800
B1911154748725N12001131WA0174101803
B1911164748723N12001136WA0174201805
B1911174748721N12001140WA0174301807
B1911184748719N12001144WA0174801809
B1911194748716N12001147WA0174801811
B1911204748713N12001148WA0175201813
B1911214748709N12001147WA0175201815
B1911224748706N12001142WA0175701817
B1911234748704N12001134WA0175801818
B1911244748705N12001126WA0176101821
B1911254748708N12001118WA0176401825
B1911264748713N12001113WA0176501828
B1911274748719N12001110WA0176901831
B1911284748725N12001109WA0177301834
B1911294748731N12001111WA0177401837
B1911304748735N12001115WA0177601839
B1911314748737N12001121WA0178001840
B1911324748737N12001126WA0177901842
B1911334748737N12001131WA0178301844
B1911344748737N12001135WA0178401846
B1911354748735N12001139WA0178401848
B1911364748733N12001142WA0178601848
B1911374748730N12001145WA0178701847
B1911384748726N12001148WA0178701847
B1911394748721N12001149WA0178701849
B1911404748716N12001148WA0178801852
B1911414748713N12001146WA0179301856
B1911424748710N12001144WA0179501860
B1911434748707N12001141WA0180001864
B1911444748705N12001137WA0180201867
B1911454748703N12001131WA0180401869
B1911464748702N12001123WA0180501871
B1911474748702N12001114WA0180901873
B1911484748703N12001105WA0181001875
B1911494748705N12001096WA0181401878
B1911504748707N12001088WA0181601881
B1911514748710N12001081WA0181901884
B1911524748714N12001074WA0182101887
B1911534748718N12001067WA0182601890
B1911544748724N12001060WA0182701892
B1911554748730N12001054WA0183001894
B1911564748736N12001048WA0183101896
B1911574748743N12001045WA0183401900
B1911584748749N12001043WA0183601903
B1911594748754N12001045WA0184001905
B1912004748759N12001048WA0184101907
B1912014748762N12001053WA0184401909
B1912024748763N12001058WA0184501911
B1912034748763N12001063WA0184801914
B1912044748762N12001068WA0184901916
B1912054748759N12001071WA0185101919
B1912064748756N12001073WA0185601920
B1912074748752N12001074WA0185701920
B1912084748748N12001074WA0185701922
B1912094748744N12001072WA0185801923
B1912104748740N12001068WA0186001925
B1912114748738N12001061WA0186101927
B1912124748737N12001052WA0186401929
B1912134748737N12001044WA0186701933
B1912144748739N12001036WA0186901935
B1912154748743N12001028WA0187101937
B1912164748748N12001021WA0187401938
B1912174748754N12001017WA0187601940
B1912184748760N12001015WA0187601943
B1912194748765N12001016WA0188001945
B1912204748769N12001019WA0188201947
B1912214748773N12001022WA0188201949
B1912224748774N12001027WA0188401951
B1912234748775N12001032WA0188501953
B1912244748775N12001037WA0189001955
B1912254748774N12001041WA0189101957
B1912264748772N12001044WA0189201959
B1912274748769N12001048WA0189401960
B1912284748766N12001052WA0189501961
B1912294748763N12001055WA0189501962
B1912304748760N12001057WA0189601963
B1912314748756N12001057WA0189801965
B1912324748751N12001055WA0189801968
B1912334748748N12001052WA0190301971
B1912344748746N12001047WA0190701975
B1912354748743N12001042WA0191001978
B1912364748742N12001035WA0191301981
B1912374748741N12001027WA0191601984
B1912384748743N12001017WA0191901986
B1912394748745N12001007WA0192101988
B1912404748749N12000998WA0192201991
B1912414748754N12000992WA0192601994
B1912424748760N12000989WA0192801996
B1912434748766N12000989WA0193001998
B1912444748771N12000992WA0193102000
B1912454748775N12000995WA0193302003
B1912464748777N12001000WA0193702006
B1912474748777N12001004WA0193802007
B1912484748777N12001008WA0194002008
B1912494748777N12001012WA0194002008
B1912504748776N12001017WA0194002008
B1912514748774N12001022WA0194202009
B1912524748771N12001027WA0194102010
B1912534748767N12001030WA0194402011
B1912544748764N12001033WA0194402015
B1912554748760N12001033WA0195002019
B1912564748757N12001032WA0195102023
B1912574748754N12001029WA0195702027
B1912584748751N12001025WA0195902029
B1912594748747N12001020WA0196202031
B1913004748744N12001015WA0196302034
B1913014748740N12001009WA0196902037
B1913024748738N12001003WA0197102041
B1913034748736N12000997WA0197502045
B1913044748735N12000991WA0197802048
B1913054748734N12000983WA0198202050
B1913064748733N12000975WA0198202052
B1913074748732N12000965WA0198602054
B1913084748733N12000954WA0198702056
B1913094748735N12000944WA0198802058
B1913104748738N12000934WA0199202060
B1913114748742N12000924WA0199302062
B1913124748748N12000915WA0199502064
B1913134748754N12000907WA0199502065
B1913144748762N12000901WA0199902066
B1913154748769N12000899WA0199702069
B1913164748776N12000899WA0200002071
B1913174748781N12000901WA0200402073
B1913184748784N12000904WA0200502075
B1913194748786N12000908WA0200602076
B1913204748788N12000913WA0200702077
B1913214748788N12000918WA0200702079
B1913224748788N12000922WA0200902080
B1913234748787N12000925WA0201102082
B1913244748786N12000928WA0201302085
B1913254748785N12000931WA0201502086
B1913264748783N12000934WA0201602088
B1913274748782N12000938WA0201802089
B1913284748780N12000943WA0202002091
B1913294748779N12000949WA0202102093
B1913304748778N12000954WA0202302095
B1913314748776N12000959WA0202602098
B1913324748774N12000964WA0202702100
B1913334748773N12000968WA0203202103
B1913344748772N12000971WA0203302106
B1913354748770N12000974WA0203702108
B1913364748769N12000977WA0203802110
B1913374748766N12000979WA0204202113
B1913384748763N12000979WA0204202115
B1913394748760N12000978WA0204502117
B1913404748756N12000974WA0204502119
B1913414748752N12000969WA0204902121
B1913424748749N12000962WA0205102123
B1913434748747N12000954WA0205302126
B1913444748745N12000944WA0205602128
B1913454748744N12000934WA0205802130
B1913464748744N12000924WA0206102133
B1913474748745N12000914WA0206402136
B1913484748747N12000904WA0206502138
B1913494748749N12000894WA0206802140
B1913504748752N12000884WA0207002142
B1913514748757N12000875WA0207202145
B1913524748761N12000867WA0207602149
B1913534748766N12000862WA0207902153
B1913544748771N12000857WA0208002156
B1913554748776N12000854WA0208502159
B1913564748781N12000850WA0208702160
B1913574748787N12000847WA0208802161
B1913584748792N12000845WA0208902162
B1913594748798N12000844WA0209202163
B1914004748804N12000843WA0209202166
B1914014748810N12000842WA0209502168
B1914024748814N12000843WA0209602172
B1914034748818N12000844WA0210102175
B1914044748821N12000847WA0210102177
B1914054748824N12000850WA0210502180
B1914064748826N12000854WA0210602182
B1914074748827N12000859WA0211002185
B1914084748828N12000863WA0211102187
B1914094748827N12000867WA0211302189
B1914104748826N12000870WA0211602192
B1914114748824N12000872WA0211702193
B1914124748822N12000873WA0211802194
B1914134748820N12000875WA0212002195
B1914144748818N12000877WA0212002196
B1914154748814N12000878WA0212002196
B1914164748811N12000879WA0212202197
B1914174748807N12000880WA0212202199
B1914184748804N12000879WA0212602202
B1914194748802N12000878WA0212802205
B1914204748800N12000875WA0213202208
B1914214748797N12000871WA0213302210
B1914224748794N12000867WA0213502212
B1914234748792N12000861WA0213702213
B1914244748789N12000855WA0213702214
B1914254748787N12000847WA0213902215
B1914264748786N12000838WA0214102216
B1914274748785N12000829WA0214202216
B1914284748785N12000818WA0214202216
B1914294748785N12000806WA0214202217
B1914304748786N12000795WA0214402218
B1914314748788N12000784WA0214402220
B1914324748791N12000774WA0214502223
B1914334748794N12000764WA0214802224
B1914344748797N12000754WA0214802225
B1914354748800N12000744WA0214902226
B1914364748804N12000734WA0215202227
B1914374748809N12000725WA0215102228
B1914384748814N12000716WA0215402230
B1914394748819N12000709WA0215502233
B1914404748825N12000704WA0215602235
B1914414748830N12000701WA0215902237
B1914424748836N12000699WA0216002238
B1914434748842N12000699WA0216102239
B1914444748847N12000700WA0216102240
B1914454748851N12000703WA0216602242
B1914464748853N12000705WA0216702245
B1914474748855N12000707WA0216802247
B1914484748856N12000709WA0217002248
B1914494748857N12000713WA0217002249
B1914504748858N12000716WA0217202250
B1914514748857N12000719WA0217302250
B1914524748856N12000722WA0217402251
B1914534748854N12000723WA0217602253
B1914544748853N12000724WA0217602254
B1914554748852N12000725WA0217602254
B1914564748850N12000726WA0217702255
B1914574748848N12000727WA0217802256
B1914584748847N12000728WA0218002258
B1914594748846N12000728WA0218202259
B1915004748844N12000728WA0218102260
B1915014748843N12000727WA0218202260
B1915024748840N12000726WA0218302261
B1915034748838N12000724WA0218202260
B1915044748834N12000720WA0218302259
B1915054748831N12000714WA0218202258
B1915064748828N12000705WA0218102257
B1915074748827N12000694WA0217802255
B1915084748826N12000682WA0217802254
B1915094748826N12000669WA0217702253
B1915104748826N12000657WA0217602252
B1915114748827N12000644WA0217502251
B1915124748828N12000631WA0217302250
B1915134748830N12000618WA0217202249
B1915144748832N12000605WA0217202249
B1915154748835N12000594WA0217402249
B1915164748838N12000584WA0217402250
B1915174748842N12000575WA0217402249
B1915184748847N12000565WA0217102247
B1915194748852N12000554WA0217002245
B1915204748857N12000542WA0216802243
B1915214748862N12000532WA0216802241
B1915224748868N12000523WA0216702241
B1915234748874N12000515WA0216702241
B1915244748880N12000509WA0216802243
B1915254748886N12000505WA0216902244
B1915264748891N12000502WA0216902245
B1915274748895N12000501WA0217002245
B1915284748900N12000502WA0216902244
B1915294748904N12000505WA0216402243
B1915304748907N12000509WA0216602242
B1915314748910N12000512WA0216702241
B1915324748913N12000515WA0216702242
B1915334748915N12000518WA0216702243
B1915344748917N12000520WA0216702243
B1915354748918N12000523WA0216602243
B1915364748918N12000527WA0216702241
B1915374748919N12000532WA0216202239
B1915384748920N12000537WA0216202239
B1915394748919N12000541WA0216202238
B1915404748919N12000545WA0216102238
B1915414748918N12000548WA0216102239
B1915424748917N12000551WA0216102239
B1915434748917N12000552WA0216202239
B1915444748916N12000553WA0216202238
B1915454748915N12000555WA0215902236
B1915464748913N12000558WA0215802233
B1915474748910N12000559WA0215702233
B1915484748907N12000560WA0215802234
B1915494748905N12000560WA0215902236
B1915504748903N12000559WA0216002238
B1915514748901N12000559WA0216102240
B1915524748900N12000559WA0216102240
B1915534748898N12000560WA0216002239
B1915544748896N12000563WA0216202238
B1915554748894N12000566WA0216002237
B1915564748892N12000569WA0215902237
B1915574748890N12000570WA0216002238
B1915584748888N12000571WA0216102239
B1915594748885N12000571WA0216102239
B1916004748883N12000572WA0216102239
B1916014748880N12000574WA0215902237
B1916024748877N12000577WA0215902236
B1916034748875N12000579WA0215902235
B1916044748874N12000582WA0216002236
B1916054748874N12000584WA0216002236
B1916064748875N12000586WA0215902235
B1916074748875N12000588WA0215702234
B1916084748873N12000589WA0215602232
B1916094748870N12000592WA0215502230
B1916104748868N12000594WA0215202229
B1916114748866N12000597WA0215302227
B1916124748864N12000600WA0215202227
B1916134748862N12000603WA0215002225
B1916144748859N12000606WA0214802224
B1916154748856N12000608WA0214702222
B1916164748853N12000611WA0214502220
B1916174748850N12000614WA0214202219
B1916184748848N12000617WA0214302218
B1916194748845N12000619WA0214202217
B1916204748842N12000620WA0214102216
B1916214748839N12000622WA0213902215
B1916224748836N12000624WA0213802213
B1916234748833N12000626WA0213602211
B1916244748830N12000628WA0213502210
B1916254748827N12000630WA0213302208
B1916264748824N12000631WA0213202207
B1916274748821N12000633WA0213002206
B1916284748818N12000635WA0212702204
B1916294748815N12000637WA0212602202
B1916304748813N12000639WA0212502201
B1916314748811N12000641WA0212402200
B1916324748808N12000643WA0212102198
B1916334748806N12000644WA0212002196
B1916344748803N12000647WA0211802194
B1916354748800N12000649WA0211702192
B1916364748797N12000651WA0211502190
B1916374748794N12000652WA0211402189
B1916384748792N12000653WA0211202187
B1916394748789N12000655WA0211002185
B1916404748786N12000656WA0210902183
B1916414748783N12000657WA0210602181
B1916424748780N12000658WA0210402178
B1916434748776N12000658WA0210102176
B1916444748773N12000658WA0209902174
B1916454748770N12000658WA0209802172
B1916464748766N12000658WA0209502169
B1916474748762N12000658WA0209302166
B1916484748758N12000658WA0209202164
B1916494748753N12000657WA0208902162
B1916504748749N12000655WA0208802161
B1916514748744N12000654WA0208702161
B1916524748740N12000655WA0208802162
B1916534748737N12000655WA0208702163
B1916544748733N12000655WA0209002165
B1916554748730N12000654WA0209002166
B1916564748727N12000653WA0209202167
B1916574748723N12000653WA0209302168
B1916584748720N12000652WA0209302169
B1916594748716N12000652WA0209402170
B1917004748713N12000651WA0209502170
B1917014748709N12000650WA0209602170
B1917024748706N12000648WA0209502170
B1917034748702N12000645WA0209402169
B1917044748697N12000643WA0209402168
B1917054748693N12000640WA0209402167
B1917064748689N12000637WA0209202166
B1917074748685N12000634WA0209202166
B1917084748681N12000631WA0209202165
B1917094748677N12000627WA0209002164
B1917104748673N12000623WA0209002162
B1917114748668N12000620WA0208502160
B1917124748664N12000618WA0208402159
B1917134748660N12000616WA0208502158
B1917144748656N12000614WA0208502158
B1917154748654N12000612WA0208702159
B1917164748651N12000612WA0208702158
B1917174748648N12000612WA0208302157
B1917184748645N12000612WA0208102155
B1917194748641N12000612WA0208002154
B1917204748637N12000612WA0207902153
B1917214748634N12000612WA0207902154
B1917224748631N12000612WA0207902154
B1917234748628N12000611WA0207902154
B1917244748625N12000612WA0207702152
B1917254748622N12000613WA0207502151
B1917264748619N12000616WA0207502149
B1917274748617N12000619WA0207502147
B1917284748616N12000622WA0207102145
B1917294748615N12000626WA0207002144
B1917304748613N12000629WA0206902142
B1917314748611N12000632WA0206702140
B1917324748609N12000635WA0206702139
B1917334748607N12000639WA0206502137
B1917344748606N12000643WA0206302135
B1917354748604N12000647WA0206102134
B1917364748603N12000651WA0206102135
B1917374748602N12000654WA0206202135
B1917384748601N12000657WA0206102135
B1917394748600N12000661WA0206002135
B1917404748600N12000666WA0206002134
B1917414748599N12000671WA0205902134
B1917424748598N12000675WA0205802134
B1917434748596N12000679WA0206002134
B1917444748595N12000683WA0206002135
B1917454748593N12000687WA0206002136
B1917464748592N12000690WA0206102135
B1917474748591N12000694WA0206002135
B1917484748590N12000698WA0206002135
B1917494748589N12000701WA0206002134
B1917504748587N12000705WA0205802133
B1917514748586N12000708WA0205902132
B1917524748583N12000712WA0205902131
B1917534748581N12000716WA0205602129
B1917544748579N12000720WA0205402129
B1917554748576N12000723WA0205402128
B1917564748574N12000726WA0205502128
B1917574748573N12000729WA0205302127
B1917584748571N12000733WA0205202126
B1917594748569N12000737WA0205102124
B1918004748568N12000741WA0205102122
B1918014748567N12000745WA0204802121
B1918024748565N12000748WA0204702120
B1918034748562N12000751WA0204602118
B1918044748560N12000754WA0204502117
B1918054748558N12000757WA0204202116
B1918064748557N12000760WA0204102114
B1918074748555N12000764WA0204002112
B1918084748554N12000768WA0204002111
B1918094748553N12000772WA0203702109
B1918104748551N12000775WA0203302108
B1918114748550N12000779WA0203502106
B1918124748549N12000782WA0203302104
B1918134748548N12000785WA0203002101
B1918144748547N12000789WA0202702099
B1918154748545N12000793WA0202602097
B1918164748545N12000797WA0202502096
B1918174748544N12000800WA0202202094
B1918184748543N12000803WA0202102093
B1918194748541N12000807WA0201902091
B1918204748540N12000810WA0201602089
B1918214748539N12000814WA0201702088
B1918224748538N12000818WA0201502086
B1918234748537N12000821WA0201402085
B1918244748536N12000825WA0201202083
B1918254748535N12000829WA0200902081
B1918264748534N12000833WA0200802079
B1918274748533N12000836WA0200802078
B1918284748532N12000839WA0200702078
B1918294748531N12000842WA0200502078
B1918304748531N12000844WA0200502077
B1918314748530N12000846WA0200502075
B1918324748529N12000849WA0200302073
B1918334748528N12000851WA0200102072
B1918344748526N12000853WA0200002070
B1918354748523N12000854WA0199802069
B1918364748522N12000855WA0199702068
B1918374748520N12000857WA0199602067
B1918384748520N12000859WA0199502066
B1918394748520N12000862WA0199302064
B1918404748520N12000865WA0199202062
B1918414748520N12000868WA0199102060
B1918424748522N12000871WA0198902058
B1918434748523N12000874WA0198602056
B1918444748525N12000877WA0198602054
B1918454748525N12000880WA0198102052
B1918464748525N12000882WA0198102050
B1918474748524N12000885WA0197802048
B1918484748524N12000888WA0197802047
B1918494748524N12000891WA0197602046
B1918504748526N12000893WA0197402044
B1918514748527N12000896WA0197502043
B1918524748528N12000899WA0197302041
B1918534748529N12000902WA0196902038
B1918544748529N12000905WA0196802036
B1918554748529N12000909WA0196602033
B1918564748529N12000912WA0196402032
B1918574748529N12000915WA0196202030
B1918584748529N12000917WA0196102029
B1918594748529N12000920WA0196002027
B1919004748529N12000923WA0195802025
B1919014748529N12000926WA0195402022
B1919024748529N12000930WA0195102020
B1919034748528N12000933WA0195102018
B1919044748528N12000936WA0194902017
B1919054748528N12000939WA0194602016
B1919064748527N12000942WA0194602014
B1919074748527N12000945WA0194402011
B1919084748527N12000949WA0194202009
B1919094748528N12000952WA0194002006
B1919104748528N12000955WA0193802004
B1919114748528N12000958WA0193502001
B1919124748528N12000961WA0193401999
B1919134748527N12000964WA0192801996
B1919144748527N12000967WA0192701993
B1919154748526N12000971WA0192401990
B1919164748525N12000974WA0192201988
B1919174748524N12000977WA0191901985
B1919184748523N12000981WA0191801983
B1919194748523N12000984WA0191501981
B1919204748522N12000988WA0191201978
B1919214748521N12000992WA0191001976
B1919224748520N12000995WA0190801974
B1919234748519N12000999WA0190501971
B1919244748518N12001003WA0190301968
B1919254748516N12001007WA0190001966
B1919264748514N12001010WA0189801963
B1919274748513N12001014WA0189601961
B1919284748512N12001018WA0189401959
B1919294748511N12001022WA0189101957
B1919304748510N12001026WA0188901954
B1919314748509N12001030WA0188701953
B1919324748507N12001034WA0188701951
B1919334748505N12001037WA0188401949
B1919344748504N12001040WA0188201947
B1919354748502N12001043WA0188001945
B1919364748500N12001046WA0187801943
B1919374748498N12001049WA0187601941
B1919384748496N12001052WA0187401939
B1919394748493N12001054WA0187201937
B1919404748491N12001056WA0187101936
B1919414748489N12001058WA0186801934
B1919424748486N12001060WA0186601932
B1919434748484N12001062WA0186601930
B1919444748481N12001064WA0186401929
B1919454748479N12001065WA0186201927
B1919464748476N12001067WA0186101925
B1919474748474N12001069WA0185701923
B1919484748471N12001070WA0185601920
B1919494748469N12001071WA0185301918
B1919504748466N12001073WA0185001915
B1919514748464N12001076WA0184701911
B1919524748463N12001080WA0184401907
B1919534748462N12001084WA0184001904
B1919544748460N12001087WA0183801901
B1919554748458N12001089WA0183301898
B1919564748456N12001092WA0183201895
B1919574748454N12001095WA0182801891
B1919584748452N12001099WA0182401888
B1919594748449N12001102WA0182001884
B1920004748447N12001105WA0181701881
B1920014748444N12001107WA0181501879
B1920024748442N12001109WA0181201876
B1920034748441N12001111WA0180901873
B1920044748439N12001114WA0180601870
B1920054748436N12001116WA0180401866
B1920064748433N12001119WA0180001863
B1920074748430N12001122WA0179501860
B1920084748428N12001125WA0179401857
B1920094748426N12001128WA0179101855
B1920104748424N12001131WA0178801852
B1920114748422N12001133WA0178701849
B1920124748420N12001136WA0178301846
B1920134748417N12001139WA0178101842
B1920144748415N12001142WA0177901839
B1920154748413N12001146WA0177301837
B1920164748411N12001149WA0177201835
B1920174748409N12001153WA0177101833
B1920184748408N12001157WA0176701831
B1920194748408N12001160WA0176701830
B1920204748408N12001164WA0176601828
B1920214748407N12001168WA0176301827
B1920224748407N12001173WA0176301825
B1920234748407N12001177WA0176101823
B1920244748407N12001182WA0175901822
B1920254748407N12001186WA0175701820
B1920264748406N12001191WA0175601818
B1920274748405N12001195WA0175301816
B1920284748403N12001199WA0175301815
B1920294748402N12001203WA0175101814
B1920304748401N12001206WA0175001813
B1920314748400N12001209WA0174801812
B1920324748399N12001212WA0174701810
B1920334748397N12001216WA0174501808
B1920344748396N12001220WA0174301806
B1920354748394N12001224WA0174201804
B1920364748393N12001228WA0173901802
B1920374748391N12001231WA0174001801
B1920384748390N12001235WA0173701800
B1920394748389N12001239WA0173601798
B1920404748387N12001242WA0173501796
B1920414748385N12001247WA0173201794
B1920424748383N12001251WA0173001792
B1920434748381N12001256WA0172801790
B1920444748380N12001259WA0172801790
B1920454748379N12001263WA0172601789
B1920464748377N12001267WA0172501787
B1920474748376N12001271WA0172301785
B1920484748375N12001276WA0172201784
B1920494748373N12001281WA0172201783
B1920504748372N12001284WA0172001782
B1920514748370N12001288WA0171901781
B1920524748369N12001291WA0171901780
B1920534748368N12001295WA0171601778
B1920544748367N12001299WA0171501776
B1920554748365N12001303WA0171201773
B1920564748362N12001307WA0171001771
B1920574748360N12001311WA0170901769
B1920584748358N12001315WA0170701767
B1920594748356N12001320WA0170501766
B1921004748355N12001324WA0170601764
B1921014748354N12001328WA0170301763
B1921024748352N12001332WA0170101760
B1921034748351N12001337WA0169901758
B1921044748350N12001342WA0169601755
B1921054748350N12001348WA0169501753
B1921064748349N12001353WA0169401752
B1921074748347N12001357WA0169101750
B1921084748346N12001361WA0169101749
B1921094748346N12001366WA0168801747
B1921104748345N12001371WA0168601745
B1921114748344N12001376WA0168501743
B1921124748343N12001381WA0168401742
B1921134748342N12001385WA0168201741
B1921144748341N12001389WA0168101739
B1921154748340N12001394WA0167901737
B1921164748340N12001398WA0167701736
B1921174748338N12001403WA0167401734
B1921184748337N12001408WA0167501732
B1921194748336N12001412WA0167401731
B1921204748335N12001416WA0167201729
B1921214748334N12001421WA0167001728
B1921224748333N12001426WA0166901726
B1921234748332N12001430WA0166701725
B1921244748331N12001434WA0166601724
B1921254748330N12001438WA0166401722
B1921264748330N12001441WA0166301721
B1921274748329N12001445WA0166101719
B1921284748328N12001449WA0166101717
B1921294748327N12001453WA0165901715
B1921304748327N12001457WA0165701713
B1921314748327N12001460WA0165401711
B1921324748326N12001465WA0165301708
B1921334748326N12001470WA0164801705
B1921344748325N12001475WA0164601702
B1921354748324N12001481WA0164401699
B1921364748322N12001486WA0164301697
B1921374748321N12001491WA0163901695
B1921384748320N12001495WA0163801693
B1921394748319N12001500WA0163601691
B1921404748317N12001505WA0163401688
B1921414748316N12001510WA0163101686
B1921424748314N12001516WA0162901683
B1921434748313N12001521WA0162501681
B1921444748311N12001525WA0162401679
B1921454748309N12001530WA0162101677
B1921464748308N12001534WA0161901675
B1921474748306N12001538WA0161701673
B1921484748304N12001543WA0161601670
B1921494748302N12001547WA0161201668
B1921504748301N12001552WA0161201666
B1921514748299N12001556WA0160901664
B1921524748297N12001560WA0160801662
B1921534748295N12001565WA0160501660
B1921544748293N12001569WA0160301657
B1921554748290N12001574WA0160101655
B1921564748287N12001578WA0160001654
B1921574748285N12001581WA0159901654
B1921584748283N12001585WA0159801653
B1921594748282N12001590WA0159601652
B1922004748280N12001594WA0159601651
B1922014748277N12001597WA0159401649
B1922024748275N12001601WA0159301648
B1922034748273N12001605WA0159201647
B1922044748272N12001608WA0159101646
B1922054748271N12001612WA0159001644
B1922064748270N12001615WA0158701642
B1922074748269N12001619WA0158501639
B1922084748268N12001623WA0158201636
B1922094748267N12001629WA0158101634
B1922104748267N12001634WA0157801631
B1922114748266N12001639WA0157601629
B1922124748266N12001643WA0157601629
B1922134748265N12001646WA0157601630
B1922144748265N12001648WA0157601631
B1922154748266N12001651WA0157601631
B1922164748266N12001654WA0157601629
B1922174748265N12001658WA0157401626
B1922184748264N12001664WA0157101623
B1922194748263N12001670WA0157001622
B1922204748263N12001674WA0157001622
B1922214748263N12001677WA0157001624
B1922224748263N12001679WA0157201625
B1922234748263N12001681WA0157101625
B1922244748263N12001685WA0157001623
B1922254748263N12001690WA0156801620
B1922264748263N12001696WA0156501617
B1922274748262N12001703WA0156301616
B1922284748261N12001710WA0156401617
B1922294748260N12001715WA0156801619
B1922304748259N12001719WA0156901623
B1922314748259N12001722WA0157101625
B1922324748258N12001726WA0157301626
B1922334748257N12001730WA0157301626
B1922344748256N12001735WA0157401626
B1922354748255N12001739WA0157501627
B1922364748254N12001744WA0157601628
B1922374748254N12001748WA0157601629
B1922384748255N12001752WA0157601630
B1922394748255N12001756WA0157601630
B1922404748255N12001760WA0157601631
B1922414748255N12001763WA0157701631
B1922424748257N12001767WA0157801632
B1922434748259N12001769WA0157801633
B1922444748261N12001771WA0157901633
B1922454748264N12001773WA0158101634
B1922464748266N12001775WA0158101634
B1922474748268N12001778WA0157901635
B1922484748268N12001782WA0158001635
B1922494748268N12001784WA0158201636
B1922504748266N12001786WA0158401638
B1922514748264N12001786WA0158301638
B1922524748261N12001785WA0158301638
B1922534748258N12001784WA0158201635
B1922544748254N12001782WA0158101632
B1922554748249N12001777WA0157701630
B1922564748245N12001769WA0157601628
B1922574748242N12001759WA0157601626
B1922584748241N12001747WA0157501626
B1922594748242N12001736WA0157401627
B1923004748245N12001726WA0157601628
B1923014748248N12001717WA0157601628
B1923024748252N12001708WA0157501628
B1923034748257N12001699WA0157501626
B1923044748262N12001691WA0157301626
B1923054748269N12001687WA0157301625
B1923064748275N12001684WA0157201625
B1923074748282N12001681WA0157201626
B1923084748288N12001679WA0157401627
B1923094748294N12001676WA0157501630
B1923104748299N12001673WA0157601633
B1923114748304N12001671WA0158001637
B1923124748308N12001668WA0158301640
B1923134748313N12001667WA0158601643
B1923144748317N12001667WA0158801646
B1923154748321N12001668WA0159201649
B1923164748325N12001670WA0159401651
B1923174748328N12001673WA0159701654
B1923184748331N12001675WA0160001657
B1923194748334N12001678WA0160301660
B1923204748336N12001680WA0160501663
B1923214748339N12001681WA0161001666
B1923224748342N12001682WA0161101669
B1923234748343N12001684WA0161301672
B1923244748345N12001687WA0161601675
B1923254748345N12001689WA0162101678
B1923264748345N12001691WA0162301682
B1923274748345N12001693WA0162801686
B1923284748343N12001694WA0163001690
B1923294748342N12001696WA0163501694
B1923304748340N12001697WA0163901698
B1923314748338N12001699WA0164401703
B1923324748337N12001700WA0164701707
B1923334748336N12001702WA0165101710
B1923344748333N12001704WA0165401712
B1923354748331N12001706WA0165601715
B1923364748328N12001708WA0166001718
B1923374748327N12001708WA0166201720
B1923384748325N12001708WA0166301722
B1923394748322N12001708WA0166301722
B1923404748318N12001708WA0166401720
B1923414748314N12001707WA0166101719
B1923424748310N12001704WA0166501719
B1923434748307N12001701WA0166201718
B1923444748304N12001696WA0166201717
B1923454748301N12001691WA0165901714
B1923464748297N12001686WA0165801711
B1923474748294N12001679WA0165401707
B1923484748291N12001671WA0165101704
B1923494748288N12001661WA0164801700
B1923504748286N12001649WA0164501697
B1923514748285N12001638WA0164301696
B1923524748285N12001628WA0164301697
B1923534748286N12001618WA0164101698
B1923544748288N12001608WA0164301698
B1923554748291N12001598WA0164001697
B1923564748294N12001588WA0164001696
B1923574748297N12001577WA0164001696
B1923584748301N12001567WA0164101695
B1923594748305N12001556WA0164001695
B1924004748310N12001545WA0164001697
B1924014748313N12001536WA0164201700
B1924024748317N12001530WA0164501704
B1924034748320N12001524WA0165001708
B1924044748324N12001518WA0165201711
B1924054748328N12001511WA0165301712
B1924064748333N12001504WA0165501713
B1924074748338N12001497WA0165701717
B1924084748342N12001491WA0166001720
B1924094748346N12001487WA0166301724
B1924104748350N12001483WA0166601727
B1924114748355N12001478WA0166801729
B1924124748360N12001475WA0167201732
B1924134748365N12001472WA0167401735
B1924144748369N12001471WA0167801738
B1924154748374N12001471WA0168101742
B1924164748378N12001470WA0168401745
B1924174748382N12001471WA0168601749
B1924184748385N12001471WA0169101753
B1924194748388N12001472WA0169501756
B1924204748391N12001475WA0169701758
B1924214748393N12001479WA0170001760
B1924224748394N12001483WA0170101762
B1924234748395N12001489WA0170301764
B1924244748395N12001494WA0170601767
B1924254748396N12001499WA0170901770
B1924264748397N12001503WA0171101774
B1924274748397N12001507WA0171501777
B1924284748397N12001512WA0171901781
B1924294748395N12001516WA0172101784
B1924304748392N12001519WA0172301787
B1924314748389N12001522WA0172901791
B1924324748386N12001524WA0173201795
B1924334748383N12001525WA0173501800
B1924344748379N12001525WA0174001805
B1924354748374N12001522WA0174301808
B1924364748369N12001518WA0174801811
B1924374748365N12001513WA0175301815
B1924384748361N12001505WA0175301818
B1924394748357N12001496WA0175801819
B1924404748354N12001484WA0175801820
B1924414748351N12001472WA0176001821
B1924424748349N12001459WA0176201824
B1924434748347N12001448WA0176501829
B1924444748345N12001439WA0176801833
B1924454748344N12001429WA0177301836
B1924464748343N12001419WA0177401840
B1924474748342N12001408WA0177801842
B1924484748342N12001396WA0178101845
B1924494748343N12001385WA0178101848
B1924504748345N12001375WA0178701852
B1924514748348N12001367WA0178901856
B1924524748352N12001360WA0179201860
B1924534748356N12001356WA0179601863
B1924544748360N12001353WA0179801865
B1924554748365N12001352WA0180101867
B1924564748369N12001351WA0180301870
B1924574748373N12001351WA0180701873
B1924584748376N12001351WA0181001878
B1924594748378N12001351WA0181501882
B1925004748379N12001352WA0181801886
B1925014748379N12001355WA0182101889
B1925024748380N12001360WA0182301891
B1925034748379N12001364WA0182801895
B1925044748378N12001368WA0183301899
B1925054748376N12001372WA0183601903
B1925064748373N12001374WA0183901907
B1925074748370N12001375WA0184301912
B1925084748366N12001374WA0184701916
B1925094748362N12001370WA0185201920
B1925104748358N12001365WA0185501922
B1925114748353N12001358WA0185801925
B1925124748349N12001353WA0186101927
B1925134748345N12001346WA0186301930
B1925144748341N12001337WA0186301932
B1925154748339N12001328WA0186701933
B1925164748337N12001318WA0186901935
B1925174748336N12001309WA0187001937
B1925184748335N12001298WA0187101938
B1925194748335N12001287WA0187301940
B1925204748334N12001276WA0187501941
B1925214748335N12001265WA0187501943
B1925224748336N12001253WA0187801946
B1925234748339N12001244WA0188001948
B1925244748342N12001236WA0188201950
B1925254748346N12001229WA0188501953
B1925264748349N12001222WA0188601955
B1925274748353N12001216WA0188901957
B1925284748358N12001211WA0189101959
B1925294748363N12001208WA0189301962
B1925304748367N12001207WA0189501965
B1925314748371N12001207WA0189901968
B1925324748373N12001208WA0189801971
B1925334748375N12001210WA0190501973
B1925344748377N12001213WA0190501975
B1925354748378N12001216WA0190601977
B1925364748380N12001219WA0190801978
B1925374748382N12001222WA0190901980
B1925384748384N12001225WA0191601983
B1925394748384N12001226WA0191701986
B1925404748384N12001228WA0191801989
B1925414748382N12001229WA0192001991
B1925424748381N12001231WA0192101990
B1925434748378N12001234WA0192301993
B1925444748377N12001237WA0192601996
B1925454748375N12001238WA0193202001
B1925464748373N12001237WA0193402006
B1925474748371N12001236WA0193902009
B1925484748369N12001235WA0194002011
B1925494748366N12001236WA0194002011
B1925504748362N12001239WA0194102011
B1925514748359N12001243WA0194402012
B1925524748355N12001246WA0194302015
B1925534748350N12001248WA0195302020
B1925544748344N12001249WA0195402025
B1925554748338N12001248WA0196002030
B1925564748332N12001246WA0196502033
B1925574748327N12001242WA0196702035
B1925584748322N12001236WA0196902035
B1925594748317N12001229WA0196902034
B1926004748314N12001221WA0196602034
B1926014748311N12001213WA0196902033
B1926024748308N12001206WA0196502032
B1926034748306N12001197WA0196702032
B1926044748305N12001189WA0196602031
B1926054748305N12001180WA0196402029
B1926064748307N12001172WA0196302029
B1926074748309N12001164WA0196302030
B1926084748309N12001157WA0196502032
B1926094748309N12001149WA0196602035
B1926104748308N12001141WA0196702037
B1926114748307N12001131WA0196902038
B1926124748307N12001122WA0197002040
B1926134748307N12001113WA0197202041
B1926144748308N12001105WA0197202043
B1926154748310N12001097WA0197302043
B1926164748311N12001089WA0197402044
B1926174748314N12001080WA0197502044
B1926184748316N12001070WA0197502045
B1926194748320N12001062WA0197502046
B1926204748324N12001056WA0197502047
B1926214748329N12001052WA0197502048
B1926224748334N12001049WA0197702048
B1926234748338N12001047WA0197702049
B1926244748342N12001045WA0197902052
B1926254748346N12001041WA0198302055
B1926264748349N12001037WA0198302057
B1926274748353N12001034WA0198502057
B1926284748356N12001033WA0198402057
B1926294748360N12001033WA0198502056
B1926304748364N12001034WA0198502056
B1926314748367N12001034WA0198502057
B1926324748370N12001034WA0198602058
B1926334748372N12001035WA0198902060
B1926344748374N12001036WA0198902061
B1926354748376N12001038WA0199102063
B1926364748378N12001039WA0199202066
B1926374748379N12001041WA0199602069
B1926384748380N12001043WA0199902072
B1926394748381N12001044WA0200202075
B1926404748383N12001045WA0200302077
B1926414748384N12001046WA0200602079
B1926424748385N12001049WA0200702081
B1926434748386N12001053WA0201002083
B1926444748386N12001057WA0201102086
B1926454748387N12001059WA0201602090
B1926464748389N12001059WA0202002095
B1926474748391N12001059WA0202502099
B1926484748394N12001057WA0202602102
B1926494748398N12001054WA0203002105
B1926504748401N12001052WA0203502108
B1926514748403N12001051WA0203802111
B1926524748405N12001052WA0204002114
B1926534748405N12001055WA0204002116
B1926544748404N12001057WA0204302118
B1926554748401N12001058WA0204702120
B1926564748397N12001057WA0204902123
B1926574748393N12001053WA0205002126
B1926584748388N12001049WA0205402127
B1926594748384N12001044WA0205602129
B1927004748380N12001039WA0205502131
B1927014748375N12001032WA0205802131
B1927024748371N12001023WA0205702132
B1927034748369N12001013WA0205802133
B1927044748368N12001003WA0206202134
B1927054748368N12000993WA0206202137
B1927064748369N12000985WA0206402139
B1927074748370N12000976WA0206702142
B1927084748372N12000968WA0206702143
B1927094748375N12000960WA0206702143
B1927104748379N12000952WA0206602142
B1927114748383N12000945WA0206802143
B1927124748386N12000938WA0206802144
B1927134748390N12000933WA0206902146
B1927144748393N12000927WA0206902147
B1927154748397N12000922WA0206902147
B1927164748402N12000918WA0207002147
B1927174748407N12000915WA0206902146
B1927184748413N12000913WA0207002146
B1927194748419N12000911WA0207102147
B1927204748424N12000908WA0207302150
B1927214748429N12000904WA0207502154
B1927224748433N12000900WA0207902158
B1927234748438N12000897WA0208302163
B1927244748442N12000894WA0208802167
B1927254748448N12000891WA0209302172
B1927264748453N12000890WA0209702176
B1927274748458N12000888WA0210202181
B1927284748462N12000888WA0210502186
B1927294748465N12000889WA0211102191
B1927304748469N12000889WA0211402196
B1927314748473N12000889WA0212002200
B1927324748477N12000889WA0212202204
B1927334748482N12000889WA0212802209
B1927344748487N12000887WA0213302215
B1927354748491N12000885WA0214002221
B1927364748494N12000885WA0214302226
B1927374748497N12000885WA0214902230
B1927384748499N12000887WA0215102234
B1927394748500N12000890WA0215602238
B1927404748499N12000893WA0215802241
B1927414748497N12000895WA0216302245
B1927424748495N12000897WA0216702249
B1927434748493N12000899WA0217002252
B1927444748493N12000901WA0217302255
B1927454748492N12000903WA0217602256
B1927464748492N12000906WA0217702258
B1927474748491N12000909WA0218002259
B1927484748489N12000912WA0217802259
B1927494748487N12000915WA0218102259
B1927504748484N12000917WA0218002258
B1927514748480N12000918WA0217802258
B1927524748474N12000917WA0217502256
B1927534748469N12000913WA0217702255
B1927544748465N12000908WA0217602255
B1927554748462N12000902WA0217602256
B1927564748459N12000898WA0217602255
B1927574748456N12000893WA0217502253
B1927584748452N12000885WA0217202250
B1927594748449N12000875WA0216902247
B1928004748448N12000864WA0216702244
B1928014748447N12000855WA0216702244
B1928024748446N12000846WA0216702245
B1928034748446N12000839WA0216302244
B1928044748446N12000830WA0216402242
B1928054748448N12000821WA0215902240
B1928064748451N12000810WA0215702237
B1928074748455N12000800WA0215702236
B1928084748460N12000792WA0215602237
B1928094748465N12000786WA0215602237
B1928104748470N12000781WA0215602238
B1928114748475N12000776WA0215702239
B1928124748481N12000771WA0215702240
B1928134748487N12000766WA0215802241
B1928144748493N12000760WA0216002242
B1928154748498N12000755WA0216002244
B1928164748504N12000750WA0216302245
B1928174748510N12000745WA0216302248
B1928184748515N12000741WA0216702250
B1928194748520N12000737WA0217002252
B1928204748525N12000734WA0217002254
B1928214748530N12000732WA0217302256
B1928224748535N12000730WA0217502259
B1928234748539N12000728WA0217802262
B1928244748543N12000726WA0218102265
B1928254748547N12000725WA0218502268
B1928264748550N12000724WA0218502270
B1928274748553N12000723WA0218802271
B1928284748556N12000722WA0218902272
B1928294748558N12000722WA0219202273
B1928304748559N12000722WA0219202274
B1928314748559N12000723WA0219402276
B1928324748557N12000723WA0219402276
B1928334748554N12000722WA0219502277
B1928344748551N12000720WA0219802279
B1928354748547N12000717WA0219902282
B1928364748543N12000712WA0220302285
B1928374748539N12000705WA0220602286
B1928384748534N12000697WA0220502287
B1928394748531N12000687WA0221002289
B1928404748530N12000676WA0220902291
B1928414748530N12000664WA0221202293
B1928424748532N12000652WA0221402294
B1928434748535N12000642WA0221502297
B1928444748539N12000634WA0221802301
B1928454748544N12000628WA0221902304
B1928464748549N12000624WA0222102306
B1928474748555N12000619WA0222502308
B1928484748560N12000615WA0222602311
B1928494748565N12000613WA0222802313
B1928504748569N12000612WA0223302316
B1928514748573N12000611WA0223302319
B1928524748577N12000610WA0223702321
B1928534748580N12000610WA0224002323
B1928544748583N12000612WA0224102325
B1928554748584N12000613WA0224402328
B1928564748584N12000615WA0224702331
B1928574748583N12000616WA0224802333
B1928584748582N12000616WA0225302336
B1928594748580N12000617WA0225602338
B1929004748577N12000616WA0225702340
B1929014748572N12000614WA0225802340
B1929024748567N12000610WA0226002340
B1929034748562N12000605WA0225902342
B1929044748559N12000596WA0226202345
B1929054748557N12000587WA0226402346
B1929064748556N12000577WA0226402347
B1929074748556N12000567WA0226702348
B1929084748557N12000557WA0226502348
B1929094748559N12000548WA0226702349
B1929104748564N12000540WA0226702349
B1929114748569N12000534WA0226902351
B1929124748574N12000530WA0227002353
B1929134748579N12000528WA0227402357
B1929144748582N12000525WA0227602360
B1929154748586N12000523WA0227902363
B1929164748589N12000521WA0228102365
B1929174748593N12000521WA0228202365
B1929184748598N12000521WA0228302365
B1929194748604N12000520WA0228402366
B1929204748609N12000518WA0228602368
B1929214748613N12000515WA0228902372
B1929224748617N12000513WA0229002374
B1929234748621N12000512WA0229202376
B1929244748624N12000510WA0229402377
B1929254748628N12000509WA0229502378
B1929264748631N12000507WA0229702378
B1929274748635N12000507WA0229502377
B1929284748638N12000509WA0229402376
B1929294748640N12000512WA0229502376
B1929304748641N12000514WA0229502377
B1929314748640N12000515WA0229402377
B1929324748639N12000517WA0229502376
B1929334748637N12000519WA0229502374
B1929344748635N12000520WA0229302373
B1929354748632N12000520WA0229102370
B1929364748628N12000517WA0228802367
B1929374748625N12000511WA0228402364
B1929384748621N12000503WA0228402361
B1929394748619N12000493WA0227902359
B1929404748617N12000483WA0227702356
B1929414748616N12000471WA0227602354
B1929424748616N12000458WA0227402352
B1929434748617N12000444WA0227002350
B1929444748620N12000431WA0226902350
B1929454748624N12000419WA0227002351
B1929464748628N12000409WA0227102350
B1929474748633N12000399WA0226902349
B1929484748639N12000389WA0226702348
B1929494748647N12000379WA0226702347
B1929504748655N12000370WA0226602347
B1929514748662N12000363WA0226902351
B1929524748668N12000357WA0227002357
B1929534748672N12000350WA0227702362
B1929544748677N12000344WA0227902367
B1929554748682N12000339WA0228402369
B1929564748687N12000336WA0228502371
B1929574748693N12000334WA0228902373
B1929584748698N12000332WA0229002376
B1929594748702N12000329WA0229502379
B1930004748707N12000326WA0229602382
B1930014748712N12000323WA0229802385
B1930024748717N12000320WA0230102386
B1930034748722N12000318WA0230202388
B1930044748727N12000316WA0230502389
B1930054748732N12000315WA0230802392
B1930064748736N12000314WA0230902394
B1930074748738N12000315WA0231202397
B1930084748740N12000316WA0231402399
B1930094748740N12000318WA0231502401
B1930104748738N12000319WA0231702403
B1930114748733N12000318WA0232102404
B1930124748729N12000316WA0232002406
B1930134748724N12000310WA0232402411
B1930144748720N12000301WA0232902416
B1930154748718N12000289WA0233302420
B1930164748718N12000276WA0233502423
B1930174748720N12000264WA0234102428
B1930184748723N12000253WA0234202432
B1930194748727N12000244WA0235002436
B1930204748732N12000238WA0235002439
B1930214748737N12000234WA0235502442
B1930224748742N12000231WA0235502444
B1930234748746N12000231WA0235902446
B1930244748748N12000233WA0236102448
B1930254748750N12000235WA0236202450
B1930264748749N12000238WA0236302452
B1930274748747N12000240WA0237002455
B1930284748744N12000240WA0237102458
B1930294748740N12000238WA0237502462
B1930304748736N12000232WA0237802465
B1930314748734N12000223WA0238102468
B1930324748734N12000212WA0238002471
B1930334748735N12000201WA0238802475
B1930344748737N12000190WA0239002479
B1930354748740N12000181WA0239502483
B1930364748744N12000173WA0239602485
B1930374748749N12000166WA0239902488
B1930384748755N12000160WA0240002490
B1930394748760N12000157WA0240202492
B1930404748765N12000156WA0240502495
B1930414748769N12000157WA0240402498
B1930424748770N12000159WA0241002499
B1930434748770N12000161WA0241402501
B1930444748769N12000164WA0241302503
B1930454748767N12000166WA0241602505
B1930464748764N12000166WA0241802508
B1930474748761N12000164WA0242002510
B1930484748757N12000160WA0242002512
B1930494748754N12000155WA0242602515
B1930504748752N12000148WA0242902518
B1930514748749N12000141WA0243102520
B1930524748748N12000132WA0243102521
B1930534748747N12000122WA0243402522
B1930544748748N12000112WA0243502524
B1930554748750N12000102WA0243902525
B1930564748754N12000093WA0243802528
B1930574748759N12000086WA0244302530
B1930584748764N12000081WA0244202532
B1930594748770N12000077WA0244602535
B1931004748775N12000076WA0244402536
B1931014748780N12000077WA0244902538
B1931024748783N12000080WA0245102540
B1931034748785N12000083WA0245402542
B1931044748786N12000087WA0245402544
B1931054748784N12000091WA0245802545
B1931064748783N12000094WA0245802546
B1931074748780N12000097WA0245902548
B1931084748778N12000098WA0246102550
B1931094748774N12000097WA0246402550
B1931104748770N12000094WA0246402547
B1931114748766N12000088WA0245802543
B1931124748764N12000080WA0245802540
B1931134748765N12000071WA0245402538
B1931144748766N12000062WA0245402534
B1931154748769N12000054WA0244802532
B1931164748773N12000047WA0244902530
B1931174748776N12000039WA0244602527
B1931184748779N12000029WA0244202523
B1931194748782N12000018WA0243802520
B1931204748786N12000006WA0243602518
B1931214748789N11959995WA0243802519
B1931224748792N11959984WA0243802522
B1931234748795N11959977WA0244102527
B1931244748798N11959970WA0244402531
B1931254748801N11959962WA0244602533
B1931264748806N11959953WA0244402533
B1931274748812N11959943WA0244402531
B1931284748818N11959932WA0244702533
B1931294748823N11959922WA0244902535
B1931304748829N11959912WA0245002538
B1931314748834N11959903WA0245102540
B1931324748840N11959895WA0245402542
B1931334748845N11959887WA0245402544
B1931344748851N11959881WA0245502545
B1931354748857N11959878WA0245502545
B1931364748862N11959879WA0245502543
B1931374748866N11959883WA0245302542
B1931384748867N11959889WA0245502541
B1931394748865N11959892WA0245302541
B1931404748862N11959893WA0245302543
B1931414748858N11959891WA0245502544
B1931424748854N11959889WA0245702545
B1931434748850N11959885WA0245602547
B1931444748846N11959879WA0246002549
B1931454748843N11959872WA0246302551
B1931464748841N11959863WA0246002552
B1931474748839N11959853WA0246302552
B1931484748840N11959841WA0246002552
B1931494748842N11959830WA0246602554
B1931504748846N11959820WA0246502555
B1931514748851N11959812WA0246402554
B1931524748857N11959803WA0246502554
B1931534748863N11959796WA0246402554
B1931544748870N11959792WA0246302553
B1931554748877N11959789WA0246302553
B1931564748882N11959790WA0246302553
B1931574748884N11959792WA0246402552
B1931584748886N11959795WA0246502551
B1931594748887N11959798WA0246302550
B1932004748887N11959802WA0246302549
B1932014748888N11959807WA0246002549
B1932024748887N11959811WA0245802549
B1932034748887N11959815WA0245902549
B1932044748886N11959819WA0246002549
B1932054748884N11959822WA0246102550
B1932064748883N11959824WA0246002551
B1932074748881N11959827WA0246402552
B1932084748879N11959830WA0246402553
B1932094748876N11959834WA0246602553
B1932104748873N11959837WA0246602553
B1932114748870N11959841WA0246402552
B1932124748868N11959847WA0246402550
B1932134748868N11959853WA0246102548
B1932144748869N11959860WA0246002545
B1932154748871N11959866WA0245602543
B1932164748873N11959872WA0245602541
B1932174748875N11959877WA0245502540
B1932184748877N11959883WA0245202536
B1932194748879N11959889WA0244702533
B1932204748881N11959896WA0244602529
B1932214748882N11959902WA0244102527
B1932224748883N11959907WA0243902524
B1932234748884N11959913WA0243602521
B1932244748886N11959918WA0243302517
B1932254748888N11959924WA0243002513
B1932264748891N11959931WA0242502509
B1932274748894N11959938WA0242002505
B1932284748896N11959945WA0241702502
B1932294748899N11959952WA0241502499
B1932304748901N11959958WA0241402498
B1932314748903N11959963WA0241202497
B1932324748906N11959967WA0241102495
B1932334748908N11959973WA0240702493
B1932344748911N11959979WA0240502490
B1932354748913N11959985WA0240102487
B1932364748915N11959991WA0240102485
B1932374748917N11959997WA0240102484
B1932384748920N12000003WA0239902483
B1932394748922N12000009WA0239702482
B1932404748924N12000015WA0239602479
B1932414748926N12000023WA0239202476
B1932424748926N12000030WA0239002473
B1932434748927N12000037WA0238802471
B1932444748929N12000044WA0238702470
B1932454748931N12000051WA0238502469
B1932464748933N12000058WA0238302467
B1932474748936N12000066WA0238102464
B1932484748938N12000074WA0237902461
B1932494748940N12000082WA0237502458
B1932504748941N12000090WA0237502457
B1932514748943N12000097WA0237402456
B1932524748946N12000104WA0237202455
B1932534748947N12000111WA0237102453
B1932544748949N12000119WA0236802451
B1932554748950N12000127WA0236602449
B1932564748952N12000134WA0236402446
B1932574748954N12000142WA0236202444
B1932584748956N12000149WA0236002441
B1932594748959N12000157WA0235702438
B1933004748962N12000164WA0235502436
B1933014748964N12000171WA0235102434
B1933024748967N12000178WA0235102432
B1933034748970N12000185WA0234702429
B1933044748973N12000193WA0234602427
B1933054748976N12000201WA0234302425
B1933064748980N12000209WA0234302425
B1933074748983N12000215WA0234302426
B1933084748986N12000220WA0234302427
B1933094748988N12000224WA0234302427
B1933104748989N12000230WA0234202426
B1933114748990N12000238WA0234202424
B1933124748991N12000245WA0234002424
B1933134748992N12000250WA0234402428
B1933144748994N12000252WA0234602431
B1933154748995N12000254WA0234902434
B1933164748996N12000256WA0235102435
B1933174748997N12000259WA0235002434
B1933184748998N12000264WA0234902431
B1933194749000N12000269WA0234902429
B1933204749003N12000274WA0234602426
B1933214749006N12000281WA0234202423
B1933224749008N12000289WA0234002421
B1933234749010N12000297WA0234002420
B1933244749011N12000303WA0233902422
B1933254749013N12000308WA0234202424
B1933264749015N12000312WA0234202426
B1933274749018N12000315WA0234502428
B1933284749021N12000317WA0234602429
B1933294749024N12000320WA0234602429
B1933304749027N12000324WA0234502429
B1933314749030N12000329WA0234602427
B1933324749032N12000334WA0234502427
B1933334749034N12000340WA0234402426
B1933344749038N12000344WA0234502427
B1933354749040N12000347WA0234602428
B1933364749041N12000349WA0234602429
B1933374749042N12000351WA0234702428
B1933384749043N12000355WA0234402425
B1933394749045N12000360WA0234202422
B1933404749046N12000366WA0234102419
B1933414749046N12000371WA0233802417
B1933424749047N12000376WA0233602415
B1933434749047N12000381WA0233502414
B1933444749048N12000386WA0233402412
B1933454749048N12000391WA0233202411
B1933464749047N12000396WA0233102409
B1933474749047N12000401WA0232802407
B1933484749046N12000407WA0232802406
B1933494749046N12000412WA0232702405
B1933504749045N12000416WA0232702406
B1933514749044N12000418WA0232702405
B1933524749043N12000421WA0232402404
B1933534749043N12000426WA0232302403
B1933544749042N12000431WA0232102401
B1933554749040N12000436WA0232102400
B1933564749037N12000439WA0232002399
B1933574749034N12000441WA0232002399
B1933584749032N12000443WA0232002400
B1933594749031N12000448WA0231902399
B1934004749030N12000453WA0231902397
B1934014749029N12000459WA0231802397
B1934024749027N12000464WA0231702397
B1934034749025N12000468WA0231702397
B1934044749023N12000472WA0231802397
B1934054749021N12000477WA0231702397
B1934064749020N12000483WA0231802397
B1934074749019N12000488WA0231702397
B1934084749016N12000492WA0231702397
B1934094749013N12000496WA0231702397
B1934104749010N12000500WA0231602397
B1934114749008N12000505WA0231702397
B1934124749007N12000511WA0231802397
B1934134749005N12000517WA0231802397
B1934144749003N12000522WA0231702398
B1934154749000N12000526WA0231602397
B1934164748998N12000531WA0231702397
B1934174748996N12000536WA0231602396
B1934184748994N12000542WA0231402395
B1934194748991N12000547WA0231302394
B1934204748987N12000551WA0231402394
B1934214748985N12000556WA0231502395
B1934224748983N12000561WA0231402395
B1934234748980N12000566WA0231402395
B1934244748978N12000573WA0231402395
B1934254748975N12000579WA0231302394
B1934264748973N12000586WA0231302393
B1934274748970N12000593WA0231302393
B1934284748968N12000599WA0231202394
B1934294748966N12000605WA0231402394
B1934304748963N12000612WA0231202393
B1934314748961N12000618WA0231202392
B1934324748958N12000625WA0231202391
B1934334748957N12000631WA0231202391
B1934344748955N12000637WA0231102391
B1934354748953N12000642WA0231202392
B1934364748951N12000647WA0231202393
B1934374748949N12000652WA0231202393
B1934384748947N12000658WA0231202393
B1934394748945N12000663WA0231202394
B1934404748942N12000669WA0231302394
B1934414748939N12000675WA0231402395
B1934424748937N12000681WA0231402397
B1934434748936N12000686WA0231902400
B1934444748935N12000689WA0232102404
B1934454748936N12000692WA0232502408
B1934464748935N12000694WA0232702410
B1934474748934N12000697WA0232902411
B1934484748932N12000701WA0233102412
B1934494748931N12000705WA0233202413
B1934504748930N12000710WA0233302414
B1934514748930N12000715WA0233402415
B1934524748929N12000720WA0233502417
B1934534748929N12000725WA0233702420
B1934544748930N12000729WA0234002423
B1934554748930N12000732WA0234402427
B1934564748930N12000734WA0234602430
B1934574748930N12000736WA0235002433
B1934584748930N12000739WA0235102435
B1934594748930N12000742WA0235402436
B1935004748929N12000745WA0235502437
B1935014748928N12000747WA0235602438
B1935024748926N12000749WA0235402438
B1935034748924N12000749WA0235802437
B1935044748921N12000747WA0235802436
B1935054748918N12000744WA0235502436
B1935064748916N12000740WA0235602437
B1935074748915N12000735WA0235602435
B1935084748913N12000727WA0235402433
B1935094748911N12000717WA0235102430
B1935104748910N12000705WA0235002428
B1935114748911N12000692WA0234902427
B1935124748913N12000680WA0234702428
B1935134748916N12000668WA0234902431
B1935144748920N12000659WA0235202434
B1935154748924N12000650WA0235302436
B1935164748928N12000642WA0235502438
B1935174748934N12000634WA0235702440
B1935184748941N12000627WA0235702441
B1935194748949N12000621WA0236102444
B1935204748956N12000616WA0236102448
B1935214748961N12000612WA0236702453
B1935224748967N12000609WA0237002456
B1935234748973N12000607WA0237302458
B1935244748979N12000605WA0237402459
B1935254748985N12000603WA0237702461
B1935264748991N12000602WA0237802464
B1935274748996N12000603WA0238002468
B1935284748999N12000605WA0238402470
B1935294749003N12000610WA0238702472
B1935304749005N12000614WA0238802475
B1935314749006N12000617WA0239102478
B1935324749005N12000619WA0239302480
B1935334749003N12000619WA0239402482
B1935344749001N12000620WA0239602483
B1935354748998N12000619WA0239802485
B1935364748996N12000616WA0240002488
B1935374748994N12000610WA0240102488
B1935384748992N12000601WA0240002486
B1935394748990N12000592WA0240102484
B1935404748990N12000581WA0239802484
B1935414748992N12000570WA0240102485
B1935424748995N12000559WA0240202487
B1935434749000N12000550WA0240302489
B1935444749005N12000541WA0240402491
B1935454749011N12000535WA0240502493
B1935464749017N12000530WA0240702495
B1935474749024N12000529WA0240902497
B1935484749030N12000529WA0241102499
B1935494749036N12000532WA0241402501
B1935504749040N12000536WA0241502505
B1935514749042N12000539WA0241802508
B1935524749043N12000543WA0242102511
B1935534749042N12000546WA0242402513
B1935544749041N12000549WA0242502514
B1935554749038N12000551WA0243002516
B1935564749035N12000549WA0243102519
B1935574749033N12000546WA0243202520
B1935584749031N12000541WA0243502520
B1935594749029N12000536WA0243402519
B1936004749027N12000530WA0243302519
B1936014749026N12000523WA0243402520
B1936024749026N12000515WA0243502521
B1936034749027N12000507WA0243702521
B1936044749029N12000496WA0243402521
B1936054749032N12000486WA0243302521
B1936064749037N12000476WA0243602521
B1936074749044N12000468WA0243402522
B1936084749052N12000464WA0243502522
B1936094749060N12000463WA0243702523
B1936104749066N12000465WA0243702525
B1936114749070N12000469WA0244002527
B1936124749073N12000474WA0244202528
B1936134749074N12000478WA0244302530
B1936144749074N12000482WA0244402532
B1936154749074N12000485WA0244602534
B1936164749072N12000486WA0244802536
B1936174749070N12000487WA0244702536
B1936184749068N12000488WA0245002535
B1936194749065N12000489WA0244802534
B1936204749063N12000490WA0244802534
B1936214749061N12000491WA0244802534
B1936224749060N12000491WA0244802532
B1936234749057N12000492WA0244402531
B1936244749053N12000492WA0244402528
B1936254749050N12000492WA0244102527
B1936264749047N12000492WA0244202528
B1936274749044N12000490WA0244202529
B1936284749041N12000489WA0244202529
B1936294749039N12000488WA0244202529
B1936304749035N12000488WA0244102528
B1936314749032N12000488WA0244102528
B1936324749029N12000487WA0244102528
B1936334749026N12000485WA0244102529
B1936344749024N12000484WA0244202531
B1936354749022N12000483WA0244402532
B1936364749020N12000483WA0244602533
B1936374749017N12000482WA0244402533
B1936384749014N12000482WA0244402532
B1936394749011N12000481WA0244602531
B1936404749007N12000480WA0244602532
B1936414749005N12000480WA0244602533
B1936424749003N12000480WA0244702534
B1936434749002N12000479WA0244702534
B1936444749002N12000477WA0244602532
B1936454749001N12000476WA0244302529
B1936464748999N12000475WA0244102526
B1936474748996N12000475WA0243702522
B1936484748993N12000475WA0243502518
B1936494748989N12000477WA0243102515
B1936504748987N12000478WA0243002513
B1936514748985N12000478WA0242802513
B1936524748983N12000478WA0242802512
B1936534748981N12000478WA0242502510
B1936544748979N12000479WA0242302507
B1936554748977N12000481WA0242002504
B1936564748975N12000483WA0241902502
B1936574748973N12000484WA0241802501
B1936584748971N12000486WA0241602499
B1936594748970N12000487WA0241502497
B1937004748968N12000489WA0241302495
B1937014748966N12000492WA0241002492
B1937024748964N12000495WA0240902490
B1937034748961N12000497WA0240602488
B1937044748958N12000499WA0240502487
B1937054748956N12000501WA0240402488
B1937064748954N12000502WA0240602488
B1937074748953N12000504WA0240502488
B1937084748951N12000506WA0240302487
B1937094748949N12000509WA0240302485
B1937104748947N12000511WA0240102483
B1937114748944N12000514WA0239902481
B1937124748941N12000515WA0239902480
B1937134748939N12000516WA0239802480
B1937144748936N12000517WA0239802479
B1937154748934N12000517WA0239602478
B1937164748931N12000518WA0239602476
B1937174748928N12000520WA0239202474
B1937184748925N12000523WA0239102471
B1937194748922N12000526WA0239002469
B1937204748919N12000528WA0238702469
B1937214748918N12000529WA0239002471
B1937224748918N12000531WA0239002471
B1937234748917N12000533WA0238802470
B1937244748915N12000537WA0238502466
B1937254748912N12000541WA0238302463
B1937264748908N12000544WA0238202463
B1937274748905N12000546WA0238402465
B1937284748904N12000547WA0238602469
B1937294748902N12000548WA0238802471
B1937304748900N12000549WA0239002472
B1937314748897N12000551WA0238802471
B1937324748894N12000554WA0238802470
B1937334748891N12000556WA0239102471
B1937344748888N12000558WA0239202473
B1937354748885N12000559WA0239402475
B1937364748883N12000560WA0239502477
B1937374748881N12000562WA0239502477
B1937384748878N12000566WA0239502477
B1937394748875N12000570WA0239502477
B1937404748871N12000573WA0239602479
B1937414748868N12000574WA0239902483
B1937424748865N12000573WA0240102486
B1937434748863N12000573WA0240502490
B1937444748862N12000574WA0240702493
B1937454748861N12000576WA0241102496
B1937464748860N12000578WA0241302498
B1937474748859N12000581WA0241602500
B1937484748857N12000585WA0241802503
B1937494748856N12000589WA0242202505
B1937504748855N12000592WA0242202508
B1937514748855N12000595WA0242602510
B1937524748854N12000598WA0242602512
B1937534748851N12000601WA0242902514
B1937544748848N12000602WA0243102514
B1937554748845N12000602WA0243402517
B1937564748842N12000601WA0243302520
B1937574748840N12000599WA0243602522
B1937584748838N12000594WA0243802523
B1937594748836N12000586WA0243702523
B1938004748834N12000576WA0244002523
B1938014748834N12000565WA0244002523
B1938024748835N12000554WA0243902525
B1938034748837N12000545WA0244402528
B1938044748840N12000537WA0244602531
B1938054748843N12000529WA0244802533
B1938064748846N12000521WA0244902535
B1938074748851N12000513WA0245002536
B1938084748856N12000506WA0245202538
B1938094748862N12000503WA0245602540
B1938104748868N12000502WA0245602542
B1938114748873N12000503WA0245802544
B1938124748878N12000505WA0246002547
B1938134748881N12000508WA0246502549
B1938144748882N12000511WA0246802552
B1938154748882N12000514WA0246902554
B1938164748880N12000516WA0246902554
B1938174748878N12000517WA0247002553
B1938184748875N12000519WA0247102554
B1938194748873N12000520WA0247102554
B1938204748870N12000521WA0247102554
B1938214748867N12000524WA0247102554
B1938224748865N12000526WA0247102554
B1938234748862N12000527WA0247202555
B1938244748860N12000527WA0247302556
B1938254748857N12000525WA0247302556
B1938264748855N12000520WA0247102554
B1938274748853N12000512WA0247102553
B1938284748853N12000502WA0247002551
B1938294748855N12000491WA0246702549
B1938304748860N12000481WA0246702548
B1938314748866N12000474WA0246802548
B1938324748872N12000469WA0246602549
B1938334748878N12000466WA0246802550
B1938344748883N12000464WA0246902551
B1938354748889N12000463WA0246802552
B1938364748894N12000463WA0246902552
B1938374748900N12000464WA0246902551
B1938384748906N12000466WA0246702550
B1938394748912N12000468WA0246602550
B1938404748918N12000468WA0246702550
B1938414748923N12000468WA0246702550
B1938424748927N12000468WA0246702551
B1938434748931N12000470WA0246602550
B1938444748935N12000472WA0246502548
B1938454748939N12000475WA0246102546
B1938464748944N12000479WA0245902543
B1938474748949N12000482WA0245602541
B1938484748954N12000485WA0245802540
B1938494748957N12000489WA0245702540
B1938504748959N12000493WA0245602540
B1938514748959N12000498WA0245602538
B1938524748958N12000502WA0245302538
B1938534748956N12000505WA0245402538
B1938544748954N12000507WA0245402537
B1938554748952N12000510WA0245102534
B1938564748949N12000513WA0244902531
B1938574748947N12000517WA0244402528
B1938584748944N12000519WA0244302526
B1938594748943N12000520WA0244202524
B1939004748941N12000522WA0244002521
B1939014748939N12000525WA0243402516
B1939024748936N12000528WA0243202511
B1939034748933N12000532WA0242802507
B1939044748931N12000536WA0242402504
B1939054748929N12000538WA0242302502
B1939064748927N12000540WA0242102501
B1939074748925N12000542WA0241902500
B1939084748923N12000545WA0241802497
B1939094748921N12000549WA0241402494
B1939104748919N12000552WA0241202491
B1939114748916N12000555WA0240902489
B1939124748914N12000557WA0240702488
B1939134748912N12000559WA0240902488
B1939144748911N12000562WA0240702487
B1939154748909N12000564WA0240402485
B1939164748907N12000567WA0240302482
B1939174748905N12000569WA0239902478
B1939184748902N12000571WA0239702476
B1939194748900N12000574WA0239502473
B1939204748898N12000577WA0239302471
B1939214748895N12000580WA0239002468
B1939224748892N12000583WA0238602464
B1939234748888N12000586WA0238402462
B1939244748886N12000589WA0238302461
B1939254748884N12000593WA0238202460
B1939264748883N12000596WA0238102459
B1939274748881N12000599WA0237802458
B1939284748879N12000601WA0237802455
B1939294748876N12000604WA0237502452
B1939304748873N12000608WA0237302450
B1939314748869N12000612WA0237202449
B1939324748866N12000615WA0237102448
B1939334748863N12000617WA0237002448
B1939344748859N12000620WA0237002447
B1939354748855N12000623WA0236802446
B1939364748851N12000626WA0236802447
B1939374748848N12000628WA0237002449
B1939384748846N12000630WA0237202451
B1939394748843N12000631WA0237202452
B1939404748841N12000632WA0237402452
B1939414748838N12000633WA0237202451
B1939424748834N12000635WA0237002449
B1939434748830N12000638WA0236702446
B1939444748825N12000640WA0236502445
B1939454748821N12000642WA0236602445
B1939464748818N12000644WA0236602444
B1939474748814N12000645WA0236402444
B1939484748810N12000647WA0236302443
B1939494748806N12000650WA0236402442
B1939504748802N12000653WA0236302443
B1939514748799N12000657WA0236502443
B1939524748796N12000661WA0236402445
B1939534748794N12000664WA0236602447
B1939544748792N12000666WA0236702448
B1939554748789N12000669WA0236802450
B1939564748787N12000671WA0237102451
B1939574748785N12000673WA0237302452
B1939584748783N12000675WA0237202452
B1939594748780N12000677WA0237302452
B1940004748777N12000680WA0237302452
B1940014748774N12000684WA0237202450
B1940024748770N12000687WA0237202450
B1940034748767N12000690WA0237302451
B1940044748765N12000692WA0237402453
B1940054748763N12000694WA0237502454
B1940064748760N12000696WA0237402453
B1940074748757N12000700WA0237102452
B1940084748753N12000705WA0237102449
B1940094748750N12000711WA0237002448
B1940104748747N12000715WA0237102449
B1940114748744N12000718WA0237202450
B1940124748742N12000721WA0237202452
B1940134748740N12000723WA0237202451
B1940144748737N12000727WA0237002449
B1940154748734N12000732WA0236702448
B1940164748731N12000737WA0236602445
B1940174748727N12000741WA0236502444
B1940184748724N12000745WA0236402444
B1940194748722N12000748WA0236302444
B1940204748721N12000751WA0236302444
B1940214748719N12000755WA0236302442
B1940224748717N12000759WA0236102439
B1940234748713N12000764WA0235702436
B1940244748710N12000768WA0235702434
B1940254748707N12000772WA0235502433
B1940264748705N12000775WA0235402433
B1940274748702N12000778WA0235302431
B1940284748699N12000782WA0235202429
B1940294748696N12000786WA0234702427
B1940304748692N12000789WA0234702424
B1940314748688N12000791WA0234502423
B1940324748685N12000794WA0234402423
B1940334748682N12000796WA0234302423
B1940344748680N12000799WA0234202423
B1940354748678N12000802WA0234202421
B1940364748676N12000806WA0234102420
B1940374748673N12000810WA0233802418
B1940384748670N12000813WA0233802417
B1940394748668N12000816WA0233802417
B1940404748666N12000818WA0233702417
B1940414748663N12000819WA0233702416
B1940424748661N12000822WA0233502414
B1940434748658N12000826WA0233302410
B1940444748655N12000831WA0233002407
B1940454748652N12000835WA0232802404
B1940464748649N12000838WA0232702402
B1940474748647N12000841WA0232302401
B1940484748645N12000844WA0232202399
B1940494748643N12000849WA0231902397
B1940504748642N12000854WA0231602393
B1940514748640N12000860WA0231502390
B1940524748638N12000865WA0231102387
B1940534748635N12000869WA0230902385
B1940544748633N12000873WA0230902384
B1940554748631N12000877WA0230602384
B1940564748630N12000880WA0230702384
B1940574748629N12000883WA0230602384
B1940584748628N12000886WA0230502383
B1940594748627N12000889WA0230502382
B1941004748627N12000893WA0230302381
B1941014748627N12000898WA0230102380
B1941024748628N12000904WA0230102379
B1941034748629N12000909WA0230002378
B1941044748629N12000914WA0229902377
B1941054748630N12000919WA0229802376
B1941064748631N12000923WA0229702374
B1941074748632N12000929WA0229702373
B1941084748633N12000934WA0229602371
B1941094748635N12000940WA0229202369
B1941104748637N12000946WA0229102367
B1941114748638N12000952WA0228802365
B1941124748640N12000958WA0228702363
B1941134748641N12000964WA0228302360
B1941144748642N12000970WA0228302358
B1941154748642N12000976WA0228102356
B1941164748643N12000982WA0227702354
B1941174748643N12000987WA0227702352
B1941184748643N12000993WA0227502350
B1941194748644N12000999WA0227202349
B1941204748644N12001005WA0227002347
B1941214748645N12001011WA0226802345
B1941224748647N12001016WA0226802343
B1941234748649N12001022WA0226502341
B1941244748652N12001028WA0226302339
B1941254748654N12001034WA0226002336
B1941264748656N12001040WA0225902334
B1941274748658N12001046WA0225602331
B1941284748661N12001053WA0225202329
B1941294748664N12001061WA0225002327
B1941304748667N12001067WA0225002328
B1941314748670N12001073WA0225102330
B1941324748674N12001078WA0225202331
B1941334748678N12001083WA0225202333
B1941344748682N12001089WA0225202333
B1941354748685N12001094WA0225602334
B1941364748688N12001099WA0225702336
B1941374748690N12001102WA0226002339
B1941384748691N12001104WA0226002340
B1941394748694N12001106WA0226202341
B1941404748696N12001110WA0226202340
B1941414748698N12001115WA0225902338
B1941424748700N12001122WA0225802335
B1941434748702N12001129WA0225802335
B1941444748704N12001134WA0225902337
B1941454748706N12001137WA0225902339
B1941464748708N12001141WA0226002340
B1941474748710N12001146WA0226002340
B1941484748712N12001153WA0226002338
B1941494748714N12001161WA0225802337
B1941504748717N12001168WA0225902338
B1941514748719N12001173WA0226202341
B1941524748722N12001177WA0226402344
B1941534748724N12001182WA0226402345
B1941544748727N12001189WA0226502344
B1941554748729N12001196WA0226502344
B1941564748732N12001203WA0226502345
B1941574748734N12001209WA0226902348
B1941584748736N12001213WA0227102353
B1941594748737N12001216WA0227402356
B1942004748738N12001220WA0227502357
B1942014748740N12001225WA0227702358
B1942024748742N12001231WA0227702358
B1942034748745N12001237WA0227902359
B1942044748748N12001242WA0228102361
B1942054748751N12001246WA0228302363
B1942064748755N12001250WA0228602365
B1942074748758N12001253WA0228702367
B1942084748762N12001256WA0228802368
B1942094748766N12001261WA0229002368
B1942104748769N12001266WA0228802368
B1942114748772N12001273WA0228802367
B1942124748776N12001278WA0228702367
B1942134748780N12001282WA0229002369
B1942144748783N12001284WA0229002371
B1942154748785N12001286WA0229302373
B1942164748787N12001287WA0229502374
B1942174748790N12001290WA0229502373
B1942184748793N12001294WA0229302372
B1942194748795N12001299WA0229202371
B1942204748798N12001304WA0229202371
B1942214748801N12001308WA0229502372
B1942224748804N12001313WA0229502373
B1942234748807N12001317WA0229602374
B1942244748810N12001322WA0229602375
B1942254748812N12001326WA0229602376
B1942264748813N12001329WA0229802377
B1942274748815N12001333WA0230002379
B1942284748818N12001335WA0230102381
B1942294748822N12001338WA0230302383
B1942304748825N12001341WA0230302384
B1942314748828N12001344WA0230502385
B1942324748830N12001348WA0230602384
B1942334748832N12001353WA0230602384
B1942344748835N12001357WA0230502384
B1942354748839N12001362WA0230502384
B1942364748844N12001367WA0230602384
B1942374748849N12001372WA0230502384
B1942384748853N12001377WA0230602385
B1942394748856N12001382WA0230702386
B1942404748859N12001388WA0230802387
B1942414748861N12001393WA0230902389
B1942424748864N12001399WA0230902390
B1942434748866N12001405WA0231202392
B1942444748869N12001411WA0231202394
B1942454748873N12001416WA0231702397
B1942464748877N12001420WA0231802400
B1942474748881N12001423WA0232202404
B1942484748885N12001426WA0232402409
B1942494748887N12001429WA0233002412
B1942504748889N12001432WA0233302415
B1942514748891N12001435WA0233402418
B1942524748893N12001439WA0233802421
B1942534748895N12001442WA0234202424
B1942544748897N12001446WA0234502428
B1942554748898N12001449WA0235002433
B1942564748899N12001452WA0235302439
B1942574748900N12001453WA0236002444
B1942584748900N12001455WA0236302449
B1942594748900N12001456WA0236702453
B1943004748898N12001457WA0237102456
B1943014748895N12001455WA0237602459
B1943024748892N12001450WA0237902463
B1943034748891N12001441WA0238302466
B1943044748892N12001430WA0238502470
B1943054748895N12001419WA0238802472
B1943064748901N12001407WA0239302475
B1943074748907N12001398WA0239502478
B1943084748914N12001392WA0239702483
B1943094748921N12001388WA0240402488
B1943104748928N12001389WA0240502492
B1943114748933N12001391WA0241302497
B1943124748937N12001394WA0241502502
B1943134748939N12001396WA0242102508
B1943144748940N12001399WA0242502514
B1943154748940N12001401WA0243102519
B1943164748940N12001403WA0243602524
B1943174748939N12001404WA0244102529
B1943184748938N12001403WA0244602535
B1943194748936N12001399WA0245002540
B1943204748934N12001392WA0245402543
B1943214748933N12001383WA0245902545
B1943224748932N12001372WA0246102549
B1943234748934N12001360WA0246702553
B1943244748937N12001349WA0246902556
B1943254748942N12001338WA0247202557
B1943264748947N12001329WA0247202561
B1943274748952N12001321WA0247702564
B1943284748959N12001315WA0248302568
B1943294748966N12001311WA0248402571
B1943304748974N12001308WA0248702574
B1943314748980N12001308WA0249302580
B1943324748984N12001309WA0249502585
B1943334748987N12001311WA0250202589
B1943344748989N12001314WA0250502593
B1943354748990N12001317WA0250702598
B1943364748991N12001319WA0251402602
B1943374748991N12001319WA0251702606
B1943384748989N12001317WA0251902610
B1943394748986N12001313WA0252502613
B1943404748982N12001306WA0252902616
B1943414748981N12001295WA0253302622
B1943424748982N12001282WA0253602627
B1943434748986N12001269WA0253902629
B1943444748989N12001257WA0254402633
B1943454748992N12001246WA0254802637
B1943464748996N12001236WA0254902640
B1943474748999N12001224WA0255302642
B1943484749003N12001211WA0255302644
B1943494749007N12001197WA0255702645
B1943504749011N12001184WA0255902648
B1943514749017N12001175WA0256202652
B1943524749024N12001169WA0256402656
B1943534749031N12001167WA0257002658
B1943544749038N12001167WA0257002660
B1943554749043N12001169WA0257402663
B1943564749047N12001172WA0257502667
B1943574749049N12001175WA0257902670
B1943584749050N12001178WA0258302674
B1943594749050N12001180WA0258602678
B1944004749048N12001179WA0259002681
B1944014749044N12001176WA0259302683
B1944024749040N12001170WA0259602685
B1944034749037N12001162WA0259702688
B1944044749036N12001151WA0260202691
B1944054749037N12001138WA0260202692
B1944064749041N12001124WA0260502693
B1944074749045N12001111WA0260502693
B1944084749051N12001101WA0260802697
B1944094749057N12001093WA0260902700
B1944104749064N12001088WA0261302702
B1944114749072N12001083WA0261402704
B1944124749079N12001080WA0261702707
B1944134749085N12001078WA0262002711
B1944144749090N12001078WA0262102714
B1944154749093N12001080WA0262402715
B1944164749094N12001082WA0262402716
B1944174749095N12001084WA0262802718
B1944184749095N12001086WA0262802721
B1944194749094N12001087WA0263402725
B1944204749093N12001087WA0263602729
B1944214749092N12001087WA0264002733
B1944224749091N12001085WA0264302737
B1944234749090N12001082WA0264802741
B1944244749089N12001078WA0265102743
B1944254749086N12001072WA0265202744
B1944264749083N12001064WA0265302744
B1944274749081N12001054WA0265202744
B1944284749081N12001042WA0265402745
B1944294749084N12001031WA0265602745
B1944304749087N12001020WA0265302745
B1944314749093N12001010WA0265402744
B1944324749100N12001001WA0265802743
B1944334749107N12000993WA0265302742
B1944344749115N12000986WA0265402743
B1944354749122N12000982WA0265702745
B1944364749128N12000978WA0265802747
B1944374749135N12000974WA0266002749
B1944384749142N12000971WA0265902750
B1944394749149N12000969WA0266102752
B1944404749154N12000969WA0266402755
B1944414749159N12000971WA0266502757
B1944424749163N12000973WA0266902758
B1944434749166N12000976WA0266902760
B1944444749168N12000979WA0267102762
B1944454749168N12000981WA0267302764
B1944464749167N12000982WA0267402766
B1944474749165N12000981WA0267602768
B1944484749162N12000978WA0267802770
B1944494749159N12000972WA0267902771
B1944504749157N12000963WA0268302773
B1944514749156N12000951WA0268402775
B1944524749158N12000937WA0268402777
B1944534749163N12000925WA0268802780
B1944544749169N12000914WA0269102781
B1944554749175N12000905WA0269102782
B1944564749181N12000897WA0269302784
B1944574749188N12000890WA0269302785
B1944584749196N12000884WA0269302785
B1944594749204N12000880WA0269602786
B1945004749211N12000878WA0269602787
B1945014749217N12000879WA0269602788
B1945024749223N12000882WA0269702788
B1945034749227N12000886WA0269702788
B1945044749230N12000891WA0269702789
B1945054749231N12000896WA0269902790
B1945064749231N12000900WA0269902793
B1945074749231N12000904WA0270202795
B1945084749231N12000906WA0270402800
B1945094749231N12000906WA0270902804
B1945104749231N12000905WA0271202808
B1945114749231N12000905WA0271502811
B1945124749232N12000905WA0271702812
B1945134749232N12000906WA0271702812
B1945144749233N12000909WA0272002812
B1945154749233N12000912WA0271702811
B1945164749233N12000915WA0271902811
B1945174749232N12000918WA0272102812
B1945184749232N12000921WA0272202814
B1945194749232N12000923WA0272402816
B1945204749233N12000925WA0272502817
B1945214749233N12000926WA0272502819
B1945224749232N12000928WA0272602820
B1945234749231N12000929WA0272802821
B1945244749229N12000931WA0272902823
B1945254749229N12000932WA0273402826
B1945264749229N12000932WA0273602829
B1945274749230N12000932WA0273802831
B1945284749229N12000932WA0273802831
B1945294749227N12000933WA0273702830
B1945304749224N12000935WA0273902829
B1945314749223N12000936WA0273802831
B1945324749222N12000937WA0274102835
B1945334749222N12000937WA0274602838
B1945344749223N12000937WA0274802841
B1945354749222N12000938WA0274902843
B1945364749222N12000939WA0275002844
B1945374749221N12000941WA0275202845
B1945384749222N12000942WA0275502848
B1945394749224N12000943WA0275702850
B1945404749226N12000945WA0275802852
B1945414749229N12000948WA0275802852
B1945424749232N12000951WA0276002854
B1945434749235N12000954WA0276202856
B1945444749236N12000955WA0276502859
B1945454749237N12000956WA0276902863
B1945464749237N12000957WA0277102866
B1945474749238N12000958WA0277302868
B1945484749238N12000959WA0277502871
B1945494749238N12000960WA0277902873
B1945504749239N12000960WA0278102876
B1945514749239N12000960WA0278402880
B1945524749238N12000961WA0278602882
B1945534749238N12000964WA0279002885
B1945544749239N12000966WA0279202888
B1945554749240N12000968WA0279502890
B1945564749240N12000968WA0279602891
B1945574749238N12000967WA0279602892
B1945584749235N12000964WA0279802892
B1945594749232N12000958WA0279502891
B1946004749230N12000949WA0279702890
B1946014749229N12000938WA0279702890
B1946024749228N12000926WA0279502891
B1946034749229N12000914WA0279802892
B1946044749231N12000902WA0279802894
B1946054749233N12000890WA0280102895
B1946064749237N12000877WA0280202896
B1946074749241N12000865WA0280202897
B1946084749246N12000853WA0280302897
B1946094749253N12000841WA0280302897
B1946104749260N12000830WA0280402897
B1946114749269N12000820WA0280302896
B1946124749278N12000810WA0280302896
B1946134749286N12000801WA0280202897
B1946144749293N12000793WA0280502900
B1946154749300N12000786WA0280702903
B1946164749306N12000780WA0280802905
B1946174749312N12000776WA0280902906
B1946184749320N12000773WA0280902904
B1946194749328N12000772WA0280702902
B1946204749335N12000772WA0280702903
B1946214749341N12000771WA0281202906
B1946224749346N12000770WA0281202910
B1946234749352N12000768WA0281502913
B1946244749358N12000768WA0281602915
B1946254749366N12000767WA0281902916
B1946264749376N12000767WA0282002917
B1946274749384N12000767WA0282102920
B1946284749391N12000769WA0282502923
B1946294749396N12000771WA0282902926
B1946304749402N12000771WA0283002930
B1946314749407N12000771WA0283402934
B1946324749412N12000771WA0283702936
B1946334749417N12000772WA0283802938
B1946344749421N12000774WA0284002939
B1946354749425N12000777WA0284202940
B1946364749427N12000780WA0284202942
B1946374749429N12000782WA0284602944
B1946384749430N12000783WA0284902947
B1946394749430N12000783WA0284902949
B1946404749430N12000781WA0285102950
B1946414749428N12000779WA0285102950
B1946424749426N12000777WA0285502951
B1946434749423N12000773WA0285502953
B1946444749420N12000768WA0285902956
B1946454749418N12000762WA0286102960
B1946464749416N12000754WA0286302964
B1946474749415N12000744WA0287002967
B1946484749414N12000735WA0287302970
B1946494749414N12000725WA0287402973
B1946504749414N12000714WA0287802976
B1946514749416N12000703WA0288102978
B1946524749418N12000690WA0288202980
B1946534749421N12000677WA0288302981
B1946544749426N12000664WA0288702984
B1946554749431N12000653WA0288802987
B1946564749437N12000643WA0289102990
B1946574749444N12000633WA0289602993
B1946584749452N12000623WA0289602994
B1946594749459N12000614WA0289802997
B1947004749468N12000608WA0290003000
B1947014749476N12000604WA0290203003
B1947024749483N12000604WA0290403005
B1947034749488N12000604WA0290903007
B1947044749493N12000606WA0290803009
B1947054749496N12000607WA0291203011
B1947064749498N12000609WA0291103013
B1947074749500N12000611WA0291703013
B1947084749500N12000613WA0291603015
B1947094749500N12000614WA0291703017
B1947104749500N12000615WA0291703019
B1947114749499N12000615WA0292203021
B1947124749499N12000614WA0292203024
B1947134749498N12000612WA0292703027
B1947144749496N12000609WA0293003030
B1947154749495N12000606WA0293203032
B1947164749493N12000600WA0293403033
B1947174749490N12000593WA0293403035
B1947184749489N12000584WA0293803036
B1947194749487N12000574WA0293803038
B1947204749486N12000564WA0293903040
B1947214749486N12000553WA0294103041
B1947224749486N12000541WA0294203042
B1947234749486N12000529WA0294503044
B1947244749488N12000516WA0294503045
B1947254749489N12000503WA0294603047
B1947264749490N12000490WA0294803049
B1947274749491N12000477WA0295203052
B1947284749494N12000464WA0295603055
B1947294749497N12000451WA0295703057
B1947304749500N12000438WA0295903060
B1947314749505N12000425WA0296003062
B1947324749509N12000413WA0296503065
B1947334749514N12000401WA0296603067
B1947344749521N12000390WA0296703068
B1947354749528N12000381WA0296903070
B1947364749536N12000372WA0297203072
B1947374749543N12000365WA0297403075
B1947384749551N12000358WA0297603077
B1947394749559N12000354WA0297803079
B1947404749566N12000351WA0297803080
B1947414749574N12000350WA0298003081
B1947424749581N12000350WA0298103082
B1947434749587N12000352WA0298203083
B1947444749590N12000354WA0298403084
B1947454749593N12000356WA0298503085
B1947464749595N12000358WA0298603086
B1947474749597N12000359WA0298603086
B1947484749599N12000361WA0298603087
B1947494749600N12000362WA0298603088
B1947504749600N12000364WA0298903089
B1947514749601N12000365WA0299003091
B1947524749601N12000365WA0299103093
B1947534749600N12000363WA0299403096
B1947544749598N12000360WA0299603098
B1947554749596N12000357WA0299803099
B1947564749595N12000355WA0299803101
B1947574749593N12000351WA0300303103
B1947584749591N12000346WA0300203104
B1947594749589N12000340WA0300503105
B1948004749587N12000332WA0300603105
B1948014749585N12000322WA0300403105
B1948024749584N12000311WA0300603105
B1948034749583N12000298WA0300703106
B1948044749583N12000284WA0300703107
B1948054749585N12000270WA0300903109
B1948064749588N12000256WA0301103111
B1948074749591N12000242WA0301303112
B1948084749594N12000229WA0301303115
B1948094749598N12000216WA0301503116
B1948104749603N12000203WA0301703117
B1948114749607N12000191WA0301703118
B1948124749613N12000179WA0301803118
B1948134749619N12000169WA0301803119
B1948144749628N12000160WA0301703118
B1948154749637N12000155WA0301803118
B1948164749646N12000152WA0301803118
B1948174749654N12000150WA0302103120
B1948184749661N12000148WA0302103123
B1948194749666N12000146WA0302403126
B1948204749670N12000145WA0302603129
B1948214749673N12000145WA0302603129
B1948224749676N12000147WA0302603129
B1948234749678N12000150WA0302703129
B1948244749681N12000152WA0302703130
B1948254749683N12000154WA0303003132
B1948264749686N12000156WA0303203134
B1948274749689N12000157WA0303303136
B1948284749692N12000157WA0303403138
B1948294749694N12000159WA0303603140
B1948304749694N12000160WA0303803141
B1948314749694N12000161WA0303903143
B1948324749694N12000162WA0304003144
B1948334749694N12000163WA0304203145
B1948344749694N12000164WA0304303147
B1948354749693N12000164WA0304403149
B1948364749692N12000163WA0304403151
B1948374749690N12000161WA0304803152
B1948384749689N12000159WA0305003153
B1948394749687N12000157WA0305103154
B1948404749685N12000155WA0305103155
B1948414749682N12000152WA0305103155
B1948424749680N12000150WA0305303156
B1948434749676N12000146WA0305403157
B1948444749673N12000141WA0305403159
B1948454749671N12000137WA0306003161
B1948464749669N12000131WA0306003163
B1948474749667N12000123WA0306103164
B1948484749665N12000115WA0306203164
B1948494749663N12000104WA0306003164
B1948504749661N12000092WA0306103163
B1948514749661N12000078WA0306203162
B1948524749661N12000063WA0306103162
B1948534749663N12000048WA0306103161
B1948544749666N12000033WA0306103162
B1948554749669N12000019WA0306103162
B1948564749674N12000005WA0306003161
B1948574749681N11959992WA0305903160
B1948584749689N11959982WA0305703159
B1948594749697N11959975WA0305703158
B1949004749705N11959969WA0305703158
B1949014749712N11959966WA0305703158
B1949024749719N11959964WA0305603158
B1949034749725N11959964WA0305203156
B1949044749730N11959966WA0305203155
B1949054749734N11959967WA0305303155
B1949064749739N11959968WA0305403156
B1949074749743N11959969WA0305303157
B1949084749746N11959970WA0305303158
B1949094749750N11959972WA0305303157
B1949104749753N11959975WA0305403156
B1949114749756N11959978WA0305203156
B1949124749758N11959981WA0305303156
B1949134749760N11959982WA0305403157
B1949144749762N11959984WA0305303158
B1949154749763N11959984WA0305603159
B1949164749764N11959985WA0305403159
B1949174749764N11959987WA0305403159
B1949184749765N11959988WA0305303158
B1949194749765N11959990WA0305403157
B1949204749765N11959992WA0305303158
B1949214749765N11959993WA0305603159
B1949224749766N11959993WA0305603160
B1949234749768N11959994WA0305603161
B1949244749770N11959995WA0305403160
B1949254749772N11959997WA0305403160
B1949264749773N11959999WA0305703160
B1949274749774N12000000WA0305703161
B1949284749775N12000001WA0305803162
B1949294749775N12000001WA0305803163
B1949304749775N12000000WA0305903163
B1949314749775N11959999WA0305703163
B1949324749774N11959998WA0305803162
B1949334749774N11959998WA0305703160
B1949344749773N11959998WA0305603157
B1949354749772N11959999WA0305403156
B1949364749771N11959999WA0305403156
B1949374749772N12000000WA0305303155
B1949384749772N12000000WA0305203156
B1949394749773N12000000WA0305303156
B1949404749773N12000000WA0305303157
B1949414749774N12000000WA0305203156
B1949424749774N12000002WA0305203155
B1949434749773N12000004WA0305203154
B1949444749772N12000005WA0305203155
B1949454749771N12000004WA0305303156
B1949464749771N12000003WA0305403158
B1949474749771N12000000WA0305603159
B1949484749771N11959998WA0305703160
B1949494749770N11959996WA0305403159
B1949504749769N11959996WA0305603157
B1949514749767N11959996WA0305403156
B1949524749766N11959996WA0305403156
B1949534749766N11959994WA0305603157
B1949544749767N11959993WA0305603158
B1949554749768N11959992WA0305603158
B1949564749768N11959992WA0305303157
B1949574749767N11959992WA0305203154
B1949584749766N11959994WA0305203153
B1949594749765N11959994WA0305103152
B1950004749764N11959995WA0305203153
B1950014749765N11959995WA0305103154
B1950024749764N11959994WA0305203154
B1950034749764N11959994WA0305003153
B1950044749763N11959994WA0304803151
B1950054749761N11959995WA0304703148
B1950064749760N11959996WA0304503145
B1950074749759N11959997WA0304403143
B1950084749759N11959997WA0304103140
B1950094749757N11959996WA0303503136
B1950104749755N11959996WA0303203131
B1950114749752N11959996WA0302503125
B1950124749750N11959996WA0302303120
B1950134749748N11959997WA0302003117
B1950144749746N11959997WA0301603115
B1950154749743N11959995WA0301103111
B1950164749740N11959992WA0300803107
B1950174749736N11959989WA0300403102
B1950184749733N11959989WA0299903097
B1950194749730N11959991WA0299403092
B1950204749728N11959992WA0299303089
B1950214749725N11959991WA0298803087
B1950224749722N11959988WA0298603085
B1950234749719N11959987WA0298403082
B1950244749716N11959986WA0298003078
B1950254749713N11959987WA0297503074
B1950264749710N11959987WA0297203069
B1950274749706N11959985WA0296903065
B1950284749703N11959984WA0296603062
B1950294749699N11959983WA0296003059
B1950304749697N11959983WA0296003057
B1950314749693N11959982WA0295603054
B1950324749690N11959981WA0295203051
B1950334749686N11959979WA0295003048
B1950344749682N11959977WA0294803045
B1950354749678N11959975WA0294603044
B1950364749676N11959974WA0294603044
B1950374749673N11959972WA0294603044
B1950384749671N11959969WA0294503044
B1950394749668N11959967WA0294303042
B1950404749665N11959965WA0294203041
B1950414749662N11959964WA0294103040
B1950424749659N11959961WA0294103041
B1950434749657N11959959WA0294203042
B1950444749655N11959956WA0294303043
B1950454749653N11959954WA0294303043
B1950464749651N11959952WA0294303043
B1950474749648N11959949WA0294203042
B1950484749645N11959947WA0294303042
B1950494749641N11959945WA0294303042
B1950504749638N11959944WA0294103043
B1950514749635N11959941WA0294603045
B1950524749633N11959938WA0294603046
B1950534749630N11959936WA0294803047
B1950544749628N11959935WA0294703046
B1950554749624N11959934WA0294603046
B1950564749620N11959934WA0294703045
B1950574749617N11959934WA0294803046
B1950584749613N11959933WA0294903048
B1950594749610N11959932WA0295103050
B1951004749608N11959930WA0295203053
B1951014749606N11959929WA0295603055
B1951024749604N11959927WA0295603057
B1951034749602N11959927WA0295803058
B1951044749599N11959926WA0295903058
B1951054749596N11959925WA0295803059
B1951064749593N11959924WA0296003059
B1951074749590N11959923WA0296003060
B1951084749588N11959922WA0296103060
B1951094749585N11959922WA0296103061
B1951104749583N11959921WA0296103062
B1951114749581N11959920WA0296003062
B1951124749577N11959920WA0296003061
B1951134749573N11959919WA0296003059
B1951144749569N11959919WA0296003059
B1951154749566N11959921WA0296103060
B1951164749563N11959922WA0296303062
B1951174749562N11959922WA0296603065
B1951184749559N11959922WA0296603067
B1951194749557N11959922WA0296703068
B1951204749554N11959922WA0296803069
B1951214749551N11959921WA0297003071
B1951224749548N11959921WA0297203074
B1951234749546N11959920WA0297503076
B1951244749544N11959920WA0297703078
B1951254749542N11959919WA0297803079
B1951264749540N11959917WA0297803081
B1951274749537N11959913WA0297903082
B1951284749535N11959905WA0298203082
B1951294749534N11959895WA0298203082
B1951304749535N11959883WA0298103081
B1951314749538N11959871WA0298103081
B1951324749545N11959861WA0298003080
B1951334749553N11959854WA0298403080
B1951344749561N11959850WA0298203080
B1951354749568N11959849WA0298103082
B1951364749573N11959851WA0298003083
B1951374749577N11959854WA0298403082
B1951384749579N11959859WA0298203081
B1951394749580N11959864WA0298103081
B1951404749581N11959870WA0298103081
B1951414749582N11959875WA0298103081
B1951424749581N11959880WA0298103081
B1951434749580N11959885WA0298103082
B1951444749577N11959889WA0298203083
B1951454749575N11959893WA0298503085
B1951464749572N11959896WA0298503087
B1951474749570N11959899WA0298603088
B1951484749568N11959903WA0298703089
B1951494749565N11959907WA0298803090
B1951504749562N11959911WA0298703091
B1951514749559N11959915WA0299003093
B1951524749557N11959918WA0299403095
B1951534749555N11959921WA0299503098
B1951544749553N11959923WA0299703101
B1951554749551N11959925WA0299903102
B1951564749548N11959926WA0300003103
B1951574749545N11959928WA0300003103
B1951584749541N11959930WA0300203103
B1951594749537N11959931WA0300203103
B1952004749533N11959930WA0300203103
B1952014749530N11959928WA0300303105
B1952024749526N11959927WA0300303107
B1952034749523N11959927WA0300603109
B1952044749521N11959928WA0300803111
B1952054749518N11959929WA0301103113
B1952064749515N11959928WA0301203114
B1952074749511N11959927WA0301303114
B1952084749508N11959924WA0301403114
B1952094749505N11959921WA0301203114
B1952104749501N11959919WA0301403113
B1952114749498N11959919WA0301103111
B1952124749495N11959922WA0300903108
B1952134749492N11959926WA0300603104
B1952144749489N11959931WA0300503103
B1952154749486N11959933WA0300603103
B1952164749484N11959934WA0300503103
B1952174749482N11959934WA0300403103
B1952184749480N11959934WA0300203102
B1952194749478N11959936WA0300003099
B1952204749475N11959937WA0299703096
B1952214749472N11959940WA0299403092
B1952224749469N11959942WA0299103090
B1952234749466N11959944WA0298903088
B1952244749463N11959945WA0298903087
B1952254749461N11959946WA0298703085
B1952264749460N11959947WA0298503083
B1952274749458N11959950WA0297903079
B1952284749455N11959952WA0297603074
B1952294749452N11959954WA0297203069
B1952304749449N11959956WA0296903065
B1952314749445N11959958WA0296303062
B1952324749442N11959960WA0296103058
B1952334749438N11959961WA0295803055
B1952344749435N11959963WA0295503052
B1952354749431N11959965WA0295003049
B1952364749428N11959968WA0294903045
B1952374749426N11959973WA0294503041
B1952384749423N11959977WA0294103037
B1952394749421N11959980WA0293703034
B1952404749418N11959983WA0293303030
B1952414749415N11959986WA0293003026
B1952424749411N11959988WA0292703023
B1952434749408N11959988WA0292203020
B1952444749404N11959987WA0292103018
B1952454749402N11959985WA0292003017
B1952464749400N11959985WA0291803015
B1952474749398N11959987WA0291403012
B1952484749395N11959988WA0291203009
B1952494749391N11959988WA0291103007
B1952504749388N11959988WA0291003007
B1952514749385N11959989WA0291003008
B1952524749384N11959990WA0291003009
B1952534749382N11959991WA0291003009
B1952544749380N11959992WA0291003008
B1952554749378N11959993WA0290803006
B1952564749376N11959995WA0290703003
B1952574749374N12000000WA0290203000
B1952584749371N12000004WA0290002998
B1952594749369N12000008WA0290002996
B1953004749367N12000011WA0289902996
B1953014749365N12000013WA0289802996
B1953024749363N12000016WA0289802995
B1953034749362N12000020WA0289602994
B1953044749360N12000024WA0289402991
B1953054749358N12000028WA0289102989
B1953064749355N12000031WA0289002987
B1953074749353N12000034WA0288802986
B1953084749351N12000037WA0288702986
B1953094749350N12000041WA0288602985
B1953104749348N12000043WA0288302984
B1953114749347N12000046WA0288202982
B1953124749345N12000049WA0288202979
B1953134749343N12000051WA0288002977
B1953144749341N12000055WA0287802975
B1953154749339N12000058WA0287602973
B1953164749337N12000061WA0287402971
B1953174749334N12000063WA0287102969
B1953184749332N12000065WA0287102967
B1953194749330N12000068WA0286802965
B1953204749328N12000071WA0286502962
B1953214749326N12000075WA0286302959
B1953224749324N12000078WA0286102957
B1953234749322N12000080WA0285702955
B1953244749320N12000082WA0285702953
B1953254749319N12000085WA0285502951
B1953264749317N12000088WA0285202948
B1953274749315N12000091WA0284902946
B1953284749314N12000094WA0284902944
B1953294749312N12000096WA0284602943
B1953304749311N12000098WA0284502941
B1953314749309N12000101WA0284402939
B1953324749308N12000104WA0284102937
B1953334749306N12000106WA0283802935
B1953344749304N12000109WA0283702933
B1953354749302N12000112WA0283602931
B1953364749300N12000114WA0283502929
B1953374749298N12000116WA0283002927
B1953384749297N12000119WA0282802926
B1953394749295N12000121WA0282802923
B1953404749293N12000123WA0282702921
B1953414749290N12000125WA0282302918
B1953424749288N12000128WA0282002915
B1953434749286N12000131WA0281702913
B1953444749284N12000134WA0281702911
B1953454749283N12000138WA0281502909
B1953464749281N12000141WA0281402908
B1953474749279N12000143WA0281202906
B1953484749277N12000146WA0280902904
B1953494749276N12000148WA0280702902
B1953504749274N12000151WA0280702900
B1953514749273N12000155WA0280302898
B1953524749272N12000157WA0280102896
B1953534749271N12000160WA0279802893
B1953544749269N12000162WA0279602890
B1953554749267N12000165WA0279302888
B1953564749266N12000168WA0279202885
B1953574749265N12000172WA0278802882
B1953584749263N12000175WA0278602880
B1953594749261N12000177WA0278302878
B1954004749260N12000179WA0278202876
B1954014749258N12000182WA0278102874
B1954024749257N12000185WA0277902871
B1954034749255N12000188WA0277502868
B1954044749254N12000191WA0277202865
B1954054749253N12000195WA0277002863
B1954064749252N12000199WA0276902861
B1954074749252N12000203WA0276502859
B1954084749252N12000206WA0276302856
B1954094749251N12000209WA0276102854
B1954104749249N12000212WA0275902851
B1954114749247N12000215WA0275602849
B1954124749245N12000219WA0275502847
B1954134749244N12000223WA0275202845
B1954144749243N12000226WA0275002843
B1954154749241N12000229WA0274802842
B1954164749239N12000231WA0274702840
B1954174749238N12000234WA0274402838
B1954184749236N12000237WA0274102835
B1954194749235N12000240WA0274002833
B1954204749234N12000243WA0273802831
B1954214749232N12000246WA0273502829
B1954224749231N12000249WA0273402827
B1954234749229N12000251WA0273202824
B1954244749228N12000254WA0273002822
B1954254749226N12000258WA0272802820
B1954264749224N12000261WA0272602819
B1954274749222N12000263WA0272502818
B1954284749220N12000265WA0272302816
B1954294749218N12000268WA0272102814
B1954304749216N12000271WA0272002812
B1954314749214N12000273WA0271702810
B1954324749212N12000276WA0271502808
B1954334749210N12000278WA0271302807
B1954344749208N12000280WA0271202805
B1954354749206N12000283WA0271002803
B1954364749205N12000286WA0270902801
B1954374749203N12000290WA0270702800
B1954384749202N12000292WA0270502798
B1954394749201N12000295WA0270402797
B1954404749199N12000297WA0270302795
B1954414749198N12000301WA0270202794
B1954424749197N12000304WA0269902791
B1954434749196N12000308WA0269702789
B1954444749194N12000311WA0269602787
B1954454749192N12000313WA0269502786
B1954464749191N12000315WA0269302784
B1954474749189N12000318WA0268902782
B1954484749188N12000321WA0268802780
B1954494749186N12000324WA0268802779
B1954504749184N12000326WA0268602777
B1954514749182N12000329WA0268502776
B1954524749180N12000331WA0268302775
B1954534749179N12000334WA0268302774
B1954544749178N12000336WA0268202773
B1954554749176N12000338WA0267902772
B1954564749174N12000340WA0267802770
B1954574749171N12000341WA0267802768
B1954584749169N12000343WA0267702767
B1954594749167N12000346WA0267602766
B1955004749165N12000348WA0267402765
B1955014749163N12000350WA0267302764
B1955024749161N12000353WA0267202763
B1955034749160N12000355WA0267102761
B1955044749158N12000358WA0267002760
B1955054749156N12000362WA0266902759
B1955064749155N12000365WA0266602758
B1955074749153N12000369WA0266502757
B1955084749151N12000371WA0266502756
B1955094749150N12000374WA0266502756
B1955104749148N12000376WA0266402755
B1955114749147N12000379WA0266102753
B1955124749145N12000382WA0266102750
B1955134749142N12000385WA0265702748
B1955144749139N12000387WA0265602747
B1955154749136N12000389WA0265702746
B1955164749134N12000392WA0265602746
B1955174749133N12000395WA0265202745
B1955184749131N12000399WA0265202743
B1955194749129N12000402WA0265002741
B1955204749127N12000405WA0264902739
B1955214749125N12000409WA0264702737
B1955224749123N12000413WA0264502735
B1955234749122N12000417WA0264402734
B1955244749120N12000421WA0264302734
B1955254749119N12000424WA0264002733
B1955264749117N12000428WA0264002731
B1955274749116N12000432WA0263902730
B1955284749115N12000437WA0263702728
B1955294749114N12000441WA0263602727
B1955304749113N12000445WA0263502726
B1955314749112N12000449WA0263402725
B1955324749112N12000452WA0263402725
B1955334749111N12000457WA0263202723
B1955344749111N12000461WA0263102722
B1955354749110N12000466WA0262702719
B1955364749108N12000471WA0262702717
B1955374749107N12000477WA0262502715
B1955384749106N12000482WA0262402714
B1955394749106N12000488WA0262202714
B1955404749106N12000494WA0262202714
B1955414749106N12000499WA0262202713
B1955424749106N12000504WA0262102711
B1955434749106N12000510WA0261802709
B1955444749105N12000516WA0261702706
B1955454749105N12000522WA0261402704
B1955464749105N12000528WA0261302703
B1955474749104N12000533WA0261102703
B1955484749104N12000538WA0261002702
B1955494749104N12000543WA0261002700
B1955504749104N12000548WA0260802697
B1955514749104N12000554WA0260402694
B1955524749103N12000560WA0260302692
B1955534749102N12000566WA0260202690
B1955544749101N12000571WA0259902689
B1955554749100N12000576WA0259802688
B1955564749100N12000581WA0259702686
B1955574749099N12000587WA0259402685
B1955584749098N12000593WA0259402684
B1955594749097N12000598WA0259402683
B1956004749096N12000603WA0259302682
B1956014749095N12000608WA0259002680
B1956024749094N12000613WA0258902679
B1956034749094N12000619WA0258602676
B1956044749093N12000624WA0258402674
B1956054749091N12000629WA0258302672
B1956064749090N12000634WA0258102670
B1956074749089N12000640WA0257702667
B1956084749088N12000646WA0257602665
B1956094749088N12000651WA0257502665
B1956104749088N12000655WA0257802667
B1956114749089N12000659WA0257802668
B1956124749090N12000663WA0257802669
B1956134749089N12000668WA0257802669
B1956144749088N12000671WA0257902672
B1956154749088N12000672WA0258502676
B1956164749088N12000671WA0258902682
B1956174749089N12000671WA0259402686
B1956184749090N12000673WA0259502689
B1956194749090N12000675WA0259802690
B1956204749090N12000679WA0260002692
B1956214749091N12000682WA0260202694
B1956224749092N12000686WA0260502696
B1956234749092N12000689WA0260802699
B1956244749092N12000692WA0260902701
B1956254749090N12000694WA0260902704
B1956264749088N12000693WA0261202705
B1956274749086N12000691WA0261702708
B1956284749085N12000688WA0261902711
B1956294749084N12000683WA0262002712
B1956304749083N12000677WA0262102712
B1956314749081N12000670WA0261802711
B1956324749079N12000661WA0262002710
B1956334749077N12000652WA0262202709
B1956344749076N12000640WA0261902710
B1956354749077N12000628WA0261902711
B1956364749079N12000616WA0262102712
B1956374749084N12000605WA0262002712
B1956384749091N12000596WA0262202712
B1956394749098N12000588WA0261902713
B1956404749106N12000583WA0262302713
B1956414749114N12000581WA0262102712
B1956424749121N12000581WA0262002712
B1956434749127N12000583WA0262302713
B1956444749132N12000588WA0262102713
B1956454749136N12000592WA0262202714
B1956464749141N12000595WA0262402716
B1956474749145N12000597WA0262502719
B1956484749150N12000599WA0262602721
B1956494749154N12000601WA0262802723
B1956504749158N12000604WA0263002723
B1956514749161N12000610WA0263002723
B1956524749165N12000616WA0263102724
B1956534749168N12000620WA0263402728
B1956544749171N12000623WA0263602732
B1956554749174N12000625WA0263902735
B1956564749177N12000626WA0264002738
B1956574749180N12000629WA0264402739
B1956584749183N12000633WA0264402740
B1956594749186N12000637WA0264502741
B1957004749189N12000641WA0264902742
B1957014749192N12000646WA0265002744
B1957024749195N12000649WA0265102746
B1957034749197N12000652WA0265202748
B1957044749198N12000655WA0265802751
B1957054749199N12000656WA0265802752
B1957064749199N12000658WA0265902754
B1957074749199N12000660WA0266102756
B1957084749199N12000662WA0266402758
B1957094749198N12000663WA0266602760
B1957104749198N12000665WA0267002762
B1957114749198N12000668WA0267002763
B1957124749196N12000670WA0267102764
B1957134749195N12000669WA0267202764
B1957144749194N12000666WA0267302765
B1957154749193N12000662WA0267202765
B1957164749192N12000655WA0267302765
B1957174749192N12000647WA0267202764
B1957184749192N12000638WA0267102763
B1957194749193N12000627WA0267102762
B1957204749194N12000616WA0267002761
B1957214749196N12000607WA0267002761
B1957224749197N12000598WA0266702761
B1957234749199N12000589WA0266602759
B1957244749202N12000578WA0266402757
B1957254749207N12000567WA0266302755
B1957264749214N12000556WA0266102753
B1957274749222N12000547WA0266002752
B1957284749232N12000542WA0266102751
B1957294749241N12000540WA0266002751
B1957304749249N12000540WA0266102752
B1957314749256N12000543WA0266102752
B1957324749262N12000546WA0265802753
B1957334749267N12000549WA0266202754
B1957344749273N12000552WA0266202756
B1957354749279N12000554WA0266302757
B1957364749284N12000556WA0266302758
B1957374749288N12000559WA0266402758
B1957384749290N12000562WA0266302757
B1957394749291N12000565WA0266302756
B1957404749291N12000567WA0266402756
B1957414749291N12000569WA0266202756
B1957424749291N12000571WA0266402757
B1957434749291N12000572WA0266402758
B1957444749291N12000572WA0266502759
B1957454749292N12000572WA0266702760
B1957464749292N12000571WA0266902761
B1957474749292N12000571WA0266502761
B1957484749291N12000571WA0266702760
B1957494749289N12000570WA0266702760
B1957504749286N12000568WA0266702761
B1957514749284N12000565WA0266902762
B1957524749283N12000562WA0267002763
B1957534749282N12000560WA0267202765
B1957544749281N12000560WA0267102764
B1957554749279N12000561WA0267002763
B1957564749278N12000562WA0267002762
B1957574749276N12000563WA0267102763
B1957584749274N12000563WA0267202764
B1957594749272N12000561WA0267302766
B1958004749271N12000559WA0267302767
B1958014749269N12000557WA0267502769
B1958024749268N12000555WA0267602770
B1958034749267N12000554WA0267602770
B1958044749264N12000552WA0267702771
B1958054749262N12000551WA0267902771
B1958064749260N12000550WA0267902772
B1958074749258N12000548WA0268002773
B1958084749257N12000547WA0268202774
B1958094749255N12000546WA0268002774
B1958104749253N12000545WA0268302774
B1958114749251N12000543WA0268202773
B1958124749249N12000542WA0267802772
B1958134749246N12000540WA0267902771
B1958144749244N12000539WA0267802770
B1958154749241N12000539WA0267702768
B1958164749237N12000540WA0267502767
B1958174749234N12000540WA0267402765
B1958184749230N12000539WA0267302764
B1958194749226N12000537WA0267202763
B1958204749223N12000535WA0267302763
B1958214749220N12000534WA0267102762
B1958224749216N12000533WA0267002759
B1958234749212N12000532WA0266602756
B1958244749207N12000529WA0266502754
B1958254749203N12000526WA0266402753
B1958264749199N12000523WA0266202753
B1958274749196N12000521WA0266302753
B1958284749193N12000519WA0266202752
B1958294749189N12000517WA0265902750
B1958304749184N12000515WA0265802747
B1958314749179N12000512WA0265702745
B1958324749174N12000511WA0265402743
B1958334749169N12000510WA0265602743
B1958344749164N12000510WA0265402745
B1958354749161N12000510WA0265702748
B1958364749158N12000509WA0266002751
B1958374749156N12000508WA0266202753
B1958384749153N12000508WA0266302754
B1958394749150N12000508WA0266302754
B1958404749146N12000509WA0266402754
B1958414749142N12000509WA0266402754
B1958424749137N12000509WA0266302754
B1958434749133N12000508WA0266402754
B1958444749128N12000507WA0266502755
B1958454749124N12000507WA0266602757
B1958464749119N12000506WA0266702758
B1958474749115N12000506WA0267002760
B1958484749110N12000505WA0267102763
B1958494749106N12000504WA0267402765
B1958504749103N12000504WA0267602768
B1958514749099N12000504WA0267702770
B1958524749095N12000504WA0268002772
B1958534749092N12000503WA0268302775
B1958544749088N12000503WA0268602778
B1958554749086N12000503WA0268802780
B1958564749084N12000504WA0268902782
B1958574749081N12000504WA0269002782
B1958584749077N12000505WA0269002780
B1958594749072N12000505WA0268702778
B1959004749067N12000505WA0268602776
B1959014749062N12000505WA0268602777
B1959024749058N12000505WA0268802779
B1959034749055N12000504WA0269002783
B1959044749052N12000503WA0269202785
B1959054749050N12000502WA0269302786
B1959064749046N12000501WA0269302784
B1959074749042N12000501WA0269202782
B1959084749037N12000502WA0269102780
B1959094749032N12000502WA0269002780
B1959104749028N12000501WA0269102782
B1959114749024N12000499WA0269202784
B1959124749021N12000498WA0269502786
B1959134749018N12000498WA0269502787
B1959144749015N12000497WA0269502787
B1959154749011N12000496WA0269302784
B1959164749006N12000495WA0269002782
B1959174749001N12000495WA0269102780
B1959184748995N12000497WA0268902778
B1959194748990N12000498WA0268802777
B1959204748985N12000498WA0268702779
B1959214748983N12000496WA0269202783
B1959224748981N12000493WA0269302785
B1959234748980N12000491WA0269502785
B1959244748977N12000489WA0269302783
B1959254748973N12000488WA0269102779
B1959264748968N12000487WA0268702775
B1959274748963N12000485WA0268502772
B1959284748959N12000483WA0268502772
B1959294748956N12000481WA0268402772
B1959304748953N12000480WA0268302771
B1959314748949N12000478WA0267802767
B1959324748944N12000475WA0267502763
B1959334748939N12000471WA0267402758
B1959344748934N12000466WA0267102756
B1959354748930N12000462WA0267002755
B1959364748926N12000458WA0266902753
B1959374748922N12000455WA0266502752
B1959384748918N12000451WA0266502750
B1959394748914N12000446WA0266202747
B1959404748909N12000440WA0265902743
B1959414748905N12000435WA0265702741
B1959424748901N12000431WA0265402738
B1959434748897N12000426WA0265102736
B1959444748892N12000422WA0264902734
B1959454748888N12000417WA0264702732
B1959464748884N12000413WA0264602729
B1959474748880N12000408WA0264102726
B1959484748876N12000404WA0263902724
B1959494748872N12000399WA0263602721
B1959504748867N12000394WA0263402718
B1959514748863N12000389WA0263102715
B1959524748858N12000384WA0262702711
B1959534748853N12000379WA0262502708
B1959544748849N12000374WA0262302706
B1959554748845N12000368WA0262002703
B1959564748841N12000363WA0261702701
B1959574748836N12000358WA0261602698
B1959584748832N12000354WA0261202695
B1959594748827N12000350WA0260802692
B2000004748822N12000346WA0260702690
B2000014748818N12000341WA0260502688
B2000024748814N12000336WA0260402687
B2000034748810N12000332WA0260202686
B2000044748806N12000328WA0260202684
B2000054748801N12000324WA0259902682
B2000064748797N12000319WA0259702680
B2000074748792N12000314WA0259402677
B2000084748787N12000309WA0259102675
B2000094748783N12000304WA0259102673
B2000104748779N12000300WA0259102671
B2000114748774N12000295WA0258802669
B2000124748770N12000289WA0258402667
B2000134748765N12000284WA0258202664
B2000144748759N12000278WA0258002662
B2000154748754N12000273WA0258002662
B2000164748749N12000268WA0257902661
B2000174748744N12000263WA0257802661
B2000184748739N12000258WA0257702660
B2000194748734N12000252WA0257602659
B2000204748729N12000247WA0257402657
B2000214748724N12000242WA0257102655
B2000224748718N12000238WA0257002654
B2000234748713N12000233WA0257002653
B2000244748708N12000228WA0256902653
B2000254748703N12000222WA0256602652
B2000264748699N12000217WA0256602650
B2000274748694N12000212WA0256502648
B2000284748689N12000207WA0256402645
B2000294748683N12000202WA0256102643
B2000304748678N12000196WA0255902640
B2000314748673N12000191WA0255702639
B2000324748668N12000186WA0255502637
B2000334748663N12000181WA0255402636
B2000344748659N12000176WA0255302634
B2000354748654N12000170WA0255102633
B2000364748650N12000164WA0254902631
B2000374748646N12000158WA0254802630
B2000384748641N12000153WA0254702628
B2000394748637N12000148WA0254602627
B2000404748633N12000143WA0254202625
B2000414748629N12000137WA0254002624
B2000424748624N12000131WA0254102622
B2000434748620N12000127WA0253902620
B2000444748615N12000123WA0253702618
B2000454748610N12000119WA0253502616
B2000464748606N12000114WA0253402615
B2000474748602N12000109WA0253202614
B2000484748597N12000102WA0253102612
B2000494748593N12000096WA0252902611
B2000504748588N12000091WA0252902609
B2000514748584N12000086WA0252502608
B2000524748579N12000080WA0252402606
B2000534748575N12000075WA0252402605
B2000544748571N12000069WA0252202603
B2000554748567N12000063WA0251902602
B2000564748562N12000057WA0251902599
B2000574748558N12000052WA0251702597
B2000584748553N12000046WA0251402595
B2000594748548N12000039WA0251302593
B2001004748543N12000033WA0251102592
B2001014748539N12000027WA0250902591
B2001024748535N12000023WA0250702590
B2001034748531N12000018WA0250602588
B2001044748526N12000013WA0250602586
B2001054748522N12000007WA0250302584
B2001064748517N12000001WA0250102582
B2001074748512N11959995WA0249902580
B2001084748508N11959989WA0249902578
B2001094748503N11959983WA0249702577
B2001104748499N11959978WA0249502576
B2001114748495N11959972WA0249302574
B2001124748490N11959967WA0249202573
B2001134748486N11959963WA0249002571
B2001144748482N11959960WA0248802569
B2001154748477N11959956WA0248502567
B2001164748473N11959952WA0248402564
B2001174748468N11959948WA0248102562
B2001184748464N11959944WA0248102559
B2001194748459N11959941WA0247702557
B2001204748455N11959938WA0247402555
B2001214748450N11959934WA0247402554
B2001224748446N11959930WA0247302553
B2001234748442N11959926WA0247102552
B2001244748438N11959922WA0247002551
B2001254748434N11959919WA0246902549
B2001264748430N11959915WA0246802547
B2001274748425N11959911WA0246402545
B2001284748421N11959907WA0246302543
B2001294748416N11959903WA0246102541
B2001304748411N11959900WA0245902539
B2001314748407N11959897WA0245702537
B2001324748403N11959894WA0245602535
B2001334748398N11959889WA0245302533
B2001344748394N11959885WA0245202531
B2001354748390N11959881WA0245002529
B2001364748385N11959878WA0244702527
B2001374748381N11959875WA0244402524
B2001384748376N11959871WA0244202521
B2001394748370N11959867WA0244002519
B2001404748365N11959862WA0243902517
B2001414748360N11959858WA0243702516
B2001424748356N11959855WA0243702515
B2001434748352N11959852WA0243502514
B2001444748348N11959848WA0243202512
B2001454748343N11959843WA0243202510
B2001464748339N11959838WA0243102507
B2001474748334N11959834WA0242802505
B2001484748330N11959830WA0242802504
B2001494748325N11959826WA0242402503
B2001504748321N11959822WA0242302502
B2001514748317N11959818WA0242202501
B2001524748312N11959814WA0242002499
B2001534748308N11959810WA0241902497
B2001544748303N11959805WA0241702496
B2001554748299N11959799WA0241702495
B2001564748295N11959794WA0241702494
B2001574748291N11959790WA0241502493
B2001584748287N11959786WA0241502492
B2001594748284N11959782WA0241402491
B2002004748280N11959777WA0241202490
B2002014748276N11959773WA0241102488
B2002024748272N11959769WA0241002487
B2002034748269N11959766WA0240602485
B2002044748265N11959762WA0240402483
B2002054748261N11959758WA0240302481
B2002064748258N11959753WA0240102478
B2002074748254N11959748WA0239802475
B2002084748250N11959744WA0239602472
B2002094748247N11959741WA0239402471
B2002104748243N11959737WA0239302469
B2002114748240N11959733WA0238802466
B2002124748237N11959728WA0238702462
B2002134748232N11959724WA0238302458
B2002144748228N11959720WA0238002454
B2002154748223N11959716WA0237502451
B2002164748219N11959711WA0237502449
B2002174748215N11959707WA0237302448
B2002184748211N11959703WA0237202447
B2002194748207N11959699WA0236802445
B2002204748203N11959695WA0236602442
B2002214748198N11959691WA0236502441
B2002224748194N11959687WA0236402439
B2002234748190N11959684WA0236302439
B2002244748186N11959681WA0236302439
B2002254748182N11959677WA0236102438
B2002264748177N11959672WA0236002436
B2002274748173N11959668WA0235902434
B2002284748168N11959663WA0235702432
B2002294748163N11959659WA0235502431
B2002304748159N11959655WA0235602430
B2002314748155N11959650WA0235402430
B2002324748151N11959645WA0235202429
B2002334748146N11959640WA0235302427
B2002344748142N11959635WA0235102425
B2002354748137N11959629WA0234902423
B2002364748132N11959624WA0234702421
B2002374748127N11959618WA0234502420
B2002384748122N11959613WA0234502418
B2002394748117N11959608WA0234302417
B2002404748112N11959603WA0234202416
B2002414748107N11959598WA0233902414
B2002424748102N11959592WA0233902412
B2002434748097N11959587WA0233702410
B2002444748092N11959581WA0233502409
B2002454748086N11959576WA0233502407
B2002464748081N11959571WA0233302407
B2002474748077N11959566WA0233202405
B2002484748072N11959560WA0233202404
B2002494748067N11959555WA0233002402
B2002504748063N11959550WA0233002401
B2002514748058N11959545WA0232702400
B2002524748054N11959540WA0232502398
B2002534748049N11959535WA0232402397
B2002544748045N11959530WA0232302395
B2002554748040N11959525WA0232002394
B2002564748035N11959520WA0231902392
B2002574748030N11959516WA0231602390
B2002584748025N11959511WA0231602388
B2002594748020N11959506WA0231402386
B2003004748015N11959501WA0231102384
B2003014748010N11959497WA0231102382
B2003024748004N11959493WA0230902380
B2003034747999N11959489WA0230602378
B2003044747994N11959485WA0230502376
B2003054747989N11959480WA0230102374
B2003064747984N11959476WA0230102372
B2003074747979N11959472WA0229802370
B2003084747974N11959468WA0229602368
B2003094747968N11959464WA0229402366
B2003104747963N11959460WA0229202363
B2003114747957N11959456WA0228902361
B2003124747952N11959452WA0228902359
B2003134747946N11959449WA0228702357
B2003144747941N11959446WA0228602355
B2003154747935N11959442WA0228302354
B2003164747930N11959438WA0228102352
B2003174747924N11959435WA0227902351
B2003184747919N11959431WA0227902349
B2003194747913N11959428WA0227602348
B2003204747909N11959424WA0227502347
B2003214747904N11959421WA0227402346
B2003224747898N11959417WA0227302344
B2003234747893N11959413WA0227102342
B2003244747888N11959408WA0227002340
B2003254747883N11959403WA0226702339
B2003264747878N11959399WA0226702339
B2003274747873N11959394WA0226802338
B2003284747869N11959390WA0226702337
B2003294747864N11959385WA0226502335
B2003304747860N11959381WA0226302333
B2003314747855N11959376WA0226102331
B2003324747850N11959371WA0226002329
B2003334747845N11959366WA0225702327
B2003344747840N11959361WA0225702325
B2003354747836N11959357WA0225202323
B2003364747831N11959352WA0225202321
B2003374747827N11959347WA0224802318
B2003384747822N11959343WA0224502315
B2003394747816N11959339WA0224202311
B2003404747811N11959334WA0224102308
B2003414747805N11959329WA0223702305
B2003424747800N11959324WA0223402303
B2003434747795N11959319WA0223302301
B2003444747790N11959314WA0223102298
B2003454747786N11959309WA0222602295
B2003464747781N11959303WA0222302291
B2003474747775N11959297WA0221902287
B2003484747770N11959291WA0221502283
B2003494747764N11959285WA0221402280
B2003504747758N11959280WA0221102277
B2003514747752N11959274WA0220702275
B2003524747747N11959268WA0220602273
B2003534747742N11959261WA0220302270
B2003544747736N11959255WA0220002268
B2003554747731N11959248WA0219902266
B2003564747726N11959242WA0219602263
B2003574747720N11959237WA0219402261
B2003584747715N11959231WA0219202259
B2003594747710N11959225WA0218802256
B2004004747704N11959219WA0218602253
B2004014747698N11959212WA0218402250
B2004024747693N11959206WA0218202248
B2004034747688N11959200WA0217902246
B2004044747683N11959194WA0217802244
B2004054747678N11959188WA0217602242
B2004064747672N11959181WA0217302240
B2004074747667N11959175WA0217202237
B2004084747661N11959169WA0216902234
B2004094747656N11959163WA0216602231
B2004104747650N11959157WA0216302229
B2004114747645N11959151WA0216102226
B2004124747639N11959144WA0215802223
B2004134747634N11959137WA0215602221
B2004144747628N11959131WA0215302218
B2004154747623N11959124WA0215002216
B2004164747618N11959117WA0214802213
B2004174747613N11959110WA0214602211
B2004184747607N11959103WA0214202207
B2004194747602N11959097WA0213902205
B2004204747596N11959091WA0213802202
B2004214747591N11959086WA0213602199
B2004224747586N11959081WA0213302197
B2004234747581N11959076WA0213002194
B2004244747575N11959070WA0212502190
B2004254747569N11959065WA0212202186
B2004264747563N11959059WA0212002182
B2004274747558N11959054WA0211602180
B2004284747552N11959049WA0211502178
B2004294747548N11959044WA0211302176
B2004304747543N11959039WA0211102174
B2004314747538N11959034WA0210802171
B2004324747532N11959029WA0210502167
B2004334747526N11959024WA0210202162
B2004344747520N11959019WA0209702158
B2004354747514N11959014WA0209502155
B2004364747508N11959009WA0209202152
B2004374747503N11959004WA0209102150
B2004384747498N11958999WA0208702148
B2004394747493N11958994WA0208302146
B2004404747487N11958988WA0208002143
B2004414747481N11958983WA0207702139
B2004424747475N11958977WA0207602136
B2004434747470N11958972WA0207202134
B2004444747464N11958966WA0206902132
B2004454747459N11958961WA0206802130
B2004464747454N11958955WA0206602128
B2004474747449N11958949WA0206402125
B2004484747443N11958943WA0206102123
B2004494747438N11958938WA0206002120
B2004504747432N11958932WA0205602117
B2004514747427N11958927WA0205502115
B2004524747422N11958920WA0205202113
B2004534747417N11958913WA0205002110
B2004544747412N11958907WA0204802108
B2004554747406N11958902WA0204602105
B2004564747401N11958898WA0204302103
B2004574747395N11958892WA0204102101
B2004584747389N11958887WA0204002100
B2004594747383N11958881WA0204002099
B2005004747377N11958876WA0203802099
B2005014747372N11958871WA0203602098
B2005024747366N11958866WA0203602097
B2005034747360N11958860WA0203602096
B2005044747354N11958854WA0203302095
B2005054747348N11958849WA0203302094
B2005064747343N11958844WA0203202094
B2005074747338N11958839WA0203002093
B2005084747332N11958834WA0203002091
B2005094747326N11958829WA0202802088
B2005104747320N11958823WA0202502086
B2005114747314N11958818WA0202402083
B2005124747308N11958811WA0202102081
B2005134747302N11958805WA0201902080
B2005144747296N11958798WA0201902079
B2005154747291N11958792WA0201802077
B2005164747285N11958786WA0201502075
B2005174747280N11958780WA0201302073
B2005184747274N11958774WA0201102070
B2005194747268N11958768WA0200902068
B2005204747263N11958763WA0200702066
B2005214747258N11958757WA0200502064
B2005224747253N11958751WA0200302062
B2005234747248N11958745WA0200102060
B2005244747243N11958739WA0199802057
B2005254747238N11958732WA0199702055
B2005264747234N11958726WA0199402052
B2005274747229N11958720WA0199102049
B2005284747224N11958713WA0198802045
B2005294747219N11958708WA0198402042
B2005304747215N11958702WA0198202038
B2005314747210N11958697WA0197802034
B2005324747204N11958690WA0197502031
B2005334747199N11958682WA0197202028
B2005344747194N11958674WA0196902025
B2005354747190N11958667WA0196702024
B2005364747186N11958661WA0196502023
B2005374747183N11958657WA0196402021
B2005384747178N11958653WA0196002018
B2005394747173N11958648WA0195802013
B2005404747167N11958642WA0195402009
B2005414747161N11958636WA0194902005
B2005424747155N11958630WA0194602003
B2005434747149N11958626WA0194302002
B2005444747144N11958621WA0194202000
B2005454747139N11958616WA0194102000
B2005464747134N11958610WA0194001999
B2005474747129N11958604WA0193901997
B2005484747123N11958598WA0193601995
B2005494747117N11958593WA0193301992
B2005504747111N11958588WA0193201990
B2005514747105N11958582WA0193001988
B2005524747099N11958576WA0192701987
B2005534747093N11958571WA0192701985
B2005544747087N11958566WA0192401982
B2005554747081N11958562WA0192201979
B2005564747074N11958557WA0191701975
B2005574747067N11958552WA0191501973
B2005584747060N11958546WA0191401971
B2005594747053N11958540WA0191401970
B2006004747047N11958534WA0191201971
B2006014747042N11958529WA0191301972
B2006024747037N11958524WA0191401974
B2006034747032N11958519WA0191501976
B2006044747028N11958514WA0191501976
B2006054747022N11958509WA0191501975
B2006064747016N11958505WA0191601974
B2006074747011N11958501WA0191601975
B2006084747007N11958496WA0191601977
B2006094747003N11958491WA0191801979
B2006104746999N11958487WA0191901979
B2006114746995N11958483WA0191801978
B2006124746990N11958480WA0191701977
B2006134746984N11958477WA0191601975
B2006144746978N11958473WA0191501975
B2006154746973N11958468WA0191401975
B2006164746969N11958462WA0191401975
B2006174746964N11958455WA0191401975
B2006184746959N11958450WA0191401975
B2006194746954N11958445WA0191201974
B2006204746949N11958440WA0191001972
B2006214746944N11958433WA0190901971
B2006224746939N11958426WA0191001971
B2006234746936N11958418WA0190901971
B2006244746932N11958411WA0191001971
B2006254746929N11958405WA0190901970
B2006264746924N11958399WA0190801969
B2006274746920N11958393WA0190701968
B2006284746915N11958389WA0190801969
B2006294746912N11958384WA0190801970
B2006304746910N11958380WA0191001971
B2006314746907N11958376WA0191001971
B2006324746904N11958371WA0190801969
B2006334746901N11958365WA0190801967
B2006344746897N11958357WA0190601966
B2006354746894N11958348WA0190701967
B2006364746893N11958339WA0191001971
B2006374746893N11958332WA0191301975
B2006384746892N11958326WA0191701979
B2006394746891N11958320WA0191901982
B2006404746890N11958315WA0192201984
B2006414746887N11958309WA0192201984
B2006424746884N11958303WA0192101984
B2006434746881N11958297WA0192301984
B2006444746878N11958291WA0192301985
B2006454746876N11958286WA0192301987
B2006464746873N11958282WA0192601988
B2006474746870N11958277WA0192501988
B2006484746868N11958272WA0192501988
B2006494746865N11958266WA0192601988
B2006504746862N11958260WA0192601987
B2006514746859N11958254WA0192601987
B2006524746856N11958249WA0192501986
B2006534746853N11958244WA0192401985
B2006544746849N11958238WA0192401984
B2006554746846N11958231WA0192201983
B2006564746842N11958225WA0192001982
B2006574746838N11958220WA0191901980
B2006584746834N11958215WA0191901978
B2006594746830N11958209WA0191701977
B2007004746826N11958203WA0191601976
B2007014746823N11958196WA0191401975
B2007024746820N11958190WA0191401974
B2007034746816N11958184WA0191301973
B2007044746813N11958177WA0191101971
B2007054746809N11958170WA0191001968
B2007064746805N11958163WA0190701966
B2007074746801N11958156WA0190401964
B2007084746796N11958148WA0190301961
B2007094746792N11958141WA0190201959
B2007104746787N11958135WA0189801958
B2007114746783N11958129WA0189801957
B2007124746778N11958123WA0189801956
B2007134746774N11958117WA0189601955
B2007144746770N11958111WA0189401953
B2007154746765N11958106WA0189301951
B2007164746760N11958101WA0189101949
B2007174746755N11958095WA0188901947
B2007184746750N11958088WA0188901946
B2007194746746N11958082WA0188701945
B2007204746741N11958074WA0188601943
B2007214746737N11958068WA0188501941
B2007224746732N11958061WA0188201939
B2007234746727N11958055WA0188001938
B2007244746722N11958049WA0187901936
B2007254746718N11958042WA0187701934
B2007264746714N11958036WA0187601933
B2007274746709N11958030WA0187401930
B2007284746704N11958023WA0187101927
B2007294746699N11958016WA0187001925
B2007304746694N11958009WA0186701924
B2007314746690N11958003WA0186601923
B2007324746685N11957998WA0186501923
B2007334746681N11957994WA0186401921
B2007344746676N11957989WA0186301920
B2007354746671N11957984WA0186101918
B2007364746666N11957978WA0185901916
B2007374746661N11957972WA0185701914
B2007384746656N11957967WA0185401912
B2007394746651N11957961WA0185401911
B2007404746646N11957954WA0185301909
B2007414746640N11957948WA0185201907
B2007424746635N11957942WA0184901906
B2007434746630N11957935WA0184801904
B2007444746625N11957929WA0184701903
B2007454746620N11957923WA0184601903
B2007464746615N11957916WA0184401902
B2007474746610N11957910WA0184401900
B2007484746605N11957904WA0184301899
B2007494746600N11957898WA0184001897
B2007504746594N11957892WA0184001895
B2007514746589N11957885WA0183801893
B2007524746584N11957880WA0183601892
B2007534746580N11957874WA0183601890
B2007544746575N11957869WA0183301889
B2007554746570N11957864WA0183101887
B2007564746566N11957858WA0183001884
B2007574746561N11957852WA0182801881
B2007584746556N11957846WA0182401878
B2007594746550N11957840WA0182201876
B2008004746545N11957834WA0182001873
B2008014746540N11957828WA0181901871
B2008024746535N11957823WA0181701870
B2008034746530N11957817WA0181501869
B2008044746526N11957811WA0181201867
B2008054746522N11957806WA0181101865
B2008064746518N11957799WA0180901862
B2008074746513N11957793WA0180601859
B2008084746508N11957786WA0180201856
B2008094746504N11957779WA0180201853
B2008104746499N11957772WA0179801851
B2008114746494N11957766WA0179501849
B2008124746489N11957761WA0179401847
B2008134746485N11957756WA0179301844
B2008144746480N11957751WA0178901842
B2008154746475N11957745WA0178701840
B2008164746470N11957739WA0178501837
B2008174746465N11957733WA0178401834
B2008184746460N11957728WA0178101832
B2008194746456N11957722WA0177901830
B2008204746451N11957716WA0177701828
B2008214746446N11957710WA0177501827
B2008224746442N11957705WA0177301825
B2008234746437N11957700WA0177201823
B2008244746433N11957695WA0176901821
B2008254746429N11957688WA0176801820
B2008264746424N11957682WA0176701818
B2008274746420N11957676WA0176401815
B2008284746416N11957670WA0176101813
B2008294746411N11957664WA0176001811
B2008304746407N11957657WA0175701808
B2008314746403N11957649WA0175501807
B2008324746400N11957641WA0175301805
B2008334746398N11957633WA0175201803
B2008344746396N11957626WA0174801800
B2008354746393N11957619WA0174601796
B2008364746390N11957613WA0173901791
B2008374746387N11957606WA0173601785
B2008384746384N11957598WA0173101781
B2008394746380N11957590WA0172801777
B2008404746378N11957583WA0172301773
B2008414746375N11957577WA0172001769
B2008424746371N11957571WA0171501764
B2008434746368N11957566WA0171101759
B2008444746364N11957560WA0170501754
B2008454746360N11957556WA0170201750
B2008464746356N11957552WA0169901746
B2008474746353N11957548WA0169501743
B2008484746349N11957543WA0169101739
B2008494746346N11957539WA0168701735
B2008504746341N11957534WA0168101731
B2008514746337N11957529WA0167901726
B2008524746332N11957524WA0167301722
B2008534746328N11957518WA0167001718
B2008544746324N11957512WA0166701715
B2008554746321N11957506WA0166501713
B2008564746317N11957500WA0166101710
B2008574746313N11957495WA0165701707
B2008584746309N11957490WA0165501703
B2008594746305N11957484WA0165401700
B2009004746301N11957479WA0164901696
B2009014746297N11957473WA0164701694
B2009024746293N11957468WA0164501692
B2009034746290N11957462WA0164301690
B2009044746287N11957457WA0164101689
B2009054746284N11957453WA0163901687
B2009064746281N11957448WA0163701684
B2009074746277N11957443WA0163501682
B2009084746273N11957438WA0163301680
B2009094746270N11957432WA0163201680
B2009104746266N11957428WA0163001679
B2009114746262N11957426WA0163001679
B2009124746258N11957423WA0163001678
B2009134746254N11957419WA0163001678
B2009144746250N11957416WA0162801677
B2009154746246N11957413WA0162801677
B2009164746242N11957411WA0162701676
B2009174746238N11957408WA0162701674
B2009184746234N11957406WA0162301672
B2009194746230N11957404WA0162201670
B2009204746225N11957402WA0162001668
B2009214746221N11957400WA0161901666
B2009224746216N11957398WA0161601664
B2009234746212N11957395WA0161501662
B2009244746207N11957392WA0161401661
B2009254746202N11957390WA0161301660
B2009264746198N11957388WA0161101659
B2009274746193N11957386WA0161101658
B2009284746188N11957384WA0160901657
B2009294746183N11957383WA0160901656
B2009304746178N11957382WA0160801655
B2009314746173N11957381WA0160701654
B2009324746168N11957378WA0160701654
B2009334746163N11957376WA0160701654
B2009344746159N11957375WA0160501654
B2009354746155N11957375WA0160501653
B2009364746151N11957375WA0160401652
B2009374746146N11957375WA0160201650
B2009384746141N11957373WA0160101649
B2009394746136N11957372WA0160101648
B2009404746132N11957372WA0159901647
B2009414746127N11957371WA0159901646
B2009424746122N11957370WA0159701645
B2009434746118N11957368WA0159501643
B2009444746113N11957366WA0159401642
B2009454746108N11957365WA0159301640
B2009464746103N11957365WA0159201639
B2009474746098N11957365WA0159101637
B2009484746093N11957363WA0158801637
B2009494746089N11957360WA0158701637
B2009504746085N11957357WA0158701636
B2009514746080N11957355WA0158801635
B2009524746076N11957353WA0158501633
B2009534746071N11957350WA0158201630
B2009544746065N11957346WA0157601627
B2009554746059N11957342WA0158001625
B2009564746053N11957338WA0157801624
B2009574746048N11957335WA0157601624
B2009584746043N11957330WA0157601625
B2009594746040N11957325WA0157601626
B2010004746036N11957320WA0157601627
B2010014746032N11957316WA0157701626
B2010024746028N11957312WA0157601625
B2010034746023N11957308WA0157601623
B2010044746019N11957304WA0157401622
B2010054746015N11957298WA0157401622
B2010064746011N11957293WA0157301622
B2010074746007N11957288WA0157201621
B2010084746003N11957285WA0157101620
B2010094745999N11957281WA0157001619
B2010104745995N11957277WA0157001618
B2010114745990N11957273WA0156801617
B2010124745986N11957270WA0156801616
B2010134745981N11957269WA0156701615
B2010144745976N11957268WA0156501614
B2010154745972N11957267WA0156601613
B2010164745967N11957265WA0156501612
B2010174745962N11957264WA0156301611
B2010184745957N11957263WA0156301610
B2010194745952N11957263WA0156301610
B2010204745947N11957262WA0156101609
B2010214745942N11957262WA0156101609
B2010224745937N11957262WA0155901608
B2010234745933N11957261WA0156001608
B2010244745928N11957260WA0156001608
B2010254745924N11957259WA0155901608
B2010264745919N11957259WA0155801606
B2010274745914N11957258WA0155701605
B2010284745908N11957256WA0155501603
B2010294745901N11957253WA0155201600
B2010304745893N11957251WA0155401600
B2010314745887N11957250WA0155201602
B2010324745882N11957250WA0155601605
B2010334745879N11957248WA0155701608
B2010344745875N11957245WA0155801610
B2010354745871N11957243WA0155901609
B2010364745866N11957241WA0155801608
B2010374745860N11957240WA0155701605
B2010384745852N11957239WA0155501604
B2010394745846N11957238WA0155501604
B2010404745840N11957237WA0155601605
B2010414745836N11957236WA0155601607
B2010424745832N11957234WA0155801608
B2010434745828N11957233WA0155801608
B2010444745824N11957233WA0155601607
B2010454745819N11957234WA0155501605
B2010464745814N11957235WA0155601603
B2010474745809N11957236WA0155401603
B2010484745804N11957236WA0155401602
B2010494745800N11957237WA0155301602
B2010504745795N11957237WA0155201601
B2010514745790N11957238WA0155201600
B2010524745785N11957239WA0155001598
B2010534745779N11957240WA0154901597
B2010544745774N11957242WA0154801596
B2010554745769N11957243WA0154801596
B2010564745764N11957244WA0154901596
B2010574745760N11957246WA0154801597
B2010584745755N11957247WA0154801596
B2010594745750N11957248WA0154801595
B2011004745744N11957250WA0154601593
B2011014745738N11957253WA0154401592
B2011024745733N11957256WA0154501592
B2011034745727N11957259WA0154501593
B2011044745722N11957261WA0154601594
B2011054745717N11957262WA0154501594
B2011064745711N11957263WA0154501593
B2011074745706N11957266WA0154501592
B2011084745700N11957269WA0154401591
B2011094745694N11957272WA0154401591
B2011104745689N11957273WA0154401592
B2011114745684N11957275WA0154501593
B2011124745679N11957275WA0154401593
B2011134745674N11957276WA0154401592
B2011144745668N11957278WA0154301590
B2011154745662N11957280WA0154101587
B2011164745655N11957282WA0153701583
B2011174745647N11957284WA0153501581
B2011184745641N11957284WA0153301579
B2011194745634N11957285WA0153201578
B2011204745628N11957287WA0153001576
B2011214745622N11957291WA0152601573
B2011224745615N11957295WA0152301569
B2011234745608N11957298WA0152201565
B2011244745601N11957301WA0151801563
B2011254745595N11957304WA0151601561
B2011264745589N11957307WA0151501559
B2011274745582N11957309WA0151201556
B2011284745576N11957312WA0150701551
B2011294745569N11957315WA0150501547
B2011304745561N11957317WA0150001542
B2011314745554N11957319WA0149701539
B2011324745547N11957321WA0149301536
B2011334745540N11957322WA0149101534
B2011344745533N11957325WA0148701530
B2011354745527N11957328WA0148401526
B2011364745519N11957332WA0147901522
B2011374745511N11957335WA0147601518
B2011384745504N11957338WA0147201514
B2011394745496N11957341WA0146901512
B2011404745490N11957344WA0146601509
B2011414745483N11957347WA0146401507
B2011424745477N11957351WA0146001504
B2011434745469N11957355WA0145801500
B2011444745462N11957360WA0145401496
B2011454745454N11957365WA0145101493
B2011464745446N11957369WA0144901491
B2011474745439N11957373WA0144801490
B2011484745432N11957377WA0144501489
B2011494745426N11957381WA0144401487
B2011504745419N11957385WA0144201484
B2011514745411N11957389WA0144001481
B2011524745403N11957392WA0143601477
B2011534745395N11957396WA0143301473
B2011544745388N11957401WA0142901469
B2011554745380N11957405WA0142501466
B2011564745373N11957408WA0142301463
B2011574745366N11957410WA0142001461
B2011584745358N11957413WA0141801458
B2011594745350N11957415WA0141501455
B2012004745343N11957419WA0141201453
B2012014745335N11957422WA0141101452
B2012024745328N11957424WA0141001452
B2012034745321N11957425WA0141001451
B2012044745314N11957427WA0140801452
B2012054745306N11957430WA0141001452
B2012064745299N11957434WA0140901452
B2012074745292N11957436WA0141101454
B2012084745287N11957438WA0141501457
B2012094745282N11957440WA0141701460
B2012104745277N11957442WA0141801462
B2012114745272N11957445WA0141801463
B2012124745266N11957447WA0142101464
B2012134745261N11957450WA0142201465
B2012144745257N11957453WA0142301467
B2012154745252N11957456WA0142501469
B2012164745247N11957459WA0142601471
B2012174745242N11957462WA0142901473
B2012184745237N11957466WA0143001475
B2012194745232N11957468WA0143101477
B2012204745227N11957470WA0143401479
B2012214745221N11957472WA0143401481
B2012224745215N11957473WA0143601482
B2012234745208N11957473WA0143801483
B2012244745202N11957474WA0144001486
B2012254745195N11957473WA0144001488
B2012264745189N11957472WA0144501489
B2012274745182N11957471WA0144301491
B2012284745176N11957470WA0144601492
B2012294745170N11957470WA0144601493
B2012304745164N11957469WA0144601494
B2012314745158N11957468WA0144701495
B2012324745151N11957465WA0145001497
B2012334745144N11957462WA0145001498
B2012344745137N11957459WA0145401501
B2012354745131N11957457WA0145501503
B2012364745124N11957455WA0145901505
B2012374745118N11957453WA0145801506
B2012384745112N11957450WA0145901506
B2012394745105N11957445WA0145801506
B2012404745100N11957438WA0146001505
B2012414745096N11957428WA0146001505
B2012424745094N11957417WA0146001505
B2012434745095N11957407WA0146101507
B2012444745097N11957400WA0146201509
B2012454745099N11957393WA0146401511
B2012464745100N11957386WA0146701514
B2012474745102N11957378WA0146801516
B2012484745103N11957371WA0146801517
B2012494745106N11957365WA0147001519
B2012504745110N11957361WA0147201519
B2012514745114N11957359WA0147401521
B2012524745117N11957358WA0147301523
B2012534745119N11957358WA0147601526
B2012544745120N11957360WA0147801527
B2012554745121N11957362WA0147901528
B2012564745122N11957365WA0148101529
B2012574745123N11957369WA0148001531
B2012584745121N11957372WA0148201533
B2012594745117N11957376WA0148401534
B2013004745112N11957377WA0148601535
B2013014745106N11957376WA0148701536
B2013024745099N11957373WA0148701538
B2013034745094N11957366WA0148901539
B2013044745090N11957357WA0149001540
B2013054745088N11957347WA0148901541
B2013064745088N11957337WA0149001541
B2013074745089N11957328WA0149501542
B2013084745092N11957320WA0149401543
B2013094745095N11957315WA0149601544
B2013104745099N11957311WA0149601546
B2013114745102N11957309WA0149601548
B2013124745105N11957309WA0150001550
B2013134745107N11957310WA0150201552
B2013144745108N11957314WA0150201553
B2013154745107N11957319WA0150401554
B2013164745104N11957323WA0150301555
B2013174745100N11957327WA0150501556
B2013184745094N11957328WA0150601557
B2013194745088N11957326WA0150901557
B2013204745081N11957322WA0150901558
B2013214745076N11957316WA0150801559
B2013224745071N11957306WA0151001560
B2013234745069N11957295WA0150801559
B2013244745070N11957284WA0150701557
B2013254745072N11957275WA0151101557
B2013264745076N11957268WA0151101558
B2013274745081N11957263WA0150701559
B2013284745085N11957258WA0151401561
B2013294745087N11957254WA0151501564
B2013304745089N11957250WA0151601567
B2013314745092N11957247WA0151701570
B2013324745094N11957246WA0152001571
B2013334745097N11957245WA0152001572
B2013344745100N11957244WA0152301573
B2013354745103N11957244WA0152301576
B2013364745105N11957243WA0152401578
B2013374745107N11957243WA0152701580
B2013384745109N11957244WA0153001582
B2013394745110N11957245WA0153001583
B2013404745111N11957247WA0153101583
B2013414745110N11957250WA0153101583
B2013424745108N11957254WA0153001582
B2013434745104N11957256WA0153101582
B2013444745099N11957257WA0153301582
B2013454745094N11957256WA0153201583
B2013464745088N11957254WA0153401584
B2013474745083N11957248WA0153501586
B2013484745079N11957240WA0153701587
B2013494745076N11957230WA0153601588
B2013504745074N11957220WA0153901589
B2013514745075N11957210WA0154001590
B2013524745078N11957202WA0154201592
B2013534745081N11957195WA0154401594
B2013544745084N11957190WA0154601597
B2013554745087N11957186WA0154801599
B2013564745090N11957183WA0155001600
B2013574745093N11957181WA0155001601
B2013584745096N11957179WA0155001601
B2013594745099N11957177WA0155101601
B2014004745102N11957177WA0154901601
B2014014745103N11957177WA0155001602
B2014024745103N11957178WA0155101602
B2014034745102N11957180WA0155101602
B2014044745100N11957183WA0154901601
B2014054745098N11957186WA0154801601
B2014064745094N11957189WA0154901600
B2014074745091N11957190WA0154901600
B2014084745086N11957190WA0154901600
B2014094745081N11957190WA0154901600
B2014104745076N11957188WA0154701598
B2014114745069N11957185WA0154601597
B2014124745062N11957181WA0154601596
B2014134745056N11957176WA0154401596
B2014144745050N11957170WA0154601598
B2014154745046N11957165WA0154701600
B2014164745041N11957160WA0154901601
B2014174745037N11957152WA0155001602
B2014184745034N11957143WA0154901602
B2014194745032N11957130WA0154801601
B2014204745034N11957119WA0155101602
B2014214745038N11957110WA0155101603
B2014224745043N11957105WA0155401603
B2014234745047N11957104WA0155401604
B2014244745050N11957104WA0155401606
B2014254745052N11957107WA0155501607
B2014264745051N11957111WA0155601608
B2014274745048N11957114WA0155601609
B2014284745044N11957116WA0155701610
B2014294745040N11957117WA0155701611
B2014304745036N11957117WA0156001612
B2014314745031N11957116WA0156001612
B2014324745026N11957112WA0155801612
B2014334745021N11957104WA0155801611
B2014344745016N11957093WA0155701609
B2014354745015N11957080WA0155901609
B2014364745015N11957069WA0156101610
B2014374745018N11957059WA0156101611
B2014384745022N11957052WA0156101611
B2014394745026N11957045WA0156201612
B2014404745031N11957040WA0156401613
B2014414745035N11957036WA0156301614
B2014424745039N11957033WA0156501615
B2014434745042N11957031WA0156301616
B2014444745045N11957029WA0156701617
B2014454745048N11957028WA0156701618
B2014464745050N11957027WA0156601618
B2014474745053N11957027WA0156701618
B2014484745057N11957027WA0156501617
B2014494745061N11957027WA0156501616
B2014504745064N11957028WA0156501615
B2014514745068N11957030WA0156501615
B2014524745070N11957032WA0156601616
B2014534745073N11957034WA0156701617
B2014544745077N11957035WA0156601617
B2014554745080N11957036WA0156601616
B2014564745085N11957038WA0156501615
B2014574745089N11957040WA0156401614
B2014584745094N11957044WA0156301613
B2014594745098N11957047WA0156301613
B2015004745102N11957050WA0156401614
B2015014745105N11957052WA0156401614
B2015024745109N11957056WA0156201614
B2015034745112N11957060WA0156201614
B2015044745114N11957064WA0156201614
B2015054745116N11957067WA0156201614
B2015064745119N11957069WA0156301614
B2015074745122N11957072WA0156201614
B2015084745125N11957074WA0156201613
B2015094745128N11957078WA0156101613
B2015104745130N11957082WA0156101612
B2015114745132N11957086WA0156001612
B2015124745134N11957090WA0156101612
B2015134745136N11957092WA0156101613
B2015144745138N11957094WA0156001613
B2015154745140N11957096WA0156001613
B2015164745143N11957098WA0156001612
B2015174745145N11957102WA0156001611
B2015184745146N11957106WA0155801611
B2015194745148N11957110WA0155901611
B2015204745151N11957113WA0155901611
B2015214745153N11957116WA0155901611
B2015224745154N11957120WA0155801612
B2015234745155N11957124WA0156001612
B2015244745156N11957129WA0155901612
B2015254745157N11957135WA0155901611
B2015264745158N11957141WA0155701610
B2015274745160N11957147WA0155701609
B2015284745161N11957152WA0155701610
B2015294745161N11957156WA0155801612
B2015304745162N11957159WA0156001614
B2015314745162N11957162WA0156101614
B2015324745162N11957165WA0156201613
B2015334745162N11957169WA0156101612
B2015344745162N11957175WA0155701610
B2015354745162N11957181WA0155601607
B2015364745164N11957186WA0155601605
B2015374745166N11957190WA0155301604
B2015384745167N11957194WA0155201603
B2015394745167N11957198WA0155101602
B2015404745168N11957203WA0154901600
B2015414745169N11957209WA0154701597
B2015424745172N11957214WA0154401594
B2015434745175N11957220WA0154201591
B2015444745178N11957224WA0154001590
B2015454745182N11957229WA0153901589
B2015464745185N11957233WA0153801589
B2015474745189N11957237WA0153701588
B2015484745192N11957242WA0153501587
B2015494745196N11957247WA0153601587
B2015504745199N11957251WA0153601588
B2015514745203N11957254WA0153701590
B2015524745206N11957257WA0154101592
B2015534745209N11957260WA0154101595
B2015544745210N11957264WA0154401598
B2015554745212N11957266WA0154701601
B2015564745214N11957269WA0154901602
B2015574745217N11957273WA0155101604
B2015584745219N11957276WA0154801605
B2015594745222N11957280WA0155701607
B2016004745224N11957284WA0155701610
B2016014745225N11957287WA0156001613
B2016024745226N11957290WA0156101615
B2016034745226N11957292WA0156301616
B2016044745228N11957295WA0156101616
B2016054745232N11957298WA0156401614
B2016064745235N11957302WA0156101613
B2016074745238N11957305WA0155901612
B2016084745240N11957310WA0156001612
B2016094745241N11957314WA0156001612
B2016104745243N11957318WA0155801611
B2016114745245N11957322WA0155801610
B2016124745247N11957325WA0155601609
B2016134745250N11957326WA0155601608
B2016144745254N11957327WA0155401605
B2016154745260N11957326WA0155201602
B2016164745266N11957324WA0154901599
B2016174745272N11957324WA0154701599
B2016184745276N11957324WA0154801599
B2016194745280N11957324WA0154601599
B2016204745285N11957321WA0154401598
B2016214745290N11957317WA0154301597
B2016224745296N11957313WA0154301595
B2016234745302N11957311WA0154201593
B2016244745308N11957309WA0154101592
B2016254745313N11957305WA0154001592
B2016264745318N11957299WA0153801591
B2016274745322N11957291WA0153801589
B2016284745326N11957283WA0153601589
B2016294745331N11957276WA0153701589
B2016304745335N11957269WA0153501590
B2016314745338N11957262WA0153701590
B2016324745342N11957255WA0153901591
B2016334745345N11957249WA0153801592
B2016344745349N11957244WA0153701592
B2016354745353N11957240WA0154001593
B2016364745357N11957236WA0154201594
B2016374745360N11957233WA0154201595
B2016384745364N11957229WA0154301597
B2016394745367N11957223WA0154401598
B2016404745369N11957216WA0154401599
B2016414745371N11957208WA0154401600
B2016424745371N11957199WA0154601600
B2016434745370N11957190WA0154601599
B2016444745368N11957180WA0154501599
B2016454745365N11957171WA0154701599
B2016464745361N11957162WA0154601598
B2016474745356N11957154WA0154601599
B2016484745352N11957148WA0154701600
B2016494745349N11957142WA0155001601
B2016504745345N11957136WA0154801601
B2016514745340N11957130WA0154801600
B2016524745334N11957122WA0154601597
B2016534745328N11957112WA0154501596
B2016544745323N11957102WA0154501596
B2016554745318N11957093WA0154601598
B2016564745314N11957086WA0154901602
B2016574745311N11957079WA0155001604
B2016584745307N11957071WA0155201606
B2016594745305N11957063WA0155401607
B2017004745302N11957054WA0155301608
B2017014745298N11957044WA0155401609
B2017024745294N11957034WA0155701610
B2017034745290N11957025WA0155801611
B2017044745285N11957016WA0156001614
B2017054745281N11957008WA0156301617
B2017064745277N11957000WA0156601620
B2017074745274N11956992WA0156701622
B2017084745271N11956985WA0156901624
B2017094745266N11956978WA0156801624
B2017104745261N11956972WA0157101624
B2017114745254N11956969WA0157201625
B2017124745248N11956969WA0157301627
B2017134745243N11956973WA0157501628
B2017144745240N11956976WA0157601631
B2017154745239N11956979WA0157901634
B2017164745239N11956982WA0158001636
B2017174745240N11956984WA0158001637
B2017184745243N11956987WA0158201636
B2017194745246N11956987WA0158301637
B2017204745250N11956986WA0158501639
B2017214745254N11956982WA0158601641
B2017224745257N11956976WA0158901643
B2017234745259N11956968WA0159001645
B2017244745261N11956960WA0159301648
B2017254745262N11956951WA0159401650
B2017264745262N11956943WA0159801653
B2017274745260N11956934WA0160001656
B2017284745257N11956925WA0160201658
B2017294745253N11956917WA0160301659
B2017304745247N11956911WA0160501660
B2017314745241N11956909WA0160701661
B2017324745236N11956910WA0160801662
B2017334745232N11956914WA0161001664
B2017344745230N11956919WA0161101666
B2017354745228N11956924WA0161201669
B2017364745228N11956928WA0161501672
B2017374745229N11956931WA0161801674
B2017384745232N11956932WA0161901676
B2017394745236N11956931WA0162001677
B2017404745240N11956928WA0162401681
B2017414745243N11956922WA0162701684
B2017424745244N11956913WA0162901687
B2017434745245N11956903WA0163201688
B2017444745244N11956893WA0163501691
B2017454745243N11956883WA0163701695
B2017464745239N11956874WA0164101697
B2017474745235N11956866WA0164101699
B2017484745230N11956860WA0164401700
B2017494745225N11956855WA0164401702
B2017504745218N11956852WA0164701702
B2017514745212N11956850WA0164701704
B2017524745207N11956850WA0164901706
B2017534745202N11956850WA0165101709
B2017544745198N11956851WA0165401712
B2017554745195N11956854WA0165401713
B2017564745192N11956858WA0165501713
B2017574745190N11956863WA0165601714
B2017584745189N11956868WA0165801716
B2017594745189N11956873WA0165901718
B2018004745191N11956876WA0166201719
B2018014745195N11956877WA0166101719
B2018024745200N11956877WA0166301720
B2018034745204N11956876WA0166301721
B2018044745209N11956872WA0166701725
B2018054745212N11956864WA0166901728
B2018064745214N11956855WA0167201731
B2018074745216N11956846WA0167601735
B2018084745217N11956838WA0168001740
B2018094745218N11956830WA0168301744
B2018104745217N11956821WA0168701747
B2018114745216N11956811WA0168801748
B2018124745213N11956803WA0169001749
B2018134745208N11956796WA0169101750
B2018144745203N11956793WA0169301752
B2018154745198N11956793WA0169301752
B2018164745193N11956794WA0169601753
B2018174745190N11956796WA0169601755
B2018184745187N11956799WA0169801757
B2018194745186N11956803WA0169801758
B2018204745187N11956806WA0170201760
B2018214745189N11956808WA0170201762
B2018224745192N11956810WA0170401763
B2018234745195N11956811WA0170601766
B2018244745198N11956811WA0170801769
B2018254745201N11956810WA0171001773
B2018264745205N11956807WA0171401776
B2018274745208N11956802WA0171601778
B2018284745211N11956795WA0171901780
B2018294745213N11956785WA0172001782
B2018304745214N11956774WA0172301784
B2018314745212N11956764WA0172601786
B2018324745209N11956756WA0172801789
B2018334745205N11956751WA0173001791
B2018344745199N11956749WA0173101793
B2018354745194N11956751WA0173201794
B2018364745190N11956754WA0173501796
B2018374745189N11956758WA0173801801
B2018384745190N11956762WA0174101804
B2018394745192N11956764WA0174401807
B2018404745195N11956766WA0174801811
B2018414745199N11956766WA0174901814
B2018424745203N11956764WA0175401817
B2018434745207N11956759WA0175601820
B2018444745211N11956752WA0175901822
B2018454745214N11956743WA0176101824
B2018464745215N11956734WA0176601828
B2018474745215N11956725WA0176801832
B2018484745212N11956717WA0177101835
B2018494745208N11956711WA0177301836
B2018504745203N11956706WA0177501838
B2018514745198N11956704WA0177601839
B2018524745194N11956705WA0177901842
B2018534745191N11956709WA0178101844
B2018544745189N11956713WA0178301847
B2018554745188N11956716WA0178701851
B2018564745189N11956719WA0179001855
B2018574745191N11956720WA0179301859
B2018584745196N11956721WA0179401861
B2018594745200N11956721WA0179701862
B2019004745205N11956719WA0180001865
B2019014745209N11956715WA0180301869
B2019024745212N11956708WA0180701872
B2019034745215N11956699WA0180801874
B2019044745216N11956689WA0181101876
B2019054745216N11956678WA0181501879
B2019064745213N11956670WA0181701881
B2019074745208N11956664WA0181701883
B2019084745202N11956661WA0182101885
B2019094745198N11956662WA0182501889
B2019104745194N11956663WA0182801894
B2019114745193N11956666WA0183101898
B2019124745191N11956669WA0183401901
B2019134745191N11956672WA0183701904
B2019144745193N11956677WA0184001906
B2019154745196N11956680WA0184101908
B2019164745200N11956682WA0184401911
B2019174745205N11956682WA0184601914
B2019184745210N11956679WA0184901917
B2019194745214N11956673WA0185101920
B2019204745218N11956664WA0185501922
B2019214745219N11956654WA0185601924
B2019224745219N11956644WA0185901926
B2019234745217N11956634WA0186101928
B2019244745213N11956626WA0186501930
B2019254745208N11956623WA0186701933
B2019264745203N11956623WA0186901935
B2019274745199N11956626WA0187001938
B2019284745197N11956631WA0187401941
B2019294745197N11956636WA0187701945
B2019304745199N11956641WA0188001948
B2019314745202N11956644WA0188401952
B2019324745206N11956646WA0188601954
B2019334745211N11956645WA0188901956
B2019344745216N11956642WA0189101959
B2019354745221N11956637WA0189301961
B2019364745225N11956628WA0189601963
B2019374745227N11956618WA0189801965
B2019384745226N11956607WA0189901967
B2019394745224N11956597WA0190201969
B2019404745219N11956590WA0190301971
B2019414745214N11956586WA0190501973
B2019424745209N11956586WA0190701975
B2019434745206N11956589WA0191001978
B2019444745204N11956593WA0191301982
B2019454745203N11956597WA0191601986
B2019464745205N11956601WA0192001989
B2019474745208N11956604WA0192201992
B2019484745212N11956606WA0192501994
B2019494745218N11956606WA0192601996
B2019504745224N11956603WA0192901998
B2019514745229N11956597WA0193102000
B2019524745232N11956589WA0193402002
B2019534745234N11956578WA0193402003
B2019544745233N11956567WA0193702004
B2019554745229N11956557WA0193802004
B2019564745225N11956549WA0193802006
B2019574745220N11956543WA0193802008
B2019584745215N11956538WA0194302010
B2019594745211N11956535WA0194402014
B2020004745207N11956535WA0194802018
B2020014745203N11956536WA0195002021
B2020024745202N11956540WA0195502025
B2020034745201N11956543WA0195902029
B2020044745202N11956547WA0196402033
B2020054745203N11956551WA0196702037
B2020064745206N11956556WA0197002040
B2020074745209N11956559WA0197302044
B2020084745214N11956561WA0197702047
B2020094745220N11956560WA0197902050
B2020104745225N11956555WA0198202052
B2020114745230N11956548WA0198402054
B2020124745232N11956538WA0198602056
B2020134745233N11956527WA0198702057
B2020144745231N11956517WA0198802059
B2020154745229N11956508WA0198902061
B2020164745225N11956500WA0199302063
B2020174745221N11956494WA0199402066
B2020184745217N11956490WA0199802069
B2020194745213N11956488WA0200002073
B2020204745209N11956489WA0200302076
B2020214745206N11956492WA0200502079
B2020224745204N11956495WA0201002082
B2020234745203N11956499WA0201302086
B2020244745203N11956503WA0201502089
B2020254745205N11956507WA0201702091
B2020264745208N11956511WA0201902092
B2020274745212N11956516WA0202102094
B2020284745218N11956519WA0202302096
B2020294745224N11956521WA0202402099
B2020304745230N11956520WA0202902102
B2020314745235N11956514WA0203002105
B2020324745240N11956505WA0203202107
B2020334745242N11956494WA0203502108
B2020344745243N11956485WA0203802111
B2020354745242N11956476WA0204102114
B2020364745240N11956469WA0204202116
B2020374745236N11956462WA0204402117
B2020384745232N11956458WA0204502118
B2020394745227N11956457WA0204602120
B2020404745222N11956458WA0204802122
B2020414745219N11956461WA0205202127
B2020424745218N11956465WA0205502130
B2020434745218N11956469WA0205702133
B2020444745218N11956473WA0206002136
B2020454745220N11956477WA0206202139
B2020464745222N11956482WA0206402141
B2020474745225N11956486WA0206702144
B2020484745229N11956489WA0207102147
B2020494745234N11956491WA0207202150
B2020504745239N11956490WA0207502153
B2020514745244N11956487WA0207702155
B2020524745249N11956481WA0207902157
B2020534745253N11956473WA0208102158
B2020544745256N11956464WA0208102159
B2020554745257N11956453WA0208202159
B2020564745255N11956443WA0208402159
B2020574745252N11956435WA0208502160
B2020584745247N11956429WA0208702160
B2020594745242N11956426WA0208502161
B2021004745238N11956425WA0208802162
B2021014745234N11956427WA0208902163
B2021024745231N11956432WA0208902164
B2021034745229N11956438WA0209002165
B2021044745229N11956444WA0209402168
B2021054745230N11956449WA0209502172
B2021064745232N11956453WA0209802175
B2021074745235N11956456WA0210102178
B2021084745239N11956458WA0210302180
B2021094745243N11956458WA0210402182
B2021104745248N11956457WA0210502183
B2021114745253N11956453WA0210702183
B2021124745259N11956447WA0210902183
B2021134745263N11956438WA0210902183
B2021144745265N11956428WA0210902183
B2021154745265N11956417WA0210902183
B2021164745263N11956406WA0210902183
B2021174745258N11956398WA0210902183
B2021184745253N11956392WA0211002183
B2021194745248N11956390WA0210902183
B2021204745244N11956391WA0211002184
B2021214745241N11956395WA0211002184
B2021224745240N11956401WA0211202186
B2021234745241N11956407WA0211202188
B2021244745243N11956411WA0211502190
B2021254745246N11956413WA0211702192
B2021264745250N11956413WA0211802193
B2021274745255N11956412WA0211802193
B2021284745261N11956409WA0211802193
B2021294745267N11956403WA0211902193
B2021304745272N11956395WA0211702192
B2021314745275N11956384WA0211802192
B2021324745276N11956372WA0211902191
B2021334745274N11956360WA0211902191
B2021344745272N11956349WA0211702190
B2021354745269N11956337WA0211502189
B2021364745267N11956325WA0211502189
B2021374745265N11956314WA0211502189
B2021384745262N11956303WA0211502190
B2021394745259N11956292WA0211602190
B2021404745256N11956282WA0211502191
B2021414745253N11956272WA0211702193
B2021424745250N11956263WA0212102196
B2021434745249N11956254WA0212202200
B2021444745247N11956246WA0212502203
B2021454745245N11956239WA0212702204
B2021464745242N11956233WA0212602204
B2021474745237N11956225WA0212602203
B2021484745232N11956218WA0212702201
B2021494745225N11956212WA0212702201
B2021504745220N11956205WA0212702204
B2021514745216N11956197WA0212802208
B2021524745213N11956190WA0213302212
B2021534745209N11956184WA0213602215
B2021544745204N11956179WA0213902217
B2021554745199N11956176WA0214002218
B2021564745193N11956173WA0214202221
B2021574745189N11956172WA0214502225
B2021584745186N11956173WA0214802229
B2021594745185N11956176WA0215102232
B2022004745185N11956179WA0215402234
B2022014745187N11956183WA0215602236
B2022024745189N11956185WA0215802238
B2022034745193N11956187WA0216002240
B2022044745198N11956187WA0216102241
B2022054745204N11956185WA0216202242
B2022064745209N11956180WA0216602244
B2022074745213N11956171WA0216902247
B2022084745215N11956160WA0217102249
B2022094745213N11956149WA0217302250
B2022104745209N11956140WA0217302251
B2022114745204N11956135WA0217602252
B2022124745199N11956133WA0217702254
B2022134745195N11956134WA0218002257
B2022144745192N11956137WA0218302261
B2022154745191N11956140WA0218502265
B2022164745191N11956143WA0218902267
B2022174745193N11956147WA0218902270
B2022184745195N11956152WA0219402272
B2022194745199N11956155WA0219502275
B2022204745205N11956155WA0219902278
B2022214745210N11956151WA0220202281
B2022224745215N11956144WA0220302283
B2022234745218N11956135WA0220502284
B2022244745219N11956125WA0220802287
B2022254745219N11956115WA0221002288
B2022264745217N11956105WA0221102290
B2022274745214N11956096WA0221202291
B2022284745210N11956088WA0221502293
B2022294745206N11956081WA0221702296
B2022304745202N11956076WA0222002299
B2022314745197N11956073WA0222202302
B2022324745193N11956074WA0222402304
B2022334745191N11956077WA0222502306
B2022344745190N11956081WA0223002308
B2022354745192N11956085WA0223102312
B2022364745197N11956087WA0223402315
B2022374745203N11956085WA0223602317
B2022384745209N11956080WA0223902319
B2022394745214N11956072WA0224102321
B2022404745218N11956062WA0224402324
B2022414745219N11956051WA0224502326
B2022424745218N11956040WA0224802328
B2022434745216N11956029WA0225102331
B2022444745214N11956019WA0225502334
B2022454745212N11956010WA0225602337
B2022464745209N11956002WA0225902339
B2022474745206N11955995WA0226102342
B2022484745202N11955988WA0226402344
B2022494745199N11955980WA0226502347
B2022504745195N11955972WA0226902349
B2022514745191N11955965WA0227002352
B2022524745187N11955958WA0227302354
B2022534745182N11955953WA0227302356
B2022544745177N11955950WA0227702358
B2022554745173N11955949WA0227802361
B2022564745168N11955948WA0228302364
B2022574745165N11955948WA0228402367
B2022584745163N11955948WA0228902371
B2022594745163N11955949WA0229202375
B2023004745164N11955951WA0229402377
B2023014745167N11955952WA0229602379
B2023024745171N11955952WA0229702380
B2023034745175N11955952WA0229902382
B2023044745181N11955948WA0230102384
B2023054745186N11955942WA0230302386
B2023064745192N11955934WA0230602387
B2023074745196N11955924WA0230902390
B2023084745199N11955914WA0231202394
B2023094745201N11955903WA0231402397
B2023104745203N11955892WA0231602399
B2023114745204N11955881WA0231802402
B2023124745204N11955869WA0232002403
B2023134745204N11955857WA0232202404
B2023144745203N11955845WA0232302405
B2023154745202N11955833WA0232402408
B2023164745201N11955821WA0232902411
B2023174745199N11955810WA0233002414
B2023184745196N11955801WA0233402418
B2023194745193N11955792WA0233602420
B2023204745189N11955785WA0233902423
B2023214745186N11955778WA0234102426
B2023224745182N11955773WA0234302428
B2023234745177N11955767WA0234502430
B2023244745172N11955762WA0234702432
B2023254745168N11955758WA0235002435
B2023264745163N11955753WA0235302438
B2023274745159N11955750WA0235402440
B2023284745155N11955748WA0235702443
B2023294745151N11955746WA0236002445
B2023304745148N11955746WA0236102447
B2023314745145N11955746WA0236502450
B2023324745142N11955746WA0236602453
B2023334745141N11955747WA0237002456
B2023344745140N11955748WA0237202458
B2023354745139N11955748WA0237402461
B2023364745141N11955749WA0237702463
B2023374745143N11955750WA0237802465
B2023384745146N11955751WA0238002466
B2023394745149N11955752WA0238002468
B2023404745154N11955752WA0238302470
B2023414745159N11955750WA0238602473
B2023424745165N11955746WA0238802475
B2023434745171N11955739WA0239002477
B2023444745176N11955729WA0239302479
B2023454745180N11955717WA0239402481
B2023464745182N11955704WA0239802484
B2023474745182N11955691WA0240002487
B2023484745181N11955679WA0240302490
B2023494745179N11955668WA0240502493
B2023504745176N11955659WA0241002496
B2023514745173N11955651WA0241102499
B2023524745169N11955645WA0241402501
B2023534745165N11955640WA0241502502
B2023544745160N11955637WA0241602503
B2023554745156N11955634WA0241802505
B2023564745154N11955633WA0241902506
B2023574745152N11955631WA0242102509
B2023584745150N11955630WA0242202509
B2023594745149N11955632WA0242202510
B2024004745149N11955634WA0242302510
B2024014745150N11955638WA0242502510
B2024024745153N11955641WA0242502512
B2024034745157N11955642WA0242602514
B2024044745162N11955641WA0243002516
B2024054745167N11955640WA0243002518
B2024064745172N11955638WA0243202520
B2024074745178N11955635WA0243402521
B2024084745183N11955632WA0243502523
B2024094745189N11955627WA0243702524
B2024104745195N11955621WA0243802526
B2024114745201N11955613WA0244002527
B2024124745207N11955603WA0244102528
B2024134745212N11955592WA0244202530
B2024144745216N11955580WA0244402531
B2024154745220N11955569WA0244602533
B2024164745222N11955558WA0244802536
B2024174745224N11955548WA0245002539
B2024184745225N11955538WA0245302542
B2024194745225N11955528WA0245402544
B2024204745225N11955518WA0245602545
B2024214745223N11955509WA0245702546
B2024224745220N11955501WA0245802547
B2024234745216N11955494WA0245902547
B2024244745212N11955490WA0246002549
B2024254745208N11955489WA0246302550
B2024264745206N11955491WA0246102550
B2024274745204N11955493WA0246402550
B2024284745204N11955496WA0246502552
B2024294745205N11955499WA0246602554
B2024304745207N11955501WA0246702556
B2024314745211N11955503WA0246802556
B2024324745217N11955503WA0247002558
B2024334745223N11955500WA0247102560
B2024344745229N11955494WA0247102561
B2024354745235N11955487WA0247202563
B2024364745239N11955477WA0247402564
B2024374745242N11955466WA0247602565
B2024384745244N11955455WA0247702567
B2024394745244N11955444WA0247802568
B2024404745243N11955434WA0248102569
B2024414745242N11955424WA0248102571
B2024424745240N11955416WA0248302572
B2024434745238N11955408WA0248402572
B2024444745234N11955399WA0248302571
B2024454745230N11955390WA0248102570
B2024464745226N11955381WA0248202570
B2024474745222N11955372WA0248302571
B2024484745218N11955366WA0248402573
B2024494745214N11955360WA0248502573
B2024504745210N11955354WA0248402573
B2024514745205N11955348WA0248402572
B2024524745200N11955342WA0248202571
B2024534745195N11955336WA0248202570
B2024544745190N11955331WA0248302570
B2024554745185N11955326WA0248202569
B2024564745181N11955321WA0248102569
B2024574745176N11955315WA0248102568
B2024584745171N11955309WA0248002567
B2024594745165N11955304WA0248002565
B2025004745159N11955300WA0247702565
B2025014745154N11955295WA0247602564
B2025024745149N11955289WA0247702565
B2025034745145N11955283WA0247702564
B2025044745139N11955276WA0247502563
B2025054745134N11955271WA0247402561
B2025064745128N11955267WA0247302560
B2025074745122N11955262WA0247302559
B2025084745117N11955258WA0247202560
B2025094745112N11955253WA0247302560
B2025104745107N11955248WA0247102559
B2025114745101N11955244WA0247102558
B2025124745095N11955240WA0247002557
B2025134745090N11955235WA0246902557
B2025144745084N11955230WA0247002557
B2025154745079N11955226WA0246902557
B2025164745073N11955221WA0246902557
B2025174745068N11955217WA0246902556
B2025184745063N11955214WA0246702555
B2025194745057N11955210WA0246702554
B2025204745051N11955207WA0246502552
B2025214745045N11955203WA0246502551
B2025224745039N11955200WA0246302550
B2025234745032N11955196WA0246002548
B2025244745026N11955191WA0246102547
B2025254745020N11955188WA0246002546
B2025264745013N11955184WA0245802546
B2025274745007N11955181WA0245902545
B2025284745001N11955178WA0245702544
B2025294744995N11955174WA0245702544
B2025304744989N11955169WA0245502542
B2025314744983N11955166WA0245402540
B2025324744976N11955162WA0245202538
B2025334744969N11955159WA0245102536
B2025344744961N11955155WA0244902534
B2025354744955N11955153WA0244902534
B2025364744948N11955150WA0244902534
B2025374744941N11955148WA0244702534
B2025384744935N11955146WA0244802535
B2025394744928N11955143WA0244902535
B2025404744921N11955140WA0244802536
B2025414744916N11955137WA0245002537
B2025424744910N11955134WA0245102540
B2025434744906N11955132WA0245302541
B2025444744901N11955129WA0245302542
B2025454744895N11955126WA0245402542
B2025464744889N11955123WA0245402542
B2025474744882N11955120WA0245402541
B2025484744875N11955116WA0245502542
B2025494744869N11955113WA0245702544
B2025504744864N11955109WA0245702546
B2025514744859N11955105WA0245902548
B2025524744853N11955102WA0245902548
B2025534744847N11955099WA0245902547
B2025544744840N11955097WA0245802546
B2025554744832N11955095WA0245802546
B2025564744826N11955092WA0246002548
B2025574744819N11955090WA0246302551
B2025584744813N11955088WA0246402553
B2025594744807N11955087WA0246602555
B2026004744800N11955085WA0246702556
B2026014744794N11955084WA0246702557
B2026024744787N11955082WA0247002558
B2026034744780N11955081WA0247102561
B2026044744774N11955081WA0247402563
B2026054744768N11955081WA0247502565
B2026064744762N11955081WA0247802566
B2026074744756N11955081WA0247702567
B2026084744750N11955079WA0247802567
B2026094744744N11955077WA0247702566
B2026104744737N11955075WA0247702564
B2026114744731N11955075WA0247502563
B2026124744724N11955074WA0247402563
B2026134744718N11955073WA0247402563
B2026144744711N11955071WA0247502563
B2026154744704N11955069WA0247502563
B2026164744698N11955068WA0247502563
B2026174744691N11955068WA0247402563
B2026184744684N11955067WA0247402563
B2026194744676N11955066WA0247202562
B2026204744669N11955063WA0247302563
B2026214744663N11955060WA0247402563
B2026224744657N11955058WA0247502564
B2026234744651N11955056WA0247502564
B2026244744644N11955055WA0247302563
B2026254744637N11955052WA0247202560
B2026264744630N11955050WA0247302561
B2026274744624N11955049WA0247402562
B2026284744618N11955049WA0247502564
B2026294744613N11955050WA0247602566
B2026304744608N11955051WA0247702567
B2026314744603N11955052WA0247702567
B2026324744597N11955052WA0247602566
B2026334744590N11955054WA0247602564
B2026344744583N11955055WA0247502563
B2026354744576N11955057WA0247502564
B2026364744570N11955059WA0247502565
B2026374744563N11955060WA0247602565
B2026384744556N11955061WA0247502565
B2026394744549N11955062WA0247602564
B2026404744541N11955064WA0247502563
B2026414744532N11955065WA0247302562
B2026424744524N11955066WA0247502562
B2026434744516N11955068WA0247502563
B2026444744508N11955068WA0247602565
B2026454744502N11955069WA0248002567
B2026464744495N11955068WA0248102569
B2026474744488N11955068WA0248202570
B2026484744481N11955070WA0248002570
B2026494744473N11955071WA0248102570
B2026504744464N11955073WA0248302570
B2026514744456N11955074WA0248302572
B2026524744449N11955074WA0248502575
B2026534744442N11955075WA0248602577
B2026544744435N11955076WA0248702577
B2026554744427N11955079WA0248602576
B2026564744419N11955082WA0248402574
B2026574744410N11955084WA0248502573
B2026584744403N11955086WA0248602574
B2026594744396N11955088WA0248702576
B2027004744389N11955091WA0248702577
B2027014744383N11955093WA0248702577
B2027024744376N11955095WA0248802577
B2027034744369N11955097WA0248802577
B2027044744362N11955099WA0249002579
B2027054744356N11955100WA0249102582
B2027064744350N11955101WA0249302584
B2027074744344N11955103WA0249402585
B2027084744338N11955106WA0249502585
B2027094744332N11955109WA0249402585
B2027104744325N11955111WA0249402585
B2027114744318N11955112WA0249502584
B2027124744311N11955114WA0249502584
B2027134744305N11955116WA0249502585
B2027144744299N11955117WA0249502586
B2027154744294N11955116WA0249802587
B2027164744288N11955117WA0249802588
B2027174744283N11955118WA0249702588
B2027184744278N11955120WA0249702586
B2027194744272N11955121WA0249702585
B2027204744266N11955120WA0249502585
B2027214744262N11955119WA0249502586
B2027224744258N11955119WA0249702587
B2027234744254N11955120WA0249502585
B2027244744249N11955121WA0249402583
B2027254744243N11955122WA0249302580
B2027264744237N11955123WA0248902578
B2027274744231N11955123WA0248902576
B2027284744226N11955124WA0248802575
B2027294744222N11955126WA0248802575
B2027304744218N11955128WA0248602573
B2027314744213N11955130WA0248402570
B2027324744208N11955133WA0247802566
B2027334744202N11955135WA0247602562
B2027344744196N11955138WA0247502560
B2027354744191N11955142WA0247402559
B2027364744186N11955146WA0247102559
B2027374744181N11955148WA0247202559
B2027384744176N11955151WA0247202560
B2027394744171N11955153WA0247102561
B2027404744167N11955156WA0247502562
B2027414744163N11955158WA0247402563
B2027424744158N11955160WA0247502563
B2027434744153N11955162WA0247302562
B2027444744147N11955165WA0247002560
B2027454744141N11955169WA0247302558
B2027464744136N11955174WA0247202557
B2027474744130N11955179WA0247202557
B2027484744125N11955184WA0247102558
B2027494744121N11955187WA0247102558
B2027504744116N11955191WA0247002558
B2027514744110N11955195WA0246902557
B2027524744104N11955200WA0246602554
B2027534744098N11955207WA0246702552
B2027544744091N11955213WA0246402551
B2027554744085N11955218WA0246702553
B2027564744080N11955221WA0247102559
B2027574744076N11955222WA0247402566
B2027584744073N11955224WA0248002570
B2027594744070N11955226WA0248202573
B2028004744066N11955232WA0248202574
B2028014744061N11955238WA0248102573
B2028024744055N11955246WA0248402572
B2028034744049N11955253WA0248302575
B2028044744044N11955259WA0249002584
B2028054744041N11955263WA0249402591
B2028064744039N11955265WA0250102597
B2028074744037N11955267WA0250402601
B2028084744034N11955270WA0250702604
B2028094744030N11955273WA0250902606
B2028104744026N11955276WA0251302607
B2028114744022N11955281WA0251402608
B2028124744018N11955286WA0251602610
B2028134744015N11955292WA0251802613
B2028144744012N11955298WA0252202617
B2028154744009N11955303WA0252602621
B2028164744007N11955308WA0253202626
B2028174744005N11955312WA0253402630
B2028184744003N11955317WA0253802633
B2028194744001N11955323WA0253902635
B2028204744000N11955331WA0254402638
B2028214744002N11955340WA0254602640
B2028224744006N11955346WA0254802641
B2028234744012N11955350WA0255002642
B2028244744019N11955350WA0255002642
B2028254744025N11955347WA0255102643
B2028264744030N11955341WA0255302645
B2028274744031N11955334WA0255402648
B2028284744031N11955328WA0255902651
B2028294744030N11955323WA0256102655
B2028304744029N11955319WA0256602659
B2028314744027N11955315WA0256802663
B2028324744024N11955313WA0257202666
B2028334744021N11955314WA0257502669
B2028344744016N11955315WA0257702671
B2028354744012N11955318WA0257902674
B2028364744010N11955323WA0258202677
B2028374744011N11955330WA0258502679
B2028384744013N11955338WA0258602680
B2028394744017N11955345WA0258902680
B2028404744023N11955349WA0259102682
B2028414744029N11955351WA0259202685
B2028424744035N11955349WA0259402686
B2028434744041N11955346WA0259502686
B2028444744047N11955344WA0259602688
B2028454744051N11955340WA0259802692
B2028464744053N11955336WA0260202695
B2028474744055N11955330WA0260402698
B2028484744055N11955324WA0260702699
B2028494744055N11955317WA0260902701
B2028504744055N11955311WA0261002702
B2028514744054N11955304WA0261202704
B2028524744053N11955299WA0261402706
B2028534744051N11955294WA0261702708
B2028544744050N11955289WA0261802710
B2028554744049N11955283WA0262002712
B2028564744048N11955277WA0262102713
B2028574744046N11955270WA0262202714
B2028584744044N11955265WA0262402716
B2028594744041N11955260WA0262502718
B2029004744038N11955256WA0262702719
B2029014744035N11955252WA0263002722
B2029024744033N11955248WA0263102724
B2029034744030N11955244WA0263302726
B2029044744028N11955239WA0263502728
B2029054744026N11955235WA0263802731
B2029064744024N11955229WA0264002733
B2029074744023N11955222WA0264102736
B2029084744023N11955216WA0264502739
B2029094744024N11955210WA0264802742
B2029104744025N11955205WA0265002746
B2029114744027N11955199WA0265302749
B2029124744029N11955192WA0265702751
B2029134744032N11955186WA0265802754
B2029144744035N11955182WA0266002757
B2029154744039N11955181WA0266202760
B2029164744044N11955182WA0266502762
B2029174744049N11955186WA0266602763
B2029184744054N11955194WA0267102764
B2029194744056N11955203WA0267202767
B2029204744056N11955212WA0267302770
B2029214744053N11955218WA0267602773
B2029224744049N11955222WA0268002775
B2029234744045N11955224WA0268002778
B2029244744041N11955224WA0268502781
B2029254744039N11955222WA0268702785
B2029264744037N11955219WA0269202788
B2029274744035N11955215WA0269502791
B2029284744033N11955212WA0269702793
B2029294744033N11955208WA0269902796
B2029304744033N11955203WA0270002797
B2029314744035N11955197WA0269902797
B2029324744040N11955192WA0270102796
B2029334744046N11955189WA0270002796
B2029344744053N11955189WA0270002797
B2029354744060N11955192WA0270102798
B2029364744066N11955197WA0270002800
B2029374744070N11955204WA0270502804
B2029384744073N11955211WA0271002808
B2029394744076N11955217WA0271302812
B2029404744078N11955224WA0271502814
B2029414744079N11955231WA0271502816
B2029424744079N11955240WA0271902817
B2029434744078N11955249WA0272002818
B2029444744076N11955257WA0271902819
B2029454744073N11955264WA0272102820
B2029464744070N11955270WA0272502822
B2029474744067N11955274WA0272502824
B2029484744063N11955275WA0272602825
B2029494744059N11955275WA0272702826
B2029504744056N11955274WA0272802827
B2029514744052N11955271WA0272802827
B2029524744050N11955267WA0272902828
B2029534744047N11955263WA0273002828
B2029544744044N11955260WA0272902828
B2029554744042N11955256WA0273202828
B2029564744040N11955251WA0273002828
B2029574744038N11955246WA0272902827
B2029584744035N11955240WA0272802825
B2029594744032N11955233WA0272602823
B2030004744030N11955227WA0272702823
B2030014744027N11955221WA0272502823
B2030024744024N11955216WA0272602823
B2030034744021N11955211WA0272502822
B2030044744017N11955206WA0272202819
B2030054744013N11955199WA0272102816
B2030064744009N11955192WA0272102815
B2030074744006N11955184WA0271902814
B2030084744004N11955177WA0272002815
B2030094744002N11955171WA0272002816
B2030104744000N11955165WA0271902816
B2030114743997N11955158WA0272002815
B2030124743993N11955151WA0271902814
B2030134743989N11955143WA0271902813
B2030144743985N11955135WA0271602813
B2030154743982N11955128WA0271902813
B2030164743978N11955120WA0271702814
B2030174743975N11955113WA0271702813
B2030184743970N11955105WA0271702813
B2030194743965N11955099WA0271702814
B2030204743961N11955092WA0272102816
B2030214743957N11955086WA0272202818
B2030224743955N11955080WA0272402821
B2030234743951N11955074WA0272502822
B2030244743947N11955069WA0272502821
B2030254743942N11955063WA0272402819
B2030264743937N11955056WA0272302817
B2030274743932N11955049WA0272202816
B2030284743928N11955043WA0272202817
B2030294743924N11955037WA0272202818
B2030304743920N11955032WA0272202818
B2030314743917N11955027WA0272102818
B2030324743912N11955023WA0272202817
B2030334743906N11955018WA0272102815
B2030344743901N11955012WA0271702813
B2030354743895N11955004WA0271602811
B2030364743890N11954997WA0271702812
B2030374743885N11954990WA0271702813
B2030384743880N11954984WA0271902814
B2030394743876N11954978WA0272002816
B2030404743871N11954972WA0272102818
B2030414743868N11954966WA0272302821
B2030424743864N11954962WA0272502823
B2030434743860N11954957WA0272702825
B2030444743857N11954952WA0272902826
B2030454743853N11954945WA0272802826
B2030464743849N11954938WA0272902826
B2030474743845N11954931WA0273202827
B2030484743841N11954924WA0273202829
B2030494743837N11954918WA0273302831
B2030504743833N11954912WA0273602833
B2030514743830N11954905WA0273602835
B2030524743827N11954899WA0273902836
B2030534743824N11954893WA0274102839
B2030544743821N11954886WA0274402842
B2030554743819N11954879WA0274502844
B2030564743817N11954872WA0274702847
B2030574743815N11954865WA0274902849
B2030584743812N11954858WA0275102852
B2030594743810N11954850WA0275502854
B2031004743808N11954842WA0275802856
B2031014743805N11954834WA0275802858
B2031024743802N11954827WA0276202861
B2031034743798N11954823WA0276302864
B2031044743793N11954822WA0276802867
B2031054743789N11954825WA0276902869
B2031064743785N11954831WA0277102871
B2031074743784N11954837WA0277502874
B2031084743785N11954843WA0277802878
B2031094743788N11954849WA0278002881
B2031104743793N11954852WA0278302883
B2031114743798N11954854WA0278402885
B2031124743804N11954853WA0278602886
B2031134743809N11954849WA0278802888
B2031144743814N11954843WA0279102890
B2031154743817N11954835WA0279302892
B2031164743817N11954826WA0279502895
B2031174743816N11954817WA0279602896
B2031184743813N11954810WA0279902898
B2031194743809N11954805WA0279902900
B2031204743804N11954802WA0280202902
B2031214743799N11954803WA0280402904
B2031224743795N11954805WA0280602907
B2031234743792N11954809WA0280902910
B2031244743790N11954814WA0281002912
B2031254743790N11954821WA0281402914
B2031264743791N11954828WA0281602916
B2031274743793N11954833WA0281702919
B2031284743796N11954838WA0282002921
B2031294743801N11954841WA0282102923
B2031304743806N11954842WA0282402924
B2031314743812N11954842WA0282602925
B2031324743817N11954838WA0282602927
B2031334743822N11954832WA0282702928
B2031344743824N11954823WA0282802929
B2031354743824N11954813WA0282902930
B2031364743822N11954804WA0283102931
B2031374743819N11954797WA0283102932
B2031384743815N11954792WA0283402934
B2031394743810N11954788WA0283502936
B2031404743805N11954786WA0283702938
B2031414743800N11954785WA0283802940
B2031424743795N11954784WA0284102942
B2031434743791N11954784WA0284402945
B2031444743788N11954785WA0284702948
B2031454743785N11954787WA0284902950
B2031464743783N11954790WA0285102952
B2031474743781N11954795WA0285102953
B2031484743782N11954802WA0285302953
B2031494743784N11954808WA0285302954
B2031504743787N11954812WA0285502956
B2031514743792N11954814WA0285602957
B2031524743798N11954813WA0285702958
B2031534743803N11954810WA0285802959
B2031544743808N11954805WA0285902960
B2031554743813N11954798WA0286002962
B2031564743816N11954791WA0286202964
B2031574743818N11954783WA0286502966
B2031584743819N11954775WA0286602967
B2031594743818N11954767WA0286702968
B2032004743816N11954758WA0286702969
B2032014743813N11954750WA0286702969
B2032024743809N11954745WA0286902970
B2032034743805N11954741WA0287002972
B2032044743801N11954740WA0287302974
B2032054743798N11954740WA0287202976
B2032064743794N11954742WA0287702978
B2032074743791N11954745WA0287802980
B2032084743788N11954748WA0287902982
B2032094743786N11954752WA0288102985
B2032104743785N11954757WA0288402987
B2032114743786N11954764WA0288602989
B2032124743789N11954769WA0288802990
B2032134743792N11954773WA0288802991
B2032144743797N11954775WA0288902992
B2032154743803N11954774WA0288902992
B2032164743808N11954770WA0289002992
B2032174743813N11954764WA0288902992
B2032184743817N11954755WA0289102991
B2032194743820N11954746WA0288902991
B2032204743822N11954736WA0289002991
B2032214743823N11954725WA0289002992
B2032224743823N11954715WA0289102993
B2032234743821N11954706WA0289202995
B2032244743819N11954699WA0289302997
B2032254743816N11954692WA0289602998
B2032264743814N11954685WA0289702999
B2032274743810N11954678WA0289903000
B2032284743807N11954670WA0290003001
B2032294743803N11954663WA0290003002
B2032304743799N11954655WA0290203004
B2032314743794N11954648WA0290403007
B2032324743791N11954642WA0290703009
B2032334743787N11954634WA0290803012
B2032344743784N11954627WA0291003014
B2032354743782N11954620WA0291303017
B2032364743779N11954615WA0291703020
B2032374743775N11954611WA0291803022
B2032384743771N11954610WA0292003024
B2032394743767N11954612WA0292103025
B2032404743764N11954616WA0292003025
B2032414743764N11954622WA0292203025
B2032424743766N11954629WA0292203025
B2032434743770N11954634WA0292203024
B2032444743776N11954636WA0292203024
B2032454743782N11954632WA0292203025
B2032464743787N11954625WA0292303026
B2032474743790N11954617WA0292603028
B2032484743792N11954608WA0292703031
B2032494743794N11954599WA0292903033
B2032504743795N11954591WA0293003035
B2032514743796N11954582WA0293203037
B2032524743795N11954572WA0293403038
B2032534743794N11954563WA0293603039
B2032544743793N11954555WA0293803041
B2032554743791N11954547WA0293703042
B2032564743789N11954539WA0294003043
B2032574743787N11954532WA0294003045
B2032584743784N11954527WA0294203046
B2032594743781N11954521WA0294303047
B2033004743778N11954516WA0294203047
B2033014743774N11954511WA0294303047
B2033024743770N11954505WA0294503048
B2033034743766N11954501WA0294603048
B2033044743762N11954498WA0294503049
B2033054743759N11954497WA0294503049
B2033064743754N11954499WA0294303048
B2033074743750N11954502WA0294303046
B2033084743746N11954507WA0294603046
B2033094743744N11954513WA0294603046
B2033104743742N11954519WA0294603048
B2033114743740N11954525WA0294603050
B2033124743739N11954530WA0294803051
B2033134743738N11954536WA0294803052
B2033144743736N11954543WA0294803052
B2033154743736N11954551WA0294803051
B2033164743736N11954560WA0294603050
B2033174743736N11954569WA0294703050
B2033184743735N11954577WA0294803051
B2033194743734N11954584WA0294803053
B2033204743734N11954591WA0294903053
B2033214743733N11954599WA0294903052
B2033224743734N11954606WA0294703051
B2033234743734N11954614WA0294603049
B2033244743733N11954623WA0294303047
B2033254743731N11954631WA0294303046
B2033264743730N11954638WA0294303046
B2033274743730N11954645WA0294503047
B2033284743730N11954651WA0294503048
B2033294743729N11954657WA0294303048
B2033304743729N11954664WA0294203046
B2033314743729N11954672WA0294103044
B2033324743728N11954682WA0294103043
B2033334743728N11954691WA0294103043
B2033344743728N11954698WA0294103045
B2033354743727N11954704WA0294203047
B2033364743726N11954710WA0294103047
B2033374743725N11954718WA0294203046
B2033384743724N11954726WA0294103044
B2033394743722N11954734WA0293903043
B2033404743720N11954742WA0293903042
B2033414743719N11954750WA0293803041
B2033424743718N11954758WA0293803040
B2033434743717N11954766WA0293703040
B2033444743716N11954775WA0293603038
B2033454743713N11954785WA0293303035
B2033464743711N11954794WA0293203034
B2033474743708N11954803WA0293203034
B2033484743707N11954811WA0293303035
B2033494743706N11954817WA0293303035
B2033504743706N11954823WA0293203035
B2033514743706N11954829WA0293103034
B2033524743706N11954837WA0293003031
B2033534743705N11954845WA0292603027
B2033544743704N11954854WA0292303024
B2033554743704N11954863WA0292203022
B2033564743704N11954870WA0292103022
B2033574743704N11954877WA0291903021
B2033584743704N11954884WA0291803020
B2033594743703N11954891WA0291603017
B2034004743702N11954899WA0291203013
B2034014743701N11954908WA0291003009
B2034024743700N11954917WA0290403005
B2034034743699N11954925WA0290303003
B2034044743698N11954934WA0290003000
B2034054743697N11954942WA0289702996
B2034064743697N11954950WA0289302992
B2034074743696N11954958WA0289102987
B2034084743695N11954967WA0288302982
B2034094743694N11954976WA0287902976
B2034104743692N11954986WA0287402970
B2034114743691N11954995WA0286902965
B2034124743690N11955003WA0286502960
B2034134743689N11955011WA0286002956
B2034144743688N11955019WA0285302950
B2034154743686N11955029WA0284902945
B2034164743684N11955039WA0284502940
B2034174743682N11955049WA0284102936
B2034184743679N11955058WA0283702934
B2034194743677N11955065WA0283702933
B2034204743676N11955073WA0283302931
B2034214743675N11955082WA0283002928
B2034224743673N11955091WA0282702924
B2034234743671N11955101WA0282302919
B2034244743668N11955110WA0282002916
B2034254743666N11955117WA0281902915
B2034264743665N11955124WA0281702915
B2034274743664N11955130WA0281502914
B2034284743663N11955137WA0281402912
B2034294743662N11955144WA0281202909
B2034304743660N11955151WA0280702906
B2034314743659N11955159WA0280502902
B2034324743659N11955166WA0280202900
B2034334743658N11955173WA0280202898
B2034344743657N11955179WA0279802897
B2034354743657N11955185WA0279602895
B2034364743657N11955191WA0279402892
B2034374743656N11955198WA0279102888
B2034384743655N11955204WA0278802884
B2034394743653N11955211WA0278502881
B2034404743652N11955218WA0278102878
B2034414743651N11955226WA0277902874
B2034424743650N11955233WA0277402871
B2034434743649N11955240WA0277202868
B2034444743648N11955247WA0276902865
B2034454743647N11955255WA0276502861
B2034464743646N11955263WA0276202857
B2034474743646N11955271WA0276002853
B2034484743645N11955279WA0275302850
B2034494743644N11955287WA0275302847
B2034504743644N11955294WA0274902844
B2034514743643N11955302WA0274602842
B2034524743643N11955309WA0274302838
B2034534743642N11955317WA0274002834
B2034544743641N11955325WA0273602830
B2034554743640N11955334WA0273402827
B2034564743639N11955342WA0273002825
B2034574743637N11955349WA0272902824
B2034584743636N11955356WA0272902823
B2034594743634N11955363WA0272602822
B2035004743634N11955370WA0272502820
B2035014743633N11955378WA0272302817
B2035024743631N11955386WA0272002814
B2035034743630N11955393WA0271902812
B2035044743628N11955400WA0271602810
B2035054743627N11955406WA0271502809
B2035064743626N11955412WA0271302808
B2035074743624N11955418WA0271202806
B2035084743623N11955423WA0271102805
B2035094743622N11955428WA0270902803
B2035104743621N11955435WA0270502799
B2035114743620N11955442WA0270202796
B2035124743619N11955449WA0270102793
B2035134743617N11955456WA0269802791
B2035144743616N11955462WA0269702790
B2035154743616N11955468WA0269602788
B2035164743615N11955474WA0269102786
B2035174743614N11955481WA0269002782
B2035184743612N11955488WA0268502778
B2035194743610N11955495WA0268302775
B2035204743609N11955502WA0268002773
B2035214743608N11955508WA0267802771
B2035224743607N11955513WA0267602770
B2035234743605N11955519WA0267502768
B2035244743603N11955525WA0267202765
B2035254743602N11955531WA0267002762
B2035264743601N11955538WA0266702759
B2035274743600N11955545WA0266402757
B2035284743598N11955551WA0266202754
B2035294743597N11955557WA0266102752
B2035304743596N11955563WA0265702750
B2035314743596N11955570WA0265602748
B2035324743596N11955577WA0265202745
B2035334743595N11955584WA0265102743
B2035344743594N11955590WA0264902741
B2035354743594N11955597WA0264802739
B2035364743593N11955603WA0264502737
B2035374743594N11955610WA0264302735
B2035384743594N11955617WA0264102733
B2035394743593N11955623WA0263902731
B2035404743593N11955630WA0263602729
B2035414743593N11955637WA0263602727
B2035424743593N11955644WA0263302725
B2035434743593N11955651WA0263102723
B2035444743593N11955657WA0263002721
B2035454743593N11955664WA0262702719
B2035464743593N11955671WA0262502716
B2035474743592N11955678WA0262402714
B2035484743592N11955685WA0262002711
B2035494743592N11955692WA0261802709
B2035504743591N11955699WA0261602706
B2035514743591N11955706WA0261302704
B2035524743590N11955712WA0261102702
B2035534743590N11955719WA0260802700
B2035544743590N11955726WA0260802697
B2035554743590N11955733WA0260602694
B2035564743590N11955740WA0260202691
B2035574743590N11955746WA0259802689
B2035584743590N11955753WA0259602686
B2035594743589N11955760WA0259402683
B2036004743590N11955767WA0259102681
B2036014743590N11955773WA0258902678
B2036024743590N11955780WA0258602675
B2036034743590N11955787WA0258302672
B2036044743590N11955794WA0258002669
B2036054743590N11955800WA0257902667
B2036064743591N11955807WA0257502664
B2036074743592N11955814WA0257202662
B2036084743592N11955820WA0257002659
B2036094743592N11955826WA0256702656
B2036104743591N11955832WA0256402653
B2036114743591N11955839WA0256102649
B2036124743591N11955845WA0255602646
B2036134743590N11955852WA0255402642
B2036144743589N11955858WA0255002639
B2036154743588N11955864WA0254902636
B2036164743587N11955870WA0254602634
B2036174743586N11955876WA0254202631
B2036184743585N11955882WA0254002628
B2036194743584N11955887WA0253802625
B2036204743583N11955893WA0253302622
B2036214743582N11955899WA0253102618
B2036224743581N11955905WA0252702615
B2036234743580N11955911WA0252302611
B2036244743579N11955917WA0252102608
B2036254743578N11955923WA0251902605
B2036264743577N11955929WA0251602602
B2036274743576N11955935WA0251402599
B2036284743576N11955941WA0250902596
B2036294743575N11955946WA0250802594
B2036304743574N11955952WA0250502591
B2036314743574N11955957WA0250302589
B2036324743574N11955962WA0249902586
B2036334743573N11955968WA0249702583
B2036344743573N11955974WA0249302579
B2036354743572N11955980WA0248902576
B2036364743572N11955986WA0248702573
B2036374743571N11955992WA0248502569
B2036384743571N11955998WA0248102566
B2036394743571N11956004WA0247702563
B2036404743572N11956009WA0247402560
B2036414743572N11956015WA0247302557
B2036424743572N11956020WA0246902555
B2036434743572N11956026WA0246702551
B2036444743573N11956031WA0246302548
B2036454743573N11956037WA0245902543
B2036464743573N11956044WA0245502539
B2036474743573N11956050WA0245202536
B2036484743573N11956056WA0244802532
B2036494743573N11956062WA0244602529
B2036504743573N11956068WA0244002526
B2036514743573N11956073WA0243902523
B2036524743573N11956079WA0243602520
B2036534743574N11956085WA0243402517
B2036544743574N11956091WA0243002513
B2036554743574N11956096WA0242602509
B2036564743574N11956102WA0242202505
B2036574743574N11956108WA0242002502
B2036584743574N11956114WA0241602498
B2036594743574N11956120WA0241302495
B2037004743574N11956125WA0240902491
B2037014743575N11956131WA0240502487
B2037024743576N11956137WA0240002483
B2037034743577N11956144WA0239802479
B2037044743577N11956150WA0239202475
B2037054743578N11956157WA0239002472
B2037064743579N11956163WA0238602468
B2037074743580N11956169WA0238302464
B2037084743582N11956175WA0237902461
B2037094743584N11956182WA0237602457
B2037104743585N11956188WA0237102452
B2037114743587N11956195WA0236702448
B2037124743588N11956202WA0236302444
B2037134743590N11956209WA0235902441
B2037144743591N11956216WA0235502437
B2037154743592N11956222WA0235202434
B2037164743593N11956229WA0234902430
B2037174743594N11956236WA0234702426
B2037184743594N11956243WA0234302423
B2037194743595N11956250WA0234002420
B2037204743595N11956256WA0233802417
B2037214743596N11956262WA0233502415
B2037224743596N11956268WA0233202412
B2037234743596N11956274WA0233102409
B2037244743597N11956280WA0232502405
B2037254743597N11956287WA0232202401
B2037264743597N11956294WA0231902398
B2037274743597N11956300WA0231702395
B2037284743598N11956306WA0231402393
B2037294743598N11956312WA0231202390
B2037304743599N11956318WA0230902387
B2037314743600N11956324WA0230702385
B2037324743601N11956330WA0230102381
B2037334743602N11956337WA0229902378
B2037344743603N11956344WA0229502374
B2037354743604N11956351WA0229302371
B2037364743605N11956358WA0229002368
B2037374743606N11956364WA0228702365
B2037384743607N11956371WA0228402362
B2037394743608N11956378WA0228202359
B2037404743608N11956385WA0227802357
B2037414743609N11956391WA0227702355
B2037424743609N11956398WA0227302352
B2037434743609N11956404WA0227102349
B2037444743609N11956411WA0226802346
B2037454743609N11956419WA0226602343
B2037464743608N11956426WA0226202340
B2037474743608N11956432WA0226202338
B2037484743607N11956438WA0225702335
B2037494743607N11956445WA0225602332
B2037504743607N11956452WA0225102328
B2037514743607N11956459WA0224902325
B2037524743607N11956466WA0224502321
B2037534743607N11956474WA0224202319
B2037544743608N11956481WA0224002317
B2037554743610N11956487WA0223702315
B2037564743611N11956494WA0223502312
B2037574743612N11956502WA0223402309
B2037584743613N11956510WA0223002306
B2037594743615N11956518WA0222802303
B2038004743616N11956526WA0222502302
B2038014743616N11956533WA0222302300
B2038024743616N11956539WA0222202299
B2038034743617N11956545WA0222202297
B2038044743618N11956552WA0221902295
B2038054743619N11956560WA0221602292
B2038064743620N11956567WA0221502289
B2038074743620N11956574WA0221302287
B2038084743620N11956581WA0221002286
B2038094743621N11956588WA0220902283
B2038104743621N11956595WA0220602281
B2038114743622N11956603WA0220302278
B2038124743622N11956610WA0220002275
B2038134743621N11956618WA0219902271
B2038144743622N11956625WA0219402269
B2038154743622N11956632WA0219202267
B2038164743623N11956638WA0218902265
B2038174743623N11956645WA0218702262
B2038184743624N11956652WA0218402259
B2038194743624N11956659WA0218102256
B2038204743624N11956666WA0217902253
B2038214743625N11956673WA0217702250
B2038224743625N11956680WA0217402248
B2038234743626N11956686WA0217102246
B2038244743626N11956692WA0217002243
B2038254743626N11956697WA0216702240
B2038264743626N11956703WA0216102237
B2038274743627N11956709WA0215902233
B2038284743627N11956716WA0215502229
B2038294743628N11956723WA0215202225
B2038304743628N11956729WA0214902222
B2038314743628N11956735WA0214802220
B2038324743628N11956740WA0214402219
B2038334743629N11956745WA0214202216
B2038344743630N11956750WA0214002213
B2038354743631N11956756WA0213702209
B2038364743631N11956762WA0213302206
B2038374743631N11956768WA0213002202
B2038384743631N11956775WA0212402198
B2038394743632N11956781WA0212202196
B2038404743633N11956787WA0212002193
B2038414743633N11956792WA0211802190
B2038424743633N11956797WA0211302187
B2038434743634N11956802WA0211202184
B2038444743634N11956808WA0210802179
B2038454743635N11956814WA0210402175
B2038464743635N11956820WA0210002172
B2038474743636N11956826WA0209802169
B2038484743636N11956831WA0209502166
B2038494743636N11956836WA0209302164
B2038504743636N11956840WA0208902161
B2038514743636N11956845WA0208702158
B2038524743637N11956851WA0208302154
B2038534743637N11956856WA0208002151
B2038544743636N11956861WA0207502147
B2038554743635N11956866WA0207302143
B2038564743635N11956871WA0206902139
B2038574743635N11956876WA0206502135
B2038584743635N11956882WA0206002130
B2038594743635N11956888WA0205802126
B2039004743634N11956894WA0205302121
B2039014743633N11956900WA0205002118
B2039024743633N11956906WA0204602115
B2039034743633N11956911WA0204502113
B2039044743633N11956916WA0204202110
B2039054743633N11956921WA0203902107
B2039064743632N11956927WA0203502104
B2039074743632N11956932WA0203202100
B2039084743632N11956938WA0202802096
B2039094743632N11956944WA0202602093
B2039104743632N11956950WA0202102090
B2039114743632N11956955WA0202002086
B2039124743631N11956960WA0201602083
B2039134743631N11956966WA0201302080
B2039144743632N11956972WA0201002076
B2039154743633N11956978WA0200702073
B2039164743633N11956984WA0200202069
B2039174743633N11956990WA0200002066
B2039184743633N11956996WA0199602063
B2039194743633N11957001WA0199502060
B2039204743634N11957007WA0199102057
B2039214743634N11957012WA0198802055
B2039224743634N11957017WA0198402051
B2039234743634N11957023WA0198202047
B2039244743635N11957028WA0197602043
B2039254743635N11957034WA0197302038
B2039264743636N11957041WA0196802033
B2039274743636N11957047WA0196402029
B2039284743637N11957054WA0196002024
B2039294743637N11957060WA0195702020
B2039304743637N11957066WA0195102016
B2039314743637N11957073WA0194802013
B2039324743637N11957080WA0194402009
B2039334743638N11957086WA0194102006
B2039344743638N11957093WA0193802002
B2039354743637N11957099WA0193502000
B2039364743637N11957104WA0193201997
B2039374743637N11957110WA0193001995
B2039384743638N11957116WA0192701992
B2039394743639N11957121WA0192501989
B2039404743639N11957127WA0192001986
B2039414743639N11957132WA0191901983
B2039424743639N11957138WA0191501980
B2039434743640N11957144WA0191301977
B2039444743641N11957150WA0190901973
B2039454743642N11957156WA0190701970
B2039464743642N11957161WA0190201966
B2039474743642N11957167WA0190001963
B2039484743642N11957172WA0189601959
B2039494743643N11957178WA0189301956
B2039504743643N11957185WA0188901952
B2039514743644N11957191WA0188701949
B2039524743644N11957197WA0188301946
B2039534743643N11957204WA0188001943
B2039544743644N11957210WA0187801941
B2039554743644N11957216WA0187601940
B2039564743644N11957223WA0187501938
B2039574743643N11957229WA0187401937
B2039584743642N11957235WA0187101936
B2039594743642N11957241WA0187201935
B2040004743641N11957246WA0187201936
B2040014743641N11957251WA0187101936
B2040024743642N11957256WA0187101936
B2040034743641N11957262WA0187001935
B2040044743641N11957267WA0186801933
B2040054743640N11957273WA0186801932
B2040064743639N11957278WA0186701931
B2040074743639N11957282WA0186701931
B2040084743639N11957287WA0186601931
B2040094743639N11957292WA0186501931
B2040104743639N11957297WA0186501929
B2040114743638N11957303WA0186401927
B2040124743637N11957309WA0186101925
B2040134743635N11957315WA0186001923
B2040144743634N11957322WA0185901922
B2040154743634N11957328WA0185901922
B2040164743633N11957333WA0185801922
B2040174743632N11957336WA0185801922
B2040184743632N11957340WA0185801922
B2040194743631N11957344WA0185601921
B2040204743631N11957350WA0185401919
B2040214743630N11957355WA0185301917
B2040224743628N11957360WA0185201915
B2040234743626N11957364WA0185201914
B2040244743625N11957368WA0185101914
B2040254743624N11957373WA0184801914
B2040264743624N11957379WA0184901913
B2040274743623N11957384WA0184901911
B2040284743622N11957389WA0184701910
B2040294743620N11957394WA0184601908
B2040304743619N11957400WA0184401907
B2040314743618N11957405WA0184401906
B2040324743618N11957410WA0184301906
B2040334743617N11957414WA0184301906
B2040344743617N11957419WA0184201905
B2040354743616N11957423WA0184101903
B2040364743615N11957428WA0183901901
B2040374743615N11957434WA0183601898
B2040384743615N11957439WA0183401896
B2040394743614N11957445WA0183201894
B2040404743614N11957451WA0183001891
B2040414743614N11957457WA0182801889
B2040424743613N11957464WA0182401886
B2040434743612N11957470WA0182201884
B2040444743611N11957476WA0182001881
B2040454743610N11957483WA0181801879
B2040464743608N11957489WA0181601877
B2040474743607N11957495WA0181501875
B2040484743606N11957502WA0181201873
B2040494743605N11957509WA0181101871
B2040504743603N11957515WA0180901870
B2040514743602N11957522WA0180801869
B2040524743600N11957528WA0180701868
B2040534743599N11957534WA0180601867
B2040544743597N11957540WA0180501867
B2040554743596N11957546WA0180501866
B2040564743595N11957553WA0180501866
B2040574743594N11957559WA0180401867
B2040584743593N11957563WA0180701870
B2040594743592N11957567WA0180901873
B2041004743591N11957570WA0181301877
B2041014743591N11957573WA0181501880
B2041024743591N11957576WA0181801883
B2041034743590N11957579WA0182101886
B2041044743589N11957581WA0182401888
B2041054743589N11957583WA0182501890
B2041064743589N11957585WA0182701892
B2041074743590N11957588WA0183001893
B2041084743591N11957591WA0183001894
B2041094743592N11957594WA0183001895
B2041104743594N11957597WA0183301896
B2041114743596N11957599WA0183301897
B2041124743597N11957602WA0183501898
B2041134743599N11957604WA0183501898
B2041144743600N11957607WA0183401897
B2041154743602N11957612WA0183301896
B2041164743603N11957616WA0183301896
B2041174743604N11957620WA0183401896
B2041184743605N11957623WA0183301896
B2041194743606N11957627WA0183401896
B2041204743607N11957631WA0183301896
B2041214743610N11957636WA0183301896
B2041224743613N11957640WA0183401897
B2041234743617N11957644WA0183401897
B2041244743620N11957648WA0183401898
B2041254743623N11957653WA0183601898
B2041264743626N11957659WA0183601899
B2041274743628N11957664WA0183701901
B2041284743631N11957668WA0184001904
B2041294743634N11957672WA0184101907
B2041304743638N11957676WA0184601910
B2041314743640N11957680WA0184801914
B2041324743643N11957683WA0185101917
B2041334743645N11957686WA0185601921
B2041344743648N11957689WA0185801925
B2041354743650N11957692WA0186201928
B2041364743651N11957695WA0186401930
B2041374743652N11957698WA0186601934
B2041384743651N11957701WA0187101937
B2041394743650N11957702WA0187401942
B2041404743649N11957703WA0187901946
B2041414743648N11957702WA0188001950
B2041424743646N11957700WA0188601953
B2041434743643N11957696WA0188801956
B2041444743640N11957691WA0189201959
B2041454743637N11957683WA0189201962
B2041464743637N11957671WA0189801966
B2041474743640N11957660WA0190001968
B2041484743646N11957651WA0190101970
B2041494743653N11957644WA0190501974
B2041504743659N11957641WA0191001977
B2041514743665N11957639WA0191301981
B2041524743671N11957639WA0191501984
B2041534743676N11957640WA0191501987
B2041544743681N11957643WA0192201990
B2041554743684N11957647WA0192201992
B2041564743685N11957650WA0192601996
B2041574743686N11957653WA0192902000
B2041584743686N11957654WA0193402004
B2041594743685N11957655WA0193602007
B2042004743683N11957656WA0193902010
B2042014743680N11957655WA0194102012
B2042024743677N11957653WA0194602015
B2042034743674N11957649WA0194702019
B2042044743672N11957642WA0195102024
B2042054743671N11957633WA0195702028
B2042064743672N11957623WA0196002031
B2042074743675N11957613WA0196302034
B2042084743680N11957604WA0196702036
B2042094743685N11957596WA0196802038
B2042104743690N11957589WA0197002042
B2042114743695N11957585WA0197402045
B2042124743701N11957583WA0197502047
B2042134743707N11957583WA0197902048
B2042144743713N11957586WA0198102050
B2042154743718N11957590WA0198002053
B2042164743721N11957594WA0198602057
B2042174743723N11957597WA0199002063
B2042184743725N11957600WA0199402067
B2042194743726N11957603WA0199802071
B2042204743727N11957606WA0200102074
B2042214743727N11957609WA0200302077
B2042224743726N11957610WA0200502080
B2042234743724N11957611WA0200902083
B2042244743722N11957609WA0201102087
B2042254743720N11957605WA0201702090
B2042264743718N11957598WA0201802092
B2042274743717N11957588WA0202102093
B2042284743718N11957577WA0202102094
B2042294743720N11957566WA0202302095
B2042304743725N11957555WA0202402096
B2042314743732N11957546WA0202502098
B2042324743739N11957540WA0202602101
B2042334743747N11957538WA0202802103
B2042344743754N11957539WA0203302106
B2042354743760N11957540WA0203602111
B2042364743764N11957543WA0204102115
B2042374743767N11957545WA0204502119
B2042384743771N11957549WA0204802122
B2042394743773N11957552WA0205002125
B2042404743775N11957555WA0205402129
B2042414743775N11957557WA0205602132
B2042424743774N11957557WA0205902136
B2042434743772N11957554WA0206202138
B2042444743769N11957550WA0206502141
B2042454743767N11957544WA0206902145
B2042464743766N11957536WA0207402150
B2042474743766N11957526WA0207402153
B2042484743768N11957515WA0207902157
B2042494743771N11957505WA0208002158
B2042504743775N11957494WA0208402160
B2042514743780N11957484WA0208302161
B2042524743786N11957475WA0208702162
B2042534743793N11957468WA0208902163
B2042544743801N11957463WA0209102166
B2042554743809N11957461WA0209302170
B2042564743816N11957461WA0209902174
B2042574743821N11957461WA0210002179
B2042584743826N11957462WA0210502184
B2042594743829N11957464WA0210702187
B2043004743832N11957466WA0211302189
B2043014743834N11957470WA0211202191
B2043024743835N11957472WA0211502193
B2043034743836N11957474WA0211802197
B2043044743836N11957475WA0212302200
B2043054743836N11957476WA0212402203
B2043064743836N11957477WA0212802206
B2043074743833N11957476WA0213102209
B2043084743830N11957472WA0213302211
B2043094743827N11957465WA0213702214
B2043104743824N11957456WA0213902218
B2043114743823N11957446WA0214402223
B2043124743824N11957436WA0214602226
B2043134743827N11957427WA0215002230
B2043144743831N11957417WA0215502233
B2043154743837N11957408WA0215302235
B2043164743844N11957401WA0215902238
B2043174743851N11957397WA0216002241
B2043184743859N11957395WA0216202243
B2043194743866N11957395WA0216602247
B2043204743872N11957397WA0216902251
B2043214743877N11957399WA0217202257
B2043224743879N11957401WA0218102262
B2043234743880N11957402WA0218102266
B2043244743880N11957403WA0218602269
B2043254743880N11957404WA0218802270
B2043264743879N11957406WA0219002272
B2043274743876N11957406WA0219002273
B2043284743874N11957404WA0219002273
B2043294743871N11957400WA0219202273
B2043304743867N11957393WA0219102271
B2043314743864N11957383WA0219002269
B2043324743861N11957371WA0219002269
B2043334743860N11957359WA0219002271
B2043344743860N11957347WA0219502275
B2043354743862N11957336WA0219602280
B2043364743865N11957327WA0220402285
B2043374743869N11957318WA0220702289
B2043384743872N11957308WA0221002291
B2043394743877N11957297WA0221002292
B2043404743881N11957285WA0221102293
B2043414743887N11957275WA0221102295
B2043424743893N11957267WA0221502298
B2043434743900N11957261WA0221702299
B2043444743906N11957255WA0222002302
B2043454743912N11957251WA0222102305
B2043464743918N11957248WA0222502307
B2043474743925N11957246WA0222502308
B2043484743932N11957246WA0222602310
B2043494743939N11957247WA0222502311
B2043504743946N11957249WA0223402314
B2043514743950N11957252WA0223602317
B2043524743952N11957256WA0223902320
B2043534743952N11957259WA0223802323
B2043544743950N11957261WA0224202325
B2043554743948N11957261WA0224402328
B2043564743945N11957257WA0224902331
B2043574743942N11957252WA0224902333
B2043584743939N11957245WA0225502335
B2043594743937N11957237WA0225502337
B2044004743935N11957227WA0225802341
B2044014743934N11957217WA0225902344
B2044024743935N11957207WA0226302348
B2044034743938N11957197WA0226702351
B2044044743942N11957187WA0227002354
B2044054743948N11957178WA0227002355
B2044064743956N11957173WA0227102356
B2044074743964N11957171WA0227502357
B2044084743970N11957171WA0227602359
B2044094743976N11957173WA0227702362
B2044104743980N11957175WA0227802364
B2044114743982N11957178WA0228302366
B2044124743983N11957181WA0228502369
B2044134743983N11957184WA0228702371
B2044144743983N11957186WA0228902374
B2044154743982N11957187WA0229102376
B2044164743980N11957186WA0229302377
B2044174743978N11957185WA0229502377
B2044184743975N11957182WA0229202375
B2044194743971N11957176WA0229202374
B2044204743968N11957167WA0229002372
B2044214743967N11957154WA0229002370
B2044224743968N11957140WA0228602368
B2044234743973N11957126WA0228702367
B2044244743980N11957114WA0228302368
B2044254743987N11957105WA0229002371
B2044264743992N11957098WA0229502377
B2044274743997N11957092WA0229702382
B2044284744002N11957086WA0230002384
B2044294744009N11957082WA0229902385
B2044304744017N11957078WA0230102384
B2044314744024N11957076WA0230302386
B2044324744030N11957076WA0230502388
B2044334744035N11957077WA0230702390
B2044344744038N11957079WA0230802392
B2044354744041N11957081WA0230802395
B2044364744043N11957083WA0231402397
B2044374744044N11957085WA0231602400
B2044384744043N11957086WA0231702403
B2044394744042N11957086WA0231902406
B2044404744039N11957083WA0232302410
B2044414744037N11957076WA0232502412
B2044424744035N11957065WA0232802413
B2044434744035N11957053WA0233102414
B2044444744036N11957039WA0232902416
B2044454744040N11957027WA0233402418
B2044464744045N11957016WA0233602419
B2044474744050N11957008WA0233602421
B2044484744057N11957002WA0233902423
B2044494744064N11956999WA0233802423
B2044504744072N11956998WA0234002423
B2044514744078N11956998WA0233902423
B2044524744083N11957000WA0234002424
B2044534744088N11957003WA0234102425
B2044544744093N11957006WA0234102426
B2044554744097N11957009WA0234102427
B2044564744101N11957013WA0234502429
B2044574744105N11957017WA0234602432
B2044584744109N11957021WA0235102436
B2044594744111N11957024WA0235202439
B2045004744112N11957027WA0235602443
B2045014744111N11957028WA0236002446
B2045024744110N11957030WA0236102448
B2045034744107N11957031WA0236402450
B2045044744104N11957029WA0236502453
B2045054744101N11957024WA0236802455
B2045064744099N11957016WA0236802456
B2045074744098N11957005WA0237202457
B2045084744099N11956993WA0237402458
B2045094744104N11956982WA0237502461
B2045104744110N11956973WA0237602463
B2045114744117N11956968WA0238202466
B2045124744124N11956966WA0238102469
B2045134744131N11956965WA0238502472
B2045144744136N11956966WA0238602475
B2045154744139N11956968WA0239102478
B2045164744142N11956971WA0239402480
B2045174744142N11956974WA0239402482
B2045184744142N11956977WA0239702483
B2045194744139N11956978WA0239602485
B2045204744136N11956976WA0240002487
B2045214744133N11956972WA0240302490
B2045224744129N11956966WA0240502491
B2045234744127N11956957WA0240602494
B2045244744126N11956948WA0240602495
B2045254744127N11956937WA0240702496
B2045264744129N11956926WA0241102497
B2045274744132N11956915WA0241302498
B2045284744136N11956906WA0241402500
B2045294744142N11956897WA0241102501
B2045304744149N11956891WA0241702502
B2045314744155N11956888WA0241702504
B2045324744162N11956888WA0241802505
B2045334744168N11956889WA0242002507
B2045344744173N11956890WA0242102509
B2045354744177N11956892WA0242202511
B2045364744181N11956894WA0242402514
B2045374744183N11956896WA0242502516
B2045384744185N11956898WA0242902516
B2045394744185N11956901WA0242802517
B2045404744185N11956905WA0243102518
B2045414744184N11956909WA0243102519
B2045424744183N11956913WA0243202520
B2045434744181N11956916WA0243302522
B2045444744180N11956919WA0243502524
B2045454744178N11956922WA0243602526
B2045464744175N11956925WA0244002529
B2045474744173N11956928WA0244002531
B2045484744171N11956930WA0244602534
B2045494744168N11956932WA0244802538
B2045504744165N11956932WA0245102541
B2045514744162N11956930WA0245202545
B2045524744158N11956925WA0245802547
B2045534744154N11956918WA0245802548
B2045544744151N11956908WA0246002551
B2045554744150N11956896WA0246402553
B2045564744151N11956884WA0246502555
B2045574744154N11956873WA0246802557
B2045584744159N11956865WA0246902559
B2045594744165N11956859WA0247102560
B2046004744171N11956856WA0247402563
B2046014744176N11956855WA0247702567
B2046024744180N11956856WA0247702570
B2046034744183N11956857WA0248402573
B2046044744186N11956859WA0248402575
B2046054744188N11956863WA0248602577
B2046064744189N11956867WA0248802578
B2046074744190N11956871WA0249002580
B2046084744192N11956876WA0249002583
B2046094744193N11956880WA0249402587
B2046104744193N11956883WA0249902590
B2046114744193N11956886WA0250202594
B2046124744192N11956888WA0250402596
B2046134744191N11956891WA0250602598
B2046144744189N11956894WA0250802601
B2046154744188N11956896WA0251102604
B2046164744186N11956895WA0251402607
B2046174744183N11956893WA0251702610
B2046184744180N11956888WA0251902611
B2046194744177N11956879WA0251902613
B2046204744176N11956868WA0252202614
B2046214744176N11956855WA0252502617
B2046224744179N11956843WA0252702619
B2046234744183N11956833WA0253002622
B2046244744188N11956824WA0253102625
B2046254744192N11956817WA0253702627
B2046264744197N11956811WA0253602629
B2046274744203N11956807WA0254002630
B2046284744209N11956803WA0253902631
B2046294744216N11956800WA0254002631
B2046304744223N11956798WA0254202632
B2046314744229N11956798WA0254202636
B2046324744234N11956800WA0254502639
B2046334744236N11956803WA0254902640
B2046344744237N11956807WA0254902641
B2046354744238N11956811WA0255102641
B2046364744237N11956814WA0255202642
B2046374744235N11956816WA0255202644
B2046384744232N11956815WA0255302645
B2046394744228N11956812WA0255202645
B2046404744225N11956808WA0255502646
B2046414744222N11956802WA0255502646
B2046424744220N11956795WA0255702647
B2046434744219N11956785WA0255602647
B2046444744219N11956773WA0255302646
B2046454744221N11956761WA0255502645
B2046464744227N11956750WA0255202645
B2046474744233N11956743WA0255602647
B2046484744240N11956739WA0255702649
B2046494744246N11956737WA0255902651
B2046504744251N11956738WA0256002652
B2046514744255N11956740WA0256302654
B2046524744260N11956742WA0256302655
B2046534744264N11956745WA0256402657
B2046544744268N11956748WA0256502658
B2046554744271N11956752WA0256502659
B2046564744273N11956756WA0256702660
B2046574744275N11956761WA0257002662
B2046584744277N11956766WA0257102664
B2046594744279N11956771WA0257402666
B2047004744280N11956775WA0257502668
B2047014744282N11956780WA0257702670
B2047024744283N11956784WA0257902672
B2047034744283N11956789WA0258102674
B2047044744284N11956793WA0258302676
B2047054744285N11956797WA0258502679
B2047064744285N11956800WA0259002683
B2047074744285N11956802WA0259202686
B2047084744285N11956804WA0259602689
B2047094744284N11956806WA0259602691
B2047104744282N11956805WA0259702692
B2047114744279N11956801WA0259802693
B2047124744276N11956794WA0260302694
B2047134744275N11956785WA0260202695
B2047144744275N11956775WA0260502697
B2047154744276N11956764WA0260502700
B2047164744279N11956755WA0260602701
B2047174744283N11956745WA0260802702
B2047184744288N11956735WA0260702702
B2047194744295N11956728WA0260802703
B2047204744302N11956725WA0260902705
B2047214744309N11956726WA0261302706
B2047224744315N11956728WA0261202707
B2047234744319N11956731WA0261402709
B2047244744321N11956734WA0261802713
B2047254744322N11956737WA0261902715
B2047264744322N11956739WA0262202717
B2047274744323N11956741WA0262302718
B2047284744323N11956744WA0262502720
B2047294744322N11956747WA0262502722
B2047304744321N11956750WA0262702723
B2047314744320N11956753WA0262802724
B2047324744319N11956756WA0263202725
B2047334744318N11956759WA0263202726
B2047344744317N11956761WA0263202727
B2047354744316N11956763WA0263302727
B2047364744315N11956765WA0263202727
B2047374744313N11956768WA0263102726
B2047384744310N11956771WA0263102724
B2047394744308N11956774WA0263102722
B2047404744305N11956777WA0262802722
B2047414744302N11956778WA0262702721
B2047424744299N11956779WA0262802721
B2047434744297N11956781WA0262802721
B2047444744294N11956784WA0262602719
B2047454744291N11956787WA0262402716
B2047464744287N11956791WA0262102713
B2047474744284N11956794WA0262102712
B2047484744282N11956797WA0262102712
B2047494744281N11956801WA0262002713
B2047504744280N11956804WA0262202714
B2047514744278N11956808WA0262002714
B2047524744276N11956812WA0262102714
B2047534744274N11956816WA0262202714
B2047544744272N11956820WA0262202715
B2047554744271N11956823WA0262102715
B2047564744270N11956827WA0262102714
B2047574744269N11956831WA0262102713
B2047584744267N11956836WA0262002712
B2047594744264N11956842WA0261902710
B2048004744262N11956848WA0261802709
B2048014744261N11956854WA0261802709
B2048024744259N11956859WA0261802710
B2048034744258N11956864WA0261902711
B2048044744256N11956869WA0261902711
B2048054744255N11956874WA0261902712
B2048064744253N11956880WA0261802711
B2048074744252N11956887WA0261802710
B2048084744251N11956895WA0261802709
B2048094744249N11956903WA0261802710
B2048104744246N11956909WA0262002711
B2048114744244N11956914WA0262002713
B2048124744243N11956920WA0262102714
B2048134744243N11956926WA0262002714
B2048144744242N11956932WA0262002712
B2048154744240N11956939WA0261902711
B2048164744237N11956946WA0261602709
B2048174744235N11956953WA0261702707
B2048184744233N11956960WA0261602707
B2048194744233N11956966WA0261402707
B2048204744231N11956971WA0261402707
B2048214744230N11956977WA0261202705
B2048224744228N11956983WA0261102703
B2048234744227N11956990WA0260902701
B2048244744225N11956998WA0260802699
B2048254744223N11957004WA0260702697
B2048264744221N11957010WA0260402696
B2048274744218N11957016WA0260502695
B2048284744216N11957022WA0260402694
B2048294744213N11957029WA0260202693
B2048304744210N11957035WA0259802691
B2048314744207N11957042WA0259902690
B2048324744204N11957048WA0259802690
B2048334744202N11957054WA0259702690
B2048344744199N11957060WA0259802690
B2048354744197N11957065WA0259702690
B2048364744195N11957071WA0259702689
B2048374744193N11957078WA0259702688
B2048384744191N11957084WA0259502687
B2048394744188N11957090WA0259502686
B2048404744185N11957095WA0259302684
B2048414744182N11957100WA0259202683
B2048424744179N11957106WA0259102682
B2048434744177N11957112WA0259002680
B2048444744175N11957119WA0258802678
B2048454744172N11957125WA0258502676
B2048464744169N11957131WA0258402674
B2048474744166N11957136WA0258202672
B2048484744163N11957143WA0257902670
B2048494744162N11957151WA0257802667
B2048504744160N11957159WA0257502664
B2048514744156N11957167WA0257102661
B2048524744153N11957175WA0257002660
B2048534744150N11957183WA0257002659
B2048544744148N11957190WA0256802658
B2048554744147N11957197WA0256802658
B2048564744145N11957203WA0256702658
B2048574744143N11957209WA0256802657
B2048584744141N11957215WA0256702657
B2048594744139N11957222WA0256702656
B2049004744138N11957229WA0256302655
B2049014744136N11957235WA0256502654
B2049024744134N11957242WA0256402654
B2049034744133N11957249WA0256302651
B2049044744132N11957256WA0256002650
B2049054744132N11957263WA0255902649
B2049064744132N11957270WA0255702647
B2049074744132N11957277WA0255602645
B2049084744130N11957285WA0255202642
B2049094744129N11957294WA0254902639
B2049104744127N11957304WA0254802635
B2049114744125N11957313WA0254602633
B2049124744123N11957321WA0254502632
B2049134744122N11957328WA0254402632
B2049144744121N11957336WA0254102631
B2049154744120N11957343WA0254002629
B2049164744118N11957352WA0253902626
B2049174744117N11957361WA0253602622
B2049184744115N11957371WA0253102619
B2049194744114N11957379WA0253102617
B2049204744112N11957388WA0252902616
B2049214744110N11957395WA0252702614
B2049224744108N11957402WA0252402613
B2049234744106N11957410WA0252402611
B2049244744105N11957417WA0252102610
B2049254744103N11957425WA0252002608
B2049264744100N11957433WA0251902606
B2049274744098N11957441WA0251702605
B2049284744096N11957449WA0251702604
B2049294744094N11957456WA0251602603
B2049304744091N11957463WA0251302602
B2049314744089N11957470WA0251102601
B2049324744086N11957478WA0251102598
B2049334744084N11957485WA0250902596
B2049344744081N11957493WA0250702593
B2049354744078N11957501WA0250502591
B2049364744076N11957509WA0250202589
B2049374744074N11957516WA0250102587
B2049384744073N11957523WA0249702584
B2049394744071N11957529WA0249502582
B2049404744069N11957535WA0249202578
B2049414744067N11957542WA0248802574
B2049424744065N11957550WA0248502570
B2049434744063N11957558WA0248302567
B2049444744061N11957565WA0247802565
B2049454744058N11957571WA0247802563
B2049464744055N11957577WA0247602562
B2049474744052N11957582WA0247502560
B2049484744050N11957587WA0247102558
B2049494744048N11957594WA0246902554
B2049504744045N11957601WA0246502551
B2049514744041N11957607WA0246402548
B2049524744037N11957612WA0246102546
B2049534744035N11957617WA0246102545
B2049544744033N11957623WA0245802543
B2049554744032N11957629WA0245602541
B2049564744029N11957636WA0245202537
B2049574744026N11957642WA0245002534
B2049584744022N11957649WA0244802531
B2049594744019N11957656WA0244702529
B2050004744017N11957662WA0244302528
B2050014744014N11957669WA0244102528
B2050024744012N11957675WA0244102527
B2050034744008N11957681WA0244102526
B2050044744005N11957687WA0243902525
B2050054744003N11957692WA0243902524
B2050064744001N11957698WA0243902524
B2050074744001N11957702WA0243802524
B2050084744000N11957706WA0243902524
B2050094743998N11957710WA0243902524
B2050104743996N11957714WA0243602522
B2050114743994N11957719WA0243502520
B2050124743992N11957724WA0243602520
B2050134743991N11957728WA0243602521
B2050144743990N11957731WA0243502521
B2050154743988N11957734WA0243402521
B2050164743987N11957737WA0243402520
B2050174743986N11957741WA0243402518
B2050184743985N11957746WA0243102516
B2050194743984N11957750WA0243002514
B2050204743983N11957754WA0242602511
B2050214743981N11957759WA0242302507
B2050224743979N11957764WA0242002504
B2050234743977N11957769WA0241702501
B2050244743976N11957775WA0241302497
B2050254743973N11957781WA0241102494
B2050264743972N11957788WA0240902491
B2050274743971N11957795WA0240602490
B2050284743969N11957801WA0240502491
B2050294743967N11957805WA0240602492
B2050304743965N11957808WA0240702493
B2050314743963N11957812WA0240702494
B2050324743961N11957817WA0240702494
B2050334743959N11957822WA0240502493
B2050344743957N11957827WA0240702493
B2050354743954N11957831WA0240702493
B2050364743951N11957835WA0240602492
B2050374743949N11957839WA0240602491
B2050384743947N11957845WA0240502490
B2050394743945N11957852WA0240202488
B2050404743944N11957859WA0240102485
B2050414743942N11957864WA0240002484
B2050424743940N11957869WA0239802482
B2050434743938N11957874WA0239602480
B2050444743935N11957879WA0239302476
B2050454743932N11957884WA0239002472
B2050464743929N11957891WA0238502467
B2050474743925N11957899WA0238202463
B2050484743922N11957907WA0237702460
B2050494743920N11957914WA0237702458
B2050504743918N11957920WA0237502457
B2050514743917N11957927WA0237302456
B2050524743916N11957933WA0237202455
B2050534743914N11957938WA0236802452
B2050544743912N11957944WA0236402448
B2050554743910N11957950WA0236302445
B2050564743907N11957956WA0236002441
B2050574743905N11957963WA0235802438
B2050584743904N11957970WA0235102435
B2050594743902N11957976WA0235002433
B2051004743900N11957982WA0235102430
B2051014743898N11957988WA0234902427
B2051024743896N11957994WA0234302424
B2051034743894N11958001WA0234002420
B2051044743891N11958008WA0233502416
B2051054743889N11958015WA0233202413
B2051064743887N11958022WA0233102411
B2051074743885N11958028WA0233002409
B2051084743883N11958033WA0232702406
B2051094743881N11958039WA0232302403
B2051104743878N11958045WA0231802398
B2051114743874N11958051WA0231402393
B2051124743870N11958058WA0231002388
B2051134743866N11958065WA0230802384
B2051144743863N11958072WA0230302382
B2051154743861N11958078WA0230002380
B2051164743858N11958083WA0229902379
B2051174743855N11958089WA0229802377
B2051184743852N11958094WA0229402375
B2051194743849N11958099WA0229302371
B2051204743845N11958106WA0228902368
B2051214743843N11958113WA0228702365
B2051224743840N11958121WA0228602363
B2051234743837N11958127WA0228302362
B2051244743834N11958133WA0228202361
B2051254743830N11958138WA0228102359
B2051264743828N11958145WA0227802357
B2051274743825N11958151WA0227602355
B2051284743822N11958158WA0227202352
B2051294743819N11958164WA0227102349
B2051304743817N11958170WA0226902347
B2051314743815N11958177WA0226702344
B2051324743813N11958184WA0226302342
B2051334743811N11958190WA0226402340
B2051344743810N11958196WA0226102338
B2051354743808N11958202WA0225902336
B2051364743807N11958208WA0225602334
B2051374743805N11958214WA0225202330
B2051384743803N11958221WA0224702325
B2051394743801N11958229WA0224402320
B2051404743798N11958237WA0224102316
B2051414743797N11958244WA0224002316
B2051424743796N11958249WA0223902317
B2051434743795N11958253WA0224202319
B2051444743794N11958256WA0224302323
B2051454743792N11958257WA0224402324
B2051464743789N11958260WA0224402324
B2051474743786N11958263WA0224502323
B2051484743784N11958267WA0224402323
B2051494743783N11958270WA0224602325
B2051504743782N11958273WA0224702327
B2051514743781N11958275WA0224902329
B2051524743779N11958278WA0225002330
B2051534743777N11958281WA0224902329
B2051544743775N11958286WA0224702327
B2051554743772N11958293WA0224802326
B2051564743769N11958298WA0224702326
B2051574743765N11958302WA0224802327
B2051584743762N11958306WA0224902328
B2051594743760N11958309WA0224802329
B2052004743757N11958314WA0224802329
B2052014743754N11958318WA0225002329
B2052024743751N11958322WA0225102330
B2052034743749N11958325WA0225202332
B2052044743747N11958329WA0225302334
B2052054743746N11958331WA0225502335
B2052064743744N11958333WA0225702337
B2052074743743N11958335WA0225802338
B2052084743741N11958337WA0225902338
B2052094743739N11958340WA0225902338
B2052104743738N11958345WA0225602336
B2052114743736N11958351WA0225702334
B2052124743734N11958356WA0225602333
B2052134743732N11958360WA0225602333
B2052144743730N11958363WA0225602334
B2052154743729N11958367WA0225502334
B2052164743727N11958371WA0225302333
B2052174743725N11958376WA0225302331
B2052184743722N11958381WA0225002328
B2052194743720N11958387WA0224902325
B2052204743717N11958392WA0224602323
B2052214743714N11958397WA0224502322
B2052224743711N11958401WA0224502322
B2052234743709N11958405WA0224402322
B2052244743708N11958409WA0224202321
B2052254743706N11958414WA0224002319
B2052264743704N11958420WA0223902316
B2052274743702N11958426WA0223802313
B2052284743700N11958431WA0223602311
B2052294743698N11958436WA0223402310
B2052304743696N11958441WA0223302309
B2052314743695N11958445WA0223202307
B2052324743694N11958451WA0222802304
B2052334743691N11958457WA0222402300
B2052344743689N11958464WA0222202298
B2052354743688N11958471WA0222202296
B2052364743688N11958477WA0221902295
B2052374743688N11958483WA0221802294
B2052384743687N11958489WA0221802293
B2052394743686N11958495WA0221702292
B2052404743685N11958501WA0221402291
B2052414743685N11958508WA0221202289
B2052424743685N11958515WA0221202287
B2052434743685N11958522WA0221002285
B2052444743684N11958529WA0220702283
B2052454743684N11958536WA0220802281
B2052464743683N11958542WA0220602280
B2052474743683N11958548WA0220502280
B2052484743684N11958555WA0220302279
B2052494743684N11958562WA0220302277
B2052504743685N11958568WA0220202276
B2052514743686N11958574WA0220202276
B2052524743687N11958580WA0220202276
B2052534743688N11958586WA0220002276
B2052544743689N11958593WA0219902274
B2052554743690N11958601WA0219802272
B2052564743690N11958608WA0219602271
B2052574743690N11958615WA0219602271
B2052584743691N11958621WA0219602272
B2052594743693N11958625WA0219602273
B2053004743694N11958629WA0219802274
B2053014743696N11958633WA0219802274
B2053024743697N11958638WA0219802274
B2053034743698N11958643WA0219602273
B2053044743699N11958651WA0219502271
B2053054743700N11958659WA0219402271
B2053064743702N11958666WA0219602272
B2053074743704N11958672WA0219802274
B2053084743706N11958676WA0220002276
B2053094743707N11958679WA0220002277
B2053104743709N11958683WA0220002277
B2053114743710N11958688WA0219902275
B2053124743711N11958694WA0219502272
B2053134743712N11958701WA0219402269
B2053144743714N11958708WA0219202267
B2053154743716N11958714WA0219202266
B2053164743718N11958718WA0219102267
B2053174743720N11958722WA0219102267
B2053184743722N11958725WA0219002266
B2053194743724N11958730WA0218802264
B2053204743726N11958735WA0218602261
B2053214743728N11958741WA0218402258
B2053224743730N11958747WA0218202256
B2053234743731N11958753WA0218102255
B2053244743733N11958759WA0217902253
B2053254743735N11958765WA0217702252
B2053264743736N11958771WA0217502250
B2053274743737N11958778WA0217402248
B2053284743737N11958785WA0217002245
B2053294743737N11958793WA0216902243
B2053304743738N11958801WA0216802242
B2053314743739N11958807WA0216602240
B2053324743740N11958814WA0216302239
B2053334743740N11958822WA0216102236
B2053344743740N11958831WA0216102234
B2053354743741N11958840WA0216002233
B2053364743742N11958847WA0215802233
B2053374743743N11958853WA0215802233
B2053384743744N11958859WA0215802233
B2053394743746N11958866WA0215602232
B2053404743747N11958874WA0215302229
B2053414743748N11958883WA0215102228
B2053424743750N11958890WA0215102227
B2053434743752N11958896WA0215302227
B2053444743754N11958902WA0215102227
B2053454743756N11958909WA0215002226
B2053464743757N11958918WA0215002226
B2053474743759N11958926WA0214802225
B2053484743760N11958933WA0215102226
B2053494743760N11958940WA0214902226
B2053504743760N11958946WA0215002226
B2053514743761N11958954WA0214902225
B2053524743761N11958962WA0214402222
B2053534743764N11958969WA0214602220
B2053544743767N11958975WA0214402221
B2053554743771N11958978WA0214602222
B2053564743773N11958980WA0214702223
B2053574743773N11958982WA0214802224
B2053584743774N11958986WA0214602223
B2053594743775N11958990WA0214402221
B2054004743778N11958996WA0214402219
B2054014743780N11959001WA0214102219
B2054024743781N11959006WA0214302219
B2054034743782N11959012WA0214402220
B2054044743783N11959017WA0214302221
B2054054743784N11959022WA0214402221
B2054064743785N11959027WA0214202221
B2054074743786N11959032WA0214302220
B2054084743787N11959038WA0214102219
B2054094743788N11959044WA0213902216
B2054104743789N11959051WA0213802214
B2054114743791N11959057WA0214002215
B2054124743793N11959061WA0214002216
B2054134743794N11959064WA0214202219
B2054144743795N11959067WA0214302220
B2054154743796N11959070WA0214202220
B2054164743796N11959075WA0214002218
B2054174743796N11959081WA0213902215
B2054184743797N11959087WA0213902214
B2054194743798N11959093WA0213802213
B2054204743799N11959099WA0213902214
B2054214743800N11959103WA0213902215
B2054224743801N11959108WA0213802214
B2054234743802N11959114WA0213702211
B2054244743803N11959121WA0213402209
B2054254743804N11959128WA0213302207
B2054264743805N11959134WA0213302207
B2054274743806N11959139WA0213402208
B2054284743807N11959144WA0213402208
B2054294743807N11959150WA0213202207
B2054304743807N11959155WA0212802205
B2054314743808N11959160WA0213002203
B2054324743810N11959164WA0212702201
B2054334743813N11959167WA0212402197
B2054344743816N11959170WA0211902192
B2054354743817N11959174WA0211402185
B2054364743817N11959181WA0210602178
B2054374743816N11959187WA0210202172
B2054384743815N11959193WA0209802169
B2054394743815N11959198WA0209502166
B2054404743814N11959203WA0209102162
B2054414743814N11959209WA0208802158
B2054424743813N11959216WA0208002152
B2054434743811N11959223WA0207702147
B2054444743810N11959230WA0207302143
B2054454743809N11959237WA0207002138
B2054464743808N11959244WA0206402135
B2054474743808N11959251WA0206202131
B2054484743807N11959257WA0205802129
B2054494743807N11959262WA0205702127
B2054504743808N11959266WA0205402125
B2054514743809N11959271WA0205102122
B2054524743809N11959277WA0204602118
B2054534743809N11959283WA0204402113
B2054544743808N11959290WA0203902108
B2054554743808N11959297WA0203602105
B2054564743808N11959304WA0203202102
B2054574743808N11959311WA0203002099
B2054584743807N11959318WA0202402097
B2054594743807N11959324WA0202302093
B2055004743807N11959331WA0202202090
B2055014743806N11959339WA0201902086
B2055024743805N11959346WA0201502083
B2055034743805N11959354WA0201102080
B2055044743804N11959361WA0200902077
B2055054743802N11959367WA0200802075
B2055064743801N11959373WA0200402072
B2055074743800N11959379WA0200202069
B2055084743799N11959385WA0199702065
B2055094743797N11959391WA0199302061
B2055104743795N11959398WA0199002057
B2055114743794N11959404WA0198802054
B2055124743792N11959410WA0198502052
B2055134743790N11959416WA0198202049
B2055144743788N11959421WA0197902047
B2055154743786N11959427WA0197702043
B2055164743784N11959433WA0197302040
B2055174743782N11959439WA0197202037
B2055184743781N11959444WA0196802035
B2055194743779N11959448WA0196702033
B2055204743777N11959453WA0196302029
B2055214743775N11959458WA0196002025
B2055224743773N11959465WA0195502021
B2055234743771N11959472WA0195302018
B2055244743768N11959479WA0194902016
B2055254743767N11959485WA0194702015
B2055264743765N11959490WA0194702014
B2055274743764N11959496WA0194502012
B2055284743763N11959501WA0194302010
B2055294743761N11959507WA0194102007
B2055304743759N11959513WA0193602003
B2055314743757N11959518WA0193401999
B2055324743754N11959524WA0193001996
B2055334743752N11959529WA0192701993
B2055344743749N11959535WA0192301989
B2055354743747N11959542WA0191901985
B2055364743744N11959549WA0191601981
B2055374743741N11959555WA0191201976
B2055384743738N11959561WA0190701973
B2055394743734N11959567WA0190601970
B2055404743731N11959572WA0190301968
B2055414743729N11959578WA0190001966
B2055424743726N11959583WA0189801964
B2055434743725N11959588WA0189601962
B2055444743722N11959594WA0189501960
B2055454743720N11959601WA0189201957
B2055464743718N11959609WA0189001955
B2055474743715N11959617WA0189001954
B2055484743712N11959625WA0188901955
B2055494743710N11959631WA0189001957
B2055504743708N11959636WA0189101959
B2055514743706N11959642WA0189101959
B2055524743704N11959649WA0189101959
B2055534743702N11959656WA0189101958
B2055544743700N11959663WA0189101959
B2055554743698N11959669WA0189201959
B2055564743696N11959675WA0189301959
B2055574743695N11959683WA0189101959
B2055584743694N11959690WA0189201958
B2055594743693N11959698WA0189101957
B2056004743690N11959706WA0189101957
B2056014743688N11959713WA0189001956
B2056024743687N11959720WA0189001956
B2056034743686N11959726WA0189101958
B2056044743685N11959732WA0189201959
B2056054743684N11959737WA0189301960
B2056064743682N11959743WA0189201959
B2056074743680N11959750WA0189201958
B2056084743678N11959758WA0189101958
B2056094743676N11959764WA0189201959
B2056104743674N11959769WA0189301961
B2056114743673N11959773WA0189501962
B2056124743672N11959779WA0189601963
B2056134743671N11959785WA0189401962
B2056144743671N11959792WA0189501962
B2056154743671N11959798WA0189501962
B2056164743670N11959804WA0189601963
B2056174743670N11959809WA0189701964
B2056184743670N11959815WA0189701964
B2056194743670N11959822WA0189601964
B2056204743670N11959829WA0189801964
B2056214743670N11959836WA0189801964
B2056224743670N11959844WA0189801964
B2056234743670N11959851WA0189801966
B2056244743671N11959857WA0190001967
B2056254743672N11959863WA0190101968
B2056264743673N11959869WA0190201970
B2056274743673N11959874WA0190301971
B2056284743672N11959877WA0190401973
B2056294743671N11959879WA0190801975
B2056304743671N11959881WA0190901976
B2056314743671N11959885WA0190901977
B2056324743672N11959890WA0191001977
B2056334743672N11959895WA0191101977
B2056344743673N11959899WA0191301979
B2056354743675N11959903WA0191301980
B2056364743677N11959906WA0191401981
B2056374743679N11959909WA0191301981
B2056384743679N11959913WA0191201980
B2056394743679N11959917WA0191301978
B2056404743679N11959922WA0191301978
B2056414743679N11959927WA0191201979
B2056424743679N11959931WA0191301980
B2056434743679N11959935WA0191401982
B2056444743678N11959939WA0191701983
B2056454743677N11959944WA0191701985
B2056464743676N11959948WA0191901986
B2056474743675N11959953WA0191901987
B2056484743675N11959958WA0192101989
B2056494743677N11959965WA0192301990
B2056504743678N11959971WA0192401992
B2056514743680N11959977WA0192501993
B2056524743681N11959983WA0192801995
B2056534743682N11959989WA0192901996
B2056544743683N11959995WA0192901997
B2056554743684N12000001WA0192901997
B2056564743685N12000007WA0193001996
B2056574743685N12000014WA0192801995
B2056584743685N12000021WA0192701993
B2056594743686N12000028WA0192501991
B2057004743686N12000035WA0192301988
B2057014743687N12000042WA0192101986
B2057024743687N12000047WA0191801984
B2057034743687N12000053WA0191601981
B2057044743687N12000060WA0191101976
B2057054743686N12000068WA0190701971
B2057064743685N12000076WA0190401966
B2057074743684N12000084WA0190101963
B2057084743683N12000090WA0189901962
B2057094743682N12000096WA0189701961
B2057104743682N12000101WA0189501960
B2057114743682N12000107WA0189301958
B2057124743681N12000113WA0189201956
B2057134743681N12000119WA0189001954
B2057144743681N12000125WA0188701951
B2057154743681N12000131WA0188501949
B2057164743681N12000137WA0188301947
B2057174743680N12000143WA0188301946
B2057184743680N12000148WA0188101946
B2057194743680N12000152WA0188201946
B2057204743681N12000156WA0188101945
B2057214743681N12000160WA0187901944
B2057224743681N12000164WA0187901941
B2057234743680N12000169WA0187601939
B2057244743679N12000174WA0187401937
B2057254743677N12000178WA0187301936
B2057264743676N12000182WA0187101936
B2057274743676N12000186WA0187201936
B2057284743675N12000190WA0187001935
B2057294743673N12000194WA0187101934
B2057304743672N12000198WA0187001933
B2057314743670N12000202WA0187001933
B2057324743668N12000206WA0187001933
B2057334743666N12000210WA0186901933
B2057344743664N12000214WA0187001933
B2057354743663N12000217WA0186901934
B2057364743662N12000220WA0187101935
B2057374743662N12000224WA0187001935
B2057384743661N12000229WA0187001933
B2057394743661N12000234WA0186901932
B2057404743661N12000241WA0186601929
B2057414743661N12000248WA0186601928
B2057424743661N12000254WA0186401927
B2057434743660N12000258WA0186301927
B2057444743660N12000262WA0186401926
B2057454743660N12000266WA0186201924
B2057464743660N12000270WA0186001922
B2057474743661N12000274WA0185701919
B2057484743660N12000279WA0185401914
B2057494743660N12000285WA0184901908
B2057504743658N12000290WA0184401903
B2057514743657N12000296WA0184001900
B2057524743656N12000301WA0183701897
B2057534743655N12000306WA0183401893
B2057544743654N12000310WA0183001890
B2057554743652N12000315WA0182601885
B2057564743651N12000321WA0182201880
B2057574743649N12000327WA0181501875
B2057584743646N12000332WA0181301870
B2057594743644N12000338WA0180701866
B2058004743641N12000342WA0180401862
B2058014743638N12000346WA0180101859
B2058024743635N12000349WA0179801856
B2058034743633N12000353WA0179401852
B2058044743630N12000358WA0179001848
B2058054743627N12000361WA0178501842
B2058064743623N12000366WA0178201837
B2058074743620N12000371WA0177701832
B2058084743617N12000376WA0177201827
B2058094743615N12000382WA0176701823
B2058104743611N12000385WA0176401820
B2058114743608N12000388WA0176001816
B2058124743605N12000390WA0175601813
B2058134743602N12000393WA0175201809
B2058144743599N12000396WA0174901805
B2058154743596N12000399WA0174401800
B2058164743593N12000402WA0174101795
B2058174743589N12000404WA0173501790
B2058184743585N12000406WA0173201787
B2058194743582N12000408WA0172901784
B2058204743579N12000410WA0172501781
B2058214743577N12000413WA0172301778
B2058224743573N12000416WA0171901773
B2058234743570N12000419WA0171401768
B2058244743567N12000423WA0171101764
B2058254743564N12000428WA0170601761
B2058264743561N12000433WA0170401758
B2058274743559N12000437WA0170301756
B2058284743556N12000440WA0170001754
B2058294743553N12000444WA0169701751
B2058304743550N12000449WA0169501749
B2058314743548N12000455WA0169201746
B2058324743546N12000460WA0169001744
B2058334743544N12000464WA0168801742
B2058344743542N12000468WA0168601740
B2058354743540N12000473WA0168401739
B2058364743538N12000478WA0168301737
B2058374743537N12000484WA0168001734
B2058384743535N12000489WA0167801732
B2058394743533N12000494WA0167601729
B2058404743531N12000499WA0167501728
B2058414743530N12000503WA0167101726
B2058424743528N12000508WA0167001723
B2058434743527N12000513WA0166601720
B2058444743525N12000518WA0166401717
B2058454743523N12000523WA0166001713
B2058464743521N12000529WA0165901710
B2058474743519N12000534WA0165501708
B2058484743517N12000539WA0165401705
B2058494743515N12000543WA0165101703
B2058504743513N12000548WA0164901701
B2058514743511N12000552WA0164701699
B2058524743508N12000557WA0164501696
B2058534743506N12000563WA0164101692
B2058544743504N12000569WA0163901690
B2058554743501N12000574WA0163501688
B2058564743499N12000579WA0163501685
B2058574743496N12000583WA0163101683
B2058584743493N12000588WA0162901681
B2058594743490N12000594WA0162701678
B2059004743488N12000599WA0162401675
B2059014743485N12000605WA0162201673
B2059024743481N12000610WA0162001671
B2059034743477N12000614WA0161601669
B2059044743474N12000618WA0161701668
B2059054743471N12000622WA0161301666
B2059064743469N12000626WA0161301665
B2059074743466N12000630WA0161101663
B2059084743462N12000635WA0160901660
B2059094743459N12000639WA0160701657
B2059104743455N12000643WA0160501656
B2059114743452N12000647WA0160501655
B2059124743450N12000651WA0160401654
B2059134743448N12000655WA0160101652
B2059144743445N12000658WA0160001650
B2059154743443N12000661WA0159601647
B2059164743440N12000665WA0159401643
B2059174743436N12000669WA0159001639
B2059184743433N12000675WA0158701635
B2059194743431N12000680WA0158401632
B2059204743428N12000684WA0158301631
B2059214743425N12000687WA0157801628
B2059224743422N12000691WA0157601625
B2059234743418N12000695WA0157101621
B2059244743415N12000700WA0156901616
B2059254743412N12000706WA0156401612
B2059264743408N12000710WA0156101609
B2059274743405N12000715WA0155801605
B2059284743402N12000719WA0155401602
B2059294743399N12000723WA0155001598
B2059304743396N12000728WA0154601594
B2059314743393N12000733WA0154201590
B2059324743390N12000739WA0153901586
B2059334743386N12000744WA0153601582
B2059344743383N12000749WA0153401579
B2059354743380N12000754WA0152901576
B2059364743376N12000758WA0152601573
B2059374743373N12000763WA0152201569
B2059384743370N12000769WA0152001566
B2059394743367N12000774WA0151601564
B2059404743364N12000778WA0151501562
B2059414743362N12000782WA0151301559
B2059424743359N12000786WA0150901556
B2059434743356N12000791WA0150701552
B2059444743353N12000796WA0150301548
B2059454743351N12000801WA0149901544
B2059464743348N12000807WA0149601540
B2059474743345N12000813WA0149001537
B2059484743343N12000819WA0148901533
B2059494743340N12000825WA0148501530
B2059504743338N12000831WA0148201526
B2059514743336N12000837WA0147801522
B2059524743334N12000843WA0147501518
B2059534743331N12000849WA0147001514
B2059544743329N12000856WA0146501510
B2059554743327N12000862WA0146201505
B2059564743324N12000869WA0145801500
B2059574743322N12000876WA0145301496
B2059584743320N12000883WA0145001491
B2059594743317N12000889WA0144301487
B2100004743314N12000895WA0144101483
B2100014743312N12000902WA0143701479
B2100024743310N12000908WA0143501475
B2100034743308N12000914WA0143001472
B2100044743306N12000920WA0142701468
B2100054743304N12000926WA0142101464
B2100064743301N12000931WA0141901459
B2100074743298N12000937WA0141301455
B2100084743295N12000942WA0141101451
B2100094743293N12000947WA0140601447
B2100104743291N12000952WA0140201443
B2100114743288N12000957WA0139701438
B2100124743285N12000962WA0139401433
B2100134743282N12000967WA0138901429
B2100144743279N12000973WA0138601426
B2100154743276N12000978WA0138301423
B2100164743275N12000982WA0138101422
B2100174743273N12000985WA0137801420
B2100184743270N12000988WA0137601416
B2100194743268N12000992WA0137201412
B2100204743266N12000996WA0137001409
B2100214743264N12001000WA0136801407
B2100224743262N12001001WA0136701406
B2100234743260N12001002WA0136401405
B2100244743258N12001002WA0136401403
B2100254743255N12001002WA0136001400
B2100264743252N12001004WA0135701396
B2100274743249N12001006WA0135501393
B2100284743246N12001008WA0135301391
B2100294743244N12001010WA0135101390
B2100304743242N12001011WA0134901389
B2100314743239N12001013WA0134801388
B2100324743237N12001015WA0134601386
B2100334743235N12001018WA0134301383
B2100344743232N12001021WA0134101380
B2100354743229N12001024WA0133901378
B2100364743226N12001027WA0133801376
B2100374743224N12001030WA0133601375
B2100384743222N12001033WA0133501373
B2100394743221N12001037WA0133101371
B2100404743219N12001040WA0133001369
B2100414743217N12001042WA0132801366
B2100424743215N12001045WA0132601364
B2100434743213N12001048WA0132301361
B2100444743212N12001051WA0132201359
B2100454743210N12001054WA0131901357
B2100464743209N12001058WA0131801355
B2100474743207N12001061WA0131401353
B2100484743205N12001065WA0131401350
B2100494743203N12001069WA0131201349
B2100504743201N12001072WA0131101348
B2100514743200N12001075WA0130901347
B2100524743198N12001078WA0130801347
B2100534743197N12001080WA0130901346
B2100544743195N12001083WA0130801345
B2100554743193N12001087WA0130701345
B2100564743191N12001090WA0130701345
B2100574743189N12001092WA0130701345
B2100584743186N12001094WA0130601345
B2100594743184N12001096WA0130601345
B2101004743182N12001099WA0130601344
B2101014743180N12001102WA0130401343
B2101024743177N12001106WA0130401342
B2101034743174N12001109WA0130301341
B2101044743171N12001112WA0130301340
B2101054743168N12001115WA0130301341
B2101064743166N12001118WA0130301342
B2101074743164N12001121WA0130401343
B2101084743162N12001124WA0130301343
B2101094743160N12001127WA0130401342
B2101104743157N12001129WA0130301341
B2101114743154N12001132WA0130301341
B2101124743151N12001136WA0130301340
B2101134743149N12001139WA0130301339
B2101144743147N12001143WA0130101339
B2101154743145N12001146WA0130001338
B2101164743142N12001149WA0129901336
B2101174743139N12001152WA0129801334
B2101184743135N12001156WA0129601332
B2101194743132N12001161WA0129401329
B2101204743129N12001167WA0129201329
B2101214743125N12001173WA0129201329
B2101224743122N12001177WA0129201330
B2101234743119N12001181WA0129401332
B2101244743116N12001186WA0129501334
B2101254743113N12001191WA0129501335
B2101264743110N12001197WA0129401334
B2101274743105N12001202WA0129501334
B2101284743102N12001207WA0129701336
B2101294743099N12001209WA0130101340
B2101304743097N12001209WA0130301345
B2101314743096N12001209WA0130701348
B2101324743095N12001209WA0130901349
B2101334743093N12001211WA0131001349
B2101344743090N12001214WA0130901348
B2101354743088N12001219WA0130801346
B2101364743085N12001223WA0130801346
B2101374743083N12001226WA0130901347
B2101384743081N12001228WA0131001348
B2101394743079N12001231WA0131001348
B2101404743076N12001235WA0130901347
B2101414743073N12001239WA0130701344
B2101424743069N12001243WA0130601342
B2101434743065N12001246WA0130501341
B2101444743061N12001248WA0130301340
B2101454743058N12001252WA0130101338
B2101464743055N12001257WA0129901336
B2101474743051N12001262WA0129901334
B2101484743047N12001267WA0129801334
B2101494743044N12001270WA0129801335
B2101504743042N12001273WA0129801337
B2101514743041N12001276WA0130101338
B2101524743039N12001280WA0129901338
B2101534743038N12001284WA0129901337
B2101544743035N12001289WA0129701334
B2101554743033N12001295WA0129701332
B2101564743031N12001301WA0129601332
B2101574743029N12001307WA0129501332
B2101584743026N12001312WA0129601334
B2101594743023N12001316WA0129801336
B2102004743020N12001319WA0130001338
B2102014743016N12001322WA0130101340
B2102024743013N12001325WA0130301343
B2102034743009N12001328WA0130401344
B2102044743006N12001331WA0130801347
B2102054743004N12001334WA0131101351
B2102064743002N12001336WA0131301355
B2102074743001N12001338WA0131801358
B2102084742999N12001339WA0132001362
B2102094742998N12001342WA0132201365
B2102104742996N12001345WA0132401368
B2102114742995N12001346WA0132901371
B2102124742994N12001348WA0133201374
B2102134742994N12001349WA0133301376
B2102144742993N12001352WA0133401376
B2102154742992N12001355WA0133601376
B2102164742991N12001359WA0133701377
B2102174742990N12001363WA0133601377
B2102184742990N12001368WA0133801378
B2102194742990N12001372WA0133901380
B2102204742990N12001377WA0134101382
B2102214742990N12001380WA0134201383
B2102224742990N12001384WA0134301385
B2102234742989N12001386WA0134601388
B2102244742988N12001389WA0134701390
B2102254742987N12001392WA0134901391
B2102264742986N12001395WA0135001393
B2102274742984N12001398WA0135301394
B2102284742983N12001402WA0135401396
B2102294742983N12001406WA0135701398
B2102304742983N12001411WA0135701400
B2102314742983N12001415WA0136101403
B2102324742983N12001419WA0136201405
B2102334742984N12001423WA0136501407
B2102344742984N12001427WA0136701409
B2102354742983N12001432WA0136801411
B2102364742982N12001436WA0137101412
B2102374742981N12001441WA0137301414
B2102384742981N12001445WA0137501417
B2102394742982N12001449WA0137701420
B2102404742982N12001453WA0137801422
B2102414742982N12001456WA0138201424
B2102424742982N12001460WA0138201425
B2102434742982N12001465WA0138201426
B2102444742981N12001469WA0138401426
B2102454742981N12001473WA0138501427
B2102464742980N12001477WA0138601427
B2102474742979N12001480WA0138701428
B2102484742978N12001484WA0138601429
B2102494742977N12001488WA0138701430
B2102504742977N12001492WA0138801430
B2102514742977N12001495WA0138901431
B2102524742978N12001498WA0138801433
B2102534742979N12001501WA0139301433
B2102544742979N12001505WA0139101433
B2102554742979N12001510WA0139001432
B2102564742980N12001516WA0139101432
B2102574742981N12001522WA0139101433
B2102584742982N12001526WA0139201434
B2102594742984N12001529WA0139301434
B2103004742987N12001532WA0139101433
B2103014742989N12001536WA0139101431
B2103024742989N12001540WA0138901429
B2103034742987N12001542WA0138301425
B2103044742983N12001541WA0138201421
B2103054742979N12001534WA0137601416
B2103064742978N12001522WA0137301412
B2103074742979N12001512WA0137301412
B2103084742981N12001503WA0137301411
B2103094742984N12001496WA0137001410
B2103104742987N12001487WA0136701407
B2103114742989N12001475WA0136301402
B2103124742991N12001460WA0135901397
B2103134742992N12001444WA0135801394
B2103144742993N12001431WA0135701396
B2103154742994N12001420WA0136001402
B2103164742995N12001410WA0136301407
B2103174742997N12001399WA0136701411
B2103184742998N12001386WA0136801413
B2103194742999N12001374WA0137301415
B2103204742999N12001362WA0137401417
B2103214743000N12001351WA0137601418
B2103224743001N12001339WA0137601419
B2103234743003N12001327WA0137601419
B2103244743005N12001315WA0137801420
B2103254743005N12001304WA0137801421
B2103264743005N12001292WA0138001423
B2103274743006N12001282WA0138201425
B2103284743007N12001271WA0138401427
B2103294743008N12001260WA0138401429
B2103304743008N12001250WA0138601431
B2103314743009N12001240WA0139001433
B2103324743010N12001230WA0139201434
B2103334743012N12001220WA0139101435
B2103344743015N12001210WA0139401436
B2103354743019N12001200WA0139501437
B2103364743024N12001192WA0139501439
B2103374743030N12001185WA0139701440
B2103384743036N12001182WA0139301441
B2103394743041N12001182WA0139901443
B2103404743045N12001184WA0140001445
B2103414743047N12001187WA0140201446
B2103424743048N12001190WA0140301448
B2103434743048N12001193WA0140401449
B2103444743046N12001196WA0140301449
B2103454743043N12001198WA0140401450
B2103464743039N12001196WA0140701451
B2103474743035N12001192WA0141001452
B2103484743032N12001185WA0140801453
B2103494743030N12001176WA0140901453
B2103504743031N12001165WA0140901453
B2103514743033N12001155WA0141101454
B2103524743035N12001145WA0140801454
B2103534743038N12001135WA0141201455
B2103544743040N12001125WA0141101456
B2103554743043N12001115WA0141201456
B2103564743047N12001105WA0141301456
B2103574743050N12001095WA0141101456
B2103584743054N12001083WA0141201455
B2103594743057N12001071WA0141301455
B2104004743060N12001060WA0141301457
B2104014743063N12001050WA0141501459
B2104024743065N12001041WA0141601460
B2104034743068N12001031WA0141801462
B2104044743071N12001020WA0141801463
B2104054743074N12001009WA0141801465
B2104064743077N12000999WA0142201468
B2104074743080N12000991WA0142801473
B2104084743083N12000985WA0143101477
B2104094743087N12000980WA0143201479
B2104104743091N12000976WA0143501480
B2104114743096N12000973WA0143501481
B2104124743101N12000972WA0143501482
B2104134743105N12000974WA0143801483
B2104144743108N12000978WA0143701485
B2104154743109N12000984WA0144201487
B2104164743108N12000989WA0144001488
B2104174743105N12000993WA0144401491
B2104184743101N12000994WA0144601492
B2104194743096N12000992WA0144801494
B2104204743091N12000988WA0144901496
B2104214743088N12000981WA0144901498
B2104224743085N12000972WA0145101499
B2104234743084N12000962WA0145501499
B2104244743085N12000951WA0145401500
B2104254743087N12000942WA0145501503
B2104264743090N12000936WA0145701505
B2104274743094N12000931WA0145801506
B2104284743099N12000929WA0146001508
B2104294743103N12000928WA0146401509
B2104304743107N12000929WA0146301510
B2104314743111N12000931WA0146501512
B2104324743114N12000935WA0146501514
B2104334743115N12000939WA0147001516
B2104344743116N12000943WA0147101519
B2104354743116N12000946WA0147301522
B2104364743116N12000947WA0147601525
B2104374743115N12000949WA0147801527
B2104384743112N12000952WA0148001528
B2104394743109N12000955WA0148001530
B2104404743104N12000955WA0148701535
B2104414743100N12000951WA0148901539
B2104424743096N12000944WA0149001543
B2104434743094N12000935WA0149801546
B2104444743094N12000924WA0149901549
B2104454743095N12000913WA0150201551
B2104464743098N12000904WA0150701553
B2104474743101N12000895WA0151001557
B2104484743105N12000889WA0151201560
B2104494743110N12000886WA0151301562
B2104504743116N12000886WA0151501563
B2104514743121N12000887WA0151701566
B2104524743124N12000890WA0151901570
B2104534743126N12000893WA0152301574
B2104544743127N12000897WA0152701577
B2104554743126N12000900WA0153101580
B2104564743125N12000903WA0153101582
B2104574743123N12000907WA0153501584
B2104584743120N12000911WA0153501587
B2104594743117N12000914WA0154001590
B2105004743113N12000917WA0154101593
B2105014743110N12000919WA0154601598
B2105024743106N12000920WA0154901603
B2105034743103N12000920WA0155501608
B2105044743099N12000919WA0155801612
B2105054743095N12000916WA0156001615
B2105064743092N12000912WA0156301617
B2105074743089N12000905WA0156701620
B2105084743087N12000898WA0157001623
B2105094743088N12000889WA0157001624
B2105104743090N12000880WA0157401626
B2105114743094N12000872WA0157601628
B2105124743098N12000866WA0157901631
B2105134743104N12000864WA0157801632
B2105144743109N12000864WA0158301634
B2105154743113N12000865WA0158601638
B2105164743116N12000867WA0158901642
B2105174743119N12000870WA0159201646
B2105184743121N12000872WA0159501651
B2105194743122N12000874WA0160001655
B2105204743122N12000877WA0160201658
B2105214743121N12000879WA0160401660
B2105224743118N12000882WA0160801662
B2105234743115N12000883WA0161201665
B2105244743112N12000883WA0161201668
B2105254743108N12000880WA0161401670
B2105264743105N12000875WA0161701672
B2105274743102N12000869WA0161901672
B2105284743100N12000860WA0161901672
B2105294743099N12000848WA0161801672
B2105304743101N12000836WA0161801672
B2105314743104N12000827WA0162201673
B2105324743108N12000820WA0162201677
B2105334743111N12000814WA0162701681
B2105344743116N12000810WA0162901682
B2105354743121N12000806WA0163001684
B2105364743127N12000804WA0163001687
B2105374743132N12000803WA0163701690
B2105384743135N12000804WA0164001694
B2105394743139N12000807WA0164301696
B2105404743142N12000810WA0164401699
B2105414743143N12000814WA0164701703
B2105424743144N12000817WA0165001706
B2105434743142N12000819WA0165301709
B2105444743139N12000820WA0165501711
B2105454743136N12000820WA0165901713
B2105464743131N12000817WA0166001715
B2105474743128N12000811WA0166201717
B2105484743125N12000803WA0166201719
B2105494743124N12000793WA0166601720
B2105504743126N12000784WA0166401723
B2105514743129N12000775WA0167201724
B2105524743133N12000767WA0167301726
B2105534743138N12000759WA0167401729
B2105544743143N12000753WA0167701732
B2105554743149N12000749WA0167801735
B2105564743155N12000748WA0168301738
B2105574743160N12000750WA0168501741
B2105584743163N12000753WA0168901745
B2105594743166N12000756WA0169301749
B2106004743168N12000760WA0169601753
B2106014743168N12000763WA0169801757
B2106024743166N12000766WA0170201760
B2106034743163N12000768WA0170601762
B2106044743159N12000767WA0170701765
B2106054743155N12000763WA0170801767
B2106064743152N12000756WA0170901770
B2106074743151N12000746WA0171601772
B2106084743150N12000736WA0171801775
B2106094743150N12000727WA0172101779
B2106104743151N12000720WA0172601784
B2106114743152N12000712WA0173001788
B2106124743155N12000704WA0173201791
B2106134743159N12000698WA0173401793
B2106144743165N12000695WA0173801795
B2106154743170N12000695WA0173701798
B2106164743174N12000696WA0174401803
B2106174743176N12000698WA0174901808
B2106184743177N12000700WA0175101812
B2106194743177N12000703WA0175701816
B2106204743176N12000705WA0176001820
B2106214743174N12000708WA0176201822
B2106224743170N12000710WA0176501825
B2106234743165N12000709WA0176601827
B2106244743161N12000705WA0176901830
B2106254743157N12000699WA0177401833
B2106264743154N12000690WA0177701835
B2106274743151N12000681WA0177801837
B2106284743150N12000671WA0178101841
B2106294743151N12000661WA0178401845
B2106304743154N12000653WA0178701848
B2106314743159N12000646WA0178801850
B2106324743164N12000643WA0179401853
B2106334743168N12000642WA0179601857
B2106344743171N12000643WA0179801861
B2106354743172N12000645WA0180301865
B2106364743173N12000647WA0180701869
B2106374743173N12000650WA0180901873
B2106384743170N12000653WA0181201875
B2106394743166N12000655WA0181701877
B2106404743162N12000656WA0181601880
B2106414743156N12000655WA0182101883
B2106424743151N12000651WA0182301886
B2106434743147N12000646WA0182801890
B2106444743143N12000639WA0182901893
B2106454743141N12000630WA0183301896
B2106464743140N12000621WA0183601898
B2106474743140N12000611WA0183901899
B2106484743141N12000601WA0184001901
B2106494743144N12000593WA0184201904
B2106504743147N12000588WA0184601908
B2106514743150N12000585WA0184801912
B2106524743154N12000585WA0184801914
B2106534743158N12000587WA0185501916
B2106544743162N12000589WA0185601919
B2106554743164N12000591WA0186101923
B2106564743166N12000592WA0186401927
B2106574743167N12000594WA0186701931
B2106584743166N12000597WA0186801933
B2106594743165N12000602WA0187001935
B2107004743162N12000606WA0187201937
B2107014743158N12000610WA0187801939
B2107024743153N12000611WA0187801942
B2107034743148N12000611WA0188001945
B2107044743143N12000608WA0188301948
B2107054743139N12000603WA0188701950
B2107064743135N12000597WA0188901951
B2107074743131N12000591WA0189101952
B2107084743127N12000584WA0189101953
B2107094743125N12000577WA0189001954
B2107104743123N12000569WA0189101954
B2107114743124N12000562WA0189101953
B2107124743125N12000554WA0189101952
B2107134743126N12000546WA0188901952
B2107144743128N12000539WA0188701951
B2107154743132N12000534WA0188801950
B2107164743137N12000532WA0188601949
B2107174743141N12000534WA0188301948
B2107184743144N12000538WA0188501947
B2107194743147N12000544WA0188601947
B2107204743148N12000550WA0188401947
B2107214743149N12000556WA0188301948
B2107224743151N12000562WA0188401948
B2107234743152N12000568WA0188501949
B2107244743153N12000574WA0188401950
B2107254743153N12000580WA0188901951
B2107264743152N12000586WA0188901952
B2107274743150N12000591WA0189001954
B2107284743149N12000596WA0189201953
B2107294743149N12000599WA0189001952
B2107304743148N12000604WA0188801949
B2107314743149N12000609WA0188501945
B2107324743151N12000614WA0188001942
B2107334743154N12000618WA0187901939
B2107344743158N12000622WA0187701938
B2107354743161N12000625WA0187601937
B2107364743164N12000628WA0187201937
B2107374743166N12000631WA0187301936
B2107384743168N12000634WA0187301934
B2107394743168N12000636WA0187101934
B2107404743168N12000639WA0187001933
B2107414743167N12000642WA0187001932
B2107424743168N12000646WA0186901931
B2107434743169N12000650WA0186801930
B2107444743169N12000654WA0186801930
B2107454743169N12000658WA0186601929
B2107464743168N12000661WA0186401927
B2107474743167N12000664WA0186301924
B2107484743166N12000668WA0186001921
B2107494743165N12000672WA0185501916
B2107504743163N12000677WA0185101910
B2107514743161N12000683WA0184601904
B2107524743158N12000688WA0184201899
B2107534743154N12000692WA0183801897
B2107544743150N12000693WA0183401894
B2107554743146N12000691WA0183201891
B2107564743141N12000688WA0182901887
B2107574743137N12000681WA0182401882
B2107584743133N12000673WA0182101879
B2107594743131N12000662WA0181601876
B2108004743132N12000652WA0181501872
B2108014743134N12000642WA0181101868
B2108024743137N12000633WA0180801865
B2108034743141N12000625WA0180501862
B2108044743145N12000616WA0180101858
B2108054743150N12000607WA0179601853
B2108064743156N12000598WA0179101847
B2108074743162N12000590WA0178701843
B2108084743169N12000583WA0178601841
B2108094743175N12000576WA0178201839
B2108104743182N12000571WA0177901836
B2108114743189N12000566WA0177501833
B2108124743196N12000561WA0177301828
B2108134743203N12000554WA0176901823
B2108144743210N12000547WA0176701819
B2108154743217N12000540WA0176201816
B2108164743225N12000531WA0175901814
B2108174743231N12000522WA0175801811
B2108184743236N12000512WA0175701811
B2108194743239N12000503WA0175901814
B2108204743241N12000495WA0175901816
B2108214743244N12000488WA0176101817
B2108224743248N12000480WA0176001816
B2108234743253N12000471WA0175901815
B2108244743258N12000462WA0175901816
B2108254743263N12000453WA0176101817
B2108264743266N12000445WA0176301820
B2108274743268N12000437WA0176401823
B2108284743270N12000430WA0176601824
B2108294743273N12000423WA0176701825
B2108304743278N12000415WA0176501824
B2108314743284N12000409WA0176601822
B2108324743290N12000403WA0176201823
B2108334743295N12000399WA0177001827
B2108344743299N12000396WA0177101831
B2108354743302N12000393WA0177501835
B2108364743305N12000391WA0177701838
B2108374743308N12000388WA0177901839
B2108384743312N12000385WA0177801838
B2108394743317N12000382WA0177801837
B2108404743323N12000379WA0177701835
B2108414743329N12000374WA0177601834
B2108424743334N12000369WA0177401833
B2108434743339N12000364WA0177501833
B2108444743344N12000359WA0177401833
B2108454743349N12000354WA0177301831
B2108464743354N12000348WA0177301830
B2108474743359N12000341WA0177101828
B2108484743364N12000334WA0177001828
B2108494743368N12000327WA0177001827
B2108504743373N12000319WA0176701826
B2108514743377N12000310WA0176701824
B2108524743383N12000302WA0176501823
B2108534743388N12000293WA0176501821
B2108544743393N12000283WA0176401820
B2108554743399N12000273WA0176201820
B2108564743404N12000263WA0176401819
B2108574743410N12000253WA0176401819
B2108584743415N12000243WA0176201819
B2108594743419N12000232WA0176301820
B2109004743423N12000222WA0176301820
B2109014743428N12000211WA0176301820
B2109024743433N12000199WA0176301821
B2109034743438N12000189WA0176501822
B2109044743443N12000181WA0176701826
B2109054743448N12000173WA0177101830
B2109064743452N12000165WA0177201833
B2109074743456N12000156WA0177501835
B2109084743459N12000147WA0177701837
B2109094743462N12000139WA0177801839
B2109104743466N12000131WA0177901840
B2109114743469N12000122WA0178201842
B2109124743472N12000111WA0178301843
B2109134743476N12000101WA0178301844
B2109144743480N12000092WA0178601846
B2109154743484N12000082WA0178801849
B2109164743487N12000071WA0179001851
B2109174743489N12000060WA0179201854
B2109184743491N12000049WA0179401857
B2109194743493N12000038WA0179801861
B2109204743494N12000028WA0180201865
B2109214743494N12000017WA0180401868
B2109224743492N12000006WA0180601870
B2109234743489N11959998WA0180901871
B2109244743485N11959991WA0180901871
B2109254743482N11959984WA0181201872
B2109264743480N11959977WA0181201873
B2109274743477N11959970WA0181401875
B2109284743472N11959965WA0181301875
B2109294743468N11959963WA0181501876
B2109304743464N11959963WA0181601878
B2109314743462N11959964WA0181801880
B2109324743460N11959965WA0182001883
B2109334743460N11959966WA0182201885
B2109344743459N11959967WA0182301886
B2109354743458N11959968WA0182401887
B2109364743457N11959969WA0182401888
B2109374743455N11959971WA0182701889
B2109384743454N11959972WA0182701890
B2109394743454N11959975WA0182701891
B2109404743456N11959977WA0182701891
B2109414743460N11959978WA0183001891
B2109424743465N11959977WA0182901891
B2109434743470N11959976WA0183001891
B2109444743476N11959971WA0182901892
B2109454743482N11959965WA0183001893
B2109464743487N11959957WA0183201895
B2109474743491N11959949WA0183501899
B2109484743494N11959941WA0183901903
B2109494743497N11959933WA0184101906
B2109504743500N11959923WA0184401909
B2109514743503N11959912WA0184701911
B2109524743503N11959899WA0184801913
B2109534743502N11959885WA0185101915
B2109544743499N11959874WA0185301918
B2109554743495N11959866WA0185601921
B2109564743492N11959861WA0185701924
B2109574743488N11959858WA0186101925
B2109584743485N11959857WA0186201927
B2109594743482N11959857WA0186401929
B2110004743480N11959859WA0186501931
B2110014743479N11959862WA0186701932
B2110024743480N11959865WA0186701933
B2110034743482N11959867WA0186901934
B2110044743485N11959868WA0187101936
B2110054743490N11959866WA0187301938
B2110064743495N11959862WA0187301939
B2110074743500N11959857WA0187501940
B2110084743505N11959850WA0187501941
B2110094743510N11959841WA0187701942
B2110104743514N11959832WA0187801943
B2110114743517N11959821WA0188001945
B2110124743519N11959810WA0188201947
B2110134743519N11959799WA0188301948
B2110144743518N11959787WA0188501950
B2110154743517N11959776WA0188601951
B2110164743515N11959765WA0188901953
B2110174743513N11959756WA0189201956
B2110184743510N11959749WA0189401958
B2110194743506N11959743WA0189501960
B2110204743502N11959737WA0189701962
B2110214743499N11959731WA0189901964
B2110224743495N11959726WA0190101966
B2110234743491N11959722WA0190201970
B2110244743488N11959719WA0190601972
B2110254743486N11959719WA0190601973
B2110264743485N11959721WA0190701973
B2110274743485N11959724WA0190801973
B2110284743486N11959727WA0190801973
B2110294743490N11959729WA0190901973
B2110304743495N11959729WA0190801973
B2110314743501N11959727WA0190801972
B2110324743507N11959724WA0190701972
B2110334743514N11959718WA0190901973
B2110344743520N11959711WA0191001975
B2110354743525N11959703WA0191201976
B2110364743530N11959693WA0191201977
B2110374743535N11959682WA0191101977
B2110384743539N11959671WA0191301977
B2110394743542N11959658WA0191301978
B2110404743543N11959645WA0191401978
B2110414743543N11959633WA0191301979
B2110424743542N11959623WA0191501980
B2110434743540N11959614WA0191701982
B2110444743537N11959606WA0191801984
B2110454743534N11959600WA0192101985
B2110464743531N11959595WA0192001986
B2110474743528N11959590WA0192201987
B2110484743525N11959586WA0192201988
B2110494743522N11959583WA0192301988
B2110504743519N11959581WA0192301988
B2110514743516N11959580WA0192401988
B2110524743513N11959580WA0192201988
B2110534743509N11959581WA0192301987
B2110544743507N11959583WA0192301986
B2110554743505N11959586WA0192201985
B2110564743505N11959590WA0192001984
B2110574743505N11959593WA0192001983
B2110584743505N11959597WA0192001983
B2110594743506N11959600WA0192001983
B2111004743506N11959603WA0191901982
B2111014743506N11959607WA0191701981
B2111024743507N11959612WA0191801981
B2111034743509N11959616WA0191701982
B2111044743511N11959618WA0192001984
B2111054743513N11959619WA0192101987
B2111064743513N11959621WA0192201989
B2111074743513N11959621WA0192501990
B2111084743513N11959622WA0192401991
B2111094743513N11959623WA0192601992
B2111104743513N11959625WA0192701993
B2111114743512N11959626WA0192901995
B2111124743512N11959628WA0193001997
B2111134743511N11959630WA0193201998
B2111144743511N11959632WA0193302000
B2111154743512N11959634WA0193502002
B2111164743515N11959635WA0193502003
B2111174743519N11959637WA0193702004
B2111184743524N11959637WA0193702005
B2111194743529N11959637WA0193902006
B2111204743535N11959634WA0194102008
B2111214743541N11959629WA0194202010
B2111224743546N11959621WA0194402011
B2111234743550N11959611WA0194402012
B2111244743553N11959599WA0194502012
B2111254743554N11959587WA0194602014
B2111264743553N11959576WA0194702015
B2111274743550N11959567WA0194902016
B2111284743547N11959561WA0194902017
B2111294743543N11959559WA0195002018
B2111304743541N11959559WA0195302019
B2111314743539N11959560WA0195402020
B2111324743537N11959562WA0195302021
B2111334743536N11959564WA0195502022
B2111344743535N11959566WA0195602023
B2111354743534N11959569WA0195802024
B2111364743533N11959572WA0195902025
B2111374743533N11959576WA0196002026
B2111384743533N11959580WA0195902027
B2111394743533N11959584WA0196202028
B2111404743533N11959587WA0196102029
B2111414743534N11959590WA0196302030
B2111424743535N11959592WA0196302031
B2111434743538N11959595WA0196302031
B2111444743541N11959599WA0196102030
B2111454743545N11959602WA0196302029
B2111464743550N11959604WA0196202029
B2111474743555N11959606WA0196502031
B2111484743560N11959607WA0196402034
B2111494743563N11959608WA0196802038
B2111504743567N11959609WA0196902041
B2111514743570N11959611WA0197202042
B2111524743574N11959614WA0197502044
B2111534743576N11959618WA0197702045
B2111544743579N11959623WA0197802046
B2111554743583N11959626WA0197802047
B2111564743589N11959628WA0197902047
B2111574743595N11959629WA0197802047
B2111584743603N11959628WA0197702045
B2111594743611N11959626WA0197702044
B2112004743618N11959623WA0197702043
B2112014743624N11959618WA0197402042
B2112024743630N11959613WA0197402041
B2112034743637N11959607WA0197202039
B2112044743644N11959602WA0196902036
B2112054743652N11959596WA0196702033
B2112064743660N11959591WA0196502031
B2112074743668N11959585WA0196402031
B2112084743674N11959580WA0196302032
B2112094743681N11959576WA0196402034
B2112104743687N11959571WA0196502034
B2112114743693N11959567WA0196602035
B2112124743699N11959563WA0196702036
B2112134743705N11959558WA0196902037
B2112144743712N11959552WA0196902036
B2112154743719N11959546WA0196602035
B2112164743727N11959539WA0196502034
B2112174743736N11959533WA0196902034
B2112184743745N11959526WA0196902037
B2112194743752N11959519WA0197202042
B2112204743758N11959513WA0197602047
B2112214743763N11959506WA0198002052
B2112224743768N11959500WA0198302056
B2112234743774N11959493WA0198902061
B2112244743779N11959488WA0199302066
B2112254743783N11959482WA0199702070
B2112264743788N11959478WA0200002074
B2112274743793N11959476WA0200402077
B2112284743798N11959475WA0200802080
B2112294743803N11959476WA0201002083
B2112304743807N11959478WA0201202087
B2112314743810N11959480WA0201702092
B2112324743810N11959483WA0202002096
B2112334743807N11959486WA0202602098
B2112344743803N11959486WA0202602100
B2112354743799N11959484WA0202802102
B2112364743794N11959478WA0203202105
B2112374743791N11959470WA0203602108
B2112384743789N11959463WA0204002114
B2112394743788N11959456WA0204802121
B2112404743789N11959449WA0205102126
B2112414743790N11959440WA0205502130
B2112424743792N11959428WA0205702131
B2112434743795N11959416WA0206002133
B2112444743798N11959405WA0206202138
B2112454743803N11959398WA0206502144
B2112464743807N11959395WA0207002148
B2112474743813N11959393WA0207302150
B2112484743818N11959393WA0207602153
B2112494743822N11959395WA0207802156
B2112504743824N11959398WA0208102159
B2112514743826N11959403WA0208302161
B2112524743826N11959407WA0208502164
B2112534743825N11959411WA0208902167
B2112544743823N11959414WA0209302170
B2112554743819N11959414WA0209402173
B2112564743814N11959411WA0209702174
B2112574743809N11959404WA0209902176
B2112584743806N11959396WA0210302181
B2112594743805N11959387WA0210902187
B2113004743806N11959379WA0211302193
B2113014743808N11959370WA0211902198
B2113024743810N11959361WA0212202201
B2113034743814N11959353WA0212302204
B2113044743818N11959347WA0212602206
B2113054743824N11959345WA0212602207
B2113064743830N11959345WA0213102209
B2113074743834N11959349WA0213302211
B2113084743837N11959353WA0213702214
B2113094743838N11959357WA0213702217
B2113104743838N11959360WA0214202219
B2113114743837N11959364WA0214502222
B2113124743835N11959368WA0214602223
B2113134743832N11959370WA0214602225
B2113144743827N11959370WA0214402226
B2113154743822N11959368WA0215202227
B2113164743819N11959364WA0215402231
B2113174743817N11959358WA0215802236
B2113184743817N11959351WA0216002238
B2113194743817N11959343WA0216302239
B2113204743817N11959333WA0216402240
B2113214743815N11959323WA0216702241
B2113224743815N11959313WA0216702243
B2113234743816N11959303WA0217102246
B2113244743819N11959293WA0217202248
B2113254743823N11959283WA0217302249
B2113264743829N11959277WA0217602252
B2113274743834N11959273WA0217902255
B2113284743839N11959272WA0218202258
B2113294743844N11959272WA0218402260
B2113304743848N11959273WA0218702263
B2113314743851N11959275WA0218702265
B2113324743854N11959278WA0219102267
B2113334743856N11959283WA0219302269
B2113344743856N11959287WA0219402271
B2113354743856N11959292WA0219602273
B2113364743856N11959297WA0219902275
B2113374743856N11959301WA0220102277
B2113384743854N11959304WA0220202279
B2113394743851N11959306WA0220402281
B2113404743848N11959306WA0220302282
B2113414743844N11959303WA0220302282
B2113424743840N11959295WA0220502282
B2113434743838N11959285WA0220402282
B2113444743839N11959274WA0220702284
B2113454743840N11959264WA0221002287
B2113464743843N11959255WA0221202291
B2113474743846N11959247WA0221402293
B2113484743849N11959239WA0221602295
B2113494743852N11959230WA0221802296
B2113504743856N11959222WA0221902297
B2113514743862N11959216WA0221802297
B2113524743868N11959213WA0222002298
B2113534743873N11959213WA0222002299
B2113544743877N11959215WA0222302301
B2113554743880N11959219WA0222302302
B2113564743881N11959225WA0222502304
B2113574743880N11959230WA0222502305
B2113584743878N11959234WA0222802306
B2113594743875N11959239WA0222902307
B2114004743872N11959243WA0222602308
B2114014743868N11959246WA0223202309
B2114024743865N11959249WA0223302311
B2114034743861N11959250WA0223402313
B2114044743858N11959250WA0223402314
B2114054743855N11959250WA0223502315
B2114064743852N11959251WA0223602316
B2114074743849N11959253WA0223602316
B2114084743847N11959256WA0223602316
B2114094743844N11959260WA0223502315
B2114104743840N11959264WA0223502313
B2114114743836N11959267WA0223202312
B2114124743831N11959270WA0223302312
B2114134743828N11959271WA0223302313
B2114144743825N11959272WA0223502315
B2114154743823N11959273WA0223602316
B2114164743821N11959275WA0223702316
B2114174743818N11959278WA0223502314
B2114184743813N11959281WA0223302310
B2114194743807N11959284WA0222802305
B2114204743803N11959286WA0222802304
B2114214743800N11959287WA0222402304
B2114224743797N11959288WA0222302302
B2114234743794N11959290WA0222002299
B2114244743790N11959292WA0221702294
B2114254743786N11959294WA0221302290
B2114264743782N11959295WA0221102287
B2114274743779N11959297WA0220702285
B2114284743776N11959300WA0220602282
B2114294743772N11959304WA0220002277
B2114304743767N11959308WA0219602272
B2114314743762N11959309WA0219302270
B2114324743758N11959309WA0219202269
B2114334743755N11959308WA0219302269
B2114344743753N11959308WA0219102269
B2114354743751N11959310WA0218902266
B2114364743747N11959313WA0218702263
B2114374743743N11959317WA0218302258
B2114384743739N11959322WA0218102255
B2114394743735N11959325WA0218002256
B2114404743733N11959329WA0218202257
B2114414743732N11959331WA0218102258
B2114424743731N11959334WA0218102257
B2114434743728N11959338WA0217902255
B2114444743725N11959344WA0217602251
B2114454743722N11959350WA0217502248
B2114464743719N11959356WA0217102245
B2114474743716N11959361WA0216902244
B2114484743715N11959365WA0217002243
B2114494743713N11959369WA0216602241
B2114504743711N11959374WA0216202238
B2114514743708N11959379WA0215702232
B2114524743704N11959386WA0215202226
B2114534743701N11959394WA0214802220
B2114544743698N11959400WA0214602217
B2114554743695N11959405WA0214102215
B2114564743692N11959409WA0214002212
B2114574743689N11959415WA0213402208
B2114584743686N11959421WA0213202203
B2114594743683N11959428WA0212502198
B2115004743679N11959434WA0212102193
B2115014743676N11959438WA0211802190
B2115024743673N11959443WA0211602187
B2115034743671N11959447WA0211202184
B2115044743669N11959452WA0210902180
B2115054743667N11959458WA0210302175
B2115064743664N11959464WA0210002169
B2115074743661N11959469WA0209202163
B2115084743658N11959475WA0209002158
B2115094743655N11959481WA0208402154
B2115104743653N11959486WA0207902150
B2115114743651N11959491WA0207602146
B2115124743648N11959496WA0207102141
B2115134743646N11959502WA0206502136
B2115144743643N11959508WA0206302131
B2115154743640N11959514WA0205502126
B2115164743638N11959519WA0205502123
B2115174743635N11959522WA0205102121
B2115184743632N11959526WA0204902119
B2115194743630N11959530WA0204602116
B2115204743628N11959534WA0204202112
B2115214743626N11959539WA0203802107
B2115224743623N11959544WA0203502103
B2115234743621N11959551WA0202902099
B2115244743619N11959557WA0202702096
B2115254743618N11959562WA0202402094
B2115264743617N11959565WA0202202093
B2115274743615N11959569WA0202002090
B2115284743613N11959574WA0201602086
B2115294743611N11959580WA0201202081
B2115304743607N11959585WA0200802076
B2115314743604N11959589WA0200502073
B2115324743601N11959593WA0200302071
B2115334743598N11959596WA0200002069
B2115344743596N11959601WA0199802066
B2115354743593N11959607WA0199502063
B2115364743590N11959613WA0199302060
B2115374743587N11959619WA0199102059
B2115384743583N11959624WA0199002059
B2115394743580N11959629WA0199002059
B2115404743577N11959634WA0199002059
B2115414743575N11959639WA0198902059
B2115424743572N11959644WA0198802058
B2115434743570N11959649WA0198702057
B2115444743567N11959653WA0198702056
B2115454743565N11959657WA0198602055
B2115464743562N11959660WA0198602055
B2115474743560N11959665WA0198302053
B2115484743557N11959670WA0198302052
B2115494743555N11959675WA0198302051
B2115504743553N11959680WA0198202051
B2115514743550N11959684WA0198302051
B2115524743547N11959687WA0198202051
B2115534743544N11959691WA0198202051
B2115544743543N11959695WA0198202052
B2115554743542N11959700WA0198202053
B2115564743542N11959704WA0198502056
B2115574743541N11959707WA0198602058
B2115584743539N11959709WA0198802061
B2115594743537N11959710WA0199002063
B2116004743536N11959711WA0199102064
B2116014743534N11959713WA0199302064
B2116024743532N11959717WA0199202063
B2116034743531N11959722WA0199102061
B2116044743529N11959727WA0199202061
B2116054743528N11959730WA0199302063
B2116064743527N11959732WA0199302065
B2116074743526N11959734WA0199302065
B2116084743525N11959739WA0199602066
B2116094743524N11959745WA0199502066
B2116104743523N11959751WA0199702068
B2116114743521N11959755WA0199802071
B2116124743519N11959759WA0200102075
B2116134743517N11959761WA0200502077
B2116144743516N11959764WA0200602079
B2116154743514N11959767WA0200802081
B2116164743512N11959771WA0200902082
B2116174743510N11959775WA0201002082
B2116184743507N11959779WA0200902083
B2116194743505N11959782WA0201102084
B2116204743502N11959786WA0201202084
B2116214743500N11959789WA0201302085
B2116224743499N11959793WA0201302086
B2116234743498N11959797WA0201402086
B2116244743496N11959801WA0201402087
B2116254743493N11959806WA0201502088
B2116264743490N11959810WA0201602088
B2116274743488N11959814WA0201802089
B2116284743487N11959819WA0201802090
B2116294743485N11959823WA0202002092
B2116304743484N11959827WA0202002093
B2116314743481N11959831WA0202102093
B2116324743479N11959835WA0202102094
B2116334743477N11959840WA0202202095
B2116344743475N11959844WA0202202095
B2116354743473N11959849WA0202302096
B2116364743471N11959854WA0202202096
B2116374743469N11959859WA0202502097
B2116384743466N11959865WA0202402097
B2116394743464N11959871WA0202502098
B2116404743462N11959876WA0202702098
B2116414743459N11959881WA0202702099
B2116424743457N11959886WA0202602100
B2116434743454N11959892WA0202802100
B2116444743452N11959897WA0202802101
B2116454743450N11959902WA0203202103
B2116464743448N11959907WA0203202104
B2116474743445N11959912WA0203302106
B2116484743443N11959916WA0203602107
B2116494743440N11959920WA0203702109
B2116504743438N11959924WA0203802109
B2116514743435N11959929WA0203902110
B2116524743432N11959933WA0203902111
B2116534743429N11959937WA0204102113
B2116544743426N11959939WA0204102114
B2116554743422N11959940WA0204102115
B2116564743417N11959939WA0204202115
B2116574743411N11959935WA0204202114
B2116584743406N11959928WA0204102113
B2116594743402N11959919WA0204102113
B2117004743399N11959910WA0204202113
B2117014743398N11959901WA0204102114
B2117024743399N11959892WA0204302114
B2117034743401N11959883WA0204102113
B2117044743405N11959876WA0204002112
B2117054743410N11959872WA0204102111
B2117064743415N11959871WA0204102111
B2117074743420N11959872WA0204202111
B2117084743424N11959875WA0204102112
B2117094743426N11959880WA0204102113
B2117104743427N11959885WA0204102114
B2117114743428N11959891WA0204202114
B2117124743428N11959896WA0204302115
B2117134743428N11959901WA0204402116
B2117144743427N11959906WA0204402116
B2117154743426N11959913WA0204302115
B2117164743424N11959920WA0204302114
B2117174743423N11959927WA0204202114
B2117184743421N11959933WA0204302115
B2117194743420N11959939WA0204402116
B2117204743418N11959944WA0204502117
B2117214743416N11959950WA0204302116
B2117224743414N11959958WA0204402115
B2117234743413N11959965WA0204402115
B2117244743411N11959971WA0204202115
B2117254743409N11959976WA0204302115
B2117264743407N11959982WA0204302115
B2117274743406N11959989WA0204202113
B2117284743406N11959997WA0204102111
B2117294743406N12000005WA0203802109
B2117304743405N12000012WA0203802108
B2117314743401N12000018WA0203602107
B2117324743397N12000021WA0203702106
B2117334743394N12000025WA0203502106
B2117344743393N12000030WA0203302104
B2117354743391N12000035WA0203102102
B2117364743388N12000039WA0202902099
B2117374743384N12000043WA0202502096
B2117384743380N12000047WA0202402093
B2117394743376N12000052WA0202202091
B2117404743373N12000057WA0202102090
B2117414743369N12000060WA0201702089
B2117424743365N12000064WA0201702087
B2117434743361N12000069WA0201402084
B2117444743357N12000074WA0201202081
B2117454743353N12000080WA0200902078
B2117464743349N12000085WA0200902077
B2117474743346N12000089WA0200702076
B2117484743342N12000093WA0200502074
B2117494743338N12000097WA0200102071
B2117504743333N12000102WA0200002068
B2117514743329N12000107WA0199602065
B2117524743325N12000113WA0199302063
B2117534743321N12000117WA0199302062
B2117544743317N12000121WA0199202061
B2117554743313N12000124WA0199002060
B2117564743309N12000128WA0198902057
B2117574743305N12000133WA0198502055
B2117584743301N12000138WA0198502052
B2117594743297N12000143WA0198302051
B2118004743293N12000148WA0198102049
B2118014743289N12000152WA0197902046
B2118024743285N12000155WA0197602043
B2118034743281N12000159WA0197202040
B2118044743278N12000163WA0197102037
B2118054743274N12000167WA0196702034
B2118064743270N12000171WA0196402031
B2118074743266N12000175WA0196102028
B2118084743262N12000178WA0195902025
B2118094743257N12000182WA0195502021
B2118104743253N12000186WA0195402019
B2118114743249N12000190WA0195002017
B2118124743245N12000194WA0194802015
B2118134743241N12000197WA0194602013
B2118144743237N12000200WA0194402010
B2118154743233N12000204WA0193902006
B2118164743228N12000209WA0193802003
B2118174743224N12000214WA0193402000
B2118184743220N12000218WA0193201998
B2118194743217N12000222WA0193101997
B2118204743214N12000225WA0192801995
B2118214743211N12000229WA0192701993
B2118224743208N12000234WA0192501991
B2118234743205N12000239WA0192101988
B2118244743203N12000244WA0192001986
B2118254743201N12000249WA0191701984
B2118264743199N12000255WA0191601982
B2118274743198N12000260WA0191401980
B2118284743196N12000265WA0191201978
B2118294743195N12000271WA0190901974
B2118304743192N12000277WA0190501971
B2118314743190N12000284WA0190301967
B2118324743188N12000290WA0190001964
B2118334743186N12000297WA0189601961
B2118344743184N12000303WA0189601959
B2118354743182N12000309WA0189101956
B2118364743179N12000314WA0189001954
B2118374743177N12000320WA0188701951
B2118384743175N12000325WA0188401949
B2118394743174N12000331WA0188201946
B2118404743172N12000337WA0187901942
B2118414743171N12000343WA0187301937
B2118424743169N12000350WA0187101933
B2118434743166N12000358WA0186601929
B2118444743164N12000365WA0186401926
B2118454743162N12000371WA0186201925
B2118464743160N12000377WA0186001923
B2118474743158N12000383WA0185601921
B2118484743155N12000389WA0185501918
B2118494743153N12000397WA0185001914
B2118504743151N12000404WA0184701910
B2118514743149N12000412WA0184501907
B2118524743147N12000420WA0184201905
B2118534743145N12000426WA0184101904
B2118544743143N12000432WA0183901903
B2118554743141N12000437WA0183701900
B2118564743137N12000442WA0183401897
B2118574743133N12000448WA0183001893
B2118584743129N12000454WA0182801890
B2118594743127N12000461WA0182601887
B2119004743125N12000468WA0182301885
B2119014743123N12000474WA0182201884
B2119024743121N12000478WA0182001882
B2119034743118N12000484WA0181601878
B2119044743115N12000490WA0181401875
B2119054743113N12000497WA0180801870
B2119064743111N12000504WA0180501865
B2119074743109N12000511WA0180201862
B2119084743107N12000516WA0179901860
B2119094743104N12000521WA0179801858
B2119104743102N12000524WA0179601857
B2119114743100N12000529WA0179301854
B2119124743098N12000535WA0179101851
B2119134743096N12000542WA0178701848
B2119144743095N12000548WA0178701846
B2119154743093N12000553WA0178701846
B2119164743091N12000556WA0178701847
B2119174743090N12000559WA0178701848
B2119184743088N12000562WA0178701847
B2119194743087N12000565WA0178501845
B2119204743085N12000569WA0178201842
B2119214743083N12000574WA0178101839
B2119224743080N12000578WA0177801836
B2119234743077N12000583WA0177601834
B2119244743075N12000587WA0177501834
B2119254743074N12000590WA0177401833
B2119264743072N12000593WA0177301833
B2119274743070N12000596WA0177101831
B2119284743067N12000600WA0177001828
B2119294743064N12000604WA0176601825
B2119304743062N12000608WA0176401822
B2119314743060N12000612WA0176201820
B2119324743058N12000616WA0176101819
B2119334743056N12000619WA0175901818
B2119344743054N12000623WA0175701815
B2119354743052N12000627WA0175301811
B2119364743050N12000633WA0174901806
B2119374743049N12000640WA0174501802
B2119384743048N12000646WA0174301799
B2119394743047N12000650WA0174201800
B2119404743046N12000651WA0174201801
B2119414743045N12000652WA0174501803
B2119424743045N12000653WA0174501805
B2119434743044N12000653WA0174701806
B2119444743044N12000655WA0174701806
B2119454743044N12000658WA0174601806
B2119464743044N12000662WA0174601805
B2119474743045N12000667WA0174801804
B2119484743046N12000671WA0174701806
B2119494743047N12000673WA0174901809
B2119504743047N12000674WA0175101811
B2119514743047N12000675WA0175301813
B2119524743048N12000676WA0175401814
B2119534743048N12000679WA0175501815
B2119544743049N12000681WA0175601815
B2119554743049N12000684WA0175701816
B2119564743049N12000686WA0175801817
B2119574743050N12000688WA0176001819
B2119584743050N12000689WA0176001821
B2119594743051N12000691WA0176201823
B2120004743051N12000693WA0176401824
B2120014743051N12000695WA0176501825
B2120024743050N12000696WA0176501826
B2120034743049N12000698WA0176701827
B2120044743048N12000699WA0176801828
B2120054743047N12000701WA0176901829
B2120064743046N12000703WA0177101831
B2120074743045N12000705WA0177201833
B2120084743044N12000706WA0177201834
B2120094743042N12000708WA0177501836
B2120104743041N12000709WA0177601838
B2120114743039N12000710WA0177801840
B2120124743038N12000711WA0177901842
B2120134743037N12000713WA0178301844
B2120144743036N12000714WA0178401847
B2120154743035N12000716WA0178701849
B2120164743034N12000718WA0178701850
B2120174743034N12000721WA0178801852
B2120184743036N12000725WA0179001854
B2120194743038N12000729WA0179301856
B2120204743041N12000732WA0179601859
B2120214743045N12000735WA0179901863
B2120224743049N12000736WA0180101867
B2120234743054N12000737WA0180601870
B2120244743060N12000737WA0180801872
B2120254743066N12000736WA0181001875
B2120264743073N12000731WA0181301878
B2120274743079N12000724WA0181501880
B2120284743085N12000715WA0181701881
B2120294743090N12000705WA0181901881
B2120304743095N12000694WA0182001883
B2120314743101N12000685WA0182201886
B2120324743106N12000676WA0182401889
B2120334743110N12000668WA0182601891
B2120344743114N12000658WA0182701892
B2120354743117N12000647WA0182801893
B2120364743120N12000636WA0182901894
B2120374743123N12000626WA0183101895
B2120384743124N12000616WA0183201897
B2120394743124N12000605WA0183401899
B2120404743123N12000595WA0183501901
B2120414743121N12000586WA0183801903
B2120424743119N12000579WA0184001905
B2120434743116N12000574WA0184201907
B2120444743114N12000570WA0184301910
B2120454743112N12000566WA0184601912
B2120464743110N12000564WA0184801914
B2120474743107N12000562WA0184901915
B2120484743105N12000561WA0185101916
B2120494743103N12000562WA0185201918
B2120504743102N12000563WA0185401919
B2120514743101N12000566WA0185401921
B2120524743101N12000568WA0185701923
B2120534743100N12000570WA0185801924
B2120544743099N12000572WA0185901926
B2120554743097N12000574WA0186201929
B2120564743095N12000576WA0186501932
B2120574743093N12000577WA0186601934
B2120584743092N12000580WA0186801937
B2120594743092N12000582WA0187101939
B2121004743094N12000586WA0187301942
B2121014743097N12000590WA0187701944
B2121024743102N12000592WA0187901946
B2121034743109N12000593WA0188201949
B2121044743117N12000591WA0188301951
B2121054743124N12000586WA0188601954
B2121064743130N12000579WA0188801957
B2121074743136N12000571WA0189101959
B2121084743140N12000563WA0189301961
B2121094743143N12000553WA0189501963
B2121104743146N12000543WA0189601964
B2121114743147N12000532WA0189801965
B2121124743148N12000522WA0189901967
B2121134743147N12000512WA0190001968
B2121144743146N12000504WA0190101969
B2121154743142N12000498WA0190301970
B2121164743138N12000495WA0190301971
B2121174743134N12000493WA0190501972
B2121184743131N12000494WA0190601974
B2121194743129N12000495WA0190901977
B2121204743127N12000498WA0191001978
B2121214743126N12000500WA0191101980
B2121224743125N12000503WA0191001981
B2121234743124N12000507WA0191301982
B2121244743123N12000511WA0191301983
B2121254743123N12000516WA0191601984
B2121264743122N12000520WA0191701986
B2121274743121N12000524WA0192001989
B2121284743119N12000527WA0192201992
B2121294743118N12000530WA0192501995
B2121304743117N12000533WA0192801998
B2121314743116N12000537WA0193102001
B2121324743115N12000540WA0193302004
B2121334743114N12000543WA0193602007
B2121344743112N12000546WA0193902011
B2121354743111N12000549WA0194302015
B2121364743110N12000552WA0194702019
B2121374743109N12000554WA0195002022
B2121384743108N12000555WA0195302026
B2121394743108N12000557WA0195602028
B2121404743109N12000561WA0195702030
B2121414743112N12000566WA0196102032
B2121424743117N12000569WA0196302034
B2121434743122N12000569WA0196502036
B2121444743129N12000567WA0196802038
B2121454743136N12000563WA0197002039
B2121464743143N12000555WA0197202040
B2121474743148N12000545WA0197402042
B2121484743151N12000535WA0197302044
B2121494743152N12000524WA0197502044
B2121504743150N12000515WA0197502044
B2121514743146N12000508WA0197602045
B2121524743143N12000502WA0198002048
B2121534743141N12000498WA0198302052
B2121544743139N12000495WA0198502057
B2121554743138N12000493WA0198802060
B2121564743137N12000492WA0199002062
B2121574743135N12000491WA0199202063
B2121584743132N12000491WA0199402064
B2121594743131N12000490WA0199602067
B2122004743129N12000490WA0199802069
B2122014743128N12000491WA0200102072
B2122024743127N12000494WA0200302074
B2122034743127N12000497WA0200502076
B2122044743127N12000499WA0200702079
B2122054743128N12000501WA0200902082
B2122064743130N12000504WA0201202085
B2122074743133N12000507WA0201302086
B2122084743139N12000510WA0201402087
B2122094743145N12000512WA0201702088
B2122104743152N12000510WA0201902091
B2122114743159N12000505WA0202202094
B2122124743165N12000497WA0202402096
B2122134743169N12000487WA0202602096
B2122144743171N12000477WA0202702098
B2122154743170N12000467WA0202802099
B2122164743169N12000458WA0203002101
B2122174743167N12000449WA0203102103
B2122184743165N12000441WA0203202105
B2122194743163N12000433WA0203702109
B2122204743162N12000427WA0204002112
B2122214743160N12000421WA0204202115
B2122224743157N12000417WA0204402118
B2122234743154N12000415WA0204802121
B2122244743152N12000414WA0205002123
B2122254743149N12000415WA0205402127
B2122264743148N12000417WA0205502129
B2122274743148N12000419WA0205802133
B2122284743150N12000421WA0206202135
B2122294743154N12000424WA0206102136
B2122304743159N12000425WA0206102135
B2122314743166N12000426WA0206202134
B2122324743174N12000424WA0206302136
B2122334743181N12000419WA0206402137
B2122344743187N12000411WA0206502139
B2122354743192N12000402WA0206702142
B2122364743195N12000392WA0207002145
B2122374743197N12000382WA0207302148
B2122384743199N12000372WA0207602151
B2122394743199N12000363WA0207802153
B2122404743198N12000354WA0207902156
B2122414743196N12000347WA0208302158
B2122424743193N12000341WA0208402160
B2122434743191N12000336WA0208802163
B2122444743188N12000331WA0209002166
B2122454743186N12000327WA0209502170
B2122464743185N12000325WA0209602173
B2122474743183N12000324WA0209802174
B2122484743182N12000324WA0209902174
B2122494743181N12000325WA0210002174
B2122504743181N12000327WA0210102175
B2122514743182N12000330WA0210002175
B2122524743185N12000334WA0210102175
B2122534743189N12000338WA0210002175
B2122544743196N12000341WA0210202174
B2122554743203N12000340WA0210202175
B2122564743211N12000337WA0210302174
B2122574743218N12000331WA0210202174
B2122584743224N12000325WA0210102174
B2122594743231N12000318WA0210202173
B2123004743236N12000308WA0210302173
B2123014743239N12000295WA0210102171
B2123024743240N12000282WA0210102170
B2123034743240N12000270WA0210202172
B2123044743240N12000260WA0210502176
B2123054743240N12000252WA0210802179
B2123064743239N12000243WA0211002182
B2123074743238N12000236WA0211202184
B2123084743235N12000228WA0211302186
B2123094743232N12000223WA0211502187
B2123104743228N12000219WA0211602188
B2123114743223N12000217WA0211802190
B2123124743219N12000214WA0212002193
B2123134743216N12000212WA0212202196
B2123144743213N12000210WA0212402198
B2123154743211N12000209WA0212602199
B2123164743210N12000210WA0212602199
B2123174743208N12000213WA0212502198
B2123184743206N12000218WA0212402196
B2123194743204N12000222WA0212402195
B2123204743203N12000227WA0212502196
B2123214743203N12000231WA0212602198
B2123224743203N12000235WA0212702200
B2123234743204N12000238WA0213002202
B2123244743203N12000241WA0212802203
B2123254743202N12000246WA0212802202
B2123264743202N12000251WA0213002201
B2123274743202N12000257WA0212702201
B2123284743202N12000262WA0213002202
B2123294743201N12000266WA0213102203
B2123304743201N12000269WA0213202205
B2123314743201N12000272WA0213202206
B2123324743201N12000276WA0213302207
B2123334743201N12000279WA0213402208
B2123344743202N12000282WA0213502208
B2123354743203N12000287WA0213602209
B2123364743204N12000291WA0213502209
B2123374743205N12000296WA0213602209
B2123384743205N12000300WA0213702211
B2123394743204N12000304WA0214002213
B2123404743204N12000307WA0214002215
B2123414743204N12000310WA0214302218
B2123424743205N12000314WA0214402220
B2123434743206N12000318WA0214702222
B2123444743208N12000322WA0214802224
B2123454743209N12000327WA0215002225
B2123464743211N12000331WA0215102227
B2123474743212N12000336WA0215302229
B2123484743214N12000340WA0215402231
B2123494743217N12000344WA0215602232
B2123504743222N12000347WA0215702233
B2123514743228N12000350WA0215702234
B2123524743235N12000351WA0215902233
B2123534743243N12000349WA0215802232
B2123544743250N12000345WA0215602232
B2123554743257N12000337WA0215602231
B2123564743261N12000328WA0215602231
B2123574743263N12000317WA0215602230
B2123584743261N12000307WA0215302228
B2123594743258N12000300WA0215302227
B2124004743254N12000295WA0215402228
B2124014743251N12000291WA0215402230
B2124024743249N12000289WA0215602232
B2124034743246N12000288WA0215802233
B2124044743242N12000288WA0215902233
B2124054743238N12000287WA0215702233
B2124064743235N12000287WA0215902234
B2124074743232N12000287WA0216002236
B2124084743230N12000288WA0216202238
B2124094743227N12000289WA0216302240
B2124104743223N12000290WA0216402240
B2124114743220N12000291WA0216402241
B2124124743217N12000294WA0216702242
B2124134743215N12000297WA0216902244
B2124144743213N12000301WA0217002246
B2124154743212N12000304WA0217102248
B2124164743210N12000306WA0217202249
B2124174743208N12000308WA0217402249
B2124184743205N12000310WA0217302249
B2124194743203N12000313WA0217202248
B2124204743200N12000317WA0217302248
B2124214743198N12000320WA0217502250
B2124224743196N12000321WA0217502252
B2124234743194N12000322WA0217702253
B2124244743192N12000325WA0217602253
B2124254743190N12000329WA0217602253
B2124264743187N12000334WA0217702252
B2124274743185N12000336WA0217802254
B2124284743182N12000336WA0217902256
B2124294743181N12000336WA0218002258
B2124304743179N12000337WA0218102259
B2124314743176N12000340WA0217902257
B2124324743173N12000343WA0217902256
B2124334743171N12000346WA0217902257
B2124344743169N12000348WA0218002259
B2124354743168N12000349WA0218302262
B2124364743167N12000351WA0218302263
B2124374743166N12000354WA0218302263
B2124384743165N12000357WA0218202262
B2124394743163N12000361WA0218302260
B2124404743161N12000365WA0218102258
B2124414743159N12000371WA0218002256
B2124424743157N12000378WA0217802255
B2124434743155N12000383WA0218002257
B2124444743155N12000386WA0218102260
B2124454743155N12000389WA0218502264
B2124464743156N12000392WA0218602266
B2124474743157N12000395WA0218902268
B2124484743158N12000401WA0219002269
B2124494743158N12000407WA0219302272
B2124504743159N12000412WA0219602276
B2124514743158N12000414WA0220302282
B2124524743157N12000414WA0220602287
B2124534743155N12000413WA0221102292
B2124544743152N12000413WA0221302295
B2124554743149N12000414WA0221702298
B2124564743146N12000417WA0221902300
B2124574743143N12000419WA0222202303
B2124584743140N12000421WA0222502307
B2124594743137N12000420WA0223002310
B2125004743133N12000418WA0223102313
B2125014743130N12000415WA0223402316
B2125024743127N12000413WA0223902319
B2125034743125N12000410WA0224002321
B2125044743122N12000405WA0224202322
B2125054743118N12000399WA0224202323
B2125064743115N12000392WA0224402325
B2125074743112N12000383WA0224702327
B2125084743110N12000373WA0224702329
B2125094743109N12000363WA0225102331
B2125104743109N12000351WA0225102332
B2125114743111N12000340WA0225202333
B2125124743115N12000328WA0225102333
B2125134743121N12000319WA0225302332
B2125144743128N12000313WA0225102332
B2125154743135N12000309WA0225502333
B2125164743141N12000307WA0225702335
B2125174743146N12000307WA0225802338
B2125184743150N12000308WA0225902340
B2125194743154N12000310WA0226002342
B2125204743158N12000312WA0226402345
B2125214743161N12000313WA0226502349
B2125224743163N12000313WA0226902353
B2125234743165N12000313WA0227502357
B2125244743166N12000314WA0227702359
B2125254743168N12000316WA0227802360
B2125264743168N12000319WA0227902361
B2125274743167N12000323WA0228202362
B2125284743165N12000324WA0228202364
B2125294743163N12000323WA0228602366
B2125304743160N12000322WA0228702369
B2125314743157N12000320WA0228902371
B2125324743153N12000318WA0229102373
B2125334743148N12000313WA0229202374
B2125344743145N12000306WA0229402376
B2125354743143N12000297WA0229602378
B2125364743142N12000288WA0229702379
B2125374743143N12000279WA0229902380
B2125384743144N12000268WA0229702380
B2125394743147N12000257WA0229802381
B2125404743152N12000246WA0229902380
B2125414743159N12000239WA0229802380
B2125424743166N12000235WA0229702379
B2125434743173N12000234WA0229902378
B2125444743179N12000235WA0229802380
B2125454743182N12000237WA0230102383
B2125464743184N12000239WA0230102386
B2125474743185N12000242WA0230602388
B2125484743186N12000246WA0230602390
B2125494743186N12000248WA0230902394
B2125504743185N12000250WA0231102397
B2125514743183N12000252WA0231402398
B2125524743179N12000252WA0231502400
B2125534743175N12000252WA0231902401
B2125544743172N12000249WA0231902402
B2125554743169N12000246WA0231902402
B2125564743166N12000240WA0231902400
B2125574743163N12000234WA0231802398
B2125584743161N12000224WA0231502396
B2125594743160N12000213WA0231402394
B2126004743161N12000201WA0231302393
B2126014743161N12000189WA0231202391
B2126024743162N12000176WA0231102392
B2126034743163N12000163WA0231302392
B2126044743167N12000151WA0231102395
B2126054743171N12000142WA0231502398
B2126064743176N12000136WA0231602399
B2126074743182N12000131WA0231702400
B2126084743188N12000128WA0231902400
B2126094743194N12000128WA0231802399
B2126104743198N12000131WA0231502400
B2126114743201N12000135WA0231802401
B2126124743203N12000137WA0232002404
B2126134743205N12000139WA0232202409
B2126144743206N12000139WA0232402413
B2126154743208N12000140WA0232902416
B2126164743208N12000141WA0233002418
B2126174743209N12000143WA0233102417
B2126184743209N12000146WA0233102416
B2126194743209N12000150WA0233202416
B2126204743209N12000153WA0233202416
B2126214743210N12000155WA0233302418
B2126224743210N12000156WA0233302419
B2126234743210N12000157WA0233302418
B2126244743209N12000159WA0233202416
B2126254743208N12000164WA0232902412
B2126264743206N12000169WA0232802409
B2126274743205N12000174WA0232702409
B2126284743203N12000177WA0232702409
B2126294743201N12000179WA0232702410
B2126304743200N12000181WA0232702409
B2126314743198N12000184WA0232202407
B2126324743196N12000189WA0232202404
B2126334743193N12000194WA0232102401
B2126344743190N12000199WA0232002400
B2126354743187N12000203WA0231902399
B2126364743185N12000207WA0231702400
B2126374743182N12000213WA0231502398
B2126384743179N12000219WA0231902398
B2126394743177N12000223WA0231902401
B2126404743176N12000227WA0232002404
B2126414743175N12000229WA0232302406
B2126424743173N12000231WA0232302408
B2126434743171N12000233WA0232402409
B2126444743168N12000235WA0232702410
B2126454743164N12000238WA0232702410
B2126464743161N12000241WA0232502411
B2126474743157N12000244WA0233002411
B2126484743153N12000247WA0233002413
B2126494743149N12000249WA0233202415
B2126504743145N12000251WA0233202417
B2126514743140N12000252WA0233402418
B2126524743135N12000253WA0233402419
B2126534743130N12000252WA0233702420
B2126544743124N12000250WA0233602421
B2126554743119N12000245WA0233802422
B2126564743115N12000239WA0233602421
B2126574743111N12000231WA0233702421
B2126584743107N12000222WA0233502419
B2126594743106N12000211WA0233502417
B2127004743107N12000201WA0233202414
B2127014743112N12000194WA0233002411
B2127024743117N12000193WA0232902407
B2127034743122N12000196WA0232002402
B2127044743125N12000202WA0232202401
B2127054743126N12000206WA0232202403
B2127064743125N12000208WA0232302405
B2127074743125N12000209WA0232402407
B2127084743125N12000211WA0232402407
B2127094743126N12000213WA0232402407
B2127104743127N12000217WA0232302405
B2127114743127N12000221WA0232302404
B2127124743125N12000224WA0232402404
B2127134743123N12000226WA0232202405
B2127144743121N12000226WA0232202404
B2127154743119N12000227WA0232002401
B2127164743118N12000230WA0231802396
B2127174743115N12000236WA0231102389
B2127184743113N12000243WA0230802385
B2127194743109N12000248WA0230602383
B2127204743106N12000251WA0230602382
B2127214743103N12000254WA0230202381
B2127224743100N12000258WA0230002378
B2127234743096N12000263WA0229702374
B2127244743092N12000268WA0229502370
B2127254743088N12000273WA0229002368
B2127264743086N12000277WA0228902365
B2127274743083N12000282WA0228602363
B2127284743080N12000287WA0228202359
B2127294743076N12000292WA0227802354
B2127304743072N12000299WA0227402349
B2127314743068N12000305WA0227002344
B2127324743065N12000311WA0226802341
B2127334743061N12000316WA0226302338
B2127344743058N12000322WA0225902333
B2127354743054N12000328WA0225302328
B2127364743050N12000335WA0225002324
B2127374743046N12000341WA0224602320
B2127384743043N12000347WA0224502318
B2127394743040N12000351WA0224102317
B2127404743037N12000355WA0223902314
B2127414743033N12000360WA0223302309
B2127424743029N12000367WA0223002303
B2127434743024N12000374WA0222202297
B2127444743020N12000381WA0222002292
B2127454743016N12000387WA0221502289
B2127464743012N12000393WA0221202287
B2127474743009N12000398WA0221202286
B2127484743006N12000403WA0220902284
B2127494743003N12000408WA0220502281
B2127504743000N12000413WA0220302277
B2127514742997N12000419WA0220002274
B2127524742994N12000425WA0219602270
B2127534742991N12000431WA0219102267
B2127544742988N12000437WA0218902264
B2127554742985N12000441WA0218702262
B2127564742982N12000446WA0218502259
B2127574742978N12000450WA0218102255
B2127584742975N12000456WA0217802251
B2127594742971N12000462WA0217302247
B2128004742966N12000467WA0217002243
B2128014742962N12000472WA0216802240
B2128024742957N12000477WA0216602238
B2128034742953N12000482WA0216102236
B2128044742950N12000487WA0216002234
B2128054742947N12000492WA0215702232
B2128064742944N12000498WA0215502228
B2128074742941N12000503WA0215202225
B2128084742939N12000509WA0215002222
B2128094742937N12000516WA0214602219
B2128104742934N12000523WA0214202215
B2128114742932N12000529WA0214002212
B2128124742930N12000535WA0213802210
B2128134742928N12000541WA0213502207
B2128144742926N12000546WA0213202203
B2128154742923N12000552WA0212602199
B2128164742920N12000559WA0212402195
B2128174742918N12000565WA0212002192
B2128184742915N12000572WA0211802190
B2128194742912N12000577WA0211602188
B2128204742910N12000582WA0211402186
B2128214742907N12000586WA0211102183
B2128224742904N12000592WA0210702179
B2128234742902N12000599WA0210402175
B2128244742900N12000606WA0209902170
B2128254742898N12000613WA0209702167
B2128264742895N12000618WA0209502164
B2128274742892N12000623WA0209102162
B2128284742890N12000628WA0209002160
B2128294742888N12000632WA0208502156
B2128304742886N12000638WA0208102151
B2128314742883N12000643WA0207602146
B2128324742880N12000649WA0207202141
B2128334742877N12000654WA0206902137
B2128344742874N12000658WA0206502133
B2128354742871N12000663WA0206102131
B2128364742869N12000668WA0206002128
B2128374742867N12000673WA0205702126
B2128384742866N12000678WA0205502125
B2128394742865N12000682WA0205302122
B2128404742864N12000687WA0204902118
B2128414742862N12000693WA0204402113
B2128424742860N12000699WA0204202107
B2128434742858N12000706WA0203602103
B2128444742855N12000712WA0203302100
B2128454742854N12000717WA0203102098
B2128464742852N12000723WA0202802096
B2128474742849N12000729WA0202502092
B2128484742847N12000735WA0202102088
B2128494742843N12000741WA0201602084
B2128504742839N12000746WA0201402081
B2128514742835N12000750WA0201102078
B2128524742832N12000753WA0200902077
B2128534742830N12000755WA0200602075
B2128544742829N12000758WA0200502072
B2128554742827N12000762WA0200102068
B2128564742824N12000766WA0199702062
B2128574742820N12000771WA0199102057
B2128584742817N12000776WA0198802053
B2128594742815N12000781WA0198502051
B2129004742813N12000786WA0198302048
B2129014742812N12000791WA0197902046
B2129024742810N12000796WA0197602043
B2129034742809N12000802WA0197202039
B2129044742808N12000809WA0197002036
B2129054742808N12000816WA0196702033
B2129064742807N12000822WA0196502031
B2129074742806N12000828WA0196402029
B2129084742804N12000833WA0196102026
B2129094742803N12000839WA0195702023
B2129104742802N12000846WA0195602020
B2129114742801N12000853WA0195102017
B2129124742800N12000858WA0194902015
B2129134742798N12000864WA0194402012
B2129144742796N12000869WA0194302009
B2129154742795N12000875WA0194202005
B2129164742794N12000881WA0193802001
B2129174742793N12000888WA0193201996
B2129184742791N12000894WA0192901992
B2129194742789N12000901WA0192401988
B2129204742787N12000907WA0192201985
B2129214742785N12000914WA0191801981
B2129224742784N12000920WA0191501978
B2129234742783N12000926WA0191101975
B2129244742782N12000931WA0190901972
B2129254742781N12000937WA0190501968
B2129264742780N12000943WA0190101963
B2129274742779N12000951WA0189601959
B2129284742778N12000958WA0189401954
B2129294742777N12000964WA0188901951
B2129304742775N12000970WA0188601948
B2129314742774N12000976WA0188401945
B2129324742772N12000982WA0188101942
B2129334742770N12000988WA0187601939
B2129344742769N12000994WA0187501935
B2129354742767N12000999WA0187201933
B2129364742766N12001004WA0186901930
B2129374742764N12001009WA0186701927
B2129384742763N12001014WA0186301923
B2129394742762N12001019WA0185901919
B2129404742760N12001024WA0185501914
B2129414742759N12001030WA0185001909
B2129424742758N12001036WA0184701905
B2129434742758N12001041WA0184201902
B2129444742758N12001045WA0184201901
B2129454742757N12001048WA0183801900
B2129464742757N12001053WA0183601897
B2129474742756N12001057WA0183301894
B2129484742755N12001062WA0183101892
B2129494742754N12001066WA0183101890
B2129504742754N12001069WA0183001889
B2129514742754N12001073WA0182801889
B2129524742755N12001076WA0182701887
B2129534742755N12001081WA0182301885
B2129544742756N12001086WA0182101882
B2129554742756N12001092WA0182001879
B2129564742757N12001098WA0181801877
B2129574742758N12001104WA0181501876
B2129584742758N12001108WA0181601875
B2129594742758N12001112WA0181501875
B2130004742759N12001117WA0181401875
B2130014742759N12001120WA0181501876
B2130024742761N12001123WA0181501877
B2130034742762N12001125WA0181801879
B2130044742764N12001125WA0181901881
B2130054742765N12001126WA0181901882
B2130064742766N12001126WA0182001882
B2130074742767N12001128WA0182101883
B2130084742768N12001129WA0182101883
B2130094742769N12001130WA0182101884
B2130104742770N12001131WA0182401886
B2130114742771N12001130WA0182601888
B2130124742772N12001129WA0182801890
B2130134742774N12001128WA0182801892
B2130144742776N12001127WA0182901893
B2130154742777N12001127WA0183001893
B2130164742779N12001128WA0182901892
B2130174742781N12001130WA0182801891
B2130184742782N12001132WA0182901890
B2130194742784N12001135WA0182601889
B2130204742785N12001138WA0182701888
B2130214742787N12001140WA0182701888
B2130224742788N12001142WA0182601889
B2130234742789N12001144WA0182701889
B2130244742790N12001148WA0182701889
B2130254742791N12001152WA0182601888
B2130264742792N12001156WA0182501887
B2130274742792N12001159WA0182601888
B2130284742793N12001162WA0182701889
B2130294742794N12001165WA0182801891
B2130304742794N12001169WA0182901891
B2130314742795N12001173WA0182801892
B2130324742796N12001176WA0182901892
B2130334742795N12001179WA0183201894
B2130344742795N12001182WA0183301896
B2130354742796N12001184WA0183401897
B2130364742797N12001187WA0183401899
B2130374742798N12001190WA0183701900
B2130384742800N12001194WA0183701900
B2130394742801N12001198WA0183901901
B2130404742802N12001202WA0183901902
B2130414742803N12001206WA0184101904
B2130424742804N12001210WA0184401907
B2130434742806N12001212WA0184701911
B2130444742807N12001215WA0185001914
B2130454742808N12001217WA0185301917
B2130464742810N12001220WA0185501920
B2130474742812N12001223WA0185801923
B2130484742814N12001226WA0186101926
B2130494742817N12001229WA0186401929
B2130504742818N12001233WA0186701932
B2130514742819N12001235WA0187001935
B2130524742819N12001238WA0187301938
B2130534742817N12001239WA0187301940
B2130544742815N12001237WA0187601943
B2130554742813N12001232WA0187801944
B2130564742811N12001224WA0188101945
B2130574742811N12001214WA0188301947
B2130584742813N12001204WA0188301950
B2130594742816N12001195WA0188701953
B2131004742821N12001186WA0188901954
B2131014742828N12001178WA0188901957
B2131024742836N12001172WA0189301958
B2131034742844N12001170WA0189301959
B2131044742851N12001171WA0189601961
B2131054742858N12001173WA0189501962
B2131064742863N12001176WA0189701965
B2131074742867N12001179WA0190101967
B2131084742870N12001182WA0190201969
B2131094742872N12001184WA0190301972
B2131104742874N12001186WA0190401973
B2131114742874N12001188WA0190601974
B2131124742873N12001190WA0190601975
B2131134742872N12001192WA0190901975
B2131144742869N12001191WA0190901976
B2131154742866N12001188WA0191201977
B2131164742863N12001183WA0191101977
B2131174742860N12001177WA0191201978
B2131184742857N12001170WA0191401980
B2131194742854N12001163WA0191501981
B2131204742852N12001156WA0191601984
B2131214742852N12001147WA0191901986
B2131224742852N12001137WA0191901988
B2131234742853N12001127WA0192201990
B2131244742857N12001116WA0192401992
B2131254742861N12001106WA0192701995
B2131264742868N12001098WA0192801997
B2131274742875N12001094WA0193201998
B2131284742882N12001094WA0193201999
B2131294742888N12001097WA0193402000
B2131304742890N12001101WA0193502001
B2131314742889N12001104WA0193802003
B2131324742888N12001105WA0193802005
B2131334742886N12001103WA0194202007
B2131344742884N12001099WA0194302009
B2131354742882N12001093WA0194602011
B2131364742879N12001087WA0194602015
B2131374742878N12001079WA0195102018
B2131384742878N12001070WA0195402021
B2131394742879N12001059WA0195802023
B2131404742883N12001048WA0195802025
B2131414742889N12001039WA0195902027
B2131424742896N12001034WA0196202029
B2131434742904N12001033WA0196502030
B2131444742910N12001035WA0196702032
B2131454742913N12001040WA0196602034
B2131464742915N12001043WA0197002037
B2131474742914N12001045WA0197402039
B2131484742913N12001046WA0197402041
B2131494742911N12001044WA0197702044
B2131504742909N12001041WA0197802046
B2131514742907N12001036WA0198002049
B2131524742905N12001030WA0198302051
B2131534742903N12001022WA0198802054
B2131544742903N12001013WA0198902056
B2131554742905N12001003WA0199102058
B2131564742909N12000992WA0199202060
B2131574742915N12000982WA0199402061
B2131584742923N12000976WA0199402064
B2131594742930N12000975WA0199602066
B2132004742936N12000977WA0199802067
B2132014742941N12000980WA0200002068
B2132024742944N12000985WA0200002071
B2132034742945N12000988WA0200602073
B2132044742947N12000991WA0200802075
B2132054742947N12000994WA0200802078
B2132064742947N12000996WA0201002080
B2132074742946N12000996WA0201202082
B2132084742944N12000994WA0201102084
B2132094742941N12000990WA0201402085
B2132104742938N12000984WA0201502086
B2132114742936N12000977WA0201702087
B2132124742935N12000968WA0201702089
B2132134742934N12000958WA0201902092
B2132144742936N12000947WA0202302095
B2132154742940N12000937WA0202502098
B2132164742947N12000929WA0202602100
B2132174742955N12000924WA0203102101
B2132184742963N12000922WA0203102102
B2132194742970N12000924WA0203302104
B2132204742974N12000928WA0203502106
B2132214742976N12000933WA0203302106
B2132224742976N12000937WA0203702108
B2132234742975N12000940WA0204202110
B2132244742973N12000940WA0204102113
B2132254742972N12000938WA0204402115
B2132264742969N12000935WA0204602116
B2132274742967N12000930WA0204502117
B2132284742964N12000924WA0204702117
B2132294742960N12000916WA0204702117
B2132304742956N12000908WA0204902118
B2132314742953N12000900WA0205002120
B2132324742952N12000891WA0205202124
B2132334742952N12000882WA0205402126
B2132344742953N12000872WA0205702128
B2132354742955N12000861WA0205702130
B2132364742958N12000851WA0206102133
B2132374742962N12000841WA0206102135
B2132384742969N12000834WA0206502137
B2132394742976N12000829WA0206602138
B2132404742983N12000828WA0206702139
B2132414742990N12000829WA0206602138
B2132424742997N12000832WA0206802138
B2132434743002N12000836WA0206902140
B2132444743006N12000840WA0207002143
B2132454743008N12000844WA0207202145
B2132464743008N12000848WA0207302147
B2132474743008N12000851WA0207702149
B2132484743007N12000854WA0207802151
B2132494743006N12000856WA0208002153
B2132504743005N12000858WA0208102155
B2132514743003N12000859WA0208202157
B2132524743001N12000859WA0208402158
B2132534742998N12000858WA0208502159
B2132544742995N12000858WA0208802160
B2132554742993N12000857WA0208802161
B2132564742990N12000856WA0208902161
B2132574742987N12000853WA0209002162
B2132584742984N12000850WA0208902163
B2132594742981N12000848WA0209102164
B2133004742978N12000846WA0209202165
B2133014742975N12000845WA0209302166
B2133024742972N12000844WA0209402167
B2133034742969N12000842WA0209502168
B2133044742967N12000841WA0209602169
B2133054742964N12000841WA0209602170
B2133064742962N12000841WA0209702171
B2133074742959N12000843WA0209802171
B2133084742957N12000845WA0209802172
B2133094742955N12000846WA0209902174
B2133104742953N12000847WA0210102175
B2133114742951N12000848WA0210202176
B2133124742948N12000849WA0210202177
B2133134742945N12000850WA0210402177
B2133144742943N12000850WA0210502178
B2133154742940N12000850WA0210602179
B2133164742937N12000850WA0210602180
B2133174742935N12000850WA0210702181
B2133184742933N12000852WA0210602181
B2133194742931N12000853WA0210702180
B2133204742929N12000854WA0210502178
B2133214742926N12000853WA0210302175
B2133224742923N12000853WA0210102172
B2133234742919N12000854WA0209702168
B2133244742916N12000855WA0209302163
B2133254742912N12000856WA0208902160
B2133264742908N12000855WA0208802157
B2133274742903N12000851WA0208202154
B2133284742898N12000844WA0208002152
B2133294742894N12000836WA0208002151
B2133304742889N12000828WA0208102151
B2133314742884N12000820WA0207902152
B2133324742880N12000813WA0207902154
B2133334742876N12000805WA0208102155
B2133344742872N12000797WA0208202157
B2133354742870N12000787WA0208302158
B2133364742868N12000777WA0208402159
B2133374742866N12000766WA0208502160
B2133384742865N12000756WA0208902161
B2133394742864N12000746WA0209002164
B2133404742863N12000738WA0209202166
B2133414742863N12000730WA0209502169
B2133424742861N12000721WA0209402169
B2133434742859N12000713WA0209402169
B2133444742855N12000705WA0209402168
B2133454742850N12000698WA0209602167
B2133464742846N12000693WA0209502168
B2133474742842N12000690WA0209702170
B2133484742838N12000687WA0209702170
B2133494742835N12000686WA0209702170
B2133504742831N12000686WA0209702169
B2133514742827N12000687WA0209502168
B2133524742823N12000688WA0209502167
B2133534742820N12000688WA0209702168
B2133544742817N12000688WA0209702170
B2133554742815N12000689WA0209602171
B2133564742813N12000689WA0209702171
B2133574742810N12000690WA0209602170
B2133584742806N12000692WA0209502169
B2133594742802N12000694WA0209602169
B2134004742799N12000696WA0209802171
B2134014742796N12000697WA0209902172
B2134024742792N12000698WA0210002174
B2134034742789N12000698WA0210002174
B2134044742786N12000700WA0210102175
B2134054742782N12000703WA0209902174
B2134064742778N12000707WA0209902174
B2134074742774N12000710WA0210202176
B2134084742771N12000713WA0210402179
B2134094742767N12000715WA0210602182
B2134104742764N12000717WA0210702185
B2134114742760N12000718WA0211002187
B2134124742757N12000719WA0211002189
B2134134742753N12000719WA0211302190
B2134144742749N12000720WA0211402191
B2134154742745N12000720WA0211502192
B2134164742740N12000722WA0211602192
B2134174742736N12000723WA0211702193
B2134184742731N12000725WA0211802194
B2134194742727N12000728WA0212002195
B2134204742722N12000731WA0212002197
B2134214742721N12000731WA0211902196
B2134224742720N12000729WA0211802195
B2134234742718N12000728WA0211302192
B2134244742713N12000731WA0211102185
B2134254742709N12000736WA0210302180
B2134264742706N12000743WA0210302178
B2134274742705N12000749WA0210302178
B2134284742703N12000753WA0210402180
B2134294742701N12000755WA0210402182
B2134304742698N12000757WA0210602183
B2134314742694N12000760WA0210302182
B2134324742691N12000765WA0210202180
B2134334742688N12000771WA0210202178
B2134344742685N12000777WA0210102178
B2134354742682N12000780WA0210302180
B2134364742679N12000784WA0210402182
B2134374742676N12000787WA0210402183
B2134384742673N12000790WA0210502182
B2134394742669N12000793WA0210202180
B2134404742664N12000796WA0210302179
B2134414742660N12000799WA0210402179
B2134424742656N12000802WA0210502180
B2134434742652N12000803WA0210502182
B2134444742649N12000804WA0210602183
B2134454742644N12000805WA0210602183
B2134464742640N12000807WA0210602182
B2134474742635N12000809WA0210202180
B2134484742630N12000811WA0210402179
B2134494742626N12000813WA0210402180
B2134504742623N12000814WA0210302181
B2134514742619N12000816WA0210302180
B2134524742615N12000818WA0210202179
B2134534742611N12000821WA0210202177
B2134544742607N12000824WA0210102175
B2134554742603N12000828WA0209902175
B2134564742599N12000831WA0209902175
B2134574742595N12000835WA0209802175
B2134584742591N12000840WA0209902174
B2134594742588N12000845WA0209702173
B2135004742585N12000850WA0209802174
B2135014742582N12000855WA0209802174
B2135024742579N12000859WA0209702173
B2135034742576N12000864WA0209602173
B2135044742573N12000869WA0209702173
B2135054742572N12000874WA0209802173
B2135064742570N12000879WA0209602174
B2135074742567N12000884WA0209802173
B2135084742565N12000889WA0209702172
B2135094742562N12000895WA0209302170
B2135104742560N12000901WA0209302169
B2135114742558N12000908WA0209302168
B2135124742555N12000915WA0209302167
B2135134742552N12000921WA0209302167
B2135144742550N12000927WA0209202168
B2135154742549N12000934WA0209302170
B2135164742548N12000939WA0209402171
B2135174742546N12000945WA0209402171
B2135184742543N12000951WA0209302171
B2135194742539N12000957WA0209502170
B2135204742536N12000964WA0209702171
B2135214742533N12000969WA0209602171
B2135224742530N12000973WA0209702173
B2135234742528N12000977WA0209802174
B2135244742526N12000982WA0209702173
B2135254742524N12000988WA0209502171
B2135264742521N12000995WA0209402169
B2135274742517N12001000WA0209302168
B2135284742514N12001005WA0209102167
B2135294742510N12001010WA0209102166
B2135304742506N12001014WA0209002166
B2135314742502N12001019WA0208902165
B2135324742497N12001026WA0208902163
B2135334742493N12001032WA0208502162
B2135344742489N12001039WA0208702161
B2135354742486N12001044WA0208702161
B2135364742482N12001049WA0208702161
B2135374742478N12001053WA0208402160
B2135384742474N12001058WA0208202158
B2135394742470N12001064WA0208102157
B2135404742467N12001071WA0208002155
B2135414742464N12001076WA0208202156
B2135424742461N12001081WA0208202157
B2135434742458N12001084WA0208102157
B2135444742455N12001088WA0208102156
B2135454742452N12001094WA0207802154
B2135464742449N12001100WA0207702152
B2135474742446N12001105WA0207802151
B2135484742442N12001110WA0207702151
B2135494742439N12001114WA0207702151
B2135504742437N12001119WA0207602152
B2135514742435N12001124WA0207602151
B2135524742434N12001130WA0207502150
B2135534742432N12001136WA0207402148
B2135544742431N12001142WA0207302147
B2135554742430N12001149WA0207002145
B2135564742429N12001156WA0207002143
B2135574742429N12001164WA0206702140
B2135584742428N12001172WA0206302137
B2135594742427N12001181WA0206202135
B2136004742426N12001189WA0206102133
B2136014742426N12001196WA0206002132
B2136024742426N12001203WA0205902131
B2136034742425N12001210WA0205702130
B2136044742425N12001217WA0205402127
B2136054742424N12001224WA0205202123
B2136064742423N12001233WA0204702119
B2136074742421N12001242WA0204602116
B2136084742420N12001250WA0204502115
B2136094742420N12001257WA0204302114
B2136104742420N12001264WA0204202113
B2136114742419N12001271WA0203802110
B2136124742418N12001279WA0203502106
B2136134742417N12001288WA0203102101
B2136144742416N12001298WA0202902097
B2136154742415N12001307WA0202502095
B2136164742415N12001316WA0202302093
B2136174742414N12001324WA0202102091
B2136184742414N12001333WA0201902089
B2136194742413N12001341WA0201702087
B2136204742413N12001349WA0201502084
B2136214742412N12001357WA0201202082
B2136224742411N12001365WA0200902078
B2136234742411N12001373WA0200702075
B2136244742410N12001381WA0200502072
B2136254742409N12001389WA0200002069
B2136264742409N12001397WA0199902066
B2136274742408N12001404WA0199402063
B2136284742406N12001411WA0199202060
B2136294742405N12001419WA0198802055
B2136304742403N12001427WA0198402051
B2136314742402N12001435WA0198102047
B2136324742400N12001443WA0197802043
B2136334742398N12001451WA0197502041
B2136344742396N12001457WA0197302039
B2136354742394N12001464WA0197002037
B2136364742392N12001471WA0196602034
B2136374742390N12001478WA0196302030
B2136384742389N12001486WA0196002026
B2136394742387N12001493WA0195602021
B2136404742385N12001500WA0195102017
B2136414742383N12001507WA0194702013
B2136424742382N12001516WA0194402008
B2136434742381N12001524WA0193902004
B2136444742379N12001531WA0193602001
B2136454742377N12001537WA0193101997
B2136464742375N12001543WA0193001994
B2136474742374N12001550WA0192501991
B2136484742372N12001557WA0192101986
B2136494742371N12001564WA0191701981
B2136504742368N12001571WA0191401977
B2136514742365N12001577WA0190901973
B2136524742362N12001582WA0190501970
B2136534742360N12001588WA0190301967
B2136544742358N12001594WA0190001963
B2136554742356N12001599WA0189601959
B2136564742354N12001605WA0189201955
B2136574742351N12001611WA0188701950
B2136584742348N12001617WA0188401945
B2136594742346N12001624WA0187901940
B2137004742345N12001631WA0187601937
B2137014742345N12001637WA0187101934
B2137024742346N12001644WA0186901931
B2137034742346N12001650WA0186401928
B2137044742346N12001657WA0186301924
B2137054742347N12001664WA0185801920
B2137064742347N12001672WA0185401916
B2137074742348N12001680WA0185001912
B2137084742348N12001689WA0184801909
B2137094742349N12001698WA0184401906
B2137104742349N12001706WA0184301904
B2137114742350N12001714WA0184001902
B2137124742350N12001722WA0183701899
B2137134742350N12001730WA0183401895
B2137144742349N12001739WA0183001891
B2137154742349N12001747WA0182701887
B2137164742349N12001757WA0182501884
B2137174742350N12001765WA0182001881
B2137184742350N12001773WA0181801878
B2137194742351N12001780WA0181501876
B2137204742352N12001788WA0181201873
B2137214742354N12001796WA0180801870
B2137224742356N12001805WA0180901868
B2137234742357N12001812WA0180601868
B2137244742357N12001818WA0180701868
B2137254742357N12001823WA0180701869
B2137264742357N12001828WA0180801869
B2137274742358N12001834WA0180701868
B2137284742359N12001840WA0180501866
B2137294742359N12001847WA0180401864
B2137304742359N12001854WA0180401863
B2137314742359N12001861WA0180301863
B2137324742360N12001867WA0180201863
B2137334742362N12001873WA0180001862
B2137344742363N12001879WA0180001860
B2137354742364N12001886WA0179801858
B2137364742364N12001893WA0179601855
B2137374742365N12001900WA0179201852
B2137384742366N12001907WA0179101850
B2137394742367N12001915WA0178701847
B2137404742368N12001923WA0178701844
B2137414742368N12001930WA0178401842
B2137424742368N12001938WA0178201840
B2137434742369N12001944WA0178001839
B2137444742371N12001951WA0177801837
B2137454742373N12001958WA0177701836
B2137464742374N12001965WA0177501834
B2137474742374N12001972WA0177301832
B2137484742375N12001979WA0177201830
B2137494742375N12001985WA0177101829
B2137504742375N12001991WA0177001828
B2137514742375N12001997WA0176701826
B2137524742375N12002003WA0176601824
B2137534742375N12002010WA0176201820
B2137544742374N12002017WA0175901816
B2137554742374N12002025WA0175601812
B2137564742373N12002033WA0175401809
B2137574742373N12002041WA0174901807
B2137584742373N12002048WA0174901805
B2137594742374N12002054WA0174701804
B2138004742376N12002060WA0174501803
B2138014742377N12002064WA0174601804
B2138024742378N12002069WA0174501803
B2138034742379N12002074WA0174201801
B2138044742380N12002078WA0174101799
B2138054742381N12002083WA0173801795
B2138064742383N12002089WA0173501792
B2138074742384N12002096WA0173101788
B2138084742385N12002102WA0173001786
B2138094742385N12002107WA0172701783
B2138104742385N12002112WA0172401781
B2138114742385N12002117WA0172201778
B2138124742385N12002122WA0171901775
B2138134742385N12002127WA0171401771
B2138144742385N12002134WA0171201767
B2138154742385N12002140WA0170701763
B2138164742385N12002145WA0170601760
B2138174742385N12002150WA0170301758
B2138184742385N12002155WA0170101756
B2138194742385N12002160WA0169701752
B2138204742384N12002166WA0169401749
B2138214742384N12002173WA0169101745
B2138224742384N12002180WA0168901743
B2138234742384N12002186WA0168901743
B2138244742385N12002191WA0168601742
B2138254742386N12002196WA0168501741
B2138264742386N12002202WA0168301739
B2138274742386N12002208WA0168201737
B2138284742386N12002213WA0168101735
B2138294742387N12002219WA0167801732
B2138304742389N12002226WA0167501730
B2138314742389N12002232WA0167201727
B2138324742390N12002239WA0167101724
B2138334742390N12002246WA0166801722
B2138344742389N12002253WA0166601719
B2138354742389N12002259WA0166301716
B2138364742388N12002265WA0166001713
B2138374742388N12002271WA0165701710
B2138384742388N12002277WA0165401706
B2138394742389N12002284WA0165201703
B2138404742390N12002291WA0164801698
B2138414742391N12002299WA0164201694
B2138424742391N12002307WA0164001691
B2138434742392N12002314WA0163601688
B2138444742392N12002321WA0163501685
B2138454742394N12002326WA0163201684
B2138464742396N12002331WA0163001682
B2138474742399N12002335WA0162801680
B2138484742403N12002340WA0162501676
B2138494742405N12002346WA0162101673
B2138504742407N12002351WA0162001670
B2138514742409N12002356WA0161801669
B2138524742412N12002360WA0161601668
B2138534742414N12002364WA0161301665
B2138544742415N12002369WA0161001660
B2138554742416N12002375WA0160501655
B2138564742415N12002381WA0160301650
B2138574742415N12002387WA0159801646
B2138584742416N12002393WA0159401642
B2138594742416N12002399WA0158901637
B2139004742417N12002405WA0158501632
B2139014742417N12002412WA0157801626
B2139024742418N12002420WA0157401620
B2139034742418N12002428WA0156801615
B2139044742418N12002435WA0156401610
B2139054742417N12002443WA0155801606
B2139064742417N12002451WA0155601603
B2139074742417N12002459WA0155401601
B2139084742417N12002466WA0155201601
B2139094742417N12002473WA0155201600
B2139104742418N12002480WA0155101600
B2139114742419N12002487WA0154801598
B2139124742419N12002494WA0154801596
B2139134742420N12002501WA0154601595
B2139144742420N12002508WA0154501593
B2139154742420N12002515WA0154401592
B2139164742421N12002522WA0154401591
B2139174742422N12002529WA0154201590
B2139184742424N12002537WA0153901587
B2139194742426N12002545WA0153701585
B2139204742427N12002553WA0153701583
B2139214742428N12002561WA0153501582
B2139224742429N12002568WA0153401582
B2139234742431N12002575WA0153401581
B2139244742433N12002583WA0153201579
B2139254742434N12002591WA0153001578
B2139264742435N12002599WA0152801576
B2139274742436N12002608WA0152701575
B2139284742438N12002617WA0152601573
B2139294742440N12002625WA0152401572
B2139304742442N12002632WA0152301571
B2139314742444N12002639WA0152001570
B2139324742444N12002646WA0151901567
B2139334742445N12002655WA0151501563
B2139344742446N12002664WA0151201559
B2139354742448N12002673WA0150901555
B2139364742449N12002682WA0150801553
B2139374742451N12002689WA0150501550
B2139384742451N12002697WA0150101547
B2139394742452N12002706WA0149701543
B2139404742452N12002715WA0149401539
B2139414742454N12002725WA0148901534
B2139424742456N12002735WA0148701530
B2139434742458N12002744WA0148301527
B2139444742459N12002752WA0148101525
B2139454742460N12002760WA0147701522
B2139464742460N12002767WA0147401518
B2139474742460N12002775WA0146701513
B2139484742460N12002784WA0146401506
B2139494742460N12002794WA0145701500
B2139504742460N12002803WA0145601496
B2139514742460N12002811WA0145001494
B2139524742460N12002818WA0144801491
B2139534742460N12002826WA0144401488
B2139544742461N12002835WA0144001483
B2139554742461N12002845WA0143501478
B2139564742461N12002854WA0143201474
B2139574742460N12002863WA0142801470
B2139584742458N12002870WA0142401467
B2139594742457N12002877WA0142001463
B2140004742456N12002884WA0141701459
B2140014742455N12002892WA0141201454
B2140024742453N12002901WA0140701449
B2140034742452N12002909WA0140401445
B2140044742450N12002918WA0140101442
B2140054742448N12002926WA0139801441
B2140064742446N12002933WA0139801440
B2140074742445N12002938WA0139801441
B2140084742445N12002940WA0139801442
B2140094742444N12002942WA0139801441
B2140104742443N12002946WA0139701439
B2140114742442N12002950WA0139401435
B2140124742440N12002956WA0139101431
B2140134742439N12002963WA0138801428
B2140144742438N12002968WA0138601426
B2140154742437N12002974WA0138001424
B2140164742436N12002979WA0137901420
B2140174742435N12002985WA0137601416
B2140184742434N12002993WA0137301412
B2140194742434N12003001WA0136801408
B2140204742433N12003008WA0136701406
B2140214742432N12003014WA0136501405
B2140224742430N12003019WA0136301403
B2140234742429N12003025WA0135901400
B2140244742428N12003031WA0135701397
B2140254742428N12003037WA0135501393
B2140264742427N12003043WA0135301391
B2140274742426N12003049WA0134801388
B2140284742425N12003055WA0134801386
B2140294742425N12003061WA0134401383
B2140304742424N12003068WA0134101381
B2140314742423N12003075WA0134001379
B2140324742422N12003081WA0133901377
B2140334742421N12003088WA0133701376
B2140344742420N12003094WA0133601374
B2140354742419N12003101WA0133301372
B2140364742418N12003108WA0133101370
B2140374742417N12003116WA0133001367
B2140384742417N12003123WA0133001366
B2140394742417N12003130WA0132701366
B2140404742416N12003136WA0132701365
B2140414742416N12003142WA0132501364
B2140424742415N12003148WA0132401362
B2140434742415N12003156WA0132101360
B2140444742415N12003164WA0132001357
B2140454742414N12003171WA0131901356
B2140464742414N12003177WA0131801355
B2140474742413N12003182WA0131801354
B2140484742413N12003188WA0131601354
B2140494742414N12003195WA0131601352
B2140504742415N12003201WA0131301351
B2140514742416N12003208WA0131201350
B2140524742416N12003214WA0131201349
B2140534742415N12003219WA0131001348
B2140544742415N12003224WA0130901347
B2140554742416N12003229WA0130801345
B2140564742416N12003236WA0130501343
B2140574742416N12003243WA0130301340
B2140584742415N12003249WA0130201337
B2140594742414N12003256WA0130201336
B2141004742414N12003261WA0130001335
B2141014742414N12003267WA0129701334
B2141024742414N12003274WA0129601331
B2141034742413N12003281WA0129101328
B2141044742412N12003288WA0128901325
B2141054742412N12003295WA0128901325
B2141064742412N12003300WA0128801326
B2141074742412N12003305WA0128901326
B2141084742413N12003311WA0128701326
B2141094742412N12003317WA0128601323
B2141104742411N12003324WA0128501320
B2141114742409N12003332WA0128201318
B2141124742407N12003340WA0128301318
B2141134742407N12003345WA0128201319
B2141144742406N12003351WA0128301319
B2141154742406N12003357WA0128101318
B2141164742405N12003364WA0127801316
B2141174742404N12003373WA0127701313
B2141184742402N12003381WA0127601311
B2141194742401N12003389WA0127401311
B2141204742400N12003396WA0127401311
B2141214742399N12003403WA0127501311
B2141224742398N12003410WA0127401310
B2141234742396N12003417WA0127301309
B2141244742395N12003424WA0127101308
B2141254742393N12003431WA0127101307
B2141264742391N12003439WA0127101306
B2141274742390N12003447WA0126901305
B2141284742390N12003455WA0126801304
B2141294742389N12003464WA0126801303
B2141304742387N12003471WA0126701303
B2141314742386N12003479WA0126701302
B2141324742384N12003486WA0126701302
B2141334742382N12003493WA0126501301
B2141344742380N12003501WA0126501300
B2141354742378N12003509WA0126301299
B2141364742376N12003518WA0126301299
B2141374742374N12003526WA0126401299
B2141384742372N12003535WA0126401299
B2141394742370N12003543WA0126401300
B2141404742369N12003551WA0126501301
B2141414742368N12003559WA0126601302
B2141424742368N12003567WA0126701302
B2141434742366N12003575WA0126401302
B2141444742364N12003583WA0126601301
B2141454742362N12003591WA0126701302
B2141464742361N12003597WA0126901306
B2141474742361N12003601WA0127301311
B2141484742361N12003606WA0127601315
B2141494742361N12003610WA0127901317
B2141504742361N12003615WA0128201319
B2141514742361N12003621WA0128401322
B2141524742361N12003627WA0128601326
B2141534742362N12003632WA0129101332
B2141544742363N12003636WA0129601336
B2141554742364N12003640WA0130101340
B2141564742365N12003644WA0130301344
B2141574742365N12003649WA0130501347
B2141584742366N12003653WA0130801349
B2141594742366N12003658WA0131301352
B2142004742366N12003663WA0131401355
B2142014742367N12003666WA0131901359
B2142024742367N12003668WA0132001363
B2142034742367N12003670WA0132401366
B2142044742366N12003671WA0132501368
B2142054742364N12003672WA0132901369
B2142064742361N12003670WA0132901370
B2142074742359N12003666WA0133101372
B2142084742358N12003659WA0133301375
B2142094742358N12003649WA0133601376
B2142104742360N12003638WA0133801378
B2142114742364N12003629WA0134001380
B2142124742370N12003623WA0134101383
B2142134742377N12003621WA0134701386
B2142144742385N12003622WA0134901387
B2142154742392N12003623WA0135201390
B2142164742398N12003625WA0135301393
B2142174742403N12003628WA0135601396
B2142184742407N12003631WA0135701399
B2142194742411N12003635WA0136201402
B2142204742415N12003641WA0136301403
B2142214742418N12003646WA0136701405
B2142224742420N12003650WA0136801408
B2142234742420N12003653WA0137201411
B2142244742420N12003654WA0137301414
B2142254742419N12003655WA0137601416
B2142264742417N12003654WA0137601418
B2142274742416N12003651WA0137701420
B2142284742414N12003645WA0137801422
B2142294742414N12003637WA0138101423
B2142304742417N12003628WA0138101424
B2142314742422N12003619WA0138401427
B2142324742429N12003613WA0138501430
B2142334742437N12003611WA0139001433
B2142344742444N12003612WA0139501436
B2142354742450N12003615WA0139701439
B2142364742456N12003619WA0139901440
B2142374742461N12003622WA0140101442
B2142384742466N12003626WA0140101444
B2142394742469N12003630WA0140301446
B2142404742471N12003634WA0140201446
B2142414742471N12003638WA0140501446
B2142424742470N12003642WA0140501447
B2142434742469N12003645WA0140501448
B2142444742467N12003647WA0140501449
B2142454742465N12003647WA0140801450
B2142464742463N12003646WA0140901451
B2142474742460N12003643WA0141001452
B2142484742457N12003639WA0140901453
B2142494742455N12003635WA0141001454
B2142504742453N12003632WA0141401456
B2142514742452N12003630WA0141601459
B2142524742450N12003628WA0141601460
B2142534742449N12003624WA0141701461
B2142544742447N12003618WA0141801462
B2142554742445N12003611WA0141901462
B2142564742444N12003604WA0142101464
B2142574742443N12003598WA0142301467
B2142584742443N12003591WA0142501470
B2142594742444N12003584WA0142901473
B2143004742445N12003576WA0143201476
B2143014742446N12003569WA0143601480
B2143024742446N12003562WA0143901485
B2143034742446N12003556WA0144501491
B2143044742445N12003550WA0144901496
B2143054742445N12003544WA0145501501
B2143064742445N12003538WA0145801506
B2143074742445N12003531WA0146401511
B2143084742447N12003523WA0146401515
B2143094742451N12003515WA0147301519
B2143104742456N12003507WA0147601523
B2143114742462N12003501WA0148001527
B2143124742469N12003498WA0148301531
B2143134742476N12003497WA0148701533
B2143144742483N12003499WA0148901536
B2143154742489N12003502WA0149301539
B2143164742492N12003507WA0149401542
B2143174742493N12003512WA0150001545
B2143184742493N12003517WA0150101548
B2143194742492N12003520WA0150401553
B2143204742491N12003522WA0151001558
B2143214742489N12003521WA0151501563
B2143224742488N12003520WA0151701568
B2143234742487N12003517WA0152301573
B2143244742486N12003512WA0152601577
B2143254742486N12003505WA0152901580
B2143264742487N12003496WA0153301582
B2143274742489N12003485WA0153801586
B2143284742491N12003476WA0154101591
B2143294742495N12003468WA0154601597
B2143304742499N12003462WA0155101602
B2143314742505N12003456WA0155501606
B2143324742511N12003451WA0155601609
B2143334742518N12003447WA0155901610
B2143344742526N12003445WA0156201611
B2143354742533N12003446WA0156301612
B2143364742538N12003449WA0156601614
B2143374742542N12003454WA0156601616
B2143384742544N12003459WA0156901618
B2143394742544N12003463WA0157101621
B2143404742544N12003466WA0157401624
B2143414742542N12003466WA0157601627
B2143424742540N12003465WA0157901631
B2143434742538N12003462WA0158201635
B2143444742536N12003458WA0158701640
B2143454742536N12003453WA0159201644
B2143464742535N12003448WA0159401648
B2143474742533N12003444WA0159901652
B2143484742532N12003440WA0160001655
B2143494742529N12003436WA0160601659
B2143504742527N12003432WA0160801662
B2143514742527N12003425WA0161201666
B2143524742527N12003416WA0161401669
B2143534742529N12003405WA0161801671
B2143544742534N12003396WA0162101674
B2143554742540N12003390WA0162301677
B2143564742546N12003387WA0162401680
B2143574742553N12003388WA0162901681
B2143584742558N12003392WA0162901682
B2143594742561N12003398WA0163301684
B2144004742562N12003403WA0163301687
B2144014742561N12003406WA0163801691
B2144024742559N12003407WA0164101695
B2144034742557N12003408WA0164401698
B2144044742555N12003408WA0164801702
B2144054742553N12003406WA0165101705
B2144064742550N12003404WA0165401709
B2144074742548N12003402WA0165701713
B2144084742546N12003397WA0166001716
B2144094742544N12003391WA0166301719
B2144104742543N12003382WA0166501722
B2144114742544N12003371WA0166701724
B2144124742547N12003360WA0167001727
B2144134742552N12003351WA0167301729
B2144144742559N12003345WA0167701731
B2144154742566N12003342WA0167701734
B2144164742572N12003342WA0167901737
B2144174742578N12003344WA0168301739
B2144184742582N12003348WA0168401742
B2144194742584N12003352WA0168701743
B2144204742585N12003356WA0168801745
B2144214742586N12003360WA0169401749
B2144224742586N12003363WA0169601752
B2144234742585N12003366WA0169801756
B2144244742584N12003367WA0170101759
B2144254742582N12003368WA0170401762
B2144264742579N12003367WA0170601764
B2144274742577N12003364WA0171001767
B2144284742574N12003360WA0171001769
B2144294742571N12003353WA0171201770
B2144304742569N12003344WA0171201771
B2144314742568N12003333WA0171401772
B2144324742570N12003321WA0171601774
B2144334742573N12003309WA0172001777
B2144344742578N12003299WA0172201781
B2144354742583N12003293WA0172701785
B2144364742589N12003289WA0173001789
B2144374742595N12003286WA0173501791
B2144384742601N12003284WA0173601793
B2144394742607N12003282WA0173901795
B2144404742613N12003283WA0174001797
B2144414742617N12003285WA0174001799
B2144424742619N12003289WA0174201800
B2144434742620N12003294WA0174501801
B2144444742618N12003297WA0174401803
B2144454742616N12003297WA0174801806
B2144464742614N12003294WA0175201810
B2144474742612N12003290WA0175201812
B2144484742610N12003286WA0175501814
B2144494742607N12003281WA0175501815
B2144504742604N12003274WA0175701816
B2144514742602N12003266WA0175901816
B2144524742601N12003256WA0175801817
B2144534742602N12003245WA0176001819
B2144544742605N12003235WA0176001821
B2144554742610N12003227WA0176501821
B2144564742617N12003221WA0176101822
B2144574742623N12003217WA0176601824
B2144584742628N12003215WA0176801826
B2144594742633N12003213WA0176901828
B2145004742638N12003213WA0177001828
B2145014742642N12003214WA0176801828
B2145024742645N12003217WA0177001828
B2145034742646N12003221WA0177201828
B2145044742645N12003223WA0177101829
B2145054742643N12003225WA0177201830
B2145064742640N12003226WA0177301831
B2145074742637N12003226WA0177401832
B2145084742634N12003226WA0177501834
B2145094742632N12003226WA0177701835
B2145104742629N12003225WA0177601837
B2145114742625N12003223WA0177901837
B2145124742622N12003221WA0177901839
B2145134742618N12003220WA0178001841
B2145144742615N12003218WA0178301843
B2145154742612N12003217WA0178501845
B2145164742608N12003216WA0178601848
B2145174742605N12003215WA0178901850
B2145184742602N12003215WA0179101853
B2145194742600N12003213WA0179401856
B2145204742597N12003211WA0179401859
B2145214742594N12003208WA0180001861
B2145224742592N12003203WA0180201864
B2145234742592N12003198WA0180301867
B2145244742591N12003191WA0180501869
B2145254742592N12003182WA0181001871
B2145264742593N12003174WA0181001873
B2145274742597N12003167WA0181301876
B2145284742602N12003162WA0181401879
B2145294742608N12003160WA0181701880
B2145304742615N12003160WA0181701881
B2145314742621N12003163WA0181901883
B2145324742625N12003168WA0182001886
B2145334742628N12003173WA0182401888
B2145344742629N12003178WA0182901890
B2145354742628N12003183WA0183001893
B2145364742627N12003186WA0183001894
B2145374742624N12003188WA0183301896
B2145384742621N12003189WA0183501897
B2145394742617N12003189WA0183601899
B2145404742613N12003186WA0183801902
B2145414742611N12003180WA0184001905
B2145424742610N12003173WA0184401908
B2145434742611N12003164WA0184701911
B2145444742615N12003155WA0184701913
B2145454742619N12003148WA0185101916
B2145464742626N12003143WA0185501920
B2145474742632N12003142WA0186001925
B2145484742638N12003145WA0186401928
B2145494742642N12003149WA0186601931
B2145504742646N12003155WA0187001935
B2145514742647N12003160WA0187501940
B2145524742647N12003165WA0187701943
B2145534742645N12003169WA0188101945
B2145544742642N12003172WA0188301949
B2145554742638N12003174WA0188401952
B2145564742634N12003173WA0188801957
B2145574742631N12003168WA0189401961
B2145584742629N12003162WA0189701965
B2145594742627N12003154WA0190101968
B2146004742626N12003145WA0190001970
B2146014742626N12003134WA0190501972
B2146024742629N12003123WA0190601974
B2146034742634N12003114WA0191001976
B2146044742640N12003108WA0191001978
B2146054742647N12003105WA0191301980
B2146064742654N12003106WA0191401984
B2146074742659N12003108WA0192101989
B2146084742662N12003112WA0192301992
B2146094742665N12003117WA0192601995
B2146104742666N12003122WA0192801998
B2146114742666N12003126WA0193402002
B2146124742666N12003129WA0193602006
B2146134742664N12003129WA0194002010
B2146144742663N12003128WA0194302013
B2146154742660N12003127WA0194602016
B2146164742657N12003125WA0194802019
B2146174742654N12003121WA0195402023
B2146184742651N12003114WA0195702027
B2146194742649N12003106WA0196002032
B2146204742649N12003098WA0196502036
B2146214742650N12003088WA0196902040
B2146224742652N12003078WA0197102042
B2146234742655N12003068WA0197402044
B2146244742660N12003059WA0197602046
B2146254742667N12003053WA0197702047
B2146264742673N12003051WA0197902049
B2146274742680N12003052WA0198202051
B2146284742685N12003055WA0198402053
B2146294742688N12003058WA0198602057
B2146304742690N12003061WA0198902060
B2146314742691N12003064WA0199102062
B2146324742691N12003067WA0199302064
B2146334742690N12003070WA0199602065
B2146344742689N12003072WA0199802067
B2146354742688N12003074WA0199902070
B2146364742685N12003076WA0200302073
B2146374742683N12003077WA0200402076
B2146384742679N12003077WA0200702080
B2146394742676N12003076WA0201202085
B2146404742674N12003074WA0201802089
B2146414742671N12003070WA0202102094
B2146424742668N12003064WA0202302098
B2146434742665N12003057WA0203002101
B2146444742664N12003048WA0203202105
B2146454742663N12003038WA0203802109
B2146464742662N12003028WA0203902113
B2146474742664N12003017WA0204402117
B2146484742667N12003009WA0204802121
B2146494742672N12003003WA0205002124
B2146504742678N12003000WA0205302127
B2146514742683N12002999WA0205402130
B2146524742688N12003002WA0205802133
B2146534742691N12003007WA0206002134
B2146544742693N12003013WA0206402136
B2146554742692N12003019WA0206602139
B2146564742691N12003024WA0206602142
B2146574742689N12003027WA0207202146
B2146584742686N12003028WA0207802151
B2146594742684N12003028WA0207802155
B2147004742681N12003028WA0208502158
B2147014742677N12003026WA0209002161
B2147024742673N12003024WA0208902164
B2147034742669N12003020WA0209302167
B2147044742665N12003015WA0209702170
B2147054742663N12003007WA0209802173
B2147064742661N12002996WA0210202176
B2147074742662N12002986WA0210202178
B2147084742664N12002976WA0210702183
B2147094742667N12002968WA0211002187
B2147104742671N12002963WA0211702190
B2147114742676N12002959WA0211702194
B2147124742681N12002958WA0212302197
B2147134742686N12002959WA0212502199
B2147144742689N12002963WA0212602202
B2147154742691N12002968WA0213202206
B2147164742691N12002973WA0213402209
B2147174742689N12002977WA0213602214
B2147184742686N12002979WA0214102218
B2147194742683N12002979WA0214602222
B2147204742679N12002977WA0214802226
B2147214742675N12002974WA0215202229
B2147224742671N12002969WA0215302232
B2147234742668N12002963WA0215602234
B2147244742664N12002954WA0216002237
B2147254742663N12002944WA0216202241
B2147264742663N12002933WA0216702246
B2147274742664N12002922WA0217302250
B2147284742667N12002911WA0217502254
B2147294742670N12002901WA0217702257
B2147304742675N12002893WA0218202261
B2147314742680N12002887WA0218302264
B2147324742686N12002884WA0218902268
B2147334742692N12002886WA0219102271
B2147344742696N12002890WA0219402274
B2147354742698N12002895WA0219602279
B2147364742697N12002899WA0220302285
B2147374742696N12002903WA0221002289
B2147384742693N12002905WA0221302294
B2147394742691N12002907WA0221502298
B2147404742688N12002907WA0222002301
B2147414742684N12002906WA0222202304
B2147424742680N12002903WA0222602307
B2147434742675N12002898WA0222902312
B2147444742672N12002891WA0223202316
B2147454742669N12002884WA0223802320
B2147464742668N12002875WA0224102324
B2147474742667N12002865WA0224502326
B2147484742668N12002854WA0224502329
B2147494742670N12002844WA0224802332
B2147504742675N12002836WA0225202335
B2147514742680N12002830WA0225502338
B2147524742686N12002827WA0225902342
B2147534742691N12002827WA0226202345
B2147544742696N12002829WA0226502348
B2147554742700N12002832WA0226502351
B2147564742702N12002835WA0227202355
B2147574742703N12002839WA0227702359
B2147584742703N12002842WA0227702362
B2147594742701N12002845WA0228102366
B2148004742699N12002847WA0228802369
B2148014742695N12002847WA0228802373
B2148024742691N12002843WA0229402377
B2148034742687N12002838WA0229702381
B2148044742683N12002832WA0230102386
B2148054742680N12002826WA0230502390
B2148064742679N12002819WA0230902394
B2148074742678N12002811WA0230902398
B2148084742679N12002801WA0231502401
B2148094742682N12002792WA0232002404
B2148104742686N12002784WA0232202407
B2148114742692N12002780WA0232302411
B2148124742699N12002780WA0232902413
B2148134742704N12002783WA0233102416
B2148144742707N12002787WA0233402420
B2148154742708N12002791WA0233802424
B2148164742708N12002795WA0234202428
B2148174742708N12002797WA0234402432
B2148184742708N12002799WA0234902436
B2148194742707N12002801WA0235302439
B2148204742704N12002803WA0235402441
B2148214742701N12002805WA0235602442
B2148224742696N12002805WA0235902445
B2148234742692N12002804WA0236202448
B2148244742688N12002802WA0236502452
B2148254742684N12002800WA0236802457
B2148264742681N12002797WA0237302460
B2148274742677N12002795WA0237502464
B2148284742673N12002790WA0237802466
B2148294742670N12002783WA0237902469
B2148304742669N12002775WA0238502473
B2148314742670N12002767WA0238702476
B2148324742674N12002759WA0239202479
B2148334742680N12002755WA0239402483
B2148344742686N12002753WA0239902486
B2148354742691N12002756WA0240002489
B2148364742695N12002760WA0240602494
B2148374742697N12002766WA0240602498
B2148384742698N12002771WA0241302502
B2148394742697N12002777WA0241502505
B2148404742695N12002782WA0242002508
B2148414742691N12002786WA0242102511
B2148424742688N12002788WA0242302514
B2148434742683N12002790WA0242602517
B2148444742679N12002789WA0243002520
B2148454742674N12002787WA0243202522
B2148464742669N12002783WA0243502525
B2148474742665N12002778WA0243802529
B2148484742663N12002773WA0244202533
B2148494742661N12002766WA0244602537
B2148504742660N12002759WA0244802539
B2148514742660N12002751WA0244802541
B2148524742661N12002742WA0245502543
B2148534742664N12002732WA0245502545
B2148544742669N12002724WA0245702548
B2148554742674N12002719WA0245802552
B2148564742681N12002717WA0246102554
B2148574742687N12002717WA0246502557
B2148584742692N12002721WA0246802560
B2148594742695N12002726WA0247002563
B2149004742697N12002732WA0247302566
B2149014742696N12002737WA0247602568
B2149024742695N12002743WA0248002570
B2149034742692N12002747WA0248302573
B2149044742689N12002751WA0248502576
B2149054742685N12002752WA0248702579
B2149064742681N12002753WA0248902582
B2149074742676N12002751WA0249102584
B2149084742672N12002748WA0249302587
B2149094742668N12002743WA0249702589
B2149104742666N12002736WA0249902591
B2149114742666N12002727WA0250002593
B2149124742667N12002718WA0250302594
B2149134742670N12002710WA0250402596
B2149144742675N12002704WA0250702599
B2149154742681N12002701WA0250902601
B2149164742686N12002701WA0251002604
B2149174742691N12002704WA0251302606
B2149184742694N12002710WA0251702608
B2149194742695N12002717WA0251802610
B2149204742694N12002724WA0252002612
B2149214742693N12002729WA0252202615
B2149224742691N12002732WA0252602619
B2149234742688N12002734WA0252702621
B2149244742684N12002735WA0253002622
B2149254742679N12002735WA0253202624
B2149264742674N12002733WA0253402625
B2149274742671N12002729WA0253502627
B2149284742668N12002723WA0253702629
B2149294742666N12002716WA0253802630
B2149304742665N12002707WA0253802630
B2149314742666N12002697WA0253902631
B2149324742670N12002689WA0254202632
B2149334742675N12002683WA0254202633
B2149344742680N12002679WA0254502635
B2149354742685N12002678WA0254702639
B2149364742689N12002679WA0255002642
B2149374742692N12002680WA0255202644
B2149384742696N12002684WA0255402645
B2149394742700N12002688WA0255502645
B2149404742703N12002694WA0255602647
B2149414742704N12002700WA0255702648
B2149424742705N12002706WA0256002650
B2149434742705N12002713WA0256102651
B2149444742704N12002721WA0256302652
B2149454742701N12002727WA0256302653
B2149464742698N12002733WA0256302654
B2149474742693N12002737WA0256502655
B2149484742689N12002740WA0256602657
B2149494742685N12002742WA0256802659
B2149504742681N12002744WA0256902661
B2149514742676N12002745WA0257002662
B2149524742672N12002746WA0257202663
B2149534742668N12002747WA0257102663
B2149544742663N12002749WA0257202663
B2149554742658N12002750WA0257202665
B2149564742654N12002752WA0257602668
B2149574742650N12002755WA0257902671
B2149584742646N12002757WA0258102674
B2149594742643N12002759WA0258202676
B2150004742640N12002760WA0258602677
B2150014742637N12002761WA0258602677
B2150024742633N12002762WA0258402675
B2150034742627N12002763WA0258302673
B2150044742621N12002763WA0258202671
B2150054742616N12002762WA0258202671
B2150064742613N12002760WA0258202672
B2150074742609N12002759WA0258102671
B2150084742605N12002758WA0257902669
B2150094742600N12002757WA0257702665
B2150104742594N12002757WA0257102659
B2150114742587N12002757WA0256802654
B2150124742581N12002758WA0256402651
B2150134742577N12002758WA0256302651
B2150144742573N12002757WA0256102651
B2150154742570N12002756WA0255902648
B2150164742566N12002756WA0255402644
B2150174742561N12002756WA0255102638
B2150184742555N12002757WA0254402631
B2150194742549N12002759WA0253902626
B2150204742544N12002761WA0253402622
B2150214742541N12002765WA0253302619
B2150224742538N12002769WA0252902616
B2150234742537N12002774WA0252402612
B2150244742535N12002778WA0252102608
B2150254742533N12002783WA0251702603
B2150264742531N12002789WA0251002596
B2150274742529N12002797WA0250402589
B2150284742528N12002806WA0249802583
B2150294742527N12002814WA0249302579
B2150304742528N12002820WA0249002577
B2150314742528N12002825WA0248802575
B2150324742529N12002830WA0248402571
B2150334742529N12002837WA0248002566
B2150344742530N12002845WA0247302559
B2150354742531N12002853WA0246802553
B2150364742532N12002861WA0246402549
B2150374742533N12002867WA0246102546
B2150384742533N12002873WA0245702543
B2150394742534N12002879WA0245302539
B2150404742535N12002885WA0244802533
B2150414742536N12002891WA0244402528
B2150424742537N12002898WA0243802522
B2150434742537N12002904WA0243302518
B2150444742537N12002911WA0243002513
B2150454742537N12002918WA0242502508
B2150464742538N12002925WA0242002505
B2150474742538N12002932WA0241902502
B2150484742538N12002938WA0241602500
B2150494742537N12002943WA0241302497
B2150504742537N12002948WA0241102495
B2150514742537N12002954WA0240702492
B2150524742537N12002960WA0240302488
B2150534742537N12002967WA0240102484
B2150544742536N12002974WA0239802481
B2150554742535N12002978WA0239602479
B2150564742534N12002981WA0239302477
B2150574742533N12002982WA0239302476
B2150584742532N12002983WA0239002473
B2150594742531N12002986WA0238502468
B2151004742530N12002990WA0238102463
B2151014742529N12002994WA0237802458
B2151024742527N12002999WA0237402454
B2151034742526N12003003WA0237102451
B2151044742525N12003007WA0236602448
B2151054742524N12003013WA0236202443
B2151064742523N12003019WA0235802439
B2151074742522N12003026WA0235502435
B2151084742521N12003033WA0235102431
B2151094742520N12003040WA0234902429
B2151104742520N12003046WA0234602427
B2151114742519N12003052WA0234502427
B2151124742520N12003058WA0234302425
B2151134742520N12003064WA0234202423
B2151144742520N12003070WA0233902421
B2151154742520N12003076WA0233802419
B2151164742520N12003082WA0233702418
B2151174742520N12003088WA0233402416
B2151184742520N12003095WA0233202415
B2151194742519N12003101WA0233302414
B2151204742519N12003107WA0233202413
B2151214742518N12003113WA0233202411
B2151224742518N12003119WA0233002411
B2151234742518N12003125WA0233102413
B2151244742519N12003129WA0233402417
B2151254742520N12003131WA0233702422
B2151264742522N12003133WA0234102427
B2151274742523N12003135WA0234402430
B2151284742524N12003139WA0234602431
B2151294742525N12003144WA0234702433
B2151304742525N12003148WA0235102434
B2151314742525N12003152WA0235302437
B2151324742526N12003155WA0235402439
B2151334742526N12003158WA0235602441
B2151344742527N12003161WA0235702442
B2151354742528N12003165WA0235902444
B2151364742528N12003169WA0236002445
B2151374742529N12003173WA0236202447
B2151384742530N12003177WA0236302449
B2151394742531N12003179WA0236502451
B2151404742531N12003182WA0236602452
B2151414742530N12003185WA0236602453
B2151424742529N12003188WA0236802453
B2151434742528N12003193WA0236802454
B2151444742527N12003196WA0237002455
B2151454742527N12003199WA0237202457
B2151464742527N12003201WA0237202458
B2151474742526N12003203WA0237302459
B2151484742525N12003206WA0237302459
B2151494742524N12003210WA0237402458
B2151504742523N12003216WA0237302456
B2151514742523N12003222WA0237302456
B2151524742524N12003226WA0237202456
B2151534742524N12003228WA0237202457
B2151544742524N12003230WA0237202456
B2151554742523N12003232WA0237102455
B2151564742521N12003234WA0236802452
B2151574742519N12003238WA0236702450
B2151584742519N12003242WA0236502449
B2151594742518N12003246WA0236502449
B2152004742518N12003250WA0236402449
B2152014742517N12003254WA0236302448
B2152024742515N12003258WA0236302447
B2152034742514N12003262WA0236202446
B2152044742512N12003266WA0236102444
B2152054742511N12003269WA0235902442
B2152064742510N12003274WA0235602439
B2152074742509N12003279WA0235302435
B2152084742508N12003284WA0235002431
B2152094742506N12003290WA0234502427
B2152104742505N12003295WA0234202424
B2152114742503N12003300WA0233902422
B2152124742502N12003304WA0234002421
B2152134742502N12003307WA0233802420
B2152144742501N12003310WA0233502418
B2152154742500N12003313WA0233302415
B2152164742498N12003316WA0233002411
B2152174742496N12003321WA0232402406
B2152184742494N12003325WA0231902401
B2152194742492N12003330WA0231902398
B2152204742490N12003333WA0231602395
B2152214742488N12003336WA0231302393
B2152224742486N12003339WA0230802390
B2152234742484N12003343WA0230602386
B2152244742482N12003350WA0230102381
B2152254742480N12003355WA0229802377
B2152264742477N12003360WA0229502375
B2152274742475N12003365WA0229202373
B2152284742474N12003369WA0229102370
B2152294742473N12003374WA0228802367
B2152304742473N12003380WA0228302363
B2152314742472N12003384WA0228102360
B2152324742471N12003388WA0227702356
B2152334742470N12003393WA0227502352
B2152344742469N12003397WA0227002348
B2152354742468N12003402WA0226702344
B2152364742468N12003407WA0226202340
B2152374742467N12003410WA0225902337
B2152384742466N12003413WA0225702334
B2152394742465N12003417WA0225302330
B2152404742464N12003420WA0224702325
B2152414742463N12003424WA0224302320
B2152424742462N12003429WA0224002316
B2152434742460N12003433WA0223602311
B2152444742458N12003436WA0223102307
B2152454742457N12003439WA0222802303
B2152464742455N12003443WA0222102298
B2152474742454N12003448WA0221702293
B2152484742453N12003453WA0221102287
B2152494742451N12003460WA0220802281
B2152504742448N12003466WA0220102275
B2152514742446N12003472WA0219602270
B2152524742444N12003478WA0219202266
B2152534742444N12003484WA0218902262
B2152544742444N12003491WA0218202258
B2152554742443N12003497WA0218002253
B2152564742442N12003504WA0217502249
B2152574742442N12003511WA0217102245
B2152584742441N12003517WA0216902242
B2152594742441N12003524WA0216602239
B2153004742441N12003530WA0216002235
B2153014742442N12003537WA0215802232
B2153024742441N12003544WA0215302228
B2153034742440N12003550WA0215002224
B2153044742439N12003556WA0214702220
B2153054742437N12003562WA0214402216
B2153064742436N12003568WA0214002213
B2153074742435N12003574WA0213802210
B2153084742433N12003580WA0213402207
B2153094742431N12003585WA0213202205
B2153104742429N12003591WA0213002203
B2153114742428N12003597WA0212702201
B2153124742428N12003602WA0212502199
B2153134742428N12003608WA0212302196
B2153144742427N12003614WA0211902193
B2153154742427N12003620WA0211802190
B2153164742426N12003627WA0211402186
B2153174742426N12003633WA0211102182
B2153184742426N12003640WA0210702178
B2153194742426N12003647WA0210402174
B2153204742425N12003654WA0210102171
B2153214742424N12003659WA0209802168
B2153224742423N12003664WA0209402165
B2153234742422N12003669WA0209302162
B2153244742422N12003674WA0208902158
B2153254742421N12003679WA0208402154
B2153264742420N12003685WA0207902149
B2153274742419N12003692WA0207702144
B2153284742418N12003698WA0207302140
B2153294742417N12003704WA0206902137
B2153304742416N12003710WA0206502134
B2153314742415N12003716WA0206302130
B2153324742414N12003721WA0205802127
B2153334742414N12003728WA0205702124
B2153344742414N12003734WA0205302120
B2153354742414N12003740WA0204902117
B2153364742414N12003747WA0204602114
B2153374742413N12003753WA0204502112
B2153384742413N12003759WA0204202110
B2153394742412N12003764WA0203902108
B2153404742411N12003770WA0203702105
B2153414742412N12003776WA0203302102
B2153424742413N12003783WA0203002099
B2153434742413N12003790WA0202802097
B2153444742412N12003795WA0202702096
B2153454742412N12003800WA0202602095
B2153464742412N12003805WA0202302093
B2153474742413N12003811WA0202202090
B2153484742413N12003817WA0201802086
B2153494742413N12003823WA0201602083
B2153504742412N12003828WA0201202080
B2153514742412N12003833WA0201202078
B2153524742412N12003837WA0200902076
B2153534742413N12003842WA0200702074
B2153544742413N12003846WA0200302070
B2153554742413N12003851WA0200002066
B2153564742412N12003857WA0199502062
B2153574742411N12003862WA0199302058
B2153584742410N12003868WA0198902054
B2153594742409N12003873WA0198602051
B2154004742409N12003879WA0198202047
B2154014742409N12003885WA0197902042
B2154024742408N12003892WA0197302037
B2154034742407N12003901WA0196902033
B2154044742406N12003910WA0196702031
B2154054742405N12003918WA0196502030
B2154064742404N12003926WA0196402032
B2154074742404N12003934WA0196502031
B2154084742405N12003943WA0196302030
B2154094742404N12003951WA0196302030
B2154104742403N12003957WA0196602031
B2154114742402N12003962WA0196602034
B2154124742401N12003965WA0196702036
B2154134742401N12003969WA0196902036
B2154144742401N12003972WA0196902035
B2154154742400N12003976WA0196702033
B2154164742398N12003983WA0196402029
B2154174742396N12003991WA0196102024
B2154184742395N12004001WA0195702020
B2154194742393N12004011WA0195502017
B2154204742393N12004019WA0195302016
B2154214742391N12004027WA0194902015
B2154224742390N12004033WA0194802014
B2154234742389N12004039WA0194802013
B2154244742387N12004046WA0194502012
B2154254742384N12004052WA0194402010
B2154264742382N12004058WA0194402009
B2154274742379N12004065WA0194302007
B2154284742377N12004071WA0194102006
B2154294742376N12004078WA0194002005
B2154304742375N12004084WA0193802003
B2154314742372N12004092WA0193702000
B2154324742370N12004098WA0193201997
B2154334742369N12004103WA0193001995
B2154344742369N12004106WA0193101995
B2154354742369N12004108WA0192901993
B2154364742369N12004110WA0192601990
B2154374742368N12004113WA0192301985
B2154384742367N12004118WA0191601979
B2154394742366N12004125WA0191101973
B2154404742365N12004131WA0190601967
B2154414742364N12004137WA0190301963
B2154424742363N12004141WA0189801960
B2154434742363N12004145WA0189501956
B2154444742363N12004151WA0188901951
B2154454742363N12004158WA0188601946
B2154464742363N12004165WA0188001942
B2154474742362N12004171WA0187901940
B2154484742362N12004176WA0187601938
B2154494742362N12004181WA0187401937
B2154504742362N12004187WA0187101934
B2154514742361N12004193WA0186901930
B2154524742361N12004200WA0186401927
B2154534742361N12004208WA0186301923
B2154544742361N12004214WA0186001921
B2154554742361N12004220WA0185701919
B2154564742362N12004226WA0185501916
B2154574742362N12004232WA0185101912
B2154584742363N12004239WA0184601907
B2154594742364N12004248WA0184301902
B2155004742365N12004256WA0183901899
B2155014742366N12004263WA0183801897
B2155024742368N12004268WA0183501897
B2155034742369N12004273WA0183501896
B2155044742370N12004277WA0183401895
B2155054742371N12004282WA0183101891
B2155064742373N12004287WA0182801887
B2155074742374N12004292WA0182401883
B2155084742376N12004298WA0182101879
B2155094742377N12004303WA0181801876
B2155104742377N12004307WA0181401872
B2155114742377N12004312WA0181101869
B2155124742378N12004316WA0180601864
B2155134742378N12004322WA0180301860
B2155144742378N12004328WA0179701855
B2155154742378N12004334WA0179401850
B2155164742378N12004341WA0178701844
B2155174742377N12004347WA0178501840
B2155184742377N12004354WA0178001836
B2155194742377N12004360WA0177601832
B2155204742378N12004367WA0177301829
B2155214742378N12004374WA0177001825
B2155224742378N12004381WA0176601822
B2155234742378N12004387WA0176401819
B2155244742377N12004393WA0176001816
B2155254742377N12004399WA0175701813
B2155264742377N12004405WA0175401809
B2155274742377N12004411WA0175001805
B2155284742377N12004418WA0174701801
B2155294742376N12004424WA0174301797
B2155304742375N12004431WA0173901793
B2155314742374N12004438WA0173601789
B2155324742373N12004444WA0173101786
B2155334742372N12004451WA0172901782
B2155344742371N12004458WA0172401778
B2155354742370N12004464WA0172001774
B2155364742368N12004471WA0171701770
B2155374742367N12004478WA0171401767
B2155384742367N12004485WA0171001763
B2155394742366N12004491WA0170801760
B2155404742366N12004498WA0170301758
B2155414742365N12004505WA0170201755
B2155424742365N12004511WA0170001752
B2155434742365N12004518WA0169701749
B2155444742364N12004525WA0169301745
B2155454742364N12004532WA0169001742
B2155464742364N12004540WA0168601739
B2155474742364N12004547WA0168401736
B2155484742364N12004554WA0168201734
B2155494742364N12004560WA0167901731
B2155504742364N12004567WA0167601728
B2155514742364N12004573WA0167301725
B2155524742364N12004580WA0166901721
B2155534742364N12004588WA0166701717
B2155544742364N12004595WA0166201713
B2155554742365N12004603WA0165901710
B2155564742365N12004610WA0165601708
B2155574742365N12004617WA0165401705
B2155584742365N12004624WA0165201703
B2155594742366N12004631WA0165001701
B2156004742367N12004638WA0164601698
B2156014742367N12004645WA0164401695
B2156024742368N12004652WA0164101692
B2156034742368N12004659WA0163801689
B2156044742369N12004665WA0163401687
B2156054742369N12004672WA0163501685
B2156064742369N12004678WA0163301683
B2156074742369N12004684WA0163001680
B2156084742369N12004691WA0162601677
B2156094742370N12004698WA0162401674
B2156104742370N12004705WA0162201672
B2156114742369N12004711WA0161901669
B2156124742369N12004718WA0161701667
B2156134742369N12004725WA0161501665
B2156144742370N12004732WA0161201662
B2156154742371N12004738WA0161001660
B2156164742371N12004744WA0161001658
B2156174742372N12004751WA0160701655
B2156184742372N12004758WA0160301651
B2156194742372N12004765WA0160001648
B2156204742372N12004773WA0159601644
B2156214742372N12004780WA0159401642
B2156224742372N12004787WA0159101640
B2156234742372N12004793WA0158901638
B2156244742372N12004800WA0158601635
B2156254742372N12004807WA0158301632
B2156264742371N12004814WA0157901628
B2156274742371N12004821WA0157701624
B2156284742370N12004829WA0157401621
B2156294742369N12004836WA0157301619
B2156304742369N12004843WA0157001617
B2156314742368N12004850WA0156701615
B2156324742368N12004857WA0156501612
B2156334742367N12004864WA0156301609
B2156344742366N12004871WA0155701605
B2156354742365N12004878WA0155501602
B2156364742365N12004885WA0155101598
B2156374742365N12004892WA0154801594
B2156384742365N12004899WA0154401590
B2156394742364N12004906WA0154201586
B2156404742363N12004913WA0153701583
B2156414742363N12004920WA0153401579
B2156424742363N12004927WA0153101577
B2156434742364N12004933WA0152801574
B2156444742364N12004938WA0152301570
B2156454742364N12004944WA0152101566
B2156464742365N12004950WA0151501561
B2156474742365N12004957WA0151201556
B2156484742366N12004964WA0150901552
B2156494742366N12004971WA0150601549
B2156504742366N12004978WA0150101546
B2156514742366N12004984WA0150001544
B2156524742367N12004990WA0149601540
B2156534742367N12004998WA0149201536
B2156544742367N12005005WA0148901532
B2156554742366N12005013WA0148701529
B2156564742366N12005020WA0148301526
B2156574742365N12005028WA0148101524
B2156584742364N12005035WA0147801522
B2156594742363N12005041WA0147701521
B2157004742362N12005047WA0147501520
B2157014742361N12005053WA0147401519
B2157024742361N12005058WA0147301517
B2157034742361N12005064WA0147101515
B2157044742361N12005070WA0146801512
B2157054742360N12005076WA0146601510
B2157064742360N12005081WA0146401507
B2157074742361N12005087WA0146101504
B2157084742362N12005093WA0145601499
B2157094742363N12005099WA0145301494
B2157104742364N12005106WA0144701489
B2157114742364N12005113WA0144501485
B2157124742364N12005120WA0144101482
B2157134742364N12005126WA0143901480
B2157144742365N12005132WA0143601477
B2157154742365N12005139WA0143401474
B2157164742365N12005146WA0143001471
B2157174742366N12005152WA0142901469
B2157184742366N12005159WA0142601466
B2157194742367N12005166WA0142301465
B2157204742367N12005172WA0142301463
B2157214742367N12005178WA0141901462
B2157224742367N12005183WA0141801460
B2157234742368N12005190WA0141801457
B2157244742369N12005197WA0141601455
B2157254742369N12005203WA0141401453
B2157264742370N12005210WA0141101451
B2157274742370N12005216WA0141001451
B2157284742371N12005222WA0140901450
B2157294742372N12005228WA0140701449
B2157304742372N12005235WA0140601448
B2157314742373N12005241WA0140601447
B2157324742374N12005248WA0140601447
B2157334742375N12005255WA0140601447
B2157344742377N12005261WA0140501447
B2157354742378N12005267WA0140601448
B2157364742379N12005272WA0140701449
B2157374742380N12005277WA0140701450
B2157384742381N12005281WA0140801451
B2157394742382N12005285WA0140901452
B2157404742383N12005289WA0140901452
B2157414742385N12005293WA0140801452
B2157424742386N12005298WA0140901451
B2157434742387N12005304WA0140801449
B2157444742388N12005310WA0140701448
B2157454742389N12005315WA0140501448
B2157464742389N12005319WA0140601448
B2157474742389N12005324WA0140501447
B2157484742390N12005328WA0140301446
B2157494742391N12005333WA0140301444
B2157504742391N12005338WA0140001442
B2157514742391N12005344WA0139901440
B2157524742390N12005349WA0139701437
B2157534742390N12005355WA0139601436
B2157544742390N12005360WA0139401435
B2157554742391N12005365WA0139301434
B2157564742391N12005369WA0139301433
B2157574742392N12005374WA0139101432
B2157584742392N12005379WA0138901430
B2157594742393N12005385WA0138901428
B2158004742395N12005390WA0138501426
B2158014742396N12005394WA0138401424
B2158024742397N12005399WA0138301422
B2158034742398N12005404WA0138001419
B2158044742400N12005409WA0137801417
B2158054742401N12005414WA0137601414
B2158064742403N12005419WA0137201411
B2158074742405N12005424WA0137101408
B2158084742407N12005429WA0136701406
B2158094742408N12005433WA0136601403
B2158104742409N12005438WA0136201400
B2158114742410N12005443WA0135901397
B2158124742411N12005449WA0135701394
B2158134742411N12005453WA0135501391
B2158144742410N12005458WA0135201389
B2158154742410N12005462WA0135001386
B2158164742411N12005466WA0134601383
B2158174742411N12005472WA0134301379
B2158184742411N12005477WA0134001375
B2158194742411N12005483WA0133701372
B2158204742411N12005488WA0133401369
B2158214742411N12005493WA0133201367
B2158224742412N12005497WA0132801365
B2158234742412N12005502WA0132701362
B2158244742412N12005507WA0132301358
B2158254742412N12005512WA0132001355
B2158264742413N12005518WA0131901352
B2158274742413N12005522WA0131601350
B2158284742414N12005527WA0131401348
B2158294742415N12005531WA0131101346
B2158304742416N12005535WA0130801343
B2158314742416N12005540WA0130601339
B2158324742417N12005545WA0130201336
B2158334742417N12005549WA0130201334
B2158344742418N12005553WA0129901332
B2158354742419N12005556WA0129601330
B2158364742420N12005559WA0129401328
B2158374742420N12005563WA0129201325
B2158384742421N12005567WA0128801321
B2158394742422N12005572WA0128601318
B2158404742424N12005576WA0128301316
B2158414742425N12005579WA0128201314
B2158424742426N12005583WA0128001313
B2158434742427N12005586WA0127801311
B2158444742427N12005589WA0127601309
B2158454742427N12005592WA0127301306
B2158464742427N12005596WA0127101303
B2158474742427N12005599WA0126901301
B2158484742428N12005602WA0126601299
B2158494742428N12005605WA0126501297
B2158504742428N12005607WA0126101294
B2158514742428N12005610WA0125901290
B2158524742428N12005615WA0125501285
B2158534742428N12005619WA0125201282
B2158544742428N12005624WA0124801278
B2158554742428N12005628WA0124601276
B2158564742427N12005632WA0124301273
B2158574742427N12005636WA0124101270
B2158584742428N12005640WA0123701267
B2158594742428N12005645WA0123501263
B2159004742428N12005649WA0123001260
B2159014742428N12005653WA0122701257
B2159024742428N12005656WA0122501253
B2159034742428N12005658WA0122201250
B2159044742428N12005661WA0121801247
B2159054742428N12005666WA0121501243
B2159064742428N12005671WA0120901238
B2159074742427N12005677WA0120801235
B2159084742427N12005682WA0120701234
B2159094742427N12005685WA0120501233
B2159104742427N12005689WA0120301231
B2159114742428N12005694WA0120001228
B2159124742428N12005700WA0119601223
B2159134742427N12005705WA0119301219
B2159144742427N12005710WA0119001216
B2159154742428N12005714WA0118701214
B2159164742429N12005718WA0118701213
B2159174742430N12005721WA0118501213
B2159184742431N12005724WA0118501213
B2159194742432N12005727WA0118401212
B2159204742433N12005731WA0118301212
B2159214742434N12005735WA0118401211
B2159224742435N12005738WA0118301211
B2159234742435N12005742WA0118101211
B2159244742436N12005746WA0118201210
B2159254742436N12005751WA0118101209
B2159264742435N12005755WA0118101209
B2159274742435N12005759WA0118001208
B2159284742436N12005762WA0117901208
B2159294742437N12005765WA0117901209
B2159304742438N12005767WA0117901208
B2159314742439N12005771WA0117801207
B2159324742440N12005775WA0117501204
B2159334742440N12005780WA0117401202
B2159344742442N12005785WA0117201200
B2159354742445N12005789WA0117201200
B2159364742449N12005791WA0117101200
B2159374742452N12005793WA0117101201
B2159384742454N12005793WA0117101201
B2159394742456N12005794WA0117101201
B2159404742457N12005797WA0116901199
B2159414742458N12005800WA0116901197
B2159424742459N12005803WA0116701196
B2159434742461N12005805WA0116701195
B2159444742462N12005805WA0116501195
B2159454742463N12005805WA0116401192
B2159464742464N12005806WA0116001189
B2159474742465N12005809WA0115701184
B2159484742464N12005811WA0115301179
B2159494742463N12005813WA0115101176
B2159504742461N12005811WA0114801173
B2159514742459N12005808WA0114601171
B2159524742456N12005802WA0114301168
B2159534742453N12005793WA0114001165
B2159544742452N12005783WA0113701162
B2159554742451N12005771WA0113401161
B2159564742452N12005760WA0113501161
B2159574742454N12005751WA0113501161
B2159584742456N12005743WA0113601162
B2159594742458N12005735WA0113601161
B2200004742459N12005726WA0113301159
B2200014742460N12005715WA0112901156
B2200024742461N12005702WA0112801153
B2200034742464N12005689WA0112501152
B2200044742467N12005678WA0112801154
B2200054742470N12005669WA0112801156
B2200064742473N12005660WA0112901157
B2200074742476N12005651WA0112801156
B2200084742479N12005640WA0112601154
B2200094742481N12005629WA0112501153
B2200104742483N12005618WA0112601153
B2200114742484N12005608WA0112601153
B2200124742485N12005599WA0112701154
B2200134742486N12005590WA0112801155
B2200144742487N12005581WA0112701155
B2200154742490N12005572WA0112701155
B2200164742493N12005561WA0112601154
B2200174742496N12005550WA0112501152
B2200184742501N12005538WA0112501151
B2200194742505N12005527WA0112501152
B2200204742509N12005516WA0112601153
B2200214742512N12005507WA0112701155
B2200224742515N12005499WA0112701155
B2200234742519N12005491WA0112801155
B2200244742524N12005483WA0112601155
B2200254742530N12005475WA0112601153
B2200264742537N12005467WA0112601152
B2200274742543N12005460WA0112501150
B2200284742548N12005453WA0112301149
B2200294742553N12005446WA0112301148
B2200304742558N12005437WA0111901147
B2200314742563N12005428WA0111901145
B2200324742567N12005418WA0111901143
B2200334742571N12005408WA0111701142
B2200344742575N12005399WA0111601141
B2200354742579N12005390WA0111501140
B2200364742583N12005380WA0111201138
B2200374742585N12005369WA0111101136
B2200384742587N12005358WA0110801134
B2200394742588N12005347WA0110701131
B2200404742590N12005337WA0110401129
B2200414742592N12005326WA0110301126
B2200424742593N12005314WA0109901123
B2200434742594N12005303WA0109701120
B2200444742593N12005291WA0109501116
B2200454742592N12005281WA0109001113
B2200464742590N12005270WA0108701109
B2200474742589N12005260WA0108601107
B2200484742587N12005250WA0108201103
B2200494742585N12005240WA0107801100
B2200504742583N12005230WA0107401096
B2200514742581N12005220WA0107201092
B2200524742578N12005209WA0106801090
B2200534742576N12005199WA0106801088
B2200544742574N12005189WA0106501087
B2200554742572N12005180WA0106301085
B2200564742569N12005171WA0106101081
B2200574742567N12005162WA0105801078
B2200584742564N12005153WA0105301074
B2200594742562N12005143WA0105201071
B2201004742560N12005134WA0104801068
B2201014742558N12005126WA0104501065
B2201024742555N12005118WA0104101061
B2201034742553N12005109WA0103901057
B2201044742550N12005100WA0103301052
B2201054742547N12005091WA0103001048
B2201064742545N12005081WA0102701045
B2201074742542N12005072WA0102401042
B2201084742540N12005063WA0101901038
B2201094742538N12005054WA0101701036
B2201104742537N12005045WA0101301033
B2201114742536N12005036WA0101001030
B2201124742534N12005026WA0100601025
B2201134742532N12005016WA0100401021
B2201144742530N12005005WA0100001016
B2201154742528N12004994WA0099401013
B2201164742526N12004983WA0099201009
B2201174742524N12004973WA0098901007
B2201184742521N12004963WA0098801005
B2201194742519N12004953WA0098501003
B2201204742516N12004943WA0098201001
B2201214742514N12004933WA0098100999
B2201224742511N12004922WA0097900997
B2201234742508N12004912WA0097700994
B2201244742505N12004903WA0097400993
B2201254742502N12004893WA0097300992
B2201264742500N12004883WA0097200991
B2201274742498N12004873WA0097200989
B2201284742496N12004864WA0097000987
B2201294742493N12004854WA0096700985
B2201304742491N12004844WA0096400982
B2201314742489N12004834WA0096300980
B2201324742486N12004823WA0096000977
B2201334742484N12004813WA0096000976
B2201344742482N12004802WA0095700974
B2201354742480N12004791WA0095600973
B2201364742478N12004781WA0095500972
B2201374742476N12004770WA0095400972
B2201384742475N12004760WA0095200971
B2201394742475N12004749WA0095200970
B2201404742474N12004739WA0095100969
B2201414742474N12004728WA0095000967
B2201424742473N12004717WA0094800965
B2201434742473N12004706WA0094700964
B2201444742473N12004695WA0094600962
B2201454742472N12004685WA0094400961
B2201464742472N12004674WA0094300960
B2201474742471N12004663WA0094100958
B2201484742469N12004653WA0094100957
B2201494742468N12004643WA0094000956
B2201504742467N12004633WA0093700955
B2201514742466N12004623WA0093700953
B2201524742464N12004613WA0093500951
B2201534742462N12004602WA0093200949
B2201544742460N12004592WA0093100947
B2201554742458N12004582WA0093000946
B2201564742456N12004575WA0092900945
B2201574742453N12004570WA0092800944
B2201584742450N12004566WA0092700942
B2201594742447N12004563WA0092500940
B2202004742443N12004560WA0092200939
B2202014742440N12004556WA0092100937
B2202024742436N12004550WA0091900936
B2202034742433N12004544WA0091800934
B2202044742429N12004538WA0091200932
B2202054742425N12004533WA0091000929
B2202064742421N12004527WA0091300927
B2202074742417N12004522WA0091000926
B2202084742413N12004516WA0090600925
B2202094742409N12004511WA0090700924
B2202104742406N12004507WA0090700922
B2202114742402N12004504WA0090500921
B2202124742399N12004503WA0090300918
B2202134742395N12004503WA0090000915
B2202144742391N12004503WA0089800912
B2202154742387N12004503WA0089600910
B2202164742384N12004503WA0089300908
B2202174742381N12004504WA0089000907
B2202184742378N12004505WA0089000906
B2202194742376N12004507WA0089000905
B2202204742375N12004509WA0088800904
B2202214742375N12004511WA0088100903
B2202224742375N12004513WA0088100901
B2202234742374N12004513WA0086600901
B2202244742374N12004513WA0088800901
B2202254742374N12004512WA0090700900
B2202264742375N12004511WA0089600900
B2202274742375N12004511WA0089300901
B2202284742375N12004510WA0088900901
B2202294742375N12004510WA0088900900
B2202304742375N12004509WA0088800900
B2202314742375N12004508WA0089000900
B2202324742375N12004508WA0088800900
B2202334742375N12004507WA0088800901
B2202344742375N12004506WA0088900901
B2202354742375N12004505WA0088900901
B2202364742375N12004503WA0088600901
B2202374742375N12004503WA0088300901
B2202384742375N12004503WA0088900901
B2202394742375N12004503WA0088800900
B2202404742375N12004503WA0089000900
B2202414742375N12004503WA0088900900
B2202424742375N12004503WA0088900900
B2202434742375N12004504WA0088800900
B2202444742375N12004503WA0088700900
B2202454742375N12004503WA0088600900
B2202464742375N12004503WA0088800900
B2202474742375N12004503WA0088800900
B2202484742374N12004503WA0088800900
B2202494742374N12004503WA0088600900
B2202504742374N12004503WA0088700900
B2202514742374N12004503WA0088700900
B2202524742374N12004503WA0088700900
B2202534742374N12004503WA0088700900
B2202544742374N12004503WA0088600900
B2202554742374N12004503WA0088600900
B2202564742374N12004502WA0088700900
B2202574742373N12004502WA0088700901
B2202584742373N12004501WA0088300901
B2202594742373N12004501WA0088900901
B2203004742373N12004500WA0088200901
B2203014742373N12004500WA0088800902
B2203024742373N12004500WA0088800901
B2203034742373N12004500WA0089100901
B2203044742373N12004500WA0088700901
B2203054742373N12004500WA0088900900
B2203064742373N12004500WA0088900900
B2203074742373N12004499WA0089000900
B2203084742373N12004499WA0088900900
B2203094742373N12004499WA0088900900
B2203104742373N12004499WA0088900900
B2203114742373N12004499WA0088800900
B2203124742372N12004499WA0088800900
B2203134742373N12004499WA0088600900
B2203144742373N12004500WA0088700899
B2203154742373N12004500WA0088600900
B2203164742373N12004500WA0088800899
B2203174742373N12004499WA0088800899
B2203184742373N12004499WA0088800899
B2203194742373N12004500WA0088700899
B2203204742373N12004500WA0088700899
B2203214742373N12004500WA0088700898
B2203224742373N12004500WA0088700898
B2203234742373N12004500WA0088700898
B2203244742373N12004500WA0088700898
B2203254742373N12004500WA0088400898
B2203264742373N12004500WA0088800898
B2203274742373N12004500WA0088800898
B2203284742373N12004500WA0088800898
B2203294742373N12004499WA0088700898
B2203304742373N12004499WA0088600898
B2203314742373N12004499WA0088900898
B2203324742373N12004499WA0088800898
B2203334742373N12004499WA0088800898
B2203344742373N12004499WA0088800898
B2203354742373N12004499WA0088700898
B2203364742373N12004498WA0088700898
B2203374742373N12004498WA0088500900
B2203384742373N12004497WA0088200899
B2203394742373N12004497WA0088800899
B2203404742373N12004496WA0088800899
B2203414742374N12004495WA0089000899
B2203424742374N12004494WA0088900899
B2203434742374N12004493WA0088500899
B2203444742374N12004492WA0088500899
B2203454742375N12004491WA0088800899
B2203464742375N12004490WA0088800899
B2203474742375N12004489WA0088700899
B2203484742375N12004488WA0088900899
B2203494742374N12004487WA0088600899
B2203504742375N12004486WA0088900900
B2203514742374N12004485WA0088700900
B2203524742374N12004484WA0088800900
B2203534742374N12004483WA0088700899
B2203544742374N12004482WA0088800899
B2203554742375N12004481WA0088500899
B2203564742375N12004480WA0088600899
B2203574742375N12004478WA0088800899
B2203584742374N12004477WA0088400899
B2203594742375N12004476WA0088900899
B2204004742375N12004475WA0088700897
B2204014742375N12004474WA0088900897
B2204024742375N12004473WA0088800897
B2204034742375N12004472WA0088800897
B2204044742375N12004471WA0088600897
B2204054742375N12004470WA0088900898
B2204064742375N12004468WA0088800898
B2204074742375N12004467WA0088600898
B2204084742375N12004466WA0089000898
B2204094742375N12004465WA0088700899
B2204104742375N12004464WA0088800898
B2204114742375N12004462WA0088500899
B2204124742375N12004461WA0088600899
B2204134742375N12004460WA0088500899
B2204144742375N12004459WA0088500899
B2204154742375N12004458WA0088700899
B2204164742375N12004457WA0088600899
B2204174742375N12004456WA0088700899
B2204184742375N12004455WA0088500898
B2204194742375N12004454WA0088800897
B2204204742375N12004453WA0088800897
B2204214742375N12004452WA0088700896
B2204224742375N12004451WA0088800896
B2204234742375N12004449WA0088400896
B2204244742375N12004448WA0088900895
B2204254742375N12004447WA0088700896
B2204264742375N12004445WA0088400896
B2204274742375N12004444WA0088900895
B2204284742375N12004443WA0088600895
B2204294742374N12004442WA0088800895
B2204304742374N12004440WA0088600895
B2204314742374N12004439WA0088700895
B2204324742374N12004438WA0088800895
B2204334742374N12004437WA0088400895
B2204344742374N12004436WA0088600896
B2204354742374N12004434WA0088500896
B2204364742374N12004433WA0088700896
B2204374742374N12004432WA0088500896
B2204384742374N12004431WA0088500897
B2204394742374N12004430WA0088700897
B2204404742374N12004429WA0088600897
B2204414742374N12004428WA0088800897
B2204424742374N12004426WA0088800897
B2204434742374N12004425WA0088700898
B2204444742374N12004424WA0088600898
B2204454742374N12004423WA0088700898
B2204464742374N12004422WA0088800897
B2204474742374N12004421WA0088200898
B2204484742374N12004420WA0088600898
B2204494742374N12004419WA0088400898
B2204504742374N12004418WA0088400898
B2204514742374N12004416WA0088500898
B2204524742374N12004415WA0088400897
B2204534742374N12004414WA0088600897
B2204544742374N12004413WA0088400897
B2204554742374N12004412WA0088700897
B2204564742374N12004410WA0088700897
B2204574742374N12004409WA0088600897
B2204584742374N12004408WA0088900897
B2204594742374N12004407WA0088100897
B2205004742374N12004406WA0088500898
B2205014742373N12004405WA0088300898
B2205024742373N12004404WA0088200898
B2205034742373N12004403WA0088800898
B2205044742373N12004402WA0088400898
B2205054742373N12004400WA0088700898
B2205064742373N12004399WA0088500898
B2205074742373N12004398WA0088700898
B2205084742373N12004397WA0088500898
B2205094742373N12004396WA0088500898
B2205104742373N12004395WA0088700898
B2205114742373N12004394WA0088200898
B2205124742373N12004392WA0088700898
B2205134742373N12004391WA0088000898
B2205144742373N12004390WA0088200899
B2205154742373N12004389WA0088700898
B2205164742373N12004388WA0088200898
B2205174742373N12004387WA0088600898
B2205184742373N12004386WA0088700897
B2205194742373N12004384WA0088200897
B2205204742373N12004383WA0088500898
B2205214742373N12004382WA0088600898
B2205224742373N12004381WA0088300897
B2205234742373N12004380WA0088500897
B2205244742373N12004379WA0088400897
B2205254742373N12004378WA0088500897
B2205264742373N12004377WA0088200897
B2205274742373N12004376WA0088500897
B2205284742373N12004375WA0088600896
B2205294742373N12004374WA0088300896
B2205304742373N12004372WA0088500896
B2205314742373N12004371WA0088400896
B2205324742373N12004370WA0088100896
B2205334742373N12004369WA0088600896
B2205344742373N12004368WA0088500895
B2205354742373N12004367WA0088400895
B2205364742373N12004366WA0088400895
B2205374742373N12004365WA0088100895
B2205384742373N12004364WA0088300895
B2205394742373N12004363WA0088300894
B2205404742373N12004362WA0088400895
B2205414742373N12004361WA0088400895
B2205424742373N12004361WA0088100895
B2205434742373N12004360WA0088500895
B2205444742373N12004359WA0088300894
B2205454742373N12004358WA0088400894
B2205464742373N12004356WA0088300894
B2205474742373N12004355WA0088200894
B2205484742373N12004354WA0088300894
B2205494742373N12004353WA0088200894
B2205504742373N12004352WA0088300894
B2205514742373N12004351WA0088500894
B2205524742373N12004350WA0088000894
B2205534742373N12004349WA0088200894
B2205544742373N12004348WA0088000894
B2205554742373N12004347WA0088500894
B2205564742373N12004346WA0088100894
B2205574742373N12004345WA0088500894
B2205584742373N12004344WA0088400894
B2205594742373N12004343WA0088200894
B2206004742373N12004342WA0088400894
B2206014742373N12004341WA0088300894
B2206024742373N12004340WA0088500894
B2206034742374N12004339WA0088000894
B2206044742374N12004338WA0088400894
B2206054742374N12004337WA0088100894
B2206064742374N12004336WA0088300894
B2206074742374N12004335WA0088100894
B2206084742374N12004334WA0088000895
B2206094742374N12004333WA0088400894
B2206104742375N12004331WA0088200895
B2206114742375N12004330WA0088500895
B2206124742375N12004329WA0088100895
B2206134742375N12004328WA0088500894
B2206144742375N12004327WA0088300894
B2206154742375N12004326WA0088300894
B2206164742375N12004325WA0088000894
B2206174742375N12004324WA0088300893
B2206184742375N12004323WA0088300894
B2206194742375N12004322WA0088200894
B2206204742375N12004321WA0088300894
B2206214742375N12004320WA0088000894
B2206224742374N12004319WA0088300894
B2206234742374N12004318WA0088000893
B2206244742375N12004317WA0088200893
B2206254742375N12004316WA0088100893
B2206264742374N12004315WA0088000894
B2206274742374N12004314WA0088400894
B2206284742374N12004314WA0088500894
B2206294742374N12004313WA0088400893
B2206304742373N12004313WA0088100893
B2206314742373N12004312WA0088000893
B2206324742373N12004311WA0087800893
B2206334742373N12004310WA0088400893
B2206344742373N12004310WA0088100893
B2206354742373N12004309WA0088100892
B2206364742373N12004308WA0088500892
B2206374742373N12004307WA0087700892
B2206384742373N12004307WA0088100893
B2206394742374N12004308WA0088200892
B2206404742374N12004308WA0088000892
B2206414742375N12004308WA0088400892
B2206424742376N12004308WA0088000892
B2206434742377N12004307WA0088400892
B2206444742377N12004307WA0088300892
B2206454742378N12004307WA0088000893
B2206464742379N12004307WA0088300892
B2206474742380N12004307WA0088100892
B2206484742381N12004307WA0088000892
B2206494742381N12004307WA0088300892
B2206504742382N12004307WA0087900892
B2206514742383N12004307WA0088500892
B2206524742383N12004307WA0088200892
B2206534742384N12004307WA0088200892
B2206544742385N12004307WA0088400892
B2206554742386N12004307WA0087900892
B2206564742387N12004308WA0088200893
B2206574742387N12004307WA0088000893
B2206584742388N12004307WA0088200893
B2206594742388N12004306WA0088400893
B2207004742388N12004306WA0088200893
B2207014742388N12004306WA0088300893
B2207024742388N12004306WA0088100893
B2207034742389N12004306WA0088000894
B2207044742389N12004306WA0088100894
B2207054742388N12004306WA0088000894
B2207064742388N12004306WA0088300895
B2207074742389N12004307WA0088200894
B2207084742389N12004307WA0088200895
B2207094742389N12004306WA0088000894
B2207104742389N12004306WA0088200895
B2207114742389N12004306WA0088100896
B2207124742389N12004306WA0088000895
B2207134742389N12004306WA0087600895
B2207144742389N12004306WA0088300895
B2207154742389N12004306WA0088100894
B2207164742389N12004306WA0088100894
B2207174742389N12004306WA0088300894
B2207184742389N12004306WA0088100894
B2207194742389N12004306WA0088200894
B2207204742389N12004306WA0088100894
B2207214742389N12004306WA0088200894
B2207224742389N12004306WA0088100894
B2207234742389N12004306WA0088200895
B2207244742389N12004306WA0088200895
B2207254742389N12004306WA0088100894
B2207264742389N12004306WA0088200895
B2207274742389N12004306WA0088100895
B2207284742389N12004305WA0088100895
B2207294742389N12004305WA0088000895
B2207304742389N12004305WA0088200895
B2207314742389N12004305WA0088100895
B2207324742389N12004305WA0088200895
B2207334742389N12004305WA0088200895
B2207344742389N12004305WA0088200895
B2207354742389N12004305WA0088200894
B2207364742389N12004305WA0088200894
B2207374742389N12004305WA0088200894
B2207384742389N12004305WA0088100894
B2207394742389N12004306WA0088100894
B2207404742389N12004306WA0088100894
B2207414742389N12004306WA0088100894
B2207424742389N12004306WA0088100894
B2207434742389N12004306WA0088100894
B2207444742389N12004306WA0088200894
B2207454742389N12004306WA0088100894
B2207464742389N12004306WA0088100894
B2207474742389N12004306WA0087800894
B2207484742389N12004306WA0088200894
B2207494742389N12004306WA0088100894
B2207504742388N12004306WA0088000893
B2207514742389N12004306WA0088200893
B2207524742389N12004305WA0088100893
B2207534742388N12004305WA0088000894
B2207544742389N12004305WA0088100893
B2207554742389N12004305WA0088100893
B2207564742389N12004305WA0088100893
B2207574742389N12004305WA0088100893
B2207584742389N12004305WA0088000894
B2207594742389N12004305WA0088100894
B2208004742389N12004305WA0088200894
B2208014742389N12004305WA0088200894
B2208024742389N12004305WA0088100894
B2208034742389N12004305WA0088100893
B2208044742389N12004305WA0088000893
B2208054742389N12004305WA0088000893
B2208064742389N12004305WA0088100893
B2208074742389N12004305WA0088200893
B2208084742389N12004305WA0088100893
B2208094742389N12004305WA0088200893
B2208104742389N12004305WA0088000893
B2208114742389N12004305WA0088100893
B2208124742389N12004304WA0088100893
B2208134742389N12004304WA0088100893
B2208144742389N12004304WA0088000893
B2208154742389N12004304WA0088100893
B2208164742389N12004304WA0088000893
B2208174742389N12004305WA0088100893
B2208184742389N12004305WA0088100893
B2208194742389N12004305WA0088100893
B2208204742389N12004305WA0088100893
B2208214742390N12004305WA0088100893
B2208224742390N12004305WA0088200893
B2208234742390N12004305WA0088100893
B2208244742390N12004305WA0088200893
B2208254742390N12004305WA0088200894
B2208264742389N12004304WA0088100893
B2208274742389N12004304WA0088100894
B2208284742390N12004304WA0088200894
B2208294742390N12004304WA0088200894
B2208304742390N12004304WA0088200894
B2208314742390N12004304WA0088100894
B2208324742390N12004304WA0088100893
B2208334742390N12004304WA0088100893
B2208344742390N12004304WA0088100893
B2208354742389N12004304WA0088100893
B2208364742389N12004304WA0088100893
B2208374742389N12004305WA0087200892
B2208384742389N12004305WA0088400890
B2208394742389N12004306WA0088200891
B2208404742390N12004306WA0088100890
B2208414742390N12004307WA0088100891
B2208424742390N12004307WA0088100891
B2208434742390N12004307WA0088100891
B2208444742390N12004307WA0088100890
B2208454742390N12004307WA0088100890
B2208464742390N12004307WA0088100891
B2208474742390N12004307WA0088100891
B2208484742390N12004307WA0088100891
B2208494742390N12004307WA0088100891
B2208504742390N12004307WA0088100891
B2208514742391N12004307WA0088100891
B2208524742391N12004307WA0088100891
B2208534742391N12004307WA0088100891
B2208544742391N12004307WA0088100891
B2208554742391N12004307WA0088100892
B2208564742391N12004307WA0088100892
B2208574742391N12004307WA0088100892
B2208584742390N12004307WA0088100892
B2208594742390N12004307WA0088100892
B2209004742390N12004307WA0088100892
B2209014742390N12004307WA0088100892
B2209024742390N12004307WA0088100892
B2209034742390N12004307WA0088100893
B2209044742390N12004307WA0088100893
B2209054742390N12004307WA0088100893
B2209064742390N12004307WA0088100893
B2209074742390N12004307WA0088100893
B2209084742390N12004307WA0088100893
B2209094742390N12004307WA0088100893
B2209104742390N12004307WA0088000893
B2209114742390N12004307WA0088100893
B2209124742391N12004307WA0088000893
B2209134742391N12004307WA0088000893
B2209144742391N12004307WA0088100893
B2209154742391N12004307WA0088100893
B2209164742391N12004307WA0088100894
B2209174742391N12004307WA0088100894
B2209184742391N12004307WA0088100894
B2209194742391N12004307WA0088100894
B2209204742391N12004307WA0088000894
B2209214742391N12004307WA0088100894
B2209224742391N12004307WA0088100894
B2209234742391N12004307WA0088100894
B2209244742391N12004307WA0088000894
B2209254742391N12004307WA0088100894
B2209264742391N12004307WA0088100894
B2209274742391N12004307WA0088000894
B2209284742391N12004307WA0088000893
B2209294742391N12004307WA0088000893
B2209304742391N12004307WA0088000893
B2209314742391N12004307WA0088000893
B2209324742391N12004307WA0088000893
B2209334742391N12004307WA0088000893
B2209344742391N12004307WA0088000893
B2209354742391N12004307WA0088000893
B2209364742391N12004307WA0088000893
B2209374742391N12004307WA0088000893
B2209384742391N12004307WA0088000893
B2209394742391N12004307WA0088000893
B2209404742391N12004307WA0088000893
B2209414742391N12004307WA0088000893
B2209424742391N12004307WA0088000893
B2209434742391N12004307WA0088000893
B2209444742391N12004307WA0088000893
B2209454742391N12004307WA0088000893
B2209464742391N12004307WA0088000893
B2209474742391N12004307WA0088000893
B2209484742390N12004307WA0088000893
B2209494742390N12004307WA0088000893
B2209504742390N12004307WA0088000893
B2209514742390N12004307WA0088000893
B2209524742390N12004307WA0088000893
B2209534742390N12004307WA0088000893
B2209544742390N12004307WA0088000893
B2209554742390N12004307WA0088000893
B2209564742390N12004307WA0088000893
B2209574742390N12004307WA0088000893
B2209584742390N12004307WA0088000893
B2209594742390N12004307WA0088000893
B2210004742390N12004307WA0088000892
B2210014742390N12004307WA0088000892
B2210024742390N12004307WA0088000892
B2210034742390N12004307WA0088000892
B2210044742390N12004307WA0088000892
B2210054742390N12004307WA0088000892
B2210064742390N12004307WA0088000892
B2210074742390N12004307WA0088000892
B2210084742390N12004307WA0088000892
B2210094742390N12004307WA0088000892
B2210104742390N12004307WA0088000892
B2210114742390N12004307WA0088000892
B2210124742390N12004307WA0088000892
B2210134742390N12004306WA0088000892
B2210144742390N12004306WA0088000892
B2210154742390N12004306WA0088000892
B2210164742390N12004306WA0088000892
B2210174742390N12004306WA0088000892
B2210184742390N12004306WA0088000892
B2210194742390N12004306WA0087900892
B2210204742390N12004306WA0088000892
B2210214742390N12004306WA0088000892
B2210224742390N12004306WA0087900892
B2210234742390N12004306WA0088000892
B2210244742390N12004306WA0087900892
B2210254742390N12004306WA0088000892
B2210264742390N12004306WA0088000892
B2210274742390N12004306WA0088000892
B2210284742390N12004306WA0088000891
B2210294742390N12004306WA0087900891
B2210304742390N12004306WA0088000891
B2210314742390N12004306WA0087900891
B2210324742390N12004306WA0087900891
B2210334742390N12004306WA0087900892
B2210344742390N12004306WA0087900892
B2210354742390N12004306WA0087900892
B2210364742390N12004306WA0088000892
B2210374742390N12004306WA0087900892
B2210384742390N12004306WA0088000892
B2210394742390N12004306WA0087900892
B2210404742391N12004306WA0087900892
B2210414742391N12004306WA0088000892
B2210424742391N12004306WA0088000892
B2210434742391N12004306WA0088000892
B2210444742391N12004306WA0088000892
B2210454742391N12004306WA0088000892
B2210464742391N12004306WA0088000892
B2210474742391N12004306WA0088000892
B2210484742391N12004306WA0088000892
B2210494742391N12004306WA0088000892
B2210504742391N12004306WA0088000892
B2210514742391N12004306WA0088000892
B2210524742391N12004306WA0088000892
B2210534742391N12004306WA0088000892
B2210544742391N12004306WA0087900892
B2210554742391N12004306WA0088000892
B2210564742391N12004306WA0088000892
B2210574742391N12004306WA0088000892
B2210584742391N12004306WA0087900892
B2210594742391N12004306WA0088000892
B2211004742391N12004306WA0087900892
B2211014742391N12004306WA0087900892
B2211024742391N12004306WA0087900892
B2211034742391N12004306WA0088000892
B2211044742391N12004306WA0088000892
B2211054742391N12004306WA0087900892
B2211064742391N12004306WA0087900892
B2211074742391N12004306WA0088000892
B2211084742391N12004306WA0088000892
B2211094742391N12004306WA0088000892
B2211104742391N12004306WA0088000892
B2211114742391N12004306WA0088000892
B2211124742391N12004306WA0087900892
B2211134742391N12004306WA0088000892
B2211144742391N12004306WA0088000892
B2211154742391N12004306WA0087900892
B2211164742391N12004306WA0088000892
B2211174742391N12004306WA0087900892
B2211184742391N12004306WA0088000892
B2211194742391N12004306WA0088000892
B2211204742391N12004306WA0088000892
B2211214742391N12004306WA0088000892
B2211224742391N12004306WA0087900892
B2211234742391N12004306WA0088000892
B2211244742391N12004306WA0088000892
B2211254742391N12004306WA0088000892
B2211264742391N12004306WA0088000892
B2211274742391N12004306WA0088000892
B2211284742391N12004306WA0088000892
B2211294742391N12004306WA0088000892
B2211304742391N12004306WA0088000892
B2211314742391N12004306WA0088000892
B2211324742391N12004306WA0088000892
B2211334742391N12004306WA0088000893
B2211344742391N12004306WA0088000893
B2211354742391N12004306WA0088000892
B2211364742391N12004306WA0088000892
B2211374742391N12004306WA0088000892
B2211384742391N12004306WA0088000892
B2211394742391N12004306WA0088000892
B2211404742391N12004306WA0088000892
B2211414742391N12004306WA0088000892
B2211424742391N12004306WA0088000892
B2211434742391N12004306WA0088000893
B2211444742391N12004306WA0088000893
B2211454742391N12004306WA0088000893
B2211464742391N12004306WA0088000893
B2211474742391N12004306WA0088000892
B2211484742390N12004306WA0088000892
B2211494742390N12004306WA0088000892
B2211504742390N12004306WA0088000892
B2211514742390N12004306WA0088000892
B2211524742390N12004306WA0088000892
B2211534742390N12004306WA0088000892
B2211544742390N12004306WA0088000892
B2211554742390N12004306WA0088000892
B2211564742390N12004306WA0088000892
B2211574742390N12004306WA0088000892
B2211584742390N12004306WA0088000892
B2211594742390N12004306WA0088000892
B2212004742390N12004306WA0088000892
B2212014742390N12004306WA0088000892
B2212024742390N12004306WA0088000892
B2212034742390N12004306WA0088000892
B2212044742390N12004306WA0088000892
B2212054742390N12004306WA0088000892
B2212064742390N12004306WA0088000892
B2212074742390N12004306WA0088000892
B2212084742390N12004306WA0088000892
B2212094742390N12004306WA0088000892
B2212104742390N12004306WA0088000892
B2212114742390N12004306WA0088000892
B2212124742390N12004306WA0088000892
B2212134742390N12004306WA0088000892
B2212144742390N12004306WA0088000892
B2212154742390N12004306WA0088000892
B2212164742390N12004306WA0088000892
B2212174742390N12004306WA0088000892
B2212184742390N12004306WA0088000892
B2212194742390N12004306WA0088000893
B2212204742390N12004306WA0088000893
B2212214742390N12004306WA0088000893
B2212224742390N12004306WA0088000893
B2212234742390N12004306WA0088000893
B2212244742390N12004306WA0088000893
B2212254742390N12004306WA0088000893
B2212264742390N12004306WA0088000893
B2212274742390N12004306WA0087900893
B2212284742390N12004306WA0088000893
B2212294742390N12004306WA0088000893
B2212304742390N12004306WA0088000893
B2212314742390N12004306WA0088000893
B2212324742390N12004306WA0088000893
B2212334742390N12004306WA0088000893
B2212344742390N12004306WA0088000893
B2212354742390N12004306WA0088000893
B2212364742390N12004306WA0088000893
B2212374742390N12004306WA0088000893
B2212384742390N12004306WA0088000893
B2212394742390N12004306WA0088000893
B2212404742390N12004306WA0088000893
B2212414742390N12004306WA0088000894
B2212424742390N12004306WA0088000894
B2212434742390N12004306WA0088000894
B2212444742390N12004306WA0088000894
B2212454742390N12004306WA0088000894
B2212464742390N12004306WA0088000894
B2212474742390N12004306WA0088000894
B2212484742390N12004306WA0088000894
B2212494742390N12004306WA0087900894
B2212504742390N12004306WA0088000894
B2212514742390N12004306WA0088000894
B2212524742390N12004306WA0088000894
B2212534742390N12004306WA0088000894
B2212544742390N12004306WA0087900894
B2212554742390N12004306WA0088000894
B2212564742390N12004306WA0088000894
B2212574742390N12004306WA0088000894
B2212584742390N12004306WA0088000894
B2212594742390N12004306WA0088000894
B2213004742390N12004306WA0088000894
B2213014742390N12004306WA0088000894
B2213024742390N12004306WA0088000894
B2213034742390N12004306WA0087900894
B2213044742390N12004306WA0088000894
B2213054742390N12004306WA0088000894
B2213064742390N12004306WA0088000894
B2213074742390N12004306WA0088000894
B2213084742390N12004306WA0088000894
B2213094742390N12004306WA0088000894
B2213104742390N12004306WA0088000894
B2213114742390N12004306WA0088000894
B2213124742390N12004306WA0088000894
B2213134742390N12004306WA0088000894
B2213144742390N12004306WA0088000894
B2213154742390N12004306WA0088000894
B2213164742390N12004306WA0088000894
B2213174742390N12004306WA0088000894
B2213184742390N12004306WA0088000894
B2213194742390N12004306WA0088000894
B2213204742390N12004306WA0088000894
B2213214742390N12004306WA0088000894
B2213224742390N12004306WA0088000894
B2213234742390N12004306WA0088000894
B2213244742390N12004306WA0087900894
B2213254742390N12004306WA0088000894
B2213264742390N12004306WA0087900894
B2213274742390N12004306WA0087900894
B2213284742390N12004306WA0087900894
B2213294742390N12004306WA0087900894
B2213304742390N12004306WA0088000894
B2213314742390N12004306WA0088000894
B2213324742390N12004306WA0088000894
B2213334742390N12004306WA0088000894
B2213344742390N12004306WA0088000894
B2213354742390N12004306WA0088000894
B2213364742390N12004306WA0088000893
B2213374742390N12004306WA0088000893
B2213384742390N12004306WA0088000894
B2213394742390N12004306WA0088000893
B2213404742390N12004306WA0088000893
B2213414742390N12004306WA0088000893
B2213424742390N12004306WA0088000894
B2213434742390N12004306WA0088000894
B2213444742390N12004306WA0088000894
B2213454742390N12004306WA0088000894
B2213464742390N12004306WA0088000894
B2213474742390N12004306WA0088000894
B2213484742390N12004306WA0088000894
B2213494742390N12004306WA0088000894
B2213504742390N12004306WA0088000894
B2213514742390N12004306WA0088000894
B2213524742390N12004306WA0088000894
B2213534742390N12004306WA0088000894
B2213544742390N12004306WA0088000894
B2213554742390N12004306WA0088000894
B2213564742390N12004306WA0088000894
B2213574742390N12004306WA0088000894
B2213584742390N12004306WA0088000894
B2213594742390N12004306WA0088000894
B2214004742390N12004306WA0088000894
B2214014742390N12004306WA0088000894
B2214024742390N12004306WA0088000894
B2214034742390N12004306WA0088000894
B2214044742390N12004306WA0088000894
B2214054742390N12004306WA0088000894
B2214064742390N12004306WA0088000894
B2214074742390N12004306WA0088000894
B2214084742390N12004306WA0088000894
B2214094742390N12004306WA0088000894
B2214104742390N12004306WA0088000894
B2214114742390N12004306WA0088000894
B2214124742390N12004306WA0088000894
B2214134742390N12004306WA0088000894
B2214144742390N12004306WA0088000894
B2214154742390N12004306WA0088000894
B2214164742390N12004306WA0088000894
B2214174742390N12004306WA0088000894
B2214184742390N12004306WA0088000894
B2214194742390N12004306WA0088000894
B2214204742390N12004306WA0088000894
B2214214742390N12004306WA0088000894
B2214224742390N12004306WA0088000894
B2214234742390N12004306WA0088000894
B2214244742390N12004306WA0088000894
B2214254742390N12004306WA0088000894
B2214264742390N12004305WA0088000894
B2214274742390N12004305WA0088100894
B2214284742390N12004305WA0088000894
B2214294742390N12004305WA0088000894
B2214304742390N12004305WA0088000894
B2214314742390N12004305WA0088100894
B2214324742390N12004305WA0088000894
B2214334742390N12004305WA0088000894
B2214344742390N12004305WA0088000894
B2214354742390N12004305WA0088000894
B2214364742390N12004305WA0088000894
B2214374742390N12004305WA0088000894
B2214384742390N12004305WA0088000894
B2214394742390N12004305WA0088000895
B2214404742390N12004305WA0088000895
B2214414742390N12004305WA0088000895
B2214424742390N12004305WA0088000894
B2214434742390N12004305WA0088000895
B2214444742390N12004305WA0088000894
B2214454742390N12004305WA0088000894
B2214464742390N12004305WA0088000894
B2214474742390N12004305WA0088000894
B2214484742390N12004305WA0088000894
B2214494742390N12004305WA0088000894
B2214504742390N12004305WA0088000895
B2214514742390N12004305WA0088000895
B2214524742390N12004305WA0088000895
B2214534742390N12004305WA0088000895
B2214544742390N12004305WA0088000895
B2214554742390N12004305WA0088000894
B2214564742390N12004305WA0088000894
B2214574742390N12004305WA0088000894
B2214584742390N12004305WA0088000894
B2214594742390N12004306WA0088000895
B2215004742390N12004305WA0088000895
B2215014742390N12004305WA0088000895
B2215024742390N12004305WA0088000895
B2215034742390N12004305WA0088000894
B2215044742390N12004305WA0088000894
B2215054742390N12004305WA0088000894
B2215064742390N12004305WA0088000894
B2215074742390N12004305WA0088000894
B2215084742390N12004305WA0088000894
B2215094742390N12004305WA0088000894
B2215104742390N12004305WA0088000894
B2215114742390N12004305WA0088000894
B2215124742390N12004305WA0088000894
B2215134742390N12004305WA0088000894
B2215144742390N12004305WA0088000894
B2215154742390N12004305WA0088000894
B2215164742390N12004305WA0088000894
B2215174742390N12004305WA0088000894
B2215184742390N12004305WA0088000894
B2215194742390N12004305WA0088000894
B2215204742390N12004305WA0088000894
B2215214742390N12004305WA0088000894
B2215224742390N12004305WA0088000894
B2215234742390N12004305WA0088000894
B2215244742390N12004305WA0088000894
B2215254742390N12004305WA0088000894
B2215264742390N12004305WA0088000894
B2215274742390N12004305WA0088000894
B2215284742390N12004305WA0088000894
B2215294742390N12004305WA0088000894
B2215304742390N12004305WA0088000894
B2215314742390N12004305WA0088000894
B2215324742390N12004305WA0088000894
B2215334742390N12004305WA0088000894
B2215344742390N12004305WA0088000894
B2215354742390N12004305WA0088000894
B2215364742390N12004305WA0088000894
B2215374742390N12004305WA0088000894
B2215384742390N12004305WA0088000894
B2215394742390N12004305WA0088000894
B2215404742390N12004305WA0088000894
B2215414742390N12004305WA0088000894
B2215424742390N12004305WA0088000894
B2215434742390N12004305WA0088000894
B2215444742390N12004305WA0088000894
B2215454742390N12004305WA0088000894
B2215464742390N12004305WA0088000894
B2215474742390N12004305WA0088000894
B2215484742390N12004305WA0088000894
B2215494742390N12004305WA0088000894
B2215504742390N12004305WA0088000894
B2215514742390N12004305WA0088000894
B2215524742390N12004305WA0088000894
B2215534742390N12004305WA0088000894
B2215544742390N12004305WA0088000894
B2215554742390N12004305WA0088000894
B2215564742390N12004305WA0088000894
B2215574742390N12004305WA0088000894
B2215584742390N12004305WA0088000894
B2215594742390N12004305WA0088000894
B2216004742390N12004305WA0088000894
B2216014742390N12004305WA0088000894
B2216024742390N12004305WA0088000894
B2216034742390N12004305WA0088000894
B2216044742390N12004305WA0088000894
B2216054742390N12004306WA0088000894
B2216064742390N12004306WA0088000894
B2216074742390N12004306WA0088000894
B2216084742390N12004306WA0088000893
B2216094742390N12004306WA0088000893
B2216104742390N12004306WA0088000893
B2216114742390N12004306WA0088000893
B2216124742390N12004306WA0088000893
B2216134742390N12004306WA0088000894
B2216144742390N12004306WA0088000893
B2216154742390N12004306WA0088000893
B2216164742390N12004306WA0088000893
B2216174742390N12004306WA0088000893
B2216184742390N12004306WA0088000893
B2216194742390N12004306WA0088000893
B2216204742390N12004306WA0088000893
B2216214742390N12004306WA0088000894
B2216224742390N12004306WA0088000894
B2216234742390N12004306WA0088000894
B2216244742390N12004306WA0088000894
B2216254742390N12004306WA0088000894
B2216264742390N12004306WA0088000894
B2216274742390N12004306WA0088000894
B2216284742390N12004306WA0088000894
B2216294742390N12004306WA0088000894
B2216304742390N12004306WA0088000894
B2216314742390N12004306WA0088000894
B2216324742390N12004306WA0088000894
B2216334742390N12004306WA0088000894
B2216344742390N12004306WA0088000894
B2216354742390N12004306WA0088000894
B2216364742390N12004306WA0088000894
B2216374742390N12004306WA0088000894
B2216384742390N12004306WA0088000894
B2216394742390N12004306WA0088000894
B2216404742390N12004306WA0088000894
B2216414742390N12004306WA0088000894
B2216424742390N12004306WA0088000895
B2216434742390N12004306WA0088000895
B2216444742390N12004306WA0088000895
B2216454742390N12004306WA0088000895
B2216464742390N12004306WA0088000895
B2216474742390N12004306WA0088000895
B2216484742390N12004306WA0088000895
B2216494742390N12004306WA0088000895
B2216504742390N12004306WA0088000895
B2216514742390N12004306WA0088000895
B2216524742390N12004306WA0088000895
B2216534742390N12004306WA0088000895
B2216544742390N12004306WA0088000895
B2216554742390N12004306WA0088000895
B2216564742390N12004306WA0088000895
B2216574742390N12004306WA0088000895
B2216584742390N12004306WA0087900895
B2216594742390N12004306WA0088000895
B2217004742390N12004306WA0088000895
B2217014742390N12004306WA0088000895
B2217024742390N12004306WA0088000895
B2217034742390N12004306WA0088000895
B2217044742390N12004306WA0088000895
B2217054742390N12004306WA0088000895
B2217064742390N12004306WA0088000894
B2217074742390N12004306WA0088000894
B2217084742390N12004306WA0088000894
B2217094742390N12004306WA0088000894
B2217104742390N12004306WA0088000894
B2217114742390N12004306WA0088000894
B2217124742390N12004306WA0088000894
B2217134742390N12004306WA0088000894
B2217144742390N12004306WA0088000894
B2217154742390N12004306WA0088000894
B2217164742390N12004306WA0088000894
B2217174742390N12004306WA0088000894
B2217184742390N12004306WA0088000894
B2217194742390N12004306WA0088000894
B2217204742390N12004306WA0088000894
B2217214742390N12004306WA0088000894
B2217224742390N12004306WA0088000894
B2217234742390N12004306WA0088000894
B2217244742390N12004306WA0088000894
B2217254742390N12004306WA0088000894
B2217264742390N12004306WA0088000894
B2217274742390N12004306WA0088000894
B2217284742390N12004306WA0088000894
B2217294742390N12004306WA0088000894
B2217304742390N12004306WA0088000894
B2217314742390N12004306WA0088000894
B2217324742390N12004306WA0088000894
B2217334742390N12004306WA0088000894
B2217344742390N12004306WA0088000894
B2217354742390N12004306WA0088000894
B2217364742390N12004306WA0088000894
B2217374742390N12004306WA0088000894
B2217384742390N12004306WA0088000894
B2217394742390N12004306WA0088000894
B2217404742390N12004306WA0088000894
B2217414742390N12004306WA0088000894
B2217424742390N12004306WA0088000894
B2217434742390N12004306WA0088000894
B2217444742390N12004306WA0088000894
B2217454742390N12004306WA0088000894
B2217464742390N12004306WA0087900894
B2217474742391N12004306WA0087800894
B2217484742391N12004307WA0087700894
B2217494742391N12004307WA0088100892
B2217504742391N12004307WA0088000892
B2217514742391N12004307WA0088000893
B2217524742391N12004307WA0088000892
B2217534742391N12004307WA0088000892
B2217544742391N12004307WA0088100892
B2217554742391N12004307WA0088100893
B2217564742391N12004307WA0088000893
B2217574742391N12004307WA0088000893
B2217584742391N12004307WA0088000893
B2217594742391N12004307WA0088000893
B2218004742391N12004307WA0088000893
B2218014742391N12004307WA0088000893
B2218024742391N12004307WA0088000893
B2218034742391N12004307WA0088000893
B2218044742391N12004307WA0088000893
B2218054742391N12004307WA0088000893
B2218064742391N12004307WA0088000893
B2218074742391N12004307WA0088000893
B2218084742391N12004307WA0088000893
B2218094742391N12004307WA0088000893
B2218104742391N12004307WA0088000893
B2218114742391N12004307WA0088000893
B2218124742391N12004307WA0088000893
B2218134742391N12004307WA0088000893
B2218144742391N12004308WA0088000893
B2218154742391N12004308WA0088000893
B2218164742391N12004308WA0088000893
B2218174742391N12004307WA0088100893
B2218184742391N12004307WA0088100893
B2218194742391N12004307WA0088100893
B2218204742391N12004307WA0088100893
B2218214742391N12004307WA0088000893
B2218224742391N12004307WA0088100893
B2218234742391N12004307WA0088000893
B2218244742391N12004307WA0088000893
B2218254742391N12004307WA0088000893
B2218264742391N12004307WA0088000893
B2218274742391N12004307WA0088000893
B2218284742391N12004307WA0088000893
B2218294742391N12004307WA0088000893
B2218304742391N12004307WA0088000893
B2218314742391N12004307WA0088000893
B2218324742391N12004307WA0088000893
B2218334742391N12004307WA0088000893
B2218344742391N12004307WA0088000893
B2218354742391N12004307WA0088000893
B2218364742390N12004307WA0088000893
B2218374742390N12004307WA0088000893
B2218384742390N12004307WA0088000893
B2218394742390N12004307WA0088000893
B2218404742390N12004307WA0088000893
B2218414742390N12004307WA0088000893
B2218424742390N12004307WA0088000893
B2218434742390N12004307WA0088000893
B2218444742390N12004307WA0088000893
B2218454742390N12004307WA0088000893
B2218464742390N12004307WA0088000893
B2218474742390N12004307WA0088000893
B2218484742390N12004307WA0088000893
B2218494742390N12004307WA0088000893
B2218504742390N12004307WA0088000893
B2218514742390N12004307WA0088000893
B2218524742390N12004307WA0088000893
B2218534742390N12004307WA0088000893
B2218544742390N12004307WA0088000893
B2218554742390N12004307WA0088000893
B2218564742390N12004307WA0088000893
B2218574742390N12004307WA0088000893
B2218584742390N12004307WA0088000893
B2218594742390N12004307WA0088000893
B2219004742390N12004307WA0088000893
B2219014742390N12004307WA0088000893
B2219024742390N12004307WA0088000893
B2219034742390N12004307WA0088000893
B2219044742390N12004307WA0088000893
B2219054742390N12004307WA0088000893
B2219064742390N12004307WA0088000893
B2219074742390N12004307WA0088000893
B2219084742390N12004306WA0088000893
B2219094742390N12004306WA0088000893
B2219104742390N12004306WA0088000893
B2219114742390N12004306WA0088000893
B2219124742390N12004306WA0088000893
B2219134742390N12004306WA0088000893
B2219144742390N12004306WA0088000893
B2219154742390N12004306WA0088000893
B2219164742390N12004306WA0088000893
B2219174742390N12004306WA0088000892
B2219184742390N12004306WA0088000892
B2219194742390N12004306WA0088000892
B2219204742390N12004306WA0088000892
B2219214742390N12004306WA0088000892
B2219224742390N12004306WA0088000892
B2219234742390N12004306WA0088000892
B2219244742390N12004306WA0088000892
B2219254742390N12004307WA0088000891
B2219264742390N12004307WA0088000891
B2219274742390N12004306WA0088000891
B2219284742390N12004306WA0088000892
B2219294742390N12004306WA0088000892
B2219304742390N12004306WA0088000891
B2219314742390N12004306WA0088000891
B2219324742390N12004306WA0088000892
B2219334742390N12004306WA0088000892
B2219344742390N12004306WA0088000892
B2219354742390N12004306WA0088000892
B2219364742390N12004306WA0088000892
B2219374742390N12004306WA0088000892
B2219384742390N12004306WA0088000892
B2219394742390N12004306WA0088100892
B2219404742390N12004306WA0088100892
B2219414742390N12004306WA0088100892
B2219424742390N12004306WA0088100892
B2219434742390N12004306WA0088100892
B2219444742390N12004306WA0088100892
B2219454742390N12004306WA0088100892
B2219464742390N12004306WA0088100892
B2219474742390N12004306WA0088100892
B2219484742390N12004306WA0088100891
B2219494742390N12004306WA0088100891
B2219504742390N12004306WA0088000891
B2219514742390N12004306WA0088000891
B2219524742390N12004306WA0088000891
B2219534742390N12004306WA0088000891
B2219544742390N12004306WA0088000891
B2219554742390N12004306WA0088000891
B2219564742390N12004306WA0088000891
B2219574742390N12004306WA0088000891
B2219584742390N12004306WA0088000892
B2219594742390N12004306WA0088000892
B2220004742390N12004306WA0088000892
B2220014742390N12004306WA0088000892
B2220024742390N12004306WA0088000892
B2220034742390N12004306WA0088000892
B2220044742390N12004306WA0088100892
B2220054742390N12004306WA0088100892
B2220064742390N12004306WA0088100892
B2220074742390N12004306WA0088100892
B2220084742390N12004306WA0088100892
B2220094742390N12004306WA0088100892
B2220104742390N12004306WA0088100892
B2220114742390N12004306WA0088100892
B2220124742390N12004306WA0088100892
B2220134742390N12004306WA0088100892
B2220144742390N12004306WA0088100892
B2220154742390N12004306WA0088200892
B2220164742390N12004306WA0088200892
B2220174742390N12004307WA0088100892
B2220184742390N12004307WA0088200892
B2220194742390N12004307WA0088200892
B2220204742390N12004307WA0088200892
B2220214742390N12004307WA0088200892
B2220224742390N12004307WA0088200892
B2220234742390N12004307WA0088200892
B2220244742390N12004307WA0088200892
B2220254742390N12004307WA0088100892
B2220264742390N12004307WA0088100892
B2220274742390N12004307WA0088200892
B2220284742391N12004307WA0088100892
B2220294742391N12004307WA0088200892
B2220304742391N12004307WA0088100892
B2220314742391N12004307WA0088100892
B2220324742391N12004307WA0088100892
B2220334742391N12004307WA0088100892
B2220344742391N12004307WA0088100892
B2220354742391N12004307WA0088200892
B2220364742391N12004307WA0088100892
B2220374742391N12004307WA0088100892
B2220384742391N12004307WA0088100892
B2220394742391N12004307WA0088100892
B2220404742391N12004307WA0088100893
B2220414742391N12004307WA0088100893
B2220424742391N12004307WA0088100893
B2220434742391N12004307WA0088100893
B2220444742391N12004307WA0088100893
B2220454742391N12004307WA0088100893
B2220464742391N12004307WA0088100893
B2220474742391N12004307WA0088100893
B2220484742391N12004307WA0088100893
B2220494742391N12004307WA0088100893
B2220504742391N12004307WA0088100893
B2220514742391N12004307WA0088100893
B2220524742391N12004307WA0088200893
B2220534742391N12004307WA0088100893
B2220544742391N12004307WA0088100893
B2220554742391N12004307WA0088100893
B2220564742391N12004307WA0088100893
B2220574742391N12004307WA0088100893
B2220584742391N12004307WA0088100893
B2220594742391N12004307WA0088200893
B2221004742391N12004307WA0088100893
B2221014742391N12004307WA0088100893
B2221024742391N12004307WA0088100893
B2221034742391N12004307WA0088100893
B2221044742391N12004307WA0088100893
B2221054742391N12004307WA0088100893
B2221064742391N12004307WA0088100893
B2221074742391N12004307WA0088100893
B2221084742391N12004307WA0088000893
B2221094742391N12004307WA0088100893
B2221104742391N12004307WA0088100893
B2221114742391N12004307WA0088100893
B2221124742391N12004307WA0088000893
B2221134742391N12004307WA0088100893
B2221144742391N12004307WA0088000893
B2221154742391N12004307WA0088000893
B2221164742391N12004307WA0088000893
B2221174742391N12004307WA0088000893
B2221184742391N12004307WA0088000893
B2221194742391N12004307WA0088000893
B2221204742391N12004307WA0088100893
B2221214742391N12004307WA0088100893
B2221224742391N12004307WA0088000893
B2221234742391N12004307WA0088100893
B2221244742391N12004307WA0088100893
B2221254742391N12004307WA0088100893
B2221264742391N12004307WA0088000893
B2221274742391N12004307WA0088000893
B2221284742391N12004307WA0088100893
B2221294742391N12004307WA0088100893
B2221304742391N12004307WA0088100893
B2221314742391N12004307WA0088100893
B2221324742391N12004307WA0088100893
B2221334742391N12004307WA0088100892
B2221344742391N12004307WA0088000892
B2221354742391N12004307WA0088000893
B2221364742391N12004307WA0088000893
B2221374742391N12004307WA0088000893
B2221384742391N12004307WA0088100893
B2221394742391N12004307WA0088100893
B2221404742391N12004307WA0088100893
B2221414742391N12004307WA0088100893
B2221424742391N12004307WA0088100893
B2221434742391N12004307WA0088100893
B2221444742391N12004307WA0088100893
B2221454742391N12004307WA0088100893
B2221464742391N12004307WA0088100893
B2221474742391N12004307WA0088000893
B2221484742391N12004307WA0088000893
B2221494742391N12004307WA0088000893
B2221504742391N12004307WA0088000893
B2221514742391N12004307WA0088000893
B2221524742391N12004307WA0088100893
B2221534742391N12004307WA0088000893
B2221544742391N12004307WA0088000893
B2221554742391N12004307WA0088100893
B2221564742391N12004307WA0088100893
B2221574742391N12004307WA0088100893
B2221584742391N12004307WA0088100893
B2221594742391N12004307WA0088100893
B2222004742391N12004307WA0088100893
B2222014742391N12004307WA0088200893
B2222024742391N12004307WA0088100894
B2222034742391N12004307WA0088200894
B2222044742391N12004307WA0088200894
B2222054742391N12004307WA0088100894
B2222064742391N12004307WA0088200893
B2222074742391N12004307WA0088200893
B2222084742391N12004307WA0088200893
B2222094742391N12004307WA0088200893
B2222104742391N12004307WA0088100893
B2222114742391N12004307WA0088200893
B2222124742391N12004307WA0088200893
B2222134742391N12004308WA0088200893
B2222144742391N12004308WA0088200893
B2222154742391N12004308WA0088200893
B2222164742391N12004308WA0088200893
B2222174742391N12004308WA0088200893
B2222184742391N12004308WA0088200893
B2222194742391N12004308WA0088200893
B2222204742391N12004308WA0088200893
B2222214742391N12004308WA0088200893
B2222224742391N12004308WA0088100893
B2222234742391N12004308WA0088100893
B2222244742391N12004308WA0088100893
B2222254742391N12004308WA0088100893
B2222264742391N12004308WA0088100893
B2222274742391N12004308WA0088100893
B2222284742391N12004308WA0088100893
B2222294742391N12004308WA0088100893
B2222304742391N12004308WA0088100893
B2222314742391N12004308WA0088100893
B2222324742391N12004308WA0088100893
B2222334742391N12004308WA0088100893
B2222344742391N12004308WA0088100893
B2222354742391N12004308WA0088100893
B2222364742391N12004308WA0088100893
B2222374742391N12004308WA0088100893
B2222384742391N12004308WA0088100893
B2222394742391N12004308WA0088100893
B2222404742391N12004308WA0088100893
B2222414742391N12004308WA0088100893
B2222424742391N12004308WA0088100893
B2222434742391N12004308WA0088100893
B2222444742391N12004308WA0088100893
B2222454742391N12004308WA0088100893
B2222464742391N12004308WA0088100893
B2222474742391N12004308WA0088100893
B2222484742391N12004308WA0088100893
B2222494742391N12004308WA0088100893
B2222504742391N12004308WA0088100893
B2222514742391N12004308WA0088100893
B2222524742391N12004308WA0088100893
B2222534742391N12004308WA0088200894
B2222544742391N12004308WA0088100894
B2222554742391N12004308WA0088100894
B2222564742391N12004308WA0088100894
B2222574742391N12004308WA0088100894
B2222584742391N12004308WA0088100894
B2222594742391N12004308WA0088100894
B2223004742391N12004308WA0088100893
B2223014742391N12004308WA0088100893
B2223024742391N12004308WA0088100893
B2223034742391N12004308WA0088100894
B2223044742391N12004308WA0088100894
B2223054742391N12004308WA0088100894
B2223064742391N12004308WA0088100894
B2223074742391N12004308WA0088100894
B2223084742391N12004308WA0088200894
B2223094742391N12004308WA0088100894
B2223104742391N12004308WA0088100894
B2223114742391N12004308WA0088100894
B2223124742391N12004308WA0088100894
B2223134742391N12004308WA0088100893
B2223144742391N12004308WA0088100893
B2223154742391N12004308WA0088200893
B2223164742391N12004308WA0088200894
B2223174742391N12004308WA0088200894
B2223184742391N12004308WA0088200894
B2223194742391N12004308WA0088200894
B2223204742391N12004308WA0088200894
B2223214742391N12004308WA0088200894
B2223224742391N12004308WA0088100894
B2223234742391N12004308WA0088200893
B2223244742391N12004308WA0088100893
B2223254742391N12004308WA0088100894
B2223264742391N12004308WA0088200894
B2223274742391N12004308WA0088100894
B2223284742391N12004308WA0088200894
B2223294742391N12004308WA0088200894
B2223304742391N12004308WA0088200894
B2223314742391N12004308WA0088200894
B2223324742391N12004308WA0088200894
B2223334742391N12004308WA0088200894
B2223344742391N12004308WA0088200894
B2223354742391N12004308WA0088200894
B2223364742391N12004308WA0088200894
B2223374742391N12004308WA0088200894
B2223384742391N12004308WA0088200894
B2223394742391N12004308WA0088200893
B2223404742391N12004308WA0088200893
B2223414742391N12004308WA0088100893
B2223424742391N12004308WA0088200893
B2223434742391N12004308WA0088200893
B2223444742391N12004308WA0088200893
B2223454742391N12004308WA0088200893
B2223464742391N12004308WA0088200893
B2223474742391N12004308WA0088200894
B2223484742391N12004308WA0088200894
B2223494742391N12004308WA0088200894
B2223504742391N12004308WA0088100894
B2223514742391N12004308WA0088100894
B2223524742391N12004308WA0088100894
B2223534742391N12004308WA0088100894
B2223544742391N12004308WA0088100894
B2223554742391N12004308WA0088100894
B2223564742391N12004308WA0088100894
B2223574742391N12004308WA0088100894
B2223584742391N12004308WA0088100894
B2223594742391N12004308WA0088100894
B2224004742391N12004307WA0088100894
B2224014742391N12004307WA0088100894
B2224024742391N12004307WA0088100895
B2224034742391N12004307WA0088100895
B2224044742391N12004307WA0088200895
B2224054742391N12004307WA0088200895
B2224064742391N12004307WA0088200895
B2224074742391N12004308WA0088200895
B2224084742391N12004308WA0088200895
B2224094742391N12004308WA0088200894
B2224104742391N12004308WA0088200894
B2224114742391N12004308WA0088200894
B2224124742391N12004308WA0088200894
B2224134742391N12004308WA0088200894
B2224144742391N12004307WA0088200894
B2224154742391N12004307WA0088200894
B2224164742391N12004308WA0088200894
B2224174742391N12004308WA0088200894
B2224184742391N12004308WA0088200894
B2224194742391N12004308WA0088200894
B2224204742391N12004308WA0088300894
B2224214742391N12004308WA0088200894
B2224224742391N12004308WA0088200894
B2224234742391N12004308WA0088300894
B2224244742391N12004308WA0088200894
B2224254742391N12004308WA0088200894
B2224264742391N12004308WA0088200894
B2224274742391N12004308WA0088200894
B2224284742391N12004308WA0088200894
B2224294742391N12004308WA0088200894
B2224304742391N12004308WA0088200894
B2224314742391N12004308WA0088200894
B2224324742391N12004308WA0088200894
B2224334742391N12004308WA0088200894
B2224344742391N12004308WA0088200894
B2224354742391N12004308WA0088200894
B2224364742391N12004308WA0088200894
B2224374742391N12004308WA0088200894
B2224384742391N12004308WA0088200894
B2224394742391N12004308WA0088200894
B2224404742391N12004308WA0088200894
B2224414742391N12004308WA0088200894
B2224424742391N12004308WA0088200894
B2224434742391N12004308WA0088200894
B2224444742391N12004308WA0088200893
B2224454742391N12004308WA0088200893
B2224464742391N12004308WA0088200893
B2224474742391N12004308WA0088300893
B2224484742391N12004308WA0088300893
B2224494742391N12004308WA0088300893
B2224504742391N12004307WA0088200893
B2224514742391N12004307WA0088300893
B2224524742391N12004307WA0088300893
B2224534742391N12004307WA0088200894
B2224544742391N12004307WA0088300894
B2224554742391N12004307WA0088200894
B2224564742391N12004307WA0088200894
B2224574742391N12004307WA0088300894
B2224584742391N12004307WA0088200894
B2224594742391N12004307WA0088200894
B2225004742391N12004307WA0088200894
B2225014742391N12004307WA0088200894
B2225024742391N12004307WA0088200894
B2225034742391N12004308WA0088200894
B2225044742391N12004308WA0088200894
B2225054742391N12004308WA0088200894
B2225064742391N12004308WA0088200894
B2225074742391N12004308WA0088200894
B2225084742391N12004308WA0088200894
B2225094742391N12004308WA0088200894
B2225104742391N12004308WA0088200894
B2225114742391N12004308WA0088200894
B2225124742391N12004308WA0088200894
B2225134742391N12004308WA0088200894
B2225144742391N12004308WA0088200894
B2225154742391N12004308WA0088200894
B2225164742391N12004308WA0088200894
B2225174742391N12004308WA0088200894
B2225184742391N12004308WA0088200894
B2225194742391N12004308WA0088200894
B2225204742391N12004308WA0088200894
B2225214742391N12004308WA0088200894
B2225224742391N12004308WA0088200894
B2225234742391N12004308WA0088200894
B2225244742391N12004308WA0088200894
B2225254742391N12004308WA0088200894
B2225264742391N12004308WA0088200894
B2225274742391N12004308WA0088100894
B2225284742391N12004308WA0088100894
B2225294742391N12004308WA0088100894
B2225304742391N12004308WA0088100894
B2225314742391N12004308WA0088100894
B2225324742391N12004308WA0088100894
B2225334742391N12004308WA0088100894
B2225344742391N12004307WA0088100894
B2225354742391N12004307WA0088200895
B2225364742391N12004307WA0088200894
B2225374742391N12004307WA0088200894
B2225384742391N12004307WA0088200894
B2225394742391N12004307WA0088200894
B2225404742391N12004307WA0088100894
B2225414742391N12004307WA0088100894
B2225424742391N12004307WA0088200894
B2225434742391N12004307WA0088100894
B2225444742391N12004307WA0088100894
B2225454742391N12004307WA0088100894
B2225464742391N12004307WA0088100894
B2225474742391N12004307WA0088100894
B2225484742391N12004307WA0088100894
B2225494742391N12004307WA0088100894
B2225504742391N12004307WA0088100894
B2225514742391N12004307WA0088100894
B2225524742391N12004307WA0088100894
B2225534742391N12004307WA0088100894
B2225544742391N12004307WA0088100894
B2225554742391N12004307WA0088100894
B2225564742391N12004307WA0088100894
B2225574742391N12004307WA0088100894
B2225584742391N12004307WA0088100894
B2225594742391N12004307WA0088100894
B2226004742391N12004307WA0088100894
B2226014742391N12004307WA0088100894
B2226024742391N12004307WA0088100894
B2226034742391N12004307WA0088100894
B2226044742391N12004307WA0088100894
B2226054742391N12004307WA0088100894
B2226064742391N12004307WA0088100894
B2226074742391N12004307WA0088100894
B2226084742391N12004307WA0088000894
B2226094742391N12004307WA0088100894
B2226104742391N12004307WA0088100894
B2226114742391N12004307WA0088100894
B2226124742391N12004307WA0088000894
B2226134742391N12004307WA0088000894
B2226144742391N12004307WA0088000894
B2226154742391N12004307WA0088000894
B2226164742391N12004307WA0088000894
B2226174742391N12004307WA0088000894
B2226184742391N12004307WA0088000894
B2226194742391N12004307WA0088000894
B2226204742391N12004307WA0088100894
B2226214742391N12004307WA0088100894
B2226224742390N12004307WA0088100894
B2226234742390N12004307WA0088100894
B2226244742390N12004307WA0088100894
B2226254742390N12004307WA0088100894
B2226264742390N12004307WA0088100894
B2226274742390N12004307WA0088100894
B2226284742390N12004307WA0088100894
B2226294742391N12004307WA0088100894
B2226304742391N12004307WA0088200894
B2226314742391N12004307WA0088200894
B2226324742391N12004307WA0088200894
B2226334742391N12004307WA0088200894
B2226344742391N12004307WA0088200894
B2226354742391N12004307WA0088200894
B2226364742391N12004307WA0088200894
B2226374742391N12004307WA0088200894
B2226384742391N12004307WA0088200894
B2226394742390N12004307WA0088200894
B2226404742390N12004307WA0088200894
B2226414742391N12004307WA0088200894
B2226424742391N12004307WA0088200894
B2226434742391N12004307WA0088200893
B2226444742390N12004307WA0088200893
B2226454742390N12004307WA0088200893
B2226464742391N12004307WA0088200893
B2226474742390N12004307WA0088200893
B2226484742391N12004307WA0088200893
B2226494742391N12004307WA0088200893
B2226504742390N12004307WA0088200893
B2226514742390N12004307WA0088200893
B2226524742390N12004307WA0088200893
B2226534742390N12004307WA0088200893
B2226544742390N12004307WA0088200893
B2226554742390N12004307WA0088200893
B2226564742390N12004307WA0088200893
B2226574742390N12004307WA0088200893
B2226584742390N12004307WA0088200893
B2226594742390N12004307WA0088100893
B2227004742390N12004307WA0088200893
B2227014742390N12004307WA0088200893
B2227024742390N12004307WA0088200893
B2227034742390N12004307WA0088200893
B2227044742391N12004307WA0088200893
B2227054742391N12004306WA0088200892
B2227064742391N12004307WA0088200892
B2227074742391N12004307WA0088200892
B2227084742391N12004307WA0088200892
B2227094742391N12004306WA0088200892
B2227104742391N12004306WA0088200892
B2227114742391N12004306WA0088100892
B2227124742391N12004306WA0088100892
B2227134742391N12004306WA0088100892
B2227144742391N12004306WA0088100892
B2227154742391N12004306WA0088100892
B2227164742391N12004306WA0088100892
B2227174742391N12004306WA0088100892
B2227184742391N12004306WA0088100892
B2227194742391N12004306WA0088100892
B2227204742391N12004306WA0088100892
B2227214742391N12004306WA0088100892
B2227224742391N12004306WA0088100892
B2227234742391N12004306WA0088200892
B2227244742391N12004306WA0088200892
B2227254742391N12004306WA0088100892
B2227264742391N12004306WA0088200892
B2227274742391N12004306WA0088200892
B2227284742391N12004306WA0088200892
B2227294742391N12004306WA0088200892
B2227304742391N12004306WA0088200892
B2227314742391N12004306WA0088200892
B2227324742391N12004306WA0088200893
B2227334742391N12004306WA0088200893
B2227344742391N12004306WA0088200893
B2227354742391N12004306WA0088200892
B2227364742390N12004306WA0088100892
B2227374742390N12004306WA0087700892
B2227384742390N12004306WA0087000893
B2227394742391N12004306WA0087900893
B2227404742391N12004306WA0088100893
B2227414742392N12004306WA0087900893
B2227424742392N12004306WA0089000893
B2227434742393N12004306WA0088600892
B2227444742393N12004306WA0088600893
B2227454742394N12004306WA0088400893
B2227464742395N12004306WA0088100892
B2227474742395N12004307WA0088000892
B2227484742396N12004307WA0088400892
B2227494742396N12004306WA0088000892
B2227504742397N12004306WA0087000892
B2227514742397N12004306WA0088800892
B2227524742397N12004306WA0089000892
B2227534742397N12004306WA0088900891
B2227544742397N12004306WA0089200891
B2227554742398N12004306WA0089100891
B2227564742398N12004307WA0088900891
B2227574742398N12004307WA0088800891
B2227584742398N12004307WA0088800891
B2227594742399N12004306WA0088000891
B2228004742399N12004307WA0088600892
B2228014742399N12004307WA0088500892
B2228024742399N12004307WA0089000892
B2228034742399N12004307WA0088500892
B2228044742400N12004307WA0088700892
B2228054742399N12004307WA0088700892
B2228064742399N12004307WA0088600892
B2228074742399N12004307WA0088500892
B2228084742399N12004306WA0088500892
B2228094742399N12004306WA0088500892
B2228104742399N12004306WA0088500892
B2228114742399N12004307WA0088500892
B2228124742399N12004307WA0088500892
B2228134742399N12004307WA0088500892
B2228144742399N12004307WA0088500892
B2228154742399N12004307WA0088500892
B2228164742399N12004307WA0088400891
B2228174742399N12004307WA0088400890
B2228184742399N12004307WA0088300890
B2228194742399N12004307WA0087700890
B2228204742399N12004308WA0088500889
B2228214742399N12004308WA0089000889
B2228224742399N12004308WA0088700888
B2228234742399N12004309WA0088600888
B2228244742399N12004309WA0088500888
B2228254742399N12004309WA0088500888
B2228264742399N12004309WA0088400888
B2228274742399N12004309WA0088000888
B2228284742399N12004309WA0088400888
B2228294742399N12004309WA0088000887
B2228304742400N12004308WA0088100887
B2228314742399N12004308WA0087900890
B2228324742399N12004308WA0089300889
B2228334742399N12004308WA0089000889
B2228344742399N12004308WA0088700890
B2228354742399N12004308WA0088700890
B2228364742399N12004308WA0088600890
B2228374742399N12004308WA0088600890
B2228384742399N12004308WA0088500890
B2228394742399N12004308WA0088500890
B2228404742400N12004308WA0088500890
B2228414742402N12004308WA0088500890
B2228424742404N12004308WA0088500890
B2228434742406N12004309WA0088500890
B2228444742409N12004310WA0088500890
B2228454742412N12004310WA0088600890
B2228464742416N12004310WA0088600890
B2228474742420N12004310WA0088600890
B2228484742425N12004311WA0088600890
B2228494742430N12004311WA0088700890
B2228504742436N12004310WA0088700891
B2228514742442N12004310WA0088800891
B2228524742448N12004310WA0088800891
B2228534742455N12004311WA0088800891
B2228544742462N12004311WA0088800890
B2228554742469N12004311WA0088800888
B2228564742477N12004311WA0088800887
B2228574742486N12004312WA0088800887
B2228584742494N12004312WA0088900887
B2228594742503N12004312WA0088900886
B2229004742513N12004312WA0088800886
B2229014742522N12004311WA0088900886
B2229024742531N12004312WA0088900887
B2229034742540N12004312WA0088900886
B2229044742550N12004312WA0088900887
B2229054742559N12004312WA0088900887
B2229064742569N12004312WA0088900887
B2229074742578N12004312WA0089000887
B2229084742587N12004312WA0089000888
B2229094742596N12004312WA0089000888
B2229104742605N12004312WA0089000887
B2229114742615N12004312WA0089000888
B2229124742624N12004313WA0089000888
B2229134742633N12004313WA0089000888
B2229144742643N12004313WA0089100888
B2229154742653N12004313WA0089100888
B2229164742662N12004313WA0089100887
B2229174742672N12004313WA0089100887
B2229184742682N12004313WA0089100887
B2229194742692N12004313WA0089200887
B2229204742703N12004313WA0089200887
B2229214742713N12004313WA0089300888
B2229224742723N12004313WA0089300888
B2229234742733N12004313WA0089400889
B2229244742743N12004313WA0089500889
B2229254742752N12004313WA0089500890
B2229264742762N12004313WA0089600891
B2229274742771N12004312WA0089700891
B2229284742781N12004311WA0089700892
B2229294742790N12004308WA0089700893
B2229304742799N12004305WA0089700894
B2229314742807N12004300WA0089700894
B2229324742815N12004294WA0089800894
B2229334742822N12004286WA0089800895
B2229344742829N12004277WA0089800895
B2229354742836N12004268WA0089800895
B2229364742842N12004257WA0089800895
B2229374742848N12004245WA0089800895
B2229384742852N12004232WA0089900896
B2229394742856N12004218WA0089800896
B2229404742860N12004203WA0089800898
B2229414742863N12004187WA0089900900
B2229424742864N12004171WA0089900900
B2229434742865N12004155WA0089800899
B2229444742865N12004138WA0089800899
B2229454742866N12004121WA0089800898
B2229464742867N12004104WA0089800897
B2229474742867N12004086WA0089800897
B2229484742868N12004069WA0089700897
B2229494742869N12004051WA0089700896
B2229504742869N12004033WA0089700896
B2229514742870N12004015WA0089700896
B2229524742871N12003997WA0089700896
B2229534742871N12003979WA0089700896
B2229544742872N12003963WA0089800897
B2229554742873N12003947WA0089900897
B2229564742874N12003932WA0089900897
B2229574742875N12003918WA0090000897
B2229584742876N12003904WA0090100896
B2229594742877N12003889WA0090200896
B2230004742878N12003875WA0090300896
B2230014742878N12003861WA0090400896
B2230024742879N12003848WA0090500898
B2230034742880N12003834WA0090700898
B2230044742880N12003821WA0090800900
B2230054742881N12003807WA0090900901
B2230064742882N12003794WA0090900902
B2230074742883N12003781WA0091000904
B2230084742884N12003770WA0091100904
B2230094742885N12003758WA0091200905
B2230104742888N12003748WA0091300907
B2230114742890N12003739WA0091400908
B2230124742892N12003731WA0091500910
B2230134742894N12003723WA0091500911
B2230144742894N12003716WA0091600913
B2230154742894N12003708WA0091700913
B2230164742894N12003700WA0091800914
B2230174742892N12003692WA0091800915
B2230184742891N12003683WA0091800916
B2230194742889N12003673WA0091900916
B2230204742887N12003663WA0091900916
B2230214742885N12003652WA0091800915
B2230224742883N12003641WA0091800915
B2230234742880N12003630WA0091700915
B2230244742877N12003619WA0091700915
B2230254742874N12003607WA0091700915
B2230264742872N12003595WA0091700915
B2230274742869N12003583WA0091700915
B2230284742867N12003571WA0091700916
B2230294742865N12003559WA0091800917
B2230304742864N12003547WA0091900918
B2230314742863N12003534WA0092000918
B2230324742862N12003522WA0092000920
B2230334742862N12003511WA0092100921
B2230344742862N12003500WA0092100922
B2230354742862N12003490WA0092200923
B2230364742861N12003479WA0092300924
B2230374742861N12003469WA0092300925
B2230384742861N12003458WA0092400925
B2230394742861N12003448WA0092500925
B2230404742861N12003437WA0092500925
B2230414742861N12003425WA0092500926
B2230424742861N12003414WA0092500926
B2230434742861N12003401WA0092600926
B2230444742861N12003388WA0092600926
B2230454742861N12003375WA0092600925
B2230464742861N12003362WA0092500925
B2230474742861N12003348WA0092500925
B2230484742861N12003334WA0092500925
B2230494742861N12003320WA0092500925
B2230504742861N12003305WA0092400925
B2230514742861N12003290WA0092400925
B2230524742861N12003276WA0092400925
B2230534742861N12003261WA0092300924
B2230544742861N12003245WA0092300924
B2230554742861N12003230WA0092300924
B2230564742861N12003215WA0092200923
B2230574742861N12003200WA0092200922
B2230584742861N12003184WA0092100921
B2230594742861N12003169WA0092100921
B2231004742861N12003153WA0092100921
B2231014742861N12003137WA0092100922
B2231024742861N12003122WA0092000922
B2231034742861N12003107WA0092000923
B2231044742860N12003092WA0092000922
B2231054742860N12003077WA0092000922
B2231064742860N12003062WA0092000922
B2231074742860N12003047WA0092000922
B2231084742860N12003033WA0092000922
B2231094742860N12003017WA0092000922
B2231104742860N12003003WA0092000923
B2231114742859N12002988WA0092000923
B2231124742859N12002974WA0092000923
B2231134742859N12002959WA0092000923
B2231144742859N12002945WA0092000923
B2231154742859N12002932WA0092000923
B2231164742859N12002918WA0092000924
B2231174742858N12002905WA0092000923
B2231184742858N12002891WA0092000923
B2231194742858N12002878WA0091900922
B2231204742859N12002864WA0092000922
B2231214742859N12002850WA0092000923
B2231224742859N12002837WA0091900923
B2231234742859N12002824WA0091900923
B2231244742859N12002811WA0091900923
B2231254742859N12002799WA0091900922
B2231264742859N12002787WA0091900922
B2231274742860N12002775WA0091800922
B2231284742860N12002764WA0091800922
B2231294742860N12002753WA0091800922
B2231304742860N12002743WA0091700922
B2231314742860N12002733WA0091700922
B2231324742860N12002724WA0091700922
B2231334742860N12002715WA0091600922
B2231344742860N12002707WA0091600922
B2231354742860N12002700WA0091600921
B2231364742859N12002692WA0091600921
B2231374742859N12002686WA0091600921
B2231384742857N12002681WA0091500921
B2231394742855N12002676WA0091600920
B2231404742852N12002671WA0091600920
B2231414742849N12002668WA0091600920
B2231424742847N12002666WA0091600920
B2231434742846N12002664WA0091500920
B2231444742845N12002664WA0091500920
B2231454742845N12002664WA0091500920
B2231464742846N12002664WA0091500920
B2231474742846N12002664WA0091500919
B2231484742847N12002665WA0091500920
B2231494742848N12002665WA0091500921
B2231504742849N12002666WA0091500921
B2231514742850N12002668WA0091500922
B2231524742851N12002669WA0091600922
B2231534742852N12002670WA0091500922
B2231544742854N12002672WA0091500922
B2231554742855N12002673WA0091500922
B2231564742856N12002675WA0091500922
B2231574742857N12002676WA0091500922
B2231584742858N12002677WA0091500921
B2231594742858N12002677WA0091500921
B2232004742858N12002677WA0091500921
B2232014742858N12002677WA0091500922
B2232024742858N12002676WA0091600922
B2232034742858N12002674WA0091600921
B2232044742859N12002673WA0091500921
B2232054742860N12002672WA0091500921
B2232064742861N12002671WA0091500921
B2232074742861N12002671WA0091500922
B2232084742861N12002671WA0091500922
B2232094742861N12002672WA0091500922
B2232104742861N12002672WA0091500923
B2232114742860N12002673WA0091500923
B2232124742859N12002673WA0091600923
B2232134742858N12002674WA0091600923
B2232144742857N12002674WA0091500923
B2232154742856N12002673WA0091600923
B2232164742855N12002673WA0091500923
B2232174742855N12002672WA0091500923
B2232184742854N12002671WA0091500924
B2232194742854N12002669WA0091500924
B2232204742853N12002668WA0091500924
B2232214742852N12002667WA0091500924
B2232224742851N12002667WA0091500924
B2232234742850N12002666WA0091600924
B2232244742849N12002665WA0091500924
B2232254742849N12002665WA0091500923
B2232264742848N12002664WA0091500923
B2232274742847N12002663WA0091600923
B2232284742846N12002663WA0091600923
B2232294742845N12002662WA0091500923
B2232304742845N12002661WA0091500923
B2232314742844N12002661WA0091500922
B2232324742844N12002660WA0091600922
B2232334742844N12002660WA0091600923
B2232344742844N12002660WA0091500923
B2232354742844N12002660WA0091500923
B2232364742844N12002660WA0091500923
B2232374742844N12002660WA0091500922
B2232384742844N12002660WA0091600922
B2232394742844N12002660WA0091500922
B2232404742844N12002660WA0091500922
B2232414742844N12002660WA0091500922
B2232424742844N12002660WA0091600922
B2232434742844N12002660WA0091600922
B2232444742844N12002660WA0091600922
B2232454742844N12002660WA0091500922
B2232464742844N12002660WA0091500921
B2232474742844N12002660WA0091500921
B2232484742844N12002660WA0091500921
B2232494742844N12002660WA0091500921
B2232504742844N12002660WA0091500921
B2232514742844N12002659WA0091600921
B2232524742844N12002659WA0091500922
B2232534742844N12002659WA0091500922
B2232544742844N12002659WA0091500922
B2232554742844N12002659WA0091500922
B2232564742843N12002659WA0091500922
B2232574742843N12002659WA0091500922
B2232584742844N12002659WA0091500922
B2232594742843N12002659WA0091500922
B2233004742843N12002659WA0091500922
B2233014742843N12002659WA0091500922
B2233024742843N12002659WA0091500922
B2233034742843N12002659WA0091500922
B2233044742843N12002659WA0091500922
B2233054742843N12002659WA0091500922
B2233064742843N12002659WA0091500922
B2233074742844N12002659WA0091500922
B2233084742843N12002659WA0091500922
B2233094742843N12002659WA0091500922
B2233104742843N12002659WA0091500922
B2233114742843N12002659WA0091500922
B2233124742843N12002659WA0091500922
B2233134742843N12002659WA0091500922
B2233144742843N12002659WA0091500922
B2233154742843N12002659WA0091500922
B2233164742843N12002659WA0091500922
B2233174742843N12002659WA0091500923
B2233184742843N12002659WA0091500923
B2233194742843N12002659WA0091500923
B2233204742843N12002659WA0091500923
B2233214742843N12002659WA0091500923
B2233224742843N12002659WA0091500923
B2233234742843N12002659WA0091500924
B2233244742843N12002659WA0091500924
B2233254742843N12002659WA0091500924
B2233264742843N12002659WA0091500924
B2233274742843N12002658WA0091500924
B2233284742843N12002658WA0091500925
B2233294742843N12002658WA0091500925
B2233304742843N12002658WA0091500925
B2233314742843N12002658WA0091500925
B2233324742843N12002658WA0091500926
B2233334742843N12002658WA0091400926
B2233344742843N12002658WA0091500926
B2233354742843N12002658WA0091400926
B2233364742843N12002658WA0091500926
B2233374742843N12002658WA0091500926
B2233384742843N12002658WA0091500927
B2233394742843N12002658WA0091500927
B2233404742843N12002658WA0091500927
B2233414742843N12002658WA0091500927
B2233424742843N12002658WA0091500927
B2233434742843N12002658WA0091500927
B2233444742843N12002658WA0091500927
B2233454742843N12002658WA0091500927
B2233464742843N12002658WA0091500927
B2233474742844N12002658WA0091500927
B2233484742844N12002658WA0091500927
B2233494742844N12002658WA0091500927
B2233504742844N12002658WA0091500926
B2233514742844N12002658WA0091500926
B2233524742844N12002658WA0091500926
B2233534742844N12002658WA0091200926
B2233544742844N12002658WA0091400926
B2233554742844N12002658WA0091500926
B2233564742844N12002658WA0091500925
B2233574742844N12002658WA0091500925
B2233584742844N12002658WA0091500925
B2233594742844N12002658WA0091500925
B2234004742844N12002658WA0091500925
B2234014742844N12002658WA0091500925
B2234024742845N12002659WA0091500925
B2234034742845N12002659WA0091500925
B2234044742846N12002660WA0091500925
B2234054742847N12002661WA0091500925
B2234064742848N12002662WA0091500925
B2234074742850N12002663WA0091600925
B2234084742852N12002663WA0091500925
B2234094742853N12002662WA0091500925
B2234104742855N12002661WA0091500924
B2234114742856N12002659WA0091500924
B2234124742857N12002657WA0091500924
B2234134742858N12002653WA0091400924
B2234144742859N12002649WA0091500923
B2234154742859N12002645WA0091500923
B2234164742858N12002641WA0091500922
B2234174742858N12002635WA0091500922
B2234184742858N12002629WA0091500921
B2234194742858N12002622WA0091500921
B2234204742858N12002615WA0091500921
B2234214742858N12002607WA0091500920
B2234224742858N12002599WA0091600920
B2234234742857N12002590WA0091600920
B2234244742857N12002581WA0091600920
B2234254742857N12002572WA0091600920
B2234264742857N12002562WA0091600920
B2234274742857N12002552WA0091700920
B2234284742857N12002542WA0091700920
B2234294742857N12002532WA0091600920
B2234304742858N12002521WA0091600920
B2234314742858N12002510WA0091600920
B2234324742858N12002499WA0091600920
B2234334742857N12002488WA0091600920
B2234344742858N12002476WA0091600919
B2234354742858N12002464WA0091600919
B2234364742858N12002453WA0091500918
B2234374742858N12002440WA0091500918
B2234384742858N12002428WA0091500918
B2234394742858N12002416WA0091500918
B2234404742858N12002404WA0091400918
B2234414742858N12002392WA0091400918
B2234424742858N12002379WA0091400918
B2234434742858N12002367WA0091300918
B2234444742858N12002355WA0091300918
B2234454742857N12002344WA0091300918
B2234464742858N12002332WA0091300918
B2234474742858N12002321WA0091300918
B2234484742858N12002309WA0091200918
B2234494742858N12002298WA0091200917
B2234504742858N12002286WA0091100917
B2234514742859N12002275WA0091100916
B2234524742859N12002263WA0091000915
B2234534742859N12002252WA0091000914
B2234544742859N12002240WA0090900914
B2234554742859N12002229WA0090900914
B2234564742859N12002217WA0090900913
B2234574742859N12002206WA0090900912
B2234584742860N12002195WA0090800912
B2234594742860N12002183WA0090800911
B2235004742860N12002173WA0090700911
B2235014742860N12002162WA0090600909
B2235024742860N12002151WA0090500909
B2235034742861N12002141WA0090400908
B2235044742861N12002131WA0090300907
B2235054742862N12002120WA0090200905
B2235064742863N12002110WA0090000904
B2235074742863N12002099WA0089900903
B2235084742863N12002088WA0089800901
B2235094742864N12002077WA0089700900
B2235104742864N12002066WA0089600899
B2235114742864N12002054WA0089400897
B2235124742864N12002043WA0089300896
B2235134742864N12002031WA0089100895
B2235144742864N12002019WA0089000894
B2235154742864N12002007WA0089000893
B2235164742864N12001994WA0088900892
B2235174742863N12001982WA0088800891
B2235184742863N12001969WA0088700890
B2235194742863N12001956WA0088600890
B2235204742863N12001944WA0088500889
B2235214742862N12001931WA0088400888
B2235224742862N12001918WA0088300887
B2235234742862N12001906WA0088300887
B2235244742862N12001893WA0088200887
B2235254742861N12001881WA0088200886
B2235264742861N12001869WA0088200886
B2235274742861N12001856WA0088200886
B2235284742861N12001844WA0088200886
B2235294742860N12001831WA0088100886
B2235304742860N12001818WA0088000885
B2235314742860N12001806WA0088000885
B2235324742860N12001793WA0088000885
B2235334742860N12001780WA0088000884
B2235344742859N12001767WA0088000884
B2235354742859N12001754WA0088000884
B2235364742859N12001742WA0087900883
B2235374742859N12001729WA0087900883
B2235384742858N12001716WA0087800882
B2235394742859N12001702WA0087800881
B2235404742859N12001689WA0087700882
B2235414742859N12001675WA0087700881
B2235424742859N12001662WA0087600880
B2235434742859N12001648WA0087600879
B2235444742858N12001634WA0087400878
B2235454742858N12001620WA0087400877
B2235464742858N12001605WA0087300877
B2235474742859N12001591WA0087300877
B2235484742858N12001576WA0087200877
B2235494742858N12001561WA0087200876
B2235504742858N12001547WA0087200876
B2235514742858N12001532WA0087200876
B2235524742858N12001517WA0087100876
B2235534742858N12001502WA0087200876
B2235544742858N12001487WA0087200876
B2235554742858N12001472WA0087100876
B2235564742858N12001457WA0087100876
B2235574742858N12001442WA0087100877
B2235584742858N12001427WA0087100877
B2235594742858N12001412WA0087100877
B2236004742858N12001397WA0087100877
B2236014742858N12001383WA0087100877
B2236024742858N12001368WA0087000876
B2236034742858N12001353WA0087000876
B2236044742859N12001338WA0086900875
B2236054742859N12001323WA0086700874
B2236064742858N12001308WA0086500872
B2236074742858N12001292WA0086500869
B2236084742858N12001275WA0086300868
B2236094742858N12001258WA0086300869
B2236104742858N12001242WA0086400871
B2236114742859N12001226WA0086400873
B2236124742859N12001212WA0086600874
B2236134742861N12001198WA0086700876
B2236144742864N12001186WA0086800877
B2236154742867N12001174WA0087000879
B2236164742870N12001164WA0087200881
B2236174742874N12001153WA0087300885
B2236184742877N12001144WA0087500887
B2236194742879N12001133WA0087700889
B2236204742879N12001124WA0087900890
B2236214742878N12001116WA0088000891
B2236224742875N12001109WA0088000892
B2236234742871N12001103WA0088000892
B2236244742867N12001097WA0088200894
B2236254742863N12001090WA0088200894
B2236264742860N12001082WA0088200895
B2236274742859N12001073WA0088200895
B2236284742857N12001063WA0088200895
B2236294742857N12001053WA0088200894
B2236304742857N12001042WA0088300894
B2236314742856N12001031WA0088200893
B2236324742856N12001019WA0088200893
B2236334742856N12001007WA0088200892
B2236344742856N12000994WA0088200892
B2236354742856N12000981WA0088200892
B2236364742856N12000969WA0088100891
B2236374742856N12000956WA0088100889
B2236384742856N12000943WA0088000889
B2236394742856N12000930WA0088000888
B2236404742856N12000917WA0088000886
B2236414742856N12000904WA0088000885
B2236424742856N12000891WA0087900884
B2236434742856N12000877WA0087800884
B2236444742856N12000864WA0087700883
B2236454742855N12000851WA0087700884
B2236464742855N12000838WA0087700885
B2236474742855N12000826WA0087800885
B2236484742854N12000814WA0087800885
B2236494742854N12000802WA0087900886
B2236504742854N12000790WA0087900886
B2236514742854N12000778WA0088000887
B2236524742854N12000766WA0088000887
B2236534742854N12000755WA0088100888
B2236544742853N12000743WA0088100888
B2236554742853N12000732WA0088000889
B2236564742853N12000721WA0088100889
B2236574742853N12000710WA0088100889
B2236584742853N12000700WA0088100889
B2236594742853N12000689WA0088100889
B2237004742853N12000678WA0088100888
B2237014742853N12000667WA0088000888
B2237024742853N12000657WA0088000888
B2237034742853N12000646WA0088000888
B2237044742853N12000636WA0088000888
B2237054742853N12000625WA0088000887
B2237064742853N12000615WA0088000887
B2237074742853N12000605WA0088000887
B2237084742853N12000595WA0087900887
B2237094742853N12000586WA0087900887
B2237104742853N12000576WA0087900887
B2237114742853N12000567WA0087800887
B2237124742853N12000559WA0087800887
B2237134742854N12000551WA0087800886
B2237144742854N12000544WA0087800886
B2237154742854N12000537WA0087800886
B2237164742854N12000530WA0087800886
B2237174742854N12000524WA0087800887
B2237184742854N12000518WA0087700887
B2237194742854N12000512WA0087700887
B2237204742854N12000508WA0087700886
B2237214742854N12000503WA0087700886
B2237224742855N12000499WA0087700886
B2237234742855N12000496WA0087700886
B2237244742855N12000493WA0087700886
B2237254742855N12000490WA0087700886
B2237264742855N12000488WA0087700886
B2237274742855N12000487WA0087700886
B2237284742855N12000487WA0087700886
B2237294742855N12000486WA0087700886
B2237304742855N12000487WA0087700886
B2237314742855N12000487WA0087700886
B2237324742855N12000487WA0087700886
B2237334742855N12000487WA0087700886
B2237344742855N12000487WA0087700886
B2237354742855N12000487WA0087700886
B2237364742855N12000487WA0087700886
B2237374742855N12000487WA0087800886
B2237384742855N12000487WA0087700886
B2237394742855N12000487WA0087800886
B2237404742854N12000487WA0087700886
B2237414742854N12000487WA0087700886
B2237424742854N12000487WA0087700886
B2237434742854N12000487WA0087700886
B2237444742854N12000487WA0087700886
B2237454742854N12000487WA0087700887
B2237464742854N12000487WA0087700887
B2237474742854N12000487WA0087700887
B2237484742854N12000487WA0087700887
B2237494742854N12000487WA0087700887
B2237504742855N12000487WA0087700887
B2237514742855N12000487WA0087700887
B2237524742855N12000487WA0087600887
B2237534742855N12000487WA0087700887
B2237544742855N12000487WA0087700887
B2237554742855N12000487WA0087600887
B2237564742855N12000487WA0087600888
B2237574742855N12000487WA0087700888
B2237584742855N12000487WA0087700888
B2237594742855N12000487WA0087700888
B2238004742855N12000487WA0087700888
B2238014742855N12000487WA0087700887
B2238024742855N12000487WA0087700887
B2238034742855N12000487WA0087700887
B2238044742855N12000487WA0087700887
B2238054742855N12000487WA0087700887
B2238064742855N12000487WA0087700887
B2238074742855N12000487WA0087700887
B2238084742855N12000487WA0087700887
B2238094742855N12000487WA0087700887
B2238104742855N12000487WA0087700887
B2238114742855N12000487WA0087700887
B2238124742855N12000487WA0087700887
B2238134742855N12000487WA0087700887
B2238144742855N12000487WA0087700886
B2238154742855N12000487WA0087700886
B2238164742855N12000487WA0087700887
B2238174742855N12000487WA0087700887
B2238184742855N12000487WA0087700887
B2238194742855N12000487WA0087700887
B2238204742855N12000487WA0087700886
B2238214742855N12000488WA0087700886
B2238224742855N12000487WA0087700886
B2238234742855N12000487WA0087600886
B2238244742855N12000487WA0087600886
B2238254742855N12000487WA0087600886
B2238264742855N12000487WA0087600886
B2238274742855N12000487WA0087600886
B2238284742855N12000487WA0087600886
B2238294742855N12000487WA0087600886
B2238304742855N12000487WA0087600886
B2238314742855N12000487WA0087600886
B2238324742855N12000487WA0087600886
B2238334742855N12000487WA0087600886
B2238344742855N12000487WA0087600886
B2238354742855N12000487WA0087700886
B2238364742855N12000487WA0087700886
B2238374742855N12000487WA0087600886
B2238384742855N12000487WA0087700886
B2238394742855N12000487WA0087700886
B2238404742855N12000487WA0087700886
B2238414742855N12000487WA0087700886
B2238424742855N12000487WA0087700886
B2238434742855N12000487WA0087700887
B2238444742855N12000487WA0087700886
B2238454742855N12000487WA0087700886
B2238464742855N12000487WA0087700886
B2238474742855N12000487WA0087700887
B2238484742855N12000487WA0087700886
B2238494742855N12000487WA0087700886
B2238504742855N12000487WA0087700886
B2238514742855N12000487WA0087700886
B2238524742855N12000487WA0087700886
B2238534742855N12000487WA0087700886
B2238544742855N12000487WA0087700886
B2238554742855N12000486WA0087700886
B2238564742855N12000486WA0087700886
B2238574742855N12000486WA0087700886
B2238584742855N12000487WA0087600886
B2238594742855N12000487WA0087700886
B2239004742855N12000487WA0087700886
B2239014742856N12000487WA0087700886
B2239024742856N12000487WA0087700886
B2239034742856N12000487WA0087700886
B2239044742856N12000486WA0087700886
B2239054742856N12000486WA0087700886
B2239064742856N12000486WA0087700886
B2239074742856N12000486WA0087700886
B2239084742856N12000486WA0087700886
B2239094742856N12000486WA0087700886
B2239104742856N12000486WA0087700886
B2239114742856N12000486WA0087600886
B2239124742856N12000487WA0087600886
B2239134742856N12000487WA0087600886
B2239144742856N12000487WA0087600886
B2239154742856N12000487WA0087600886
B2239164742856N12000486WA0087600886
B2239174742856N12000486WA0087600886
B2239184742856N12000486WA0087600886
B2239194742856N12000486WA0087600886
B2239204742856N12000486WA0087600886
B2239214742856N12000486WA0087600886
B2239224742856N12000486WA0087600887
B2239234742856N12000486WA0087600887
B2239244742856N12000486WA0087600887
B2239254742856N12000486WA0087600887
B2239264742856N12000486WA0087600887
B2239274742856N12000486WA0087600887
B2239284742856N12000486WA0087600887
B2239294742856N12000486WA0087600887
B2239304742856N12000486WA0087600887
B2239314742856N12000486WA0087600887
B2239324742856N12000486WA0087600887
B2239334742856N12000486WA0087600887
B2239344742856N12000486WA0087600887
B2239354742855N12000486WA0087600887
B2239364742855N12000486WA0087600887
B2239374742855N12000486WA0087600887
B2239384742855N12000486WA0087600887
B2239394742855N12000486WA0087600886
B2239404742855N12000486WA0087600886
B2239414742855N12000486WA0087600886
B2239424742855N12000486WA0087600886
B2239434742855N12000487WA0087600886
B2239444742855N12000486WA0087600886
B2239454742855N12000486WA0087600887
B2239464742855N12000487WA0087600887
B2239474742855N12000487WA0087700887
B2239484742855N12000487WA0087600887
B2239494742855N12000487WA0087600887
B2239504742855N12000486WA0087600887
B2239514742855N12000486WA0087700887
B2239524742855N12000486WA0087700887
B2239534742855N12000486WA0087700887
B2239544742855N12000486WA0087700887
B2239554742855N12000486WA0087700886
B2239564742855N12000486WA0087700886
B2239574742855N12000486WA0087700886
B2239584742855N12000486WA0087700887
B2239594742855N12000486WA0087700887
B2240004742855N12000486WA0087700887
B2240014742855N12000486WA0087700887
B2240024742855N12000486WA0087700887
B2240034742855N12000486WA0087700887
B2240044742855N12000486WA0087600887
B2240054742855N12000486WA0087700887
B2240064742855N12000486WA0087700887
B2240074742855N12000486WA0087700887
B2240084742856N12000486WA0087600887
B2240094742856N12000486WA0087600887
B2240104742856N12000486WA0087700887
B2240114742856N12000486WA0087700887
B2240124742856N12000486WA0087700887
B2240134742856N12000486WA0087700887
B2240144742856N12000486WA0087600887
B2240154742856N12000486WA0087700887
B2240164742856N12000486WA0087600887
B2240174742856N12000486WA0087600887
B2240184742856N12000486WA0087700887
B2240194742856N12000486WA0087700887
B2240204742856N12000486WA0087700887
B2240214742856N12000486WA0087700887
B2240224742856N12000486WA0087700888
B2240234742856N12000486WA0087700888
B2240244742856N12000486WA0087700888
B2240254742856N12000486WA0087700888
B2240264742856N12000486WA0087700887
B2240274742856N12000486WA0087700888
B2240284742856N12000486WA0087700888
B2240294742855N12000486WA0087700888
B2240304742855N12000486WA0087700888
B2240314742855N12000486WA0087700888
B2240324742855N12000486WA0087700888
B2240334742856N12000486WA0087700888
B2240344742856N12000486WA0087700887
B2240354742855N12000486WA0087700887
B2240364742856N12000486WA0087700887
B2240374742856N12000486WA0087700887
B2240384742856N12000486WA0087700887
B2240394742856N12000486WA0087700887
B2240404742856N12000486WA0087700887
B2240414742856N12000486WA0087700887
B2240424742856N12000486WA0087700887
B2240434742856N12000486WA0087700887
B2240444742856N12000486WA0087800888
B2240454742856N12000486WA0087700888
B2240464742856N12000486WA0087700888
B2240474742856N12000486WA0087700888
B2240484742856N12000486WA0087700888
B2240494742856N12000486WA0087700888
B2240504742855N12000486WA0087700888
B2240514742855N12000486WA0087700888
B2240524742855N12000486WA0087700888
B2240534742855N12000486WA0087700888
B2240544742855N12000486WA0087700888
B2240554742855N12000486WA0087700888
B2240564742856N12000486WA0087700888
B2240574742856N12000486WA0087700888
B2240584742856N12000486WA0087700888
B2240594742855N12000486WA0087700888
B2241004742856N12000486WA0087700888
B2241014742856N12000486WA0087700888
B2241024742855N12000486WA0087700888
B2241034742856N12000486WA0087700888
B2241044742856N12000486WA0087700889
B2241054742856N12000486WA0087700889
B2241064742856N12000486WA0087700889
B2241074742856N12000486WA0087700889
B2241084742856N12000486WA0087800890
B2241094742855N12000486WA0087700889
B2241104742855N12000486WA0087800889
B2241114742855N12000486WA0087800889
B2241124742855N12000485WA0087800889
B2241134742855N12000485WA0087800889
B2241144742854N12000485WA0087700889
B2241154742854N12000485WA0087800889
B2241164742854N12000485WA0087700889
B2241174742854N12000485WA0087700889
B2241184742854N12000485WA0087700889
B2241194742854N12000485WA0087700889
B2241204742854N12000485WA0087700888
B2241214742854N12000486WA0087700889
B2241224742854N12000486WA0087700888
B2241234742854N12000486WA0087700889
B2241244742854N12000486WA0087700889
B2241254742854N12000486WA0087700889
B2241264742854N12000486WA0087700889
B2241274742854N12000486WA0087700889
B2241284742854N12000486WA0087700889
B2241294742854N12000486WA0087700889
B2241304742854N12000486WA0087700889
B2241314742854N12000486WA0087700889
B2241324742854N12000486WA0087700889
B2241334742854N12000486WA0087700889
B2241344742854N12000486WA0087700888
B2241354742854N12000486WA0087700888
B2241364742854N12000486WA0087700888
B2241374742854N12000486WA0087700888
B2241384742854N12000486WA0087700889
B2241394742854N12000486WA0087700889
B2241404742854N12000486WA0087700889
B2241414742854N12000486WA0087700889
B2241424742854N12000486WA0087800889
B2241434742854N12000486WA0087800889
B2241444742854N12000486WA0087700889
B2241454742854N12000486WA0087700890
B2241464742854N12000486WA0087700890
B2241474742854N12000486WA0087700890
B2241484742854N12000486WA0087700890
B2241494742854N12000486WA0087700889
B2241504742854N12000486WA0087700889
B2241514742854N12000485WA0087700889
B2241524742854N12000485WA0087800889
B2241534742854N12000485WA0087800889
B2241544742854N12000485WA0087700889
B2241554742854N12000485WA0087700889
B2241564742854N12000485WA0087800889
B2241574742854N12000485WA0087800889
B2241584742854N12000485WA0087800889
B2241594742854N12000485WA0087800889
B2242004742854N12000485WA0087800890
B2242014742854N12000485WA0087700890
B2242024742854N12000485WA0087700890
B2242034742854N12000485WA0087700890
B2242044742854N12000485WA0087700890
B2242054742854N12000485WA0087700890
B2242064742854N12000485WA0087700890
B2242074742854N12000485WA0087700890
B2242084742854N12000485WA0087700890
B2242094742854N12000485WA0087800890
B2242104742854N12000485WA0087800890
B2242114742855N12000485WA0087700890
B2242124742855N12000485WA0087800890
B2242134742855N12000485WA0087800890
B2242144742855N12000485WA0087800890
B2242154742855N12000485WA0087800890
B2242164742855N12000485WA0087800890
B2242174742855N12000485WA0087800890
B2242184742855N12000485WA0087700890
B2242194742855N12000485WA0087800890
B2242204742855N12000485WA0087800890
B2242214742855N12000485WA0087800890
B2242224742855N12000485WA0087700890
B2242234742855N12000485WA0087800890
B2242244742855N12000485WA0087800890
B2242254742855N12000485WA0087800890
B2242264742855N12000485WA0087800890
B2242274742855N12000485WA0087800891
B2242284742855N12000485WA0087800891
B2242294742855N12000485WA0087700891
B2242304742855N12000485WA0087800891
B2242314742855N12000485WA0087800891
B2242324742855N12000485WA0087700891
B2242334742855N12000485WA0087700891
B2242344742855N12000485WA0087700891
B2242354742854N12000485WA0087700891
B2242364742854N12000485WA0087700891
B2242374742854N12000485WA0087800891
B2242384742854N12000485WA0087800891
B2242394742855N12000485WA0087700891
B2242404742855N12000485WA0087800890
B2242414742855N12000485WA0087800890
B2242424742855N12000485WA0087800890
B2242434742855N12000485WA0087800890
B2242444742855N12000485WA0087700890
B2242454742855N12000485WA0087700890
B2242464742855N12000485WA0087700889
B2242474742855N12000485WA0087700889
B2242484742855N12000485WA0087700889
B2242494742855N12000485WA0087700889
B2242504742855N12000485WA0087700889
B2242514742855N12000485WA0087700889
B2242524742855N12000485WA0087700889
B2242534742855N12000485WA0087700889
B2242544742855N12000485WA0087700889
B2242554742855N12000485WA0087700889
B2242564742855N12000485WA0087700889
B2242574742855N12000485WA0087800888
B2242584742855N12000485WA0087800888
B2242594742855N12000485WA0087800888
B2243004742856N12000485WA0087700888
B2243014742856N12000485WA0087700888
B2243024742856N12000485WA0087800888
B2243034742856N12000485WA0087800888
B2243044742856N12000485WA0087800888
B2243054742856N12000485WA0087800888
B2243064742856N12000485WA0087800888
B2243074742856N12000486WA0087800888
B2243084742856N12000486WA0087800888
B2243094742856N12000486WA0087800888
B2243104742856N12000486WA0087800888
B2243114742856N12000486WA0087800888
B2243124742856N12000486WA0087800888
B2243134742856N12000486WA0087800888
B2243144742856N12000486WA0087800888
B2243154742856N12000486WA0087800888
B2243164742856N12000486WA0087800888
B2243174742856N12000486WA0087700888
B2243184742856N12000486WA0087700889
B2243194742856N12000486WA0087800889
B2243204742856N12000486WA0087800889
B2243214742856N12000486WA0087700889
B2243224742856N12000486WA0087800889
B2243234742856N12000486WA0087700889
B2243244742856N12000486WA0087800889
B2243254742856N12000486WA0087800889
B2243264742856N12000486WA0087800889
B2243274742856N12000486WA0087800889
B2243284742856N12000486WA0087800889
B2243294742856N12000486WA0087800889
B2243304742856N12000486WA0087800889
B2243314742856N12000486WA0087800889
B2243324742856N12000486WA0087800889
B2243334742856N12000486WA0087800889
B2243344742856N12000486WA0087800889
B2243354742856N12000486WA0087800889
B2243364742856N12000486WA0087800889
B2243374742855N12000485WA0087700889
B2243384742855N12000485WA0087800890
B2243394742855N12000485WA0087700890
B2243404742855N12000485WA0087800889
B2243414742855N12000485WA0087700889
B2243424742855N12000485WA0087700889
B2243434742855N12000485WA0087700889
B2243444742855N12000485WA0087800889
B2243454742855N12000485WA0087700889
B2243464742855N12000485WA0087800889
B2243474742855N12000485WA0087700889
B2243484742855N12000485WA0087700889
B2243494742855N12000485WA0087700889
B2243504742855N12000485WA0087700889
B2243514742856N12000485WA0087700889
B2243524742855N12000485WA0087700889
B2243534742855N12000485WA0087700889
B2243544742855N12000485WA0087700889
B2243554742856N12000485WA0087700889
B2243564742856N12000485WA0087700889
B2243574742856N12000486WA0087800889
B2243584742856N12000486WA0087700889
B2243594742856N12000485WA0087800889
B2244004742856N12000486WA0087800889
B2244014742856N12000485WA0087700889
B2244024742856N12000486WA0087800889
B2244034742856N12000486WA0087700889
B2244044742856N12000486WA0087800889
B2244054742856N12000486WA0087800889
B2244064742856N12000486WA0087700889
B2244074742856N12000486WA0087700889
B2244084742856N12000486WA0087700889
B2244094742856N12000486WA0087700889
B2244104742856N12000486WA0087700889
B2244114742856N12000486WA0087700889
B2244124742856N12000486WA0087700889
B2244134742856N12000486WA0087700889
B2244144742856N12000486WA0087700889
B2244154742856N12000486WA0087700889
B2244164742856N12000486WA0087700889
B2244174742856N12000486WA0087700889
B2244184742856N12000486WA0087700889
B2244194742856N12000486WA0087700889
B2244204742856N12000486WA0087800889
B2244214742856N12000486WA0087700888
B2244224742856N12000486WA0087700888
B2244234742856N12000486WA0087700888
B2244244742856N12000486WA0087700888
B2244254742856N12000486WA0087700888
B2244264742856N12000486WA0087700888
B2244274742856N12000486WA0087700888
B2244284742856N12000486WA0087700888
B2244294742856N12000486WA0087700887
B2244304742856N12000486WA0087700887
B2244314742856N12000486WA0087700887
B2244324742856N12000486WA0087700887
B2244334742856N12000486WA0087700887
B2244344742856N12000486WA0087700887
B2244354742856N12000486WA0087700887
B2244364742856N12000486WA0087700888
B2244374742856N12000486WA0087700888
B2244384742856N12000486WA0087700888
B2244394742856N12000486WA0087700888
B2244404742856N12000486WA0087700888
B2244414742856N12000486WA0087700888
B2244424742856N12000486WA0087700888
B2244434742855N12000486WA0087700888
B2244444742855N12000485WA0087700888
B2244454742855N12000485WA0087700888
B2244464742855N12000485WA0087700889
B2244474742855N12000485WA0087700889
B2244484742855N12000486WA0087700889
B2244494742855N12000486WA0087700890
B2244504742855N12000486WA0087700890
B2244514742855N12000486WA0087700890
B2244524742855N12000486WA0087700890
B2244534742855N12000486WA0087700890
B2244544742855N12000486WA0087700890
B2244554742855N12000486WA0087700890
B2244564742855N12000486WA0087700891
B2244574742855N12000486WA0087700891
B2244584742855N12000486WA0087700891
B2244594742855N12000486WA0087700891
B2245004742854N12000486WA0087700891
B2245014742854N12000486WA0087700891
B2245024742854N12000486WA0087700891
B2245034742854N12000486WA0087700891
B2245044742854N12000486WA0087700891
B2245054742854N12000486WA0087700891
B2245064742854N12000486WA0087700891
B2245074742854N12000486WA0087700891
B2245084742854N12000486WA0087700891
B2245094742854N12000486WA0087700891
B2245104742854N12000486WA0087700891
B2245114742854N12000486WA0087700890
B2245124742854N12000486WA0087700890
B2245134742854N12000486WA0087700890
B2245144742854N12000486WA0087700890
B2245154742854N12000486WA0087700890
B2245164742854N12000486WA0087700891
B2245174742854N12000486WA0087700891
B2245184742854N12000486WA0087700891
B2245194742854N12000486WA0087700890
B2245204742854N12000486WA0087700890
B2245214742854N12000486WA0087700890
B2245224742854N12000486WA0087700890
B2245234742854N12000486WA0087700890
B2245244742854N12000486WA0087700890
B2245254742854N12000486WA0087700890
B2245264742854N12000486WA0087700890
B2245274742854N12000486WA0087700890
B2245284742854N12000486WA0087700890
B2245294742854N12000486WA0087700890
B2245304742854N12000486WA0087700890
B2245314742854N12000486WA0087700890
B2245324742854N12000486WA0087700890
B2245334742854N12000486WA0087700890
B2245344742854N12000486WA0087700890
B2245354742854N12000486WA0087700890
B2245364742854N12000486WA0087700890
B2245374742854N12000486WA0087700890
B2245384742854N12000486WA0087700890
B2245394742854N12000486WA0087800890
B2245404742854N12000486WA0087800890
B2245414742855N12000486WA0087800890
B2245424742855N12000486WA0087700890
B2245434742855N12000486WA0087700890
B2245444742855N12000486WA0087700890
B2245454742855N12000485WA0087700890
B2245464742855N12000485WA0087700889
B2245474742855N12000485WA0087700889
B2245484742855N12000485WA0087700889
B2245494742855N12000485WA0087800889
B2245504742855N12000485WA0087700889
B2245514742855N12000485WA0087700890
B2245524742855N12000485WA0087700890
B2245534742855N12000485WA0087700890
B2245544742855N12000485WA0087700890
B2245554742855N12000485WA0087700890
B2245564742855N12000485WA0087700890
B2245574742855N12000485WA0087700890
B2245584742855N12000484WA0087700890
B2245594742855N12000484WA0087800890
B2246004742855N12000482WA0087700890
B2246014742855N12000481WA0087800890
B2246024742855N12000478WA0087800890
B2246034742855N12000475WA0087800890
B2246044742855N12000472WA0087800890
B2246054742856N12000468WA0087800890
B2246064742857N12000464WA0087800890
B2246074742859N12000459WA0087800890
B2246084742861N12000455WA0087800890
B2246094742864N12000452WA0087800890
B2246104742868N12000449WA0087800890
B2246114742872N12000447WA0087800890
B2246124742876N12000446WA0087900890
B2246134742880N12000446WA0087900890
B2246144742885N12000445WA0087900890
B2246154742890N12000445WA0087900890
B2246164742895N12000445WA0087900890
B2246174742900N12000445WA0087900890
B2246184742905N12000444WA0087900890
B2246194742911N12000444WA0087800890
B2246204742917N12000444WA0087800890
B2246214742922N12000444WA0087900890
B2246224742929N12000444WA0087900889
B2246234742935N12000444WA0087900889
B2246244742941N12000444WA0087900889
B2246254742948N12000444WA0087900889
B2246264742954N12000444WA0087900890
B2246274742961N12000444WA0088000890
B2246284742969N12000444WA0088000890
B2246294742977N12000444WA0088000890
B2246304742984N12000444WA0088000890
B2246314742993N12000444WA0088000890
B2246324743001N12000444WA0088000890
B2246334743009N12000444WA0088000890
B2246344743018N12000444WA0088100891
B2246354743026N12000444WA0088200891
B2246364743035N12000444WA0088200891
B2246374743044N12000444WA0088200892
B2246384743053N12000444WA0088200892
B2246394743063N12000444WA0088300893
B2246404743072N12000444WA0088300893
B2246414743081N12000444WA0088400893
B2246424743091N12000444WA0088500894
B2246434743100N12000444WA0088600895
B2246444743109N12000444WA0088700895
B2246454743118N12000444WA0088700896
B2246464743127N12000445WA0088700896
B2246474743137N12000445WA0088800896
B2246484743146N12000445WA0088800896
B2246494743156N12000445WA0088800896
B2246504743165N12000445WA0088700896
B2246514743175N12000445WA0088700895
B2246524743185N12000445WA0088700895
B2246534743195N12000445WA0088700895
B2246544743205N12000445WA0088800895
B2246554743215N12000445WA0088800895
B2246564743225N12000445WA0088800895
B2246574743235N12000445WA0088800896
B2246584743246N12000445WA0088800896
B2246594743256N12000445WA0088900896
B2247004743266N12000445WA0088900896
B2247014743276N12000446WA0088900896
B2247024743286N12000446WA0089000896
B2247034743296N12000446WA0089000897
B2247044743306N12000446WA0089000897
B2247054743317N12000446WA0089000897
B2247064743327N12000446WA0089000898
B2247074743337N12000446WA0089000898
B2247084743347N12000447WA0089000898
B2247094743357N12000447WA0089100898
B2247104743367N12000447WA0089100898
B2247114743377N12000447WA0089100898
B2247124743388N12000447WA0089100897
B2247134743398N12000447WA0089100897
B2247144743408N12000447WA0089100897
B2247154743419N12000447WA0089100896
B2247164743429N12000447WA0089000896
B2247174743440N12000447WA0089000896
B2247184743451N12000447WA0089000896
B2247194743461N12000447WA0089000896
B2247204743471N12000447WA0089100896
B2247214743482N12000447WA0089100897
B2247224743492N12000447WA0089100897
B2247234743502N12000447WA0089200898
B2247244743511N12000447WA0089200898
B2247254743521N12000447WA0089200898
B2247264743531N12000447WA0089300898
B2247274743540N12000447WA0089300899
B2247284743549N12000447WA0089400899
B2247294743558N12000447WA0089400899
B2247304743567N12000447WA0089400900
B2247314743576N12000447WA0089500900
B2247324743586N12000447WA0089500900
B2247334743595N12000447WA0089500900
B2247344743603N12000447WA0089500900
B2247354743612N12000447WA0089600900
B2247364743621N12000447WA0089600901
B2247374743630N12000447WA0089700901
B2247384743639N12000447WA0089700902
B2247394743647N12000447WA0089800902
B2247404743655N12000447WA0089800903
B2247414743663N12000447WA0089800903
B2247424743671N12000447WA0089800904
B2247434743678N12000447WA0089800904
B2247444743685N12000448WA0089700903
B2247454743692N12000448WA0089600903
B2247464743698N12000448WA0089600903
B2247474743703N12000448WA0089500902
B2247484743708N12000448WA0089500901
B2247494743713N12000448WA0089400901
B2247504743716N12000448WA0089400900
B2247514743719N12000448WA0089300900
B2247524743722N12000447WA0089300899
B2247534743723N12000446WA0089300899
B2247544743725N12000445WA0089300898
B2247554743726N12000443WA0089200898
B2247564743727N12000439WA0089200899
B2247574743727N12000435WA0089200899
B2247584743727N12000428WA0089200900
B2247594743727N12000421WA0089200900
B2248004743727N12000414WA0089100900
B2248014743727N12000405WA0089100899
B2248024743727N12000395WA0089100898
B2248034743727N12000385WA0089100897
B2248044743727N12000373WA0089000896
B2248054743727N12000361WA0089000896
B2248064743727N12000347WA0089000896
B2248074743726N12000333WA0089000895
B2248084743726N12000319WA0089000894
B2248094743726N12000303WA0088900893
B2248104743726N12000287WA0088900893
B2248114743727N12000270WA0088800892
B2248124743727N12000253WA0088800891
B2248134743727N12000235WA0088700890
B2248144743727N12000217WA0088700889
B2248154743726N12000198WA0088600889
B2248164743726N12000178WA0088500889
B2248174743726N12000158WA0088400888
B2248184743726N12000138WA0088300888
B2248194743726N12000118WA0088200887
B2248204743726N12000097WA0088200886
B2248214743726N12000076WA0088000886
B2248224743727N12000055WA0088000884
B2248234743727N12000033WA0088000884
B2248244743727N12000012WA0087900882
B2248254743727N11959990WA0087900882
B2248264743727N11959969WA0087800882
B2248274743727N11959947WA0087800880
B2248284743727N11959926WA0087800879
B2248294743727N11959904WA0087800879
B2248304743727N11959883WA0087800879
B2248314743728N11959861WA0087800879
B2248324743728N11959840WA0087800879
B2248334743728N11959819WA0087900879
B2248344743728N11959798WA0088000879
B2248354743728N11959777WA0088000879
B2248364743728N11959756WA0088000879
B2248374743728N11959735WA0088000878
B2248384743728N11959714WA0088100879
B2248394743728N11959693WA0088100879
B2248404743728N11959671WA0088100881
B2248414743728N11959650WA0088100881
B2248424743728N11959629WA0088100881
B2248434743728N11959607WA0088000880
B2248444743728N11959586WA0088000880
B2248454743728N11959564WA0088000879
B2248464743728N11959542WA0087900878
B2248474743728N11959520WA0087800878
B2248484743728N11959498WA0087800877
B2248494743728N11959476WA0087700877
B2248504743728N11959453WA0087600876
B2248514743728N11959430WA0087400875
B2248524743728N11959408WA0087400874
B2248534743728N11959384WA0087300873
B2248544743728N11959361WA0087200872
B2248554743728N11959338WA0087000871
B2248564743728N11959314WA0087000870
B2248574743728N11959291WA0086900870
B2248584743728N11959267WA0086900869
B2248594743728N11959243WA0086800869
B2249004743728N11959219WA0086700869
B2249014743728N11959196WA0086700870
B2249024743728N11959172WA0086700870
B2249034743728N11959149WA0086800871
B2249044743729N11959126WA0086800871
B2249054743729N11959103WA0086800872
B2249064743729N11959080WA0086900874
B2249074743729N11959058WA0087000874
B2249084743729N11959035WA0087000874
B2249094743729N11959012WA0087000874
B2249104743729N11958990WA0087000875
B2249114743730N11958967WA0087000875
B2249124743730N11958945WA0087100875
B2249134743730N11958922WA0087100876
B2249144743730N11958900WA0087100877
B2249154743730N11958878WA0087200878
B2249164743730N11958856WA0087200879
B2249174743729N11958834WA0087200880
B2249184743729N11958812WA0087300882
B2249194743729N11958790WA0087300883
B2249204743729N11958768WA0087300883
B2249214743729N11958746WA0087300883
B2249224743729N11958724WA0087300883
B2249234743729N11958701WA0087300883
B2249244743729N11958679WA0087200883
B2249254743729N11958657WA0087300884
B2249264743729N11958635WA0087300884
B2249274743729N11958612WA0087300884
B2249284743729N11958590WA0087400884
B2249294743729N11958568WA0087400884
B2249304743729N11958546WA0087400885
B2249314743729N11958524WA0087500886
B2249324743728N11958502WA0087500886
B2249334743728N11958479WA0087600889
B2249344743728N11958457WA0087600890
B2249354743728N11958435WA0087600892
B2249364743728N11958413WA0087600892
B2249374743728N11958391WA0087700893
B2249384743728N11958369WA0087700893
B2249394743728N11958346WA0087700894
B2249404743727N11958324WA0087700894
B2249414743727N11958301WA0087800895
B2249424743727N11958279WA0087700896
B2249434743727N11958256WA0087700897
B2249444743727N11958234WA0087700898
B2249454743727N11958212WA0087700899
B2249464743727N11958190WA0087700899
B2249474743727N11958167WA0087600899
B2249484743727N11958145WA0087600900
B2249494743727N11958122WA0087500899
B2249504743727N11958099WA0087500900
B2249514743726N11958076WA0087400900
B2249524743726N11958053WA0087300903
B2249534743726N11958029WA0087200904
B2249544743725N11958006WA0087200904
B2249554743725N11957983WA0087100906
B2249564743725N11957959WA0087000907
B2249574743725N11957936WA0087000908
B2249584743724N11957912WA0087000909
B2249594743724N11957889WA0087000911
B2250004743724N11957867WA0087000912
B2250014743724N11957844WA0087000913
B2250024743724N11957821WA0087000915
B2250034743724N11957799WA0087000915
B2250044743724N11957776WA0087000915
B2250054743725N11957754WA0087000914
B2250064743726N11957732WA0087000909
B2250074743726N11957708WA0087000905
B2250084743726N11957684WA0087000904
B2250094743726N11957660WA0086900904
B2250104743726N11957636WA0086900904
B2250114743726N11957611WA0086800904
B2250124743726N11957587WA0086800904
B2250134743726N11957562WA0086600904
B2250144743726N11957538WA0086600903
B2250154743726N11957513WA0086600904
B2250164743726N11957488WA0086500902
B2250174743727N11957464WA0086500900
B2250184743728N11957439WA0086400897
B2250194743728N11957414WA0086300895
B2250204743729N11957389WA0086200892
B2250214743729N11957364WA0086100890
B2250224743729N11957338WA0086100888
B2250234743729N11957313WA0085900887
B2250244743730N11957288WA0085800885
B2250254743730N11957263WA0085600883
B2250264743730N11957237WA0085500881
B2250274743730N11957212WA0085400879
B2250284743730N11957187WA0085200877
B2250294743731N11957162WA0085100875
B2250304743731N11957136WA0085100873
B2250314743731N11957111WA0085000871
B2250324743732N11957086WA0085000869
B2250334743732N11957061WA0084900867
B2250344743732N11957035WA0085000866
B2250354743732N11957010WA0084900865
B2250364743732N11956985WA0085000864
B2250374743733N11956960WA0084900863
B2250384743733N11956934WA0084900861
B2250394743733N11956909WA0084900860
B2250404743733N11956884WA0084800859
B2250414743733N11956859WA0084800858
B2250424743733N11956833WA0084700858
B2250434743733N11956808WA0084700857
B2250444743733N11956783WA0084700856
B2250454743734N11956758WA0084700856
B2250464743734N11956732WA0084700854
B2250474743734N11956707WA0084600853
B2250484743734N11956682WA0084500852
B2250494743734N11956657WA0084400850
B2250504743734N11956632WA0084200848
B2250514743734N11956607WA0084200847
B2250524743734N11956581WA0084100844
B2250534743734N11956556WA0083900842
B2250544743734N11956530WA0083800841
B2250554743734N11956505WA0083600839
B2250564743734N11956479WA0083500838
B2250574743734N11956454WA0083300837
B2250584743733N11956428WA0083300837
B2250594743733N11956403WA0083200836
B2251004743733N11956378WA0083200835
B2251014743733N11956353WA0083100835
B2251024743733N11956328WA0083100834
B2251034743733N11956303WA0083100834
B2251044743733N11956278WA0083000834
B2251054743733N11956253WA0083000835
B2251064743733N11956229WA0083000835
B2251074743733N11956204WA0083000835
B2251084743733N11956180WA0083100835
B2251094743733N11956155WA0083100834
B2251104743733N11956130WA0083100834
B2251114743733N11956105WA0083100834
B2251124743733N11956081WA0083100834
B2251134743733N11956056WA0083100834
B2251144743733N11956031WA0083200833
B2251154743733N11956006WA0083200833
B2251164743733N11955981WA0083200833
B2251174743733N11955956WA0083200833
B2251184743733N11955931WA0083200833
B2251194743733N11955906WA0083200834
B2251204743732N11955881WA0083200834
B2251214743732N11955856WA0083300835
B2251224743732N11955831WA0083300836
B2251234743732N11955807WA0083400837
B2251244743732N11955783WA0083500838
B2251254743732N11955759WA0083600840
B2251264743731N11955735WA0083700842
B2251274743731N11955711WA0083900843
B2251284743731N11955688WA0084000845
B2251294743731N11955665WA0084100846
B2251304743731N11955642WA0084200847
B2251314743731N11955620WA0084300848
B2251324743731N11955597WA0084300848
B2251334743731N11955575WA0084400850
B2251344743731N11955553WA0084500851
B2251354743731N11955531WA0084700852
B2251364743731N11955508WA0084700853
B2251374743731N11955486WA0084800853
B2251384743731N11955464WA0084900854
B2251394743730N11955441WA0085000855
B2251404743730N11955419WA0085000856
B2251414743730N11955396WA0085100857
B2251424743730N11955373WA0085100857
B2251434743730N11955350WA0085100858
B2251444743730N11955327WA0085200859
B2251454743730N11955303WA0085200858
B2251464743730N11955279WA0085300858
B2251474743730N11955255WA0085400858
B2251484743730N11955230WA0085400858
B2251494743730N11955205WA0085400858
B2251504743730N11955180WA0085300858
B2251514743729N11955155WA0085300858
B2251524743729N11955130WA0085200857
B2251534743729N11955104WA0085200858
B2251544743729N11955079WA0085100857
B2251554743729N11955054WA0085000856
B2251564743729N11955028WA0085000855
B2251574743729N11955003WA0084800855
B2251584743729N11954978WA0084700854
B2251594743729N11954952WA0084600853
B2252004743729N11954927WA0084500852
B2252014743729N11954902WA0084300850
B2252024743729N11954876WA0084200849
B2252034743729N11954850WA0084200848
B2252044743728N11954824WA0084100847
B2252054743728N11954799WA0083900847
B2252064743728N11954773WA0083800846
B2252074743728N11954748WA0083700845
B2252084743728N11954722WA0083500844
B2252094743728N11954697WA0083400843
B2252104743728N11954671WA0083300843
B2252114743728N11954646WA0083300841
B2252124743729N11954620WA0083200840
B2252134743729N11954595WA0083100839
B2252144743729N11954570WA0083100837
B2252154743729N11954545WA0082900836
B2252164743729N11954520WA0082900836
B2252174743729N11954495WA0082800835
B2252184743729N11954470WA0082800835
B2252194743729N11954445WA0082700833
B2252204743729N11954421WA0082600833
B2252214743729N11954396WA0082500832
B2252224743729N11954372WA0082400831
B2252234743729N11954347WA0082300829
B2252244743729N11954323WA0082300828
B2252254743729N11954299WA0082300827
B2252264743729N11954274WA0082200825
B2252274743729N11954249WA0082100825
B2252284743729N11954225WA0082000823
B2252294743729N11954200WA0082000822
B2252304743729N11954175WA0081800821
B2252314743729N11954151WA0081700820
B2252324743729N11954126WA0081600819
B2252334743729N11954101WA0081600818
B2252344743729N11954076WA0081500818
B2252354743728N11954051WA0081500817
B2252364743728N11954026WA0081400818
B2252374743728N11954002WA0081400819
B2252384743728N11953977WA0081400819
B2252394743728N11953952WA0081400820
B2252404743728N11953927WA0081400820
B2252414743728N11953902WA0081400820
B2252424743728N11953877WA0081500821
B2252434743727N11953852WA0081400822
B2252444743727N11953827WA0081400822
B2252454743727N11953802WA0081400822
B2252464743727N11953777WA0081400822
B2252474743727N11953752WA0081400822
B2252484743726N11953727WA0081500823
B2252494743726N11953702WA0081500823
B2252504743726N11953677WA0081500822
B2252514743726N11953652WA0081600823
B2252524743726N11953627WA0081600823
B2252534743726N11953602WA0081700824
B2252544743726N11953578WA0081700824
B2252554743725N11953553WA0081800824
B2252564743725N11953529WA0081900825
B2252574743725N11953504WA0081900826
B2252584743725N11953480WA0082000826
B2252594743725N11953455WA0082000827
B2253004743724N11953430WA0082100827
B2253014743724N11953406WA0082100828
B2253024743724N11953381WA0082100828
B2253034743724N11953357WA0082200829
B2253044743723N11953333WA0082300830
B2253054743723N11953309WA0082300830
B2253064743723N11953285WA0082400831
B2253074743723N11953262WA0082400832
B2253084743722N11953238WA0082500833
B2253094743722N11953215WA0082600835
B2253104743722N11953192WA0082700836
B2253114743722N11953170WA0082700836
B2253124743722N11953147WA0082800837
B2253134743722N11953125WA0082800837
B2253144743722N11953103WA0082800836
B2253154743722N11953082WA0082800836
B2253164743722N11953060WA0082700835
B2253174743722N11953038WA0082700834
B2253184743721N11953016WA0082600834
B2253194743721N11952995WA0082600834
B2253204743721N11952973WA0082500833
B2253214743721N11952952WA0082400833
B2253224743721N11952930WA0082300832
B2253234743721N11952909WA0082300831
B2253244743721N11952888WA0082300831
B2253254743721N11952868WA0082300831
B2253264743720N11952847WA0082300831
B2253274743720N11952827WA0082300831
B2253284743720N11952808WA0082300831
B2253294743720N11952789WA0082200831
B2253304743719N11952771WA0082100831
B2253314743719N11952755WA0082100831
B2253324743719N11952739WA0082000830
B2253334743719N11952725WA0081900830
B2253344743719N11952712WA0081800829
B2253354743719N11952699WA0081700829
B2253364743719N11952689WA0081600830
B2253374743719N11952679WA0081500831
B2253384743720N11952673WA0081500832
B2253394743723N11952668WA0081500832
B2253404743726N11952664WA0081500831
B2253414743730N11952662WA0081500831
B2253424743734N11952661WA0081500832
B2253434743739N11952661WA0081600832
B2253444743744N11952661WA0081500832
B2253454743750N11952661WA0081600831
B2253464743757N11952661WA0081600830
B2253474743764N11952661WA0081600830
B2253484743772N11952661WA0081600830
B2253494743781N11952661WA0081700830
B2253504743790N11952662WA0081800830
B2253514743800N11952662WA0081900830
B2253524743811N11952662WA0082000830
B2253534743821N11952662WA0082000830
B2253544743832N11952662WA0082100831
B2253554743843N11952662WA0082200831
B2253564743855N11952662WA0082200831
B2253574743867N11952663WA0082300832
B2253584743879N11952663WA0082300832
B2253594743892N11952663WA0082400833
B2254004743904N11952663WA0082500833
B2254014743917N11952663WA0082600833
B2254024743930N11952663WA0082600834
B2254034743943N11952663WA0082700834
B2254044743956N11952663WA0082700834
B2254054743970N11952664WA0082700835
B2254064743983N11952664WA0082700835
B2254074743996N11952664WA0082700835
B2254084744009N11952664WA0082800835
B2254094744022N11952665WA0082800836
B2254104744035N11952665WA0082800836
B2254114744049N11952665WA0082800836
B2254124744062N11952665WA0082800836
B2254134744075N11952665WA0082900836
B2254144744089N11952665WA0082800835
B2254154744103N11952665WA0082800835
B2254164744116N11952665WA0082800835
B2254174744130N11952665WA0082800834
B2254184744144N11952666WA0082700834
B2254194744158N11952666WA0082700833
B2254204744172N11952666WA0082700833
B2254214744186N11952665WA0082700833
B2254224744200N11952665WA0082800833
B2254234744214N11952666WA0082800833
B2254244744229N11952666WA0082800833
B2254254744243N11952666WA0082900833
B2254264744257N11952666WA0082800834
B2254274744271N11952666WA0082900834
B2254284744285N11952666WA0082900835
B2254294744300N11952666WA0083000835
B2254304744314N11952666WA0083100836
B2254314744328N11952666WA0083100837
B2254324744343N11952666WA0083200837
B2254334744357N11952666WA0083200838
B2254344744372N11952666WA0083300838
B2254354744387N11952666WA0083300839
B2254364744401N11952667WA0083300839
B2254374744416N11952667WA0083300840
B2254384744430N11952667WA0083400840
B2254394744445N11952667WA0083500841
B2254404744459N11952667WA0083600842
B2254414744473N11952667WA0083700843
B2254424744487N11952667WA0083700844
B2254434744501N11952667WA0083900845
B2254444744514N11952667WA0084000846
B2254454744527N11952667WA0084100847
B2254464744540N11952667WA0084100848
B2254474744552N11952667WA0084200848
B2254484744564N11952667WA0084200848
B2254494744577N11952668WA0084200848
B2254504744590N11952668WA0084200848
B2254514744602N11952668WA0084100848
B2254524744615N11952668WA0084100848
B2254534744628N11952668WA0084100847
B2254544744641N11952668WA0084100847
B2254554744654N11952668WA0084000846
B2254564744667N11952668WA0084000846
B2254574744681N11952668WA0083900845
B2254584744695N11952668WA0083800844
B2254594744708N11952668WA0083800844
B2255004744723N11952668WA0083700843
B2255014744737N11952668WA0083600842
B2255024744751N11952668WA0083500841
B2255034744766N11952668WA0083500840
B2255044744781N11952668WA0083400839
B2255054744796N11952668WA0083300838
B2255064744811N11952668WA0083300838
B2255074744826N11952669WA0083300838
B2255084744842N11952669WA0083300838
B2255094744857N11952669WA0083300838
B2255104744872N11952668WA0083300839
B2255114744887N11952668WA0083400840
B2255124744902N11952668WA0083500841
B2255134744917N11952668WA0083600842
B2255144744932N11952668WA0083700843
B2255154744947N11952668WA0083800844
B2255164744963N11952668WA0083800844
B2255174744978N11952668WA0083900845
B2255184744994N11952668WA0084000846
B2255194745010N11952668WA0084100846
B2255204745026N11952668WA0084100847
B2255214745042N11952668WA0084200848
B2255224745058N11952668WA0084200849
B2255234745074N11952668WA0084400850
B2255244745090N11952668WA0084500850
B2255254745106N11952668WA0084600851
B2255264745123N11952668WA0084600852
B2255274745139N11952668WA0084800853
B2255284745155N11952668WA0084800854
B2255294745172N11952668WA0085000854
B2255304745188N11952668WA0085000855
B2255314745204N11952668WA0085100855
B2255324745221N11952668WA0085100855
B2255334745237N11952668WA0085100856
B2255344745254N11952668WA0085200856
B2255354745271N11952668WA0085100857
B2255364745288N11952668WA0085100857
B2255374745304N11952668WA0085200857
B2255384745321N11952668WA0085100857
B2255394745338N11952668WA0085200857
B2255404745355N11952668WA0085300858
B2255414745372N11952668WA0085300858
B2255424745388N11952668WA0085300858
B2255434745405N11952668WA0085400858
B2255444745422N11952667WA0085400859
B2255454745438N11952667WA0085500860
B2255464745455N11952667WA0085500860
B2255474745471N11952667WA0085600861
B2255484745487N11952666WA0085600862
B2255494745503N11952666WA0085700862
B2255504745519N11952666WA0085700863
B2255514745536N11952666WA0085800863
B2255524745552N11952666WA0085900864
B2255534745568N11952666WA0085900864
B2255544745584N11952666WA0085900864
B2255554745601N11952666WA0085900864
B2255564745617N11952666WA0086000864
B2255574745633N11952666WA0086000865
B2255584745649N11952665WA0086000865
B2255594745665N11952665WA0086100866
B2256004745681N11952665WA0086000866
B2256014745697N11952665WA0086100867
B2256024745713N11952665WA0086100868
B2256034745729N11952665WA0086200869
B2256044745744N11952665WA0086300870
B2256054745760N11952665WA0086400871
B2256064745776N11952665WA0086400872
B2256074745792N11952665WA0086500873
B2256084745807N11952664WA0086600874
B2256094745823N11952664WA0086800876
B2256104745838N11952664WA0086900877
B2256114745854N11952664WA0087000878
B2256124745870N11952664WA0087100879
B2256134745885N11952664WA0087200881
B2256144745900N11952664WA0087300882
B2256154745916N11952664WA0087400884
B2256164745932N11952664WA0087500885
B2256174745947N11952663WA0087600886
B2256184745963N11952663WA0087700888
B2256194745978N11952663WA0088000889
B2256204745993N11952663WA0088000891
B2256214746009N11952663WA0088200892
B2256224746024N11952663WA0088200893
B2256234746039N11952663WA0088400895
B2256244746054N11952663WA0088500896
B2256254746070N11952663WA0088700897
B2256264746085N11952663WA0088700898
B2256274746100N11952663WA0088900898
B2256284746115N11952663WA0089000898
B2256294746131N11952663WA0089000898
B2256304746146N11952663WA0089000898
B2256314746161N11952663WA0089000899
B2256324746177N11952663WA0089000899
B2256334746193N11952663WA0089000899
B2256344746208N11952663WA0089000899
B2256354746224N11952663WA0089000899
B2256364746239N11952663WA0089000899
B2256374746254N11952663WA0089100900
B2256384746270N11952663WA0089100901
B2256394746285N11952663WA0089100901
B2256404746301N11952663WA0089200902
B2256414746316N11952663WA0089300903
B2256424746331N11952663WA0089400904
B2256434746346N11952663WA0089500904
B2256444746361N11952663WA0089600905
B2256454746376N11952663WA0089600904
B2256464746391N11952663WA0089600904
B2256474746407N11952663WA0089600903
B2256484746422N11952663WA0089500902
B2256494746437N11952663WA0089400900
B2256504746452N11952663WA0089300899
B2256514746467N11952663WA0089100897
B2256524746483N11952663WA0089000896
B2256534746498N11952663WA0088900895
B2256544746513N11952663WA0088900894
B2256554746529N11952663WA0088700894
B2256564746544N11952664WA0088700894
B2256574746559N11952664WA0088600893
B2256584746574N11952664WA0088500894
B2256594746589N11952664WA0088600894
B2257004746604N11952663WA0088600895
B2257014746619N11952663WA0088600895
B2257024746633N11952663WA0088600895
B2257034746648N11952663WA0088700896
B2257044746662N11952663WA0088800897
B2257054746676N11952663WA0088800897
B2257064746691N11952663WA0088800897
B2257074746705N11952663WA0088700897
B2257084746720N11952664WA0088700896
B2257094746734N11952664WA0088600896
B2257104746749N11952664WA0088600896
B2257114746763N11952664WA0088500896
B2257124746778N11952664WA0088500895
B2257134746793N11952664WA0088500895
B2257144746808N11952664WA0088400893
B2257154746823N11952664WA0088400893
B2257164746838N11952664WA0088300891
B2257174746854N11952664WA0088200890
B2257184746869N11952664WA0088200890
B2257194746884N11952664WA0088200890
B2257204746900N11952664WA0088200890
B2257214746915N11952664WA0088300891
B2257224746930N11952664WA0088400891
B2257234746945N11952664WA0088500892
B2257244746959N11952664WA0088500893
B2257254746974N11952664WA0088600894
B2257264746988N11952664WA0088700895
B2257274747003N11952664WA0088700895
B2257284747017N11952664WA0088800896
B2257294747032N11952663WA0088900895
B2257304747047N11952663WA0089000895
B2257314747062N11952663WA0089000895
B2257324747077N11952663WA0089000895
B2257334747092N11952663WA0089000896
B2257344747107N11952663WA0089000896
B2257354747122N11952663WA0089100897
B2257364747137N11952663WA0089100897
B2257374747152N11952663WA0089200897
B2257384747167N11952663WA0089200898
B2257394747183N11952663WA0089300898
B2257404747198N11952663WA0089400898
B2257414747213N11952663WA0089400899
B2257424747229N11952663WA0089400899
B2257434747244N11952663WA0089400898
B2257444747260N11952663WA0089400898
B2257454747276N11952663WA0089500898
B2257464747292N11952663WA0089600898
B2257474747307N11952663WA0089600899
B2257484747323N11952663WA0089700900
B2257494747339N11952663WA0089700900
B2257504747355N11952663WA0089800900
B2257514747370N11952663WA0089800900
B2257524747386N11952663WA0089800901
B2257534747401N11952663WA0089800901
B2257544747416N11952663WA0089900902
B2257554747431N11952663WA0089900903
B2257564747446N11952663WA0089900903
B2257574747461N11952663WA0090000904
B2257584747475N11952663WA0090000904
B2257594747489N11952663WA0090100905
B2258004747503N11952663WA0090100904
B2258014747517N11952663WA0090000904
B2258024747531N11952663WA0090000903
B2258034747545N11952663WA0090000903
B2258044747559N11952663WA0089900902
B2258054747573N11952663WA0089900902
B2258064747587N11952662WA0089900901
B2258074747601N11952662WA0089900901
B2258084747615N11952662WA0089800900
B2258094747629N11952662WA0089700900
B2258104747643N11952663WA0089600899
B2258114747657N11952663WA0089500898
B2258124747671N11952663WA0089500898
B2258134747685N11952663WA0089400897
B2258144747699N11952663WA0089300897
B2258154747714N11952663WA0089300896
B2258164747729N11952663WA0089300895
B2258174747743N11952663WA0089200895
B2258184747758N11952663WA0089200895
B2258194747773N11952663WA0089100894
B2258204747788N11952663WA0089200894
B2258214747803N11952663WA0089100893
B2258224747818N11952663WA0089100892
B2258234747833N11952662WA0089100892
B2258244747848N11952662WA0089100891
B2258254747863N11952662WA0089100891
B2258264747879N11952662WA0089100890
B2258274747894N11952662WA0089100890
B2258284747909N11952662WA0089100889
B2258294747924N11952662WA0089200889
B2258304747940N11952662WA0089200889
B2258314747955N11952662WA0089300889
B2258324747971N11952661WA0089300889
B2258334747987N11952661WA0089400889
B2258344748003N11952661WA0089500889
B2258354748019N11952661WA0089500889
B2258364748036N11952661WA0089500888
B2258374748052N11952661WA0089500888
B2258384748068N11952661WA0089400888
B2258394748084N11952661WA0089400888
B2258404748101N11952662WA0089400888
B2258414748117N11952662WA0089400887
B2258424748133N11952662WA0089400888
B2258434748149N11952662WA0089300888
B2258444748165N11952662WA0089300888
B2258454748181N11952662WA0089300888
B2258464748197N11952662WA0089300888
B2258474748213N11952662WA0089400888
B2258484748228N11952663WA0089400889
B2258494748244N11952663WA0089500890
B2258504748259N11952663WA0089500890
B2258514748275N11952663WA0089500891
B2258524748291N11952663WA0089500891
B2258534748307N11952663WA0089400890
B2258544748323N11952663WA0089400889
B2258554748339N11952663WA0089400888
B2258564748355N11952664WA0089400888
B2258574748371N11952664WA0089400888
B2258584748387N11952664WA0089500888
B2258594748403N11952664WA0089500888
B2259004748418N11952664WA0089500888
B2259014748434N11952664WA0089500889
B2259024748450N11952664WA0089500889
B2259034748465N11952664WA0089500891
B2259044748481N11952664WA0089600892
B2259054748496N11952664WA0089600894
B2259064748511N11952665WA0089700894
B2259074748527N11952665WA0089700895
B2259084748542N11952665WA0089800896
B2259094748557N11952665WA0089900897
B2259104748572N11952665WA0089900897
B2259114748588N11952665WA0089900898
B2259124748603N11952665WA0089900898
B2259134748618N11952665WA0089900899
B2259144748634N11952665WA0090000899
B2259154748649N11952666WA0090000900
B2259164748664N11952665WA0090000900
B2259174748680N11952666WA0090000900
B2259184748695N11952666WA0090000901
B2259194748710N11952666WA0090000901
B2259204748725N11952666WA0090000902
B2259214748741N11952666WA0090000902
B2259224748756N11952666WA0090100903
B2259234748770N11952666WA0090100904
B2259244748785N11952665WA0090100905
B2259254748799N11952666WA0090200906
B2259264748813N11952666WA0090300906
B2259274748828N11952666WA0090300907
B2259284748842N11952666WA0090300907
B2259294748856N11952666WA0090200907
B2259304748871N11952666WA0090200907
B2259314748885N11952666WA0090200905
B2259324748900N11952666WA0090000904
B2259334748915N11952666WA0089900902
B2259344748931N11952666WA0089900901
B2259354748946N11952666WA0089800901
B2259364748961N11952666WA0089800901
B2259374748976N11952666WA0089800901
B2259384748991N11952666WA0089800901
B2259394749006N11952666WA0089800901
B2259404749022N11952666WA0089800901
B2259414749037N11952666WA0089700901
B2259424749052N11952667WA0089800901
B2259434749067N11952667WA0089700901
B2259444749082N11952666WA0089600900
B2259454749098N11952667WA0089600899
B2259464749113N11952667WA0089500899
B2259474749129N11952667WA0089500899
B2259484749144N11952667WA0089500899
B2259494749159N11952667WA0089500899
B2259504749175N11952667WA0089500899
B2259514749191N11952668WA0089400899
B2259524749206N11952668WA0089400899
B2259534749222N11952668WA0089400899
B2259544749238N11952668WA0089400899
B2259554749253N11952668WA0089400899
B2259564749269N11952668WA0089500899
B2259574749284N11952668WA0089500899
B2259584749300N11952669WA0089500899
B2259594749315N11952669WA0089400899
B2300004749331N11952669WA0089400899
B2300014749346N11952669WA0089500899
B2300024749361N11952670WA0089400899
B2300034749377N11952670WA0089500899
B2300044749392N11952670WA0089500899
B2300054749407N11952670WA0089500899
B2300064749423N11952670WA0089600899
B2300074749438N11952670WA0089500898
B2300084749453N11952670WA0089500898
B2300094749468N11952670WA0089600898
B2300104749484N11952670WA0089600898
B2300114749499N11952670WA0089500898
B2300124749514N11952670WA0089500898
B2300134749529N11952671WA0089600899
B2300144749544N11952671WA0089600899
B2300154749559N11952671WA0089700900
B2300164749574N11952671WA0089700900
B2300174749589N11952671WA0089700900
B2300184749604N11952671WA0089700900
B2300194749619N11952671WA0089800901
B2300204749634N11952671WA0089800901
B2300214749649N11952671WA0089900902
B2300224749663N11952672WA0089900902
B2300234749678N11952672WA0089900903
B2300244749692N11952672WA0089900903
B2300254749706N11952672WA0089900904
B2300264749720N11952672WA0089900904
B2300274749733N11952672WA0090000904
B2300284749746N11952672WA0090000905
B2300294749758N11952671WA0090100906
B2300304749770N11952669WA0090100907
B2300314749780N11952664WA0090200908
B2300324749789N11952658WA0090300909
B2300334749796N11952648WA0090300910
B2300344749801N11952637WA0090300912
B2300354749804N11952624WA0090400913
B2300364749807N11952611WA0090400914
B2300374749808N11952597WA0090500914
B2300384749808N11952583WA0090500913
B2300394749808N11952568WA0090500913
B2300404749808N11952553WA0090600912
B2300414749808N11952537WA0090500910
B2300424749808N11952520WA0090500908
B2300434749808N11952502WA0090500907
B2300444749808N11952484WA0090500906
B2300454749807N11952464WA0090500905
B2300464749807N11952445WA0090300904
B2300474749807N11952426WA0090200903
B2300484749807N11952405WA0090200902
B2300494749806N11952385WA0090100901
B2300504749806N11952365WA0090000901
B2300514749806N11952346WA0090000901
B2300524749805N11952326WA0090100902
B2300534749805N11952308WA0090300903
B2300544749805N11952289WA0090400905
B2300554749805N11952271WA0090600908
B2300564749804N11952253WA0090700908
B2300574749804N11952236WA0090800909
B2300584749804N11952218WA0090800909
B2300594749804N11952200WA0090800908
B2301004749804N11952182WA0090800907
B2301014749804N11952163WA0090700906
B2301024749804N11952144WA0090700904
B2301034749804N11952124WA0090500903
B2301044749804N11952104WA0090400901
B2301054749803N11952084WA0090200900
B2301064749803N11952064WA0090200900
B2301074749803N11952044WA0090200900
B2301084749803N11952024WA0090100901
B2301094749803N11952004WA0090100901
B2301104749802N11951984WA0090000901
B2301114749802N11951963WA0090000901
B2301124749802N11951943WA0089900900
B2301134749802N11951923WA0089900898
B2301144749802N11951903WA0089800897
B2301154749801N11951882WA0089700897
B2301164749801N11951862WA0089600897
B2301174749801N11951842WA0089600897
B2301184749801N11951823WA0089600898
B2301194749801N11951805WA0089600899
B2301204749801N11951788WA0089700900
B2301214749802N11951772WA0089700901
B2301224749803N11951757WA0089700902
B2301234749804N11951743WA0089700902
B2301244749805N11951730WA0089700903
B2301254749806N11951718WA0089700902
B2301264749807N11951708WA0089700904
B2301274749808N11951698WA0089600904
B2301284749809N11951690WA0089600904
B2301294749809N11951684WA0089600905
B2301304749810N11951679WA0089600905
B2301314749810N11951676WA0089600905
B2301324749810N11951674WA0089600906
B2301334749810N11951672WA0089600906
B2301344749810N11951671WA0089600908
B2301354749810N11951671WA0089600907
B2301364749810N11951671WA0089600909
B2301374749810N11951671WA0089600908
B2301384749809N11951671WA0089600908
B2301394749809N11951671WA0089600909
B2301404749809N11951670WA0089600909
B2301414749810N11951669WA0089600910
B2301424749810N11951668WA0089600910
B2301434749812N11951666WA0089700910
B2301444749814N11951666WA0089600910
B2301454749816N11951668WA0089600910
B2301464749818N11951670WA0089700911
B2301474749821N11951674WA0089700910
B2301484749824N11951677WA0089700910
B2301494749828N11951681WA0089700911
B2301504749832N11951685WA0089700911
B2301514749837N11951688WA0089800910
B2301524749843N11951690WA0089800911
B2301534749850N11951691WA0089900911
B2301544749857N11951693WA0089900912
B2301554749864N11951694WA0089900913
B2301564749872N11951694WA0089900913
B2301574749880N11951695WA0090000914
B2301584749889N11951696WA0090000914
B2301594749897N11951696WA0090200915
B2302004749907N11951697WA0090300915
B2302014749916N11951698WA0090400915
B2302024749925N11951699WA0090400915
B2302034749935N11951699WA0090500916
B2302044749945N11951700WA0090600917
B2302054749955N11951701WA0090800918
B2302064749966N11951702WA0090900919
B2302074749976N11951702WA0091000920
B2302084749986N11951703WA0091100921
B2302094749997N11951704WA0091200922
B2302104750008N11951704WA0091200923
B2302114750019N11951705WA0091300923
B2302124750031N11951705WA0091300924
B2302134750042N11951706WA0091400924
B2302144750054N11951706WA0091500924
B2302154750066N11951707WA0091500924
B2302164750078N11951708WA0091500924
B2302174750091N11951708WA0091600924
B2302184750103N11951709WA0091700924
B2302194750115N11951710WA0091800925
B2302204750128N11951710WA0091900925
B2302214750140N11951711WA0092000925
B2302224750153N11951711WA0092000925
B2302234750166N11951712WA0092000926
B2302244750178N11951713WA0092000926
B2302254750191N11951713WA0092100927
B2302264750204N11951714WA0092200928
B2302274750217N11951715WA0092200929
B2302284750230N11951715WA0092300929
B2302294750243N11951716WA0092400930
B2302304750256N11951717WA0092500931
B2302314750269N11951718WA0092500931
B2302324750283N11951718WA0092600933
B2302334750296N11951719WA0092600933
B2302344750309N11951720WA0092700934
B2302354750322N11951721WA0092800935
B2302364750335N11951721WA0092900937
B2302374750348N11951722WA0093000937
B2302384750361N11951723WA0093000938
B2302394750373N11951723WA0093000939
B2302404750386N11951724WA0093100940
B2302414750398N11951724WA0093200941
B2302424750410N11951725WA0093300942
B2302434750422N11951725WA0093300942
B2302444750433N11951726WA0093400942
B2302454750445N11951726WA0093500943
B2302464750456N11951726WA0093500943
B2302474750468N11951726WA0093600944
B2302484750479N11951726WA0093600944
B2302494750491N11951726WA0093700944
B2302504750503N11951726WA0093600944
B2302514750514N11951726WA0093600944
B2302524750526N11951726WA0093500943
B2302534750537N11951726WA0093500943
B2302544750549N11951726WA0093400942
B2302554750560N11951726WA0093400942
B2302564750571N11951726WA0093400941
B2302574750582N11951726WA0093300941
B2302584750593N11951727WA0093300941
B2302594750603N11951729WA0093300941
B2303004750614N11951732WA0093300942
B2303014750623N11951737WA0093300942
B2303024750633N11951744WA0093300942
B2303034750642N11951752WA0093300943
B2303044750650N11951762WA0093400943
B2303054750658N11951774WA0093500945
B2303064750664N11951786WA0093500945
B2303074750669N11951799WA0093500945
B2303084750674N11951813WA0093600945
B2303094750677N11951828WA0093700946
B2303104750679N11951843WA0093800946
B2303114750680N11951858WA0093900946
B2303124750681N11951873WA0093900946
B2303134750680N11951887WA0093900945
B2303144750677N11951902WA0093900945
B2303154750674N11951916WA0093900945
B2303164750670N11951930WA0093900945
B2303174750666N11951943WA0093900945
B2303184750661N11951956WA0093900945
B2303194750656N11951969WA0093900945
B2303204750652N11951982WA0093900944
B2303214750648N11951995WA0093800943
B2303224750644N11952009WA0093900943
B2303234750640N11952023WA0093800942
B2303244750638N11952037WA0093800942
B2303254750636N11952052WA0093700941
B2303264750635N11952067WA0093600940
B2303274750633N11952082WA0093500940
B2303284750632N11952097WA0093500940
B2303294750631N11952113WA0093400938
B2303304750630N11952129WA0093300937
B2303314750628N11952145WA0093200936
B2303324750627N11952161WA0093100936
B2303334750625N11952177WA0093000935
B2303344750624N11952193WA0092900933
B2303354750623N11952209WA0092700931
B2303364750623N11952225WA0092400930
B2303374750623N11952241WA0092100930
B2303384750624N11952257WA0092000928
B2303394750626N11952273WA0091900926
B2303404750630N11952287WA0091700923
B2303414750636N11952301WA0091400921
B2303424750642N11952313WA0091200917
B2303434750649N11952324WA0090900915
B2303444750657N11952333WA0090800912
B2303454750665N11952341WA0090500909
B2303464750673N11952348WA0090300906
B2303474750681N11952355WA0090000904
B2303484750689N11952363WA0089900902
B2303494750696N11952373WA0089600899
B2303504750703N11952383WA0089500898
B2303514750709N11952395WA0089200895
B2303524750713N11952408WA0089000893
B2303534750717N11952421WA0088900891
B2303544750720N11952435WA0088700889
B2303554750721N11952449WA0088500887
B2303564750722N11952463WA0088300885
B2303574750721N11952478WA0088100883
B2303584750719N11952492WA0088000879
B2303594750716N11952506WA0087700876
B2304004750712N11952519WA0087500874
B2304014750707N11952533WA0087300871
B2304024750703N11952546WA0087100869
B2304034750698N11952559WA0087000866
B2304044750694N11952573WA0086800863
B2304054750690N11952586WA0086500861
B2304064750686N11952601WA0086400858
B2304074750683N11952616WA0086100856
B2304084750681N11952631WA0086000854
B2304094750681N11952647WA0085700851
B2304104750681N11952662WA0085600848
B2304114750681N11952677WA0085300844
B2304124750681N11952692WA0085100841
B2304134750681N11952706WA0084900837
B2304144750680N11952721WA0084700836
B2304154750678N11952736WA0084500834
B2304164750675N11952750WA0084300834
B2304174750670N11952764WA0084100834
B2304184750666N11952777WA0084000832
B2304194750660N11952790WA0083700830
B2304204750653N11952801WA0083600828
B2304214750645N11952811WA0083300826
B2304224750636N11952821WA0083300823
B2304234750628N11952830WA0083000820
B2304244750618N11952838WA0082900817
B2304254750609N11952846WA0082700815
B2304264750599N11952854WA0082500813
B2304274750589N11952863WA0082300812
B2304284750579N11952871WA0082200810
B2304294750570N11952879WA0081900808
B2304304750560N11952888WA0081800806
B2304314750550N11952897WA0081500803
B2304324750541N11952907WA0081400802
B2304334750533N11952918WA0081100798
B2304344750525N11952930WA0080900794
B2304354750517N11952943WA0080600794
B2304364750510N11952957WA0080500793
B2304374750503N11952972WA0080300791
B2304384750497N11952987WA0080100789
B2304394750491N11953002WA0079900787
B2304404750484N11953016WA0079700785
B2304414750478N11953031WA0079400783
B2304424750472N11953046WA0079200781
B2304434750466N11953061WA0078800779
B2304444750461N11953076WA0078700777
B2304454750457N11953092WA0078500774
B2304464750453N11953108WA0078300773
B2304474750451N11953125WA0078000771
B2304484750449N11953143WA0077800770
B2304494750448N11953160WA0077600769
B2304504750447N11953178WA0077500767
B2304514750447N11953196WA0077200765
B2304524750446N11953214WA0077000763
B2304534750446N11953232WA0076800762
B2304544750445N11953249WA0076600760
B2304554750443N11953267WA0076300758
B2304564750441N11953285WA0076100756
B2304574750439N11953302WA0075900754
B2304584750436N11953320WA0075700750
B2304594750433N11953337WA0075400748
B2305004750430N11953355WA0075300744
B2305014750426N11953373WA0074900740
B2305024750423N11953390WA0074700737
B2305034750420N11953408WA0074400734
B2305044750417N11953426WA0074300731
B2305054750413N11953443WA0074000727
B2305064750410N11953461WA0073800724
B2305074750407N11953479WA0073600721
B2305084750403N11953497WA0073400718
B2305094750398N11953514WA0073200715
B2305104750392N11953531WA0073000712
B2305114750385N11953548WA0072800710
B2305124750377N11953564WA0072700708
B2305134750368N11953579WA0072600707
B2305144750359N11953593WA0072500705
B2305154750348N11953606WA0072300703
B2305164750337N11953618WA0072200704
B2305174750327N11953630WA0072000703
B2305184750316N11953642WA0072000702
B2305194750305N11953654WA0071900702
B2305204750295N11953666WA0071800701
B2305214750285N11953679WA0071600700
B2305224750275N11953692WA0071500699
B2305234750264N11953705WA0071300699
B2305244750254N11953719WA0071200699
B2305254750244N11953733WA0071100698
B2305264750235N11953746WA0071000697
B2305274750225N11953760WA0070800696
B2305284750215N11953774WA0070600695
B2305294750205N11953788WA0070400694
B2305304750195N11953802WA0070300692
B2305314750185N11953816WA0070100692
B2305324750175N11953830WA0070000691
B2305334750165N11953844WA0069800690
B2305344750156N11953859WA0069700689
B2305354750146N11953872WA0069500688
B2305364750137N11953886WA0069400687
B2305374750127N11953900WA0069200686
B2305384750118N11953913WA0069100685
B2305394750109N11953926WA0068900683
B2305404750101N11953938WA0068800682
B2305414750093N11953949WA0068600681
B2305424750085N11953960WA0068500679
B2305434750078N11953970WA0068300678
B2305444750070N11953978WA0068200677
B2305454750062N11953985WA0068000676
B2305464750053N11953991WA0067900675
B2305474750044N11953995WA0067800673
B2305484750034N11953997WA0067600672
B2305494750025N11953998WA0067400671
B2305504750014N11953999WA0067300669
B2305514750004N11953999WA0067200667
B2305524749994N11953998WA0067000665
B2305534749983N11953998WA0066900663
B2305544749973N11953998WA0066700661
B2305554749962N11953998WA0066500659
B2305564749951N11953998WA0066400657
B2305574749941N11953999WA0066200655
B2305584749930N11954001WA0066100652
B2305594749920N11954006WA0065800649
B2306004749911N11954012WA0065600647
B2306014749902N11954020WA0065400646
B2306024749894N11954031WA0065300644
B2306034749886N11954043WA0065000642
B2306044749880N11954056WA0064800640
B2306054749874N11954069WA0064700638
B2306064749868N11954083WA0064500636
B2306074749862N11954097WA0064300633
B2306084749856N11954110WA0064100632
B2306094749850N11954124WA0063900630
B2306104749844N11954138WA0063800628
B2306114749838N11954152WA0063500626
B2306124749832N11954165WA0063400624
B2306134749826N11954179WA0063100623
B2306144749820N11954193WA0063100623
B2306154749814N11954206WA0062900620
B2306164749809N11954220WA0062800619
B2306174749804N11954234WA0062600618
B2306184749800N11954249WA0062400616
B2306194749798N11954265WA0062300614
B2306204749797N11954281WA0062200613
B2306214749797N11954297WA0062000613
B2306224749797N11954314WA0061900613
B2306234749797N11954331WA0061700613
B2306244749798N11954347WA0061600613
B2306254749798N11954363WA0061500611
B2306264749798N11954379WA0061400610
B2306274749799N11954395WA0061300608
B2306284749799N11954411WA0061200607
B2306294749799N11954427WA0061000606
B2306304749800N11954442WA0060900605
B2306314749800N11954458WA0060800604
B2306324749801N11954473WA0060800602
B2306334749803N11954488WA0060600602
B2306344749804N11954504WA0060500600
B2306354749807N11954519WA0060300601
B2306364749809N11954534WA0060200599
B2306374749812N11954549WA0060100598
B2306384749815N11954565WA0060000598
B2306394749818N11954580WA0059900596
B2306404749821N11954595WA0059800595
B2306414749823N11954611WA0059600593
B2306424749825N11954626WA0059500592
B2306434749827N11954642WA0059300591
B2306444749829N11954658WA0059300590
B2306454749831N11954674WA0059100589
B2306464749832N11954690WA0059000587
B2306474749834N11954706WA0058900585
B2306484749836N11954722WA0058800583
B2306494749837N11954738WA0058600581
B2306504749839N11954754WA0058600579
B2306514749841N11954770WA0058400577
B2306524749843N11954786WA0058200576
B2306534749845N11954802WA0058000574
B2306544749848N11954818WA0057900572
B2306554749851N11954833WA0057800570
B2306564749856N11954848WA0057700569
B2306574749861N11954862WA0057500567
B2306584749867N11954876WA0057400565
B2306594749872N11954890WA0057200565
B2307004749878N11954903WA0057100563
B2307014749884N11954917WA0057000561
B2307024749889N11954930WA0057000560
B2307034749895N11954944WA0056800559
B2307044749901N11954957WA0056700558
B2307054749906N11954970WA0056700557
B2307064749911N11954984WA0056500555
B2307074749915N11954997WA0056400554
B2307084749920N11955011WA0056400553
B2307094749924N11955025WA0056300551
B2307104749928N11955039WA0056200550
B2307114749932N11955052WA0056100548
B2307124749936N11955066WA0056000547
B2307134749940N11955080WA0055900546
B2307144749944N11955094WA0055800544
B2307154749948N11955108WA0055700543
B2307164749951N11955122WA0055600541
B2307174749955N11955136WA0055400539
B2307184749959N11955149WA0055200538
B2307194749963N11955163WA0055100536
B2307204749967N11955177WA0054900534
B2307214749971N11955191WA0054800531
B2307224749975N11955205WA0054700530
B2307234749978N11955219WA0054500529
B2307244749982N11955233WA0054300527
B2307254749985N11955247WA0054200525
B2307264749987N11955261WA0054000523
B2307274749988N11955276WA0053800521
B2307284749989N11955291WA0053600519
B2307294749990N11955306WA0053400517
B2307304749991N11955321WA0053300516
B2307314749991N11955335WA0053000514
B2307324749992N11955350WA0052900513
B2307334749992N11955364WA0052800513
B2307344749993N11955379WA0052600512
B2307354749994N11955394WA0052400512
B2307364749995N11955410WA0052300510
B2307374749996N11955425WA0052100509
B2307384749997N11955441WA0052000507
B2307394749997N11955456WA0051800506
B2307404749999N11955472WA0051700504
B2307414750000N11955486WA0051500503
B2307424750003N11955502WA0051400501
B2307434750006N11955517WA0051300500
B2307444750009N11955532WA0051200499
B2307454750014N11955546WA0050900499
B2307464750019N11955560WA0050800498
B2307474750025N11955574WA0050700496
B2307484750031N11955588WA0050600494
B2307494750037N11955602WA0050400492
B2307504750043N11955616WA0050300490
B2307514750050N11955630WA0050000488
B2307524750056N11955644WA0050000487
B2307534750062N11955658WA0049800486
B2307544750068N11955672WA0049600484
B2307554750074N11955686WA0049400482
B2307564750080N11955699WA0049300480
B2307574750086N11955713WA0049200478
B2307584750092N11955727WA0049000476
B2307594750098N11955741WA0048700474
B2308004750104N11955755WA0048600472
B2308014750110N11955769WA0048500470
B2308024750116N11955783WA0048300468
B2308034750122N11955796WA0048000465
B2308044750128N11955810WA0047900463
B2308054750133N11955823WA0047600461
B2308064750139N11955837WA0047400459
B2308074750145N11955850WA0047200457
B2308084750150N11955863WA0047000454
B2308094750156N11955876WA0046700452
B2308104750161N11955889WA0046600450
B2308114750167N11955901WA0046500448
B2308124750172N11955914WA0046300446
B2308134750177N11955927WA0046000444
B2308144750181N11955941WA0045900442
B2308154750185N11955955WA0045700439
B2308164750188N11955969WA0045600437
B2308174750191N11955984WA0045300435
B2308184750193N11955999WA0045300433
B2308194750193N11956014WA0045000431
B2308204750194N11956030WA0044900428
B2308214750194N11956046WA0044700426
B2308224750193N11956062WA0044600423
B2308234750193N11956078WA0044400421
B2308244750192N11956094WA0044200419
B2308254750192N11956111WA0043900417
B2308264750191N11956128WA0043800414
B2308274750191N11956145WA0043500411
B2308284750190N11956161WA0043300409
B2308294750190N11956178WA0043000407
B2308304750189N11956195WA0042800404
B2308314750190N11956212WA0042600403
B2308324750191N11956228WA0042400400
B2308334750192N11956245WA0042100398
B2308344750195N11956261WA0042000396
B2308354750198N11956276WA0041500393
B2308364750203N11956291WA0041300391
B2308374750208N11956306WA0041100387
B2308384750213N11956320WA0040900384
B2308394750218N11956334WA0040600381
B2308404750223N11956348WA0040400378
B2308414750228N11956361WA0040100375
B2308424750233N11956375WA0040000373
B2308434750237N11956388WA0039700371
B2308444750242N11956402WA0039500368
B2308454750245N11956415WA0039400366
B2308464750248N11956430WA0039200364
B2308474750250N11956444WA0039000362
B2308484750252N11956459WA0038900360
B2308494750253N11956474WA0038700359
B2308504750253N11956489WA0038700358
B2308514750252N11956504WA0038500356
B2308524750251N11956518WA0038400355
B2308534750250N11956533WA0038300355
B2308544750249N11956548WA0038200355
B2308554750248N11956562WA0038100354
B2308564750247N11956576WA0038100354
B2308574750245N11956590WA0038000353
B2308584750244N11956605WA0037800352
B2308594750242N11956619WA0037700352
B2309004750240N11956632WA0037600351
B2309014750238N11956646WA0037500350
B2309024750235N11956659WA0037500349
B2309034750231N11956672WA0037300348
B2309044750227N11956685WA0037200349
B2309054750223N11956697WA0037100348
B2309064750218N11956708WA0037000347
B2309074750212N11956719WA0036800346
B2309084750206N11956728WA0036800344
B2309094750200N11956737WA0036600342
B2309104750193N11956746WA0036500340
B2309114750186N11956754WA0036400339
B2309124750178N11956762WA0036300338
B2309134750170N11956769WA0036200337
B2309144750162N11956776WA0036100336
B2309154750154N11956782WA0035900334
B2309164750146N11956788WA0035900333
B2309174750138N11956794WA0035700332
B2309184750130N11956800WA0035600330
B2309194750121N11956806WA0035500329
B2309204750113N11956813WA0035400328
B2309214750105N11956819WA0035200326
B2309224750097N11956825WA0035000325
B2309234750088N11956831WA0034900324
B2309244750080N11956837WA0034800322
B2309254750072N11956844WA0034600321
B2309264750064N11956850WA0034400319
B2309274750056N11956856WA0034300318
B2309284750047N11956863WA0034100316
B2309294750039N11956870WA0033900315
B2309304750031N11956876WA0033800313
B2309314750023N11956884WA0033700312
B2309324750015N11956891WA0033500310
B2309334750008N11956900WA0033200308
B2309344750001N11956910WA0033100306
B2309354749995N11956922WA0033000304
B2309364749990N11956934WA0032800302
B2309374749986N11956947WA0032500300
B2309384749982N11956960WA0032400298
B2309394749980N11956974WA0032100295
B2309404749979N11956989WA0031900294
B2309414749978N11957004WA0031700292
B2309424749978N11957018WA0031500289
B2309434749979N11957033WA0031300287
B2309444749980N11957047WA0031100286
B2309454749983N11957060WA0030800285
B2309464749988N11957071WA0030700284
B2309474749993N11957081WA0030600282
B2309484750000N11957089WA0030500280
B2309494750007N11957097WA0030400278
B2309504750013N11957104WA0030300277
B2309514750019N11957112WA0030200276
B2309524750024N11957121WA0030100276
B2309534750029N11957132WA0030100275
B2309544750032N11957142WA0030100274
B2309554750034N11957154WA0030000273
B2309564750035N11957166WA0030000272
B2309574750034N11957178WA0030000272
B2309584750032N11957190WA0029900271
B2309594750030N11957200WA0029800270
B2310004750026N11957211WA0029800269
B2310014750020N11957221WA0029700269
B2310024750014N11957229WA0029700268
B2310034750008N11957237WA0029600265
B2310044750000N11957244WA0029600265
B2310054749993N11957252WA0029500264
B2310064749985N11957259WA0029500264
B2310074749977N11957267WA0029500263
B2310084749969N11957275WA0029500263
B2310094749960N11957283WA0029500262
B2310104749952N11957291WA0029500262
B2310114749943N11957299WA0029500261
B2310124749934N11957307WA0029500260
B2310134749925N11957316WA0029500260
B2310144749916N11957324WA0029500260
B2310154749907N11957332WA0029500261
B2310164749897N11957340WA0029500261
B2310174749888N11957347WA0029500261
B2310184749879N11957355WA0029500262
B2310194749869N11957362WA0029500262
B2310204749860N11957369WA0029500262
B2310214749851N11957376WA0029500262
B2310224749841N11957384WA0029500262
B2310234749832N11957391WA0029500262
B2310244749822N11957398WA0029500263
B2310254749813N11957406WA0029500263
B2310264749803N11957413WA0029500263
B2310274749793N11957421WA0029500264
B2310284749784N11957429WA0029500264
B2310294749774N11957437WA0029500264
B2310304749764N11957445WA0029500265
B2310314749754N11957453WA0029500265
B2310324749745N11957462WA0029600265
B2310334749735N11957470WA0029600265
B2310344749725N11957478WA0029600265
B2310354749716N11957486WA0029600266
B2310364749706N11957494WA0029600266
B2310374749697N11957502WA0029600266
B2310384749687N11957511WA0029600266
B2310394749677N11957519WA0029600265
B2310404749668N11957527WA0029500265
B2310414749659N11957535WA0029500264
B2310424749650N11957544WA0029400263
B2310434749642N11957554WA0029200262
B2310444749634N11957565WA0029100261
B2310454749626N11957576WA0028900260
B2310464749620N11957588WA0028900259
B2310474749613N11957602WA0028800258
B2310484749607N11957615WA0028600256
B2310494749602N11957630WA0028400255
B2310504749598N11957644WA0028300253
B2310514749593N11957659WA0028200252
B2310524749589N11957674WA0028100250
B2310534749585N11957689WA0027800248
B2310544749580N11957703WA0027700245
B2310554749574N11957717WA0027500243
B2310564749567N11957730WA0027300242
B2310574749559N11957742WA0027200241
B2310584749550N11957752WA0027200239
B2310594749541N11957761WA0027100237
B2311004749532N11957769WA0027100235
B2311014749522N11957777WA0027000235
B2311024749511N11957783WA0026900235
B2311034749501N11957790WA0026900235
B2311044749490N11957797WA0026900234
B2311054749480N11957803WA0026800233
B2311064749469N11957810WA0026800232
B2311074749459N11957817WA0026800232
B2311084749448N11957824WA0026800230
B2311094749437N11957830WA0026800229
B2311104749426N11957837WA0026800229
B2311114749415N11957844WA0026800228
B2311124749404N11957850WA0026700227
B2311134749393N11957857WA0026700227
B2311144749382N11957864WA0026700227
B2311154749371N11957871WA0026600227
B2311164749360N11957878WA0026600225
B2311174749349N11957885WA0026600225
B2311184749338N11957892WA0026600224
B2311194749326N11957899WA0026600223
B2311204749315N11957904WA0026600224
B2311214749304N11957909WA0026600219
B2311224749293N11957913WA0026600215
B2311234749282N11957918WA0026600210
B2311244749270N11957923WA0026600207
B2311254749259N11957928WA0026500205
B2311264749248N11957934WA0026500201
B2311274749236N11957940WA0026400200
B2311284749225N11957946WA0026300199
B2311294749213N11957952WA0026300198
B2311304749202N11957958WA0026300197
B2311314749190N11957964WA0026200197
B2311324749178N11957971WA0026200197
B2311334749166N11957976WA0026200197
B2311344749154N11957982WA0026200199
B2311354749142N11957988WA0026200200
B2311364749130N11957993WA0026200198
B2311374749118N11957999WA0026200199
B2311384749107N11958005WA0026200201
B2311394749095N11958010WA0026200203
B2311404749084N11958016WA0026200203
B2311414749073N11958021WA0026200204
B2311424749062N11958026WA0026200206
B2311434749051N11958031WA0026300208
B2311444749040N11958036WA0026200212
B2311454749029N11958039WA0026200216
B2311464749019N11958042WA0026200217
B2311474749009N11958045WA0026200218
B2311484748999N11958048WA0026200219
B2311494748989N11958052WA0026100219
B2311504748979N11958056WA0026100220
B2311514748969N11958061WA0026100221
B2311524748960N11958068WA0026000223
B2311534748951N11958076WA0026000223
B2311544748943N11958085WA0026000224
B2311554748935N11958095WA0026000224
B2311564748928N11958105WA0026000224
B2311574748920N11958115WA0026000224
B2311584748913N11958124WA0026000224
B2311594748905N11958134WA0026100224
B2312004748897N11958143WA0026100224
B2312014748889N11958151WA0026100224
B2312024748881N11958159WA0026100223
B2312034748872N11958166WA0026100224
B2312044748863N11958174WA0026100224
B2312054748855N11958181WA0026100224
B2312064748846N11958188WA0026000224
B2312074748837N11958195WA0026100224
B2312084748828N11958202WA0026100225
B2312094748819N11958207WA0026100226
B2312104748810N11958212WA0026200225
B2312114748801N11958216WA0026200225
B2312124748792N11958219WA0026200225
B2312134748783N11958221WA0026300226
B2312144748774N11958223WA0026300229
B2312154748765N11958223WA0026500230
B2312164748756N11958222WA0026500230
B2312174748747N11958221WA0026600231
B2312184748738N11958219WA0026600232
B2312194748729N11958217WA0026700233
B2312204748720N11958215WA0026800234
B2312214748711N11958213WA0026800234
B2312224748702N11958211WA0026900235
B2312234748693N11958209WA0026900236
B2312244748684N11958206WA0026900236
B2312254748675N11958204WA0026900235
B2312264748667N11958201WA0026900235
B2312274748658N11958199WA0026900235
B2312284748651N11958198WA0026800234
B2312294748643N11958197WA0026700234
B2312304748637N11958199WA0026600232
B2312314748631N11958203WA0026600232
B2312324748627N11958208WA0026600231
B2312334748625N11958214WA0026500231
B2312344748624N11958221WA0026400230
B2312354748624N11958225WA0026400231
B2312364748625N11958228WA0026300231
B2312374748625N11958229WA0026200230
B2312384748625N11958230WA0026200229
B2312394748625N11958230WA0026300229
B2312404748625N11958230WA0026200229
B2312414748625N11958230WA0026300230
B2312424748625N11958230WA0026300229
B2312434748625N11958230WA0026200229
B2312444748625N11958230WA0026200229
B2312454748625N11958230WA0026200229
B2312464748625N11958230WA0026200228
B2312474748625N11958230WA0026200228
B2312484748625N11958230WA0026200229
B2312494748625N11958230WA0026200228
B2312504748625N11958230WA0026200228
B2312514748625N11958231WA0026200228
B2312524748626N11958231WA0026200228
B2312534748626N11958231WA0026200228
B2312544748626N11958231WA0026200228
B2312554748626N11958231WA0026200228
B2312564748626N11958231WA0026200228
B2312574748626N11958232WA0026200228
B2312584748626N11958232WA0026200228
B2312594748626N11958232WA0026200228
B2313004748626N11958233WA0026200228
B2313014748627N11958234WA0026300228
B2313024748628N11958235WA0026300228
B2313034748630N11958237WA0026300228
B2313044748633N11958239WA0026300228
B2313054748636N11958240WA0026300229
B2313064748640N11958242WA0026300228
B2313074748645N11958244WA0026300228
B2313084748651N11958246WA0026300228
B2313094748657N11958248WA0026300228
B2313104748664N11958251WA0026300227
B2313114748671N11958253WA0026400227
B2313124748679N11958257WA0026300227
B2313134748687N11958261WA0026300227
B2313144748695N11958266WA0026300227
B2313154748704N11958271WA0026400227
B2313164748713N11958277WA0026400227
B2313174748721N11958283WA0026400227
B2313184748730N11958289WA0026500227
B2313194748740N11958295WA0026500226
B2313204748749N11958301WA0026500226
B2313214748758N11958308WA0026600227
B2313224748768N11958314WA0026600228
B2313234748778N11958321WA0026600228
B2313244748787N11958327WA0026600229
B2313254748797N11958333WA0026600230
B2313264748806N11958340WA0026700232
B2313274748816N11958346WA0026700233
B2313284748826N11958352WA0026800234
B2313294748835N11958359WA0026800235
B2313304748845N11958365WA0026800237
B2313314748855N11958371WA0026800238
B2313324748865N11958378WA0026800238
B2313334748875N11958385WA0026900237
B2313344748885N11958391WA0026800238
B2313354748895N11958398WA0026800237
B2313364748905N11958404WA0026800237
B2313374748914N11958410WA0026800236
B2313384748924N11958417WA0026700236
B2313394748934N11958423WA0026700236
B2313404748944N11958429WA0026600235
B2313414748954N11958436WA0026600235
B2313424748963N11958442WA0026600235
B2313434748973N11958448WA0026500234
B2313444748982N11958454WA0026500234
B2313454748991N11958460WA0026400233
B2313464748999N11958465WA0026400233
B2313474749007N11958470WA0026300233
B2313484749015N11958474WA0026200233
B2313494749021N11958477WA0026200234
B2313504749027N11958479WA0026100234
B2313514749031N11958481WA0026100234
B2313524749035N11958482WA0026000234
B2313534749036N11958483WA0026000234
B2313544749037N11958483WA0026000233
B2313554749037N11958483WA0026000233
B2313564749038N11958484WA0026000233
B2313574749039N11958484WA0026000234
B2313584749040N11958486WA0026000233
B2313594749041N11958488WA0026000234
B2314004749041N11958492WA0026000233
B2314014749041N11958496WA0026100233
B2314024749039N11958500WA0026100233
B2314034749037N11958504WA0026100232
B2314044749035N11958509WA0026200231
B2314054749032N11958515WA0026100231
B2314064749029N11958522WA0026200230
B2314074749027N11958530WA0026200230
B2314084749024N11958537WA0026100230
B2314094749021N11958546WA0026100230
B2314104749019N11958555WA0026200229
B2314114749017N11958564WA0026100228
B2314124749017N11958575WA0026000227
B2314134749017N11958586WA0026000226
B2314144749019N11958597WA0026000225
B2314154749020N11958608WA0026000225
B2314164749022N11958619WA0026000225
B2314174749024N11958630WA0026000224
B2314184749026N11958640WA0026000225
B2314194749027N11958649WA0026000225
B2314204749028N11958658WA0026000225
B2314214749028N11958667WA0026000226
B2314224749028N11958675WA0026000226
B2314234749027N11958684WA0026000227
B2314244749025N11958693WA0026000228
B2314254749022N11958701WA0026000228
B2314264749018N11958709WA0026000227
B2314274749013N11958716WA0026100226
B2314284749007N11958722WA0026100227
B2314294749001N11958727WA0026100227
B2314304748994N11958732WA0026200228
B2314314748988N11958737WA0026200228
B2314324748980N11958742WA0026300229
B2314334748973N11958748WA0026300229
B2314344748965N11958753WA0026400231
B2314354748957N11958759WA0026400231
B2314364748949N11958764WA0026500231
B2314374748941N11958770WA0026500232
B2314384748933N11958776WA0026600232
B2314394748924N11958782WA0026600232
B2314404748916N11958788WA0026600232
B2314414748907N11958794WA0026600232
B2314424748898N11958800WA0026600233
B2314434748890N11958806WA0026700233
B2314444748881N11958812WA0026800233
B2314454748873N11958818WA0026800234
B2314464748865N11958823WA0026800234
B2314474748857N11958828WA0026800235
B2314484748850N11958833WA0026800235
B2314494748843N11958838WA0026800236
B2314504748837N11958842WA0026800237
B2314514748831N11958846WA0026800237
B2314524748826N11958848WA0026800236
B2314534748822N11958847WA0026800237
B2314544748818N11958845WA0026900236
B2314554748815N11958840WA0026900237
B2314564748813N11958835WA0026900237
B2314574748810N11958830WA0026800236
B2314584748806N11958826WA0026800236
B2314594748802N11958823WA0026800236
B2315004748797N11958822WA0026800234
B2315014748791N11958824WA0026700232
B2315024748785N11958827WA0026700231
B2315034748778N11958830WA0026700230
B2315044748771N11958833WA0026700231
B2315054748763N11958837WA0026600230
B2315064748755N11958841WA0026600230
B2315074748747N11958845WA0026600230
B2315084748739N11958848WA0026600229
B2315094748730N11958853WA0026500227
B2315104748721N11958857WA0026500226
B2315114748712N11958861WA0026500226
B2315124748703N11958865WA0026400226
B2315134748694N11958869WA0026400226
B2315144748685N11958874WA0026400226
B2315154748675N11958879WA0026400227
B2315164748666N11958884WA0026400227
B2315174748657N11958889WA0026400227
B2315184748648N11958894WA0026400227
B2315194748639N11958899WA0026400227
B2315204748630N11958903WA0026400226
B2315214748620N11958908WA0026400226
B2315224748611N11958912WA0026400226
B2315234748602N11958916WA0026300225
B2315244748592N11958920WA0026300226
B2315254748583N11958923WA0026300226
B2315264748574N11958925WA0026300226
B2315274748564N11958926WA0026200226
B2315284748555N11958928WA0026200225
B2315294748545N11958931WA0026100224
B2315304748535N11958934WA0026100224
B2315314748525N11958938WA0026000224
B2315324748515N11958943WA0026000225
B2315334748504N11958948WA0026000225
B2315344748494N11958953WA0025900225
B2315354748484N11958957WA0025900226
B2315364748474N11958963WA0025800227
B2315374748463N11958968WA0025800227
B2315384748453N11958973WA0025800227
B2315394748443N11958978WA0025800226
B2315404748433N11958984WA0025700227
B2315414748423N11958989WA0025700226
B2315424748412N11958995WA0025800226
B2315434748402N11959000WA0025700226
B2315444748391N11959006WA0025800226
B2315454748380N11959011WA0025800227
B2315464748370N11959017WA0025800228
B2315474748359N11959022WA0025800228
B2315484748348N11959027WA0025800229
B2315494748337N11959033WA0025800230
B2315504748327N11959039WA0025800231
B2315514748316N11959044WA0025800231
B2315524748305N11959050WA0025800231
B2315534748294N11959056WA0025900232
B2315544748282N11959062WA0025900232
B2315554748271N11959067WA0025900233
B2315564748260N11959073WA0025900234
B2315574748249N11959078WA0026000234
B2315584748238N11959084WA0025900235
B2315594748227N11959089WA0025900235
B2316004748216N11959094WA0025900236
B2316014748205N11959099WA0026000237
B2316024748195N11959104WA0025900238
B2316034748184N11959108WA0026000238
B2316044748173N11959113WA0026000239
B2316054748163N11959117WA0026000241
B2316064748152N11959122WA0026000243
B2316074748143N11959126WA0026000245
B2316084748133N11959131WA0026100245
B2316094748125N11959135WA0026100245
B2316104748116N11959139WA0026100245
B2316114748108N11959143WA0026100245
B2316124748101N11959147WA0026100246
B2316134748094N11959151WA0026000245
B2316144748088N11959154WA0026000245
B2316154748083N11959157WA0026000245
B2316164748079N11959159WA0026000247
B2316174748075N11959160WA0025900246
B2316184748072N11959160WA0025900245
B2316194748069N11959159WA0025800244
B2316204748067N11959157WA0025800242
B2316214748065N11959153WA0025800240
B2316224748063N11959150WA0025800240
B2316234748062N11959146WA0025800239
B2316244748061N11959142WA0025800239
B2316254748060N11959137WA0025800239
B2316264748058N11959132WA0025800237
B2316274748057N11959128WA0025800237
B2316284748056N11959122WA0025700235
B2316294748055N11959116WA0025700234
B2316304748053N11959110WA0025700233
B2316314748051N11959103WA0025500232
B2316324748050N11959096WA0025500230
B2316334748048N11959090WA0025400229
B2316344748047N11959084WA0025400228
B2316354748046N11959079WA0025400228
B2316364748045N11959075WA0025400227
B2316374748043N11959073WA0025400227
B2316384748041N11959071WA0025400228
B2316394748039N11959070WA0025400228
B2316404748036N11959070WA0025400227
B2316414748033N11959071WA0025500226
B2316424748030N11959073WA0025500225
B2316434748026N11959075WA0025500224
B2316444748021N11959078WA0025500224
B2316454748017N11959081WA0025500224
B2316464748012N11959083WA0025500225
B2316474748008N11959086WA0025500225
B2316484748003N11959089WA0025500224
B2316494747999N11959092WA0025500223
B2316504747994N11959095WA0025600223
B2316514747990N11959098WA0025500222
B2316524747985N11959101WA0025500222
B2316534747980N11959103WA0025500222
B2316544747976N11959106WA0025500222
B2316554747971N11959109WA0025500222
B2316564747966N11959112WA0025500222
B2316574747962N11959115WA0025500222
B2316584747958N11959117WA0025500222
B2316594747953N11959119WA0025500222
B2317004747949N11959122WA0025500222
B2317014747945N11959125WA0025500222
B2317024747941N11959128WA0025500221
B2317034747937N11959130WA0025500220
B2317044747933N11959132WA0025500221
B2317054747929N11959135WA0025500222
B2317064747925N11959138WA0025500221
B2317074747922N11959139WA0025500219
B2317084747919N11959141WA0025500219
B2317094747915N11959144WA0025500218
B2317104747912N11959146WA0025500217
B2317114747909N11959148WA0025500216
B2317124747906N11959150WA0025500216
B2317134747903N11959151WA0025500216
B2317144747900N11959150WA0025500215
B2317154747898N11959149WA0025400215
B2317164747896N11959145WA0025500215
B2317174747895N11959142WA0025400215
B2317184747894N11959138WA0025400216
B2317194747891N11959135WA0025400215
B2317204747889N11959132WA0025400216
B2317214747886N11959132WA0025300216
B2317224747884N11959133WA0025300216
B2317234747883N11959134WA0025200216
B2317244747882N11959135WA0025200217
B2317254747881N11959137WA0025300216
B2317264747880N11959138WA0025200215
B2317274747879N11959139WA0025200215
B2317284747877N11959140WA0025200214
B2317294747876N11959141WA0025200214
B2317304747874N11959142WA0025200214
B2317314747873N11959141WA0025200213
B2317324747871N11959140WA0025200212
B2317334747870N11959138WA0025200212
B2317344747870N11959136WA0025200212
B2317354747869N11959134WA0025100212
B2317364747869N11959133WA0025100213
B2317374747869N11959131WA0025100213
B2317384747870N11959131WA0025100213
B2317394747870N11959130WA0025100213
B2317404747870N11959130WA0025100214
B2317414747870N11959130WA0025100214
B2317424747870N11959130WA0025100214
B2317434747870N11959130WA0025100214
B2317444747870N11959130WA0025000215
B2317454747869N11959130WA0025100216
B2317464747869N11959129WA0025100216
B2317474747869N11959129WA0025100217
B2317484747869N11959129WA0025100217
B2317494747869N11959130WA0025100218
B2317504747869N11959130WA0025100217
B2317514747869N11959131WA0025100218
B2317524747869N11959131WA0025100217
B2317534747869N11959131WA0025100218
B2317544747869N11959130WA0025000219
B2317554747869N11959130WA0025100219
B2317564747869N11959130WA0025100219
B2317574747869N11959130WA0025100219
B2317584747869N11959130WA0025100219
B2317594747869N11959130WA0025100219
B2318004747869N11959130WA0025100218
B2318014747869N11959130WA0025100219
B2318024747869N11959130WA0025100219
B2318034747869N11959130WA0025100219
B2318044747869N11959130WA0025100220
B2318054747869N11959130WA0025100220
B2318064747869N11959130WA0025100220
B2318074747869N11959130WA0025100220
B2318084747869N11959130WA0025100220
B2318094747869N11959130WA0025100220
B2318104747868N11959130WA0025100220
B2318114747868N11959130WA0025100220
B2318124747869N11959130WA0025100219
B2318134747869N11959130WA0025100220
B2318144747869N11959130WA0025100221
B2318154747869N11959131WA0025100221
B2318164747869N11959131WA0025100222
B2318174747869N11959131WA0025100222
B2318184747869N11959131WA0025100222
B2318194747868N11959131WA0025100223
B2318204747868N11959131WA0025100222
B2318214747868N11959131WA0025100223
B2318224747868N11959131WA0025100222
B2318234747868N11959131WA0025100222
B2318244747868N11959131WA0025100223
B2318254747868N11959131WA0025100223
B2318264747868N11959131WA0025100223
B2318274747869N11959131WA0025100224
B2318284747869N11959131WA0025100224
B2318294747869N11959131WA0025100225
B2318304747868N11959131WA0025100225
B2318314747868N11959131WA0025100224
B2318324747868N11959130WA0025100224
B2318334747868N11959130WA0025100224
B2318344747868N11959130WA0025100224
B2318354747868N11959130WA0025100224
B2318364747868N11959130WA0025100224
B2318374747868N11959131WA0025100224
B2318384747868N11959130WA0025100224
B2318394747868N11959130WA0025100224
B2318404747868N11959130WA0025100224
B2318414747868N11959130WA0025200224
B2318424747868N11959130WA0025100223
B2318434747868N11959130WA0025100222
B2318444747868N11959130WA0025100223
B2318454747867N11959130WA0025100222
B2318464747867N11959129WA0025100221
B2318474747867N11959129WA0025100221
B2318484747867N11959129WA0025100221
B2318494747867N11959129WA0025100221
B2318504747867N11959130WA0025100222
B2318514747867N11959130WA0025100222
B2318524747867N11959130WA0025100222
B2318534747867N11959130WA0025100222
B2318544747868N11959130WA0025100222
B2318554747868N11959130WA0025100222
B2318564747868N11959130WA0025100222
B2318574747868N11959130WA0025100222
B2318584747868N11959130WA0025200221
B2318594747868N11959130WA0025100221
B2319004747868N11959130WA0025100221
B2319014747868N11959130WA0025100222
B2319024747868N11959130WA0025100222
B2319034747868N11959130WA0025200221
B2319044747868N11959130WA0025200222
B2319054747868N11959131WA0025100222
B2319064747868N11959131WA0025100223
B2319074747868N11959131WA0025100223
B2319084747868N11959131WA0025100224
B2319094747868N11959131WA0025100224
B2319104747868N11959131WA0025100224
B2319114747868N11959131WA0025100224
B2319124747868N11959131WA0025100224
B2319134747868N11959131WA0025100224
B2319144747868N11959131WA0025100224
B2319154747868N11959131WA0025100224
B2319164747868N11959131WA0025100224
B2319174747868N11959131WA0025100223
B2319184747867N11959131WA0025200223
B2319194747867N11959131WA0025100223
B2319204747867N11959131WA0025100222
B2319214747867N11959132WA0025100222
B2319224747867N11959132WA0025100222
B2319234747867N11959132WA0025200222
B2319244747867N11959132WA0025100221
B2319254747867N11959132WA0025100221
B2319264747867N11959132WA0025100222
B2319274747867N11959132WA0025100222
B2319284747867N11959132WA0025100222
B2319294747867N11959132WA0025200222
B2319304747867N11959132WA0025100221
B2319314747867N11959132WA0025200221
B2319324747867N11959132WA0025200221
B2319334747867N11959132WA0025200221
B2319344747867N11959132WA0025100222
B2319354747867N11959132WA0025200222
B2319364747867N11959132WA0025200223
B2319374747867N11959132WA0025200223
B2319384747867N11959132WA0025100223
B2319394747867N11959132WA0025100223
B2319404747867N11959132WA0025100222
B2319414747867N11959132WA0025100222
B2319424747867N11959132WA0025200223
B2319434747867N11959132WA0025200223
B2319444747867N11959132WA0025200223
B2319454747867N11959132WA0025200223
B2319464747867N11959132WA0025200223
B2319474747867N11959132WA0025200224
B2319484747867N11959132WA0025200224
B2319494747867N11959132WA0025100224
B2319504747867N11959132WA0025200224
B2319514747867N11959132WA0025200224
B2319524747867N11959132WA0025200224
B2319534747867N11959132WA0025100223
B2319544747867N11959132WA0025100223
B2319554747867N11959132WA0025000223
B2319564747867N11959132WA0025100223
B2319574747867N11959133WA0025400223
B2319584747867N11959133WA0025400223
B2319594747868N11959132WA0025400224
B2320004747868N11959132WA0025400224
B2320014747868N11959132WA0025200224
B2320024747868N11959132WA0025200224
B2320034747868N11959133WA0025200225
B2320044747868N11959133WA0025200225
B2320054747868N11959133WA0025200225
B2320064747868N11959133WA0025200224
B2320074747868N11959133WA0025200225
B2320084747867N11959133WA0025200225
B2320094747868N11959133WA0025200223
B2320104747868N11959133WA0025200223
B2320114747868N11959133WA0025200223
B2320124747868N11959133WA0025200223
B2320134747868N11959133WA0025200224
B2320144747868N11959133WA0025200224
B2320154747868N11959133WA0025200224
B2320164747868N11959133WA0025200224
B2320174747868N11959133WA0025200224
B2320184747868N11959133WA0025200224
B2320194747868N11959133WA0025200224
B2320204747868N11959133WA0025200224
B2320214747868N11959133WA0025200224
B2320224747868N11959133WA0025200224
B2320234747868N11959133WA0025200224
B2320244747868N11959133WA0025200224
B2320254747868N11959133WA0025300224
B2320264747868N11959133WA0025200224
B2320274747868N11959133WA0025200224
B2320284747868N11959133WA0025200224
B2320294747868N11959133WA0025200224
B2320304747868N11959133WA0025200224
B2320314747868N11959133WA0025200224
B2320324747868N11959133WA0025200224
B2320334747868N11959133WA0025200223
B2320344747868N11959133WA0025200223
B2320354747868N11959133WA0025200223
B2320364747868N11959133WA0025200223
B2320374747868N11959133WA0025200223
B2320384747868N11959133WA0025200223
B2320394747868N11959133WA0025200223
B2320404747868N11959133WA0025200223
B2320414747868N11959133WA0025200223
B2320424747868N11959133WA0025200223
B2320434747868N11959133WA0025200223
B2320444747868N11959133WA0025200224
B2320454747868N11959133WA0025200224
B2320464747868N11959134WA0025200224
B2320474747868N11959134WA0025200224
B2320484747868N11959134WA0025200224
B2320494747868N11959134WA0025200224
B2320504747868N11959134WA0025200224
B2320514747868N11959134WA0025200224
B2320524747868N11959134WA0025200224
B2320534747868N11959134WA0025200224
B2320544747868N11959134WA0025200224
B2320554747868N11959134WA0025200224
B2320564747868N11959134WA0025200224
B2320574747867N11959134WA0025200224
B2320584747867N11959134WA0025200224
B2320594747867N11959134WA0025200224
B2321004747867N11959134WA0025200224
B2321014747867N11959134WA0025200224
B2321024747867N11959134WA0025200225
B2321034747867N11959134WA0025200225
B2321044747867N11959134WA0025200225
B2321054747867N11959134WA0025200225
B2321064747867N11959134WA0025200225
B2321074747868N11959134WA0025200225
B2321084747868N11959134WA0025200225
B2321094747868N11959134WA0025200225
B2321104747868N11959134WA0025200225
B2321114747868N11959134WA0025300225
B2321124747868N11959134WA0025200225
B2321134747868N11959134WA0025200224
B2321144747868N11959134WA0025200224
B2321154747868N11959134WA0025200224
B2321164747868N11959134WA0025200224
B2321174747867N11959134WA0025200224
B2321184747867N11959134WA0025200224
B2321194747867N11959134WA0025200224
B2321204747867N11959134WA0025200224
B2321214747867N11959134WA0025200224
B2321224747867N11959134WA0025200223
B2321234747867N11959134WA0025200223
B2321244747867N11959134WA0025200223
B2321254747867N11959134WA0025200223
B2321264747867N11959134WA0025300223
B2321274747867N11959134WA0025200224
B2321284747867N11959134WA0025300224
B2321294747867N11959134WA0025300224
B2321304747867N11959133WA0025200224
B2321314747867N11959133WA0025200224
B2321324747867N11959133WA0025200224
B2321334747867N11959133WA0025200224
B2321344747867N11959133WA0025300224
B2321354747867N11959133WA0025300224
B2321364747867N11959133WA0025300224
B2321374747867N11959133WA0025200224
B2321384747867N11959133WA0025200224
B2321394747867N11959133WA0025200224
B2321404747867N11959133WA0025300225
B2321414747867N11959133WA0025200225
B2321424747867N11959133WA0025300225
B2321434747867N11959133WA0025200225
B2321444747867N11959133WA0025200225
B2321454747867N11959133WA0025200225
B2321464747867N11959133WA0025200225
B2321474747867N11959133WA0025200225
B2321484747867N11959133WA0025200225
B2321494747867N11959133WA0025200225
B2321504747867N11959133WA0025200225
B2321514747867N11959133WA0025200225
B2321524747867N11959133WA0025300225
B2321534747867N11959133WA0025200225
B2321544747867N11959133WA0025200225
B2321554747867N11959133WA0025200225
B2321564747867N11959133WA0025200226
B2321574747867N11959133WA0025200226
B2321584747867N11959133WA0025200226
B2321594747868N11959133WA0025200226
B2322004747868N11959133WA0025200226
B2322014747868N11959133WA0025200226
B2322024747868N11959133WA0025200226
B2322034747868N11959133WA0025200226
B2322044747868N11959133WA0025200226
B2322054747868N11959133WA0025200226
B2322064747868N11959133WA0025200226
B2322074747868N11959133WA0025200226
B2322084747868N11959133WA0025200225
B2322094747868N11959133WA0025200225
B2322104747868N11959133WA0025300224
B2322114747868N11959133WA0025300224
B2322124747868N11959133WA0025200224
B2322134747868N11959133WA0025300223
B2322144747868N11959133WA0025300223
B2322154747868N11959133WA0025300222
B2322164747868N11959133WA0025200222
B2322174747868N11959133WA0025300222
B2322184747868N11959133WA0025300221
B2322194747868N11959133WA0025300221
B2322204747868N11959133WA0025200220
B2322214747869N11959133WA0025300220
B2322224747869N11959132WA0025200220
B2322234747869N11959132WA0025200219
B2322244747869N11959132WA0025200219
B2322254747869N11959132WA0025200219
B2322264747869N11959132WA0025300219
B2322274747869N11959132WA0025200219
B2322284747869N11959132WA0025200218
B2322294747869N11959132WA0025300218
B2322304747869N11959132WA0025300218
B2322314747869N11959132WA0025300218
B2322324747870N11959133WA0025300218
B2322334747870N11959133WA0025300218
B2322344747870N11959133WA0025300218
B2322354747870N11959133WA0025300218
B2322364747870N11959133WA0025300218
B2322374747870N11959133WA0025300218
B2322384747870N11959133WA0025300218
B2322394747870N11959133WA0025300218
B2322404747870N11959133WA0025300218
B2322414747870N11959133WA0025300217
B2322424747870N11959132WA0025300217
B2322434747870N11959132WA0025200217
B2322444747870N11959132WA0025300216
B2322454747870N11959132WA0025300216
B2322464747870N11959132WA0025200216
B2322474747870N11959132WA0025300216
B2322484747870N11959132WA0025200216
B2322494747870N11959132WA0025200215
B2322504747869N11959132WA0025200215
B2322514747869N11959132WA0025200215
B2322524747869N11959132WA0025300215
B2322534747869N11959132WA0025300215
B2322544747869N11959132WA0025200215
B2322554747869N11959132WA0025200215
B2322564747869N11959132WA0025300215
B2322574747869N11959132WA0025300216
B2322584747869N11959132WA0025300216
B2322594747869N11959132WA0025300216
B2323004747869N11959132WA0025200216
B2323014747869N11959132WA0025300216
B2323024747869N11959132WA0025300216
B2323034747869N11959131WA0025200216
B2323044747869N11959131WA0025200216
B2323054747869N11959131WA0025300216
B2323064747869N11959131WA0025200216
B2323074747869N11959131WA0025200216
B2323084747868N11959131WA0025300215
B2323094747868N11959131WA0025200215
B2323104747868N11959131WA0025200215
B2323114747868N11959131WA0025200215
B2323124747868N11959131WA0025200215
B2323134747868N11959131WA0025200214
B2323144747868N11959131WA0025300214
B2323154747868N11959131WA0025200214
B2323164747868N11959131WA0025300214
B2323174747868N11959131WA0025300214
B2323184747868N11959131WA0025300214
B2323194747868N11959131WA0025300213
B2323204747868N11959131WA0025300213
B2323214747868N11959131WA0025200213
B2323224747868N11959131WA0025200213
B2323234747868N11959131WA0025300213
B2323244747868N11959131WA0025300213
B2323254747868N11959131WA0025300213
B2323264747868N11959131WA0025300213
B2323274747868N11959131WA0025200213
B2323284747868N11959131WA0025200213
B2323294747868N11959131WA0025300212
B2323304747868N11959131WA0025200212
B2323314747868N11959131WA0025200212
B2323324747868N11959131WA0025200212
B2323334747868N11959131WA0025200212
B2323344747868N11959131WA0025200212
B2323354747868N11959131WA0025200211
B2323364747868N11959131WA0025200211
B2323374747868N11959131WA0025200211
B2323384747868N11959131WA0025200211
B2323394747868N11959131WA0025200211
B2323404747868N11959131WA0025200211
B2323414747868N11959131WA0025200211
B2323424747868N11959131WA0025200211
B2323434747868N11959131WA0025200211
B2323444747868N11959131WA0025200211
B2323454747868N11959131WA0025200211
B2323464747868N11959131WA0025200211
B2323474747868N11959131WA0025200212
B2323484747868N11959131WA0025200212
B2323494747868N11959131WA0025200212
B2323504747868N11959131WA0025200212
B2323514747868N11959131WA0025200213
B2323524747868N11959131WA0025200213
B2323534747868N11959131WA0025200213
B2323544747868N11959131WA0025200213
B2323554747868N11959131WA0025200213
B2323564747868N11959131WA0025200213
B2323574747868N11959131WA0025200213
B2323584747868N11959131WA0025200213
B2323594747868N11959131WA0025200213
B2324004747868N11959131WA0025200213
B2324014747868N11959131WA0025200213
B2324024747868N11959131WA0025300213
B2324034747869N11959131WA0025200213
B2324044747869N11959131WA0025200213
B2324054747869N11959131WA0025200213
B2324064747869N11959131WA0025200213
B2324074747869N11959131WA0025200213
B2324084747869N11959131WA0025200213
B2324094747869N11959131WA0025200213
B2324104747869N11959131WA0025200213
B2324114747869N11959131WA0025200213
B2324124747869N11959131WA0025200213
B2324134747869N11959131WA0025200213
B2324144747869N11959131WA0025200213
B2324154747869N11959132WA0025200213
B2324164747869N11959132WA0025200213
B2324174747869N11959132WA0025200213
B2324184747869N11959132WA0025200213
B2324194747869N11959132WA0025200213
B2324204747869N11959132WA0025200213
B2324214747869N11959132WA0025200213
B2324224747869N11959131WA0025200213
B2324234747869N11959131WA0025200213
B2324244747869N11959131WA0025200213
B2324254747869N11959131WA0025200213
B2324264747869N11959131WA0025200213
B2324274747869N11959131WA0025200213
B2324284747869N11959131WA0025200213
B2324294747869N11959131WA0025200213
B2324304747869N11959131WA0025300213
B2324314747869N11959131WA0025300213
B2324324747869N11959131WA0025200213
B2324334747869N11959131WA0025200213
B2324344747869N11959131WA0025200213
B2324354747869N11959131WA0025200213
B2324364747870N11959131WA0025300213
B2324374747870N11959131WA0025200213
B2324384747870N11959131WA0025300213
B2324394747870N11959131WA0025200213
B2324404747870N11959131WA0025200213
B2324414747870N11959131WA0025300213
B2324424747870N11959131WA0025300213
B2324434747870N11959131WA0025300213
B2324444747870N11959131WA0025300213
B2324454747870N11959131WA0025300213
B2324464747870N11959131WA0025300213
B2324474747870N11959131WA0025300213
B2324484747870N11959131WA0025300214
B2324494747870N11959131WA0025300214
B2324504747870N11959131WA0025300214
B2324514747870N11959131WA0025300214
B2324524747871N11959131WA0025300214
B2324534747871N11959131WA0025300214
B2324544747870N11959131WA0025300215
B2324554747870N11959131WA0025300215
B2324564747870N11959131WA0025300215
B2324574747870N11959131WA0025300215
B2324584747870N11959131WA0025300215
B2324594747870N11959131WA0025300215
B2325004747870N11959131WA0025300215
B2325014747870N11959132WA0025300215
B2325024747870N11959132WA0025300215
B2325034747871N11959132WA0025300215
B2325044747871N11959132WA0025300216
B2325054747871N11959132WA0025300216
B2325064747871N11959132WA0025300216
B2325074747871N11959132WA0025200216
B2325084747871N11959132WA0025300216
B2325094747870N11959132WA0025200217
B2325104747870N11959133WA0025200217
B2325114747870N11959133WA0025200217
B2325124747870N11959133WA0025200217
B2325134747870N11959133WA0025200217
B2325144747870N11959133WA0025300217
B2325154747870N11959133WA0025200217
B2325164747870N11959133WA0025200217
B2325174747870N11959133WA0025300217
B2325184747870N11959133WA0025300217
B2325194747870N11959133WA0025300217
B2325204747870N11959133WA0025300217
B2325214747870N11959133WA0025300217
B2325224747870N11959133WA0025300217
B2325234747870N11959133WA0025300216
B2325244747870N11959133WA0025300216
B2325254747870N11959133WA0025300216
B2325264747870N11959133WA0025300216
B2325274747870N11959133WA0025200216
B2325284747870N11959133WA0025300216
B2325294747870N11959133WA0025300216
B2325304747870N11959133WA0025300216
B2325314747870N11959133WA0025300216
B2325324747870N11959133WA0025300216
B2325334747870N11959133WA0025300216
LXFM live.flymaster.net version 1.01
LXFM Created 2024-06-22 00:19:51
LXFM flight id 1418927
G92F610BB7C3A63EB17CA1A59761DDC58
