AXFMSFP Flymaster Live, V1.0, S/N 736516
HFFXA010
HFPLTPILOT:Mark Simpson
HFGTYGLIDERTYPE: 
HFGIDGLIDERID:
HFDTM100GPSDATUM:WGS-1984
HFCIDCOMPETITIONID:174
HFCCLCOMPETITIONCLASS:
HOSITSITE:Chelan Butte-US
HFGPS:UBLOXNEO6
HFPRSPRESSALTSENSOR:NA
HFRFWFIRMWAREVERSION:202j
HFRHWHARDWAREVERSION:1.0R2
HFFTYFRTYPE:FLYMASTER,LIVE
HFDTE280624
B1925264748237N12002325WA0108901125
B1925274748234N12002326WA0108701125
B1925284748231N12002327WA0108401124
B1925294748227N12002328WA0107901122
B1925304748223N12002329WA0107701120
B1925314748218N12002331WA0107801118
B1925324748214N12002334WA0107801117
B1925334748209N12002335WA0107901116
B1925344748205N12002334WA0107901116
B1925354748200N12002333WA0107701115
B1925364748195N12002333WA0107801114
B1925374748190N12002332WA0107901114
B1925384748185N12002332WA0108101115
B1925394748181N12002331WA0108201116
B1925404748177N12002330WA0108001116
B1925414748172N12002330WA0107701114
B1925424748168N12002331WA0107501112
B1925434748163N12002333WA0107201109
B1925444748159N12002337WA0107001107
B1925454748156N12002342WA0106901105
B1925464748153N12002347WA0106701103
B1925474748150N12002352WA0106201100
B1925484748146N12002358WA0106201098
B1925494748143N12002364WA0106101096
B1925504748141N12002371WA0106101095
B1925514748139N12002378WA0105901093
B1925524748136N12002384WA0105801092
B1925534748132N12002388WA0105501091
B1925544748128N12002393WA0105301089
B1925554748124N12002398WA0105001087
B1925564748121N12002404WA0105001084
B1925574748120N12002410WA0104701083
B1925584748119N12002415WA0104501081
B1925594748118N12002421WA0104501079
B1926004748116N12002427WA0104201077
B1926014748115N12002434WA0104001075
B1926024748113N12002441WA0103901073
B1926034748112N12002448WA0103901073
B1926044748111N12002456WA0103901073
B1926054748110N12002462WA0104101073
B1926064748110N12002467WA0104201074
B1926074748110N12002474WA0104201074
B1926084748109N12002481WA0104301074
B1926094748108N12002489WA0104301074
B1926104748106N12002497WA0104401075
B1926114748105N12002504WA0104801077
B1926124748103N12002512WA0104901080
B1926134748102N12002519WA0105001081
B1926144748101N12002527WA0105001083
B1926154748100N12002535WA0105101084
B1926164748099N12002543WA0105301086
B1926174748098N12002551WA0105401087
B1926184748097N12002559WA0105501087
B1926194748096N12002567WA0105401087
B1926204748095N12002576WA0105201086
B1926214748095N12002585WA0105101086
B1926224748095N12002594WA0105001085
B1926234748095N12002603WA0104901084
B1926244748094N12002612WA0104701083
B1926254748094N12002621WA0104401081
B1926264748093N12002632WA0104201079
B1926274748092N12002642WA0104001077
B1926284748090N12002653WA0104001075
B1926294748088N12002663WA0103801076
B1926304748085N12002673WA0103701073
B1926314748082N12002681WA0103701074
B1926324748079N12002689WA0103901075
B1926334748077N12002696WA0103801075
B1926344748077N12002704WA0103801074
B1926354748077N12002713WA0103301073
B1926364748078N12002723WA0103101071
B1926374748080N12002732WA0103101071
B1926384748081N12002741WA0103101070
B1926394748083N12002750WA0103001069
B1926404748085N12002759WA0102801068
B1926414748087N12002768WA0102801068
B1926424748089N12002777WA0102801068
B1926434748092N12002785WA0103001068
B1926444748095N12002793WA0103101068
B1926454748097N12002801WA0102901067
B1926464748100N12002811WA0102801066
B1926474748103N12002820WA0102601065
B1926484748106N12002830WA0102701065
B1926494748108N12002838WA0103101065
B1926504748110N12002846WA0103101071
B1926514748110N12002853WA0103801075
B1926524748112N12002860WA0103801077
B1926534748115N12002867WA0103701076
B1926544748119N12002876WA0103501076
B1926554748123N12002884WA0103701076
B1926564748128N12002891WA0103801078
B1926574748132N12002898WA0104001081
B1926584748136N12002903WA0104401082
B1926594748140N12002908WA0104501083
B1927004748144N12002912WA0104401083
B1927014748149N12002916WA0104001082
B1927024748155N12002920WA0103901081
B1927034748160N12002922WA0103901081
B1927044748165N12002924WA0103901080
B1927054748170N12002926WA0103901080
B1927064748175N12002928WA0103801079
B1927074748181N12002931WA0103601078
B1927084748187N12002932WA0103801078
B1927094748192N12002933WA0104001079
B1927104748197N12002935WA0104101079
B1927114748202N12002937WA0104201080
B1927124748207N12002940WA0104301080
B1927134748211N12002945WA0104301081
B1927144748215N12002950WA0104401082
B1927154748217N12002956WA0104801085
B1927164748218N12002961WA0105201087
B1927174748217N12002967WA0105601089
B1927184748216N12002972WA0105701090
B1927194748213N12002978WA0105701091
B1927204748210N12002983WA0106001092
B1927214748207N12002989WA0106001093
B1927224748202N12002993WA0106101095
B1927234748197N12002996WA0106301096
B1927244748192N12002998WA0106201097
B1927254748186N12002999WA0106501098
B1927264748181N12003000WA0106701100
B1927274748176N12003000WA0107101102
B1927284748172N12002998WA0107201105
B1927294748167N12002996WA0107201106
B1927304748163N12002994WA0107101106
B1927314748158N12002989WA0107001106
B1927324748154N12002985WA0107201107
B1927334748152N12002980WA0107301107
B1927344748149N12002975WA0107401107
B1927354748148N12002969WA0107201106
B1927364748147N12002963WA0107001105
B1927374748147N12002955WA0106701103
B1927384748148N12002948WA0106901103
B1927394748151N12002941WA0106801103
B1927404748153N12002934WA0106801103
B1927414748154N12002927WA0106701102
B1927424748154N12002919WA0106501100
B1927434748154N12002911WA0106301099
B1927444748153N12002903WA0106201098
B1927454748153N12002895WA0106201098
B1927464748154N12002887WA0106201098
B1927474748156N12002880WA0106201098
B1927484748159N12002873WA0106101097
B1927494748163N12002866WA0105901096
B1927504748166N12002859WA0105701095
B1927514748170N12002852WA0105801094
B1927524748174N12002845WA0105701094
B1927534748180N12002839WA0105701094
B1927544748186N12002835WA0105701094
B1927554748192N12002833WA0105901095
B1927564748197N12002832WA0106001095
B1927574748202N12002830WA0106101095
B1927584748208N12002829WA0105901095
B1927594748214N12002828WA0105401094
B1928004748221N12002828WA0105201093
B1928014748227N12002828WA0105201093
B1928024748233N12002830WA0105101093
B1928034748238N12002832WA0105401093
B1928044748243N12002835WA0105601094
B1928054748247N12002837WA0106001095
B1928064748251N12002840WA0106101095
B1928074748255N12002843WA0106101095
B1928084748259N12002847WA0106001095
B1928094748263N12002851WA0105901094
B1928104748267N12002856WA0106001094
B1928114748270N12002862WA0106101095
B1928124748273N12002868WA0106201095
B1928134748275N12002875WA0106401096
B1928144748277N12002881WA0106601098
B1928154748279N12002887WA0107301099
B1928164748281N12002891WA0107701103
B1928174748283N12002895WA0108001106
B1928184748285N12002899WA0108201107
B1928194748287N12002904WA0108301108
B1928204748288N12002910WA0108401109
B1928214748287N12002914WA0108701110
B1928224748285N12002916WA0108901113
B1928234748282N12002917WA0109201115
B1928244748279N12002917WA0109301116
B1928254748274N12002916WA0109301117
B1928264748269N12002913WA0109301117
B1928274748263N12002909WA0109301118
B1928284748258N12002902WA0109501121
B1928294748255N12002895WA0110001125
B1928304748253N12002887WA0110601130
B1928314748252N12002881WA0111001134
B1928324748251N12002874WA0111201138
B1928334748250N12002867WA0111201140
B1928344748249N12002859WA0111301141
B1928354748250N12002850WA0111201142
B1928364748253N12002840WA0111201142
B1928374748256N12002831WA0111201143
B1928384748261N12002825WA0111401145
B1928394748266N12002821WA0111701147
B1928404748272N12002819WA0111901149
B1928414748278N12002819WA0112201151
B1928424748284N12002820WA0112201152
B1928434748289N12002823WA0112501154
B1928444748294N12002826WA0112601156
B1928454748297N12002830WA0113201159
B1928464748299N12002835WA0113501162
B1928474748300N12002840WA0113701164
B1928484748300N12002846WA0113701166
B1928494748298N12002853WA0113801168
B1928504748295N12002859WA0113801169
B1928514748292N12002865WA0114001170
B1928524748287N12002870WA0114101173
B1928534748282N12002874WA0114601176
B1928544748277N12002874WA0115001179
B1928554748271N12002872WA0115101181
B1928564748266N12002867WA0115501186
B1928574748263N12002861WA0116201190
B1928584748260N12002854WA0116501193
B1928594748258N12002848WA0116501194
B1929004748255N12002842WA0116601196
B1929014748252N12002835WA0116701198
B1929024748250N12002827WA0116701200
B1929034748250N12002818WA0116901202
B1929044748253N12002809WA0116901203
B1929054748257N12002802WA0117401204
B1929064748262N12002797WA0117401207
B1929074748266N12002793WA0117901210
B1929084748270N12002791WA0118101212
B1929094748276N12002789WA0117901213
B1929104748282N12002790WA0118101215
B1929114748288N12002791WA0118301217
B1929124748294N12002792WA0118701219
B1929134748299N12002791WA0119201222
B1929144748305N12002790WA0119301225
B1929154748310N12002790WA0119301227
B1929164748316N12002791WA0119101229
B1929174748322N12002795WA0119601231
B1929184748325N12002800WA0120001235
B1929194748328N12002804WA0120501238
B1929204748332N12002808WA0120601241
B1929214748336N12002813WA0120701242
B1929224748341N12002819WA0120601244
B1929234748345N12002827WA0120501245
B1929244748346N12002837WA0120601247
B1929254748345N12002846WA0121001251
B1929264748343N12002853WA0121401254
B1929274748339N12002858WA0122001258
B1929284748335N12002862WA0122101261
B1929294748331N12002866WA0122201263
B1929304748327N12002868WA0122301265
B1929314748322N12002868WA0122701267
B1929324748318N12002865WA0122801269
B1929334748313N12002860WA0122801269
B1929344748309N12002853WA0122901270
B1929354748305N12002844WA0123001271
B1929364748303N12002835WA0123101273
B1929374748302N12002825WA0123401275
B1929384748303N12002815WA0123501277
B1929394748306N12002806WA0123701279
B1929404748309N12002798WA0123801282
B1929414748313N12002791WA0124301284
B1929424748318N12002786WA0124401287
B1929434748324N12002783WA0124801289
B1929444748330N12002782WA0125001292
B1929454748335N12002783WA0125401295
B1929464748339N12002787WA0125701298
B1929474748343N12002792WA0125901301
B1929484748346N12002798WA0125901302
B1929494748348N12002805WA0126001304
B1929504748349N12002813WA0126201305
B1929514748349N12002822WA0126301306
B1929524748349N12002831WA0126101308
B1929534748347N12002839WA0126701312
B1929544748346N12002845WA0127001316
B1929554748345N12002849WA0127701321
B1929564748343N12002853WA0127901324
B1929574748340N12002857WA0128001325
B1929584748337N12002862WA0128101326
B1929594748333N12002866WA0128401328
B1930004748329N12002868WA0128501330
B1930014748324N12002869WA0128801333
B1930024748319N12002867WA0128801336
B1930034748313N12002865WA0129301338
B1930044748309N12002860WA0129501341
B1930054748305N12002855WA0130101344
B1930064748302N12002847WA0130201347
B1930074748301N12002837WA0130401350
B1930084748301N12002827WA0130701353
B1930094748302N12002816WA0131101357
B1930104748304N12002806WA0131401361
B1930114748308N12002798WA0132001366
B1930124748313N12002792WA0132301370
B1930134748318N12002788WA0132701375
B1930144748324N12002786WA0133101378
B1930154748329N12002785WA0133201381
B1930164748334N12002785WA0133401383
B1930174748339N12002787WA0133501384
B1930184748344N12002790WA0133401385
B1930194748348N12002796WA0133501385
B1930204748351N12002802WA0133601386
B1930214748353N12002810WA0133701387
B1930224748353N12002818WA0133801389
B1930234748353N12002825WA0134201392
B1930244748353N12002832WA0134501396
B1930254748352N12002839WA0135101399
B1930264748350N12002844WA0135401403
B1930274748348N12002848WA0135501406
B1930284748344N12002852WA0135701406
B1930294748340N12002853WA0135701407
B1930304748334N12002853WA0135601407
B1930314748328N12002853WA0135601407
B1930324748321N12002851WA0135701409
B1930334748315N12002848WA0136201412
B1930344748310N12002843WA0136501416
B1930354748306N12002837WA0137001419
B1930364748302N12002831WA0137401423
B1930374748300N12002824WA0137801427
B1930384748298N12002817WA0138101430
B1930394748298N12002808WA0138101433
B1930404748298N12002797WA0138301435
B1930414748300N12002787WA0138601437
B1930424748303N12002777WA0138901439
B1930434748306N12002769WA0139501443
B1930444748310N12002762WA0139601446
B1930454748315N12002757WA0139801449
B1930464748321N12002752WA0140001451
B1930474748327N12002750WA0140401455
B1930484748333N12002749WA0140801459
B1930494748339N12002751WA0141301463
B1930504748343N12002754WA0141501465
B1930514748348N12002759WA0141701467
B1930524748352N12002765WA0141801468
B1930534748356N12002771WA0141901469
B1930544748361N12002777WA0142001471
B1930554748365N12002783WA0142401473
B1930564748370N12002789WA0142601476
B1930574748373N12002796WA0142901478
B1930584748376N12002803WA0143001480
B1930594748377N12002812WA0143201483
B1931004748377N12002821WA0143201484
B1931014748377N12002829WA0143501486
B1931024748376N12002837WA0143801488
B1931034748375N12002844WA0144201491
B1931044748373N12002850WA0144201494
B1931054748371N12002855WA0144401495
B1931064748368N12002859WA0144501496
B1931074748364N12002864WA0144601496
B1931084748359N12002868WA0144701498
B1931094748354N12002872WA0145101500
B1931104748348N12002873WA0145601504
B1931114748343N12002872WA0146201509
B1931124748339N12002872WA0146501513
B1931134748335N12002872WA0146801517
B1931144748331N12002873WA0147001520
B1931154748326N12002873WA0147001521
B1931164748320N12002871WA0146901522
B1931174748314N12002867WA0147101524
B1931184748308N12002862WA0147601527
B1931194748303N12002855WA0148201532
B1931204748300N12002848WA0148701537
B1931214748297N12002841WA0149301541
B1931224748294N12002834WA0149601545
B1931234748292N12002827WA0149901549
B1931244748290N12002818WA0150301552
B1931254748290N12002808WA0150501555
B1931264748291N12002798WA0150601558
B1931274748293N12002789WA0151301562
B1931284748295N12002780WA0151401566
B1931294748297N12002773WA0152201571
B1931304748299N12002766WA0152501575
B1931314748302N12002760WA0153301580
B1931324748306N12002753WA0153401584
B1931334748312N12002748WA0153601587
B1931344748318N12002744WA0154001591
B1931354748324N12002742WA0154701596
B1931364748330N12002743WA0155101601
B1931374748335N12002745WA0155501605
B1931384748340N12002749WA0155801609
B1931394748343N12002753WA0156201613
B1931404748346N12002757WA0156501617
B1931414748349N12002762WA0156901620
B1931424748351N12002767WA0156801623
B1931434748353N12002773WA0157501626
B1931444748354N12002778WA0157601628
B1931454748354N12002784WA0157701630
B1931464748353N12002791WA0157701632
B1931474748351N12002797WA0158101634
B1931484748349N12002801WA0158301638
B1931494748346N12002805WA0158901641
B1931504748343N12002807WA0159001644
B1931514748339N12002808WA0159201646
B1931524748334N12002808WA0159301647
B1931534748329N12002806WA0159201648
B1931544748323N12002804WA0159301650
B1931554748317N12002799WA0159501652
B1931564748312N12002794WA0159901655
B1931574748308N12002787WA0160701660
B1931584748305N12002781WA0161201665
B1931594748303N12002773WA0161801671
B1932004748303N12002765WA0162101675
B1932014748303N12002757WA0162301678
B1932024748305N12002748WA0162701682
B1932034748308N12002739WA0163401687
B1932044748312N12002732WA0164001692
B1932054748317N12002726WA0164801698
B1932064748323N12002723WA0165101703
B1932074748329N12002721WA0165401708
B1932084748335N12002721WA0165801713
B1932094748340N12002723WA0166701718
B1932104748344N12002726WA0167201724
B1932114748347N12002729WA0167501728
B1932124748350N12002734WA0167701731
B1932134748353N12002740WA0167901733
B1932144748356N12002746WA0168001737
B1932154748358N12002754WA0168401739
B1932164748358N12002761WA0168501742
B1932174748358N12002767WA0169101746
B1932184748356N12002773WA0169201749
B1932194748353N12002778WA0169601752
B1932204748350N12002783WA0169901755
B1932214748346N12002786WA0170201758
B1932224748341N12002789WA0170401762
B1932234748335N12002789WA0170601764
B1932244748329N12002788WA0170701767
B1932254748323N12002786WA0171201770
B1932264748317N12002783WA0171501774
B1932274748312N12002779WA0172001778
B1932284748307N12002774WA0172401783
B1932294748303N12002768WA0173001788
B1932304748299N12002761WA0173601794
B1932314748295N12002754WA0174201800
B1932324748292N12002746WA0174701805
B1932334748291N12002738WA0175401810
B1932344748290N12002728WA0175601816
B1932354748291N12002719WA0176201820
B1932364748293N12002709WA0176301823
B1932374748295N12002699WA0176601827
B1932384748298N12002691WA0177101832
B1932394748299N12002684WA0178301838
B1932404748300N12002678WA0178701844
B1932414748301N12002672WA0179101848
B1932424748302N12002666WA0179401851
B1932434748303N12002660WA0179601854
B1932444748306N12002654WA0179701856
B1932454748311N12002648WA0179401857
B1932464748317N12002644WA0179501858
B1932474748323N12002641WA0180001860
B1932484748328N12002639WA0180501864
B1932494748334N12002638WA0180901867
B1932504748339N12002638WA0181301871
B1932514748345N12002639WA0181501874
B1932524748351N12002641WA0181801878
B1932534748356N12002645WA0182201882
B1932544748359N12002649WA0182601886
B1932554748363N12002655WA0183001890
B1932564748365N12002661WA0183301894
B1932574748367N12002667WA0183901898
B1932584748367N12002674WA0184101902
B1932594748366N12002681WA0184301905
B1933004748364N12002688WA0184701909
B1933014748360N12002693WA0185001913
B1933024748355N12002696WA0185601916
B1933034748351N12002697WA0185901920
B1933044748346N12002697WA0186301924
B1933054748341N12002697WA0186601928
B1933064748335N12002696WA0186901931
B1933074748330N12002694WA0187301934
B1933084748326N12002691WA0187701938
B1933094748322N12002687WA0188301943
B1933104748318N12002682WA0188601946
B1933114748315N12002677WA0188701949
B1933124748310N12002672WA0188801950
B1933134748305N12002666WA0189101953
B1933144748301N12002661WA0189501957
B1933154748297N12002654WA0190001961
B1933164748295N12002647WA0190101964
B1933174748295N12002640WA0190801968
B1933184748295N12002633WA0191101972
B1933194748296N12002627WA0191301974
B1933204748297N12002619WA0191401976
B1933214748298N12002611WA0191501976
B1933224748300N12002602WA0191401977
B1933234748302N12002593WA0191601978
B1933244748305N12002584WA0191801980
B1933254748308N12002576WA0192101982
B1933264748312N12002569WA0192101983
B1933274748316N12002563WA0192101984
B1933284748320N12002556WA0192301985
B1933294748325N12002551WA0192501987
B1933304748331N12002547WA0193001990
B1933314748336N12002546WA0193301993
B1933324748341N12002547WA0193501996
B1933334748346N12002549WA0193701998
B1933344748350N12002552WA0193902000
B1933354748354N12002556WA0194002001
B1933364748359N12002561WA0193802002
B1933374748363N12002568WA0194002002
B1933384748368N12002576WA0194102003
B1933394748371N12002584WA0194402005
B1933404748374N12002592WA0194802010
B1933414748375N12002597WA0195602015
B1933424748375N12002602WA0196102020
B1933434748375N12002606WA0196502023
B1933444748374N12002611WA0196602027
B1933454748373N12002616WA0196702030
B1933464748373N12002622WA0196902033
B1933474748372N12002628WA0197302036
B1933484748371N12002633WA0197702039
B1933494748370N12002638WA0198102041
B1933504748369N12002644WA0198302044
B1933514748368N12002651WA0198502046
B1933524748367N12002659WA0198502049
B1933534748366N12002667WA0198902052
B1933544748364N12002675WA0199302055
B1933554748361N12002683WA0199702059
B1933564748359N12002689WA0200002063
B1933574748355N12002694WA0200802069
B1933584748352N12002697WA0201202074
B1933594748347N12002700WA0201602078
B1934004748343N12002703WA0201502080
B1934014748338N12002707WA0201802083
B1934024748332N12002709WA0202002086
B1934034748327N12002709WA0202502090
B1934044748321N12002708WA0202702093
B1934054748316N12002706WA0203102097
B1934064748312N12002703WA0203602100
B1934074748308N12002699WA0203902103
B1934084748304N12002693WA0204002105
B1934094748301N12002687WA0204102107
B1934104748298N12002679WA0204102109
B1934114748296N12002671WA0204402110
B1934124748295N12002662WA0204702114
B1934134748295N12002655WA0205302118
B1934144748296N12002647WA0205702122
B1934154748297N12002641WA0206102126
B1934164748299N12002634WA0206402128
B1934174748302N12002626WA0206602131
B1934184748304N12002619WA0206802134
B1934194748309N12002613WA0207102136
B1934204748314N12002608WA0207102139
B1934214748320N12002605WA0207202140
B1934224748326N12002605WA0207402142
B1934234748331N12002608WA0207702144
B1934244748335N12002611WA0208202147
B1934254748339N12002615WA0208702150
B1934264748342N12002619WA0208902153
B1934274748345N12002625WA0209102155
B1934284748348N12002632WA0209102157
B1934294748351N12002641WA0209202160
B1934304748353N12002650WA0209602162
B1934314748354N12002659WA0209802164
B1934324748355N12002668WA0209702166
B1934334748356N12002677WA0209902168
B1934344748356N12002685WA0210402172
B1934354748355N12002692WA0210802176
B1934364748354N12002699WA0211002177
B1934374748353N12002707WA0211002179
B1934384748352N12002714WA0211102180
B1934394748352N12002723WA0211302182
B1934404748352N12002731WA0211602184
B1934414748353N12002738WA0212102187
B1934424748353N12002746WA0212102190
B1934434748353N12002753WA0212402192
B1934444748352N12002761WA0212402193
B1934454748351N12002770WA0212402194
B1934464748350N12002780WA0212602195
B1934474748348N12002789WA0213002196
B1934484748347N12002798WA0213302199
B1934494748346N12002806WA0213802202
B1934504748346N12002813WA0214102205
B1934514748346N12002820WA0214302208
B1934524748345N12002827WA0214602211
B1934534748343N12002834WA0214902213
B1934544748340N12002840WA0215102216
B1934554748337N12002846WA0215302218
B1934564748334N12002853WA0215402220
B1934574748331N12002860WA0215702222
B1934584748328N12002866WA0216002225
B1934594748326N12002872WA0216402228
B1935004748323N12002878WA0216402230
B1935014748321N12002885WA0216702231
B1935024748319N12002893WA0216402232
B1935034748317N12002901WA0216402231
B1935044748315N12002910WA0216602232
B1935054748313N12002917WA0217102234
B1935064748311N12002924WA0217302237
B1935074748309N12002929WA0217502239
B1935084748307N12002935WA0217402240
B1935094748305N12002942WA0217202240
B1935104748302N12002951WA0216802238
B1935114748300N12002961WA0216402236
B1935124748298N12002971WA0216402235
B1935134748295N12002980WA0216702236
B1935144748291N12002988WA0216602236
B1935154748288N12002996WA0216602236
B1935164748285N12003004WA0216702236
B1935174748283N12003013WA0216702236
B1935184748280N12003022WA0216402235
B1935194748277N12003031WA0216302234
B1935204748273N12003040WA0216102233
B1935214748269N12003049WA0216102232
B1935224748266N12003057WA0216002232
B1935234748263N12003066WA0216002231
B1935244748260N12003075WA0215902230
B1935254748256N12003082WA0215802230
B1935264748252N12003088WA0215702228
B1935274748247N12003092WA0215402226
B1935284748242N12003095WA0215302224
B1935294748237N12003098WA0215302223
B1935304748232N12003101WA0215102222
B1935314748227N12003103WA0214902221
B1935324748222N12003104WA0214902219
B1935334748217N12003105WA0214802218
B1935344748212N12003107WA0214702217
B1935354748208N12003108WA0214502216
B1935364748203N12003109WA0214402214
B1935374748197N12003109WA0214202213
B1935384748192N12003109WA0214002211
B1935394748187N12003108WA0214002210
B1935404748182N12003108WA0213902209
B1935414748177N12003106WA0213702208
B1935424748173N12003104WA0213902207
B1935434748169N12003101WA0213702206
B1935444748166N12003097WA0213502205
B1935454748163N12003092WA0213302203
B1935464748161N12003087WA0213102201
B1935474748158N12003081WA0212802200
B1935484748156N12003075WA0212802198
B1935494748154N12003069WA0212602197
B1935504748153N12003062WA0212502196
B1935514748151N12003056WA0212302194
B1935524748150N12003049WA0212302193
B1935534748149N12003042WA0212102192
B1935544748148N12003035WA0212002190
B1935554748147N12003028WA0211902189
B1935564748146N12003022WA0211802188
B1935574748145N12003015WA0211502187
B1935584748144N12003008WA0211402185
B1935594748144N12003000WA0211202184
B1936004748144N12002993WA0211202182
B1936014748144N12002986WA0211202181
B1936024748144N12002979WA0211002180
B1936034748144N12002972WA0210802178
B1936044748144N12002965WA0210602176
B1936054748143N12002958WA0210402175
B1936064748143N12002951WA0210302173
B1936074748141N12002944WA0210102171
B1936084748140N12002939WA0210102170
B1936094748139N12002933WA0210002168
B1936104748138N12002926WA0209702166
B1936114748138N12002918WA0209202164
B1936124748138N12002910WA0209202162
B1936134748138N12002903WA0209202160
B1936144748137N12002897WA0209202160
B1936154748137N12002891WA0209402160
B1936164748137N12002886WA0209402161
B1936174748136N12002881WA0209502161
B1936184748136N12002876WA0209402161
B1936194748135N12002871WA0209302161
B1936204748134N12002866WA0209302161
B1936214748132N12002860WA0209502161
B1936224748131N12002855WA0209502161
B1936234748129N12002849WA0209602162
B1936244748126N12002844WA0209602163
B1936254748124N12002839WA0210002165
B1936264748121N12002834WA0210102166
B1936274748120N12002828WA0210102168
B1936284748118N12002822WA0210202169
B1936294748117N12002816WA0210302170
B1936304748115N12002810WA0210502172
B1936314748113N12002804WA0210802174
B1936324748111N12002799WA0211002176
B1936334748109N12002794WA0211302179
B1936344748107N12002789WA0211502181
B1936354748106N12002783WA0211802184
B1936364748107N12002776WA0211902185
B1936374748108N12002768WA0211802187
B1936384748110N12002760WA0212002187
B1936394748114N12002753WA0212302189
B1936404748119N12002747WA0212502192
B1936414748124N12002742WA0212802194
B1936424748131N12002739WA0212802196
B1936434748137N12002737WA0213002197
B1936444748144N12002735WA0212802198
B1936454748152N12002734WA0213302200
B1936464748159N12002733WA0213502202
B1936474748166N12002735WA0213902205
B1936484748173N12002737WA0214102207
B1936494748180N12002741WA0214202210
B1936504748187N12002746WA0214502213
B1936514748193N12002752WA0215102216
B1936524748198N12002759WA0215402220
B1936534748202N12002766WA0215802224
B1936544748205N12002774WA0215902226
B1936554748207N12002783WA0216002229
B1936564748208N12002793WA0216002230
B1936574748209N12002803WA0216002231
B1936584748209N12002813WA0216302233
B1936594748208N12002822WA0216702235
B1937004748207N12002830WA0217002238
B1937014748205N12002838WA0217202241
B1937024748202N12002844WA0217302243
B1937034748199N12002849WA0217602245
B1937044748196N12002853WA0217702246
B1937054748193N12002856WA0217802248
B1937064748189N12002856WA0218002250
B1937074748186N12002855WA0218002251
B1937084748183N12002851WA0218102252
B1937094748181N12002846WA0218202253
B1937104748179N12002840WA0218302254
B1937114748179N12002834WA0218602257
B1937124748179N12002827WA0218802259
B1937134748181N12002820WA0218902261
B1937144748183N12002812WA0218902262
B1937154748187N12002804WA0219002262
B1937164748191N12002797WA0219102263
B1937174748196N12002791WA0219202264
B1937184748203N12002787WA0219302265
B1937194748210N12002784WA0219302265
B1937204748218N12002784WA0219502267
B1937214748226N12002786WA0219902269
B1937224748232N12002791WA0220102271
B1937234748237N12002798WA0220302273
B1937244748242N12002806WA0220402274
B1937254748246N12002815WA0220602275
B1937264748249N12002824WA0220702276
B1937274748252N12002835WA0220502278
B1937284748253N12002846WA0220602279
B1937294748254N12002856WA0221002281
B1937304748253N12002866WA0221302284
B1937314748253N12002874WA0221702287
B1937324748251N12002881WA0221802288
B1937334748249N12002887WA0221702288
B1937344748246N12002893WA0221502288
B1937354748242N12002898WA0221602288
B1937364748239N12002901WA0221702289
B1937374748235N12002902WA0221902289
B1937384748232N12002903WA0221902290
B1937394748228N12002904WA0222002290
B1937404748224N12002904WA0221802290
B1937414748219N12002903WA0221802290
B1937424748215N12002901WA0221902291
B1937434748211N12002900WA0222402294
B1937444748208N12002899WA0222902298
B1937454748206N12002899WA0223202300
B1937464748203N12002899WA0223202301
B1937474748200N12002899WA0223002301
B1937484748196N12002899WA0222502300
B1937494748191N12002899WA0222802300
B1937504748188N12002899WA0223002302
B1937514748185N12002899WA0223202303
B1937524748182N12002899WA0223202303
B1937534748178N12002899WA0223102303
B1937544748174N12002898WA0222802303
B1937554748170N12002898WA0223202304
B1937564748166N12002896WA0223402306
B1937574748163N12002895WA0223702307
B1937584748160N12002893WA0223702308
B1937594748157N12002892WA0223402308
B1938004748152N12002890WA0223302307
B1938014748148N12002889WA0223002306
B1938024748144N12002888WA0223302306
B1938034748140N12002887WA0223602307
B1938044748137N12002886WA0223702309
B1938054748134N12002884WA0223802310
B1938064748131N12002882WA0223802310
B1938074748127N12002879WA0223602310
B1938084748124N12002877WA0223502309
B1938094748120N12002873WA0223502309
B1938104748117N12002869WA0223602309
B1938114748114N12002864WA0223702310
B1938124748110N12002860WA0223902311
B1938134748107N12002856WA0223902312
B1938144748104N12002852WA0223902312
B1938154748102N12002848WA0224002312
B1938164748099N12002842WA0224002311
B1938174748096N12002836WA0223702311
B1938184748092N12002829WA0223702311
B1938194748089N12002822WA0224202313
B1938204748086N12002816WA0224602316
B1938214748084N12002810WA0225002319
B1938224748083N12002803WA0225102322
B1938234748083N12002795WA0225302323
B1938244748084N12002786WA0225202324
B1938254748086N12002776WA0225302325
B1938264748089N12002767WA0225602327
B1938274748093N12002758WA0226002330
B1938284748097N12002750WA0226302333
B1938294748102N12002743WA0226602336
B1938304748107N12002737WA0226802338
B1938314748113N12002732WA0227002341
B1938324748119N12002727WA0227102343
B1938334748125N12002725WA0227502346
B1938344748132N12002724WA0227602348
B1938354748139N12002725WA0227802350
B1938364748145N12002727WA0227802352
B1938374748151N12002731WA0228502354
B1938384748156N12002734WA0228702357
B1938394748161N12002739WA0229002360
B1938404748165N12002744WA0229202362
B1938414748169N12002750WA0229302364
B1938424748173N12002756WA0229402367
B1938434748176N12002763WA0229802369
B1938444748180N12002770WA0229802372
B1938454748183N12002778WA0230502374
B1938464748185N12002785WA0230602377
B1938474748186N12002793WA0230902379
B1938484748187N12002802WA0231002382
B1938494748188N12002811WA0231002384
B1938504748189N12002819WA0231602387
B1938514748189N12002827WA0231902390
B1938524748190N12002834WA0232302392
B1938534748190N12002841WA0232202394
B1938544748189N12002848WA0232302394
B1938554748188N12002857WA0232202394
B1938564748186N12002866WA0232202396
B1938574748184N12002875WA0232802399
B1938584748182N12002882WA0233302404
B1938594748179N12002887WA0233902409
B1939004748176N12002891WA0234302413
B1939014748172N12002893WA0234902417
B1939024748168N12002894WA0234902421
B1939034748163N12002894WA0235202424
B1939044748159N12002893WA0235402425
B1939054748155N12002895WA0235302426
B1939064748150N12002897WA0235302426
B1939074748146N12002899WA0235302427
B1939084748141N12002899WA0235402428
B1939094748136N12002894WA0235502429
B1939104748133N12002887WA0235502430
B1939114748131N12002878WA0235902432
B1939124748131N12002869WA0236102435
B1939134748131N12002860WA0236602438
B1939144748132N12002851WA0236802440
B1939154748133N12002841WA0237202443
B1939164748134N12002832WA0237402447
B1939174748134N12002822WA0237802450
B1939184748132N12002813WA0238002454
B1939194748131N12002805WA0238402458
B1939204748130N12002796WA0239002462
B1939214748132N12002788WA0239502467
B1939224748134N12002781WA0239602469
B1939234748138N12002774WA0239702471
B1939244748143N12002767WA0239702472
B1939254748149N12002762WA0239802473
B1939264748155N12002758WA0239902473
B1939274748161N12002756WA0239602474
B1939284748168N12002756WA0239702473
B1939294748175N12002756WA0239902474
B1939304748181N12002756WA0240102475
B1939314748186N12002757WA0240102475
B1939324748192N12002757WA0240002474
B1939334748199N12002760WA0239502473
B1939344748206N12002764WA0239502472
B1939354748211N12002770WA0239802474
B1939364748216N12002775WA0240402476
B1939374748220N12002780WA0240702478
B1939384748224N12002784WA0240702480
B1939394748228N12002789WA0240602480
B1939404748233N12002796WA0240302480
B1939414748238N12002803WA0240302479
B1939424748242N12002811WA0240402480
B1939434748246N12002819WA0240902482
B1939444748250N12002826WA0241202484
B1939454748252N12002833WA0241402487
B1939464748255N12002841WA0241502488
B1939474748257N12002849WA0241502489
B1939484748260N12002858WA0241502490
B1939494748262N12002868WA0241602492
B1939504748263N12002876WA0242002495
B1939514748263N12002884WA0242602499
B1939524748262N12002890WA0243102503
B1939534748261N12002896WA0243402506
B1939544748259N12002902WA0243402508
B1939554748257N12002908WA0243602510
B1939564748255N12002915WA0243902512
B1939574748252N12002921WA0244102515
B1939584748249N12002927WA0244302517
B1939594748246N12002932WA0244702518
B1940004748243N12002937WA0244302519
B1940014748239N12002942WA0244102519
B1940024748234N12002948WA0244202519
B1940034748230N12002953WA0244302520
B1940044748225N12002958WA0244602521
B1940054748221N12002962WA0244902523
B1940064748216N12002965WA0245202525
B1940074748212N12002967WA0245202527
B1940084748207N12002969WA0245402528
B1940094748201N12002970WA0245302529
B1940104748195N12002971WA0245402531
B1940114748189N12002971WA0245702533
B1940124748184N12002971WA0246002536
B1940134748180N12002970WA0246602539
B1940144748176N12002969WA0246702541
B1940154748171N12002969WA0246802543
B1940164748166N12002968WA0246802544
B1940174748161N12002966WA0246902545
B1940184748156N12002965WA0246802545
B1940194748151N12002963WA0246902546
B1940204748145N12002961WA0247002547
B1940214748139N12002959WA0247202549
B1940224748134N12002956WA0247402550
B1940234748128N12002953WA0247602552
B1940244748123N12002950WA0247602553
B1940254748117N12002948WA0248002555
B1940264748112N12002945WA0248202557
B1940274748107N12002942WA0248402559
B1940284748102N12002939WA0248602561
B1940294748098N12002935WA0248802563
B1940304748093N12002930WA0248802564
B1940314748089N12002926WA0248902566
B1940324748084N12002921WA0249302568
B1940334748080N12002916WA0249302570
B1940344748075N12002912WA0249802571
B1940354748072N12002907WA0249802572
B1940364748068N12002900WA0249702572
B1940374748065N12002893WA0249202570
B1940384748062N12002885WA0249002568
B1940394748059N12002876WA0248602565
B1940404748056N12002867WA0248402564
B1940414748053N12002859WA0248702564
B1940424748051N12002852WA0248802564
B1940434748049N12002846WA0248802563
B1940444748046N12002841WA0248702563
B1940454748044N12002834WA0248302560
B1940464748042N12002827WA0248102558
B1940474748040N12002819WA0247702555
B1940484748037N12002811WA0247402553
B1940494748034N12002803WA0247502552
B1940504748032N12002797WA0247502551
B1940514748030N12002790WA0247502550
B1940524748028N12002782WA0247302548
B1940534748026N12002774WA0247002546
B1940544748024N12002765WA0246702543
B1940554748021N12002757WA0246702541
B1940564748019N12002748WA0246502540
B1940574748018N12002740WA0246602539
B1940584748017N12002731WA0246402538
B1940594748017N12002723WA0246302536
B1941004748016N12002714WA0246002535
B1941014748015N12002706WA0245902534
B1941024748014N12002698WA0245902534
B1941034748013N12002690WA0245802533
B1941044748013N12002682WA0245602532
B1941054748013N12002674WA0245502530
B1941064748013N12002666WA0245302529
B1941074748013N12002657WA0245202528
B1941084748013N12002650WA0245202527
B1941094748013N12002642WA0245102526
B1941104748013N12002634WA0245002524
B1941114748014N12002626WA0244802522
B1941124748015N12002617WA0244602520
B1941134748015N12002609WA0244202518
B1941144748016N12002601WA0244102517
B1941154748017N12002593WA0244002515
B1941164748018N12002585WA0243802514
B1941174748020N12002577WA0243702513
B1941184748022N12002569WA0243602511
B1941194748024N12002561WA0243502510
B1941204748026N12002554WA0243302508
B1941214748029N12002546WA0243202507
B1941224748031N12002538WA0243002505
B1941234748034N12002531WA0242902504
B1941244748037N12002524WA0242802503
B1941254748042N12002518WA0242602502
B1941264748047N12002512WA0242502500
B1941274748053N12002508WA0242202498
B1941284748060N12002505WA0242102497
B1941294748066N12002502WA0242002495
B1941304748073N12002500WA0241902494
B1941314748080N12002499WA0241802493
B1941324748087N12002498WA0241602491
B1941334748094N12002498WA0241502489
B1941344748102N12002499WA0241202487
B1941354748110N12002499WA0241102486
B1941364748117N12002499WA0241102484
B1941374748124N12002500WA0241002483
B1941384748131N12002502WA0240902482
B1941394748139N12002505WA0240502481
B1941404748146N12002508WA0240402479
B1941414748153N12002511WA0240202477
B1941424748160N12002515WA0240102475
B1941434748167N12002520WA0239802474
B1941444748174N12002525WA0239802472
B1941454748180N12002530WA0239702471
B1941464748186N12002537WA0239502469
B1941474748191N12002543WA0239202467
B1941484748197N12002550WA0239002465
B1941494748203N12002558WA0238602463
B1941504748208N12002564WA0238502461
B1941514748214N12002571WA0238402459
B1941524748219N12002578WA0238202457
B1941534748224N12002585WA0238002456
B1941544748229N12002591WA0238102455
B1941554748233N12002598WA0237902454
B1941564748237N12002604WA0237802452
B1941574748241N12002610WA0237402449
B1941584748245N12002615WA0237202446
B1941594748250N12002620WA0236802444
B1942004748254N12002626WA0236502441
B1942014748257N12002632WA0235902436
B1942024748259N12002640WA0235502431
B1942034748261N12002649WA0234902427
B1942044748263N12002658WA0234902424
B1942054748265N12002666WA0234902423
B1942064748268N12002674WA0234702421
B1942074748270N12002682WA0234402419
B1942084748272N12002689WA0234202417
B1942094748274N12002698WA0233902415
B1942104748274N12002707WA0233702412
B1942114748276N12002715WA0233502410
B1942124748277N12002724WA0233402408
B1942134748279N12002732WA0233302406
B1942144748281N12002740WA0233202405
B1942154748282N12002749WA0233002403
B1942164748283N12002759WA0232802402
B1942174748284N12002768WA0232702400
B1942184748286N12002777WA0232702399
B1942194748288N12002786WA0232502398
B1942204748290N12002795WA0232402397
B1942214748292N12002805WA0232202395
B1942224748294N12002815WA0232002394
B1942234748295N12002825WA0231902392
B1942244748298N12002834WA0232102391
B1942254748301N12002844WA0232002390
B1942264748305N12002854WA0232002390
B1942274748308N12002865WA0232302392
B1942284748311N12002876WA0232402394
B1942294748314N12002887WA0233002398
B1942304748317N12002897WA0233202400
B1942314748321N12002906WA0233302402
B1942324748325N12002914WA0233202403
B1942334748330N12002922WA0233202403
B1942344748335N12002931WA0233002403
B1942354748340N12002940WA0232902402
B1942364748345N12002950WA0232802402
B1942374748349N12002960WA0232902402
B1942384748353N12002969WA0233302404
B1942394748357N12002978WA0233802407
B1942404748360N12002986WA0234102409
B1942414748364N12002995WA0234302411
B1942424748367N12003004WA0234302412
B1942434748371N12003013WA0234502413
B1942444748376N12003022WA0234602414
B1942454748380N12003031WA0235002416
B1942464748383N12003041WA0235002417
B1942474748387N12003051WA0234902418
B1942484748392N12003061WA0234902418
B1942494748396N12003072WA0234902419
B1942504748401N12003082WA0235102422
B1942514748404N12003092WA0235702425
B1942524748407N12003101WA0235902429
B1942534748411N12003111WA0236002431
B1942544748416N12003120WA0236102433
B1942554748421N12003130WA0236002434
B1942564748427N12003139WA0236102435
B1942574748433N12003148WA0236602437
B1942584748438N12003157WA0237102441
B1942594748442N12003166WA0237302444
B1943004748446N12003175WA0237502446
B1943014748450N12003184WA0237702448
B1943024748452N12003195WA0237702450
B1943034748452N12003206WA0237702450
B1943044748451N12003216WA0237702450
B1943054748448N12003225WA0237902452
B1943064748445N12003232WA0238202454
B1943074748442N12003238WA0238402456
B1943084748438N12003243WA0238602458
B1943094748434N12003246WA0239002460
B1943104748431N12003248WA0239202463
B1943114748427N12003247WA0239402465
B1943124748424N12003245WA0239402466
B1943134748421N12003241WA0239802468
B1943144748419N12003236WA0239802470
B1943154748417N12003230WA0239902471
B1943164748416N12003224WA0240002473
B1943174748416N12003217WA0240202474
B1943184748416N12003211WA0240502476
B1943194748418N12003205WA0240702478
B1943204748420N12003198WA0240602479
B1943214748423N12003191WA0240502479
B1943224748428N12003184WA0240502479
B1943234748433N12003179WA0240602481
B1943244748439N12003175WA0240902483
B1943254748446N12003174WA0241402485
B1943264748453N12003175WA0241502487
B1943274748460N12003178WA0241602488
B1943284748467N12003182WA0241602489
B1943294748474N12003187WA0241602489
B1943304748481N12003194WA0241602490
B1943314748487N12003202WA0241702491
B1943324748493N12003210WA0242002493
B1943334748498N12003219WA0242302495
B1943344748503N12003228WA0242502497
B1943354748507N12003237WA0242802499
B1943364748510N12003247WA0242802500
B1943374748513N12003258WA0242902501
B1943384748515N12003269WA0242802502
B1943394748516N12003280WA0242802502
B1943404748516N12003291WA0243002503
B1943414748514N12003301WA0243102504
B1943424748511N12003309WA0243002504
B1943434748508N12003316WA0243002504
B1943444748504N12003321WA0242802504
B1943454748499N12003325WA0243102504
B1943464748496N12003326WA0243302505
B1943474748492N12003326WA0243502506
B1943484748488N12003325WA0243402507
B1943494748484N12003322WA0243402507
B1943504748480N12003317WA0243502508
B1943514748478N12003312WA0243702509
B1943524748476N12003306WA0244002511
B1943534748475N12003299WA0244202513
B1943544748476N12003292WA0244302515
B1943554748478N12003285WA0244402516
B1943564748481N12003278WA0244402517
B1943574748485N12003271WA0244402518
B1943584748490N12003265WA0244802518
B1943594748496N12003261WA0244902519
B1944004748502N12003258WA0245002520
B1944014748509N12003255WA0245002521
B1944024748517N12003254WA0244802520
B1944034748524N12003253WA0244902521
B1944044748532N12003254WA0245102521
B1944054748540N12003257WA0245002522
B1944064748548N12003262WA0245102522
B1944074748555N12003268WA0245002522
B1944084748561N12003276WA0245102522
B1944094748567N12003284WA0245102522
B1944104748573N12003293WA0245002522
B1944114748578N12003302WA0245202523
B1944124748582N12003313WA0245102524
B1944134748585N12003324WA0245002524
B1944144748588N12003335WA0245102523
B1944154748591N12003346WA0245202524
B1944164748594N12003357WA0245202524
B1944174748599N12003367WA0245302525
B1944184748604N12003376WA0245302525
B1944194748610N12003384WA0245402525
B1944204748618N12003390WA0245402525
B1944214748625N12003395WA0245602526
B1944224748633N12003401WA0245802528
B1944234748641N12003406WA0246302531
B1944244748648N12003411WA0246302534
B1944254748654N12003415WA0246502536
B1944264748661N12003419WA0246502537
B1944274748668N12003424WA0246502536
B1944284748674N12003432WA0246102536
B1944294748680N12003442WA0246302536
B1944304748685N12003453WA0246402537
B1944314748689N12003464WA0246502538
B1944324748692N12003475WA0246902540
B1944334748694N12003486WA0246902541
B1944344748696N12003497WA0247002542
B1944354748696N12003508WA0246902542
B1944364748696N12003520WA0246902541
B1944374748696N12003531WA0247002542
B1944384748695N12003541WA0246802542
B1944394748692N12003549WA0247002542
B1944404748689N12003556WA0246802542
B1944414748686N12003562WA0247002542
B1944424748683N12003568WA0246902542
B1944434748681N12003572WA0247102542
B1944444748677N12003576WA0246802542
B1944454748674N12003578WA0246602540
B1944464748669N12003581WA0246402538
B1944474748665N12003583WA0246302537
B1944484748661N12003586WA0246402538
B1944494748657N12003589WA0246602539
B1944504748654N12003592WA0246702539
B1944514748651N12003596WA0246602539
B1944524748648N12003601WA0246502539
B1944534748645N12003606WA0246302538
B1944544748642N12003611WA0246102537
B1944554748639N12003617WA0246102537
B1944564748636N12003624WA0246102536
B1944574748635N12003632WA0246402537
B1944584748634N12003642WA0246302536
B1944594748635N12003653WA0245902534
B1945004748636N12003665WA0245802533
B1945014748637N12003677WA0245402532
B1945024748637N12003688WA0245502531
B1945034748637N12003698WA0245802532
B1945044748638N12003707WA0246002532
B1945054748639N12003717WA0245802532
B1945064748640N12003726WA0245702531
B1945074748642N12003736WA0245502529
B1945084748643N12003747WA0245402527
B1945094748643N12003759WA0244702524
B1945104748644N12003772WA0244302522
B1945114748644N12003784WA0244602522
B1945124748643N12003794WA0245102524
B1945134748643N12003803WA0245402527
B1945144748642N12003811WA0245502528
B1945154748641N12003820WA0245502528
B1945164748640N12003831WA0245102527
B1945174748640N12003842WA0245002526
B1945184748639N12003852WA0245102526
B1945194748637N12003862WA0245202527
B1945204748636N12003870WA0245302528
B1945214748633N12003877WA0245302528
B1945224748631N12003884WA0245102527
B1945234748628N12003891WA0244902525
B1945244748625N12003898WA0244702524
B1945254748621N12003903WA0244702523
B1945264748618N12003907WA0244802523
B1945274748614N12003910WA0244902523
B1945284748610N12003912WA0244902523
B1945294748606N12003914WA0244902523
B1945304748602N12003916WA0244902524
B1945314748598N12003917WA0244902524
B1945324748594N12003918WA0244902524
B1945334748589N12003919WA0244902524
B1945344748584N12003919WA0244802524
B1945354748579N12003920WA0244802523
B1945364748575N12003919WA0244902523
B1945374748570N12003918WA0245002524
B1945384748567N12003916WA0244902524
B1945394748563N12003914WA0244902524
B1945404748559N12003912WA0245102524
B1945414748556N12003909WA0244902524
B1945424748553N12003906WA0244802523
B1945434748550N12003902WA0244802522
B1945444748547N12003897WA0244602522
B1945454748544N12003893WA0244802522
B1945464748541N12003890WA0244902522
B1945474748538N12003888WA0245002522
B1945484748535N12003885WA0245002522
B1945494748532N12003883WA0244802522
B1945504748529N12003879WA0244602520
B1945514748526N12003875WA0244302519
B1945524748523N12003871WA0244102517
B1945534748520N12003866WA0244002516
B1945544748517N12003861WA0244102516
B1945554748514N12003856WA0244102516
B1945564748512N12003852WA0244302517
B1945574748509N12003848WA0244402518
B1945584748507N12003844WA0244602518
B1945594748506N12003839WA0244402518
B1946004748504N12003834WA0244202517
B1946014748502N12003827WA0244102516
B1946024748499N12003820WA0244002515
B1946034748497N12003814WA0244102515
B1946044748495N12003808WA0244202516
B1946054748493N12003803WA0244602518
B1946064748492N12003798WA0244702519
B1946074748490N12003794WA0244802519
B1946084748488N12003789WA0244702519
B1946094748485N12003784WA0244402519
B1946104748481N12003778WA0244302519
B1946114748478N12003773WA0244702519
B1946124748474N12003768WA0244702520
B1946134748471N12003764WA0244702520
B1946144748468N12003758WA0244402519
B1946154748465N12003751WA0244202518
B1946164748462N12003745WA0244202516
B1946174748459N12003739WA0244102515
B1946184748456N12003733WA0244002514
B1946194748453N12003726WA0243702513
B1946204748451N12003719WA0243702512
B1946214748449N12003711WA0243702512
B1946224748447N12003704WA0243802511
B1946234748446N12003697WA0243502510
B1946244748444N12003690WA0243402508
B1946254748441N12003683WA0243202507
B1946264748439N12003676WA0243102505
B1946274748436N12003669WA0243002504
B1946284748433N12003663WA0242902503
B1946294748430N12003658WA0242802502
B1946304748427N12003652WA0242602500
B1946314748424N12003646WA0242402499
B1946324748421N12003640WA0242502498
B1946334748418N12003634WA0242302497
B1946344748415N12003628WA0242302497
B1946354748412N12003622WA0242102496
B1946364748409N12003615WA0241902495
B1946374748406N12003609WA0242202495
B1946384748404N12003604WA0242202494
B1946394748403N12003599WA0242002493
B1946404748401N12003593WA0241602490
B1946414748399N12003588WA0241202488
B1946424748396N12003583WA0240902484
B1946434748392N12003579WA0240202480
B1946444748388N12003574WA0240202478
B1946454748385N12003570WA0240002476
B1946464748382N12003565WA0239902473
B1946474748380N12003559WA0239602471
B1946484748378N12003554WA0239302468
B1946494748375N12003548WA0239002465
B1946504748372N12003543WA0238702462
B1946514748368N12003538WA0238502460
B1946524748364N12003535WA0238502459
B1946534748360N12003532WA0238402457
B1946544748355N12003531WA0238102456
B1946554748350N12003529WA0238102454
B1946564748346N12003528WA0237902453
B1946574748341N12003527WA0237502450
B1946584748336N12003525WA0237302447
B1946594748331N12003523WA0236802445
B1947004748326N12003521WA0237002444
B1947014748320N12003519WA0237102443
B1947024748315N12003517WA0237002443
B1947034748311N12003515WA0237002442
B1947044748307N12003511WA0236702441
B1947054748303N12003507WA0236402440
B1947064748299N12003503WA0236402438
B1947074748295N12003499WA0236002436
B1947084748291N12003494WA0236002434
B1947094748287N12003489WA0235902433
B1947104748283N12003485WA0235902432
B1947114748280N12003480WA0236102432
B1947124748278N12003474WA0235802432
B1947134748274N12003468WA0235702431
B1947144748271N12003463WA0235802431
B1947154748267N12003458WA0236002432
B1947164748263N12003454WA0236502434
B1947174748261N12003449WA0236702437
B1947184748260N12003443WA0237002438
B1947194748259N12003437WA0236802439
B1947204748257N12003430WA0236802440
B1947214748255N12003424WA0237102442
B1947224748253N12003417WA0237302444
B1947234748253N12003410WA0237602447
B1947244748253N12003403WA0238002450
B1947254748253N12003397WA0238402452
B1947264748254N12003391WA0238302455
B1947274748255N12003385WA0238502455
B1947284748256N12003378WA0238302456
B1947294748257N12003371WA0238602458
B1947304748257N12003364WA0238802460
B1947314748257N12003357WA0239402463
B1947324748258N12003351WA0239602466
B1947334748259N12003346WA0239702468
B1947344748261N12003339WA0239902469
B1947354748263N12003333WA0239802470
B1947364748265N12003325WA0239902471
B1947374748268N12003318WA0240202474
B1947384748271N12003313WA0240602476
B1947394748274N12003308WA0241002479
B1947404748277N12003304WA0240902480
B1947414748282N12003301WA0240902481
B1947424748287N12003297WA0241002482
B1947434748291N12003293WA0241002482
B1947444748296N12003290WA0241002483
B1947454748302N12003287WA0241302485
B1947464748307N12003285WA0241302487
B1947474748311N12003284WA0241802489
B1947484748315N12003282WA0241902491
B1947494748320N12003280WA0242002492
B1947504748324N12003278WA0242102493
B1947514748328N12003276WA0242302495
B1947524748332N12003274WA0242402496
B1947534748337N12003271WA0242202497
B1947544748342N12003267WA0242202496
B1947554748347N12003262WA0241902496
B1947564748352N12003257WA0241902497
B1947574748357N12003254WA0242302498
B1947584748363N12003253WA0242302498
B1947594748369N12003252WA0242302497
B1948004748375N12003252WA0242002497
B1948014748382N12003249WA0241902496
B1948024748387N12003245WA0241902496
B1948034748392N12003241WA0242302498
B1948044748397N12003238WA0242602499
B1948054748401N12003234WA0242602500
B1948064748405N12003231WA0242602499
B1948074748410N12003227WA0242202498
B1948084748414N12003221WA0242002497
B1948094748418N12003215WA0242002496
B1948104748422N12003209WA0242102496
B1948114748425N12003203WA0242402497
B1948124748428N12003198WA0242502498
B1948134748430N12003194WA0242502498
B1948144748433N12003190WA0242402497
B1948154748437N12003184WA0241902495
B1948164748440N12003177WA0241602493
B1948174748443N12003170WA0241702492
B1948184748446N12003163WA0242102495
B1948194748449N12003158WA0242602498
B1948204748451N12003153WA0242902501
B1948214748453N12003149WA0243202504
B1948224748455N12003144WA0243402506
B1948234748457N12003140WA0243402508
B1948244748459N12003135WA0243502509
B1948254748460N12003128WA0243502510
B1948264748462N12003121WA0243602511
B1948274748463N12003115WA0243902513
B1948284748463N12003109WA0244102515
B1948294748465N12003103WA0244402517
B1948304748466N12003097WA0244602518
B1948314748468N12003089WA0244302519
B1948324748470N12003081WA0244202519
B1948334748473N12003074WA0244602520
B1948344748477N12003068WA0244902523
B1948354748482N12003065WA0245302525
B1948364748487N12003064WA0245402527
B1948374748492N12003064WA0245502528
B1948384748498N12003065WA0245602529
B1948394748504N12003068WA0245602530
B1948404748509N12003074WA0245502531
B1948414748513N12003081WA0245702532
B1948424748516N12003090WA0246002533
B1948434748517N12003100WA0246302535
B1948444748518N12003109WA0246302537
B1948454748520N12003118WA0246702539
B1948464748521N12003126WA0246602540
B1948474748522N12003135WA0246602541
B1948484748521N12003146WA0246402540
B1948494748519N12003156WA0246502540
B1948504748515N12003165WA0246702542
B1948514748510N12003172WA0247202546
B1948524748505N12003177WA0247602550
B1948534748499N12003181WA0248202553
B1948544748494N12003183WA0248302555
B1948554748488N12003186WA0248502557
B1948564748481N12003187WA0248402558
B1948574748474N12003186WA0248302558
B1948584748468N12003183WA0248302558
B1948594748461N12003180WA0248402559
B1949004748454N12003175WA0248402560
B1949014748449N12003170WA0248602561
B1949024748444N12003164WA0248802562
B1949034748441N12003158WA0248802563
B1949044748438N12003151WA0248702562
B1949054748436N12003142WA0248602562
B1949064748436N12003134WA0248802562
B1949074748436N12003126WA0249202564
B1949084748437N12003119WA0249302566
B1949094748438N12003112WA0249502568
B1949104748440N12003106WA0249502569
B1949114748443N12003099WA0249502570
B1949124748446N12003093WA0249702571
B1949134748449N12003088WA0250002572
B1949144748453N12003083WA0250102573
B1949154748457N12003080WA0249902573
B1949164748462N12003077WA0250002574
B1949174748467N12003075WA0249802574
B1949184748472N12003075WA0250002574
B1949194748477N12003074WA0250002575
B1949204748481N12003075WA0250302576
B1949214748485N12003075WA0250402576
B1949224748490N12003077WA0250202576
B1949234748494N12003079WA0249802575
B1949244748499N12003083WA0249802573
B1949254748504N12003088WA0249402571
B1949264748508N12003093WA0249702570
B1949274748513N12003099WA0249502569
B1949284748517N12003104WA0249402569
B1949294748521N12003109WA0249402569
B1949304748526N12003115WA0249302568
B1949314748530N12003121WA0249202567
B1949324748534N12003129WA0248902566
B1949334748537N12003138WA0248802564
B1949344748540N12003147WA0249002566
B1949354748543N12003154WA0249502567
B1949364748545N12003160WA0249802569
B1949374748548N12003166WA0249802570
B1949384748550N12003172WA0249502569
B1949394748554N12003180WA0249002565
B1949404748558N12003188WA0248502562
B1949414748562N12003197WA0248502560
B1949424748566N12003204WA0248802559
B1949434748571N12003208WA0249202559
B1949444748575N12003212WA0249302560
B1949454748581N12003217WA0248902560
B1949464748586N12003222WA0248902561
B1949474748592N12003229WA0249002562
B1949484748597N12003236WA0249302564
B1949494748601N12003243WA0249902567
B1949504748605N12003250WA0249902570
B1949514748608N12003257WA0250102572
B1949524748611N12003265WA0250302574
B1949534748614N12003273WA0250802577
B1949544748617N12003281WA0250902579
B1949554748619N12003288WA0251102581
B1949564748622N12003295WA0251002583
B1949574748625N12003304WA0251002583
B1949584748627N12003313WA0251102584
B1949594748627N12003323WA0251502586
B1950004748627N12003331WA0251802589
B1950014748627N12003339WA0252102592
B1950024748626N12003347WA0252302594
B1950034748625N12003355WA0252402596
B1950044748624N12003363WA0252402597
B1950054748622N12003373WA0252702599
B1950064748620N12003382WA0253002601
B1950074748619N12003392WA0253202603
B1950084748618N12003402WA0253302605
B1950094748618N12003412WA0253702607
B1950104748619N12003422WA0253902610
B1950114748620N12003432WA0254402613
B1950124748620N12003443WA0254202615
B1950134748619N12003452WA0254602616
B1950144748617N12003462WA0254602617
B1950154748615N12003472WA0254502618
B1950164748613N12003482WA0254402619
B1950174748610N12003491WA0254702619
B1950184748606N12003501WA0254802621
B1950194748603N12003509WA0255202623
B1950204748600N12003518WA0255202624
B1950214748597N12003526WA0255302625
B1950224748594N12003534WA0255202625
B1950234748589N12003540WA0255002624
B1950244748584N12003545WA0254702623
B1950254748579N12003549WA0254602621
B1950264748573N12003552WA0254202619
B1950274748568N12003554WA0254102616
B1950284748562N12003555WA0253702614
B1950294748556N12003555WA0253302611
B1950304748550N12003555WA0253102608
B1950314748544N12003554WA0253202606
B1950324748538N12003553WA0253002605
B1950334748532N12003552WA0252902604
B1950344748527N12003552WA0253002603
B1950354748521N12003551WA0252702601
B1950364748516N12003550WA0252302600
B1950374748510N12003549WA0252202598
B1950384748505N12003547WA0252302597
B1950394748500N12003545WA0252102596
B1950404748495N12003543WA0252202595
B1950414748489N12003540WA0252002595
B1950424748485N12003536WA0252102595
B1950434748481N12003532WA0252002595
B1950444748477N12003527WA0252102595
B1950454748474N12003522WA0252202595
B1950464748471N12003518WA0252202595
B1950474748468N12003512WA0251902594
B1950484748464N12003507WA0251802593
B1950494748461N12003501WA0251602592
B1950504748458N12003494WA0251802592
B1950514748455N12003488WA0251902593
B1950524748452N12003482WA0252002593
B1950534748450N12003476WA0252102593
B1950544748447N12003471WA0251902593
B1950554748445N12003464WA0251502592
B1950564748442N12003457WA0251402590
B1950574748439N12003450WA0251302589
B1950584748437N12003444WA0251102588
B1950594748435N12003437WA0251402588
B1951004748433N12003432WA0251402588
B1951014748432N12003425WA0251302587
B1951024748431N12003418WA0250902585
B1951034748429N12003410WA0250402583
B1951044748428N12003402WA0250302581
B1951054748427N12003396WA0250602580
B1951064748427N12003389WA0250702580
B1951074748427N12003383WA0250602579
B1951084748428N12003376WA0250402579
B1951094748428N12003369WA0250302578
B1951104748428N12003361WA0250102577
B1951114748429N12003353WA0250002575
B1951124748429N12003346WA0250102575
B1951134748429N12003338WA0250002574
B1951144748430N12003331WA0249902573
B1951154748430N12003324WA0249802572
B1951164748429N12003316WA0249502570
B1951174748428N12003309WA0249302569
B1951184748426N12003302WA0249302568
B1951194748424N12003296WA0249202567
B1951204748421N12003290WA0249302566
B1951214748418N12003285WA0249202565
B1951224748414N12003279WA0248802564
B1951234748411N12003273WA0248702561
B1951244748407N12003266WA0248302559
B1951254748403N12003259WA0248102556
B1951264748399N12003253WA0247702554
B1951274748395N12003246WA0247802553
B1951284748391N12003241WA0247702553
B1951294748388N12003235WA0247802553
B1951304748386N12003229WA0247702551
B1951314748384N12003223WA0247302549
B1951324748382N12003217WA0247002547
B1951334748380N12003210WA0246902545
B1951344748378N12003203WA0246802543
B1951354748375N12003197WA0246602541
B1951364748372N12003192WA0246702540
B1951374748368N12003188WA0246302538
B1951384748365N12003184WA0246002536
B1951394748361N12003178WA0245802534
B1951404748359N12003172WA0245602532
B1951414748357N12003165WA0245402530
B1951424748355N12003159WA0245202528
B1951434748353N12003152WA0245202527
B1951444748350N12003145WA0245102525
B1951454748348N12003138WA0244702523
B1951464748346N12003131WA0244602522
B1951474748343N12003124WA0244302520
B1951484748341N12003116WA0244102518
B1951494748338N12003109WA0244102517
B1951504748336N12003103WA0244202516
B1951514748333N12003096WA0244202516
B1951524748331N12003090WA0244202516
B1951534748329N12003084WA0244002515
B1951544748327N12003078WA0243902514
B1951554748325N12003071WA0243902513
B1951564748322N12003065WA0243902513
B1951574748320N12003059WA0243902512
B1951584748318N12003053WA0243802512
B1951594748317N12003047WA0243702511
B1952004748314N12003041WA0243602510
B1952014748312N12003035WA0243502510
B1952024748310N12003029WA0243602509
B1952034748307N12003022WA0243602509
B1952044748305N12003016WA0243502509
B1952054748303N12003010WA0243502508
B1952064748300N12003004WA0243502508
B1952074748297N12002999WA0243402508
B1952084748294N12002993WA0243402508
B1952094748292N12002986WA0243302507
B1952104748289N12002980WA0243302507
B1952114748286N12002974WA0243202506
B1952124748283N12002968WA0243302506
B1952134748281N12002962WA0243302506
B1952144748278N12002957WA0243302505
B1952154748275N12002951WA0243102505
B1952164748272N12002945WA0243102504
B1952174748270N12002939WA0243002503
B1952184748267N12002933WA0242902502
B1952194748265N12002927WA0243002502
B1952204748263N12002921WA0242902502
B1952214748261N12002915WA0242902501
B1952224748258N12002909WA0242602501
B1952234748256N12002902WA0242502499
B1952244748253N12002896WA0242502499
B1952254748251N12002889WA0242502498
B1952264748249N12002883WA0242602498
B1952274748247N12002877WA0242602498
B1952284748245N12002871WA0242802498
B1952294748243N12002865WA0242402498
B1952304748240N12002859WA0242202497
B1952314748238N12002852WA0242202497
B1952324748236N12002846WA0242302497
B1952334748234N12002840WA0242402497
B1952344748232N12002835WA0242502497
B1952354748230N12002829WA0242302497
B1952364748228N12002824WA0242102496
B1952374748225N12002817WA0242102494
B1952384748222N12002812WA0241902493
B1952394748220N12002806WA0241902492
B1952404748217N12002801WA0241802492
B1952414748215N12002795WA0241702491
B1952424748212N12002789WA0241602490
B1952434748210N12002783WA0241602489
B1952444748208N12002778WA0241602488
B1952454748205N12002772WA0241302486
B1952464748203N12002767WA0241202485
B1952474748200N12002761WA0241002483
B1952484748198N12002755WA0241002482
B1952494748196N12002748WA0240702481
B1952504748194N12002741WA0240602480
B1952514748191N12002735WA0240902481
B1952524748189N12002730WA0241202482
B1952534748187N12002725WA0241302482
B1952544748185N12002721WA0241202482
B1952554748184N12002715WA0241002482
B1952564748182N12002709WA0240702480
B1952574748180N12002703WA0240702479
B1952584748179N12002697WA0240602479
B1952594748177N12002692WA0240702479
B1953004748175N12002686WA0240702479
B1953014748174N12002681WA0240902478
B1953024748173N12002674WA0240402478
B1953034748172N12002667WA0240602477
B1953044748171N12002660WA0240302476
B1953054748169N12002653WA0240602476
B1953064748167N12002647WA0240702477
B1953074748165N12002642WA0240902478
B1953084748163N12002636WA0241002478
B1953094748161N12002630WA0240702479
B1953104748159N12002624WA0240702478
B1953114748156N12002618WA0240902479
B1953124748153N12002613WA0241002479
B1953134748149N12002609WA0241202480
B1953144748145N12002605WA0241202481
B1953154748141N12002601WA0241002481
B1953164748137N12002597WA0241102480
B1953174748133N12002592WA0240902480
B1953184748130N12002585WA0240602479
B1953194748129N12002578WA0240702478
B1953204748128N12002571WA0240602477
B1953214748130N12002563WA0240302475
B1953224748132N12002555WA0240102474
B1953234748136N12002547WA0240102473
B1953244748140N12002541WA0240102472
B1953254748145N12002535WA0240002471
B1953264748150N12002529WA0239802470
B1953274748156N12002524WA0239802468
B1953284748163N12002520WA0239602468
B1953294748171N12002517WA0239602467
B1953304748178N12002516WA0239602468
B1953314748185N12002516WA0239702468
B1953324748192N12002519WA0239802468
B1953334748198N12002522WA0239602467
B1953344748204N12002528WA0239202464
B1953354748210N12002534WA0238602462
B1953364748215N12002542WA0238602460
B1953374748220N12002551WA0238502459
B1953384748224N12002559WA0238702459
B1953394748228N12002567WA0238602459
B1953404748231N12002575WA0238702459
B1953414748234N12002583WA0238502458
B1953424748236N12002591WA0238302456
B1953434748239N12002600WA0238002453
B1953444748241N12002609WA0237802451
B1953454748243N12002618WA0237802450
B1953464748243N12002626WA0237502448
B1953474748243N12002634WA0237502447
B1953484748242N12002642WA0237302445
B1953494748242N12002652WA0237002442
B1953504748243N12002661WA0236402440
B1953514748243N12002671WA0236502438
B1953524748242N12002679WA0236602438
B1953534748240N12002685WA0236702438
B1953544748237N12002691WA0236702438
B1953554748233N12002696WA0236602437
B1953564748230N12002703WA0236502437
B1953574748226N12002710WA0236402437
B1953584748223N12002717WA0236702437
B1953594748220N12002725WA0236802438
B1954004748216N12002732WA0236802440
B1954014748211N12002738WA0237202442
B1954024748207N12002743WA0237502446
B1954034748204N12002747WA0238002449
B1954044748201N12002750WA0238202452
B1954054748199N12002752WA0238302452
B1954064748196N12002753WA0237902451
B1954074748192N12002753WA0237402449
B1954084748187N12002750WA0237002446
B1954094748183N12002746WA0236802445
B1954104748181N12002740WA0236802444
B1954114748180N12002733WA0236702443
B1954124748179N12002728WA0236702442
B1954134748179N12002722WA0236702440
B1954144748178N12002715WA0236202437
B1954154748177N12002708WA0235902434
B1954164748177N12002699WA0235302430
B1954174748179N12002690WA0235002427
B1954184748180N12002682WA0234902425
B1954194748183N12002674WA0234902423
B1954204748185N12002667WA0234602420
B1954214748188N12002658WA0234402417
B1954224748189N12002649WA0234002415
B1954234748191N12002639WA0234002413
B1954244748192N12002628WA0234002412
B1954254748194N12002618WA0233902414
B1954264748196N12002611WA0234502417
B1954274748200N12002606WA0234902419
B1954284748203N12002601WA0235102420
B1954294748206N12002596WA0234702420
B1954304748211N12002591WA0234402418
B1954314748216N12002585WA0234302416
B1954324748221N12002580WA0234202415
B1954334748227N12002576WA0234102414
B1954344748234N12002573WA0234002414
B1954354748240N12002571WA0233902413
B1954364748247N12002569WA0233802412
B1954374748254N12002568WA0233802411
B1954384748261N12002568WA0233602410
B1954394748268N12002568WA0233402407
B1954404748276N12002568WA0232802405
B1954414748283N12002567WA0232702401
B1954424748291N12002568WA0232202397
B1954434748298N12002571WA0231902394
B1954444748304N12002576WA0231502390
B1954454748310N12002581WA0231502387
B1954464748317N12002587WA0230902383
B1954474748323N12002591WA0230602381
B1954484748330N12002595WA0230702378
B1954494748336N12002597WA0230502377
B1954504748341N12002600WA0230302375
B1954514748347N12002605WA0230002372
B1954524748353N12002611WA0229202368
B1954534748358N12002617WA0229202364
B1954544748365N12002623WA0228802361
B1954554748371N12002627WA0228902359
B1954564748377N12002630WA0229202362
B1954574748382N12002631WA0229802364
B1954584748387N12002631WA0230002367
B1954594748392N12002630WA0230102368
B1955004748397N12002628WA0230002368
B1955014748403N12002627WA0229802369
B1955024748410N12002626WA0229802369
B1955034748416N12002627WA0229802371
B1955044748421N12002628WA0230602372
B1955054748426N12002628WA0230702374
B1955064748431N12002629WA0230802376
B1955074748436N12002633WA0230702376
B1955084748442N12002638WA0230302375
B1955094748447N12002645WA0230502376
B1955104748453N12002651WA0230602378
B1955114748458N12002656WA0231202381
B1955124748463N12002660WA0231902386
B1955134748466N12002665WA0232302390
B1955144748469N12002670WA0232502392
B1955154748472N12002677WA0232502394
B1955164748475N12002683WA0232702395
B1955174748478N12002690WA0232802397
B1955184748481N12002697WA0233202400
B1955194748483N12002704WA0233302402
B1955204748485N12002712WA0233602406
B1955214748486N12002721WA0234002410
B1955224748487N12002729WA0234502414
B1955234748487N12002735WA0235102419
B1955244748486N12002741WA0235802424
B1955254748485N12002746WA0236002428
B1955264748483N12002751WA0236402431
B1955274748481N12002758WA0236202434
B1955284748478N12002764WA0236602435
B1955294748475N12002770WA0236602438
B1955304748470N12002774WA0237002440
B1955314748465N12002775WA0237302442
B1955324748459N12002773WA0237302444
B1955334748454N12002769WA0237402444
B1955344748449N12002763WA0237302445
B1955354748445N12002754WA0237402446
B1955364748442N12002745WA0237702448
B1955374748440N12002736WA0237902449
B1955384748438N12002727WA0237902450
B1955394748436N12002717WA0238002451
B1955404748433N12002707WA0238002452
B1955414748431N12002696WA0238002452
B1955424748429N12002685WA0237802454
B1955434748427N12002674WA0238202456
B1955444748427N12002665WA0238802459
B1955454748427N12002657WA0239002461
B1955464748428N12002649WA0239102462
B1955474748431N12002641WA0238802461
B1955484748434N12002633WA0238602460
B1955494748437N12002625WA0238602460
B1955504748441N12002618WA0238602459
B1955514748445N12002612WA0238602458
B1955524748449N12002607WA0238502458
B1955534748453N12002603WA0238502457
B1955544748458N12002601WA0238302455
B1955554748463N12002600WA0238102453
B1955564748468N12002600WA0237702450
B1955574748474N12002600WA0237502447
B1955584748480N12002602WA0237102444
B1955594748487N12002606WA0236802441
B1956004748493N12002610WA0236402439
B1956014748499N12002614WA0236702438
B1956024748504N12002617WA0236802438
B1956034748509N12002621WA0237102439
B1956044748514N12002626WA0237202439
B1956054748518N12002632WA0237002440
B1956064748523N12002639WA0236802439
B1956074748528N12002646WA0236702439
B1956084748535N12002651WA0236702440
B1956094748541N12002657WA0236802441
B1956104748547N12002663WA0237202443
B1956114748551N12002671WA0237402443
B1956124748555N12002680WA0237302443
B1956134748558N12002689WA0237202444
B1956144748561N12002698WA0237802446
B1956154748564N12002706WA0237702448
B1956164748566N12002715WA0238202450
B1956174748568N12002724WA0238102452
B1956184748569N12002733WA0238502454
B1956194748571N12002741WA0238602457
B1956204748574N12002749WA0239002459
B1956214748577N12002757WA0239202461
B1956224748580N12002765WA0239402464
B1956234748583N12002773WA0239702466
B1956244748587N12002781WA0239802468
B1956254748590N12002789WA0240002470
B1956264748592N12002798WA0239902471
B1956274748595N12002807WA0240002472
B1956284748597N12002816WA0240302475
B1956294748599N12002824WA0240902478
B1956304748601N12002831WA0241002480
B1956314748603N12002840WA0240702481
B1956324748604N12002849WA0240902481
B1956334748606N12002858WA0241002482
B1956344748607N12002866WA0241302485
B1956354748607N12002874WA0241702487
B1956364748607N12002881WA0242002489
B1956374748607N12002889WA0241902491
B1956384748606N12002896WA0242202492
B1956394748604N12002903WA0242102493
B1956404748602N12002910WA0242402495
B1956414748600N12002916WA0242302496
B1956424748597N12002922WA0242602497
B1956434748595N12002927WA0242902499
B1956444748591N12002931WA0242802499
B1956454748587N12002934WA0242502500
B1956464748583N12002936WA0242902500
B1956474748578N12002938WA0242902501
B1956484748573N12002938WA0242602502
B1956494748568N12002938WA0243102503
B1956504748565N12002935WA0243402506
B1956514748561N12002932WA0243802509
B1956524748558N12002929WA0244002511
B1956534748555N12002926WA0243902512
B1956544748551N12002923WA0243902513
B1956554748546N12002919WA0244002515
B1956564748542N12002915WA0244302516
B1956574748538N12002911WA0244702519
B1956584748534N12002906WA0245102522
B1956594748531N12002900WA0245402525
B1957004748527N12002894WA0245602528
B1957014748524N12002888WA0245702530
B1957024748520N12002881WA0246002533
B1957034748517N12002874WA0246302535
B1957044748514N12002867WA0246702538
B1957054748511N12002861WA0247002541
B1957064748509N12002854WA0247002542
B1957074748506N12002848WA0247002544
B1957084748502N12002843WA0247102543
B1957094748498N12002838WA0246902542
B1957104748494N12002834WA0246402540
B1957114748489N12002829WA0246102536
B1957124748484N12002824WA0245502533
B1957134748478N12002819WA0245602530
B1957144748473N12002813WA0245202529
B1957154748468N12002807WA0245202528
B1957164748463N12002800WA0245102526
B1957174748458N12002793WA0245002524
B1957184748454N12002786WA0244902523
B1957194748448N12002778WA0244802521
B1957204748443N12002771WA0244402520
B1957214748439N12002765WA0244802520
B1957224748435N12002760WA0245002520
B1957234748430N12002755WA0245002520
B1957244748426N12002751WA0244402518
B1957254748420N12002746WA0244202515
B1957264748414N12002741WA0243802511
B1957274748408N12002735WA0243302508
B1957284748402N12002728WA0242802505
B1957294748397N12002723WA0243002502
B1957304748392N12002718WA0242902501
B1957314748387N12002714WA0243102502
B1957324748383N12002712WA0243202502
B1957334748379N12002709WA0243202502
B1957344748375N12002706WA0242802500
B1957354748370N12002703WA0242302498
B1957364748366N12002699WA0242102495
B1957374748360N12002695WA0241802493
B1957384748355N12002690WA0241402490
B1957394748350N12002685WA0241302488
B1957404748345N12002680WA0241102486
B1957414748341N12002674WA0241102484
B1957424748337N12002669WA0241002483
B1957434748333N12002663WA0241102482
B1957444748329N12002658WA0240702481
B1957454748324N12002653WA0240602479
B1957464748320N12002647WA0240202477
B1957474748316N12002641WA0240202475
B1957484748311N12002634WA0239802474
B1957494748307N12002628WA0239802473
B1957504748303N12002621WA0239902472
B1957514748299N12002615WA0239802471
B1957524748295N12002609WA0239902471
B1957534748290N12002604WA0239702470
B1957544748286N12002598WA0239402468
B1957554748281N12002593WA0239202466
B1957564748276N12002587WA0239002464
B1957574748271N12002581WA0238802462
B1957584748266N12002575WA0238702461
B1957594748262N12002569WA0238702460
B1958004748258N12002563WA0238502459
B1958014748253N12002557WA0238402457
B1958024748249N12002550WA0237902455
B1958034748244N12002544WA0238002453
B1958044748239N12002538WA0237902452
B1958054748235N12002533WA0237902451
B1958064748230N12002527WA0237702450
B1958074748227N12002521WA0237702449
B1958084748223N12002514WA0237302447
B1958094748218N12002508WA0237102445
B1958104748213N12002501WA0236502442
B1958114748208N12002495WA0236202439
B1958124748204N12002490WA0236402438
B1958134748200N12002486WA0236402437
B1958144748196N12002482WA0236402436
B1958154748192N12002478WA0236002432
B1958164748187N12002474WA0235402428
B1958174748181N12002468WA0235002424
B1958184748175N12002463WA0234502421
B1958194748169N12002457WA0234402419
B1958204748164N12002452WA0234702420
B1958214748160N12002447WA0234702420
B1958224748156N12002442WA0234902419
B1958234748152N12002436WA0234402417
B1958244748147N12002429WA0233902414
B1958254748143N12002422WA0233602411
B1958264748138N12002414WA0233102407
B1958274748133N12002406WA0233002405
B1958284748128N12002399WA0232902403
B1958294748123N12002393WA0232802402
B1958304748119N12002386WA0232802401
B1958314748115N12002380WA0232702400
B1958324748111N12002373WA0232302397
B1958334748107N12002366WA0231902394
B1958344748102N12002359WA0231402392
B1958354748098N12002352WA0231302390
B1958364748093N12002346WA0231402388
B1958374748089N12002341WA0231502387
B1958384748085N12002336WA0231202386
B1958394748080N12002332WA0231002383
B1958404748076N12002328WA0230602381
B1958414748070N12002325WA0230202378
B1958424748065N12002322WA0230102376
B1958434748060N12002319WA0229802373
B1958444748056N12002316WA0229802371
B1958454748051N12002313WA0229402370
B1958464748047N12002309WA0229402367
B1958474748042N12002304WA0229102365
B1958484748038N12002299WA0228702362
B1958494748033N12002295WA0228702358
B1958504748027N12002291WA0228102356
B1958514748021N12002290WA0228102353
B1958524748015N12002291WA0228102353
B1958534748010N12002292WA0228302355
B1958544748005N12002293WA0228802358
B1958554748001N12002294WA0229102361
B1958564747998N12002294WA0229002361
B1958574747994N12002294WA0228902362
B1958584747989N12002293WA0229002361
B1958594747984N12002294WA0228902361
B1959004747980N12002296WA0228902362
B1959014747975N12002299WA0229202365
B1959024747971N12002301WA0230002368
B1959034747968N12002302WA0230302372
B1959044747964N12002302WA0230602374
B1959054747961N12002301WA0230502376
B1959064747956N12002302WA0230502377
B1959074747950N12002304WA0230702379
B1959084747945N12002306WA0231002382
B1959094747941N12002308WA0231402386
B1959104747938N12002311WA0232102390
B1959114747936N12002313WA0232302393
B1959124747933N12002316WA0232202394
B1959134747928N12002320WA0232002394
B1959144747923N12002323WA0231702394
B1959154747917N12002325WA0231802395
B1959164747912N12002325WA0232702400
B1959174747908N12002324WA0233302408
B1959184747904N12002323WA0233902413
B1959194747901N12002322WA0234302416
B1959204747897N12002321WA0234302418
B1959214747893N12002320WA0234302420
B1959224747888N12002320WA0234202421
B1959234747883N12002319WA0234702424
B1959244747878N12002318WA0235402428
B1959254747874N12002317WA0235702432
B1959264747869N12002316WA0236202436
B1959274747865N12002313WA0236302438
B1959284747861N12002310WA0236502440
B1959294747857N12002307WA0236702442
B1959304747853N12002302WA0237002445
B1959314747850N12002298WA0237202447
B1959324747846N12002294WA0237502449
B1959334747842N12002290WA0237502450
B1959344747837N12002286WA0237402451
B1959354747832N12002281WA0237602452
B1959364747828N12002275WA0237602453
B1959374747824N12002270WA0238002455
B1959384747819N12002265WA0238402458
B1959394747815N12002259WA0238202459
B1959404747810N12002254WA0238102459
B1959414747804N12002250WA0238002458
B1959424747797N12002245WA0237902457
B1959434747791N12002239WA0237902457
B1959444747785N12002233WA0238002457
B1959454747779N12002226WA0238102459
B1959464747774N12002220WA0238502461
B1959474747769N12002214WA0239002462
B1959484747765N12002208WA0238802464
B1959494747760N12002201WA0239002464
B1959504747755N12002195WA0238702464
B1959514747750N12002189WA0238702463
B1959524747745N12002183WA0238302462
B1959534747739N12002179WA0238502461
B1959544747734N12002176WA0238602460
B1959554747729N12002173WA0238402459
B1959564747724N12002170WA0237902457
B1959574747718N12002167WA0237602454
B1959584747712N12002162WA0237302451
B1959594747706N12002157WA0237202449
B2000004747700N12002153WA0237002447
B2000014747694N12002149WA0237002446
B2000024747689N12002145WA0236702444
B2000034747683N12002141WA0236502442
B2000044747677N12002138WA0236102440
B2000054747671N12002134WA0235902437
B2000064747664N12002130WA0235802435
B2000074747658N12002126WA0235602433
B2000084747651N12002122WA0235102430
B2000094747644N12002117WA0234902427
B2000104747637N12002112WA0234402424
B2000114747630N12002106WA0234302421
B2000124747623N12002101WA0234302420
B2000134747616N12002096WA0234302419
B2000144747610N12002092WA0234002417
B2000154747603N12002088WA0234002416
B2000164747597N12002084WA0233902415
B2000174747590N12002080WA0234002415
B2000184747585N12002076WA0234002414
B2000194747579N12002071WA0233702412
B2000204747573N12002066WA0233502410
B2000214747566N12002062WA0233202408
B2000224747560N12002057WA0233002407
B2000234747554N12002051WA0233102406
B2000244747548N12002045WA0232802404
B2000254747542N12002038WA0232702402
B2000264747536N12002031WA0232202400
B2000274747529N12002025WA0231902397
B2000284747522N12002018WA0231502394
B2000294747515N12002011WA0231302391
B2000304747508N12002005WA0231002389
B2000314747501N12001998WA0230902387
B2000324747495N12001991WA0230802385
B2000334747489N12001984WA0230702383
B2000344747483N12001976WA0230502382
B2000354747477N12001969WA0230302379
B2000364747471N12001963WA0229902377
B2000374747465N12001956WA0229802374
B2000384747458N12001948WA0229302371
B2000394747452N12001941WA0229102369
B2000404747446N12001934WA0228802366
B2000414747439N12001926WA0228802364
B2000424747433N12001919WA0228802363
B2000434747427N12001911WA0228402361
B2000444747420N12001904WA0228302359
B2000454747414N12001897WA0228102357
B2000464747408N12001890WA0227802355
B2000474747402N12001884WA0227602353
B2000484747396N12001877WA0227402351
B2000494747391N12001870WA0227302350
B2000504747385N12001863WA0227202348
B2000514747380N12001856WA0226902347
B2000524747374N12001849WA0226902345
B2000534747369N12001842WA0226802344
B2000544747363N12001835WA0226502343
B2000554747358N12001827WA0226302341
B2000564747352N12001820WA0226302340
B2000574747347N12001812WA0226102338
B2000584747341N12001804WA0225802336
B2000594747335N12001795WA0225702335
B2001004747329N12001786WA0225102333
B2001014747322N12001777WA0225202333
B2001024747317N12001769WA0225502333
B2001034747311N12001760WA0225702333
B2001044747306N12001752WA0226002334
B2001054747301N12001744WA0225802335
B2001064747295N12001736WA0225602334
B2001074747290N12001728WA0225602333
B2001084747283N12001719WA0225102331
B2001094747277N12001711WA0225002329
B2001104747270N12001703WA0224802328
B2001114747264N12001695WA0224402326
B2001124747257N12001688WA0224502325
B2001134747251N12001680WA0224402324
B2001144747245N12001673WA0224402322
B2001154747239N12001665WA0224202320
B2001164747234N12001657WA0223702319
B2001174747228N12001649WA0223902317
B2001184747223N12001641WA0223702316
B2001194747218N12001634WA0223802315
B2001204747213N12001626WA0223402314
B2001214747208N12001618WA0223202312
B2001224747203N12001610WA0223102310
B2001234747198N12001602WA0223002308
B2001244747193N12001594WA0222602307
B2001254747187N12001588WA0222902305
B2001264747182N12001581WA0222402303
B2001274747176N12001575WA0222102300
B2001284747170N12001568WA0221802297
B2001294747164N12001562WA0221602295
B2001304747157N12001555WA0221302293
B2001314747151N12001548WA0221102291
B2001324747146N12001541WA0221102290
B2001334747140N12001534WA0221102289
B2001344747135N12001528WA0221202288
B2001354747129N12001521WA0221102287
B2001364747124N12001515WA0220802286
B2001374747118N12001509WA0220502283
B2001384747113N12001502WA0220402281
B2001394747107N12001495WA0220102279
B2001404747102N12001488WA0220002277
B2001414747097N12001480WA0219902276
B2001424747091N12001473WA0219402273
B2001434747086N12001466WA0219302271
B2001444747081N12001459WA0219102270
B2001454747075N12001452WA0219002268
B2001464747070N12001445WA0218802266
B2001474747065N12001439WA0218602265
B2001484747060N12001433WA0218802264
B2001494747055N12001426WA0219002264
B2001504747052N12001420WA0219202265
B2001514747048N12001414WA0219302265
B2001524747045N12001408WA0218902264
B2001534747040N12001403WA0218702262
B2001544747034N12001397WA0218102258
B2001554747028N12001392WA0217802255
B2001564747021N12001387WA0217502252
B2001574747014N12001383WA0217302250
B2001584747007N12001379WA0217302249
B2001594747000N12001376WA0217402249
B2002004746993N12001373WA0217202248
B2002014746987N12001369WA0217002246
B2002024746980N12001365WA0216802244
B2002034746972N12001361WA0216402242
B2002044746965N12001357WA0216002239
B2002054746958N12001352WA0216102238
B2002064746951N12001348WA0215802236
B2002074746944N12001343WA0215802235
B2002084746938N12001338WA0216002235
B2002094746932N12001333WA0216102235
B2002104746927N12001329WA0215902234
B2002114746921N12001326WA0215802232
B2002124746914N12001324WA0215202230
B2002134746907N12001323WA0215202228
B2002144746901N12001321WA0214702226
B2002154746895N12001318WA0214802224
B2002164746889N12001315WA0215002223
B2002174746885N12001313WA0214902223
B2002184746881N12001309WA0214802222
B2002194746878N12001306WA0214602220
B2002204746874N12001302WA0214102217
B2002214746870N12001299WA0213502213
B2002224746865N12001297WA0212802208
B2002234746860N12001294WA0212302204
B2002244746854N12001291WA0211902200
B2002254746849N12001289WA0211702197
B2002264746843N12001285WA0211302194
B2002274746837N12001282WA0211002192
B2002284746832N12001278WA0210702189
B2002294746827N12001275WA0210802187
B2002304746823N12001272WA0210802185
B2002314746819N12001269WA0210502183
B2002324746814N12001266WA0210002179
B2002334746810N12001262WA0209502175
B2002344746806N12001258WA0208902170
B2002354746801N12001252WA0208402166
B2002364746797N12001247WA0208202163
B2002374746792N12001241WA0208102160
B2002384746788N12001236WA0207802158
B2002394746784N12001230WA0207702155
B2002404746780N12001224WA0207102153
B2002414746775N12001218WA0207002151
B2002424746769N12001214WA0206902149
B2002434746763N12001210WA0206902148
B2002444746757N12001208WA0207002147
B2002454746752N12001205WA0207102147
B2002464746747N12001203WA0207402147
B2002474746742N12001200WA0207502147
B2002484746737N12001198WA0207102145
B2002494746732N12001195WA0206902143
B2002504746726N12001193WA0206502141
B2002514746720N12001190WA0206502139
B2002524746715N12001187WA0206702139
B2002534746711N12001184WA0206902139
B2002544746706N12001182WA0207002140
B2002554746701N12001180WA0206902139
B2002564746696N12001180WA0206602138
B2002574746690N12001181WA0206402136
B2002584746684N12001181WA0206302135
B2002594746678N12001181WA0205902134
B2003004746671N12001182WA0206102133
B2003014746665N12001182WA0206302133
B2003024746659N12001182WA0206302133
B2003034746654N12001181WA0206402132
B2003044746648N12001180WA0206202131
B2003054746642N12001179WA0206202129
B2003064746636N12001178WA0205602128
B2003074746630N12001178WA0205402125
B2003084746623N12001177WA0205102123
B2003094746617N12001176WA0204702120
B2003104746610N12001175WA0204202116
B2003114746603N12001173WA0204002113
B2003124746595N12001170WA0203602111
B2003134746588N12001167WA0203502109
B2003144746582N12001164WA0203502107
B2003154746576N12001161WA0203102104
B2003164746571N12001157WA0202702101
B2003174746565N12001153WA0202302097
B2003184746559N12001149WA0201602093
B2003194746553N12001145WA0201202089
B2003204746548N12001140WA0201002086
B2003214746543N12001135WA0201102084
B2003224746537N12001130WA0200602082
B2003234746532N12001127WA0200502079
B2003244746525N12001124WA0200102077
B2003254746519N12001121WA0200102075
B2003264746513N12001119WA0200002074
B2003274746508N12001116WA0199802072
B2003284746502N12001114WA0199602070
B2003294746496N12001111WA0199502069
B2003304746491N12001108WA0199202067
B2003314746485N12001106WA0199002065
B2003324746480N12001103WA0199002063
B2003334746476N12001100WA0198802060
B2003344746471N12001097WA0198502058
B2003354746466N12001093WA0198002054
B2003364746461N12001088WA0197302050
B2003374746455N12001083WA0196902046
B2003384746449N12001077WA0196302043
B2003394746443N12001070WA0196102041
B2003404746439N12001063WA0196602040
B2003414746435N12001059WA0197102041
B2003424746431N12001056WA0197802044
B2003434746428N12001053WA0197902045
B2003444746425N12001051WA0198002046
B2003454746422N12001048WA0197902045
B2003464746419N12001044WA0197702044
B2003474746416N12001039WA0197802044
B2003484746413N12001035WA0198202044
B2003494746410N12001032WA0198302045
B2003504746408N12001029WA0198502045
B2003514746405N12001027WA0198402045
B2003524746402N12001024WA0198002044
B2003534746398N12001020WA0197802042
B2003544746395N12001016WA0197602040
B2003554746391N12001012WA0197602039
B2003564746387N12001009WA0197402038
B2003574746384N12001005WA0197402038
B2003584746382N12001001WA0197302037
B2003594746378N12000997WA0197202035
B2004004746374N12000994WA0196602033
B2004014746370N12000991WA0196302029
B2004024746365N12000988WA0195702026
B2004034746360N12000984WA0195302022
B2004044746354N12000979WA0194702018
B2004054746349N12000975WA0194802016
B2004064746344N12000970WA0194502013
B2004074746340N12000966WA0194402009
B2004084746335N12000961WA0193702005
B2004094746330N12000956WA0193102001
B2004104746324N12000950WA0192801996
B2004114746320N12000944WA0192501993
B2004124746315N12000937WA0192201991
B2004134746311N12000930WA0192101988
B2004144746307N12000924WA0191701986
B2004154746303N12000919WA0191501983
B2004164746298N12000914WA0191301980
B2004174746294N12000908WA0190901977
B2004184746289N12000902WA0190401974
B2004194746284N12000896WA0190401970
B2004204746279N12000890WA0189601967
B2004214746275N12000884WA0189601964
B2004224746270N12000878WA0189501962
B2004234746266N12000871WA0189301960
B2004244746262N12000864WA0188801957
B2004254746258N12000857WA0188701953
B2004264746253N12000850WA0188201950
B2004274746248N12000843WA0187901947
B2004284746243N12000837WA0187301943
B2004294746238N12000831WA0187201940
B2004304746232N12000825WA0186901937
B2004314746227N12000820WA0186801934
B2004324746221N12000815WA0186301931
B2004334746215N12000811WA0186101928
B2004344746209N12000805WA0185701925
B2004354746204N12000800WA0185201922
B2004364746198N12000794WA0184901919
B2004374746192N12000788WA0184801916
B2004384746186N12000783WA0184501914
B2004394746179N12000777WA0184601913
B2004404746173N12000772WA0184201911
B2004414746168N12000767WA0184101910
B2004424746163N12000762WA0184201909
B2004434746158N12000757WA0184101909
B2004444746153N12000753WA0184001907
B2004454746147N12000749WA0183901906
B2004464746142N12000745WA0183801905
B2004474746137N12000740WA0183401905
B2004484746132N12000735WA0184101905
B2004494746127N12000730WA0184101906
B2004504746122N12000726WA0184201908
B2004514746119N12000722WA0184401910
B2004524746116N12000720WA0185001912
B2004534746113N12000717WA0185101914
B2004544746111N12000715WA0185201914
B2004554746108N12000713WA0184901914
B2004564746105N12000710WA0184401911
B2004574746102N12000707WA0184101908
B2004584746098N12000702WA0183401904
B2004594746093N12000697WA0182801899
B2005004746088N12000690WA0182501895
B2005014746083N12000683WA0182201891
B2005024746078N12000676WA0181701888
B2005034746073N12000669WA0181401884
B2005044746067N12000663WA0180801880
B2005054746061N12000658WA0180701876
B2005064746055N12000652WA0180101872
B2005074746050N12000646WA0179901868
B2005084746045N12000639WA0179201864
B2005094746041N12000633WA0179101861
B2005104746037N12000626WA0178801858
B2005114746032N12000620WA0178701855
B2005124746027N12000614WA0178301852
B2005134746023N12000609WA0178001849
B2005144746018N12000603WA0177901846
B2005154746014N12000597WA0177801844
B2005164746010N12000590WA0177501842
B2005174746007N12000583WA0177201839
B2005184746003N12000576WA0176901835
B2005194746000N12000568WA0176501831
B2005204745996N12000560WA0175901828
B2005214745992N12000553WA0175801824
B2005224745988N12000545WA0175401820
B2005234745983N12000538WA0174901816
B2005244745978N12000531WA0174501813
B2005254745973N12000525WA0174101809
B2005264745967N12000518WA0173901807
B2005274745962N12000511WA0174001804
B2005284745957N12000503WA0173601802
B2005294745953N12000496WA0173301800
B2005304745947N12000488WA0172901797
B2005314745942N12000481WA0172901795
B2005324745937N12000474WA0172801794
B2005334745933N12000467WA0172501792
B2005344745928N12000462WA0172401791
B2005354745923N12000457WA0172601790
B2005364745918N12000453WA0172601789
B2005374745913N12000449WA0172301788
B2005384745908N12000445WA0172201786
B2005394745902N12000440WA0171701784
B2005404745896N12000436WA0171501782
B2005414745890N12000433WA0171401781
B2005424745883N12000430WA0171301779
B2005434745877N12000427WA0171401779
B2005444745871N12000424WA0171501778
B2005454745865N12000421WA0171501778
B2005464745859N12000419WA0171401778
B2005474745852N12000417WA0171301777
B2005484745845N12000414WA0171101776
B2005494745838N12000411WA0171001775
B2005504745831N12000408WA0170901774
B2005514745824N12000404WA0171001774
B2005524745816N12000400WA0171001774
B2005534745810N12000396WA0171201774
B2005544745803N12000392WA0171401775
B2005554745796N12000387WA0171201774
B2005564745789N12000383WA0170901774
B2005574745783N12000378WA0170701772
B2005584745776N12000374WA0170601770
B2005594745769N12000370WA0170601768
B2006004745762N12000365WA0170201767
B2006014745756N12000361WA0170201765
B2006024745751N12000355WA0170001762
B2006034745745N12000350WA0169701759
B2006044745738N12000345WA0169401756
B2006054745731N12000340WA0169001755
B2006064745725N12000334WA0169501756
B2006074745719N12000327WA0169301756
B2006084745714N12000321WA0169501756
B2006094745708N12000315WA0169201756
B2006104745702N12000309WA0169501756
B2006114745696N12000303WA0169501756
B2006124745691N12000297WA0169201755
B2006134745685N12000291WA0169501754
B2006144745679N12000284WA0169001753
B2006154745673N12000278WA0169001752
B2006164745667N12000271WA0168601750
B2006174745661N12000265WA0168701749
B2006184745654N12000258WA0168501747
B2006194745648N12000252WA0168401745
B2006204745641N12000245WA0167601743
B2006214745633N12000239WA0167601741
B2006224745626N12000233WA0167401740
B2006234745619N12000227WA0167401738
B2006244745611N12000221WA0166901736
B2006254745603N12000215WA0166801733
B2006264745595N12000210WA0166201730
B2006274745588N12000204WA0166201729
B2006284745580N12000199WA0166501729
B2006294745574N12000194WA0166501729
B2006304745567N12000189WA0166501728
B2006314745560N12000184WA0166201727
B2006324745553N12000179WA0165901725
B2006334745545N12000175WA0165901723
B2006344745537N12000171WA0165601722
B2006354745529N12000167WA0165401720
B2006364745521N12000162WA0165301718
B2006374745514N12000157WA0165001716
B2006384745506N12000152WA0164701713
B2006394745498N12000147WA0164601711
B2006404745490N12000142WA0164201709
B2006414745482N12000138WA0164201707
B2006424745473N12000134WA0164001706
B2006434745465N12000130WA0164401705
B2006444745458N12000125WA0164101705
B2006454745450N12000120WA0163801704
B2006464745443N12000115WA0164001701
B2006474745436N12000111WA0163601700
B2006484745429N12000107WA0163601699
B2006494745422N12000102WA0163401698
B2006504745415N12000095WA0163301696
B2006514745408N12000089WA0162701693
B2006524745400N12000083WA0162501691
B2006534745392N12000078WA0162201688
B2006544745385N12000074WA0162101687
B2006554745377N12000069WA0161901685
B2006564745370N12000064WA0161701682
B2006574745362N12000059WA0161401679
B2006584745354N12000053WA0161101676
B2006594745346N12000047WA0160901673
B2007004745338N12000041WA0160501670
B2007014745329N12000035WA0160001667
B2007024745320N12000029WA0159801664
B2007034745311N12000024WA0159701663
B2007044745303N12000019WA0159601661
B2007054745295N12000014WA0159501659
B2007064745287N12000009WA0159301657
B2007074745280N12000004WA0159201655
B2007084745272N11959999WA0158901653
B2007094745264N11959995WA0158601651
B2007104745255N11959989WA0158501649
B2007114745247N11959984WA0158301647
B2007124745239N11959978WA0157901646
B2007134745231N11959973WA0158101644
B2007144745223N11959968WA0158001644
B2007154745216N11959963WA0158101643
B2007164745208N11959958WA0157901642
B2007174745200N11959953WA0157801641
B2007184745192N11959948WA0157601640
B2007194745185N11959943WA0157601639
B2007204745177N11959938WA0157601639
B2007214745169N11959933WA0157501638
B2007224745161N11959928WA0157401637
B2007234745153N11959923WA0157201636
B2007244745145N11959917WA0157201635
B2007254745137N11959911WA0156901633
B2007264745129N11959906WA0156701632
B2007274745120N11959902WA0156701631
B2007284745112N11959899WA0156301630
B2007294745103N11959896WA0156601629
B2007304745095N11959894WA0156401628
B2007314745087N11959890WA0156401627
B2007324745079N11959885WA0156301626
B2007334745071N11959880WA0156201624
B2007344745064N11959873WA0155601622
B2007354745056N11959866WA0155301619
B2007364745048N11959858WA0154801616
B2007374745041N11959850WA0154901613
B2007384745034N11959842WA0154601611
B2007394745028N11959834WA0154601609
B2007404745021N11959826WA0154501607
B2007414745016N11959818WA0154401607
B2007424745011N11959810WA0154801607
B2007434745008N11959802WA0154801608
B2007444745003N11959796WA0154501608
B2007454744999N11959789WA0154601608
B2007464744994N11959783WA0154601607
B2007474744989N11959777WA0154401607
B2007484744985N11959770WA0154401606
B2007494744980N11959764WA0154301606
B2007504744975N11959759WA0154301606
B2007514744969N11959754WA0154301606
B2007524744964N11959748WA0154301605
B2007534744959N11959743WA0154301605
B2007544744954N11959737WA0154101604
B2007554744949N11959730WA0154001603
B2007564744944N11959723WA0153801602
B2007574744938N11959717WA0153801602
B2007584744932N11959712WA0153701602
B2007594744926N11959707WA0154001602
B2008004744920N11959702WA0154401603
B2008014744915N11959696WA0154001603
B2008024744909N11959690WA0154201603
B2008034744903N11959683WA0153901604
B2008044744897N11959676WA0154001603
B2008054744891N11959669WA0153801604
B2008064744885N11959662WA0154301605
B2008074744879N11959656WA0154301606
B2008084744873N11959651WA0154601608
B2008094744868N11959645WA0155001610
B2008104744863N11959639WA0154901612
B2008114744858N11959633WA0155001613
B2008124744853N11959627WA0155201614
B2008134744847N11959621WA0155201615
B2008144744842N11959614WA0155201616
B2008154744837N11959607WA0155101616
B2008164744832N11959600WA0155101617
B2008174744827N11959593WA0155501618
B2008184744822N11959586WA0155701619
B2008194744817N11959580WA0155601620
B2008204744812N11959574WA0155701620
B2008214744807N11959567WA0155601621
B2008224744802N11959560WA0155801621
B2008234744797N11959552WA0155801622
B2008244744792N11959544WA0155901622
B2008254744786N11959536WA0155701623
B2008264744781N11959528WA0155901623
B2008274744775N11959521WA0156101624
B2008284744770N11959513WA0156201625
B2008294744764N11959504WA0156101626
B2008304744759N11959495WA0156201627
B2008314744754N11959486WA0156501629
B2008324744751N11959476WA0156901631
B2008334744749N11959466WA0157301633
B2008344744747N11959456WA0157301634
B2008354744746N11959445WA0157101634
B2008364744744N11959433WA0156801634
B2008374744742N11959421WA0156901634
B2008384744742N11959409WA0157201636
B2008394744742N11959399WA0157601640
B2008404744743N11959390WA0158501644
B2008414744745N11959381WA0159001648
B2008424744745N11959374WA0159201651
B2008434744745N11959365WA0159401654
B2008444744743N11959357WA0159501656
B2008454744741N11959349WA0159601658
B2008464744738N11959340WA0159701659
B2008474744736N11959332WA0160201662
B2008484744734N11959324WA0160701666
B2008494744731N11959318WA0161201671
B2008504744727N11959313WA0161201674
B2008514744723N11959308WA0161601677
B2008524744718N11959303WA0161801679
B2008534744714N11959298WA0162101682
B2008544744709N11959293WA0162501686
B2008554744704N11959290WA0162701689
B2008564744699N11959287WA0163101693
B2008574744694N11959285WA0163501697
B2008584744689N11959284WA0164201702
B2008594744684N11959283WA0164401707
B2009004744680N11959284WA0165001711
B2009014744675N11959287WA0165201714
B2009024744670N11959291WA0165201715
B2009034744666N11959297WA0165301717
B2009044744661N11959303WA0165501719
B2009054744657N11959309WA0165701721
B2009064744654N11959317WA0166101723
B2009074744651N11959325WA0166201725
B2009084744649N11959334WA0166301727
B2009094744646N11959343WA0166601730
B2009104744643N11959350WA0166901733
B2009114744639N11959356WA0167201736
B2009124744635N11959362WA0167601739
B2009134744632N11959370WA0167801742
B2009144744632N11959380WA0168001745
B2009154744632N11959390WA0168201747
B2009164744635N11959400WA0168301749
B2009174744637N11959410WA0168701752
B2009184744637N11959419WA0169201755
B2009194744636N11959427WA0169301757
B2009204744633N11959435WA0169101756
B2009214744629N11959442WA0169201756
B2009224744624N11959448WA0169501758
B2009234744620N11959451WA0169901761
B2009244744615N11959452WA0170301764
B2009254744611N11959452WA0170301766
B2009264744606N11959451WA0170501768
B2009274744600N11959450WA0170501770
B2009284744595N11959447WA0170601772
B2009294744589N11959444WA0170601773
B2009304744584N11959440WA0171101776
B2009314744579N11959438WA0171301779
B2009324744575N11959436WA0171901782
B2009334744570N11959435WA0171901785
B2009344744565N11959434WA0172101786
B2009354744560N11959433WA0171801787
B2009364744555N11959431WA0171501786
B2009374744548N11959428WA0171301785
B2009384744542N11959426WA0170901784
B2009394744535N11959422WA0170701783
B2009404744528N11959418WA0170601783
B2009414744521N11959415WA0170501782
B2009424744514N11959411WA0170501781
B2009434744508N11959408WA0170301782
B2009444744502N11959405WA0170601783
B2009454744496N11959403WA0171001784
B2009464744491N11959402WA0170901784
B2009474744486N11959400WA0170601783
B2009484744480N11959399WA0170301781
B2009494744475N11959396WA0169801779
B2009504744469N11959392WA0169401777
B2009514744464N11959388WA0169301776
B2009524744458N11959386WA0169601775
B2009534744453N11959383WA0169601773
B2009544744447N11959380WA0168701771
B2009554744442N11959376WA0168601767
B2009564744435N11959371WA0167701764
B2009574744428N11959365WA0167201759
B2009584744421N11959359WA0166601756
B2009594744413N11959351WA0166501754
B2010004744407N11959343WA0166801754
B2010014744401N11959336WA0166901756
B2010024744395N11959331WA0167501757
B2010034744390N11959327WA0167801759
B2010044744385N11959323WA0167901760
B2010054744380N11959318WA0168301760
B2010064744375N11959314WA0168001760
B2010074744370N11959309WA0168001760
B2010084744364N11959305WA0168301761
B2010094744359N11959301WA0168701764
B2010104744355N11959297WA0169601768
B2010114744351N11959294WA0170201771
B2010124744347N11959290WA0170301774
B2010134744343N11959285WA0170401777
B2010144744339N11959279WA0170401778
B2010154744335N11959274WA0170601779
B2010164744331N11959270WA0170701779
B2010174744327N11959268WA0170801780
B2010184744323N11959266WA0170701780
B2010194744319N11959264WA0170701779
B2010204744315N11959261WA0170601777
B2010214744310N11959258WA0170301776
B2010224744304N11959254WA0170401774
B2010234744299N11959251WA0169901773
B2010244744293N11959248WA0170101773
B2010254744287N11959246WA0170301774
B2010264744282N11959244WA0170601775
B2010274744277N11959243WA0170601775
B2010284744271N11959242WA0170501775
B2010294744265N11959241WA0170201774
B2010304744258N11959241WA0169801772
B2010314744251N11959241WA0169701771
B2010324744244N11959241WA0169901770
B2010334744238N11959242WA0169901770
B2010344744231N11959244WA0169601768
B2010354744223N11959246WA0169601766
B2010364744216N11959247WA0169001763
B2010374744208N11959248WA0168901761
B2010384744201N11959249WA0168701759
B2010394744194N11959250WA0168501757
B2010404744187N11959251WA0168401755
B2010414744179N11959252WA0167901752
B2010424744171N11959254WA0167701748
B2010434744163N11959255WA0167501745
B2010444744156N11959257WA0167301743
B2010454744148N11959257WA0167201740
B2010464744140N11959256WA0166701738
B2010474744132N11959254WA0166301735
B2010484744125N11959251WA0166201732
B2010494744117N11959250WA0166001730
B2010504744110N11959249WA0165901729
B2010514744103N11959249WA0166001728
B2010524744096N11959249WA0165901727
B2010534744091N11959248WA0166001726
B2010544744085N11959247WA0165701725
B2010554744079N11959245WA0165401722
B2010564744073N11959241WA0165101718
B2010574744067N11959236WA0164801715
B2010584744062N11959229WA0164301713
B2010594744058N11959221WA0164301712
B2011004744054N11959214WA0164601713
B2011014744050N11959207WA0165101716
B2011024744046N11959201WA0165501719
B2011034744041N11959196WA0165401721
B2011044744037N11959190WA0165801723
B2011054744032N11959186WA0166301726
B2011064744027N11959183WA0166701729
B2011074744022N11959181WA0166801732
B2011084744018N11959179WA0167001735
B2011094744014N11959176WA0167501738
B2011104744009N11959174WA0167801742
B2011114744005N11959174WA0168201746
B2011124744000N11959177WA0168801750
B2011134743997N11959185WA0168901753
B2011144743995N11959194WA0169501757
B2011154743996N11959204WA0169901761
B2011164743998N11959213WA0170401765
B2011174744002N11959220WA0170601767
B2011184744008N11959226WA0170601768
B2011194744015N11959231WA0170601769
B2011204744022N11959233WA0170701771
B2011214744029N11959233WA0170901774
B2011224744033N11959229WA0171301777
B2011234744036N11959224WA0171701781
B2011244744038N11959220WA0172201783
B2011254744040N11959216WA0172401786
B2011264744042N11959212WA0172601788
B2011274744045N11959208WA0172701790
B2011284744048N11959203WA0172901793
B2011294744049N11959199WA0173201796
B2011304744050N11959195WA0173801800
B2011314744049N11959191WA0174001803
B2011324744048N11959188WA0174201806
B2011334744045N11959186WA0174201806
B2011344744041N11959183WA0174001807
B2011354744035N11959181WA0174001807
B2011364744028N11959181WA0174201809
B2011374744021N11959182WA0174701813
B2011384744015N11959184WA0175501817
B2011394744011N11959184WA0176001821
B2011404744006N11959183WA0176201826
B2011414744003N11959182WA0176801830
B2011424744000N11959183WA0177301834
B2011434743996N11959187WA0177301838
B2011444743993N11959194WA0177501840
B2011454743990N11959203WA0177701843
B2011464743991N11959213WA0178201847
B2011474743995N11959222WA0178401850
B2011484744002N11959228WA0178501853
B2011494744009N11959230WA0178701854
B2011504744016N11959229WA0179001856
B2011514744021N11959225WA0179301861
B2011524744024N11959221WA0179801864
B2011534744025N11959216WA0180301867
B2011544744025N11959212WA0180701870
B2011554744024N11959208WA0181001874
B2011564744023N11959205WA0181101876
B2011574744021N11959201WA0181401878
B2011584744017N11959198WA0181401880
B2011594744013N11959195WA0181401881
B2012004744008N11959193WA0181701884
B2012014744004N11959194WA0182201888
B2012024744000N11959196WA0182901893
B2012034743997N11959199WA0183001897
B2012044743993N11959203WA0183401900
B2012054743991N11959208WA0183701902
B2012064743989N11959214WA0183801904
B2012074743988N11959221WA0183901905
B2012084743988N11959228WA0183801905
B2012094743989N11959237WA0183701905
B2012104743991N11959246WA0183601904
B2012114743994N11959256WA0183701904
B2012124743999N11959266WA0183701905
B2012134744006N11959273WA0183601905
B2012144744013N11959278WA0184301907
B2012154744019N11959279WA0184601909
B2012164744025N11959279WA0184701911
B2012174744031N11959277WA0184801912
B2012184744036N11959273WA0184701912
B2012194744040N11959266WA0184601911
B2012204744043N11959258WA0184401911
B2012214744044N11959250WA0184401911
B2012224744042N11959244WA0185001913
B2012234744040N11959239WA0185101915
B2012244744038N11959235WA0185301917
B2012254744035N11959232WA0185501919
B2012264744033N11959228WA0185801920
B2012274744029N11959224WA0185601921
B2012284744026N11959220WA0186001922
B2012294744022N11959216WA0185901923
B2012304744017N11959211WA0185801924
B2012314744012N11959207WA0185601924
B2012324744007N11959203WA0185801925
B2012334744002N11959199WA0186101928
B2012344743998N11959197WA0187001932
B2012354743995N11959195WA0187501936
B2012364743993N11959193WA0187601939
B2012374743989N11959190WA0187701941
B2012384743985N11959188WA0187701941
B2012394743980N11959185WA0187701942
B2012404743974N11959182WA0187801943
B2012414743967N11959180WA0188101946
B2012424743962N11959178WA0188801951
B2012434743957N11959176WA0189301957
B2012444743952N11959173WA0190001962
B2012454743947N11959171WA0190301966
B2012464743942N11959171WA0190701970
B2012474743936N11959172WA0191001974
B2012484743931N11959177WA0191401978
B2012494743927N11959184WA0191701982
B2012504743925N11959193WA0192301986
B2012514743925N11959202WA0192501990
B2012524743929N11959210WA0192801994
B2012534743934N11959216WA0193101997
B2012544743939N11959218WA0193302000
B2012554743944N11959217WA0193702003
B2012564743949N11959213WA0194102005
B2012574743952N11959207WA0194302008
B2012584743953N11959200WA0194902012
B2012594743954N11959194WA0195102016
B2013004743954N11959187WA0195802020
B2013014743953N11959181WA0196202025
B2013024743951N11959174WA0196602029
B2013034743948N11959169WA0196802033
B2013044743945N11959163WA0197302037
B2013054743940N11959160WA0197702041
B2013064743935N11959158WA0198102045
B2013074743930N11959158WA0198302049
B2013084743924N11959161WA0198702053
B2013094743919N11959166WA0199002056
B2013104743915N11959173WA0199402060
B2013114743914N11959182WA0199602063
B2013124743914N11959191WA0200002066
B2013134743916N11959198WA0200402070
B2013144743919N11959204WA0200702074
B2013154743923N11959209WA0200902077
B2013164743928N11959212WA0201302079
B2013174743934N11959213WA0201402081
B2013184743940N11959212WA0201302083
B2013194743945N11959208WA0201702086
B2013204743950N11959203WA0202302090
B2013214743953N11959197WA0202802094
B2013224743954N11959190WA0203202098
B2013234743953N11959182WA0203302101
B2013244743952N11959175WA0203902105
B2013254743949N11959169WA0204302108
B2013264743945N11959166WA0204802114
B2013274743942N11959163WA0205402119
B2013284743938N11959160WA0205702123
B2013294743934N11959156WA0205902126
B2013304743929N11959151WA0206202129
B2013314743924N11959146WA0206502132
B2013324743919N11959143WA0206802136
B2013334743913N11959139WA0207102140
B2013344743908N11959136WA0207702144
B2013354743903N11959132WA0207702147
B2013364743897N11959128WA0208202150
B2013374743891N11959124WA0208102152
B2013384743885N11959120WA0208002153
B2013394743877N11959117WA0207902155
B2013404743871N11959113WA0208902158
B2013414743864N11959110WA0209302162
B2013424743859N11959107WA0209802166
B2013434743853N11959104WA0209902169
B2013444743847N11959101WA0209902170
B2013454743840N11959098WA0209802170
B2013464743832N11959094WA0209302170
B2013474743824N11959090WA0209402169
B2013484743815N11959086WA0209502170
B2013494743807N11959083WA0209802171
B2013504743798N11959079WA0210002173
B2013514743789N11959076WA0210002174
B2013524743780N11959074WA0210102175
B2013534743772N11959071WA0210402178
B2013544743764N11959068WA0211002182
B2013554743758N11959064WA0211502186
B2013564743752N11959061WA0212002190
B2013574743748N11959057WA0212502193
B2013584743744N11959055WA0212402194
B2013594743739N11959053WA0212402195
B2014004743733N11959052WA0212002194
B2014014743726N11959052WA0211502191
B2014024743719N11959051WA0211202188
B2014034743711N11959049WA0210702186
B2014044743703N11959047WA0211002184
B2014054743696N11959044WA0210802184
B2014064743690N11959042WA0211202185
B2014074743683N11959040WA0211202185
B2014084743676N11959038WA0210902184
B2014094743669N11959036WA0210902183
B2014104743662N11959033WA0210602182
B2014114743655N11959030WA0210402182
B2014124743647N11959026WA0210502182
B2014134743641N11959022WA0211102184
B2014144743634N11959018WA0211602185
B2014154743628N11959015WA0211502187
B2014164743621N11959011WA0211502189
B2014174743615N11959007WA0211602190
B2014184743608N11959003WA0211602191
B2014194743602N11959000WA0212302194
B2014204743597N11958996WA0212802197
B2014214743593N11958993WA0213302201
B2014224743589N11958991WA0213502203
B2014234743584N11958990WA0213402204
B2014244743578N11958988WA0213402206
B2014254743572N11958985WA0213302206
B2014264743566N11958981WA0213602207
B2014274743560N11958977WA0213602208
B2014284743555N11958973WA0214102211
B2014294743550N11958970WA0214202215
B2014304743545N11958968WA0214902218
B2014314743540N11958967WA0215002220
B2014324743536N11958965WA0215102222
B2014334743531N11958963WA0215002222
B2014344743525N11958961WA0214902223
B2014354743518N11958959WA0214902223
B2014364743512N11958957WA0215002224
B2014374743505N11958954WA0215002225
B2014384743498N11958952WA0215202226
B2014394743492N11958950WA0215302226
B2014404743485N11958948WA0215002225
B2014414743478N11958946WA0215102224
B2014424743471N11958944WA0214802223
B2014434743464N11958943WA0214902221
B2014444743455N11958941WA0214402219
B2014454743446N11958939WA0214002218
B2014464743438N11958938WA0214202218
B2014474743430N11958938WA0214102219
B2014484743423N11958939WA0215002222
B2014494743418N11958939WA0215502225
B2014504743413N11958939WA0215902228
B2014514743409N11958939WA0215802228
B2014524743404N11958939WA0215502227
B2014534743399N11958939WA0215102225
B2014544743393N11958939WA0214602223
B2014554743387N11958938WA0214202220
B2014564743380N11958936WA0214202217
B2014574743374N11958933WA0214202215
B2014584743368N11958931WA0214102214
B2014594743362N11958927WA0214202213
B2015004743356N11958922WA0214002214
B2015014743352N11958916WA0214602215
B2015024743349N11958911WA0215002217
B2015034743348N11958906WA0215202219
B2015044743346N11958902WA0215002219
B2015054743343N11958897WA0214702216
B2015064743340N11958892WA0213802212
B2015074743336N11958885WA0213402207
B2015084743331N11958878WA0213002202
B2015094743326N11958871WA0213102199
B2015104743321N11958864WA0212602198
B2015114743317N11958856WA0212802199
B2015124743313N11958849WA0213302202
B2015134743310N11958842WA0213802205
B2015144743307N11958835WA0213902207
B2015154743304N11958829WA0214002208
B2015164743300N11958823WA0214002209
B2015174743296N11958818WA0214102209
B2015184743291N11958815WA0214102210
B2015194743285N11958813WA0214202211
B2015204743280N11958813WA0214302212
B2015214743276N11958813WA0214502213
B2015224743271N11958814WA0214502214
B2015234743266N11958814WA0214302214
B2015244743261N11958816WA0214002213
B2015254743254N11958817WA0213802211
B2015264743248N11958818WA0214002211
B2015274743241N11958817WA0214002212
B2015284743233N11958814WA0214002212
B2015294743226N11958812WA0214202212
B2015304743218N11958811WA0214202213
B2015314743211N11958810WA0214202213
B2015324743204N11958810WA0213902212
B2015334743196N11958809WA0213802210
B2015344743189N11958809WA0213802210
B2015354743183N11958809WA0213702210
B2015364743176N11958808WA0213702208
B2015374743170N11958806WA0213402206
B2015384743163N11958804WA0213002204
B2015394743156N11958803WA0212702201
B2015404743149N11958801WA0212402199
B2015414743141N11958799WA0212202197
B2015424743134N11958797WA0211602193
B2015434743126N11958796WA0211502190
B2015444743117N11958794WA0210802187
B2015454743109N11958793WA0210602184
B2015464743101N11958791WA0210402182
B2015474743093N11958789WA0210602180
B2015484743086N11958786WA0210202178
B2015494743079N11958784WA0210002176
B2015504743071N11958781WA0209502172
B2015514743064N11958779WA0209002168
B2015524743056N11958775WA0208502164
B2015534743048N11958772WA0208202161
B2015544743040N11958768WA0208102158
B2015554743032N11958764WA0207802155
B2015564743024N11958761WA0207402152
B2015574743016N11958757WA0207202149
B2015584743008N11958753WA0207102147
B2015594743001N11958749WA0206902145
B2016004742993N11958744WA0206702143
B2016014742986N11958740WA0206602140
B2016024742978N11958735WA0206102137
B2016034742970N11958731WA0205902134
B2016044742962N11958727WA0205502132
B2016054742954N11958723WA0205502129
B2016064742946N11958719WA0205202127
B2016074742938N11958715WA0205002125
B2016084742931N11958709WA0204702122
B2016094742923N11958704WA0204402118
B2016104742915N11958700WA0203802114
B2016114742907N11958695WA0203502110
B2016124742898N11958690WA0202902106
B2016134742890N11958685WA0202702102
B2016144742882N11958679WA0202002099
B2016154742875N11958673WA0201902096
B2016164742868N11958667WA0202202093
B2016174742862N11958662WA0202302092
B2016184742855N11958657WA0201802090
B2016194742849N11958653WA0201602088
B2016204742842N11958648WA0201002085
B2016214742835N11958644WA0200802082
B2016224742827N11958639WA0200302079
B2016234742820N11958634WA0200102076
B2016244742813N11958630WA0200202074
B2016254742806N11958626WA0199802073
B2016264742798N11958622WA0199802071
B2016274742792N11958618WA0199902070
B2016284742785N11958615WA0199802070
B2016294742778N11958611WA0199702069
B2016304742771N11958607WA0199402067
B2016314742765N11958603WA0199202065
B2016324742758N11958599WA0199002063
B2016334742751N11958595WA0198802062
B2016344742744N11958590WA0198702060
B2016354742737N11958586WA0198602059
B2016364742730N11958582WA0198502058
B2016374742723N11958577WA0198402057
B2016384742716N11958572WA0198402056
B2016394742710N11958567WA0198202055
B2016404742703N11958563WA0198202054
B2016414742697N11958558WA0198002053
B2016424742690N11958554WA0197902051
B2016434742683N11958549WA0197602050
B2016444742676N11958544WA0197502048
B2016454742668N11958539WA0197102046
B2016464742661N11958534WA0197002045
B2016474742654N11958529WA0197202044
B2016484742646N11958525WA0197002044
B2016494742639N11958520WA0197102043
B2016504742633N11958516WA0197002042
B2016514742626N11958511WA0197002041
B2016524742619N11958507WA0196702040
B2016534742613N11958503WA0196402038
B2016544742606N11958499WA0196002035
B2016554742599N11958494WA0195802032
B2016564742591N11958489WA0195402029
B2016574742584N11958484WA0195102026
B2016584742577N11958479WA0194902024
B2016594742570N11958473WA0194702022
B2017004742563N11958468WA0194602021
B2017014742556N11958462WA0194402019
B2017024742549N11958457WA0194302017
B2017034742543N11958452WA0194202015
B2017044742536N11958447WA0194102014
B2017054742529N11958442WA0194002012
B2017064742522N11958438WA0193702009
B2017074742515N11958433WA0193402007
B2017084742508N11958428WA0192902003
B2017094742501N11958423WA0192702000
B2017104742493N11958418WA0192301998
B2017114742487N11958414WA0192301996
B2017124742480N11958410WA0192501995
B2017134742474N11958407WA0192401994
B2017144742468N11958404WA0192101993
B2017154742462N11958401WA0192101991
B2017164742455N11958399WA0191501988
B2017174742448N11958395WA0191101984
B2017184742441N11958391WA0190901981
B2017194742434N11958386WA0190601978
B2017204742427N11958381WA0190501976
B2017214742421N11958376WA0190201975
B2017224742414N11958372WA0190201974
B2017234742408N11958368WA0190101973
B2017244742402N11958363WA0189801971
B2017254742397N11958358WA0189601969
B2017264742391N11958352WA0189301967
B2017274742385N11958347WA0189201965
B2017284742379N11958342WA0188901962
B2017294742373N11958336WA0188601960
B2017304742367N11958330WA0188501958
B2017314742361N11958324WA0188301956
B2017324742355N11958318WA0187901953
B2017334742349N11958312WA0187901951
B2017344742343N11958307WA0187401948
B2017354742336N11958301WA0187101945
B2017364742330N11958296WA0186601942
B2017374742324N11958290WA0186601940
B2017384742318N11958285WA0186601938
B2017394742313N11958280WA0186301935
B2017404742308N11958275WA0185901931
B2017414742303N11958271WA0185201926
B2017424742297N11958268WA0184401921
B2017434742290N11958264WA0184101915
B2017444742284N11958260WA0183601911
B2017454742278N11958255WA0183501908
B2017464742272N11958250WA0183301904
B2017474742267N11958245WA0182801900
B2017484742261N11958240WA0182201896
B2017494742255N11958236WA0181901891
B2017504742249N11958232WA0181001885
B2017514742242N11958228WA0180501880
B2017524742234N11958225WA0180101875
B2017534742227N11958222WA0179901872
B2017544742221N11958219WA0179801869
B2017554742215N11958215WA0179501867
B2017564742209N11958211WA0179201864
B2017574742203N11958208WA0178801860
B2017584742197N11958204WA0178301856
B2017594742191N11958199WA0177801851
B2018004742185N11958194WA0177501847
B2018014742179N11958189WA0177301844
B2018024742173N11958184WA0177001841
B2018034742168N11958179WA0176701838
B2018044742162N11958174WA0176501835
B2018054742157N11958169WA0176201833
B2018064742152N11958164WA0175801829
B2018074742147N11958158WA0175601826
B2018084742142N11958153WA0175201822
B2018094742137N11958148WA0174701818
B2018104742131N11958142WA0174101814
B2018114742126N11958137WA0173901809
B2018124742121N11958132WA0173801805
B2018134742116N11958126WA0173001801
B2018144742111N11958121WA0172501797
B2018154742105N11958117WA0172301793
B2018164742099N11958112WA0171701789
B2018174742093N11958107WA0171401785
B2018184742088N11958103WA0170901782
B2018194742082N11958099WA0170801778
B2018204742076N11958096WA0170501775
B2018214742070N11958092WA0170301771
B2018224742065N11958089WA0169601767
B2018234742059N11958085WA0169201763
B2018244742053N11958082WA0168701758
B2018254742046N11958078WA0168401754
B2018264742041N11958075WA0168001750
B2018274742035N11958072WA0167901747
B2018284742029N11958069WA0167401744
B2018294742024N11958066WA0167301741
B2018304742019N11958062WA0166801738
B2018314742015N11958058WA0166801736
B2018324742012N11958055WA0167001735
B2018334742010N11958052WA0167001734
B2018344742007N11958049WA0166401730
B2018354742004N11958046WA0165801726
B2018364742000N11958042WA0165001721
B2018374741995N11958037WA0165001716
B2018384741989N11958032WA0164301712
B2018394741984N11958026WA0164101709
B2018404741979N11958021WA0163701706
B2018414741973N11958016WA0163701704
B2018424741968N11958012WA0163701704
B2018434741964N11958009WA0163901703
B2018444741959N11958006WA0163401702
B2018454741955N11958003WA0163401699
B2018464741950N11957999WA0162701695
B2018474741945N11957996WA0162201691
B2018484741939N11957991WA0161801686
B2018494741934N11957986WA0161401682
B2018504741928N11957981WA0160901678
B2018514741922N11957977WA0160601674
B2018524741917N11957973WA0160301671
B2018534741911N11957969WA0160201668
B2018544741905N11957966WA0160001666
B2018554741899N11957962WA0159801663
B2018564741894N11957958WA0159101660
B2018574741888N11957953WA0158701655
B2018584741882N11957948WA0158301651
B2018594741875N11957944WA0158001648
B2019004741869N11957940WA0157601646
B2019014741863N11957935WA0157901643
B2019024741859N11957930WA0157701642
B2019034741855N11957925WA0157701641
B2019044741850N11957921WA0157401638
B2019054741845N11957916WA0157001635
B2019064741839N11957912WA0156301631
B2019074741833N11957906WA0155701627
B2019084741827N11957900WA0155601623
B2019094741821N11957894WA0155401621
B2019104741817N11957887WA0155301619
B2019114741812N11957881WA0155101618
B2019124741807N11957876WA0155001616
B2019134741802N11957871WA0154701614
B2019144741797N11957867WA0154501612
B2019154741792N11957863WA0154601611
B2019164741787N11957860WA0154501610
B2019174741782N11957856WA0154301608
B2019184741777N11957852WA0154101606
B2019194741772N11957848WA0153601602
B2019204741767N11957843WA0153101598
B2019214741761N11957838WA0152601593
B2019224741755N11957832WA0151901588
B2019234741749N11957825WA0151701585
B2019244741744N11957818WA0151501582
B2019254741739N11957811WA0151501581
B2019264741734N11957805WA0151701581
B2019274741729N11957799WA0151501580
B2019284741723N11957793WA0151501578
B2019294741718N11957787WA0151201577
B2019304741712N11957781WA0150801574
B2019314741707N11957773WA0150801572
B2019324741702N11957766WA0150401570
B2019334741696N11957759WA0150301568
B2019344741691N11957752WA0150201567
B2019354741687N11957745WA0150201567
B2019364741683N11957738WA0150201565
B2019374741678N11957731WA0150101564
B2019384741674N11957724WA0149701562
B2019394741669N11957716WA0149301559
B2019404741663N11957708WA0148801556
B2019414741658N11957699WA0148901553
B2019424741652N11957690WA0148701552
B2019434741646N11957681WA0148701551
B2019444741641N11957672WA0148401552
B2019454741636N11957663WA0148501551
B2019464741632N11957655WA0148901550
B2019474741628N11957648WA0148401549
B2019484741625N11957639WA0147901547
B2019494741622N11957630WA0147801544
B2019504741621N11957621WA0147301540
B2019514741620N11957611WA0146901536
B2019524741620N11957600WA0146401532
B2019534741619N11957590WA0146401529
B2019544741619N11957579WA0146001525
B2019554741619N11957569WA0145701522
B2019564741620N11957559WA0145201519
B2019574741620N11957549WA0145101515
B2019584741620N11957539WA0144701511
B2019594741621N11957529WA0144101506
B2020004741621N11957518WA0143201502
B2020014741622N11957507WA0143301499
B2020024741623N11957497WA0143401498
B2020034741625N11957488WA0143401496
B2020044741627N11957479WA0143101494
B2020054741629N11957469WA0142601491
B2020064741630N11957460WA0142201487
B2020074741631N11957450WA0141801482
B2020084741632N11957439WA0141201477
B2020094741634N11957429WA0140901473
B2020104741636N11957418WA0140401468
B2020114741638N11957408WA0139901463
B2020124741640N11957397WA0139601458
B2020134741642N11957386WA0139201453
B2020144741643N11957374WA0138601448
B2020154741644N11957362WA0138301444
B2020164741646N11957350WA0137701440
B2020174741647N11957337WA0137601437
B2020184741649N11957325WA0137601436
B2020194741651N11957314WA0137801437
B2020204741653N11957302WA0138201439
B2020214741654N11957292WA0138201441
B2020224741656N11957282WA0138601444
B2020234741658N11957273WA0138901447
B2020244741661N11957266WA0139501450
B2020254741664N11957259WA0139701453
B2020264741667N11957254WA0140101455
B2020274741669N11957248WA0140301457
B2020284741671N11957243WA0140401460
B2020294741674N11957238WA0140701461
B2020304741677N11957233WA0140701462
B2020314741681N11957229WA0140801463
B2020324741684N11957224WA0141001465
B2020334741686N11957219WA0141001466
B2020344741687N11957214WA0141201467
B2020354741689N11957208WA0141301468
B2020364741691N11957203WA0141301469
B2020374741694N11957197WA0141201468
B2020384741697N11957191WA0141101468
B2020394741700N11957184WA0141001468
B2020404741702N11957178WA0141401469
B2020414741705N11957173WA0141801472
B2020424741707N11957169WA0142101474
B2020434741710N11957164WA0142101476
B2020444741712N11957158WA0142001477
B2020454741716N11957151WA0141901477
B2020464741720N11957145WA0142101478
B2020474741725N11957140WA0142201479
B2020484741730N11957136WA0142501481
B2020494741736N11957133WA0142601483
B2020504741742N11957132WA0142701485
B2020514741749N11957132WA0143001488
B2020524741756N11957134WA0143401491
B2020534741762N11957138WA0143601493
B2020544741769N11957141WA0143801495
B2020554741776N11957145WA0143901497
B2020564741782N11957150WA0144001498
B2020574741788N11957158WA0144001499
B2020584741793N11957168WA0144101501
B2020594741796N11957177WA0144601502
B2021004741799N11957186WA0145301507
B2021014741801N11957193WA0145601511
B2021024741803N11957201WA0145801513
B2021034741805N11957211WA0145901515
B2021044741805N11957222WA0145801516
B2021054741803N11957232WA0145701517
B2021064741801N11957243WA0146101520
B2021074741799N11957251WA0146701525
B2021084741797N11957258WA0147501530
B2021094741795N11957263WA0147701534
B2021104741792N11957267WA0147801536
B2021114741788N11957270WA0147801537
B2021124741784N11957272WA0147901538
B2021134741780N11957272WA0148101539
B2021144741777N11957270WA0148301541
B2021154741775N11957267WA0148601542
B2021164741773N11957263WA0148601543
B2021174741772N11957257WA0148601544
B2021184741772N11957249WA0148601544
B2021194741773N11957241WA0148501546
B2021204741774N11957234WA0149001548
B2021214741775N11957227WA0149501552
B2021224741777N11957221WA0150101556
B2021234741778N11957216WA0150301559
B2021244741780N11957210WA0150401560
B2021254741782N11957204WA0150301560
B2021264741785N11957197WA0150101560
B2021274741785N11957190WA0150101561
B2021284741784N11957183WA0150701563
B2021294741782N11957179WA0151101566
B2021304741780N11957176WA0151501569
B2021314741777N11957173WA0151501571
B2021324741773N11957171WA0151601573
B2021334741770N11957169WA0151701574
B2021344741766N11957166WA0151701575
B2021354741762N11957163WA0152001577
B2021364741758N11957160WA0152401580
B2021374741755N11957157WA0152401582
B2021384741751N11957154WA0152801583
B2021394741747N11957152WA0152601585
B2021404741743N11957150WA0152601585
B2021414741738N11957148WA0152601585
B2021424741733N11957145WA0152601586
B2021434741728N11957142WA0152801586
B2021444741723N11957140WA0153001588
B2021454741719N11957138WA0153101589
B2021464741714N11957135WA0153201590
B2021474741710N11957133WA0153301591
B2021484741705N11957130WA0153201591
B2021494741699N11957127WA0153101590
B2021504741693N11957124WA0152801589
B2021514741687N11957121WA0152601589
B2021524741680N11957117WA0152601588
B2021534741673N11957114WA0152701588
B2021544741666N11957111WA0153101591
B2021554741661N11957108WA0153501593
B2021564741656N11957104WA0153701595
B2021574741651N11957101WA0153601595
B2021584741645N11957097WA0153501595
B2021594741639N11957093WA0153101594
B2022004741633N11957090WA0152701592
B2022014741626N11957087WA0152901592
B2022024741621N11957086WA0153301593
B2022034741617N11957085WA0153901595
B2022044741613N11957083WA0153801596
B2022054741609N11957080WA0153601595
B2022064741604N11957078WA0153101593
B2022074741599N11957077WA0153001591
B2022084741593N11957076WA0152601589
B2022094741587N11957075WA0152601588
B2022104741581N11957073WA0152501588
B2022114741575N11957071WA0152901589
B2022124741570N11957070WA0153101591
B2022134741565N11957069WA0153301592
B2022144741560N11957070WA0153201593
B2022154741554N11957070WA0153101593
B2022164741548N11957070WA0152801593
B2022174741541N11957069WA0152701592
B2022184741534N11957068WA0152501590
B2022194741527N11957068WA0152401589
B2022204741520N11957068WA0152101587
B2022214741512N11957068WA0152001586
B2022224741504N11957069WA0151701584
B2022234741497N11957069WA0151901583
B2022244741489N11957070WA0151701583
B2022254741482N11957071WA0151701583
B2022264741475N11957072WA0152001583
B2022274741468N11957073WA0152001583
B2022284741461N11957074WA0151601582
B2022294741454N11957075WA0151701581
B2022304741447N11957076WA0151501580
B2022314741440N11957076WA0151401579
B2022324741434N11957078WA0151401579
B2022334741427N11957079WA0151301579
B2022344741421N11957081WA0151301578
B2022354741415N11957083WA0151301578
B2022364741409N11957084WA0151201576
B2022374741403N11957084WA0151001574
B2022384741397N11957084WA0150501572
B2022394741390N11957081WA0150701571
B2022404741385N11957077WA0150601570
B2022414741379N11957073WA0150601569
B2022424741373N11957068WA0150501568
B2022434741367N11957065WA0150201566
B2022444741360N11957062WA0149501563
B2022454741353N11957060WA0149501560
B2022464741346N11957058WA0148901556
B2022474741339N11957056WA0148701553
B2022484741333N11957053WA0148601550
B2022494741327N11957051WA0148501547
B2022504741321N11957048WA0147801544
B2022514741315N11957045WA0147401539
B2022524741309N11957043WA0146601534
B2022534741302N11957041WA0146401529
B2022544741295N11957040WA0145901524
B2022554741288N11957040WA0145501520
B2022564741281N11957039WA0145401517
B2022574741275N11957038WA0145201513
B2022584741268N11957037WA0144501510
B2022594741261N11957036WA0144301506
B2023004741255N11957036WA0143901503
B2023014741248N11957037WA0143701499
B2023024741242N11957037WA0143101496
B2023034741236N11957038WA0142901491
B2023044741230N11957037WA0142001486
B2023054741223N11957037WA0141801481
B2023064741216N11957037WA0141201477
B2023074741210N11957037WA0141001472
B2023084741203N11957036WA0140301468
B2023094741197N11957035WA0140301464
B2023104741191N11957034WA0139701461
B2023114741185N11957033WA0139601456
B2023124741179N11957032WA0138701451
B2023134741172N11957032WA0138201445
B2023144741165N11957030WA0137601440
B2023154741159N11957027WA0137401436
B2023164741152N11957024WA0136901432
B2023174741146N11957022WA0136801429
B2023184741140N11957021WA0136501425
B2023194741135N11957020WA0136001422
B2023204741129N11957018WA0135501417
B2023214741123N11957016WA0135201412
B2023224741117N11957013WA0134301408
B2023234741110N11957010WA0134201404
B2023244741104N11957007WA0134001401
B2023254741098N11957005WA0133901399
B2023264741092N11957002WA0133801397
B2023274741086N11957000WA0133501395
B2023284741080N11956998WA0133101392
B2023294741074N11956997WA0132801388
B2023304741067N11956995WA0132101384
B2023314741061N11956992WA0132001381
B2023324741055N11956989WA0131801378
B2023334741049N11956986WA0131401374
B2023344741043N11956983WA0130801370
B2023354741037N11956980WA0130401366
B2023364741030N11956976WA0130001362
B2023374741024N11956973WA0129801358
B2023384741017N11956971WA0129201354
B2023394741010N11956968WA0128901350
B2023404741003N11956966WA0128601346
B2023414740996N11956963WA0128201342
B2023424740989N11956961WA0127801339
B2023434740982N11956959WA0127601336
B2023444740974N11956957WA0127201332
B2023454740967N11956955WA0127001329
B2023464740960N11956953WA0126701326
B2023474740953N11956950WA0126401322
B2023484740946N11956947WA0125801318
B2023494740938N11956944WA0125301314
B2023504740931N11956941WA0124901310
B2023514740923N11956938WA0124701307
B2023524740915N11956936WA0124601304
B2023534740908N11956933WA0124301301
B2023544740901N11956930WA0123901298
B2023554740893N11956926WA0123801296
B2023564740886N11956923WA0123501293
B2023574740878N11956921WA0123301290
B2023584740871N11956919WA0123201288
B2023594740863N11956916WA0122601285
B2024004740856N11956913WA0121801280
B2024014740848N11956909WA0121701275
B2024024740840N11956906WA0121001270
B2024034740833N11956904WA0120801266
B2024044740826N11956901WA0120501263
B2024054740818N11956899WA0120401260
B2024064740811N11956897WA0120201258
B2024074740804N11956894WA0119801255
B2024084740798N11956892WA0119301252
B2024094740791N11956889WA0119201248
B2024104740783N11956887WA0118901245
B2024114740776N11956884WA0118501242
B2024124740769N11956881WA0117901238
B2024134740761N11956877WA0117801235
B2024144740754N11956874WA0117501232
B2024154740747N11956871WA0117201229
B2024164740740N11956869WA0116901225
B2024174740733N11956866WA0116501221
B2024184740725N11956864WA0116001217
B2024194740718N11956860WA0115401213
B2024204740710N11956857WA0115101209
B2024214740702N11956854WA0114801205
B2024224740694N11956852WA0114601202
B2024234740686N11956850WA0114601200
B2024244740679N11956850WA0114201197
B2024254740671N11956850WA0114001194
B2024264740663N11956850WA0113901192
B2024274740655N11956852WA0113501189
B2024284740647N11956854WA0113001186
B2024294740638N11956856WA0112501182
B2024304740630N11956857WA0112201178
B2024314740622N11956858WA0112001175
B2024324740614N11956859WA0111701172
B2024334740606N11956861WA0111301169
B2024344740598N11956865WA0111001165
B2024354740590N11956869WA0110601161
B2024364740581N11956873WA0110101157
B2024374740573N11956876WA0109801152
B2024384740564N11956879WA0109301147
B2024394740555N11956883WA0108901142
B2024404740546N11956888WA0108201137
B2024414740537N11956893WA0107901132
B2024424740527N11956897WA0107401129
B2024434740518N11956902WA0107401126
B2024444740509N11956908WA0107401125
B2024454740500N11956914WA0107301124
B2024464740492N11956920WA0107201123
B2024474740484N11956925WA0107201123
B2024484740477N11956931WA0107501124
B2024494740469N11956936WA0107401123
B2024504740462N11956941WA0107001122
B2024514740454N11956946WA0106901120
B2024524740445N11956952WA0106401117
B2024534740436N11956958WA0106101115
B2024544740426N11956963WA0106201114
B2024554740416N11956969WA0106201113
B2024564740407N11956974WA0106201114
B2024574740398N11956979WA0106601117
B2024584740390N11956984WA0107001119
B2024594740383N11956989WA0107401122
B2025004740377N11956994WA0108001125
B2025014740371N11956997WA0108101127
B2025024740365N11957001WA0108101129
B2025034740359N11957006WA0108101129
B2025044740354N11957012WA0108201130
B2025054740350N11957020WA0108201132
B2025064740347N11957028WA0108501133
B2025074740346N11957036WA0108601134
B2025084740345N11957044WA0108501135
B2025094740346N11957052WA0108601134
B2025104740348N11957059WA0108601134
B2025114740350N11957067WA0108401134
B2025124740352N11957076WA0108401135
B2025134740354N11957085WA0108501135
B2025144740356N11957094WA0108401136
B2025154740358N11957102WA0108601136
B2025164740360N11957111WA0108401135
B2025174740361N11957121WA0108501135
B2025184740361N11957131WA0108401135
B2025194740361N11957141WA0108501136
B2025204740360N11957151WA0108501136
B2025214740358N11957160WA0108201135
B2025224740356N11957170WA0108001133
B2025234740353N11957180WA0107401131
B2025244740348N11957189WA0107001127
B2025254740342N11957196WA0106901125
B2025264740336N11957202WA0106901122
B2025274740331N11957207WA0106701120
B2025284740324N11957211WA0106601118
B2025294740317N11957213WA0106201116
B2025304740310N11957215WA0106201114
B2025314740304N11957214WA0106001112
B2025324740298N11957212WA0105901111
B2025334740294N11957209WA0105801110
B2025344740291N11957205WA0105501107
B2025354740289N11957200WA0105201104
B2025364740287N11957195WA0105001101
B2025374740285N11957189WA0105001098
B2025384740284N11957183WA0104501096
B2025394740285N11957178WA0104401093
B2025404740287N11957173WA0103801089
B2025414740291N11957168WA0103501084
B2025424740294N11957164WA0103501081
B2025434740296N11957160WA0103401081
B2025444740299N11957157WA0103501083
B2025454740302N11957153WA0103901083
B2025464740305N11957150WA0103401083
B2025474740308N11957146WA0103401082
B2025484740312N11957142WA0103101080
B2025494740316N11957139WA0103001080
B2025504740319N11957136WA0103201080
B2025514740322N11957133WA0103401081
B2025524740325N11957131WA0103501081
B2025534740329N11957129WA0103401081
B2025544740332N11957127WA0103201080
B2025554740336N11957125WA0103101079
B2025564740340N11957122WA0103001078
B2025574740344N11957119WA0102601078
B2025584740347N11957117WA0103201079
B2025594740351N11957117WA0103301080
B2026004740354N11957117WA0103501080
B2026014740357N11957117WA0103201080
B2026024740361N11957115WA0102901079
B2026034740365N11957113WA0102901079
B2026044740369N11957113WA0102901079
B2026054740374N11957113WA0103201080
B2026064740378N11957115WA0103001081
B2026074740382N11957117WA0103101082
B2026084740386N11957120WA0103601082
B2026094740390N11957124WA0103201083
B2026104740393N11957127WA0103501084
B2026114740397N11957130WA0103601085
B2026124740400N11957132WA0103601085
B2026134740404N11957134WA0103801086
B2026144740408N11957135WA0103901088
B2026154740411N11957134WA0103901089
B2026164740414N11957133WA0104301092
B2026174740415N11957132WA0104501093
B2026184740418N11957132WA0104401095
B2026194740421N11957133WA0104401094
B2026204740425N11957136WA0104201094
B2026214740428N11957141WA0104301094
B2026224740431N11957148WA0104501095
B2026234740433N11957156WA0104501096
B2026244740434N11957166WA0104801096
B2026254740435N11957177WA0104401096
B2026264740435N11957188WA0104601095
B2026274740433N11957201WA0104601095
B2026284740430N11957212WA0104601095
B2026294740426N11957223WA0104701095
B2026304740420N11957230WA0104701097
B2026314740415N11957236WA0105201099
B2026324740409N11957240WA0105501100
B2026334740403N11957243WA0105401102
B2026344740397N11957247WA0105401103
B2026354740391N11957251WA0105301103
B2026364740384N11957255WA0105301104
B2026374740377N11957259WA0105501104
B2026384740371N11957262WA0105601106
B2026394740364N11957265WA0105901107
B2026404740358N11957268WA0106201109
B2026414740352N11957270WA0106201110
B2026424740347N11957272WA0106301111
B2026434740341N11957272WA0106201111
B2026444740335N11957271WA0106001110
B2026454740330N11957267WA0105901108
B2026464740326N11957262WA0105701107
B2026474740322N11957256WA0105701105
B2026484740319N11957250WA0105701105
B2026494740315N11957246WA0105701104
B2026504740311N11957242WA0105601103
B2026514740307N11957238WA0105601102
B2026524740302N11957234WA0105301101
B2026534740297N11957231WA0105201101
B2026544740293N11957228WA0105701101
B2026554740288N11957225WA0105601101
B2026564740283N11957223WA0105601101
B2026574740277N11957222WA0105501101
B2026584740271N11957221WA0105401101
B2026594740266N11957221WA0105401101
B2027004740260N11957222WA0105701102
B2027014740256N11957222WA0105701102
B2027024740251N11957221WA0105301101
B2027034740246N11957221WA0105301100
B2027044740240N11957220WA0105001097
B2027054740234N11957218WA0104901095
B2027064740228N11957217WA0104401093
B2027074740221N11957215WA0104301091
B2027084740215N11957214WA0104101089
B2027094740210N11957213WA0104001088
B2027104740204N11957211WA0103501085
B2027114740198N11957209WA0103501083
B2027124740192N11957207WA0103401082
B2027134740186N11957205WA0103201081
B2027144740180N11957203WA0103201080
B2027154740174N11957201WA0103101079
B2027164740168N11957200WA0103101078
B2027174740163N11957199WA0102901077
B2027184740156N11957198WA0102701075
B2027194740150N11957196WA0102501074
B2027204740144N11957195WA0102401073
B2027214740137N11957193WA0102201071
B2027224740131N11957192WA0102101070
B2027234740123N11957190WA0101801068
B2027244740116N11957188WA0101201066
B2027254740108N11957186WA0101101064
B2027264740101N11957183WA0101201063
B2027274740094N11957180WA0101301062
B2027284740087N11957177WA0100801060
B2027294740080N11957175WA0100401057
B2027304740073N11957172WA0100201055
B2027314740065N11957170WA0099801052
B2027324740058N11957168WA0099301049
B2027334740050N11957166WA0099401047
B2027344740043N11957164WA0099001045
B2027354740035N11957162WA0099001043
B2027364740029N11957160WA0098601040
B2027374740022N11957158WA0098401038
B2027384740015N11957155WA0098101035
B2027394740009N11957153WA0098001032
B2027404740002N11957150WA0097501028
B2027414739994N11957148WA0097201025
B2027424739987N11957145WA0097101023
B2027434739980N11957143WA0096701020
B2027444739973N11957140WA0096701019
B2027454739966N11957138WA0096601017
B2027464739959N11957135WA0096301015
B2027474739952N11957132WA0096301013
B2027484739945N11957130WA0095701012
B2027494739937N11957128WA0095801010
B2027504739930N11957126WA0096101010
B2027514739924N11957123WA0096101011
B2027524739918N11957121WA0096301011
B2027534739912N11957120WA0096101010
B2027544739905N11957119WA0095901008
B2027554739898N11957117WA0095501006
B2027564739889N11957115WA0095201003
B2027574739881N11957113WA0095101002
B2027584739873N11957111WA0095101003
B2027594739866N11957110WA0095701003
B2028004739860N11957109WA0096001004
B2028014739854N11957108WA0096101004
B2028024739848N11957107WA0095801003
B2028034739841N11957106WA0095601000
B2028044739833N11957105WA0094800997
B2028054739825N11957102WA0094600993
B2028064739818N11957099WA0094500992
B2028074739811N11957095WA0094600992
B2028084739804N11957092WA0095000993
B2028094739799N11957090WA0095200993
B2028104739793N11957089WA0095100992
B2028114739787N11957087WA0094900991
B2028124739781N11957085WA0094400990
B2028134739774N11957082WA0094600988
B2028144739768N11957080WA0094700989
B2028154739762N11957079WA0095000990
B2028164739758N11957079WA0095700992
B2028174739754N11957078WA0095900993
B2028184739751N11957078WA0095900994
B2028194739746N11957077WA0095700993
B2028204739742N11957075WA0095400991
B2028214739737N11957072WA0095100990
B2028224739732N11957069WA0095000989
B2028234739727N11957065WA0095100990
B2028244739723N11957063WA0095700992
B2028254739720N11957062WA0095900993
B2028264739716N11957062WA0096100994
B2028274739713N11957062WA0096100995
B2028284739709N11957060WA0095900995
B2028294739704N11957058WA0095700994
B2028304739699N11957054WA0095800994
B2028314739694N11957049WA0095900996
B2028324739690N11957044WA0096400997
B2028334739686N11957040WA0096700999
B2028344739682N11957036WA0096601000
B2028354739678N11957032WA0096701001
B2028364739674N11957029WA0096901002
B2028374739670N11957026WA0097201005
B2028384739667N11957023WA0097601006
B2028394739665N11957020WA0097601007
B2028404739662N11957019WA0097501007
B2028414739657N11957018WA0097101007
B2028424739651N11957019WA0097101007
B2028434739645N11957021WA0097001008
B2028444739640N11957025WA0097501009
B2028454739636N11957030WA0098001012
B2028464739632N11957036WA0098301016
B2028474739629N11957042WA0098501017
B2028484739625N11957050WA0098401019
B2028494739623N11957060WA0098301019
B2028504739621N11957070WA0098201019
B2028514739621N11957082WA0098201020
B2028524739623N11957092WA0098301021
B2028534739626N11957102WA0098201022
B2028544739630N11957110WA0098201021
B2028554739636N11957117WA0097901021
B2028564739642N11957123WA0097401020
B2028574739648N11957129WA0097501019
B2028584739654N11957132WA0097401019
B2028594739660N11957131WA0097301019
B2029004739664N11957130WA0097201020
B2029014739668N11957128WA0097301019
B2029024739672N11957126WA0097201019
B2029034739676N11957122WA0097101019
B2029044739677N11957115WA0097101019
B2029054739677N11957108WA0097001019
B2029064739677N11957101WA0097701021
B2029074739678N11957096WA0098001023
B2029084739679N11957092WA0098101026
B2029094739681N11957088WA0098101026
B2029104739683N11957081WA0097901025
B2029114739684N11957074WA0097801024
B2029124739684N11957065WA0097801025
B2029134739684N11957057WA0097801026
B2029144739684N11957049WA0098201028
B2029154739685N11957043WA0098501030
B2029164739685N11957036WA0098601032
B2029174739685N11957030WA0098601034
B2029184739685N11957024WA0098901035
B2029194739684N11957018WA0098901036
B2029204739684N11957012WA0099101036
B2029214739683N11957006WA0098901037
B2029224739683N11956999WA0099101039
B2029234739683N11956992WA0099301040
B2029244739682N11956985WA0099301041
B2029254739682N11956980WA0099601042
B2029264739682N11956974WA0099601043
B2029274739682N11956968WA0099701043
B2029284739682N11956962WA0099401042
B2029294739682N11956954WA0099301042
B2029304739681N11956946WA0099201042
B2029314739681N11956939WA0099301042
B2029324739681N11956932WA0099501043
B2029334739682N11956926WA0099701043
B2029344739683N11956919WA0099601045
B2029354739685N11956913WA0100001047
B2029364739687N11956908WA0100501050
B2029374739688N11956903WA0100901054
B2029384739689N11956898WA0101301056
B2029394739691N11956892WA0101401058
B2029404739694N11956886WA0101601059
B2029414739696N11956879WA0101601061
B2029424739699N11956874WA0102001063
B2029434739701N11956869WA0102401066
B2029444739704N11956866WA0102701068
B2029454739709N11956864WA0102701069
B2029464739714N11956864WA0102401069
B2029474739720N11956866WA0102301070
B2029484739726N11956871WA0102301070
B2029494739732N11956878WA0102301071
B2029504739737N11956887WA0102401072
B2029514739741N11956897WA0102201074
B2029524739744N11956907WA0102901076
B2029534739745N11956918WA0103001078
B2029544739743N11956927WA0103201081
B2029554739741N11956936WA0103601085
B2029564739739N11956943WA0104101087
B2029574739737N11956950WA0104501089
B2029584739734N11956957WA0104401091
B2029594739731N11956964WA0104401092
B2030004739727N11956969WA0104601094
B2030014739722N11956972WA0104901095
B2030024739718N11956972WA0105001097
B2030034739713N11956971WA0105301099
B2030044739710N11956967WA0105701101
B2030054739707N11956963WA0106001103
B2030064739705N11956958WA0106201105
B2030074739705N11956952WA0106401109
B2030084739707N11956947WA0106901113
B2030094739711N11956943WA0106901115
B2030104739716N11956940WA0107001116
B2030114739722N11956938WA0107401119
B2030124739728N11956938WA0107501121
B2030134739734N11956940WA0107601123
B2030144739741N11956945WA0107701125
B2030154739746N11956952WA0107901127
B2030164739751N11956959WA0108201129
B2030174739754N11956969WA0108401132
B2030184739757N11956979WA0108501135
B2030194739759N11956989WA0108701137
B2030204739759N11956998WA0109101139
B2030214739760N11957006WA0109501142
B2030224739759N11957014WA0109701144
B2030234739757N11957022WA0109501146
B2030244739754N11957029WA0109601146
B2030254739749N11957035WA0109601148
B2030264739745N11957038WA0109801149
B2030274739742N11957039WA0109901151
B2030284739738N11957040WA0110201152
B2030294739735N11957039WA0110201153
B2030304739731N11957037WA0110101154
B2030314739728N11957034WA0110201154
B2030324739724N11957030WA0110201154
B2030334739721N11957025WA0110201156
B2030344739719N11957019WA0110801160
B2030354739717N11957013WA0111201164
B2030364739716N11957008WA0111601167
B2030374739715N11957003WA0111901170
B2030384739715N11956998WA0112501173
B2030394739717N11956993WA0112501175
B2030404739721N11956988WA0112501176
B2030414739728N11956985WA0112401177
B2030424739735N11956984WA0112601179
B2030434739742N11956986WA0112901181
B2030444739748N11956992WA0113301185
B2030454739754N11957000WA0113501186
B2030464739758N11957011WA0113401187
B2030474739759N11957024WA0113301188
B2030484739758N11957034WA0113801191
B2030494739755N11957043WA0113901194
B2030504739751N11957049WA0114201197
B2030514739747N11957052WA0114501199
B2030524739743N11957053WA0114701202
B2030534739739N11957052WA0114901203
B2030544739736N11957050WA0115001206
B2030554739732N11957047WA0115301208
B2030564739729N11957045WA0115701211
B2030574739726N11957043WA0116001214
B2030584739724N11957042WA0116201216
B2030594739721N11957040WA0116401218
B2031004739718N11957039WA0116501219
B2031014739716N11957036WA0116501220
B2031024739714N11957031WA0116601221
B2031034739714N11957026WA0116501222
B2031044739715N11957021WA0116801223
B2031054739717N11957016WA0117101226
B2031064739719N11957011WA0117501228
B2031074739722N11957007WA0117901231
B2031084739724N11957004WA0118001234
B2031094739727N11957000WA0118301236
B2031104739730N11956997WA0118501238
B2031114739735N11956995WA0118601241
B2031124739741N11956995WA0118701243
B2031134739747N11956997WA0119001245
B2031144739753N11957002WA0119401249
B2031154739757N11957008WA0119801252
B2031164739761N11957016WA0120101255
B2031174739765N11957024WA0120201257
B2031184739768N11957034WA0120201259
B2031194739769N11957044WA0120501261
B2031204739769N11957055WA0120401262
B2031214739768N11957064WA0120601264
B2031224739766N11957073WA0120701265
B2031234739762N11957080WA0120901267
B2031244739757N11957084WA0121001269
B2031254739753N11957086WA0121301271
B2031264739749N11957085WA0121801274
B2031274739746N11957084WA0122101276
B2031284739743N11957082WA0122301279
B2031294739741N11957079WA0122401280
B2031304739738N11957075WA0122401282
B2031314739737N11957070WA0122501283
B2031324739736N11957064WA0122501284
B2031334739737N11957057WA0122601285
B2031344739738N11957051WA0123101288
B2031354739739N11957046WA0123501290
B2031364739740N11957040WA0123701293
B2031374739742N11957035WA0123901294
B2031384739743N11957030WA0123901296
B2031394739745N11957024WA0124101297
B2031404739748N11957019WA0124001298
B2031414739750N11957014WA0124401300
B2031424739752N11957009WA0124801302
B2031434739754N11957005WA0125001305
B2031444739756N11957001WA0125301307
B2031454739759N11956998WA0125601309
B2031464739762N11956995WA0125501310
B2031474739766N11956992WA0125401310
B2031484739771N11956989WA0125301310
B2031494739777N11956986WA0125501312
B2031504739783N11956985WA0126001315
B2031514739789N11956987WA0126301317
B2031524739794N11956989WA0126401319
B2031534739800N11956993WA0126401320
B2031544739806N11956998WA0126501322
B2031554739812N11957004WA0126501323
B2031564739817N11957012WA0126601324
B2031574739821N11957021WA0126701326
B2031584739824N11957031WA0126801327
B2031594739827N11957041WA0126901328
B2032004739828N11957051WA0127001329
B2032014739828N11957061WA0127001330
B2032024739828N11957072WA0127001330
B2032034739826N11957082WA0127101331
B2032044739821N11957091WA0127201332
B2032054739817N11957100WA0127201333
B2032064739812N11957106WA0127701335
B2032074739807N11957112WA0127901336
B2032084739802N11957118WA0128201339
B2032094739798N11957124WA0128301341
B2032104739793N11957129WA0128601343
B2032114739789N11957133WA0128601344
B2032124739785N11957138WA0128801345
B2032134739780N11957142WA0128901347
B2032144739775N11957145WA0128901348
B2032154739770N11957149WA0129201350
B2032164739765N11957152WA0129601352
B2032174739761N11957156WA0129901354
B2032184739757N11957159WA0130101356
B2032194739754N11957160WA0130201357
B2032204739749N11957160WA0130001356
B2032214739745N11957159WA0129901357
B2032224739740N11957159WA0130101357
B2032234739735N11957160WA0130201359
B2032244739730N11957162WA0130401360
B2032254739726N11957165WA0130401361
B2032264739721N11957168WA0130301362
B2032274739715N11957171WA0130201362
B2032284739710N11957172WA0130301361
B2032294739705N11957173WA0130301362
B2032304739700N11957173WA0130701363
B2032314739696N11957172WA0130801365
B2032324739692N11957170WA0131301367
B2032334739689N11957168WA0131301370
B2032344739686N11957164WA0131701372
B2032354739685N11957160WA0131801374
B2032364739684N11957155WA0131901375
B2032374739684N11957149WA0132001376
B2032384739685N11957142WA0132001377
B2032394739687N11957135WA0132001378
B2032404739691N11957128WA0132201380
B2032414739696N11957123WA0132501382
B2032424739702N11957120WA0133101385
B2032434739707N11957119WA0133301388
B2032444739713N11957120WA0133701390
B2032454739720N11957123WA0133701392
B2032464739725N11957129WA0134001394
B2032474739730N11957137WA0133901396
B2032484739733N11957146WA0134001398
B2032494739734N11957156WA0134501400
B2032504739734N11957165WA0134801403
B2032514739732N11957172WA0134801405
B2032524739730N11957179WA0134801406
B2032534739727N11957185WA0134701407
B2032544739724N11957190WA0134701408
B2032554739720N11957194WA0134801409
B2032564739717N11957196WA0134901410
B2032574739713N11957195WA0135101410
B2032584739710N11957193WA0135201410
B2032594739707N11957189WA0135001412
B2033004739705N11957184WA0135501413
B2033014739703N11957179WA0135701415
B2033024739702N11957173WA0136101418
B2033034739701N11957168WA0136201419
B2033044739702N11957161WA0136501421
B2033054739702N11957153WA0136401423
B2033064739704N11957145WA0136401425
B2033074739705N11957138WA0137101428
B2033084739706N11957131WA0137501431
B2033094739708N11957126WA0137801435
B2033104739710N11957122WA0138201437
B2033114739713N11957119WA0138201439
B2033124739717N11957117WA0138001439
B2033134739723N11957117WA0138001439
B2033144739729N11957120WA0138001440
B2033154739735N11957126WA0138001442
B2033164739738N11957135WA0138401444
B2033174739739N11957143WA0138601447
B2033184739740N11957152WA0138601447
B2033194739740N11957162WA0138801448
B2033204739739N11957172WA0138801449
B2033214739738N11957181WA0138801450
B2033224739736N11957191WA0139201452
B2033234739734N11957200WA0139501454
B2033244739732N11957208WA0139901457
B2033254739731N11957216WA0140201460
B2033264739731N11957224WA0140501462
B2033274739731N11957233WA0140501464
B2033284739730N11957242WA0140601465
B2033294739728N11957251WA0140801466
B2033304739724N11957258WA0141001469
B2033314739719N11957263WA0141501472
B2033324739715N11957264WA0141901476
B2033334739712N11957263WA0142101479
B2033344739709N11957261WA0142401482
B2033354739706N11957258WA0142601483
B2033364739704N11957253WA0142801486
B2033374739703N11957247WA0142901487
B2033384739704N11957240WA0142801489
B2033394739706N11957234WA0143001489
B2033404739711N11957229WA0143001490
B2033414739716N11957226WA0143201491
B2033424739722N11957223WA0143401493
B2033434739727N11957223WA0143701495
B2033444739733N11957225WA0144001498
B2033454739739N11957230WA0144001500
B2033464739743N11957237WA0144101502
B2033474739747N11957246WA0144101503
B2033484739748N11957256WA0144601505
B2033494739748N11957265WA0144701508
B2033504739747N11957274WA0145001511
B2033514739745N11957282WA0145301513
B2033524739743N11957289WA0145601515
B2033534739740N11957295WA0145701518
B2033544739737N11957301WA0145901519
B2033554739734N11957306WA0146001520
B2033564739732N11957312WA0146101521
B2033574739729N11957319WA0145901522
B2033584739725N11957325WA0145901523
B2033594739720N11957330WA0145801523
B2034004739715N11957334WA0146001524
B2034014739710N11957338WA0146001525
B2034024739705N11957342WA0146401527
B2034034739701N11957345WA0146601529
B2034044739696N11957348WA0146801531
B2034054739690N11957349WA0146701532
B2034064739683N11957349WA0146601533
B2034074739676N11957348WA0146901537
B2034084739671N11957345WA0147901541
B2034094739667N11957341WA0148601546
B2034104739665N11957337WA0148901550
B2034114739664N11957332WA0149101552
B2034124739664N11957326WA0149201554
B2034134739667N11957320WA0149201555
B2034144739671N11957315WA0149301557
B2034154739676N11957313WA0149401559
B2034164739682N11957314WA0149801561
B2034174739688N11957318WA0149701562
B2034184739694N11957325WA0150201564
B2034194739698N11957334WA0150201567
B2034204739702N11957344WA0150701570
B2034214739704N11957354WA0151201574
B2034224739704N11957365WA0151501578
B2034234739702N11957374WA0151801582
B2034244739699N11957382WA0152001584
B2034254739694N11957390WA0151901585
B2034264739688N11957396WA0152401589
B2034274739683N11957401WA0152901592
B2034284739677N11957404WA0153601596
B2034294739672N11957405WA0154001600
B2034304739667N11957404WA0154401604
B2034314739662N11957402WA0154601607
B2034324739658N11957399WA0154901609
B2034334739656N11957395WA0155001612
B2034344739654N11957390WA0155101614
B2034354739655N11957385WA0155101616
B2034364739657N11957379WA0155301618
B2034374739660N11957376WA0155701620
B2034384739665N11957374WA0156001623
B2034394739670N11957375WA0156301626
B2034404739676N11957377WA0156601629
B2034414739682N11957383WA0156601632
B2034424739686N11957392WA0157101634
B2034434739689N11957402WA0157401639
B2034444739690N11957413WA0158001643
B2034454739689N11957423WA0158601648
B2034464739685N11957432WA0159001653
B2034474739681N11957439WA0159201657
B2034484739676N11957444WA0159701660
B2034494739670N11957446WA0159901663
B2034504739665N11957446WA0160201664
B2034514739661N11957442WA0160201666
B2034524739658N11957436WA0160201667
B2034534739658N11957429WA0160401668
B2034544739661N11957424WA0160701671
B2034554739665N11957421WA0161201675
B2034564739671N11957422WA0161301678
B2034574739676N11957426WA0161901681
B2034584739681N11957433WA0162401685
B2034594739684N11957440WA0162801690
B2035004739685N11957450WA0163001693
B2035014739685N11957461WA0163101695
B2035024739682N11957472WA0163401697
B2035034739677N11957479WA0163501700
B2035044739672N11957483WA0164001704
B2035054739667N11957485WA0164301706
B2035064739662N11957484WA0164401708
B2035074739658N11957481WA0164601709
B2035084739654N11957477WA0164501709
B2035094739652N11957471WA0164501710
B2035104739651N11957465WA0164801712
B2035114739653N11957459WA0165001714
B2035124739655N11957454WA0165401718
B2035134739659N11957452WA0165901721
B2035144739663N11957452WA0166401725
B2035154739668N11957454WA0166601728
B2035164739672N11957461WA0166601731
B2035174739677N11957471WA0166601733
B2035184739679N11957483WA0167101737
B2035194739680N11957495WA0167701743
B2035204739680N11957506WA0168501748
B2035214739679N11957514WA0168901753
B2035224739676N11957522WA0169301757
B2035234739673N11957529WA0169301759
B2035244739668N11957534WA0169301760
B2035254739662N11957537WA0169401761
B2035264739656N11957537WA0169501762
B2035274739651N11957533WA0169701764
B2035284739648N11957528WA0169801766
B2035294739647N11957522WA0170001768
B2035304739648N11957516WA0170201770
B2035314739650N11957512WA0170601771
B2035324739653N11957509WA0170701773
B2035334739656N11957506WA0170901775
B2035344739661N11957503WA0170901777
B2035354739666N11957502WA0171301779
B2035364739671N11957504WA0171701782
B2035374739677N11957510WA0171901785
B2035384739682N11957519WA0172301788
B2035394739686N11957528WA0172701793
B2035404739689N11957537WA0173201797
B2035414739691N11957547WA0173701802
B2035424739691N11957556WA0174101806
B2035434739690N11957565WA0174401810
B2035444739689N11957574WA0174801814
B2035454739686N11957581WA0174901816
B2035464739681N11957587WA0175001818
B2035474739676N11957592WA0175001820
B2035484739671N11957595WA0175501823
B2035494739666N11957596WA0175901826
B2035504739662N11957594WA0176301829
B2035514739658N11957591WA0176301831
B2035524739656N11957586WA0176601832
B2035534739655N11957581WA0176701834
B2035544739656N11957576WA0176801835
B2035554739658N11957571WA0176701835
B2035564739662N11957565WA0176701836
B2035574739666N11957562WA0177101838
B2035584739670N11957559WA0177601841
B2035594739675N11957558WA0178001845
B2036004739679N11957558WA0178601849
B2036014739684N11957560WA0178801853
B2036024739689N11957562WA0179001855
B2036034739695N11957566WA0179101857
B2036044739701N11957572WA0179201859
B2036054739706N11957581WA0179301861
B2036064739710N11957592WA0179801865
B2036074739712N11957603WA0180301870
B2036084739713N11957614WA0181001876
B2036094739713N11957624WA0181501881
B2036104739712N11957634WA0182001886
B2036114739710N11957642WA0182301890
B2036124739707N11957648WA0182401893
B2036134739702N11957652WA0182501894
B2036144739697N11957653WA0182801896
B2036154739693N11957651WA0183001900
B2036164739690N11957647WA0183901905
B2036174739690N11957642WA0184101909
B2036184739691N11957637WA0184701913
B2036194739693N11957633WA0184901916
B2036204739697N11957629WA0185201920
B2036214739701N11957626WA0185501923
B2036224739706N11957625WA0186101927
B2036234739712N11957626WA0186301931
B2036244739718N11957631WA0186601934
B2036254739725N11957638WA0186501936
B2036264739730N11957649WA0186801939
B2036274739733N11957660WA0187401943
B2036284739735N11957671WA0188201948
B2036294739736N11957680WA0188901954
B2036304739736N11957689WA0189501960
B2036314739735N11957697WA0189801964
B2036324739733N11957706WA0189901967
B2036334739729N11957714WA0189901970
B2036344739724N11957720WA0190401973
B2036354739718N11957722WA0190701978
B2036364739713N11957722WA0191401982
B2036374739710N11957719WA0191601986
B2036384739707N11957716WA0192501991
B2036394739705N11957713WA0192801996
B2036404739705N11957708WA0193202000
B2036414739705N11957703WA0193302002
B2036424739707N11957697WA0193502005
B2036434739710N11957692WA0193702007
B2036444739715N11957688WA0194002010
B2036454739720N11957685WA0194302013
B2036464739726N11957685WA0194902017
B2036474739733N11957688WA0195102020
B2036484739739N11957694WA0195402023
B2036494739745N11957702WA0195702026
B2036504739749N11957712WA0196202030
B2036514739752N11957723WA0196602034
B2036524739753N11957733WA0197202039
B2036534739753N11957742WA0197602044
B2036544739752N11957752WA0198202049
B2036554739750N11957760WA0198402053
B2036564739747N11957768WA0198702057
B2036574739742N11957772WA0199102061
B2036584739736N11957774WA0199502064
B2036594739731N11957773WA0200002069
B2037004739727N11957771WA0200702075
B2037014739725N11957768WA0201302081
B2037024739723N11957766WA0202102086
B2037034739722N11957762WA0202402091
B2037044739722N11957758WA0202602093
B2037054739722N11957753WA0202502095
B2037064739724N11957748WA0202602097
B2037074739727N11957744WA0202902099
B2037084739731N11957740WA0203102102
B2037094739737N11957738WA0203502104
B2037104739743N11957739WA0203902107
B2037114739750N11957741WA0204002110
B2037124739756N11957745WA0204302112
B2037134739763N11957751WA0204302113
B2037144739769N11957759WA0204402115
B2037154739774N11957769WA0204702117
B2037164739777N11957779WA0205202121
B2037174739778N11957790WA0205602125
B2037184739779N11957800WA0206102130
B2037194739779N11957810WA0206702135
B2037204739778N11957819WA0207302140
B2037214739777N11957829WA0207702145
B2037224739774N11957838WA0208102150
B2037234739771N11957847WA0208302156
B2037244739767N11957855WA0209402162
B2037254739763N11957860WA0210102169
B2037264739759N11957863WA0210802174
B2037274739755N11957864WA0211102179
B2037284739751N11957863WA0211502183
B2037294739747N11957859WA0211802187
B2037304739745N11957853WA0212302192
B2037314739744N11957847WA0212702198
B2037324739746N11957841WA0213402205
B2037334739749N11957836WA0214102211
B2037344739752N11957833WA0214802217
B2037354739757N11957833WA0215202221
B2037364739762N11957834WA0215202223
B2037374739769N11957837WA0215302225
B2037384739777N11957841WA0215402227
B2037394739784N11957848WA0215802231
B2037404739790N11957856WA0216802237
B2037414739794N11957865WA0217302243
B2037424739798N11957874WA0218002250
B2037434739800N11957885WA0218502256
B2037444739801N11957895WA0219302262
B2037454739800N11957905WA0219902269
B2037464739798N11957914WA0220502275
B2037474739794N11957921WA0220802280
B2037484739789N11957925WA0221502286
B2037494739785N11957928WA0222102292
B2037504739781N11957929WA0222902298
B2037514739777N11957929WA0223302303
B2037524739774N11957926WA0223702308
B2037534739773N11957921WA0223802313
B2037544739773N11957915WA0224602318
B2037554739776N11957910WA0225102324
B2037564739780N11957906WA0225902331
B2037574739786N11957905WA0226402336
B2037584739792N11957906WA0226702340
B2037594739800N11957910WA0227302345
B2038004739807N11957914WA0227702349
B2038014739815N11957919WA0228202354
B2038024739821N11957926WA0229002361
B2038034739825N11957936WA0229502368
B2038044739827N11957946WA0230302375
B2038054739827N11957957WA0231102382
B2038064739826N11957966WA0231902389
B2038074739824N11957973WA0232502397
B2038084739821N11957979WA0233402404
B2038094739818N11957984WA0233602409
B2038104739813N11957986WA0233902413
B2038114739808N11957984WA0234102416
B2038124739804N11957980WA0234702421
B2038134739802N11957975WA0235302427
B2038144739801N11957970WA0236602435
B2038154739803N11957966WA0237302444
B2038164739805N11957963WA0237902451
B2038174739809N11957960WA0238402456
B2038184739815N11957958WA0238402460
B2038194739822N11957957WA0239002464
B2038204739830N11957958WA0239302468
B2038214739838N11957962WA0239702472
B2038224739846N11957968WA0240302477
B2038234739852N11957977WA0240702483
B2038244739857N11957987WA0241602489
B2038254739860N11957998WA0242002496
B2038264739861N11958009WA0242902503
B2038274739860N11958019WA0243702512
B2038284739858N11958026WA0244302519
B2038294739855N11958031WA0245002524
B2038304739852N11958035WA0245402528
B2038314739849N11958039WA0245702532
B2038324739845N11958044WA0245902535
B2038334739841N11958048WA0245902537
B2038344739835N11958050WA0246102540
B2038354739831N11958050WA0246702544
B2038364739826N11958048WA0247302549
B2038374739823N11958046WA0248002554
B2038384739820N11958044WA0248702560
B2038394739817N11958042WA0248902566
B2038404739814N11958039WA0249502571
B2038414739811N11958035WA0250102576
B2038424739807N11958031WA0250302581
B2038434739804N11958027WA0251002586
B2038444739800N11958024WA0251802593
B2038454739797N11958021WA0252402599
B2038464739795N11958018WA0253202605
B2038474739792N11958015WA0253302610
B2038484739788N11958013WA0253802613
B2038494739784N11958011WA0253902617
B2038504739780N11958008WA0254402620
B2038514739775N11958006WA0254802625
B2038524739772N11958003WA0255302630
B2038534739768N11958000WA0256102636
B2038544739765N11957997WA0256702642
B2038554739761N11957994WA0257002646
B2038564739757N11957990WA0257002650
B2038574739753N11957986WA0257402652
B2038584739749N11957981WA0257402653
B2038594739746N11957976WA0257502654
B2039004739743N11957970WA0257502655
B2039014739742N11957963WA0257602656
B2039024739740N11957957WA0257802656
B2039034739739N11957949WA0257702656
B2039044739738N11957942WA0258002657
B2039054739736N11957935WA0258002658
B2039064739733N11957927WA0257902659
B2039074739730N11957920WA0257902660
B2039084739725N11957913WA0257802661
B2039094739720N11957906WA0258202662
B2039104739716N11957900WA0258402664
B2039114739711N11957895WA0258802666
B2039124739706N11957890WA0258902668
B2039134739702N11957884WA0259002669
B2039144739697N11957878WA0258302668
B2039154739691N11957870WA0258302667
B2039164739685N11957861WA0257902666
B2039174739678N11957852WA0257802666
B2039184739672N11957844WA0258202668
B2039194739666N11957837WA0258802670
B2039204739661N11957832WA0259502674
B2039214739655N11957827WA0259602676
B2039224739650N11957822WA0259702678
B2039234739645N11957817WA0259802679
B2039244739639N11957811WA0259502679
B2039254739634N11957806WA0259502679
B2039264739628N11957800WA0259402678
B2039274739623N11957794WA0259402677
B2039284739617N11957788WA0259102677
B2039294739611N11957781WA0259302676
B2039304739606N11957775WA0259202675
B2039314739600N11957770WA0259002674
B2039324739595N11957765WA0259002673
B2039334739590N11957759WA0258902672
B2039344739585N11957752WA0258502669
B2039354739580N11957746WA0258402668
B2039364739575N11957739WA0258402666
B2039374739570N11957733WA0258202665
B2039384739564N11957727WA0257902663
B2039394739559N11957721WA0257702661
B2039404739554N11957714WA0257502658
B2039414739549N11957707WA0257002654
B2039424739545N11957699WA0256602650
B2039434739541N11957691WA0256402646
B2039444739537N11957682WA0255702642
B2039454739532N11957673WA0255202637
B2039464739527N11957663WA0254502632
B2039474739522N11957653WA0254002627
B2039484739517N11957643WA0253702623
B2039494739512N11957633WA0253602620
B2039504739507N11957623WA0253402618
B2039514739501N11957615WA0253402617
B2039524739496N11957606WA0253302616
B2039534739491N11957598WA0253202615
B2039544739485N11957591WA0253002613
B2039554739479N11957583WA0252702611
B2039564739473N11957574WA0252302609
B2039574739466N11957566WA0252002606
B2039584739460N11957557WA0251902604
B2039594739454N11957547WA0251802602
B2040004739447N11957539WA0251702601
B2040014739441N11957531WA0251702600
B2040024739435N11957523WA0251502600
B2040034739429N11957516WA0251702599
B2040044739423N11957509WA0251402597
B2040054739418N11957501WA0251302595
B2040064739413N11957493WA0250802592
B2040074739407N11957485WA0250502589
B2040084739402N11957477WA0250102585
B2040094739397N11957469WA0249702582
B2040104739391N11957461WA0249302578
B2040114739385N11957453WA0249002574
B2040124739379N11957445WA0248502570
B2040134739373N11957437WA0248202566
B2040144739368N11957428WA0247802563
B2040154739363N11957420WA0247502560
B2040164739358N11957411WA0247302558
B2040174739354N11957403WA0247302555
B2040184739350N11957394WA0246702552
B2040194739345N11957386WA0246602549
B2040204739340N11957378WA0246302545
B2040214739334N11957370WA0245802541
B2040224739329N11957362WA0245302537
B2040234739324N11957352WA0245102532
B2040244739319N11957342WA0244602529
B2040254739314N11957331WA0244302525
B2040264739309N11957321WA0244002523
B2040274739304N11957312WA0244102523
B2040284739299N11957302WA0244202523
B2040294739294N11957294WA0244602524
B2040304739290N11957286WA0244902525
B2040314739286N11957278WA0245002527
B2040324739282N11957271WA0245002528
B2040334739278N11957264WA0245002529
B2040344739274N11957255WA0245102529
B2040354739270N11957246WA0245202530
B2040364739266N11957236WA0245102530
B2040374739262N11957227WA0244902530
B2040384739258N11957217WA0244802529
B2040394739254N11957207WA0245102530
B2040404739250N11957197WA0245202531
B2040414739245N11957188WA0245302531
B2040424739241N11957180WA0245302532
B2040434739237N11957171WA0245202532
B2040444739232N11957162WA0245202531
B2040454739228N11957153WA0245002530
B2040464739223N11957143WA0244902529
B2040474739218N11957133WA0244902529
B2040484739214N11957124WA0244902529
B2040494739210N11957114WA0245402530
B2040504739206N11957105WA0245502532
B2040514739203N11957096WA0245602534
B2040524739199N11957087WA0245702534
B2040534739195N11957077WA0245702534
B2040544739191N11957067WA0245602534
B2040554739187N11957057WA0245602534
B2040564739184N11957046WA0245602535
B2040574739180N11957036WA0245602535
B2040584739177N11957025WA0245702535
B2040594739174N11957015WA0245602535
B2041004739171N11957004WA0245802536
B2041014739168N11956994WA0245802536
B2041024739166N11956984WA0245702536
B2041034739163N11956973WA0245902536
B2041044739160N11956963WA0245802536
B2041054739157N11956953WA0245802536
B2041064739155N11956943WA0245902536
B2041074739152N11956933WA0245702536
B2041084739149N11956923WA0245502535
B2041094739146N11956913WA0245602534
B2041104739142N11956903WA0245602534
B2041114739139N11956893WA0245602534
B2041124739136N11956883WA0245702534
B2041134739132N11956874WA0245602535
B2041144739129N11956864WA0245502535
B2041154739125N11956855WA0245802535
B2041164739122N11956847WA0245702534
B2041174739117N11956839WA0245402533
B2041184739113N11956830WA0245402532
B2041194739109N11956821WA0245302531
B2041204739105N11956813WA0245302530
B2041214739101N11956804WA0245102529
B2041224739097N11956795WA0244902527
B2041234739092N11956785WA0244802525
B2041244739088N11956775WA0244302522
B2041254739083N11956765WA0244102521
B2041264739077N11956755WA0244102520
B2041274739072N11956746WA0244202520
B2041284739067N11956738WA0244602520
B2041294739062N11956730WA0244602521
B2041304739057N11956722WA0244802522
B2041314739052N11956714WA0244702523
B2041324739046N11956706WA0244602523
B2041334739040N11956697WA0244402523
B2041344739034N11956688WA0244602524
B2041354739029N11956680WA0244902525
B2041364739023N11956671WA0245002526
B2041374739018N11956664WA0245302528
B2041384739013N11956656WA0245502528
B2041394739008N11956649WA0245302529
B2041404739003N11956642WA0245002527
B2041414738998N11956635WA0244802525
B2041424738992N11956628WA0244402523
B2041434738985N11956620WA0244102521
B2041444738979N11956613WA0243802518
B2041454738972N11956605WA0243602516
B2041464738967N11956597WA0243602514
B2041474738961N11956589WA0243402512
B2041484738956N11956581WA0243102509
B2041494738950N11956573WA0242802506
B2041504738944N11956564WA0242402503
B2041514738938N11956556WA0242102500
B2041524738932N11956548WA0241802497
B2041534738926N11956540WA0241602494
B2041544738920N11956531WA0241202491
B2041554738913N11956523WA0241002488
B2041564738907N11956515WA0240602486
B2041574738902N11956507WA0240502484
B2041584738896N11956498WA0240402482
B2041594738891N11956490WA0240402480
B2042004738886N11956482WA0240002478
B2042014738880N11956474WA0239702475
B2042024738874N11956466WA0239202471
B2042034738868N11956457WA0238802468
B2042044738862N11956449WA0238402465
B2042054738855N11956441WA0238502463
B2042064738849N11956435WA0238502463
B2042074738844N11956428WA0239002464
B2042084738840N11956421WA0238802464
B2042094738835N11956414WA0239002464
B2042104738831N11956408WA0238702463
B2042114738826N11956401WA0238402461
B2042124738821N11956394WA0237902458
B2042134738816N11956387WA0237602455
B2042144738810N11956379WA0237102451
B2042154738805N11956371WA0236802448
B2042164738800N11956363WA0236702445
B2042174738795N11956355WA0236302442
B2042184738790N11956348WA0236002439
B2042194738784N11956341WA0235802437
B2042204738779N11956334WA0235802436
B2042214738774N11956328WA0235802433
B2042224738769N11956322WA0235302430
B2042234738763N11956315WA0235102428
B2042244738758N11956309WA0234602424
B2042254738752N11956302WA0234102420
B2042264738745N11956295WA0233502416
B2042274738739N11956288WA0233302412
B2042284738734N11956281WA0233202410
B2042294738729N11956274WA0233102408
B2042304738725N11956267WA0233102407
B2042314738721N11956261WA0232902406
B2042324738717N11956254WA0232802405
B2042334738713N11956247WA0232802404
B2042344738710N11956240WA0232702403
B2042354738707N11956232WA0232502402
B2042364738704N11956225WA0232302400
B2042374738701N11956217WA0231802397
B2042384738696N11956211WA0231702394
B2042394738692N11956208WA0231802393
B2042404738687N11956209WA0231902392
B2042414738684N11956213WA0232002391
B2042424738681N11956220WA0231902390
B2042434738679N11956228WA0231402388
B2042444738676N11956238WA0231002386
B2042454738674N11956249WA0231002384
B2042464738673N11956261WA0230502382
B2042474738672N11956275WA0230002379
B2042484738671N11956290WA0229802376
B2042494738671N11956304WA0229502374
B2042504738671N11956319WA0229502373
B2042514738670N11956333WA0229602372
B2042524738669N11956346WA0229302370
B2042534738668N11956359WA0229002368
B2042544738667N11956372WA0228902366
B2042554738666N11956384WA0228602364
B2042564738665N11956396WA0228402361
B2042574738664N11956408WA0228102359
B2042584738663N11956421WA0227602356
B2042594738662N11956434WA0227302353
B2043004738662N11956447WA0227002350
B2043014738661N11956461WA0227102348
B2043024738660N11956475WA0227002347
B2043034738659N11956488WA0226902346
B2043044738658N11956501WA0226502344
B2043054738657N11956515WA0226302341
B2043064738656N11956528WA0226002338
B2043074738655N11956542WA0225802336
B2043084738654N11956556WA0225502334
B2043094738653N11956570WA0225302331
B2043104738651N11956584WA0224802328
B2043114738650N11956598WA0224702325
B2043124738649N11956613WA0224502323
B2043134738647N11956627WA0224502321
B2043144738646N11956642WA0224102320
B2043154738644N11956656WA0224002318
B2043164738642N11956670WA0223802316
B2043174738641N11956685WA0223702314
B2043184738639N11956699WA0223302313
B2043194738637N11956714WA0223302311
B2043204738637N11956728WA0223502310
B2043214738637N11956741WA0223402309
B2043224738638N11956754WA0223102308
B2043234738638N11956767WA0223002306
B2043244738638N11956781WA0222202302
B2043254738637N11956795WA0222302299
B2043264738636N11956810WA0221502296
B2043274738635N11956824WA0221602293
B2043284738634N11956838WA0221402292
B2043294738633N11956852WA0221402291
B2043304738632N11956866WA0221402290
B2043314738631N11956878WA0221202289
B2043324738630N11956890WA0221002286
B2043334738629N11956902WA0220702283
B2043344738627N11956915WA0220102279
B2043354738625N11956928WA0219902275
B2043364738622N11956941WA0219202271
B2043374738619N11956955WA0219002267
B2043384738616N11956969WA0218502264
B2043394738614N11956983WA0218402261
B2043404738611N11956996WA0218402259
B2043414738608N11957009WA0218302258
B2043424738605N11957021WA0218002256
B2043434738602N11957034WA0217802254
B2043444738599N11957046WA0217702252
B2043454738595N11957058WA0217502250
B2043464738592N11957071WA0217002247
B2043474738589N11957083WA0216902244
B2043484738585N11957097WA0216202241
B2043494738581N11957111WA0216102238
B2043504738578N11957125WA0215702235
B2043514738575N11957140WA0215602233
B2043524738572N11957154WA0215502231
B2043534738569N11957168WA0215302229
B2043544738566N11957183WA0215202228
B2043554738563N11957197WA0215102226
B2043564738561N11957212WA0215002225
B2043574738560N11957228WA0215202224
B2043584738560N11957244WA0214702223
B2043594738560N11957260WA0214802223
B2044004738558N11957275WA0214902223
B2044014738556N11957289WA0214702223
B2044024738553N11957303WA0214602221
B2044034738550N11957318WA0214402220
B2044044738547N11957333WA0214302218
B2044054738544N11957348WA0213902216
B2044064738541N11957364WA0213402212
B2044074738537N11957381WA0212802208
B2044084738534N11957398WA0212502205
B2044094738531N11957415WA0212502203
B2044104738529N11957432WA0212702203
B2044114738527N11957447WA0213002203
B2044124738525N11957461WA0213102203
B2044134738523N11957476WA0212802203
B2044144738520N11957490WA0212302201
B2044154738518N11957506WA0212302199
B2044164738515N11957521WA0211902197
B2044174738513N11957535WA0211902197
B2044184738510N11957549WA0212102196
B2044194738508N11957562WA0212202196
B2044204738505N11957575WA0211902195
B2044214738503N11957588WA0211602193
B2044224738500N11957602WA0211302191
B2044234738498N11957617WA0211202188
B2044244738496N11957632WA0210902186
B2044254738494N11957647WA0210702185
B2044264738492N11957662WA0210802183
B2044274738490N11957676WA0210702183
B2044284738487N11957690WA0210702182
B2044294738485N11957704WA0210602180
B2044304738482N11957718WA0210302179
B2044314738480N11957733WA0210102177
B2044324738477N11957747WA0209902175
B2044334738474N11957761WA0209702172
B2044344738472N11957776WA0209302170
B2044354738469N11957791WA0209202167
B2044364738466N11957805WA0208802165
B2044374738463N11957820WA0208802162
B2044384738460N11957834WA0208102158
B2044394738456N11957848WA0207702155
B2044404738452N11957862WA0207302150
B2044414738448N11957877WA0207002146
B2044424738445N11957891WA0206502143
B2044434738441N11957905WA0206202139
B2044444738438N11957920WA0205702135
B2044454738434N11957934WA0205502131
B2044464738430N11957949WA0205102128
B2044474738427N11957963WA0204902124
B2044484738423N11957977WA0204502121
B2044494738419N11957991WA0204202117
B2044504738416N11958006WA0203702113
B2044514738413N11958020WA0203502110
B2044524738410N11958033WA0203102107
B2044534738407N11958047WA0202902103
B2044544738404N11958060WA0202402100
B2044554738402N11958073WA0202102095
B2044564738399N11958087WA0201402091
B2044574738396N11958101WA0201202086
B2044584738393N11958115WA0200502081
B2044594738390N11958129WA0200102077
B2045004738387N11958142WA0199902073
B2045014738383N11958156WA0199402068
B2045024738380N11958170WA0198902064
B2045034738377N11958184WA0198402059
B2045044738374N11958199WA0198102054
B2045054738372N11958215WA0197802051
B2045064738369N11958231WA0197302048
B2045074738367N11958246WA0197202046
B2045084738364N11958261WA0197202045
B2045094738362N11958274WA0197202043
B2045104738359N11958288WA0196902041
B2045114738356N11958302WA0196602038
B2045124738354N11958316WA0196102035
B2045134738351N11958330WA0195702031
B2045144738348N11958343WA0195402028
B2045154738344N11958357WA0195002025
B2045164738342N11958371WA0194702022
B2045174738339N11958385WA0194602019
B2045184738337N11958399WA0194202017
B2045194738335N11958413WA0194102015
B2045204738333N11958426WA0194002012
B2045214738330N11958439WA0193802010
B2045224738327N11958452WA0193402008
B2045234738325N11958465WA0193302005
B2045244738323N11958479WA0192702002
B2045254738322N11958493WA0192301998
B2045264738321N11958507WA0192101995
B2045274738320N11958520WA0192001992
B2045284738319N11958534WA0191701990
B2045294738318N11958547WA0191401987
B2045304738317N11958560WA0190901983
B2045314738316N11958574WA0190601980
B2045324738315N11958587WA0190301977
B2045334738314N11958601WA0190001973
B2045344738313N11958614WA0189501970
B2045354738313N11958628WA0189201966
B2045364738312N11958642WA0188901963
B2045374738310N11958655WA0188601960
B2045384738309N11958668WA0188301958
B2045394738308N11958682WA0188001954
B2045404738307N11958695WA0187601951
B2045414738307N11958708WA0187301947
B2045424738306N11958722WA0186801944
B2045434738306N11958735WA0186501940
B2045444738305N11958749WA0186001936
B2045454738304N11958763WA0185901933
B2045464738303N11958776WA0185601930
B2045474738303N11958789WA0185101925
B2045484738302N11958804WA0184401920
B2045494738301N11958818WA0183801915
B2045504738300N11958833WA0183101909
B2045514738299N11958849WA0182601903
B2045524738298N11958865WA0182001898
B2045534738297N11958881WA0181801894
B2045544738296N11958896WA0181601891
B2045554738295N11958911WA0181401888
B2045564738295N11958925WA0181201885
B2045574738295N11958940WA0181001882
B2045584738294N11958954WA0180401879
B2045594738294N11958969WA0180301875
B2046004738293N11958983WA0179701872
B2046014738293N11958998WA0179401868
B2046024738292N11959013WA0179101864
B2046034738292N11959028WA0178601860
B2046044738291N11959043WA0178301856
B2046054738291N11959058WA0178101852
B2046064738291N11959072WA0177501848
B2046074738290N11959087WA0177301844
B2046084738290N11959102WA0176601839
B2046094738289N11959117WA0176201835
B2046104738288N11959132WA0175601830
B2046114738287N11959147WA0175101825
B2046124738286N11959163WA0174701820
B2046134738285N11959178WA0174101816
B2046144738283N11959194WA0173801811
B2046154738282N11959209WA0173601808
B2046164738281N11959223WA0173201804
B2046174738279N11959238WA0173001801
B2046184738278N11959252WA0172601798
B2046194738277N11959266WA0172301794
B2046204738275N11959281WA0171901791
B2046214738274N11959295WA0171501787
B2046224738272N11959309WA0171101783
B2046234738271N11959323WA0170901781
B2046244738270N11959336WA0171001780
B2046254738270N11959349WA0171201778
B2046264738270N11959361WA0170701776
B2046274738269N11959373WA0170501773
B2046284738267N11959385WA0170301770
B2046294738265N11959398WA0169901768
B2046304738263N11959409WA0170001766
B2046314738261N11959420WA0169701764
B2046324738260N11959430WA0169601762
B2046334738258N11959441WA0169401761
B2046344738256N11959451WA0169001758
B2046354738255N11959462WA0168901755
B2046364738254N11959473WA0168301752
B2046374738254N11959485WA0168101749
B2046384738254N11959497WA0167901746
B2046394738254N11959509WA0167601743
B2046404738254N11959521WA0167201740
B2046414738255N11959533WA0167001737
B2046424738256N11959546WA0166401733
B2046434738256N11959560WA0166001729
B2046444738257N11959574WA0165501725
B2046454738257N11959588WA0165301722
B2046464738257N11959603WA0165101719
B2046474738258N11959617WA0165001718
B2046484738259N11959630WA0165101717
B2046494738260N11959643WA0165301716
B2046504738262N11959655WA0165201716
B2046514738263N11959666WA0165101714
B2046524738264N11959678WA0164801712
B2046534738265N11959691WA0164501710
B2046544738267N11959703WA0164101707
B2046554738269N11959716WA0163801704
B2046564738271N11959730WA0163401701
B2046574738273N11959744WA0162901699
B2046584738275N11959757WA0163001697
B2046594738278N11959771WA0163001695
B2047004738281N11959784WA0163101694
B2047014738283N11959797WA0162901693
B2047024738285N11959811WA0162501691
B2047034738286N11959824WA0162401690
B2047044738288N11959838WA0162201688
B2047054738289N11959852WA0162201688
B2047064738290N11959864WA0162601690
B2047074738291N11959876WA0162901692
B2047084738292N11959887WA0163101693
B2047094738292N11959898WA0163301695
B2047104738292N11959909WA0163501696
B2047114738292N11959918WA0163901698
B2047124738293N11959927WA0163901700
B2047134738294N11959937WA0164001702
B2047144738296N11959946WA0164201703
B2047154738297N11959955WA0164301705
B2047164738299N11959965WA0164701706
B2047174738301N11959974WA0164601707
B2047184738303N11959983WA0164601709
B2047194738306N11959993WA0165001710
B2047204738308N12000002WA0165201713
B2047214738312N12000009WA0165501716
B2047224738315N12000016WA0166101719
B2047234738317N12000021WA0166501723
B2047244738320N12000027WA0166901727
B2047254738322N12000033WA0167101730
B2047264738324N12000040WA0167201732
B2047274738327N12000047WA0167401734
B2047284738330N12000055WA0167601736
B2047294738333N12000063WA0167901739
B2047304738337N12000070WA0168301742
B2047314738340N12000077WA0168701746
B2047324738345N12000085WA0168801750
B2047334738349N12000092WA0169501754
B2047344738354N12000098WA0170501759
B2047354738359N12000104WA0170501764
B2047364738364N12000110WA0171001769
B2047374738369N12000115WA0171601774
B2047384738376N12000119WA0172101779
B2047394738384N12000120WA0172501784
B2047404738392N12000121WA0173101790
B2047414738399N12000124WA0173601797
B2047424738405N12000128WA0174601804
B2047434738410N12000133WA0174901809
B2047444738414N12000139WA0175401813
B2047454738420N12000144WA0175501817
B2047464738426N12000148WA0175501819
B2047474738431N12000152WA0175901821
B2047484738436N12000158WA0176201824
B2047494738439N12000165WA0176201826
B2047504738439N12000172WA0176501829
B2047514738438N12000180WA0176801831
B2047524738436N12000186WA0177001834
B2047534738433N12000192WA0177401836
B2047544738430N12000198WA0177901840
B2047554738427N12000203WA0178301846
B2047564738425N12000206WA0179201853
B2047574738423N12000207WA0179901860
B2047584738421N12000206WA0180501866
B2047594738419N12000204WA0180801870
B2048004738416N12000202WA0181101874
B2048014738413N12000198WA0181201878
B2048024738411N12000192WA0181701882
B2048034738411N12000184WA0182101885
B2048044738411N12000175WA0182601889
B2048054738414N12000166WA0182801892
B2048064738417N12000157WA0183301896
B2048074738421N12000148WA0183701900
B2048084738426N12000140WA0184101904
B2048094738434N12000135WA0184401908
B2048104738441N12000132WA0185201913
B2048114738448N12000132WA0185701919
B2048124738455N12000134WA0186501926
B2048134738460N12000138WA0186901932
B2048144738465N12000143WA0187401936
B2048154738470N12000150WA0187701940
B2048164738473N12000157WA0188001945
B2048174738476N12000165WA0188501949
B2048184738477N12000173WA0188901953
B2048194738477N12000181WA0189401958
B2048204738476N12000187WA0189701962
B2048214738473N12000192WA0189901965
B2048224738469N12000196WA0190301970
B2048234738465N12000197WA0191201976
B2048244738462N12000194WA0191901983
B2048254738460N12000189WA0192301987
B2048264738460N12000181WA0192601991
B2048274738461N12000172WA0192701994
B2048284738464N12000162WA0193201998
B2048294738469N12000153WA0193502002
B2048304738476N12000146WA0194002006
B2048314738483N12000141WA0194402010
B2048324738491N12000139WA0194902015
B2048334738499N12000138WA0195302019
B2048344738506N12000140WA0196202025
B2048354738513N12000143WA0196602030
B2048364738519N12000147WA0197102035
B2048374738524N12000152WA0197302039
B2048384738528N12000160WA0197502042
B2048394738531N12000168WA0197702044
B2048404738531N12000177WA0198002048
B2048414738530N12000184WA0198502051
B2048424738527N12000189WA0198802055
B2048434738524N12000193WA0199102059
B2048444738520N12000194WA0199702063
B2048454738517N12000195WA0200302069
B2048464738514N12000195WA0200902074
B2048474738511N12000194WA0201202079
B2048484738508N12000193WA0201502082
B2048494738505N12000190WA0201502084
B2048504738502N12000186WA0201502086
B2048514738499N12000179WA0202102088
B2048524738496N12000171WA0202302091
B2048534738496N12000161WA0202402094
B2048544738497N12000151WA0202702096
B2048554738500N12000140WA0202802098
B2048564738503N12000130WA0203302101
B2048574738507N12000120WA0203502104
B2048584738511N12000110WA0204102107
B2048594738515N12000101WA0204402111
B2049004738520N12000092WA0204902114
B2049014738526N12000085WA0205002118
B2049024738534N12000081WA0205202121
B2049034738543N12000079WA0205402124
B2049044738552N12000079WA0206002128
B2049054738559N12000080WA0206502133
B2049064738566N12000081WA0207102138
B2049074738572N12000084WA0207602143
B2049084738577N12000088WA0207902148
B2049094738582N12000095WA0208102150
B2049104738585N12000103WA0208202151
B2049114738586N12000112WA0208402154
B2049124738586N12000120WA0209002157
B2049134738585N12000126WA0209202161
B2049144738582N12000129WA0209402164
B2049154738578N12000131WA0209702167
B2049164738574N12000130WA0210202169
B2049174738570N12000128WA0210302173
B2049184738567N12000123WA0210502175
B2049194738563N12000117WA0210602178
B2049204738561N12000109WA0211002181
B2049214738561N12000099WA0211202183
B2049224738562N12000089WA0211602186
B2049234738564N12000079WA0211702188
B2049244738568N12000069WA0212002190
B2049254738574N12000060WA0212202192
B2049264738581N12000052WA0212402194
B2049274738589N12000048WA0212602197
B2049284738597N12000046WA0213302201
B2049294738605N12000048WA0213502205
B2049304738611N12000051WA0214202209
B2049314738616N12000055WA0214402213
B2049324738620N12000061WA0214702216
B2049334738623N12000068WA0214702218
B2049344738625N12000075WA0214902220
B2049354738625N12000082WA0215002222
B2049364738624N12000087WA0215402225
B2049374738622N12000092WA0215702228
B2049384738620N12000096WA0216302232
B2049394738617N12000098WA0216602236
B2049404738615N12000100WA0216902238
B2049414738612N12000101WA0217102240
B2049424738608N12000102WA0217302242
B2049434738605N12000103WA0217202244
B2049444738602N12000106WA0217702246
B2049454738600N12000110WA0217802249
B2049464738598N12000113WA0218502253
B2049474738596N12000116WA0218602257
B2049484738594N12000117WA0219202261
B2049494738591N12000115WA0219302264
B2049504738587N12000111WA0219302266
B2049514738584N12000104WA0219602268
B2049524738583N12000094WA0220202271
B2049534738584N12000084WA0220602275
B2049544738588N12000074WA0220802278
B2049554738593N12000065WA0220802280
B2049564738600N12000058WA0221102281
B2049574738607N12000053WA0221202283
B2049584738615N12000051WA0221302285
B2049594738622N12000053WA0221302286
B2050004738628N12000057WA0221502286
B2050014738632N12000062WA0221702288
B2050024738635N12000068WA0222002291
B2050034738636N12000073WA0222302293
B2050044738635N12000079WA0222402295
B2050054738634N12000083WA0222502297
B2050064738632N12000087WA0222802299
B2050074738629N12000090WA0222902302
B2050084738626N12000093WA0223702305
B2050094738624N12000094WA0223902310
B2050104738621N12000096WA0224302313
B2050114738618N12000096WA0224502316
B2050124738615N12000094WA0224502319
B2050134738612N12000090WA0224802320
B2050144738610N12000084WA0224602321
B2050154738608N12000077WA0224902321
B2050164738605N12000072WA0225002322
B2050174738602N12000069WA0225102323
B2050184738599N12000070WA0224902324
B2050194738597N12000074WA0224602323
B2050204738596N12000079WA0225002323
B2050214738595N12000083WA0225102324
B2050224738594N12000087WA0225102324
B2050234738592N12000091WA0224902323
B2050244738590N12000097WA0224202321
B2050254738587N12000103WA0224502319
B2050264738584N12000110WA0224102318
B2050274738581N12000117WA0224102316
B2050284738578N12000124WA0223602314
B2050294738574N12000130WA0223502312
B2050304738570N12000137WA0223402312
B2050314738566N12000144WA0223902314
B2050324738564N12000151WA0224502316
B2050334738562N12000157WA0224702320
B2050344738559N12000162WA0225002322
B2050354738557N12000168WA0225102324
B2050364738554N12000174WA0224902325
B2050374738551N12000181WA0224802325
B2050384738548N12000187WA0224802326
B2050394738546N12000194WA0225102327
B2050404738543N12000200WA0225302329
B2050414738540N12000206WA0225602331
B2050424738538N12000212WA0225902333
B2050434738535N12000218WA0225902334
B2050444738532N12000224WA0225902335
B2050454738530N12000232WA0226102336
B2050464738527N12000239WA0226302339
B2050474738525N12000246WA0226602342
B2050484738522N12000252WA0227202345
B2050494738519N12000258WA0227402348
B2050504738516N12000263WA0227502350
B2050514738514N12000270WA0227602351
B2050524738511N12000277WA0227502351
B2050534738508N12000285WA0227202350
B2050544738505N12000294WA0226802349
B2050554738501N12000303WA0226802348
B2050564738497N12000313WA0226802348
B2050574738494N12000323WA0227002348
B2050584738490N12000333WA0227002348
B2050594738486N12000344WA0226902350
B2051004738483N12000355WA0227302352
B2051014738481N12000365WA0227802355
B2051024738479N12000376WA0228302358
B2051034738477N12000386WA0228302362
B2051044738475N12000395WA0229202366
B2051054738472N12000401WA0229902372
B2051064738469N12000406WA0230602377
B2051074738465N12000408WA0231002382
B2051084738462N12000411WA0231602387
B2051094738459N12000415WA0231902391
B2051104738457N12000420WA0232202395
B2051114738456N12000428WA0232502399
B2051124738457N12000437WA0233002402
B2051134738460N12000446WA0233202406
B2051144738466N12000453WA0233602410
B2051154738472N12000457WA0234102414
B2051164738478N12000458WA0234402418
B2051174738484N12000456WA0234602421
B2051184738489N12000451WA0235002423
B2051194738492N12000446WA0235302425
B2051204738493N12000439WA0235402428
B2051214738494N12000432WA0235702430
B2051224738493N12000425WA0235902433
B2051234738490N12000420WA0236202436
B2051244738487N12000415WA0236702440
B2051254738484N12000412WA0237102444
B2051264738480N12000409WA0237302448
B2051274738477N12000407WA0237802452
B2051284738474N12000406WA0238402457
B2051294738471N12000406WA0239102461
B2051304738467N12000409WA0239202465
B2051314738464N12000414WA0239402467
B2051324738462N12000422WA0239602470
B2051334738460N12000430WA0240002475
B2051344738460N12000438WA0241002480
B2051354738462N12000447WA0241302486
B2051364738464N12000455WA0241602490
B2051374738468N12000462WA0242202494
B2051384738473N12000468WA0242402498
B2051394738478N12000472WA0242502501
B2051404738485N12000472WA0242902504
B2051414738492N12000468WA0243102506
B2051424738497N12000462WA0243202510
B2051434738500N12000454WA0243902515
B2051444738501N12000446WA0244102518
B2051454738500N12000438WA0244302521
B2051464738496N12000432WA0244602524
B2051474738492N12000429WA0245002527
B2051484738487N12000429WA0245302531
B2051494738483N12000430WA0246002536
B2051504738479N12000431WA0246502541
B2051514738476N12000432WA0247102545
B2051524738473N12000435WA0247302549
B2051534738470N12000441WA0247402551
B2051544738468N12000449WA0247602554
B2051554738468N12000458WA0248002558
B2051564738469N12000467WA0248402562
B2051574738473N12000476WA0249202567
B2051584738477N12000483WA0249502572
B2051594738484N12000489WA0249902576
B2052004738491N12000493WA0250202581
B2052014738498N12000493WA0250902586
B2052024738504N12000490WA0251002590
B2052034738508N12000483WA0251402593
B2052044738509N12000476WA0251802596
B2052054738509N12000468WA0252202599
B2052064738506N12000463WA0252502603
B2052074738502N12000459WA0252902606
B2052084738497N12000459WA0253002609
B2052094738493N12000461WA0253602613
B2052104738489N12000464WA0254102618
B2052114738487N12000469WA0254702622
B2052124738484N12000476WA0255002626
B2052134738483N12000485WA0255202630
B2052144738482N12000495WA0255302633
B2052154738483N12000506WA0256302638
B2052164738485N12000515WA0256602643
B2052174738488N12000523WA0257102648
B2052184738492N12000531WA0257602652
B2052194738497N12000537WA0257902656
B2052204738503N12000542WA0258202659
B2052214738510N12000544WA0258502662
B2052224738516N12000544WA0258602665
B2052234738521N12000541WA0259002667
B2052244738525N12000536WA0259102670
B2052254738527N12000529WA0259202672
B2052264738526N12000522WA0259302674
B2052274738523N12000517WA0259702676
B2052284738519N12000515WA0260302680
B2052294738514N12000514WA0260902685
B2052304738510N12000514WA0261202690
B2052314738506N12000516WA0262002695
B2052324738502N12000519WA0262202700
B2052334738498N12000523WA0262602704
B2052344738495N12000530WA0263102709
B2052354738493N12000537WA0263602713
B2052364738491N12000544WA0264002718
B2052374738489N12000552WA0264502723
B2052384738488N12000561WA0264802726
B2052394738488N12000569WA0265102730
B2052404738487N12000578WA0265402733
B2052414738487N12000587WA0265702735
B2052424738486N12000596WA0265702737
B2052434738485N12000606WA0265702737
B2052444738484N12000615WA0265302737
B2052454738483N12000625WA0265702738
B2052464738482N12000634WA0265902739
B2052474738481N12000642WA0266002739
B2052484738480N12000651WA0266002739
B2052494738479N12000661WA0265702738
B2052504738477N12000671WA0265202737
B2052514738474N12000681WA0265602737
B2052524738471N12000691WA0265302737
B2052534738467N12000700WA0265402737
B2052544738464N12000710WA0265402736
B2052554738462N12000720WA0265302736
B2052564738459N12000732WA0265002734
B2052574738455N12000743WA0265002733
B2052584738451N12000754WA0264902733
B2052594738447N12000764WA0265202734
B2053004738443N12000774WA0265202735
B2053014738439N12000784WA0265602736
B2053024738435N12000796WA0265402735
B2053034738431N12000808WA0264902734
B2053044738427N12000822WA0264602733
B2053054738423N12000836WA0264502731
B2053064738419N12000850WA0264402730
B2053074738415N12000864WA0264302729
B2053084738410N12000878WA0264102728
B2053094738406N12000892WA0264102727
B2053104738402N12000906WA0264102726
B2053114738398N12000921WA0264002726
B2053124738393N12000935WA0263902725
B2053134738389N12000950WA0264002725
B2053144738384N12000965WA0264002725
B2053154738379N12000979WA0264102726
B2053164738374N12000993WA0264502727
B2053174738369N12001007WA0264502728
B2053184738364N12001021WA0264602728
B2053194738359N12001035WA0264102727
B2053204738354N12001050WA0264102725
B2053214738349N12001065WA0263702723
B2053224738343N12001079WA0263502721
B2053234738337N12001094WA0263402719
B2053244738331N12001109WA0263302718
B2053254738326N12001123WA0263202716
B2053264738321N12001137WA0263102715
B2053274738316N12001152WA0262702713
B2053284738310N12001167WA0262402710
B2053294738305N12001183WA0262002708
B2053304738300N12001199WA0262102706
B2053314738296N12001214WA0262102706
B2053324738291N12001229WA0262302707
B2053334738288N12001243WA0262302707
B2053344738284N12001256WA0262502708
B2053354738280N12001270WA0262602709
B2053364738277N12001283WA0262502710
B2053374738273N12001296WA0262402708
B2053384738270N12001310WA0262302707
B2053394738265N12001324WA0262102706
B2053404738261N12001338WA0261802704
B2053414738257N12001351WA0261802703
B2053424738253N12001364WA0261802701
B2053434738249N12001377WA0261402699
B2053444738246N12001390WA0261002696
B2053454738242N12001404WA0260702693
B2053464738239N12001418WA0260202689
B2053474738236N12001433WA0259902686
B2053484738234N12001447WA0260002684
B2053494738232N12001460WA0259802682
B2053504738230N12001474WA0259602680
B2053514738229N12001487WA0259202677
B2053524738228N12001501WA0259002674
B2053534738226N12001516WA0258502670
B2053544738224N12001531WA0258202667
B2053554738222N12001546WA0257702664
B2053564738219N12001561WA0257802662
B2053574738217N12001575WA0257702661
B2053584738214N12001588WA0257702660
B2053594738212N12001602WA0257502658
B2054004738210N12001616WA0257102656
B2054014738208N12001630WA0256802653
B2054024738206N12001646WA0256402649
B2054034738204N12001661WA0255902645
B2054044738203N12001677WA0255402642
B2054054738202N12001693WA0255402638
B2054064738202N12001709WA0255202636
B2054074738203N12001724WA0255102635
B2054084738204N12001738WA0255102633
B2054094738205N12001752WA0254902631
B2054104738206N12001767WA0254402628
B2054114738207N12001782WA0253802624
B2054124738209N12001798WA0253402619
B2054134738210N12001814WA0252902614
B2054144738211N12001830WA0252402611
B2054154738211N12001846WA0252202608
B2054164738212N12001861WA0252102605
B2054174738213N12001876WA0251802603
B2054184738215N12001891WA0251602599
B2054194738217N12001906WA0251002596
B2054204738219N12001921WA0250502592
B2054214738221N12001936WA0250202588
B2054224738223N12001950WA0250102586
B2054234738225N12001963WA0249902584
B2054244738227N12001976WA0250102582
B2054254738229N12001989WA0249502579
B2054264738231N12002002WA0249002574
B2054274738234N12002015WA0248402569
B2054284738236N12002029WA0248002564
B2054294738238N12002044WA0247602560
B2054304738239N12002059WA0247302557
B2054314738241N12002074WA0247202555
B2054324738242N12002088WA0247202554
B2054334738244N12002103WA0247102552
B2054344738245N12002117WA0246902551
B2054354738247N12002132WA0246602548
B2054364738249N12002147WA0246102545
B2054374738251N12002163WA0245702543
B2054384738253N12002178WA0245602540
B2054394738255N12002194WA0245302539
B2054404738257N12002209WA0245502537
B2054414738259N12002223WA0245302536
B2054424738261N12002238WA0245002533
B2054434738263N12002252WA0244702530
B2054444738266N12002267WA0244302526
B2054454738268N12002282WA0243702522
B2054464738269N12002298WA0243402519
B2054474738271N12002314WA0243202516
B2054484738273N12002329WA0243102514
B2054494738274N12002344WA0243002512
B2054504738276N12002358WA0242802510
B2054514738278N12002373WA0242502508
B2054524738279N12002387WA0242202505
B2054534738281N12002402WA0241902503
B2054544738282N12002417WA0241902501
B2054554738283N12002433WA0241702499
B2054564738284N12002449WA0241402497
B2054574738286N12002465WA0241302496
B2054584738287N12002481WA0241402495
B2054594738288N12002497WA0241302494
B2055004738289N12002513WA0241102493
B2055014738290N12002529WA0241002492
B2055024738291N12002546WA0241102491
B2055034738293N12002563WA0240902490
B2055044738294N12002580WA0241002491
B2055054738295N12002596WA0241302492
B2055064738296N12002612WA0241402493
B2055074738298N12002626WA0241902495
B2055084738299N12002639WA0242202498
B2055094738300N12002652WA0242602501
B2055104738300N12002665WA0242802503
B2055114738300N12002678WA0242602504
B2055124738300N12002693WA0242602505
B2055134738300N12002707WA0242902508
B2055144738300N12002721WA0243202511
B2055154738300N12002733WA0244002514
B2055164738299N12002744WA0244302518
B2055174738298N12002755WA0244702520
B2055184738298N12002766WA0244702522
B2055194738298N12002779WA0244302522
B2055204738299N12002791WA0244402522
B2055214738299N12002804WA0244302522
B2055224738299N12002818WA0244302522
B2055234738300N12002833WA0244002521
B2055244738302N12002847WA0244002519
B2055254738303N12002862WA0244002519
B2055264738304N12002877WA0244102520
B2055274738305N12002891WA0244302521
B2055284738305N12002905WA0244402522
B2055294738305N12002918WA0244602522
B2055304738304N12002932WA0244202522
B2055314738303N12002947WA0244102521
B2055324738303N12002962WA0243902519
B2055334738303N12002977WA0244102519
B2055344738303N12002992WA0244202520
B2055354738302N12003006WA0244602521
B2055364738302N12003020WA0244402522
B2055374738303N12003035WA0244302521
B2055384738303N12003051WA0244102519
B2055394738304N12003067WA0243802518
B2055404738305N12003082WA0243902517
B2055414738306N12003098WA0244002517
B2055424738307N12003112WA0244002517
B2055434738308N12003127WA0243802516
B2055444738309N12003142WA0243702514
B2055454738311N12003157WA0243202512
B2055464738312N12003172WA0243202509
B2055474738313N12003187WA0242902508
B2055484738315N12003201WA0243002506
B2055494738316N12003214WA0242602503
B2055504738318N12003228WA0242102500
B2055514738320N12003243WA0241702497
B2055524738323N12003257WA0241302493
B2055534738326N12003273WA0240902488
B2055544738329N12003289WA0240302484
B2055554738333N12003305WA0239702480
B2055564738336N12003321WA0239402476
B2055574738339N12003337WA0239202474
B2055584738342N12003353WA0238802471
B2055594738344N12003369WA0238602468
B2056004738346N12003384WA0238302464
B2056014738348N12003399WA0237702461
B2056024738350N12003414WA0237502457
B2056034738352N12003429WA0237402454
B2056044738354N12003443WA0237102451
B2056054738356N12003458WA0236702448
B2056064738359N12003472WA0236402445
B2056074738362N12003487WA0235802441
B2056084738364N12003502WA0235602437
B2056094738366N12003517WA0235102433
B2056104738368N12003533WA0234902429
B2056114738370N12003549WA0234302425
B2056124738372N12003564WA0234002422
B2056134738374N12003579WA0233802420
B2056144738376N12003593WA0233702417
B2056154738377N12003608WA0233402414
B2056164738378N12003623WA0233002411
B2056174738380N12003638WA0232502408
B2056184738382N12003652WA0232402404
B2056194738384N12003667WA0232102402
B2056204738386N12003681WA0232002400
B2056214738388N12003695WA0231702398
B2056224738390N12003708WA0231702396
B2056234738392N12003721WA0231402394
B2056244738394N12003734WA0231102391
B2056254738396N12003747WA0230502387
B2056264738397N12003761WA0230202383
B2056274738399N12003775WA0229602379
B2056284738400N12003789WA0229502376
B2056294738401N12003802WA0229402375
B2056304738402N12003814WA0229402373
B2056314738403N12003826WA0229102371
B2056324738405N12003838WA0228902368
B2056334738406N12003850WA0228302364
B2056344738408N12003863WA0227902360
B2056354738410N12003876WA0227302356
B2056364738411N12003889WA0227102352
B2056374738412N12003902WA0226702350
B2056384738413N12003915WA0226702348
B2056394738415N12003927WA0226602346
B2056404738416N12003939WA0226502343
B2056414738418N12003951WA0226202340
B2056424738419N12003962WA0225902337
B2056434738420N12003975WA0225302334
B2056444738420N12003987WA0224902331
B2056454738421N12003999WA0225102329
B2056464738421N12004011WA0224802328
B2056474738421N12004022WA0224902327
B2056484738421N12004033WA0224802326
B2056494738422N12004045WA0224302323
B2056504738423N12004057WA0224102321
B2056514738424N12004069WA0224002318
B2056524738425N12004080WA0223702317
B2056534738426N12004092WA0223802316
B2056544738427N12004104WA0223702314
B2056554738428N12004115WA0223702314
B2056564738429N12004127WA0223402313
B2056574738430N12004139WA0223102312
B2056584738431N12004150WA0223202310
B2056594738432N12004162WA0223102310
B2057004738434N12004173WA0223202309
B2057014738435N12004183WA0223202307
B2057024738436N12004194WA0222502304
B2057034738437N12004205WA0222002300
B2057044738438N12004217WA0221602295
B2057054738439N12004229WA0220802291
B2057064738440N12004242WA0220502286
B2057074738440N12004254WA0220302283
B2057084738440N12004267WA0220102280
B2057094738440N12004278WA0219802276
B2057104738440N12004291WA0219402272
B2057114738441N12004304WA0218802268
B2057124738441N12004317WA0218302264
B2057134738442N12004330WA0217802260
B2057144738443N12004343WA0218002257
B2057154738444N12004355WA0217802255
B2057164738444N12004367WA0217602253
B2057174738444N12004379WA0217402251
B2057184738445N12004392WA0217202249
B2057194738446N12004405WA0217002247
B2057204738448N12004418WA0216802245
B2057214738449N12004431WA0216802244
B2057224738449N12004444WA0216802243
B2057234738449N12004457WA0216802243
B2057244738449N12004469WA0216702242
B2057254738450N12004482WA0216402241
B2057264738450N12004495WA0216402240
B2057274738450N12004508WA0216302239
B2057284738450N12004522WA0216202240
B2057294738450N12004535WA0216802241
B2057304738451N12004549WA0216902243
B2057314738451N12004561WA0217102245
B2057324738451N12004575WA0217202246
B2057334738451N12004587WA0217502248
B2057344738451N12004599WA0217802251
B2057354738450N12004609WA0218702255
B2057364738449N12004616WA0219102259
B2057374738450N12004623WA0219302261
B2057384738452N12004630WA0219102260
B2057394738454N12004639WA0218602258
B2057404738457N12004650WA0218102254
B2057414738460N12004663WA0217502250
B2057424738465N12004675WA0217702249
B2057434738471N12004685WA0218202252
B2057444738477N12004692WA0218402254
B2057454738483N12004697WA0218502256
B2057464738489N12004701WA0218802257
B2057474738495N12004706WA0218802258
B2057484738501N12004712WA0218702258
B2057494738507N12004721WA0218602258
B2057504738512N12004731WA0218502258
B2057514738515N12004742WA0218802261
B2057524738518N12004751WA0219302263
B2057534738520N12004759WA0219602265
B2057544738522N12004767WA0219602266
B2057554738524N12004777WA0219502265
B2057564738527N12004787WA0219202265
B2057574738528N12004799WA0219102263
B2057584738529N12004810WA0218902263
B2057594738530N12004822WA0218902262
B2058004738531N12004833WA0218602261
B2058014738531N12004843WA0218702259
B2058024738531N12004854WA0218302257
B2058034738532N12004866WA0217702253
B2058044738532N12004877WA0217302249
B2058054738532N12004890WA0217002246
B2058064738532N12004901WA0216802243
B2058074738531N12004912WA0216802241
B2058084738531N12004923WA0216602240
B2058094738531N12004934WA0216002237
B2058104738531N12004946WA0215702233
B2058114738531N12004959WA0215002228
B2058124738532N12004973WA0214602223
B2058134738533N12004988WA0214002219
B2058144738533N12005002WA0213802215
B2058154738534N12005016WA0213502212
B2058164738534N12005030WA0213202209
B2058174738535N12005044WA0212702206
B2058184738536N12005057WA0212402202
B2058194738536N12005071WA0212102198
B2058204738536N12005085WA0211602194
B2058214738537N12005098WA0211202191
B2058224738537N12005112WA0211302189
B2058234738538N12005125WA0211102187
B2058244738538N12005137WA0210802185
B2058254738539N12005148WA0210902182
B2058264738540N12005160WA0210402179
B2058274738541N12005173WA0209902176
B2058284738543N12005186WA0209602171
B2058294738545N12005199WA0209002167
B2058304738546N12005213WA0208802164
B2058314738548N12005226WA0208702162
B2058324738550N12005239WA0208402159
B2058334738552N12005252WA0207902155
B2058344738554N12005265WA0207402152
B2058354738555N12005278WA0207302148
B2058364738556N12005292WA0206902146
B2058374738557N12005305WA0206702144
B2058384738558N12005319WA0206702143
B2058394738558N12005331WA0206702142
B2058404738558N12005343WA0206602140
B2058414738558N12005355WA0206402138
B2058424738558N12005367WA0206102136
B2058434738558N12005380WA0205602134
B2058444738558N12005393WA0205602131
B2058454738557N12005405WA0205402129
B2058464738556N12005418WA0205302128
B2058474738556N12005430WA0205102126
B2058484738556N12005443WA0205002125
B2058494738556N12005455WA0204802123
B2058504738555N12005468WA0204702121
B2058514738555N12005481WA0204302119
B2058524738555N12005495WA0204102117
B2058534738555N12005508WA0204002115
B2058544738555N12005521WA0204002114
B2058554738555N12005534WA0203902112
B2058564738555N12005547WA0203702111
B2058574738554N12005559WA0203702110
B2058584738553N12005571WA0203302108
B2058594738553N12005583WA0203002106
B2059004738553N12005596WA0202802103
B2059014738553N12005608WA0202402101
B2059024738552N12005621WA0202302098
B2059034738552N12005633WA0202002095
B2059044738551N12005646WA0201602091
B2059054738551N12005659WA0201002087
B2059064738551N12005672WA0200802084
B2059074738551N12005686WA0200502080
B2059084738550N12005699WA0200102077
B2059094738550N12005712WA0200102075
B2059104738550N12005725WA0199802073
B2059114738550N12005737WA0199602071
B2059124738550N12005750WA0199502069
B2059134738549N12005763WA0199202067
B2059144738549N12005776WA0199102065
B2059154738549N12005790WA0198802063
B2059164738549N12005803WA0198602061
B2059174738549N12005816WA0198402059
B2059184738549N12005830WA0198102057
B2059194738549N12005843WA0197902054
B2059204738549N12005856WA0197802052
B2059214738548N12005869WA0197502050
B2059224738548N12005882WA0197302047
B2059234738548N12005895WA0197002044
B2059244738547N12005908WA0196802042
B2059254738547N12005922WA0196302038
B2059264738546N12005935WA0196102035
B2059274738546N12005949WA0195702032
B2059284738545N12005962WA0195502029
B2059294738545N12005976WA0194902025
B2059304738544N12005990WA0194602021
B2059314738544N12006005WA0194202018
B2059324738543N12006019WA0193902014
B2059334738543N12006034WA0193502011
B2059344738542N12006048WA0193202007
B2059354738541N12006063WA0192902004
B2059364738541N12006077WA0192802001
B2059374738541N12006092WA0192301998
B2059384738541N12006106WA0191901994
B2059394738540N12006121WA0191401990
B2059404738540N12006135WA0191401986
B2059414738540N12006150WA0190901983
B2059424738539N12006165WA0190601979
B2059434738539N12006180WA0190001975
B2059444738539N12006195WA0189801971
B2059454738539N12006210WA0189201967
B2059464738539N12006225WA0189001964
B2059474738540N12006240WA0188801961
B2059484738540N12006255WA0188501958
B2059494738540N12006269WA0188301955
B2059504738540N12006284WA0187801952
B2059514738540N12006299WA0187501948
B2059524738540N12006314WA0187301945
B2059534738540N12006329WA0186701941
B2059544738541N12006345WA0186301936
B2059554738541N12006361WA0185601932
B2059564738542N12006377WA0185401928
B2059574738542N12006393WA0185101925
B2059584738543N12006408WA0185201924
B2059594738544N12006423WA0185301923
B2100004738544N12006438WA0185201922
B2100014738545N12006452WA0184901921
B2100024738546N12006466WA0184801920
B2100034738547N12006481WA0184901919
B2100044738548N12006496WA0185001920
B2100054738549N12006509WA0185401921
B2100064738550N12006523WA0185501923
B2100074738551N12006536WA0185901926
B2100084738552N12006548WA0186101928
B2100094738552N12006561WA0186401930
B2100104738552N12006572WA0186401931
B2100114738552N12006584WA0186801933
B2100124738552N12006594WA0187101936
B2100134738550N12006603WA0187301938
B2100144738549N12006612WA0187401940
B2100154738548N12006622WA0187501941
B2100164738547N12006631WA0187701942
B2100174738547N12006641WA0187801943
B2100184738546N12006651WA0187801944
B2100194738547N12006662WA0188101946
B2100204738547N12006672WA0188401948
B2100214738548N12006683WA0188301950
B2100224738549N12006693WA0188501950
B2100234738550N12006703WA0188601952
B2100244738551N12006713WA0188701953
B2100254738551N12006722WA0188801954
B2100264738551N12006732WA0188701954
B2100274738550N12006742WA0188701953
B2100284738550N12006753WA0188201951
B2100294738549N12006765WA0188101950
B2100304738549N12006777WA0188201950
B2100314738550N12006789WA0188401951
B2100324738550N12006800WA0188401953
B2100334738551N12006810WA0188801954
B2100344738552N12006821WA0188701953
B2100354738553N12006832WA0188201952
B2100364738554N12006844WA0187801950
B2100374738555N12006858WA0187601947
B2100384738555N12006871WA0187501945
B2100394738556N12006885WA0187601943
B2100404738556N12006899WA0187301942
B2100414738556N12006913WA0187401942
B2100424738556N12006927WA0187701943
B2100434738557N12006940WA0187801944
B2100444738558N12006952WA0188001944
B2100454738558N12006965WA0187601944
B2100464738559N12006978WA0187301942
B2100474738559N12006992WA0186801940
B2100484738560N12007007WA0186601939
B2100494738561N12007022WA0186901937
B2100504738563N12007037WA0186601937
B2100514738566N12007050WA0187401939
B2100524738569N12007062WA0187701942
B2100534738571N12007072WA0188101945
B2100544738573N12007082WA0188301947
B2100554738574N12007092WA0188201947
B2100564738576N12007103WA0188001947
B2100574738577N12007115WA0187801947
B2100584738578N12007128WA0187801946
B2100594738579N12007141WA0187601946
B2101004738580N12007155WA0187601945
B2101014738581N12007169WA0187701945
B2101024738582N12007183WA0187601945
B2101034738582N12007197WA0187801946
B2101044738583N12007211WA0187601946
B2101054738583N12007225WA0187601945
B2101064738584N12007240WA0187601945
B2101074738585N12007255WA0187401944
B2101084738587N12007270WA0187401945
B2101094738588N12007284WA0188201948
B2101104738589N12007297WA0188701952
B2101114738591N12007309WA0189201956
B2101124738592N12007321WA0189401958
B2101134738593N12007333WA0189301959
B2101144738593N12007346WA0189401960
B2101154738593N12007359WA0189401961
B2101164738593N12007372WA0189701962
B2101174738592N12007385WA0189801964
B2101184738592N12007398WA0190001966
B2101194738592N12007410WA0190301968
B2101204738592N12007422WA0190401970
B2101214738592N12007435WA0190401971
B2101224738592N12007447WA0190701972
B2101234738590N12007460WA0190701972
B2101244738589N12007472WA0190601974
B2101254738587N12007483WA0191101975
B2101264738586N12007494WA0191101977
B2101274738585N12007507WA0191201977
B2101284738585N12007520WA0191101977
B2101294738585N12007533WA0191001978
B2101304738585N12007548WA0190901978
B2101314738585N12007561WA0191201979
B2101324738586N12007574WA0191301982
B2101334738588N12007586WA0192101985
B2101344738589N12007598WA0192301987
B2101354738592N12007610WA0192401989
B2101364738594N12007623WA0192501990
B2101374738597N12007636WA0192501991
B2101384738600N12007649WA0192201991
B2101394738602N12007662WA0192301990
B2101404738603N12007675WA0192401990
B2101414738603N12007688WA0192601991
B2101424738603N12007700WA0192601993
B2101434738602N12007713WA0192701994
B2101444738602N12007727WA0192701994
B2101454738602N12007741WA0192401994
B2101464738602N12007755WA0192401993
B2101474738601N12007768WA0192101992
B2101484738600N12007782WA0192101991
B2101494738599N12007796WA0192101990
B2101504738598N12007811WA0191601988
B2101514738598N12007826WA0191501986
B2101524738598N12007841WA0191301985
B2101534738598N12007856WA0191401984
B2101544738599N12007871WA0191501984
B2101554738599N12007886WA0191501984
B2101564738600N12007901WA0191301985
B2101574738601N12007917WA0191501985
B2101584738602N12007932WA0191701988
B2101594738603N12007945WA0192901992
B2102004738604N12007955WA0193501999
B2102014738604N12007965WA0194202004
B2102024738605N12007974WA0194402007
B2102034738606N12007983WA0194702009
B2102044738607N12007993WA0194602011
B2102054738608N12008004WA0194402011
B2102064738611N12008015WA0194402011
B2102074738613N12008025WA0194302011
B2102084738615N12008035WA0194302011
B2102094738616N12008045WA0194302011
B2102104738617N12008055WA0194102010
B2102114738619N12008065WA0194102008
B2102124738620N12008076WA0194202008
B2102134738622N12008087WA0193802007
B2102144738623N12008099WA0194002007
B2102154738625N12008111WA0194402009
B2102164738626N12008121WA0194802012
B2102174738628N12008131WA0195302015
B2102184738630N12008141WA0195302017
B2102194738632N12008151WA0195402018
B2102204738635N12008162WA0195402019
B2102214738639N12008173WA0195302019
B2102224738642N12008185WA0195402020
B2102234738645N12008197WA0195602023
B2102244738648N12008208WA0196202026
B2102254738652N12008218WA0196702031
B2102264738655N12008227WA0197202035
B2102274738658N12008235WA0197602039
B2102284738661N12008245WA0197902042
B2102294738662N12008256WA0198002045
B2102304738662N12008267WA0198102047
B2102314738660N12008279WA0198302050
B2102324738656N12008289WA0198702053
B2102334738650N12008296WA0199002057
B2102344738644N12008301WA0199402060
B2102354738638N12008304WA0199902064
B2102364738632N12008304WA0200202067
B2102374738627N12008301WA0200302070
B2102384738622N12008298WA0200502073
B2102394738618N12008294WA0200802076
B2102404738616N12008288WA0201302079
B2102414738616N12008282WA0201502082
B2102424738617N12008275WA0201502084
B2102434738621N12008269WA0201802087
B2102444738626N12008264WA0202202090
B2102454738631N12008261WA0202502096
B2102464738637N12008261WA0203302100
B2102474738643N12008261WA0203902105
B2102484738649N12008263WA0204302109
B2102494738655N12008265WA0204402112
B2102504738661N12008268WA0204602113
B2102514738668N12008272WA0204902116
B2102524738674N12008279WA0205002119
B2102534738680N12008287WA0205302122
B2102544738685N12008297WA0205702126
B2102554738688N12008307WA0206302130
B2102564738690N12008318WA0206502135
B2102574738691N12008329WA0207002138
B2102584738689N12008340WA0207102142
B2102594738686N12008349WA0207602144
B2103004738682N12008358WA0207502146
B2103014738677N12008365WA0208002150
B2103024738672N12008371WA0208302153
B2103034738667N12008374WA0208902157
B2103044738662N12008376WA0209202160
B2103054738657N12008376WA0209402163
B2103064738652N12008375WA0209502164
B2103074738647N12008372WA0209602166
B2103084738643N12008367WA0209802168
B2103094738641N12008360WA0210202172
B2103104738641N12008353WA0210602175
B2103114738643N12008347WA0210802178
B2103124738646N12008340WA0211002180
B2103134738649N12008335WA0211502184
B2103144738654N12008331WA0211802188
B2103154738659N12008328WA0212402192
B2103164738664N12008326WA0212502195
B2103174738670N12008326WA0213002198
B2103184738675N12008326WA0213002199
B2103194738680N12008328WA0213302200
B2103204738686N12008331WA0213002201
B2103214738693N12008335WA0213202202
B2103224738699N12008341WA0213302205
B2103234738704N12008346WA0214102210
B2103244738710N12008351WA0214502214
B2103254738716N12008357WA0214802219
B2103264738721N12008364WA0215002222
B2103274738726N12008372WA0215302226
B2103284738729N12008380WA0215802229
B2103294738730N12008390WA0216002233
B2103304738730N12008400WA0216202235
B2103314738729N12008409WA0216302237
B2103324738725N12008417WA0216702238
B2103334738721N12008424WA0216702240
B2103344738716N12008429WA0216902241
B2103354738710N12008430WA0217202243
B2103364738705N12008427WA0217202245
B2103374738701N12008422WA0217302246
B2103384738699N12008416WA0217602248
B2103394738700N12008411WA0218102252
B2103404738701N12008406WA0218702256
B2103414738703N12008401WA0219102260
B2103424738705N12008397WA0219302263
B2103434738708N12008391WA0219202264
B2103444738712N12008385WA0219402265
B2103454738716N12008380WA0219802267
B2103464738722N12008377WA0219902271
B2103474738728N12008377WA0220602275
B2103484738733N12008379WA0220902279
B2103494738739N12008381WA0221002282
B2103504738745N12008385WA0221402285
B2103514738751N12008389WA0221702289
B2103524738757N12008395WA0221902292
B2103534738761N12008402WA0222402296
B2103544738766N12008409WA0222902299
B2103554738770N12008415WA0223402303
B2103564738775N12008421WA0223602307
B2103574738779N12008428WA0224102311
B2103584738783N12008437WA0224302314
B2103594738785N12008447WA0224502317
B2104004738785N12008460WA0224402319
B2104014738784N12008472WA0224902322
B2104024738782N12008482WA0225302327
B2104034738779N12008490WA0226102331
B2104044738777N12008498WA0226502334
B2104054738774N12008505WA0226502336
B2104064738769N12008513WA0226502337
B2104074738764N12008520WA0226502338
B2104084738757N12008524WA0226602338
B2104094738751N12008524WA0226502339
B2104104738745N12008521WA0226802341
B2104114738741N12008516WA0227102343
B2104124738739N12008510WA0227102345
B2104134738739N12008504WA0227402347
B2104144738740N12008498WA0227702349
B2104154738743N12008493WA0227902352
B2104164738747N12008488WA0228102354
B2104174738752N12008485WA0228402356
B2104184738757N12008482WA0228602359
B2104194738762N12008480WA0228902361
B2104204738767N12008479WA0229102364
B2104214738774N12008478WA0229202366
B2104224738780N12008478WA0229402369
B2104234738786N12008480WA0230002373
B2104244738791N12008482WA0230602377
B2104254738796N12008485WA0231102381
B2104264738801N12008489WA0231402385
B2104274738805N12008495WA0231602387
B2104284738810N12008502WA0231702389
B2104294738814N12008512WA0231602390
B2104304738816N12008523WA0231702392
B2104314738816N12008533WA0232202395
B2104324738815N12008542WA0232502399
B2104334738812N12008549WA0233002402
B2104344738807N12008555WA0233202404
B2104354738803N12008560WA0233402406
B2104364738797N12008563WA0233402408
B2104374738791N12008563WA0233502410
B2104384738785N12008561WA0233502411
B2104394738781N12008556WA0233902412
B2104404738778N12008551WA0234102415
B2104414738776N12008546WA0234402418
B2104424738776N12008542WA0235002421
B2104434738777N12008537WA0235102424
B2104444738780N12008532WA0235002425
B2104454738784N12008527WA0235202426
B2104464738789N12008524WA0235202429
B2104474738794N12008522WA0235902432
B2104484738799N12008524WA0236002435
B2104494738804N12008528WA0236302438
B2104504738809N12008534WA0236502440
B2104514738813N12008542WA0236502441
B2104524738817N12008551WA0236602443
B2104534738820N12008561WA0237102446
B2104544738823N12008571WA0237302449
B2104554738824N12008580WA0237602451
B2104564738825N12008590WA0237902454
B2104574738826N12008600WA0238202457
B2104584738825N12008610WA0238702460
B2104594738824N12008619WA0239202465
B2105004738822N12008627WA0239702470
B2105014738819N12008635WA0240102474
B2105024738816N12008642WA0240402478
B2105034738812N12008649WA0240702482
B2105044738808N12008654WA0241202487
B2105054738803N12008657WA0241802491
B2105064738797N12008657WA0241702495
B2105074738792N12008654WA0242302498
B2105084738788N12008649WA0242402501
B2105094738786N12008643WA0243102505
B2105104738787N12008637WA0243202509
B2105114738790N12008632WA0243502512
B2105124738795N12008629WA0243602514
B2105134738801N12008627WA0244002517
B2105144738806N12008627WA0244302520
B2105154738812N12008629WA0244702522
B2105164738818N12008632WA0244802524
B2105174738824N12008635WA0244802526
B2105184738830N12008640WA0245202528
B2105194738836N12008645WA0245702532
B2105204738842N12008651WA0246102537
B2105214738847N12008658WA0246702542
B2105224738851N12008666WA0247002546
B2105234738855N12008674WA0247402551
B2105244738858N12008682WA0248002556
B2105254738860N12008690WA0248502560
B2105264738860N12008699WA0248602563
B2105274738857N12008708WA0248402565
B2105284738853N12008715WA0248702565
B2105294738847N12008721WA0248402566
B2105304738841N12008724WA0248502567
B2105314738834N12008724WA0248902570
B2105324738829N12008722WA0249302573
B2105334738825N12008720WA0250002577
B2105344738820N12008717WA0250502582
B2105354738817N12008712WA0251302589
B2105364738815N12008708WA0251702595
B2105374738815N12008703WA0252302601
B2105384738816N12008699WA0252602605
B2105394738819N12008694WA0252702610
B2105404738824N12008689WA0252702611
B2105414738830N12008686WA0253102614
B2105424738836N12008686WA0253502618
B2105434738843N12008687WA0254102623
B2105444738849N12008690WA0254402628
B2105454738854N12008696WA0255102631
B2105464738859N12008704WA0255102634
B2105474738863N12008714WA0255202636
B2105484738866N12008724WA0255602639
B2105494738867N12008734WA0256102643
B2105504738866N12008744WA0256602646
B2105514738864N12008752WA0256802648
B2105524738861N12008761WA0256802649
B2105534738857N12008769WA0256602650
B2105544738852N12008775WA0256802651
B2105554738846N12008779WA0256802651
B2105564738840N12008781WA0257002653
B2105574738834N12008782WA0257402655
B2105584738828N12008781WA0257802659
B2105594738824N12008778WA0258202663
B2106004738821N12008773WA0258602668
B2106014738819N12008767WA0259602673
B2106024738818N12008761WA0259902678
B2106034738817N12008755WA0260502684
B2106044738818N12008749WA0260902688
B2106054738820N12008743WA0261302693
B2106064738824N12008737WA0261402696
B2106074738828N12008732WA0261802699
B2106084738833N12008729WA0262302702
B2106094738839N12008727WA0262702706
B2106104738845N12008727WA0263102711
B2106114738851N12008731WA0263402714
B2106124738856N12008736WA0263602717
B2106134738861N12008743WA0263902720
B2106144738865N12008752WA0264102724
B2106154738866N12008763WA0264702728
B2106164738866N12008774WA0265002731
B2106174738864N12008784WA0265302734
B2106184738861N12008793WA0265702737
B2106194738858N12008800WA0266002740
B2106204738853N12008807WA0266102742
B2106214738848N12008812WA0266202744
B2106224738841N12008816WA0266202745
B2106234738835N12008817WA0266402747
B2106244738829N12008815WA0266402750
B2106254738825N12008813WA0267402755
B2106264738821N12008811WA0268002760
B2106274738818N12008808WA0268902766
B2106284738816N12008804WA0269202772
B2106294738813N12008799WA0269302776
B2106304738812N12008793WA0269802780
B2106314738813N12008786WA0270302784
B2106324738815N12008781WA0270502788
B2106334738819N12008778WA0270702790
B2106344738825N12008778WA0270802791
B2106354738832N12008780WA0270502791
B2106364738839N12008786WA0270902793
B2106374738844N12008795WA0271102794
B2106384738848N12008806WA0271202797
B2106394738850N12008817WA0272002801
B2106404738852N12008827WA0272402805
B2106414738852N12008837WA0272902809
B2106424738852N12008848WA0273202812
B2106434738851N12008858WA0273202816
B2106444738849N12008869WA0273602818
B2106454738846N12008879WA0273802820
B2106464738842N12008889WA0273802822
B2106474738838N12008898WA0274002824
B2106484738834N12008907WA0274302827
B2106494738830N12008915WA0274802830
B2106504738826N12008923WA0275102833
B2106514738823N12008932WA0275502837
B2106524738820N12008940WA0275902840
B2106534738817N12008948WA0276202843
B2106544738813N12008958WA0276202845
B2106554738809N12008967WA0276702847
B2106564738805N12008977WA0276502849
B2106574738800N12008986WA0276802851
B2106584738795N12008995WA0277002854
B2106594738790N12009004WA0277502857
B2107004738785N12009012WA0277902861
B2107014738781N12009021WA0278502866
B2107024738777N12009029WA0278802870
B2107034738773N12009037WA0279302875
B2107044738770N12009044WA0279602877
B2107054738766N12009050WA0279602878
B2107064738761N12009057WA0279702879
B2107074738757N12009064WA0279602879
B2107084738752N12009073WA0279702880
B2107094738748N12009082WA0280202883
B2107104738745N12009090WA0280602885
B2107114738742N12009099WA0280702887
B2107124738738N12009108WA0280602888
B2107134738733N12009117WA0280302889
B2107144738728N12009126WA0280802890
B2107154738724N12009133WA0280902893
B2107164738720N12009141WA0281302894
B2107174738716N12009148WA0281402895
B2107184738712N12009155WA0281002895
B2107194738708N12009164WA0280902895
B2107204738703N12009172WA0281202896
B2107214738699N12009179WA0281502897
B2107224738695N12009186WA0281502898
B2107234738691N12009195WA0281402898
B2107244738687N12009204WA0281302898
B2107254738683N12009214WA0281302898
B2107264738679N12009223WA0281402898
B2107274738674N12009232WA0281502898
B2107284738669N12009241WA0281302898
B2107294738663N12009252WA0281002897
B2107304738658N12009263WA0280802896
B2107314738653N12009273WA0280802897
B2107324738648N12009282WA0281302898
B2107334738644N12009292WA0281702900
B2107344738639N12009301WA0281602900
B2107354738634N12009313WA0281302899
B2107364738629N12009325WA0280802897
B2107374738624N12009337WA0280502895
B2107384738619N12009350WA0280502894
B2107394738615N12009363WA0280402893
B2107404738610N12009377WA0280502893
B2107414738606N12009391WA0280402892
B2107424738602N12009405WA0280202890
B2107434738598N12009420WA0279902889
B2107444738594N12009436WA0279802887
B2107454738590N12009451WA0279702886
B2107464738586N12009467WA0279502885
B2107474738582N12009482WA0279402884
B2107484738578N12009498WA0279402883
B2107494738574N12009513WA0279202881
B2107504738570N12009529WA0279202880
B2107514738565N12009545WA0278802878
B2107524738561N12009561WA0278602876
B2107534738556N12009576WA0278402875
B2107544738552N12009591WA0278502873
B2107554738548N12009607WA0278302872
B2107564738543N12009623WA0278002870
B2107574738539N12009639WA0277902868
B2107584738535N12009655WA0277602865
B2107594738531N12009671WA0277202863
B2108004738526N12009687WA0277102860
B2108014738522N12009702WA0276702858
B2108024738518N12009718WA0276902856
B2108034738514N12009733WA0276702854
B2108044738511N12009748WA0276902854
B2108054738507N12009762WA0276802853
B2108064738503N12009777WA0276402852
B2108074738499N12009791WA0276202850
B2108084738494N12009807WA0275902848
B2108094738489N12009823WA0275602846
B2108104738484N12009839WA0275502845
B2108114738479N12009855WA0275602844
B2108124738475N12009870WA0275502844
B2108134738471N12009885WA0275702843
B2108144738468N12009900WA0275502842
B2108154738464N12009916WA0275002840
B2108164738459N12009932WA0274802837
B2108174738455N12009949WA0274502835
B2108184738451N12009965WA0274502833
B2108194738447N12009982WA0274402832
B2108204738444N12009998WA0274502831
B2108214738440N12010014WA0274402831
B2108224738437N12010030WA0274102829
B2108234738433N12010047WA0273802827
B2108244738429N12010064WA0273502825
B2108254738426N12010081WA0273302824
B2108264738422N12010098WA0273502824
B2108274738418N12010115WA0273702824
B2108284738415N12010131WA0273702824
B2108294738412N12010148WA0273502823
B2108304738409N12010164WA0273302821
B2108314738405N12010182WA0273002819
B2108324738401N12010199WA0272902818
B2108334738398N12010217WA0272602817
B2108344738395N12010235WA0272802816
B2108354738392N12010252WA0272702815
B2108364738390N12010270WA0272602814
B2108374738387N12010286WA0272502812
B2108384738384N12010304WA0272202810
B2108394738381N12010321WA0271902807
B2108404738378N12010340WA0271602804
B2108414738376N12010358WA0271102802
B2108424738373N12010377WA0271102801
B2108434738371N12010395WA0271202800
B2108444738369N12010412WA0271402799
B2108454738367N12010428WA0271002797
B2108464738364N12010445WA0270802794
B2108474738362N12010462WA0270102790
B2108484738359N12010480WA0269702786
B2108494738355N12010498WA0269002781
B2108504738352N12010515WA0269002778
B2108514738349N12010533WA0268902775
B2108524738347N12010550WA0268602773
B2108534738344N12010566WA0268302771
B2108544738341N12010583WA0268002768
B2108554738338N12010599WA0267602765
B2108564738334N12010615WA0267402761
B2108574738331N12010631WA0267002758
B2108584738327N12010648WA0266502755
B2108594738322N12010663WA0266402754
B2109004738317N12010679WA0266302752
B2109014738313N12010693WA0266502751
B2109024738310N12010708WA0266302750
B2109034738306N12010722WA0265902747
B2109044738302N12010738WA0265402744
B2109054738298N12010754WA0265002741
B2109064738294N12010771WA0264902737
B2109074738290N12010788WA0264302733
B2109084738286N12010806WA0263902730
B2109094738282N12010823WA0263702727
B2109104738278N12010839WA0263702725
B2109114738273N12010855WA0263602723
B2109124738269N12010871WA0263402721
B2109134738266N12010887WA0263102718
B2109144738262N12010904WA0263002716
B2109154738259N12010920WA0262302712
B2109164738256N12010937WA0262002708
B2109174738253N12010954WA0261402704
B2109184738250N12010972WA0261102700
B2109194738248N12010989WA0260502696
B2109204738245N12011006WA0260402693
B2109214738243N12011023WA0260302690
B2109224738241N12011040WA0259902687
B2109234738239N12011056WA0259502684
B2109244738237N12011071WA0259402681
B2109254738236N12011087WA0259202678
B2109264738235N12011102WA0259002675
B2109274738233N12011117WA0258802673
B2109284738232N12011133WA0258502671
B2109294738230N12011148WA0258402670
B2109304738229N12011163WA0258202668
B2109314738228N12011178WA0258102667
B2109324738227N12011193WA0258002665
B2109334738226N12011208WA0257702663
B2109344738225N12011222WA0257502660
B2109354738224N12011238WA0257102657
B2109364738222N12011254WA0256802654
B2109374738221N12011270WA0256502652
B2109384738219N12011286WA0256202649
B2109394738217N12011302WA0256202648
B2109404738216N12011318WA0256102646
B2109414738214N12011333WA0255902645
B2109424738213N12011349WA0255902644
B2109434738212N12011364WA0255602642
B2109444738211N12011381WA0255502640
B2109454738210N12011397WA0255102639
B2109464738209N12011413WA0255202637
B2109474738208N12011429WA0255002636
B2109484738207N12011444WA0254702634
B2109494738206N12011459WA0254602632
B2109504738205N12011473WA0254202629
B2109514738204N12011488WA0253902626
B2109524738203N12011503WA0253702623
B2109534738201N12011518WA0253402620
B2109544738199N12011533WA0253202618
B2109554738198N12011548WA0253002615
B2109564738196N12011562WA0252602613
B2109574738194N12011577WA0252202610
B2109584738193N12011591WA0252302607
B2109594738192N12011606WA0251902605
B2110004738190N12011619WA0251802603
B2110014738189N12011633WA0251502600
B2110024738187N12011647WA0251102597
B2110034738185N12011661WA0250802594
B2110044738183N12011675WA0250602592
B2110054738181N12011689WA0250302589
B2110064738179N12011703WA0250102587
B2110074738177N12011717WA0250002585
B2110084738176N12011731WA0249802583
B2110094738174N12011745WA0249702581
B2110104738172N12011758WA0249502580
B2110114738170N12011771WA0249402577
B2110124738169N12011784WA0249002575
B2110134738167N12011798WA0248602571
B2110144738165N12011812WA0248302568
B2110154738164N12011826WA0248002565
B2110164738162N12011841WA0247702562
B2110174738160N12011855WA0247402559
B2110184738158N12011869WA0247302557
B2110194738156N12011883WA0247002555
B2110204738154N12011896WA0246902553
B2110214738151N12011910WA0246702551
B2110224738149N12011923WA0246502549
B2110234738147N12011937WA0246102546
B2110244738145N12011950WA0245902543
B2110254738142N12011964WA0245502540
B2110264738139N12011978WA0245402537
B2110274738137N12011992WA0245102535
B2110284738135N12012006WA0245002532
B2110294738132N12012020WA0244802529
B2110304738130N12012035WA0244702527
B2110314738127N12012050WA0244602525
B2110324738125N12012065WA0244302524
B2110334738123N12012080WA0244102522
B2110344738121N12012095WA0244102521
B2110354738120N12012110WA0243802520
B2110364738118N12012124WA0243702518
B2110374738115N12012139WA0243502517
B2110384738112N12012153WA0243402516
B2110394738109N12012167WA0243402515
B2110404738106N12012182WA0243202514
B2110414738103N12012196WA0243302514
B2110424738100N12012210WA0243402514
B2110434738098N12012224WA0243302515
B2110444738095N12012238WA0243302515
B2110454738093N12012251WA0243602516
B2110464738091N12012263WA0243902518
B2110474738089N12012275WA0244002518
B2110484738087N12012287WA0243802518
B2110494738084N12012299WA0243602517
B2110504738081N12012312WA0243302516
B2110514738078N12012326WA0243102514
B2110524738075N12012341WA0242802512
B2110534738072N12012355WA0242602511
B2110544738070N12012370WA0242902510
B2110554738067N12012384WA0242902509
B2110564738065N12012397WA0242902508
B2110574738063N12012411WA0242302506
B2110584738061N12012426WA0241902504
B2110594738058N12012441WA0241502500
B2111004738056N12012457WA0241202497
B2111014738053N12012472WA0241102495
B2111024738050N12012487WA0241002493
B2111034738048N12012502WA0241002492
B2111044738046N12012515WA0240702490
B2111054738043N12012529WA0240402488
B2111064738040N12012543WA0240202486
B2111074738037N12012557WA0239802482
B2111084738034N12012571WA0239402479
B2111094738031N12012586WA0239102476
B2111104738027N12012600WA0238802474
B2111114738024N12012614WA0238702472
B2111124738020N12012627WA0238702470
B2111134738017N12012641WA0238602469
B2111144738015N12012654WA0238402467
B2111154738012N12012668WA0238102465
B2111164738009N12012683WA0237902463
B2111174738007N12012698WA0237602460
B2111184738004N12012713WA0237502458
B2111194738002N12012728WA0237202456
B2111204737999N12012742WA0237102455
B2111214737997N12012757WA0236802453
B2111224737994N12012772WA0236702451
B2111234737993N12012787WA0236602449
B2111244737991N12012802WA0236502448
B2111254737989N12012818WA0236502446
B2111264737987N12012833WA0236502445
B2111274737985N12012847WA0236302445
B2111284737984N12012862WA0236202444
B2111294737983N12012877WA0236002442
B2111304737983N12012893WA0235802440
B2111314737982N12012909WA0235302439
B2111324737981N12012924WA0235302437
B2111334737980N12012940WA0235302436
B2111344737980N12012956WA0235302434
B2111354737980N12012973WA0235002433
B2111364737979N12012988WA0234902433
B2111374737977N12013003WA0235002433
B2111384737975N12013017WA0235002433
B2111394737973N12013030WA0235202433
B2111404737971N12013043WA0235102432
B2111414737970N12013056WA0234702431
B2111424737968N12013070WA0234402429
B2111434737965N12013083WA0234202426
B2111444737963N12013095WA0234002424
B2111454737961N12013108WA0233802422
B2111464737958N12013121WA0233802420
B2111474737956N12013134WA0233502418
B2111484737954N12013146WA0233402416
B2111494737952N12013159WA0233202415
B2111504737949N12013171WA0233202412
B2111514737947N12013184WA0232802410
B2111524737944N12013197WA0232402408
B2111534737941N12013210WA0232202405
B2111544737938N12013224WA0232002402
B2111554737935N12013237WA0232002400
B2111564737933N12013251WA0231802397
B2111574737930N12013265WA0231502395
B2111584737927N12013279WA0231502392
B2111594737925N12013293WA0230802390
B2112004737922N12013307WA0230602387
B2112014737920N12013322WA0230102384
B2112024737919N12013337WA0229902383
B2112034737918N12013351WA0229802381
B2112044737916N12013365WA0229702379
B2112054737914N12013378WA0229402377
B2112064737911N12013391WA0229302375
B2112074737909N12013403WA0229202374
B2112084737906N12013414WA0229302373
B2112094737904N12013426WA0229102371
B2112104737902N12013437WA0228802368
B2112114737899N12013450WA0228202365
B2112124737897N12013462WA0227602361
B2112134737894N12013475WA0227302357
B2112144737892N12013489WA0226902354
B2112154737890N12013502WA0226802351
B2112164737888N12013514WA0226902349
B2112174737886N12013526WA0226602348
B2112184737884N12013538WA0226502346
B2112194737882N12013551WA0226202343
B2112204737880N12013563WA0225802340
B2112214737878N12013576WA0225102336
B2112224737875N12013589WA0225102333
B2112234737872N12013602WA0224702331
B2112244737870N12013615WA0224702329
B2112254737868N12013627WA0224702328
B2112264737867N12013639WA0224602327
B2112274737865N12013652WA0224602325
B2112284737864N12013664WA0224402323
B2112294737862N12013677WA0224002321
B2112304737860N12013690WA0223702318
B2112314737857N12013702WA0223502316
B2112324737855N12013714WA0223402315
B2112334737851N12013725WA0223502314
B2112344737848N12013735WA0223502313
B2112354737845N12013746WA0223302312
B2112364737842N12013757WA0223202311
B2112374737838N12013768WA0223002310
B2112384737835N12013780WA0222802308
B2112394737831N12013792WA0222602306
B2112404737828N12013804WA0222202304
B2112414737824N12013816WA0222202303
B2112424737822N12013828WA0222202301
B2112434737819N12013841WA0222102300
B2112444737816N12013853WA0222002299
B2112454737813N12013865WA0221902297
B2112464737810N12013876WA0221602295
B2112474737806N12013888WA0221302292
B2112484737803N12013900WA0221002290
B2112494737799N12013913WA0220802288
B2112504737795N12013926WA0220702287
B2112514737792N12013938WA0220602285
B2112524737788N12013951WA0220602285
B2112534737784N12013962WA0220702285
B2112544737781N12013974WA0220702285
B2112554737778N12013986WA0220602284
B2112564737775N12013998WA0220402283
B2112574737772N12014010WA0220202282
B2112584737768N12014022WA0220302281
B2112594737765N12014033WA0220102281
B2113004737762N12014044WA0220102280
B2113014737759N12014055WA0220102279
B2113024737756N12014066WA0220102278
B2113034737753N12014076WA0219902276
B2113044737750N12014088WA0219402274
B2113054737746N12014099WA0219202272
B2113064737742N12014110WA0218802271
B2113074737738N12014121WA0219102270
B2113084737735N12014132WA0219102269
B2113094737732N12014144WA0219002268
B2113104737730N12014155WA0218902268
B2113114737726N12014166WA0218902266
B2113124737723N12014176WA0218602264
B2113134737719N12014187WA0218402263
B2113144737716N12014198WA0218402261
B2113154737712N12014209WA0218202260
B2113164737708N12014220WA0218002258
B2113174737705N12014232WA0217802256
B2113184737701N12014243WA0217602254
B2113194737696N12014255WA0217302252
B2113204737692N12014267WA0217202250
B2113214737688N12014279WA0217002249
B2113224737685N12014291WA0217002247
B2113234737681N12014303WA0216802246
B2113244737677N12014315WA0216702245
B2113254737674N12014327WA0216702244
B2113264737670N12014339WA0216402242
B2113274737667N12014351WA0216002240
B2113284737663N12014363WA0215902237
B2113294737659N12014375WA0215502234
B2113304737655N12014388WA0215002230
B2113314737651N12014400WA0214602227
B2113324737647N12014412WA0214602225
B2113334737644N12014425WA0214402223
B2113344737641N12014436WA0214402222
B2113354737638N12014448WA0214402220
B2113364737635N12014459WA0213902218
B2113374737631N12014471WA0213602215
B2113384737628N12014483WA0213402212
B2113394737624N12014494WA0213002209
B2113404737620N12014506WA0212702206
B2113414737616N12014518WA0212502203
B2113424737613N12014529WA0212302201
B2113434737609N12014540WA0211902199
B2113444737605N12014551WA0211702196
B2113454737601N12014563WA0211402193
B2113464737597N12014574WA0211202191
B2113474737593N12014586WA0211002188
B2113484737589N12014598WA0210902186
B2113494737585N12014611WA0210402184
B2113504737580N12014622WA0210402182
B2113514737576N12014633WA0210302181
B2113524737572N12014644WA0210402179
B2113534737569N12014655WA0210102178
B2113544737565N12014666WA0209902176
B2113554737562N12014678WA0209602173
B2113564737558N12014689WA0209202170
B2113574737554N12014701WA0209002167
B2113584737550N12014712WA0208702164
B2113594737547N12014724WA0208302162
B2114004737543N12014736WA0208102160
B2114014737539N12014747WA0208002158
B2114024737536N12014758WA0207802155
B2114034737532N12014769WA0207402152
B2114044737529N12014781WA0207102149
B2114054737525N12014792WA0206702146
B2114064737521N12014804WA0206502143
B2114074737517N12014815WA0206302141
B2114084737513N12014826WA0206102138
B2114094737509N12014838WA0205802136
B2114104737505N12014849WA0205402133
B2114114737501N12014860WA0205102130
B2114124737497N12014872WA0204902127
B2114134737494N12014883WA0204602124
B2114144737490N12014896WA0204302121
B2114154737486N12014908WA0203702117
B2114164737482N12014921WA0203302113
B2114174737478N12014934WA0203002109
B2114184737474N12014946WA0202702106
B2114194737470N12014959WA0202502104
B2114204737466N12014971WA0202302101
B2114214737463N12014983WA0202102098
B2114224737459N12014995WA0201902096
B2114234737456N12015007WA0201402093
B2114244737452N12015019WA0201102089
B2114254737448N12015032WA0200602086
B2114264737444N12015044WA0200502082
B2114274737440N12015056WA0200002078
B2114284737436N12015069WA0199802075
B2114294737432N12015081WA0199202071
B2114304737428N12015093WA0198902068
B2114314737424N12015106WA0198502064
B2114324737420N12015118WA0198302060
B2114334737416N12015131WA0198102057
B2114344737412N12015143WA0197902053
B2114354737408N12015155WA0197302050
B2114364737404N12015167WA0197202048
B2114374737401N12015179WA0196902045
B2114384737397N12015190WA0196702042
B2114394737393N12015201WA0196202039
B2114404737389N12015213WA0195902036
B2114414737386N12015225WA0195802033
B2114424737382N12015236WA0195602030
B2114434737378N12015248WA0195302027
B2114444737375N12015260WA0194702024
B2114454737371N12015271WA0194602022
B2114464737368N12015282WA0194502020
B2114474737365N12015293WA0194402019
B2114484737361N12015304WA0194202017
B2114494737358N12015314WA0193902016
B2114504737355N12015325WA0193902014
B2114514737352N12015336WA0193702013
B2114524737349N12015346WA0193702011
B2114534737345N12015356WA0193402009
B2114544737342N12015367WA0193102007
B2114554737339N12015378WA0192802005
B2114564737336N12015390WA0192802003
B2114574737333N12015401WA0192402001
B2114584737331N12015412WA0192302000
B2114594737328N12015423WA0192401998
B2115004737326N12015433WA0192101995
B2115014737323N12015444WA0191501991
B2115024737320N12015455WA0191201987
B2115034737318N12015467WA0190501983
B2115044737315N12015478WA0190201980
B2115054737312N12015490WA0190001977
B2115064737309N12015501WA0190001975
B2115074737306N12015512WA0189901974
B2115084737303N12015523WA0189801971
B2115094737301N12015535WA0189101967
B2115104737298N12015546WA0188801963
B2115114737295N12015558WA0188201959
B2115124737292N12015570WA0188001956
B2115134737290N12015582WA0187601953
B2115144737287N12015593WA0187601951
B2115154737285N12015603WA0187401949
B2115164737283N12015614WA0187501947
B2115174737281N12015623WA0187001945
B2115184737278N12015632WA0187101943
B2115194737276N12015641WA0186701940
B2115204737274N12015650WA0186501937
B2115214737272N12015659WA0186001934
B2115224737270N12015668WA0185701931
B2115234737268N12015678WA0185101927
B2115244737265N12015687WA0185001923
B2115254737262N12015696WA0184501920
B2115264737260N12015705WA0184201917
B2115274737258N12015714WA0184301915
B2115284737256N12015723WA0184101913
B2115294737254N12015731WA0184201912
B2115304737252N12015739WA0184101911
B2115314737249N12015747WA0183901909
B2115324737247N12015756WA0183501908
B2115334737244N12015765WA0183501907
B2115344737241N12015774WA0183501906
B2115354737239N12015783WA0183301904
B2115364737237N12015792WA0183001902
B2115374737234N12015802WA0182601900
B2115384737231N12015811WA0182501898
B2115394737229N12015820WA0182301896
B2115404737226N12015829WA0182301895
B2115414737223N12015837WA0182201893
B2115424737221N12015846WA0182001892
B2115434737218N12015855WA0181701889
B2115444737216N12015864WA0181301887
B2115454737213N12015874WA0181201884
B2115464737210N12015884WA0180901881
B2115474737207N12015893WA0180701879
B2115484737204N12015902WA0180701878
B2115494737202N12015911WA0180801877
B2115504737200N12015920WA0180701877
B2115514737198N12015928WA0180401876
B2115524737196N12015936WA0180301874
B2115534737195N12015945WA0180001871
B2115544737193N12015953WA0179801868
B2115554737192N12015963WA0179201864
B2115564737190N12015972WA0178901861
B2115574737187N12015981WA0178701858
B2115584737185N12015990WA0178601855
B2115594737182N12015997WA0178201853
B2116004737179N12016005WA0178101850
B2116014737176N12016013WA0177601847
B2116024737172N12016020WA0177101843
B2116034737169N12016028WA0176901840
B2116044737166N12016037WA0176701838
B2116054737163N12016045WA0176701836
B2116064737159N12016052WA0176601835
B2116074737156N12016059WA0176701835
B2116084737153N12016066WA0176601835
B2116094737151N12016074WA0176701835
B2116104737148N12016082WA0176801836
B2116114737146N12016090WA0176601836
B2116124737143N12016097WA0176801836
B2116134737141N12016104WA0177201838
B2116144737138N12016109WA0177501840
B2116154737136N12016115WA0177801842
B2116164737134N12016120WA0177901844
B2116174737132N12016126WA0177801844
B2116184737131N12016132WA0177801843
B2116194737129N12016138WA0177801843
B2116204737127N12016144WA0178001843
B2116214737126N12016149WA0178101844
B2116224737125N12016155WA0178001845
B2116234737125N12016161WA0178101845
B2116244737125N12016166WA0177701844
B2116254737124N12016172WA0177501841
B2116264737123N12016179WA0177101838
B2116274737121N12016185WA0176901835
B2116284737119N12016192WA0177001833
B2116294737117N12016198WA0176601831
B2116304737115N12016204WA0176301830
B2116314737112N12016212WA0175901827
B2116324737110N12016219WA0175801825
B2116334737108N12016227WA0175501823
B2116344737105N12016234WA0175601821
B2116354737101N12016240WA0175101819
B2116364737098N12016247WA0175001818
B2116374737094N12016253WA0175301818
B2116384737091N12016260WA0175701819
B2116394737088N12016267WA0175901821
B2116404737084N12016273WA0175801823
B2116414737081N12016280WA0176001824
B2116424737077N12016286WA0176401826
B2116434737074N12016291WA0176601828
B2116444737071N12016297WA0176601829
B2116454737068N12016304WA0176201829
B2116464737065N12016312WA0176401828
B2116474737063N12016320WA0176601830
B2116484737060N12016326WA0176901831
B2116494737058N12016330WA0176801831
B2116504737056N12016335WA0176601830
B2116514737055N12016340WA0176201828
B2116524737054N12016347WA0176001825
B2116534737054N12016355WA0175601822
B2116544737053N12016364WA0175401820
B2116554737052N12016373WA0175001816
B2116564737050N12016382WA0174401812
B2116574737048N12016392WA0173801808
B2116584737046N12016403WA0173501804
B2116594737044N12016413WA0173201802
B2117004737041N12016424WA0173101800
B2117014737038N12016433WA0173401800
B2117024737036N12016442WA0173201800
B2117034737034N12016451WA0173301799
B2117044737032N12016460WA0173301797
B2117054737031N12016470WA0172601794
B2117064737029N12016480WA0172301791
B2117074737027N12016491WA0171601787
B2117084737024N12016501WA0171201782
B2117094737022N12016512WA0171001779
B2117104737020N12016524WA0170801775
B2117114737018N12016536WA0170601773
B2117124737017N12016548WA0170601771
B2117134737016N12016560WA0170401770
B2117144737015N12016572WA0170601771
B2117154737014N12016584WA0170501771
B2117164737014N12016595WA0170501771
B2117174737014N12016606WA0170601771
B2117184737015N12016617WA0170601770
B2117194737015N12016628WA0170301767
B2117204737015N12016639WA0169801764
B2117214737015N12016651WA0169201760
B2117224737015N12016663WA0168901756
B2117234737014N12016674WA0168701754
B2117244737014N12016685WA0168501751
B2117254737013N12016696WA0168101748
B2117264737012N12016707WA0168101745
B2117274737011N12016718WA0167701743
B2117284737011N12016730WA0167301739
B2117294737010N12016742WA0166801735
B2117304737010N12016754WA0166401731
B2117314737008N12016766WA0166101728
B2117324737007N12016778WA0165901726
B2117334737006N12016789WA0166101724
B2117344737006N12016799WA0166001722
B2117354737006N12016809WA0165601718
B2117364737006N12016821WA0165101714
B2117374737007N12016833WA0164301710
B2117384737007N12016846WA0164401706
B2117394737007N12016858WA0163701702
B2117404737007N12016870WA0163501699
B2117414737006N12016882WA0163101695
B2117424737006N12016895WA0162601691
B2117434737005N12016907WA0162101687
B2117444737004N12016920WA0161901683
B2117454737002N12016933WA0161601681
B2117464737001N12016946WA0161501678
B2117474736999N12016959WA0161401677
B2117484736997N12016972WA0161201675
B2117494736996N12016985WA0161201674
B2117504736994N12016998WA0161201673
B2117514736993N12017011WA0161201673
B2117524736992N12017024WA0161001672
B2117534736990N12017037WA0161201671
B2117544736988N12017050WA0160901671
B2117554736986N12017062WA0160901670
B2117564736984N12017074WA0160801669
B2117574736982N12017087WA0160501667
B2117584736980N12017100WA0160401666
B2117594736978N12017113WA0160201665
B2118004736975N12017126WA0160101664
B2118014736973N12017139WA0160201664
B2118024736971N12017151WA0160201664
B2118034736969N12017164WA0160601666
B2118044736967N12017174WA0161001668
B2118054736966N12017184WA0161501671
B2118064736965N12017193WA0161701674
B2118074736963N12017201WA0161801674
B2118084736962N12017209WA0161501673
B2118094736959N12017217WA0161201671
B2118104736957N12017227WA0161101670
B2118114736954N12017237WA0160701668
B2118124736952N12017248WA0160601667
B2118134736950N12017259WA0160801666
B2118144736947N12017269WA0160901667
B2118154736946N12017279WA0161101669
B2118164736945N12017288WA0161201670
B2118174736944N12017297WA0161201669
B2118184736943N12017306WA0161001668
B2118194736942N12017315WA0160901667
B2118204736940N12017325WA0160701666
B2118214736937N12017334WA0160701665
B2118224736935N12017342WA0160701666
B2118234736932N12017350WA0160801666
B2118244736930N12017357WA0160801666
B2118254736928N12017365WA0161001666
B2118264736927N12017372WA0160901667
B2118274736925N12017378WA0161201667
B2118284736923N12017383WA0161101667
B2118294736921N12017389WA0161001666
B2118304736920N12017396WA0160801664
B2118314736919N12017404WA0160401663
B2118324736918N12017414WA0160301661
B2118334736917N12017424WA0160301660
B2118344736916N12017434WA0160101660
B2118354736915N12017445WA0160101660
B2118364736913N12017455WA0160001660
B2118374736911N12017465WA0160301661
B2118384736909N12017474WA0160501662
B2118394736908N12017482WA0160701663
B2118404736907N12017491WA0160801665
B2118414736906N12017500WA0160901666
B2118424736905N12017509WA0161001667
B2118434736905N12017518WA0161201669
B2118444736903N12017527WA0161201670
B2118454736902N12017536WA0161301672
B2118464736900N12017545WA0161701675
B2118474736899N12017554WA0162301679
B2118484736899N12017562WA0162601684
B2118494736900N12017569WA0163601690
B2118504736901N12017576WA0164201695
B2118514736905N12017581WA0164601700
B2118524736909N12017587WA0164501702
B2118534736915N12017592WA0164601704
B2118544736921N12017596WA0164901706
B2118554736928N12017597WA0165101708
B2118564736935N12017596WA0165201711
B2118574736942N12017592WA0165701713
B2118584736947N12017586WA0165901716
B2118594736952N12017579WA0166001717
B2119004736955N12017570WA0166001719
B2119014736956N12017562WA0166401721
B2119024736956N12017554WA0166501724
B2119034736954N12017547WA0167001726
B2119044736951N12017541WA0167001729
B2119054736947N12017538WA0167201730
B2119064736943N12017535WA0167301732
B2119074736938N12017533WA0167501734
B2119084736934N12017532WA0167501735
B2119094736929N12017531WA0167701736
B2119104736924N12017532WA0167701737
B2119114736919N12017534WA0167901739
B2119124736914N12017539WA0168201741
B2119134736912N12017546WA0168801745
B2119144736910N12017554WA0169101750
B2119154736909N12017562WA0169701754
B2119164736909N12017570WA0169901758
B2119174736910N12017579WA0170301761
B2119184736912N12017587WA0170601765
B2119194736915N12017594WA0170701768
B2119204736921N12017601WA0170701770
B2119214736927N12017606WA0171101772
B2119224736934N12017609WA0171501775
B2119234736941N12017608WA0171901778
B2119244736946N12017603WA0172001780
B2119254736950N12017596WA0171601781
B2119264736950N12017588WA0172201783
B2119274736946N12017582WA0172701786
B2119284736941N12017582WA0172801789
B2119294736936N12017586WA0173501793
B2119304736934N12017593WA0174301801
B2119314736934N12017600WA0175001807
B2119324736934N12017608WA0175301811
B2119334736936N12017616WA0175501814
B2119344736938N12017625WA0175601816
B2119354736941N12017634WA0175701818
B2119364736946N12017643WA0175801820
B2119374736952N12017649WA0176201823
B2119384736960N12017651WA0176401825
B2119394736967N12017650WA0176801828
B2119404736973N12017646WA0176801830
B2119414736978N12017639WA0177001832
B2119424736979N12017630WA0177301835
B2119434736979N12017623WA0177801838
B2119444736977N12017616WA0178101842
B2119454736973N12017612WA0178701846
B2119464736969N12017611WA0178901851
B2119474736966N12017613WA0179601856
B2119484736963N12017618WA0179801861
B2119494736961N12017624WA0180501865
B2119504736960N12017632WA0180801869
B2119514736962N12017641WA0181101872
B2119524736966N12017649WA0181201876
B2119534736973N12017656WA0181501879
B2119544736980N12017660WA0181801882
B2119554736988N12017660WA0182501887
B2119564736994N12017657WA0182701891
B2119574737000N12017651WA0183301895
B2119584737003N12017644WA0183701899
B2119594737004N12017636WA0184001902
B2120004737004N12017628WA0184001904
B2120014737001N12017622WA0184601908
B2120024736997N12017618WA0184901913
B2120034736994N12017619WA0185601918
B2120044736991N12017622WA0186001923
B2120054736989N12017627WA0186701928
B2120064736989N12017633WA0187101932
B2120074736989N12017641WA0187401936
B2120084736991N12017649WA0187701940
B2120094736996N12017658WA0187901943
B2120104737002N12017664WA0188301947
B2120114737009N12017669WA0188801951
B2120124737016N12017671WA0189301956
B2120134737023N12017671WA0189801960
B2120144737029N12017668WA0190101964
B2120154737035N12017663WA0190601968
B2120164737040N12017656WA0190701971
B2120174737043N12017647WA0190901973
B2120184737043N12017639WA0190901975
B2120194737041N12017633WA0191101977
B2120204737037N12017629WA0191401979
B2120214737033N12017628WA0191601982
B2120224737028N12017629WA0192001986
B2120234737025N12017632WA0192701991
B2120244737023N12017636WA0193001995
B2120254737022N12017642WA0193601999
B2120264737022N12017648WA0193802003
B2120274737023N12017656WA0194002005
B2120284737026N12017664WA0194202008
B2120294737030N12017672WA0194202010
B2120304737036N12017679WA0194402012
B2120314737044N12017684WA0194702015
B2120324737051N12017686WA0194902018
B2120334737059N12017686WA0195902023
B2120344737066N12017682WA0196402028
B2120354737071N12017677WA0196602032
B2120364737076N12017670WA0196702035
B2120374737079N12017662WA0197302037
B2120384737081N12017653WA0197402040
B2120394737081N12017646WA0197702043
B2120404737079N12017640WA0197902045
B2120414737076N12017635WA0198102047
B2120424737073N12017632WA0198402049
B2120434737069N12017631WA0198502051
B2120444737065N12017630WA0198602054
B2120454737061N12017632WA0199002056
B2120464737058N12017635WA0199402060
B2120474737056N12017641WA0199702063
B2120484737055N12017649WA0199702066
B2120494737055N12017659WA0200102070
B2120504737056N12017668WA0200702075
B2120514737057N12017676WA0201602081
B2120524737059N12017684WA0202102088
B2120534737060N12017692WA0202702093
B2120544737063N12017700WA0203002098
B2120554737067N12017708WA0203502102
B2120564737073N12017714WA0203602106
B2120574737080N12017719WA0204102110
B2120584737088N12017720WA0204602115
B2120594737096N12017718WA0205302121
B2121004737102N12017715WA0205802126
B2121014737107N12017710WA0206402131
B2121024737111N12017705WA0206802135
B2121034737114N12017697WA0206702138
B2121044737116N12017690WA0207002139
B2121054737115N12017683WA0207302142
B2121064737113N12017679WA0207202143
B2121074737110N12017677WA0207602144
B2121084737106N12017678WA0207702147
B2121094737101N12017681WA0208002150
B2121104737098N12017687WA0208302155
B2121114737096N12017694WA0209302160
B2121124737097N12017701WA0209702165
B2121134737098N12017709WA0210102170
B2121144737101N12017717WA0210502174
B2121154737105N12017724WA0211102179
B2121164737108N12017730WA0211502184
B2121174737113N12017736WA0211902188
B2121184737117N12017742WA0212202192
B2121194737121N12017749WA0212502195
B2121204737126N12017755WA0212602197
B2121214737131N12017760WA0212802200
B2121224737138N12017765WA0212802201
B2121234737146N12017768WA0213102203
B2121244737154N12017770WA0213402206
B2121254737161N12017769WA0214002210
B2121264737167N12017765WA0214102214
B2121274737172N12017759WA0214602217
B2121284737175N12017752WA0214802220
B2121294737177N12017745WA0215202222
B2121304737177N12017738WA0215202224
B2121314737177N12017731WA0215502226
B2121324737175N12017724WA0215602228
B2121334737172N12017718WA0216102230
B2121344737170N12017713WA0216102235
B2121354737168N12017709WA0217102240
B2121364737165N12017706WA0217502245
B2121374737163N12017705WA0217802249
B2121384737160N12017705WA0218202253
B2121394737157N12017708WA0218302256
B2121404737154N12017713WA0218502258
B2121414737152N12017719WA0218902261
B2121424737152N12017728WA0219202265
B2121434737154N12017737WA0219502269
B2121444737158N12017745WA0220102272
B2121454737163N12017751WA0220502276
B2121464737169N12017755WA0220702279
B2121474737176N12017757WA0221102282
B2121484737183N12017757WA0220902284
B2121494737191N12017756WA0221102285
B2121504737199N12017753WA0221302289
B2121514737205N12017748WA0222002293
B2121524737208N12017742WA0222502299
B2121534737209N12017735WA0223002303
B2121544737208N12017729WA0223202305
B2121554737208N12017722WA0223302307
B2121564737206N12017716WA0223702310
B2121574737204N12017711WA0223902313
B2121584737202N12017706WA0224102316
B2121594737198N12017704WA0224602320
B2122004737196N12017702WA0225102324
B2122014737193N12017703WA0225702329
B2122024737191N12017705WA0226002332
B2122034737189N12017709WA0226302335
B2122044737186N12017714WA0226202336
B2122054737185N12017721WA0226502338
B2122064737183N12017729WA0226402340
B2122074737183N12017737WA0226902342
B2122084737185N12017745WA0227002345
B2122094737188N12017753WA0227302347
B2122104737192N12017760WA0227302349
B2122114737198N12017766WA0227402350
B2122124737204N12017771WA0227402351
B2122134737211N12017774WA0227602352
B2122144737218N12017776WA0227702353
B2122154737225N12017776WA0227802354
B2122164737232N12017774WA0227902355
B2122174737238N12017771WA0227902357
B2122184737244N12017767WA0228502359
B2122194737248N12017761WA0228802362
B2122204737251N12017755WA0228902364
B2122214737254N12017748WA0229202366
B2122224737255N12017741WA0229502369
B2122234737256N12017735WA0229802372
B2122244737255N12017731WA0230102375
B2122254737254N12017727WA0230202378
B2122264737250N12017726WA0230502380
B2122274737247N12017725WA0230802382
B2122284737243N12017727WA0231002385
B2122294737240N12017731WA0231202386
B2122304737237N12017737WA0231202388
B2122314737236N12017745WA0231302389
B2122324737234N12017752WA0231402389
B2122334737233N12017759WA0231502389
B2122344737232N12017767WA0231302389
B2122354737232N12017776WA0231202388
B2122364737234N12017786WA0231302388
B2122374737237N12017795WA0231302388
B2122384737242N12017802WA0231302389
B2122394737248N12017808WA0231602389
B2122404737255N12017812WA0231502390
B2122414737262N12017815WA0231502390
B2122424737269N12017815WA0231602391
B2122434737276N12017813WA0231702391
B2122444737283N12017808WA0231602391
B2122454737289N12017802WA0231702392
B2122464737294N12017795WA0231802393
B2122474737297N12017787WA0232102395
B2122484737300N12017779WA0232002396
B2122494737301N12017771WA0232202397
B2122504737302N12017763WA0232102396
B2122514737301N12017754WA0231902396
B2122524737300N12017746WA0232202397
B2122534737298N12017740WA0232502400
B2122544737295N12017737WA0232902402
B2122554737293N12017736WA0233202405
B2122564737291N12017736WA0233302406
B2122574737288N12017737WA0233202406
B2122584737285N12017739WA0233002406
B2122594737281N12017742WA0232902405
B2123004737279N12017747WA0233002405
B2123014737276N12017752WA0233102405
B2123024737275N12017757WA0233102405
B2123034737273N12017763WA0233102405
B2123044737271N12017770WA0232802405
B2123054737269N12017777WA0232902404
B2123064737266N12017784WA0232802405
B2123074737264N12017791WA0233102406
B2123084737262N12017798WA0233402408
B2123094737262N12017804WA0233402409
B2123104737262N12017811WA0233302407
B2123114737263N12017819WA0233002406
B2123124737262N12017828WA0232802403
B2123134737261N12017837WA0232402401
B2123144737260N12017847WA0232102398
B2123154737261N12017858WA0231702396
B2123164737263N12017868WA0232002395
B2123174737267N12017878WA0232102396
B2123184737269N12017886WA0232202397
B2123194737272N12017894WA0232202396
B2123204737273N12017903WA0231802395
B2123214737274N12017913WA0231502393
B2123224737274N12017924WA0231402390
B2123234737274N12017934WA0231202388
B2123244737274N12017945WA0231002386
B2123254737274N12017957WA0230702384
B2123264737274N12017969WA0230702383
B2123274737274N12017981WA0230702384
B2123284737273N12017991WA0231102386
B2123294737273N12018001WA0231502388
B2123304737272N12018009WA0231602389
B2123314737271N12018017WA0231602390
B2123324737270N12018026WA0231602390
B2123334737268N12018036WA0231302390
B2123344737267N12018046WA0231502390
B2123354737267N12018057WA0231402390
B2123364737267N12018067WA0231502390
B2123374737267N12018077WA0231402389
B2123384737267N12018087WA0231302390
B2123394737266N12018097WA0231302390
B2123404737265N12018105WA0231402389
B2123414737265N12018114WA0231302389
B2123424737264N12018124WA0231102388
B2123434737263N12018133WA0231002386
B2123444737262N12018143WA0230702384
B2123454737260N12018153WA0230002381
B2123464737258N12018163WA0229802378
B2123474737256N12018174WA0229702376
B2123484737255N12018183WA0229702375
B2123494737254N12018193WA0229602373
B2123504737253N12018202WA0229402370
B2123514737251N12018212WA0228602366
B2123524737248N12018222WA0228302362
B2123534737246N12018234WA0227702359
B2123544737244N12018245WA0227702357
B2123554737242N12018256WA0227702356
B2123564737241N12018266WA0227902356
B2123574737240N12018274WA0228102355
B2123584737239N12018282WA0228102354
B2123594737238N12018291WA0227402352
B2124004737237N12018300WA0227002349
B2124014737235N12018310WA0226702345
B2124024737233N12018321WA0226202341
B2124034737231N12018332WA0225502337
B2124044737228N12018343WA0225202333
B2124054737225N12018355WA0224802330
B2124064737222N12018366WA0224802328
B2124074737220N12018377WA0224602326
B2124084737217N12018388WA0224302323
B2124094737214N12018399WA0223902320
B2124104737212N12018411WA0223702318
B2124114737209N12018422WA0223502316
B2124124737206N12018432WA0223502314
B2124134737203N12018442WA0223202312
B2124144737200N12018452WA0223102309
B2124154737197N12018463WA0222502306
B2124164737194N12018474WA0222202303
B2124174737191N12018485WA0221702299
B2124184737187N12018496WA0221602296
B2124194737183N12018507WA0221102293
B2124204737180N12018517WA0221302291
B2124214737176N12018527WA0220902288
B2124224737173N12018538WA0220702286
B2124234737169N12018548WA0220302283
B2124244737165N12018558WA0220002279
B2124254737162N12018568WA0219502276
B2124264737158N12018579WA0219402273
B2124274737154N12018589WA0219102271
B2124284737150N12018599WA0218902268
B2124294737147N12018609WA0218602265
B2124304737143N12018619WA0218402262
B2124314737139N12018630WA0218002259
B2124324737135N12018641WA0217802256
B2124334737131N12018651WA0217402254
B2124344737128N12018662WA0217202251
B2124354737124N12018672WA0217002248
B2124364737120N12018683WA0216702245
B2124374737116N12018692WA0216302243
B2124384737112N12018702WA0216102240
B2124394737109N12018711WA0215902237
B2124404737105N12018720WA0215602235
B2124414737101N12018729WA0215202232
B2124424737097N12018738WA0215002229
B2124434737094N12018747WA0214502225
B2124444737090N12018757WA0214202221
B2124454737087N12018767WA0213602217
B2124464737083N12018777WA0213502213
B2124474737080N12018787WA0213002209
B2124484737077N12018797WA0212502205
B2124494737073N12018806WA0212302201
B2124504737069N12018817WA0212002197
B2124514737065N12018827WA0211602194
B2124524737061N12018838WA0211102190
B2124534737056N12018849WA0210802187
B2124544737051N12018859WA0210702185
B2124554737047N12018868WA0210702183
B2124564737042N12018877WA0210402181
B2124574737037N12018886WA0210402180
B2124584737033N12018895WA0210102178
B2124594737028N12018903WA0210002177
B2125004737024N12018912WA0210202176
B2125014737020N12018920WA0210102176
B2125024737016N12018929WA0210002176
B2125034737012N12018937WA0209902175
B2125044737008N12018946WA0209702173
B2125054737004N12018955WA0209502171
B2125064737000N12018965WA0209402169
B2125074736996N12018974WA0209202168
B2125084736992N12018984WA0208902166
B2125094736988N12018994WA0208502163
B2125104736984N12019004WA0208702162
B2125114736980N12019014WA0208502161
B2125124736976N12019022WA0208702160
B2125134736973N12019032WA0208202158
B2125144736969N12019042WA0208002156
B2125154736964N12019052WA0207702154
B2125164736959N12019063WA0207602153
B2125174736954N12019073WA0207602153
B2125184736949N12019082WA0207802154
B2125194736945N12019092WA0208202156
B2125204736941N12019100WA0208502159
B2125214736938N12019109WA0209002161
B2125224736935N12019117WA0209102163
B2125234736932N12019124WA0209302165
B2125244736929N12019132WA0209602167
B2125254736927N12019139WA0209902170
B2125264736925N12019145WA0210202172
B2125274736923N12019151WA0210302173
B2125284736921N12019158WA0210102173
B2125294736918N12019165WA0210102172
B2125304736915N12019174WA0209602171
B2125314736912N12019184WA0209302170
B2125324736908N12019194WA0209302169
B2125334736906N12019205WA0209502169
B2125344736904N12019217WA0209302169
B2125354736902N12019228WA0209702169
B2125364736900N12019238WA0209802170
B2125374736898N12019247WA0209702170
B2125384736895N12019256WA0209702170
B2125394736893N12019265WA0209302168
B2125404736890N12019275WA0209002167
B2125414736887N12019284WA0208802165
B2125424736883N12019293WA0208502163
B2125434736879N12019302WA0208702162
B2125444736876N12019310WA0208702162
B2125454736872N12019318WA0208702161
B2125464736868N12019326WA0208502161
B2125474736865N12019334WA0208402160
B2125484736861N12019343WA0208302159
B2125494736858N12019353WA0208102157
B2125504736854N12019363WA0207802156
B2125514736851N12019373WA0207802154
B2125524736847N12019382WA0207702153
B2125534736843N12019391WA0207502152
B2125544736840N12019401WA0207602151
B2125554736837N12019410WA0207302149
B2125564736834N12019420WA0207302148
B2125574736831N12019429WA0207402148
B2125584736828N12019437WA0207202146
B2125594736825N12019445WA0206802144
B2126004736822N12019454WA0206502141
B2126014736818N12019463WA0206002138
B2126024736815N12019472WA0205702135
B2126034736811N12019480WA0205702133
B2126044736808N12019488WA0205602131
B2126054736804N12019497WA0205502129
B2126064736801N12019505WA0205502128
B2126074736797N12019514WA0205002126
B2126084736794N12019523WA0205402125
B2126094736791N12019531WA0205502125
B2126104736788N12019540WA0205202125
B2126114736785N12019548WA0205002124
B2126124736782N12019557WA0205002123
B2126134736779N12019566WA0204702122
B2126144736776N12019575WA0204802121
B2126154736773N12019584WA0204902122
B2126164736770N12019592WA0205302123
B2126174736768N12019600WA0205402123
B2126184736766N12019610WA0205102123
B2126194736763N12019621WA0204802122
B2126204736759N12019633WA0204502121
B2126214736756N12019646WA0204702122
B2126224736753N12019657WA0205002123
B2126234736750N12019667WA0205602127
B2126244736747N12019676WA0206102131
B2126254736745N12019684WA0206502135
B2126264736742N12019692WA0206702138
B2126274736739N12019699WA0206902140
B2126284736736N12019706WA0207102141
B2126294736733N12019714WA0207202143
B2126304736731N12019722WA0207402145
B2126314736728N12019731WA0208002148
B2126324736726N12019739WA0208102151
B2126334736724N12019747WA0208402155
B2126344736723N12019756WA0209102159
B2126354736722N12019764WA0209602163
B2126364736722N12019771WA0209802168
B2126374736723N12019778WA0210402172
B2126384736723N12019784WA0210402174
B2126394736724N12019791WA0210502176
B2126404736723N12019797WA0210602177
B2126414736720N12019803WA0210502178
B2126424736718N12019809WA0210602178
B2126434736715N12019816WA0210702179
B2126444736714N12019823WA0211002181
B2126454736712N12019829WA0211202182
B2126464736710N12019837WA0211202183
B2126474736709N12019845WA0211002183
B2126484736708N12019854WA0211102182
B2126494736708N12019864WA0210902181
B2126504736707N12019873WA0210802181
B2126514736705N12019881WA0211102181
B2126524736704N12019888WA0210702180
B2126534736702N12019897WA0210502178
B2126544736702N12019906WA0210602178
B2126554736702N12019916WA0210502178
B2126564736702N12019926WA0210602177
B2126574736702N12019936WA0210202177
B2126584736700N12019947WA0209902175
B2126594736699N12019957WA0210102174
B2127004736697N12019967WA0209802172
B2127014736696N12019978WA0209402170
B2127024736694N12019990WA0209302168
B2127034736692N12020001WA0209102167
B2127044736690N12020011WA0209402167
B2127054736688N12020021WA0209402167
B2127064736685N12020030WA0209502168
B2127074736683N12020040WA0209402167
B2127084736680N12020051WA0209402168
B2127094736678N12020062WA0209502168
B2127104736676N12020073WA0209302168
B2127114736674N12020085WA0209402170
B2127124736672N12020097WA0210002171
B2127134736670N12020107WA0210202174
B2127144736668N12020117WA0210302176
B2127154736667N12020127WA0210602177
B2127164736665N12020137WA0210602178
B2127174736664N12020147WA0210602179
B2127184736663N12020157WA0210602179
B2127194736661N12020167WA0210702179
B2127204736658N12020176WA0210502179
B2127214736655N12020185WA0210402179
B2127224736652N12020194WA0210302178
B2127234736649N12020204WA0210602178
B2127244736647N12020212WA0210802180
B2127254736644N12020220WA0211302183
B2127264736642N12020227WA0211402185
B2127274736640N12020235WA0211402186
B2127284736638N12020244WA0211502187
B2127294736635N12020253WA0211602190
B2127304736633N12020262WA0211902192
B2127314736631N12020270WA0212402196
B2127324736629N12020277WA0213002200
B2127334736627N12020284WA0213402203
B2127344736626N12020292WA0213502206
B2127354736625N12020299WA0213802209
B2127364736623N12020306WA0213902211
B2127374736620N12020313WA0214102213
B2127384736618N12020320WA0214302215
B2127394736615N12020326WA0214602217
B2127404736613N12020333WA0214702219
B2127414736610N12020341WA0214702221
B2127424736608N12020350WA0214902222
B2127434736606N12020358WA0215302226
B2127444736605N12020366WA0215802229
B2127454736604N12020373WA0216002232
B2127464736603N12020379WA0216402234
B2127474736602N12020385WA0216302236
B2127484736601N12020392WA0216602237
B2127494736599N12020399WA0216402238
B2127504736597N12020405WA0216602239
B2127514736596N12020411WA0216702240
B2127524736593N12020416WA0216802240
B2127534736591N12020421WA0216702240
B2127544736588N12020427WA0216302238
B2127554736585N12020433WA0216302237
B2127564736582N12020440WA0215802235
B2127574736580N12020448WA0215502233
B2127584736578N12020455WA0215502231
B2127594736577N12020464WA0215302229
B2128004736576N12020472WA0215102227
B2128014736574N12020482WA0214402223
B2128024736573N12020492WA0214002219
B2128034736571N12020504WA0213502215
B2128044736569N12020515WA0213302212
B2128054736566N12020526WA0213102209
B2128064736564N12020537WA0213002207
B2128074736561N12020547WA0212802205
B2128084736558N12020557WA0212602204
B2128094736556N12020567WA0212502202
B2128104736554N12020577WA0212402201
B2128114736552N12020587WA0212302200
B2128124736550N12020596WA0212202198
B2128134736548N12020607WA0212102197
B2128144736547N12020617WA0212102198
B2128154736547N12020627WA0212602200
B2128164736548N12020636WA0213202202
B2128174736548N12020645WA0213202203
B2128184736548N12020655WA0213102203
B2128194736548N12020666WA0212702203
B2128204736548N12020678WA0212402202
B2128214736549N12020692WA0212502202
B2128224736550N12020705WA0212802204
B2128234736551N12020716WA0213502207
B2128244736553N12020728WA0213802209
B2128254736554N12020739WA0213902210
B2128264736555N12020749WA0213802211
B2128274736556N12020760WA0213702211
B2128284736557N12020772WA0213402210
B2128294736558N12020785WA0213102208
B2128304736559N12020799WA0212602206
B2128314736559N12020813WA0212402203
B2128324736559N12020827WA0212602204
B2128334736559N12020840WA0212602205
B2128344736559N12020851WA0213202207
B2128354736559N12020862WA0213302208
B2128364736560N12020872WA0213602209
B2128374736561N12020882WA0213302208
B2128384736562N12020893WA0213002207
B2128394736563N12020904WA0212502204
B2128404736564N12020916WA0212202201
B2128414736565N12020929WA0212002198
B2128424736565N12020941WA0211602196
B2128434736565N12020953WA0211402193
B2128444736565N12020965WA0211202190
B2128454736565N12020977WA0210902188
B2128464736565N12020989WA0210602185
B2128474736565N12021002WA0210202182
B2128484736566N12021015WA0210002178
B2128494736566N12021028WA0209702175
B2128504736566N12021042WA0209502173
B2128514736566N12021055WA0209002170
B2128524736566N12021067WA0208902166
B2128534736566N12021079WA0208702163
B2128544736566N12021091WA0208302161
B2128554736566N12021103WA0208002157
B2128564736567N12021116WA0207702154
B2128574736567N12021128WA0207502152
B2128584736568N12021139WA0207502152
B2128594736569N12021149WA0207702152
B2129004736569N12021159WA0207702152
B2129014736570N12021169WA0207602151
B2129024736570N12021179WA0207402149
B2129034736571N12021190WA0207102147
B2129044736572N12021202WA0207002146
B2129054736572N12021214WA0206902146
B2129064736572N12021225WA0207002146
B2129074736573N12021236WA0207402148
B2129084736574N12021245WA0207702150
B2129094736574N12021253WA0208302152
B2129104736575N12021261WA0208502156
B2129114736575N12021268WA0208902158
B2129124736576N12021276WA0209202161
B2129134736576N12021285WA0209402163
B2129144736575N12021293WA0209702168
B2129154736575N12021301WA0210602173
B2129164736574N12021309WA0210902178
B2129174736575N12021316WA0211602183
B2129184736577N12021323WA0211802188
B2129194736580N12021329WA0212302192
B2129204736586N12021335WA0212702196
B2129214736593N12021339WA0212502200
B2129224736600N12021341WA0212802203
B2129234736606N12021341WA0213902208
B2129244736611N12021340WA0214402214
B2129254736616N12021335WA0214702218
B2129264736621N12021329WA0214702219
B2129274736624N12021320WA0214802221
B2129284736627N12021311WA0215002223
B2129294736627N12021301WA0215302226
B2129304736626N12021293WA0215502229
B2129314736623N12021285WA0215602231
B2129324736619N12021279WA0215802233
B2129334736615N12021277WA0216402237
B2129344736611N12021277WA0217002240
B2129354736607N12021280WA0217102244
B2129364736604N12021286WA0217602248
B2129374736601N12021291WA0217902253
B2129384736600N12021297WA0218602258
B2129394736599N12021302WA0219502264
B2129404736600N12021307WA0219902269
B2129414736601N12021312WA0220302274
B2129424736604N12021317WA0220402278
B2129434736607N12021322WA0221002281
B2129444736612N12021324WA0221102284
B2129454736617N12021324WA0221302287
B2129464736623N12021320WA0221602289
B2129474736628N12021314WA0221702291
B2129484736632N12021305WA0221702293
B2129494736634N12021296WA0222302295
B2129504736635N12021288WA0222402299
B2129514736635N12021280WA0223002303
B2129524736634N12021274WA0223602307
B2129534736631N12021270WA0224002311
B2129544736627N12021267WA0224002313
B2129554736622N12021265WA0224102316
B2129564736618N12021265WA0224602320
B2129574736614N12021266WA0225302325
B2129584736610N12021268WA0225802329
B2129594736608N12021270WA0226202333
B2130004736606N12021273WA0226602337
B2130014736604N12021279WA0226602340
B2130024736604N12021286WA0226502340
B2130034736606N12021295WA0226702341
B2130044736607N12021302WA0227102343
B2130054736609N12021309WA0227602348
B2130064736611N12021316WA0228102352
B2130074736612N12021323WA0228502357
B2130084736614N12021329WA0228902361
B2130094736618N12021335WA0229202365
B2130104736624N12021339WA0229302368
B2130114736632N12021340WA0229402370
B2130124736639N12021337WA0229802374
B2130134736645N12021332WA0230702379
B2130144736650N12021324WA0230902384
B2130154736652N12021315WA0231302389
B2130164736653N12021305WA0231802393
B2130174736652N12021296WA0232202397
B2130184736649N12021289WA0232802402
B2130194736645N12021284WA0233002405
B2130204736640N12021282WA0233302407
B2130214736634N12021282WA0233402410
B2130224736629N12021285WA0233602412
B2130234736625N12021290WA0234002415
B2130244736621N12021296WA0234202418
B2130254736620N12021304WA0235002422
B2130264736619N12021312WA0235002425
B2130274736621N12021320WA0235402428
B2130284736623N12021329WA0235702432
B2130294736626N12021336WA0236302437
B2130304736630N12021341WA0237202445
B2130314736633N12021345WA0237702451
B2130324736638N12021349WA0238202457
B2130334736643N12021350WA0238802462
B2130344736649N12021349WA0239302468
B2130354736656N12021346WA0239702474
B2130364736661N12021339WA0240202479
B2130374736664N12021330WA0240702484
B2130384736665N12021321WA0241102489
B2130394736664N12021313WA0241802494
B2130404736661N12021307WA0242102499
B2130414736657N12021304WA0242802504
B2130424736653N12021304WA0242902507
B2130434736649N12021308WA0243202511
B2130444736645N12021313WA0243602515
B2130454736643N12021320WA0244102519
B2130464736642N12021326WA0244702524
B2130474736642N12021332WA0245302529
B2130484736643N12021339WA0245502533
B2130494736644N12021345WA0246002538
B2130504736647N12021350WA0246602543
B2130514736651N12021354WA0247102548
B2130524736655N12021357WA0247602553
B2130534736661N12021357WA0248202558
B2130544736667N12021356WA0248502563
B2130554736673N12021351WA0248802567
B2130564736678N12021345WA0249302572
B2130574736682N12021337WA0249702576
B2130584736684N12021327WA0250002581
B2130594736684N12021318WA0250302584
B2131004736681N12021309WA0250702588
B2131014736678N12021302WA0251502593
B2131024736674N12021298WA0251902599
B2131034736670N12021296WA0252302604
B2131044736665N12021296WA0252602607
B2131054736660N12021299WA0252702609
B2131064736655N12021305WA0253002611
B2131074736651N12021311WA0253302613
B2131084736649N12021319WA0253502615
B2131094736648N12021326WA0253802618
B2131104736648N12021333WA0254102621
B2131114736647N12021341WA0254502624
B2131124736646N12021347WA0254602626
B2131134736643N12021354WA0255002628
B2131144736639N12021361WA0254802630
B2131154736635N12021367WA0255302633
B2131164736631N12021374WA0255402636
B2131174736627N12021381WA0256302641
B2131184736625N12021389WA0256602645
B2131194736623N12021397WA0257202649
B2131204736621N12021406WA0257202653
B2131214736621N12021414WA0258102657
B2131224736622N12021422WA0258502662
B2131234736625N12021429WA0258902667
B2131244736629N12021435WA0259202671
B2131254736633N12021440WA0259402674
B2131264736639N12021443WA0259402676
B2131274736646N12021445WA0259802679
B2131284736653N12021445WA0260002682
B2131294736661N12021442WA0260302684
B2131304736667N12021437WA0260302686
B2131314736672N12021429WA0260302689
B2131324736675N12021420WA0261002692
B2131334736677N12021411WA0261702696
B2131344736678N12021404WA0262302702
B2131354736676N12021396WA0262702707
B2131364736673N12021390WA0263002710
B2131374736668N12021386WA0263202713
B2131384736663N12021383WA0263402716
B2131394736658N12021384WA0264002720
B2131404736653N12021386WA0264502724
B2131414736650N12021392WA0264502726
B2131424736647N12021399WA0264702727
B2131434736645N12021407WA0264902729
B2131444736645N12021417WA0264802731
B2131454736646N12021426WA0265002733
B2131464736648N12021436WA0265302734
B2131474736651N12021444WA0265702737
B2131484736654N12021453WA0266002740
B2131494736657N12021461WA0266402743
B2131504736659N12021469WA0266502746
B2131514736662N12021478WA0266602749
B2131524736666N12021487WA0267002751
B2131534736669N12021495WA0267202753
B2131544736673N12021503WA0267502756
B2131554736677N12021511WA0267702759
B2131564736680N12021519WA0267902762
B2131574736683N12021528WA0268302766
B2131584736685N12021537WA0268802770
B2131594736687N12021545WA0269302774
B2132004736689N12021554WA0269902779
B2132014736691N12021563WA0270402784
B2132024736693N12021571WA0270802790
B2132034736694N12021579WA0271702796
B2132044736695N12021587WA0272302802
B2132054736696N12021594WA0272802808
B2132064736697N12021602WA0272902812
B2132074736698N12021609WA0273502816
B2132084736698N12021618WA0273602819
B2132094736698N12021626WA0273902822
B2132104736697N12021635WA0274502826
B2132114736696N12021644WA0274802830
B2132124736696N12021652WA0275602835
B2132134736698N12021660WA0276002841
B2132144736700N12021669WA0276202845
B2132154736702N12021678WA0276702848
B2132164736705N12021687WA0276902851
B2132174736706N12021696WA0277202854
B2132184736708N12021705WA0277202856
B2132194736709N12021714WA0277302858
B2132204736712N12021724WA0277202859
B2132214736714N12021734WA0277502860
B2132224736715N12021744WA0277802862
B2132234736715N12021753WA0277902863
B2132244736715N12021762WA0278002864
B2132254736715N12021772WA0278002864
B2132264736716N12021784WA0277902865
B2132274736717N12021795WA0278202866
B2132284736717N12021807WA0278402869
B2132294736716N12021817WA0278702871
B2132304736715N12021827WA0278302872
B2132314736713N12021836WA0278502870
B2132324736711N12021845WA0277902869
B2132334736709N12021854WA0277602866
B2132344736707N12021861WA0277202862
B2132354736705N12021869WA0276402857
B2132364736702N12021877WA0275802851
B2132374736700N12021887WA0275002844
B2132384736700N12021899WA0274702839
B2132394736700N12021910WA0274502835
B2132404736702N12021921WA0274102833
B2132414736703N12021931WA0274102831
B2132424736705N12021940WA0274002829
B2132434736706N12021950WA0273802827
B2132444736707N12021959WA0273702825
B2132454736707N12021969WA0273302823
B2132464736706N12021979WA0272802819
B2132474736706N12021990WA0272402815
B2132484736706N12022001WA0272502813
B2132494736706N12022011WA0272402812
B2132504736706N12022023WA0272202811
B2132514736704N12022034WA0272002810
B2132524736702N12022047WA0271602808
B2132534736701N12022059WA0271102807
B2132544736700N12022071WA0271902806
B2132554736700N12022082WA0272202807
B2132564736700N12022092WA0272302809
B2132574736700N12022102WA0272202809
B2132584736699N12022112WA0271902809
B2132594736697N12022122WA0271702808
B2133004736695N12022132WA0271702807
B2133014736693N12022143WA0271702807
B2133024736692N12022153WA0271602806
B2133034736691N12022164WA0271402805
B2133044736690N12022175WA0271302804
B2133054736688N12022186WA0271302803
B2133064736687N12022197WA0271202802
B2133074736686N12022209WA0270902800
B2133084736686N12022221WA0270802797
B2133094736686N12022234WA0270402795
B2133104736686N12022246WA0270402794
B2133114736686N12022257WA0270702795
B2133124736685N12022268WA0270902795
B2133134736684N12022279WA0270502794
B2133144736683N12022290WA0270302793
B2133154736683N12022302WA0269902790
B2133164736684N12022315WA0269702788
B2133174736685N12022327WA0269602785
B2133184736686N12022340WA0269302783
B2133194736685N12022352WA0269102782
B2133204736684N12022364WA0268902780
B2133214736682N12022375WA0268902778
B2133224736681N12022387WA0268602775
B2133234736680N12022399WA0268202773
B2133244736679N12022411WA0267802769
B2133254736678N12022424WA0267402766
B2133264736677N12022437WA0267302763
B2133274736676N12022450WA0267202761
B2133284736675N12022463WA0267002760
B2133294736674N12022476WA0267002760
B2133304736674N12022488WA0267102759
B2133314736673N12022499WA0266902758
B2133324736672N12022511WA0266602756
B2133334736671N12022523WA0266302753
B2133344736670N12022537WA0265902750
B2133354736668N12022551WA0265202746
B2133364736667N12022566WA0264702742
B2133374736665N12022582WA0264502739
B2133384736663N12022597WA0264402737
B2133394736661N12022611WA0264402735
B2133404736659N12022625WA0264102733
B2133414736657N12022638WA0264102731
B2133424736654N12022651WA0263902729
B2133434736651N12022664WA0263402727
B2133444736648N12022677WA0263302724
B2133454736644N12022691WA0262702721
B2133464736640N12022704WA0262502718
B2133474736636N12022717WA0262402716
B2133484736631N12022728WA0262602716
B2133494736626N12022739WA0262602716
B2133504736620N12022748WA0262602716
B2133514736615N12022758WA0262702715
B2133524736610N12022767WA0262302714
B2133534736605N12022777WA0262102712
B2133544736600N12022788WA0261902710
B2133554736596N12022799WA0261702709
B2133564736591N12022810WA0261802707
B2133574736587N12022821WA0261602706
B2133584736584N12022832WA0261402705
B2133594736580N12022843WA0261302703
B2134004736576N12022854WA0261202702
B2134014736571N12022865WA0260902700
B2134024736567N12022876WA0260702698
B2134034736563N12022888WA0260502696
B2134044736559N12022900WA0260302695
B2134054736556N12022911WA0260402694
B2134064736553N12022923WA0260502693
B2134074736549N12022933WA0260402693
B2134084736545N12022944WA0260302692
B2134094736541N12022954WA0260002690
B2134104736537N12022965WA0259902689
B2134114736533N12022977WA0259602687
B2134124736529N12022988WA0259502685
B2134134736525N12023001WA0259302684
B2134144736522N12023013WA0259302683
B2134154736519N12023026WA0259302682
B2134164736516N12023038WA0259402681
B2134174736513N12023050WA0259402681
B2134184736511N12023061WA0259302680
B2134194736508N12023073WA0259102678
B2134204736506N12023086WA0258802676
B2134214736504N12023099WA0258202673
B2134224736502N12023113WA0258002671
B2134234736500N12023127WA0257902669
B2134244736499N12023141WA0257902668
B2134254736497N12023154WA0257902667
B2134264736496N12023168WA0257802667
B2134274736495N12023181WA0257702666
B2134284736495N12023195WA0257602665
B2134294736496N12023208WA0257602663
B2134304736498N12023221WA0257502662
B2134314736501N12023235WA0257102661
B2134324736504N12023248WA0256802658
B2134334736508N12023262WA0256802656
B2134344736513N12023276WA0256402655
B2134354736517N12023290WA0256302653
B2134364736522N12023303WA0256202652
B2134374736527N12023316WA0256002650
B2134384736532N12023329WA0255902649
B2134394736538N12023341WA0255902647
B2134404736544N12023354WA0255602646
B2134414736549N12023366WA0255502644
B2134424736555N12023379WA0255202643
B2134434736560N12023391WA0255102641
B2134444736566N12023404WA0254902639
B2134454736572N12023417WA0254802638
B2134464736578N12023429WA0254702636
B2134474736584N12023441WA0254602635
B2134484736590N12023453WA0254502634
B2134494736595N12023465WA0254502633
B2134504736601N12023477WA0254202632
B2134514736607N12023489WA0254102631
B2134524736613N12023501WA0254002629
B2134534736618N12023513WA0253702627
B2134544736623N12023525WA0253602625
B2134554736629N12023537WA0253402623
B2134564736635N12023549WA0253302621
B2134574736641N12023562WA0252902619
B2134584736647N12023574WA0252702617
B2134594736653N12023585WA0252502615
B2135004736659N12023597WA0252402613
B2135014736665N12023608WA0252202611
B2135024736671N12023619WA0252002608
B2135034736678N12023631WA0251302603
B2135044736684N12023644WA0250702598
B2135054736691N12023657WA0250202593
B2135064736697N12023670WA0250002590
B2135074736703N12023683WA0249802588
B2135084736709N12023695WA0250102587
B2135094736715N12023707WA0250102587
B2135104736720N12023718WA0249902586
B2135114736725N12023729WA0249702585
B2135124736730N12023740WA0249402582
B2135134736735N12023751WA0248802579
B2135144736741N12023762WA0248402575
B2135154736747N12023773WA0248002570
B2135164736753N12023785WA0247702567
B2135174736759N12023796WA0247302563
B2135184736765N12023808WA0247102560
B2135194736772N12023818WA0246602556
B2135204736778N12023829WA0246302552
B2135214736784N12023839WA0245802548
B2135224736790N12023850WA0245502544
B2135234736796N12023861WA0245102541
B2135244736801N12023872WA0245002539
B2135254736807N12023883WA0245002537
B2135264736812N12023893WA0244602535
B2135274736817N12023904WA0244702533
B2135284736822N12023914WA0244402532
B2135294736826N12023925WA0244102530
B2135304736831N12023936WA0243902527
B2135314736835N12023947WA0243402523
B2135324736840N12023959WA0243102520
B2135334736844N12023971WA0242902517
B2135344736848N12023983WA0242602515
B2135354736852N12023995WA0242602514
B2135364736855N12024006WA0242402512
B2135374736857N12024018WA0242302510
B2135384736860N12024031WA0242102509
B2135394736863N12024043WA0242102508
B2135404736867N12024055WA0241902506
B2135414736870N12024068WA0241702505
B2135424736873N12024080WA0241602504
B2135434736876N12024092WA0241602503
B2135444736879N12024104WA0241702503
B2135454736882N12024116WA0241602502
B2135464736885N12024127WA0241702502
B2135474736889N12024138WA0241602502
B2135484736893N12024149WA0241502501
B2135494736897N12024160WA0241302500
B2135504736901N12024171WA0241202499
B2135514736905N12024182WA0241002497
B2135524736910N12024193WA0240902495
B2135534736914N12024204WA0240502493
B2135544736918N12024216WA0240402491
B2135554736923N12024227WA0240102489
B2135564736927N12024238WA0239902487
B2135574736932N12024249WA0239602484
B2135584736937N12024260WA0239402481
B2135594736943N12024271WA0239002478
B2136004736948N12024283WA0238602475
B2136014736954N12024294WA0238402472
B2136024736959N12024305WA0238202469
B2136034736964N12024317WA0238002467
B2136044736970N12024328WA0237802465
B2136054736975N12024339WA0237602462
B2136064736980N12024351WA0237402460
B2136074736986N12024362WA0237002457
B2136084736991N12024373WA0236702454
B2136094736997N12024384WA0236502452
B2136104737002N12024395WA0236302449
B2136114737007N12024406WA0236002447
B2136124737013N12024416WA0235902444
B2136134737018N12024427WA0235502441
B2136144737024N12024438WA0235302438
B2136154737029N12024448WA0234902435
B2136164737035N12024459WA0234602433
B2136174737040N12024470WA0234302430
B2136184737046N12024480WA0234202428
B2136194737051N12024491WA0234002426
B2136204737057N12024501WA0233802424
B2136214737063N12024512WA0233502422
B2136224737068N12024522WA0233502420
B2136234737074N12024532WA0233202418
B2136244737079N12024542WA0233002415
B2136254737085N12024552WA0232702412
B2136264737091N12024563WA0232302409
B2136274737096N12024574WA0231902406
B2136284737102N12024585WA0231802404
B2136294737108N12024596WA0231602402
B2136304737114N12024606WA0231502400
B2136314737120N12024617WA0231402399
B2136324737125N12024627WA0231302397
B2136334737130N12024637WA0231002395
B2136344737136N12024648WA0230702392
B2136354737142N12024658WA0230502390
B2136364737148N12024669WA0230202387
B2136374737154N12024680WA0230002386
B2136384737160N12024690WA0230102385
B2136394737167N12024701WA0229902384
B2136404737172N12024711WA0230002383
B2136414737178N12024721WA0229902382
B2136424737184N12024731WA0229702381
B2136434737189N12024741WA0229602380
B2136444737194N12024752WA0229402378
B2136454737200N12024762WA0229102376
B2136464737205N12024773WA0229002374
B2136474737211N12024783WA0228702372
B2136484737217N12024794WA0228602369
B2136494737222N12024804WA0228202367
B2136504737228N12024815WA0228302365
B2136514737233N12024826WA0227902364
B2136524737239N12024837WA0227902362
B2136534737245N12024847WA0227602361
B2136544737251N12024857WA0227502359
B2136554737258N12024868WA0227402358
B2136564737264N12024878WA0227202357
B2136574737270N12024889WA0227202355
B2136584737276N12024899WA0227002353
B2136594737283N12024910WA0226502351
B2137004737289N12024920WA0226402349
B2137014737296N12024930WA0226202347
B2137024737302N12024941WA0226202345
B2137034737309N12024951WA0225902343
B2137044737315N12024962WA0225802340
B2137054737322N12024972WA0225502338
B2137064737329N12024982WA0225202336
B2137074737336N12024992WA0225002333
B2137084737343N12025002WA0224502330
B2137094737349N12025012WA0224402328
B2137104737356N12025022WA0224402326
B2137114737363N12025031WA0224202324
B2137124737370N12025041WA0224002322
B2137134737377N12025051WA0223702320
B2137144737384N12025061WA0223402317
B2137154737391N12025071WA0223202315
B2137164737398N12025082WA0223202313
B2137174737405N12025092WA0222902312
B2137184737411N12025103WA0222902310
B2137194737418N12025113WA0222802309
B2137204737424N12025124WA0222602308
B2137214737431N12025134WA0222502307
B2137224737437N12025144WA0222402305
B2137234737443N12025155WA0222102304
B2137244737450N12025166WA0221902302
B2137254737456N12025176WA0221802300
B2137264737463N12025187WA0221702299
B2137274737469N12025198WA0221702298
B2137284737475N12025209WA0221602297
B2137294737481N12025219WA0221502296
B2137304737488N12025230WA0221202295
B2137314737494N12025240WA0221002293
B2137324737501N12025250WA0220902291
B2137334737508N12025260WA0220602288
B2137344737515N12025270WA0220402286
B2137354737522N12025281WA0220102283
B2137364737529N12025291WA0219902281
B2137374737536N12025301WA0219802279
B2137384737543N12025312WA0219502278
B2137394737550N12025322WA0219602278
B2137404737557N12025333WA0219902278
B2137414737563N12025343WA0219902279
B2137424737570N12025352WA0219802279
B2137434737577N12025362WA0219802278
B2137444737584N12025371WA0219602278
B2137454737591N12025381WA0219302276
B2137464737598N12025391WA0219102274
B2137474737606N12025401WA0218902272
B2137484737614N12025412WA0218802270
B2137494737621N12025422WA0218702269
B2137504737629N12025432WA0218702268
B2137514737636N12025442WA0218602268
B2137524737644N12025452WA0218602267
B2137534737651N12025462WA0218402265
B2137544737659N12025472WA0218302264
B2137554737666N12025482WA0218102263
B2137564737674N12025492WA0217802261
B2137574737682N12025502WA0217902260
B2137584737689N12025512WA0217902259
B2137594737697N12025522WA0217902259
B2138004737704N12025532WA0217902258
B2138014737712N12025542WA0217902258
B2138024737719N12025552WA0217602257
B2138034737726N12025562WA0217802257
B2138044737734N12025572WA0217902257
B2138054737741N12025583WA0217802257
B2138064737748N12025593WA0218002257
B2138074737755N12025604WA0217702257
B2138084737762N12025615WA0217602256
B2138094737769N12025627WA0217502255
B2138104737776N12025638WA0217502255
B2138114737783N12025649WA0217602256
B2138124737790N12025660WA0217702257
B2138134737796N12025671WA0218102259
B2138144737802N12025682WA0218302261
B2138154737807N12025692WA0218602262
B2138164737813N12025702WA0218802263
B2138174737819N12025712WA0218902264
B2138184737825N12025722WA0219102265
B2138194737831N12025732WA0219202268
B2138204737836N12025742WA0219502271
B2138214737842N12025752WA0219802273
B2138224737847N12025762WA0219802275
B2138234737853N12025771WA0219902276
B2138244737859N12025779WA0220002277
B2138254737865N12025787WA0220002278
B2138264737871N12025795WA0220202279
B2138274737877N12025804WA0220202279
B2138284737883N12025813WA0220002278
B2138294737890N12025823WA0220102277
B2138304737898N12025832WA0219802277
B2138314737906N12025842WA0219802278
B2138324737914N12025852WA0220102279
B2138334737921N12025862WA0220302281
B2138344737927N12025873WA0220702284
B2138354737933N12025883WA0221402289
B2138364737938N12025891WA0221902294
B2138374737944N12025898WA0222402298
B2138384737950N12025905WA0222602301
B2138394737956N12025913WA0222602303
B2138404737964N12025920WA0222902305
B2138414737971N12025928WA0223102308
B2138424737978N12025935WA0223602311
B2138434737985N12025943WA0223902314
B2138444737992N12025950WA0223902317
B2138454737998N12025959WA0224302319
B2138464738004N12025968WA0224302323
B2138474738009N12025976WA0225502327
B2138484738013N12025983WA0225802332
B2138494738018N12025990WA0226402336
B2138504738022N12025996WA0226502340
B2138514738027N12026003WA0226902343
B2138524738032N12026012WA0226902346
B2138534738035N12026022WA0227202348
B2138544738037N12026032WA0227402350
B2138554738038N12026040WA0227602352
B2138564738039N12026047WA0227902355
B2138574738038N12026054WA0228402356
B2138584738035N12026061WA0228202358
B2138594738032N12026067WA0228502360
B2139004738029N12026071WA0228802364
B2139014738026N12026072WA0229602369
B2139024738023N12026071WA0230002374
B2139034738022N12026069WA0230502378
B2139044738020N12026065WA0230602382
B2139054738018N12026060WA0230902385
B2139064738017N12026054WA0231102388
B2139074738017N12026046WA0231402391
B2139084738019N12026038WA0231602395
B2139094738022N12026032WA0232202399
B2139104738026N12026026WA0232702404
B2139114738031N12026023WA0233402408
B2139124738036N12026020WA0233502412
B2139134738041N12026016WA0233802415
B2139144738047N12026013WA0233702418
B2139154738054N12026012WA0234402422
B2139164738060N12026014WA0234902426
B2139174738066N12026018WA0235202430
B2139184738073N12026023WA0235402433
B2139194738079N12026030WA0235902436
B2139204738085N12026036WA0235902439
B2139214738090N12026043WA0236002440
B2139224738095N12026050WA0236002440
B2139234738100N12026057WA0235702438
B2139244738104N12026065WA0235402436
B2139254738109N12026073WA0235402434
B2139264738112N12026080WA0235102433
B2139274738115N12026087WA0235202432
B2139284738118N12026094WA0235102431
B2139294738121N12026102WA0234702429
B2139304738123N12026111WA0234302428
B2139314738124N12026121WA0234402426
B2139324738125N12026130WA0234402425
B2139334738126N12026139WA0234502425
B2139344738127N12026148WA0234502425
B2139354738128N12026157WA0234302424
B2139364738128N12026167WA0234202424
B2139374738127N12026177WA0234202423
B2139384738125N12026186WA0234402424
B2139394738121N12026193WA0234502425
B2139404738116N12026198WA0234402425
B2139414738111N12026202WA0234502425
B2139424738105N12026205WA0234502425
B2139434738099N12026207WA0234402424
B2139444738092N12026208WA0234302423
B2139454738085N12026206WA0234002422
B2139464738078N12026203WA0233702420
B2139474738072N12026200WA0233902420
B2139484738066N12026197WA0234502425
B2139494738062N12026195WA0235702430
B2139504738058N12026195WA0236102436
B2139514738055N12026194WA0236502440
B2139524738052N12026192WA0236502443
B2139534738048N12026188WA0236402444
B2139544738044N12026183WA0236302446
B2139554738041N12026178WA0237102449
B2139564738039N12026173WA0237502453
B2139574738038N12026169WA0238002458
B2139584738037N12026165WA0238402461
B2139594738035N12026161WA0238602464
B2140004738033N12026155WA0238502465
B2140014738032N12026147WA0238402466
B2140024738033N12026139WA0238502468
B2140034738034N12026131WA0239002471
B2140044738036N12026125WA0239602477
B2140054738039N12026120WA0240202481
B2140064738042N12026115WA0240602486
B2140074738045N12026110WA0240902489
B2140084738050N12026104WA0241102492
B2140094738056N12026099WA0241302495
B2140104738062N12026094WA0241702499
B2140114738069N12026092WA0242502504
B2140124738075N12026093WA0242902509
B2140134738082N12026094WA0243302513
B2140144738088N12026097WA0243702518
B2140154738094N12026101WA0244202522
B2140164738099N12026106WA0244402525
B2140174738104N12026113WA0244702528
B2140184738108N12026122WA0244702530
B2140194738110N12026133WA0244802532
B2140204738110N12026144WA0245002535
B2140214738108N12026154WA0245702539
B2140224738105N12026161WA0246002544
B2140234738101N12026166WA0246902549
B2140244738097N12026169WA0247202554
B2140254738092N12026169WA0247402557
B2140264738088N12026168WA0248102560
B2140274738085N12026166WA0248302563
B2140284738082N12026162WA0248402567
B2140294738079N12026158WA0248902570
B2140304738077N12026153WA0249002573
B2140314738077N12026146WA0249302577
B2140324738077N12026138WA0249902581
B2140334738080N12026132WA0250602587
B2140344738083N12026127WA0251102593
B2140354738088N12026122WA0251802598
B2140364738093N12026118WA0252002602
B2140374738099N12026115WA0252302606
B2140384738106N12026113WA0252402608
B2140394738113N12026112WA0252702611
B2140404738120N12026114WA0253202615
B2140414738127N12026117WA0253602619
B2140424738133N12026124WA0253902623
B2140434738137N12026131WA0254202626
B2140444738141N12026139WA0254702630
B2140454738146N12026146WA0255102634
B2140464738150N12026154WA0255502638
B2140474738155N12026162WA0255902640
B2140484738160N12026171WA0256002643
B2140494738165N12026180WA0256202645
B2140504738171N12026191WA0256502647
B2140514738176N12026201WA0256102649
B2140524738180N12026211WA0256402648
B2140534738183N12026220WA0256202649
B2140544738186N12026228WA0256402648
B2140554738189N12026236WA0256202649
B2140564738191N12026245WA0256302648
B2140574738194N12026253WA0256102646
B2140584738198N12026262WA0255702645
B2140594738201N12026270WA0256102644
B2141004738206N12026276WA0255902644
B2141014738210N12026283WA0256102645
B2141024738213N12026290WA0256002645
B2141034738216N12026299WA0255602644
B2141044738217N12026309WA0255302642
B2141054738218N12026321WA0255402640
B2141064738219N12026332WA0255302639
B2141074738220N12026342WA0255302639
B2141084738222N12026352WA0255402640
B2141094738224N12026362WA0255602640
B2141104738226N12026373WA0255302640
B2141114738227N12026384WA0255202640
B2141124738229N12026396WA0255402639
B2141134738231N12026408WA0254902639
B2141144738234N12026421WA0254602637
B2141154738237N12026434WA0254902636
B2141164738240N12026446WA0254702635
B2141174738243N12026458WA0254602635
B2141184738245N12026470WA0254702634
B2141194738247N12026482WA0254602632
B2141204738249N12026496WA0254002630
B2141214738250N12026510WA0253702629
B2141224738251N12026523WA0254102629
B2141234738251N12026535WA0254402629
B2141244738252N12026546WA0254402630
B2141254738252N12026557WA0254102629
B2141264738253N12026570WA0253902628
B2141274738255N12026583WA0253502627
B2141284738257N12026596WA0253602626
B2141294738260N12026609WA0253902627
B2141304738262N12026621WA0254002627
B2141314738264N12026633WA0254002628
B2141324738265N12026647WA0253902628
B2141334738268N12026661WA0253902628
B2141344738270N12026675WA0254002629
B2141354738272N12026688WA0254402631
B2141364738273N12026700WA0254702633
B2141374738275N12026712WA0254802634
B2141384738277N12026725WA0254802633
B2141394738279N12026738WA0254102632
B2141404738282N12026753WA0253902629
B2141414738285N12026769WA0253402627
B2141424738288N12026784WA0253502626
B2141434738290N12026799WA0253802627
B2141444738291N12026814WA0253902628
B2141454738292N12026828WA0254002629
B2141464738293N12026842WA0254002630
B2141474738293N12026856WA0253902630
B2141484738295N12026870WA0253802630
B2141494738297N12026884WA0254002630
B2141504738300N12026897WA0253802629
B2141514738303N12026908WA0254102630
B2141524738306N12026918WA0254402631
B2141534738308N12026928WA0254402630
B2141544738311N12026938WA0253902628
B2141554738313N12026949WA0253202624
B2141564738316N12026961WA0252902621
B2141574738318N12026975WA0252402617
B2141584738320N12026988WA0252202615
B2141594738320N12027001WA0252202613
B2142004738321N12027013WA0252102612
B2142014738321N12027025WA0252102611
B2142024738322N12027037WA0251902609
B2142034738322N12027048WA0251802608
B2142044738323N12027061WA0251702607
B2142054738324N12027073WA0251502605
B2142064738325N12027086WA0251102603
B2142074738325N12027100WA0251102602
B2142084738326N12027113WA0251002601
B2142094738326N12027126WA0251102601
B2142104738327N12027138WA0251302600
B2142114738328N12027150WA0251002600
B2142124738329N12027162WA0251002599
B2142134738329N12027174WA0250902598
B2142144738330N12027186WA0250702597
B2142154738331N12027198WA0250602595
B2142164738332N12027210WA0250402593
B2142174738333N12027222WA0250302592
B2142184738334N12027235WA0250202590
B2142194738336N12027247WA0250002589
B2142204738337N12027259WA0249902587
B2142214738339N12027271WA0249702586
B2142224738340N12027284WA0249402584
B2142234738342N12027296WA0249302583
B2142244738344N12027308WA0249302582
B2142254738345N12027320WA0249202581
B2142264738347N12027332WA0249302580
B2142274738348N12027344WA0249002579
B2142284738350N12027356WA0249002578
B2142294738352N12027368WA0248902578
B2142304738354N12027379WA0248802577
B2142314738356N12027391WA0248802576
B2142324738359N12027402WA0248702576
B2142334738361N12027413WA0248602575
B2142344738363N12027425WA0248502573
B2142354738366N12027436WA0248302572
B2142364738368N12027448WA0248202571
B2142374738371N12027460WA0248102569
B2142384738374N12027472WA0248102568
B2142394738377N12027483WA0248002568
B2142404738379N12027494WA0247802566
B2142414738382N12027506WA0247602565
B2142424738385N12027517WA0247502563
B2142434738388N12027529WA0247002561
B2142444738392N12027540WA0247102559
B2142454738396N12027551WA0246802557
B2142464738400N12027562WA0246502555
B2142474738404N12027572WA0246602554
B2142484738408N12027582WA0246502552
B2142494738413N12027591WA0246302551
B2142504738417N12027601WA0246102548
B2142514738421N12027610WA0245502544
B2142524738425N12027620WA0245202540
B2142534738430N12027631WA0244702536
B2142544738434N12027642WA0244202533
B2142554738439N12027653WA0243802529
B2142564738443N12027664WA0243702526
B2142574738448N12027675WA0243402522
B2142584738453N12027686WA0243002519
B2142594738458N12027697WA0242902516
B2143004738462N12027708WA0242602514
B2143014738467N12027719WA0242102511
B2143024738471N12027730WA0241902508
B2143034738475N12027741WA0241602504
B2143044738480N12027752WA0241402501
B2143054738484N12027763WA0241002498
B2143064738489N12027774WA0240602495
B2143074738494N12027785WA0240202491
B2143084738499N12027796WA0240002488
B2143094738504N12027806WA0239802485
B2143104738508N12027816WA0239602482
B2143114738513N12027826WA0239302479
B2143124738518N12027837WA0238702475
B2143134738523N12027847WA0238102471
B2143144738529N12027858WA0237802467
B2143154738534N12027870WA0237302463
B2143164738538N12027883WA0237102459
B2143174738543N12027895WA0236802457
B2143184738548N12027908WA0237002455
B2143194738554N12027919WA0236402452
B2143204738560N12027931WA0236202450
B2143214738566N12027942WA0235902448
B2143224738573N12027954WA0235902445
B2143234738579N12027965WA0235602443
B2143244738585N12027977WA0235402440
B2143254738591N12027989WA0234902437
B2143264738597N12028001WA0234402433
B2143274738603N12028015WA0234102430
B2143284738609N12028028WA0233902427
B2143294738614N12028041WA0233802426
B2143304738620N12028053WA0234002424
B2143314738625N12028065WA0233802424
B2143324738631N12028077WA0233502422
B2143334738636N12028088WA0233502421
B2143344738641N12028100WA0233402419
B2143354738645N12028111WA0233202418
B2143364738649N12028123WA0233102416
B2143374738653N12028135WA0232802413
B2143384738657N12028147WA0232302411
B2143394738661N12028159WA0232302408
B2143404738665N12028172WA0231802405
B2143414738669N12028184WA0231302401
B2143424738674N12028197WA0231102397
B2143434738678N12028209WA0230502393
B2143444738682N12028223WA0230002389
B2143454738687N12028237WA0229802385
B2143464738691N12028250WA0229502382
B2143474738696N12028263WA0229302381
B2143484738700N12028276WA0229602380
B2143494738704N12028287WA0229502380
B2143504738708N12028298WA0229602379
B2143514738713N12028308WA0229302378
B2143524738718N12028319WA0229002375
B2143534738723N12028330WA0228602372
B2143544738728N12028342WA0228302369
B2143554738733N12028354WA0227702365
B2143564738737N12028366WA0227602362
B2143574738741N12028379WA0227102359
B2143584738745N12028392WA0226902356
B2143594738750N12028404WA0226502352
B2144004738754N12028417WA0226302349
B2144014738758N12028430WA0225902345
B2144024738762N12028442WA0225802343
B2144034738766N12028455WA0225502340
B2144044738770N12028468WA0225202337
B2144054738774N12028481WA0224902335
B2144064738778N12028494WA0224802333
B2144074738782N12028507WA0224602331
B2144084738787N12028520WA0224602330
B2144094738791N12028532WA0224502329
B2144104738795N12028545WA0224402328
B2144114738799N12028557WA0224202327
B2144124738803N12028570WA0224302326
B2144134738807N12028582WA0224102324
B2144144738811N12028594WA0223902323
B2144154738815N12028607WA0223702321
B2144164738819N12028619WA0223602320
B2144174738823N12028631WA0223302318
B2144184738826N12028643WA0223102316
B2144194738830N12028654WA0223102314
B2144204738834N12028666WA0223002312
B2144214738837N12028676WA0222802310
B2144224738842N12028687WA0222502308
B2144234738846N12028698WA0222102305
B2144244738850N12028709WA0221902302
B2144254738855N12028720WA0221402299
B2144264738859N12028732WA0221102295
B2144274738862N12028744WA0220602291
B2144284738866N12028756WA0220102286
B2144294738871N12028768WA0219502281
B2144304738875N12028780WA0219202276
B2144314738879N12028793WA0218802272
B2144324738883N12028805WA0218502267
B2144334738887N12028817WA0217902262
B2144344738892N12028830WA0217302257
B2144354738897N12028843WA0216702252
B2144364738902N12028856WA0216302247
B2144374738908N12028870WA0215802243
B2144384738913N12028882WA0215702240
B2144394738918N12028895WA0215402237
B2144404738922N12028908WA0215202234
B2144414738927N12028920WA0214902231
B2144424738932N12028933WA0214602228
B2144434738938N12028946WA0214002224
B2144444738943N12028959WA0213602220
B2144454738948N12028973WA0213402217
B2144464738953N12028986WA0213302214
B2144474738958N12028999WA0213202212
B2144484738963N12029012WA0213102210
B2144494738967N12029024WA0212702208
B2144504738972N12029037WA0212502206
B2144514738977N12029049WA0212202203
B2144524738981N12029062WA0212002200
B2144534738986N12029076WA0211502198
B2144544738991N12029090WA0211302195
B2144554738995N12029105WA0211102192
B2144564739000N12029118WA0210902191
B2144574739005N12029132WA0211002189
B2144584739010N12029145WA0210902188
B2144594739015N12029158WA0210702187
B2145004739019N12029171WA0210502185
B2145014739024N12029183WA0210402183
B2145024739029N12029196WA0210202181
B2145034739034N12029208WA0209802178
B2145044739040N12029220WA0209502175
B2145054739046N12029233WA0209102172
B2145064739051N12029246WA0208802169
B2145074739057N12029259WA0208402166
B2145084739062N12029272WA0208402164
B2145094739067N12029285WA0208102161
B2145104739072N12029298WA0208002159
B2145114739078N12029310WA0207702158
B2145124739083N12029322WA0207702156
B2145134739088N12029334WA0207702155
B2145144739092N12029346WA0207402153
B2145154739097N12029359WA0207202151
B2145164739101N12029372WA0206902148
B2145174739106N12029384WA0206602146
B2145184739111N12029397WA0206502144
B2145194739116N12029410WA0206302141
B2145204739120N12029423WA0205902139
B2145214739124N12029437WA0205802138
B2145224739129N12029450WA0205702136
B2145234739133N12029462WA0205502135
B2145244739138N12029475WA0205602133
B2145254739143N12029487WA0205402132
B2145264739148N12029500WA0205102129
B2145274739152N12029513WA0204602126
B2145284739157N12029526WA0205002124
B2145294739161N12029539WA0204402123
B2145304739165N12029553WA0204402122
B2145314739170N12029565WA0204402122
B2145324739175N12029578WA0204802122
B2145334739180N12029589WA0204302121
B2145344739185N12029600WA0204302121
B2145354739190N12029611WA0204502120
B2145364739194N12029622WA0204502120
B2145374739198N12029632WA0204602120
B2145384739201N12029642WA0204402120
B2145394739205N12029652WA0204202118
B2145404739208N12029663WA0204002117
B2145414739211N12029675WA0203802115
B2145424739214N12029687WA0203702115
B2145434739216N12029699WA0203802115
B2145444739217N12029711WA0204302117
B2145454739219N12029722WA0204902119
B2145464739221N12029731WA0204902121
B2145474739222N12029740WA0205102123
B2145484739224N12029749WA0205302124
B2145494739225N12029758WA0205402125
B2145504739225N12029767WA0205502126
B2145514739226N12029775WA0205902128
B2145524739227N12029782WA0205802129
B2145534739228N12029789WA0206002131
B2145544739229N12029797WA0206202132
B2145554739231N12029805WA0206002132
B2145564739234N12029814WA0206202133
B2145574739238N12029822WA0206402136
B2145584739242N12029829WA0207202141
B2145594739246N12029834WA0208002147
B2146004739249N12029837WA0208802152
B2146014739253N12029842WA0209002156
B2146024739257N12029846WA0209202160
B2146034739263N12029851WA0209202162
B2146044739270N12029854WA0209402164
B2146054739277N12029855WA0209602166
B2146064739284N12029852WA0209802169
B2146074739291N12029848WA0209802170
B2146084739297N12029841WA0210002171
B2146094739302N12029832WA0210002172
B2146104739305N12029821WA0210102174
B2146114739306N12029810WA0210202176
B2146124739306N12029800WA0210702179
B2146134739303N12029792WA0211102183
B2146144739300N12029787WA0211502187
B2146154739297N12029783WA0211702190
B2146164739294N12029781WA0212002192
B2146174739290N12029780WA0212102193
B2146184739286N12029780WA0212102194
B2146194739282N12029783WA0212302196
B2146204739279N12029787WA0212702198
B2146214739277N12029794WA0213002200
B2146224739278N12029802WA0212802202
B2146234739280N12029810WA0213102204
B2146244739283N12029818WA0213402207
B2146254739287N12029824WA0213902211
B2146264739292N12029829WA0214302215
B2146274739296N12029834WA0214602219
B2146284739301N12029839WA0214902222
B2146294739305N12029844WA0215102224
B2146304739310N12029849WA0215202226
B2146314739315N12029854WA0215302227
B2146324739320N12029858WA0215402228
B2146334739327N12029861WA0215602229
B2146344739334N12029863WA0215602230
B2146354739340N12029864WA0215602231
B2146364739347N12029864WA0215902232
B2146374739353N12029865WA0216002233
B2146384739360N12029868WA0216102235
B2146394739366N12029871WA0216202236
B2146404739372N12029874WA0216702238
B2146414739379N12029879WA0216802240
B2146424739385N12029883WA0217002242
B2146434739392N12029888WA0217202243
B2146444739398N12029894WA0218002249
B2146454739403N12029900WA0218402254
B2146464739408N12029906WA0219102259
B2146474739414N12029912WA0219302265
B2146484739421N12029917WA0219902270
B2146494739428N12029920WA0220502276
B2146504739434N12029920WA0221402283
B2146514739440N12029918WA0221702289
B2146524739444N12029914WA0222402294
B2146534739448N12029907WA0222602299
B2146544739450N12029899WA0223402304
B2146554739450N12029890WA0223502308
B2146564739446N12029881WA0223902312
B2146574739441N12029877WA0224102317
B2146584739435N12029879WA0224802323
B2146594739432N12029884WA0225902332
B2147004739431N12029891WA0226802339
B2147014739432N12029898WA0227402345
B2147024739434N12029907WA0227902351
B2147034739437N12029915WA0228302357
B2147044739442N12029921WA0229202363
B2147054739447N12029924WA0229502369
B2147064739453N12029923WA0230202375
B2147074739458N12029918WA0230302380
B2147084739462N12029911WA0231202385
B2147094739464N12029902WA0231602391
B2147104739464N12029893WA0232302397
B2147114739462N12029885WA0232802402
B2147124739459N12029878WA0233502408
B2147134739455N12029873WA0233902414
B2147144739450N12029872WA0234302418
B2147154739445N12029875WA0234502423
B2147164739440N12029880WA0235302428
B2147174739438N12029888WA0235602433
B2147184739437N12029897WA0236002436
B2147194739439N12029907WA0236202438
B2147204739444N12029918WA0236402440
B2147214739450N12029926WA0236302443
B2147224739456N12029933WA0237302449
B2147234739461N12029937WA0238202457
B2147244739465N12029941WA0239402465
B2147254739469N12029943WA0239902473
B2147264739474N12029945WA0240402478
B2147274739479N12029945WA0240902482
B2147284739485N12029942WA0241002487
B2147294739490N12029935WA0241102491
B2147304739493N12029927WA0242102498
B2147314739493N12029918WA0242602505
B2147324739492N12029911WA0243502513
B2147334739488N12029905WA0244202519
B2147344739483N12029903WA0244602524
B2147354739477N12029904WA0244902529
B2147364739473N12029910WA0245502534
B2147374739470N12029918WA0246302541
B2147384739470N12029927WA0246702547
B2147394739472N12029936WA0247102552
B2147404739476N12029944WA0247702558
B2147414739480N12029951WA0248502564
B2147424739483N12029956WA0249302571
B2147434739486N12029962WA0249902576
B2147444739488N12029970WA0250302582
B2147454739491N12029977WA0250602586
B2147464739493N12029986WA0250902591
B2147474739496N12029995WA0251402597
B2147484739499N12030003WA0252202603
B2147494739503N12030010WA0252702610
B2147504739505N12030016WA0253802617
B2147514739508N12030023WA0254102623
B2147524739511N12030031WA0254702628
B2147534739514N12030040WA0254902633
B2147544739518N12030050WA0255602639
B2147554739521N12030060WA0256002644
B2147564739525N12030069WA0256702650
B2147574739528N12030078WA0257502658
B2147584739530N12030086WA0258402665
B2147594739532N12030094WA0258902671
B2148004739535N12030103WA0259302677
B2148014739538N12030112WA0259602682
B2148024739541N12030122WA0260202688
B2148034739542N12030131WA0260802693
B2148044739544N12030141WA0261302698
B2148054739544N12030150WA0261802703
B2148064739545N12030160WA0262302708
B2148074739546N12030169WA0262502713
B2148084739546N12030177WA0263202716
B2148094739547N12030185WA0263202718
B2148104739548N12030194WA0263102718
B2148114739549N12030205WA0263102720
B2148124739549N12030215WA0263702722
B2148134739548N12030225WA0263802725
B2148144739547N12030235WA0264002727
B2148154739546N12030245WA0264302729
B2148164739546N12030255WA0264502731
B2148174739546N12030266WA0264502733
B2148184739547N12030276WA0264802735
B2148194739548N12030286WA0264902738
B2148204739548N12030296WA0265202740
B2148214739548N12030307WA0265302742
B2148224739548N12030318WA0265702744
B2148234739546N12030328WA0265902747
B2148244739545N12030339WA0266202750
B2148254739544N12030350WA0266602753
B2148264739544N12030359WA0267002756
B2148274739543N12030369WA0267102758
B2148284739542N12030380WA0267302760
B2148294739540N12030390WA0267302761
B2148304739538N12030402WA0267302762
B2148314739537N12030413WA0267402764
B2148324739537N12030423WA0268002766
B2148334739537N12030433WA0268002769
B2148344739538N12030443WA0268302771
B2148354739538N12030453WA0268502773
B2148364739538N12030465WA0268202773
B2148374739538N12030477WA0268202772
B2148384739538N12030491WA0267802771
B2148394739538N12030505WA0267902772
B2148404739538N12030518WA0268502774
B2148414739538N12030532WA0268702776
B2148424739539N12030545WA0268902778
B2148434739539N12030558WA0269102780
B2148444739539N12030571WA0269202782
B2148454739538N12030584WA0269202783
B2148464739536N12030598WA0269202784
B2148474739535N12030612WA0269302784
B2148484739533N12030626WA0269202785
B2148494739532N12030640WA0269502785
B2148504739531N12030653WA0269602787
B2148514739530N12030666WA0270102790
B2148524739529N12030677WA0270902794
B2148534739528N12030687WA0271002798
B2148544739526N12030697WA0271302800
B2148554739526N12030707WA0271402801
B2148564739528N12030718WA0270902801
B2148574739530N12030729WA0270902801
B2148584739534N12030741WA0270702799
B2148594739537N12030752WA0270502798
B2149004739540N12030763WA0270702798
B2149014739542N12030774WA0270802799
B2149024739544N12030785WA0270702799
B2149034739546N12030796WA0270702798
B2149044739548N12030808WA0270702797
B2149054739549N12030820WA0270202797
B2149064739551N12030831WA0270402797
B2149074739554N12030842WA0270702796
B2149084739556N12030853WA0270502796
B2149094739557N12030864WA0270402795
B2149104739558N12030875WA0270202793
B2149114739559N12030887WA0270002792
B2149124739561N12030899WA0269802791
B2149134739562N12030911WA0269602789
B2149144739564N12030923WA0269602788
B2149154739566N12030935WA0269302786
B2149164739569N12030947WA0269202785
B2149174739571N12030959WA0269002783
B2149184739574N12030971WA0268902782
B2149194739576N12030983WA0268802781
B2149204739578N12030995WA0268802780
B2149214739580N12031007WA0268602779
B2149224739583N12031019WA0268502777
B2149234739586N12031031WA0268302776
B2149244739588N12031044WA0268002774
B2149254739590N12031057WA0267802772
B2149264739591N12031069WA0267602771
B2149274739592N12031082WA0267602769
B2149284739594N12031095WA0267302767
B2149294739596N12031108WA0267202765
B2149304739598N12031120WA0267002763
B2149314739600N12031133WA0266902762
B2149324739601N12031146WA0266702760
B2149334739603N12031159WA0266302757
B2149344739605N12031172WA0266202755
B2149354739607N12031185WA0266002753
B2149364739609N12031197WA0265902752
B2149374739612N12031210WA0265802750
B2149384739614N12031223WA0265602749
B2149394739616N12031236WA0265302747
B2149404739618N12031249WA0265102745
B2149414739621N12031262WA0264902743
B2149424739623N12031275WA0264702741
B2149434739626N12031289WA0264702739
B2149444739628N12031302WA0264402737
B2149454739631N12031316WA0264002735
B2149464739633N12031330WA0263802733
B2149474739635N12031344WA0263802731
B2149484739638N12031358WA0263502729
B2149494739641N12031372WA0263402727
B2149504739643N12031385WA0263302725
B2149514739646N12031399WA0263102723
B2149524739648N12031413WA0262702722
B2149534739650N12031427WA0262702720
B2149544739652N12031441WA0262602718
B2149554739654N12031455WA0262402717
B2149564739656N12031470WA0262302715
B2149574739658N12031484WA0262102713
B2149584739660N12031498WA0261702712
B2149594739663N12031512WA0261802710
B2150004739667N12031526WA0261902710
B2150014739671N12031538WA0262002710
B2150024739675N12031551WA0261802709
B2150034739679N12031563WA0261702708
B2150044739684N12031575WA0261602707
B2150054739688N12031588WA0261402706
B2150064739692N12031601WA0261002704
B2150074739696N12031613WA0260902702
B2150084739700N12031626WA0260702700
B2150094739704N12031638WA0260602697
B2150104739708N12031650WA0260202694
B2150114739713N12031663WA0259802692
B2150124739717N12031675WA0259602689
B2150134739721N12031689WA0259402685
B2150144739724N12031702WA0259002682
B2150154739728N12031715WA0258602679
B2150164739733N12031728WA0258602678
B2150174739736N12031741WA0258602677
B2150184739740N12031754WA0258502675
B2150194739744N12031767WA0258302674
B2150204739748N12031780WA0258102672
B2150214739751N12031793WA0258002670
B2150224739755N12031806WA0257602668
B2150234739759N12031819WA0257502666
B2150244739764N12031833WA0257502664
B2150254739768N12031845WA0257202663
B2150264739772N12031858WA0257202662
B2150274739775N12031870WA0257402662
B2150284739779N12031883WA0257202661
B2150294739783N12031896WA0257102660
B2150304739786N12031909WA0256802658
B2150314739790N12031923WA0256702656
B2150324739795N12031936WA0256202653
B2150334739799N12031950WA0255902651
B2150344739804N12031964WA0256002649
B2150354739807N12031978WA0255702647
B2150364739811N12031992WA0255302645
B2150374739814N12032005WA0255202643
B2150384739818N12032019WA0255202642
B2150394739821N12032032WA0255202640
B2150404739825N12032046WA0254902638
B2150414739828N12032059WA0254802636
B2150424739831N12032073WA0254402633
B2150434739835N12032087WA0253902631
B2150444739838N12032101WA0253902629
B2150454739841N12032115WA0253802628
B2150464739844N12032128WA0253702626
B2150474739847N12032142WA0253602624
B2150484739850N12032156WA0253302623
B2150494739854N12032170WA0253102621
B2150504739857N12032184WA0252902618
B2150514739860N12032198WA0252702617
B2150524739863N12032212WA0252502615
B2150534739867N12032226WA0252402613
B2150544739870N12032241WA0252002610
B2150554739874N12032255WA0251702608
B2150564739878N12032269WA0251502606
B2150574739881N12032284WA0251602604
B2150584739884N12032298WA0251502603
B2150594739888N12032312WA0251302602
B2151004739891N12032326WA0251102600
B2151014739895N12032340WA0251002599
B2151024739898N12032354WA0250802597
B2151034739902N12032368WA0250602595
B2151044739906N12032383WA0250402593
B2151054739910N12032397WA0250202591
B2151064739913N12032412WA0250002589
B2151074739917N12032427WA0249802588
B2151084739920N12032442WA0249502586
B2151094739923N12032457WA0249702584
B2151104739927N12032471WA0249302583
B2151114739930N12032485WA0249402581
B2151124739934N12032498WA0248902579
B2151134739938N12032511WA0248802577
B2151144739942N12032524WA0248502574
B2151154739945N12032538WA0248202571
B2151164739948N12032551WA0248102569
B2151174739952N12032565WA0247802568
B2151184739955N12032578WA0247802566
B2151194739958N12032590WA0247702565
B2151204739962N12032603WA0247502563
B2151214739965N12032616WA0247402562
B2151224739968N12032629WA0247102559
B2151234739971N12032642WA0246702556
B2151244739974N12032656WA0246502552
B2151254739977N12032669WA0246002549
B2151264739980N12032683WA0245602546
B2151274739983N12032697WA0245502543
B2151284739986N12032711WA0245202540
B2151294739989N12032725WA0245002537
B2151304739992N12032738WA0244702534
B2151314739995N12032752WA0244202530
B2151324739999N12032766WA0243702527
B2151334740003N12032780WA0243402523
B2151344740007N12032794WA0243002519
B2151354740010N12032807WA0242902516
B2151364740014N12032821WA0242402513
B2151374740017N12032834WA0242202510
B2151384740021N12032847WA0241902507
B2151394740025N12032859WA0241702505
B2151404740029N12032871WA0241402502
B2151414740032N12032883WA0241302500
B2151424740036N12032895WA0240902497
B2151434740038N12032907WA0240702494
B2151444740041N12032920WA0240402491
B2151454740044N12032932WA0240102488
B2151464740048N12032945WA0239702485
B2151474740052N12032958WA0239402482
B2151484740056N12032971WA0239102479
B2151494740060N12032984WA0239102477
B2151504740063N12032997WA0238702475
B2151514740067N12033010WA0238802473
B2151524740070N12033023WA0238502471
B2151534740074N12033035WA0238302469
B2151544740077N12033047WA0238102467
B2151554740081N12033060WA0237902464
B2151564740086N12033073WA0237602462
B2151574740090N12033086WA0237402460
B2151584740094N12033099WA0237302458
B2151594740098N12033112WA0237102457
B2152004740102N12033124WA0237302456
B2152014740106N12033137WA0237102455
B2152024740111N12033150WA0236802453
B2152034740115N12033163WA0236602452
B2152044740120N12033175WA0236302451
B2152054740124N12033188WA0236602449
B2152064740128N12033201WA0236302448
B2152074740133N12033214WA0236202447
B2152084740138N12033228WA0236002445
B2152094740142N12033241WA0235902443
B2152104740147N12033254WA0235702442
B2152114740151N12033267WA0235602440
B2152124740156N12033280WA0235402439
B2152134740160N12033293WA0235202437
B2152144740165N12033306WA0235202436
B2152154740169N12033319WA0235002434
B2152164740173N12033332WA0235002434
B2152174740177N12033346WA0234902433
B2152184740180N12033359WA0234902432
B2152194740182N12033373WA0234702431
B2152204740185N12033387WA0234602431
B2152214740187N12033401WA0234602431
B2152224740189N12033414WA0234902431
B2152234740191N12033427WA0235102432
B2152244740192N12033439WA0235102433
B2152254740193N12033452WA0235102433
B2152264740193N12033463WA0235402434
B2152274740193N12033474WA0235702435
B2152284740192N12033483WA0235902437
B2152294740189N12033491WA0235802437
B2152304740184N12033497WA0235502436
B2152314740178N12033499WA0235302434
B2152324740172N12033499WA0235302433
B2152334740167N12033498WA0235302433
B2152344740162N12033495WA0235502434
B2152354740157N12033494WA0235602434
B2152364740152N12033492WA0235302433
B2152374740147N12033490WA0235102432
B2152384740141N12033488WA0234702430
B2152394740135N12033485WA0234602429
B2152404740129N12033481WA0234702428
B2152414740124N12033477WA0234702427
B2152424740119N12033474WA0234702427
B2152434740115N12033470WA0234702426
B2152444740110N12033465WA0234502425
B2152454740106N12033460WA0234302424
B2152464740103N12033454WA0234102423
B2152474740099N12033447WA0234202422
B2152484740096N12033441WA0234302422
B2152494740094N12033435WA0234502422
B2152504740091N12033429WA0234302422
B2152514740089N12033422WA0234002420
B2152524740087N12033415WA0233802419
B2152534740085N12033407WA0233702418
B2152544740083N12033399WA0233602417
B2152554740081N12033391WA0233702416
B2152564740080N12033383WA0233502415
B2152574740078N12033374WA0233202413
B2152584740077N12033364WA0232802411
B2152594740075N12033354WA0232702410
B2153004740073N12033345WA0232702409
B2153014740071N12033336WA0232802409
B2153024740069N12033329WA0233002409
B2153034740066N12033322WA0233102409
B2153044740062N12033315WA0232902409
B2153054740058N12033309WA0232702408
B2153064740054N12033302WA0232502407
B2153074740049N12033296WA0232402406
B2153084740044N12033290WA0232302405
B2153094740038N12033284WA0232102404
B2153104740033N12033279WA0232102403
B2153114740027N12033273WA0232102402
B2153124740021N12033269WA0232002402
B2153134740015N12033264WA0231902401
B2153144740008N12033259WA0231702399
B2153154740002N12033254WA0231502398
B2153164739995N12033249WA0231402397
B2153174739989N12033243WA0231502396
B2153184739983N12033238WA0231502396
B2153194739977N12033233WA0231402394
B2153204739970N12033229WA0231202393
B2153214739964N12033225WA0231102391
B2153224739957N12033220WA0230902390
B2153234739951N12033215WA0230702388
B2153244739944N12033209WA0230302386
B2153254739937N12033204WA0230202385
B2153264739931N12033199WA0230202384
B2153274739924N12033195WA0230302383
B2153284739918N12033189WA0230202383
B2153294739912N12033184WA0230202382
B2153304739906N12033178WA0229902381
B2153314739900N12033171WA0229702379
B2153324739894N12033165WA0229502378
B2153334739887N12033159WA0229502376
B2153344739881N12033153WA0229302375
B2153354739874N12033148WA0229302374
B2153364739867N12033143WA0229202373
B2153374739860N12033137WA0229102372
B2153384739854N12033132WA0228802371
B2153394739848N12033125WA0229002369
B2153404739842N12033119WA0228802368
B2153414739836N12033112WA0228602367
B2153424739831N12033104WA0228502366
B2153434739827N12033096WA0228502365
B2153444739823N12033088WA0228302364
B2153454739819N12033081WA0228402363
B2153464739815N12033074WA0228202361
B2153474739810N12033068WA0227802359
B2153484739806N12033061WA0227302356
B2153494739801N12033054WA0227102353
B2153504739796N12033047WA0226902350
B2153514739790N12033040WA0226602348
B2153524739785N12033034WA0226402346
B2153534739779N12033029WA0226402344
B2153544739773N12033023WA0226202342
B2153554739767N12033018WA0226002339
B2153564739761N12033012WA0225702336
B2153574739754N12033007WA0225202334
B2153584739747N12033001WA0224602331
B2153594739740N12032995WA0224502328
B2154004739733N12032989WA0224302325
B2154014739726N12032984WA0224202323
B2154024739720N12032978WA0223902321
B2154034739713N12032973WA0223902319
B2154044739707N12032967WA0223602317
B2154054739700N12032961WA0223302315
B2154064739693N12032955WA0223002312
B2154074739686N12032950WA0223002310
B2154084739679N12032944WA0222502308
B2154094739672N12032939WA0222402306
B2154104739665N12032934WA0222302305
B2154114739659N12032929WA0222302303
B2154124739653N12032924WA0222102302
B2154134739647N12032920WA0221902300
B2154144739641N12032914WA0221502297
B2154154739634N12032908WA0221002293
B2154164739627N12032902WA0220402289
B2154174739620N12032895WA0220102285
B2154184739612N12032888WA0219902281
B2154194739605N12032881WA0219802280
B2154204739598N12032875WA0219802279
B2154214739591N12032869WA0219802278
B2154224739584N12032864WA0219602276
B2154234739577N12032858WA0219302274
B2154244739571N12032852WA0219002272
B2154254739564N12032845WA0218902269
B2154264739557N12032839WA0218502267
B2154274739549N12032832WA0218302264
B2154284739542N12032826WA0217902262
B2154294739535N12032820WA0217902260
B2154304739529N12032813WA0217902259
B2154314739522N12032807WA0217802257
B2154324739515N12032800WA0217502255
B2154334739508N12032794WA0217302253
B2154344739501N12032788WA0216902250
B2154354739494N12032782WA0216802247
B2154364739487N12032776WA0216402244
B2154374739480N12032770WA0216002242
B2154384739473N12032763WA0215802239
B2154394739465N12032756WA0215602236
B2154404739459N12032749WA0215402234
B2154414739452N12032742WA0215302232
B2154424739444N12032735WA0215102230
B2154434739437N12032729WA0214902228
B2154444739429N12032722WA0214402226
B2154454739422N12032716WA0214402224
B2154464739415N12032709WA0214502223
B2154474739408N12032702WA0214302222
B2154484739401N12032695WA0214202220
B2154494739394N12032689WA0214002218
B2154504739386N12032683WA0213702216
B2154514739379N12032677WA0213502214
B2154524739372N12032671WA0213402212
B2154534739365N12032665WA0213302210
B2154544739359N12032659WA0213302208
B2154554739352N12032653WA0213002206
B2154564739345N12032647WA0212502204
B2154574739338N12032640WA0212202201
B2154584739330N12032634WA0211902199
B2154594739323N12032627WA0211802197
B2155004739316N12032621WA0211702195
B2155014739309N12032614WA0211702194
B2155024739303N12032607WA0211502193
B2155034739296N12032601WA0211202191
B2155044739289N12032594WA0210902188
B2155054739281N12032587WA0210602185
B2155064739274N12032581WA0210502183
B2155074739266N12032576WA0210602182
B2155084739258N12032571WA0210402181
B2155094739250N12032567WA0210202179
B2155104739242N12032563WA0210002178
B2155114739234N12032558WA0209902176
B2155124739226N12032553WA0209602173
B2155134739217N12032550WA0209302171
B2155144739208N12032548WA0209002168
B2155154739199N12032547WA0208902166
B2155164739189N12032546WA0208702165
B2155174739181N12032543WA0208702164
B2155184739173N12032539WA0208802163
B2155194739165N12032534WA0208702162
B2155204739158N12032529WA0208502162
B2155214739151N12032523WA0208402161
B2155224739144N12032518WA0208302159
B2155234739137N12032512WA0208102157
B2155244739130N12032506WA0207702155
B2155254739123N12032500WA0207602153
B2155264739116N12032494WA0207502152
B2155274739109N12032488WA0207502151
B2155284739103N12032483WA0207602150
B2155294739097N12032477WA0207302149
B2155304739091N12032471WA0207002147
B2155314739085N12032465WA0206802145
B2155324739079N12032458WA0206502142
B2155334739072N12032451WA0206102140
B2155344739066N12032445WA0205902137
B2155354739059N12032438WA0205902135
B2155364739052N12032432WA0205502133
B2155374739046N12032425WA0205402130
B2155384739039N12032419WA0205102128
B2155394739033N12032414WA0204902126
B2155404739026N12032408WA0204702124
B2155414739020N12032402WA0204602122
B2155424739013N12032396WA0204402120
B2155434739007N12032390WA0204102118
B2155444739000N12032383WA0203702115
B2155454738994N12032376WA0203502113
B2155464738987N12032370WA0203502111
B2155474738981N12032363WA0203302110
B2155484738975N12032358WA0203102108
B2155494738969N12032352WA0203002106
B2155504738962N12032346WA0202902105
B2155514738956N12032339WA0202602102
B2155524738950N12032333WA0202202100
B2155534738944N12032327WA0202202098
B2155544738937N12032322WA0202102096
B2155554738930N12032316WA0201802094
B2155564738924N12032310WA0201602092
B2155574738917N12032304WA0201502090
B2155584738911N12032297WA0201102087
B2155594738905N12032290WA0200902085
B2156004738899N12032283WA0200602082
B2156014738892N12032276WA0200502080
B2156024738886N12032269WA0200302079
B2156034738879N12032262WA0200302078
B2156044738873N12032256WA0200202077
B2156054738867N12032250WA0200202076
B2156064738861N12032244WA0199902074
B2156074738854N12032238WA0199702072
B2156084738848N12032232WA0199502070
B2156094738841N12032226WA0199202068
B2156104738835N12032219WA0199102066
B2156114738828N12032213WA0198902064
B2156124738822N12032207WA0198902063
B2156134738816N12032201WA0198702062
B2156144738809N12032195WA0198602060
B2156154738803N12032189WA0198502059
B2156164738796N12032184WA0198202058
B2156174738789N12032180WA0198102056
B2156184738783N12032175WA0198002055
B2156194738777N12032170WA0198002054
B2156204738771N12032165WA0197902052
B2156214738765N12032160WA0197702051
B2156224738758N12032155WA0197402049
B2156234738752N12032150WA0197302047
B2156244738745N12032145WA0197002044
B2156254738739N12032141WA0196802042
B2156264738732N12032136WA0196602040
B2156274738725N12032131WA0196402038
B2156284738719N12032126WA0196102035
B2156294738713N12032122WA0196002033
B2156304738706N12032117WA0195602031
B2156314738700N12032112WA0195302028
B2156324738694N12032108WA0195002025
B2156334738687N12032103WA0194802023
B2156344738681N12032099WA0194502020
B2156354738674N12032094WA0194402018
B2156364738668N12032090WA0194202016
B2156374738662N12032086WA0193902014
B2156384738655N12032082WA0193902013
B2156394738649N12032078WA0193902012
B2156404738643N12032074WA0193802011
B2156414738637N12032070WA0193702010
B2156424738630N12032067WA0193502008
B2156434738624N12032062WA0193302007
B2156444738617N12032057WA0193202006
B2156454738611N12032053WA0193302006
B2156464738605N12032049WA0193302006
B2156474738598N12032046WA0193402006
B2156484738591N12032044WA0193402006
B2156494738585N12032042WA0193202006
B2156504738578N12032039WA0193302005
B2156514738572N12032036WA0193302004
B2156524738566N12032033WA0193202004
B2156534738559N12032029WA0193102003
B2156544738553N12032026WA0193002002
B2156554738546N12032024WA0193102002
B2156564738540N12032021WA0192902001
B2156574738533N12032019WA0192802000
B2156584738527N12032016WA0192601999
B2156594738520N12032013WA0192501998
B2157004738514N12032010WA0192401997
B2157014738508N12032007WA0192301995
B2157024738501N12032005WA0192101993
B2157034738495N12032002WA0191701990
B2157044738488N12031999WA0191301987
B2157054738481N12031995WA0191001985
B2157064738474N12031992WA0190901983
B2157074738467N12031988WA0190701981
B2157084738460N12031984WA0190801980
B2157094738454N12031980WA0190801980
B2157104738448N12031976WA0190801979
B2157114738442N12031972WA0190701978
B2157124738436N12031969WA0190401977
B2157134738430N12031964WA0190101975
B2157144738423N12031960WA0189801971
B2157154738417N12031955WA0189501968
B2157164738410N12031951WA0189201966
B2157174738403N12031946WA0189001964
B2157184738396N12031941WA0188801962
B2157194738389N12031936WA0188801960
B2157204738383N12031930WA0188701959
B2157214738377N12031925WA0188601958
B2157224738371N12031920WA0188601956
B2157234738365N12031914WA0188401955
B2157244738359N12031909WA0188201953
B2157254738352N12031903WA0187901951
B2157264738345N12031898WA0187601949
B2157274738338N12031894WA0187501947
B2157284738331N12031890WA0187501947
B2157294738324N12031888WA0187701947
B2157304738317N12031885WA0187801947
B2157314738310N12031882WA0187601946
B2157324738304N12031878WA0187701947
B2157334738298N12031874WA0187501946
B2157344738291N12031870WA0187501946
B2157354738285N12031867WA0187601946
B2157364738279N12031864WA0187401944
B2157374738273N12031860WA0187201942
B2157384738267N12031856WA0186701939
B2157394738260N12031852WA0186501936
B2157404738253N12031847WA0186101933
B2157414738246N12031843WA0185901931
B2157424738239N12031838WA0185801930
B2157434738232N12031834WA0185801930
B2157444738225N12031829WA0186101930
B2157454738218N12031824WA0185901931
B2157464738212N12031819WA0186201932
B2157474738206N12031815WA0186701934
B2157484738202N12031810WA0187301938
B2157494738197N12031806WA0187601942
B2157504738193N12031802WA0188001945
B2157514738188N12031798WA0188001947
B2157524738183N12031794WA0188201949
B2157534738179N12031789WA0188601952
B2157544738176N12031783WA0189101955
B2157554738174N12031778WA0189401958
B2157564738171N12031774WA0189701962
B2157574738168N12031769WA0189901965
B2157584738164N12031765WA0190001967
B2157594738159N12031762WA0190201969
B2158004738153N12031760WA0190401971
B2158014738147N12031758WA0190401974
B2158024738142N12031758WA0191101977
B2158034738137N12031758WA0191501980
B2158044738133N12031757WA0192101985
B2158054738130N12031755WA0192201988
B2158064738125N12031753WA0192301989
B2158074738120N12031750WA0192301991
B2158084738114N12031747WA0192301992
B2158094738109N12031744WA0192801995
B2158104738103N12031742WA0193301999
B2158114738098N12031739WA0193602001
B2158124738093N12031736WA0193602003
B2158134738087N12031732WA0193702004
B2158144738080N12031728WA0193602006
B2158154738074N12031725WA0193902008
B2158164738068N12031721WA0194602012
B2158174738064N12031718WA0195302017
B2158184738059N12031715WA0195702021
B2158194738054N12031713WA0195802024
B2158204738049N12031712WA0196002027
B2158214738043N12031710WA0196202030
B2158224738038N12031707WA0196602033
B2158234738032N12031704WA0197002037
B2158244738027N12031702WA0197602042
B2158254738022N12031701WA0198102047
B2158264738017N12031704WA0198502051
B2158274738013N12031709WA0198802055
B2158284738009N12031717WA0198902057
B2158294738008N12031727WA0199002058
B2158304738008N12031738WA0199202060
B2158314738010N12031749WA0199402062
B2158324738013N12031758WA0199702065
B2158334738017N12031765WA0200002067
B2158344738021N12031771WA0200302070
B2158354738027N12031776WA0200402072
B2158364738033N12031778WA0200202073
B2158374738040N12031778WA0200202072
B2158384738046N12031777WA0200502074
B2158394738051N12031773WA0201002079
B2158404738052N12031767WA0201402084
B2158414738052N12031762WA0201502087
B2158424738051N12031756WA0202102089
B2158434738050N12031750WA0202202092
B2158444738048N12031746WA0202602096
B2158454738046N12031741WA0202802099
B2158464738042N12031736WA0202902101
B2158474738038N12031732WA0203102103
B2158484738033N12031728WA0203302106
B2158494738028N12031728WA0203902110
B2158504738022N12031728WA0204502115
B2158514738018N12031729WA0204802119
B2158524738013N12031729WA0205202121
B2158534738009N12031728WA0205202122
B2158544738005N12031728WA0205302123
B2158554738000N12031729WA0205002123
B2158564737995N12031731WA0205002122
B2158574737990N12031734WA0204902122
B2158584737985N12031736WA0204802121
B2158594737980N12031739WA0204902120
B2159004737975N12031743WA0204802119
B2159014737971N12031749WA0204502118
B2159024737968N12031758WA0204202116
B2159034737966N12031768WA0204002114
B2159044737965N12031779WA0203902112
B2159054737967N12031789WA0203902112
B2159064737969N12031799WA0204102112
B2159074737972N12031807WA0203802111
B2159084737976N12031815WA0203802110
B2159094737981N12031821WA0203802109
B2159104737987N12031825WA0203302108
B2159114737993N12031828WA0203202106
B2159124738000N12031831WA0202902105
B2159134738007N12031834WA0202802103
B2159144738014N12031836WA0202802103
B2159154738020N12031837WA0203102103
B2159164738026N12031838WA0203502105
B2159174738030N12031839WA0203702107
B2159184738035N12031840WA0204102110
B2159194738039N12031840WA0204202111
B2159204738043N12031837WA0203802111
B2159214738048N12031833WA0203802110
B2159224738051N12031828WA0203702110
B2159234738054N12031822WA0203802110
B2159244738056N12031816WA0204302113
B2159254738057N12031811WA0204602115
B2159264738058N12031805WA0204502117
B2159274738058N12031799WA0204802118
B2159284738057N12031792WA0204702120
B2159294738056N12031785WA0204802121
B2159304738056N12031779WA0205102123
B2159314738056N12031773WA0205302126
B2159324738059N12031768WA0205702128
B2159334738062N12031763WA0205702130
B2159344738067N12031759WA0205902131
B2159354738073N12031757WA0205902132
B2159364738079N12031756WA0206102133
B2159374738085N12031758WA0206202135
B2159384738090N12031763WA0206302137
B2159394738094N12031770WA0206402138
B2159404738096N12031778WA0206602139
B2159414738097N12031787WA0206802140
B2159424738096N12031796WA0206902142
B2159434738094N12031805WA0207102144
B2159444738090N12031812WA0207402146
B2159454738086N12031818WA0207502148
B2159464738080N12031822WA0207702150
B2159474738075N12031823WA0207702151
B2159484738070N12031822WA0207802151
B2159494738065N12031818WA0207802151
B2159504738062N12031813WA0207702151
B2159514738059N12031807WA0207702152
B2159524738057N12031802WA0208202153
B2159534738055N12031797WA0208302155
B2159544738053N12031794WA0208702156
B2159554738050N12031790WA0208702157
B2159564738047N12031788WA0208702158
B2159574738043N12031787WA0208802158
B2159584738038N12031787WA0208702159
B2159594738033N12031787WA0208902159
B2200004738029N12031789WA0208802159
B2200014738024N12031792WA0208702159
B2200024738020N12031797WA0208502159
B2200034738016N12031803WA0208702158
B2200044738013N12031810WA0208402157
B2200054738010N12031819WA0208302157
B2200064738007N12031829WA0208502157
B2200074738006N12031838WA0208802158
B2200084738005N12031847WA0208802158
B2200094738006N12031857WA0208802157
B2200104738007N12031867WA0208502156
B2200114738010N12031877WA0208402155
B2200124738015N12031886WA0208302154
B2200134738021N12031892WA0208002153
B2200144738027N12031896WA0208102153
B2200154738033N12031898WA0208202153
B2200164738039N12031897WA0208102153
B2200174738043N12031894WA0208202153
B2200184738047N12031889WA0208102153
B2200194738049N12031883WA0208102154
B2200204738050N12031877WA0208302155
B2200214738050N12031873WA0208802157
B2200224738050N12031869WA0208902158
B2200234738050N12031864WA0208802158
B2200244738049N12031860WA0208302158
B2200254738046N12031856WA0208402157
B2200264738043N12031852WA0208302157
B2200274738040N12031848WA0208302156
B2200284738037N12031843WA0207902155
B2200294738033N12031838WA0208102154
B2200304738030N12031833WA0207502152
B2200314738025N12031828WA0207402150
B2200324738020N12031824WA0206902147
B2200334738014N12031820WA0207102146
B2200344738009N12031815WA0206902145
B2200354738004N12031810WA0206702144
B2200364738000N12031804WA0207102144
B2200374737995N12031800WA0206902144
B2200384737990N12031796WA0206902145
B2200394737984N12031792WA0207002144
B2200404737978N12031789WA0206702143
B2200414737972N12031785WA0206302142
B2200424737965N12031781WA0205902139
B2200434737958N12031777WA0205802138
B2200444737952N12031772WA0205902139
B2200454737946N12031768WA0206102139
B2200464737940N12031763WA0206102138
B2200474737934N12031758WA0206002137
B2200484737928N12031753WA0205602135
B2200494737922N12031747WA0205502133
B2200504737916N12031742WA0205302132
B2200514737910N12031737WA0205202131
B2200524737904N12031732WA0205102130
B2200534737898N12031727WA0205202129
B2200544737893N12031722WA0205102129
B2200554737887N12031718WA0205402130
B2200564737881N12031713WA0205302130
B2200574737875N12031709WA0205302129
B2200584737869N12031704WA0205102128
B2200594737863N12031700WA0204902128
B2201004737856N12031696WA0205202128
B2201014737850N12031693WA0205102129
B2201024737843N12031690WA0205402129
B2201034737837N12031687WA0205602130
B2201044737831N12031683WA0205502131
B2201054737825N12031679WA0205502131
B2201064737819N12031675WA0205302130
B2201074737813N12031670WA0205402130
B2201084737807N12031666WA0205402130
B2201094737801N12031662WA0205602131
B2201104737795N12031658WA0205702131
B2201114737789N12031653WA0205602132
B2201124737783N12031647WA0205302131
B2201134737776N12031641WA0205502131
B2201144737770N12031635WA0205302131
B2201154737764N12031629WA0205602132
B2201164737758N12031623WA0205802133
B2201174737753N12031618WA0206202136
B2201184737748N12031613WA0206902140
B2201194737744N12031609WA0207002144
B2201204737740N12031606WA0207402145
B2201214737737N12031602WA0207402147
B2201224737733N12031599WA0207502147
B2201234737728N12031596WA0207402147
B2201244737723N12031592WA0206802146
B2201254737718N12031588WA0206602144
B2201264737712N12031583WA0206202142
B2201274737707N12031578WA0206302142
B2201284737701N12031573WA0206502142
B2201294737696N12031569WA0206702143
B2201304737691N12031565WA0206502142
B2201314737685N12031561WA0206402141
B2201324737679N12031557WA0206202140
B2201334737673N12031552WA0205902137
B2201344737666N12031547WA0205402135
B2201354737658N12031542WA0205102133
B2201364737651N12031537WA0205202131
B2201374737643N12031532WA0205102131
B2201384737636N12031526WA0205102130
B2201394737630N12031521WA0205002129
B2201404737623N12031516WA0204802128
B2201414737616N12031510WA0204602126
B2201424737610N12031504WA0204402124
B2201434737603N12031498WA0204002121
B2201444737596N12031491WA0203802119
B2201454737590N12031485WA0203702117
B2201464737584N12031480WA0203702116
B2201474737577N12031475WA0203602115
B2201484737571N12031470WA0203302113
B2201494737565N12031465WA0203302112
B2201504737559N12031460WA0202902110
B2201514737553N12031455WA0203002108
B2201524737547N12031449WA0202502105
B2201534737541N12031444WA0202402103
B2201544737535N12031439WA0202202101
B2201554737529N12031433WA0202202100
B2201564737523N12031428WA0202002098
B2201574737517N12031422WA0201602096
B2201584737511N12031418WA0201502094
B2201594737504N12031414WA0201602092
B2202004737498N12031410WA0201302091
B2202014737492N12031405WA0201202090
B2202024737486N12031400WA0201102088
B2202034737480N12031395WA0201002087
B2202044737474N12031390WA0200702085
B2202054737468N12031385WA0200702083
B2202064737462N12031380WA0200302081
B2202074737456N12031374WA0200302079
B2202084737450N12031368WA0200202078
B2202094737443N12031363WA0200102077
B2202104737437N12031358WA0200002076
B2202114737431N12031353WA0200002075
B2202124737425N12031348WA0199902075
B2202134737419N12031343WA0199802074
B2202144737413N12031338WA0199602072
B2202154737407N12031333WA0199402070
B2202164737400N12031328WA0199302068
B2202174737394N12031324WA0199102067
B2202184737387N12031319WA0198902065
B2202194737380N12031315WA0198802063
B2202204737374N12031310WA0198502061
B2202214737367N12031305WA0198302059
B2202224737360N12031300WA0198002057
B2202234737353N12031296WA0198002055
B2202244737346N12031291WA0197702052
B2202254737340N12031286WA0197602050
B2202264737332N12031281WA0197102048
B2202274737325N12031277WA0196902045
B2202284737318N12031272WA0196402043
B2202294737311N12031268WA0196502042
B2202304737304N12031264WA0196802041
B2202314737298N12031260WA0196702040
B2202324737292N12031257WA0196602039
B2202334737285N12031253WA0196402037
B2202344737279N12031250WA0196102035
B2202354737272N12031246WA0196002033
B2202364737266N12031242WA0195702031
B2202374737259N12031238WA0195602029
B2202384737253N12031234WA0195302027
B2202394737246N12031229WA0195102025
B2202404737240N12031225WA0194602022
B2202414737233N12031220WA0194402020
B2202424737226N12031215WA0194002018
B2202434737220N12031210WA0194202017
B2202444737214N12031206WA0194102016
B2202454737207N12031202WA0194202015
B2202464737202N12031197WA0194102014
B2202474737196N12031192WA0193802012
B2202484737190N12031187WA0193302009
B2202494737183N12031182WA0193102006
B2202504737176N12031178WA0192802003
B2202514737169N12031173WA0192502001
B2202524737162N12031169WA0192502000
B2202534737155N12031164WA0192501998
B2202544737149N12031160WA0192201997
B2202554737142N12031155WA0192101995
B2202564737136N12031151WA0191801993
B2202574737130N12031147WA0191601990
B2202584737123N12031143WA0191401988
B2202594737116N12031139WA0191101985
B2203004737110N12031136WA0190901982
B2203014737103N12031133WA0190701980
B2203024737096N12031130WA0190301977
B2203034737090N12031128WA0190001974
B2203044737083N12031125WA0189601971
B2203054737076N12031123WA0189501968
B2203064737070N12031120WA0189101965
B2203074737063N12031117WA0189101962
B2203084737057N12031114WA0188601958
B2203094737050N12031111WA0188101954
B2203104737042N12031108WA0187701951
B2203114737035N12031106WA0187201948
B2203124737028N12031103WA0187601947
B2203134737021N12031101WA0187601947
B2203144737015N12031099WA0187601946
B2203154737009N12031097WA0187601946
B2203164737004N12031094WA0187401945
B2203174736998N12031090WA0187401943
B2203184736991N12031087WA0187001942
B2203194736985N12031083WA0186901941
B2203204736978N12031078WA0186801941
B2203214736972N12031073WA0187001941
B2203224736967N12031069WA0187001942
B2203234736962N12031065WA0187401944
B2203244736958N12031061WA0187501944
B2203254736954N12031058WA0187501944
B2203264736950N12031054WA0187301942
B2203274736945N12031050WA0186801940
B2203284736940N12031045WA0186301937
B2203294736934N12031040WA0186101934
B2203304736928N12031035WA0185901932
B2203314736921N12031030WA0185701929
B2203324736914N12031025WA0185401927
B2203334736907N12031020WA0185201926
B2203344736900N12031015WA0185201926
B2203354736894N12031010WA0185401926
B2203364736888N12031005WA0185501927
B2203374736883N12031000WA0185701927
B2203384736877N12030995WA0185401926
B2203394736871N12030991WA0185201924
B2203404736864N12030986WA0184501921
B2203414736858N12030981WA0184301917
B2203424736851N12030975WA0183801915
B2203434736845N12030970WA0183801913
B2203444736839N12030965WA0184001911
B2203454736834N12030961WA0184001910
B2203464736829N12030957WA0183601907
B2203474736824N12030953WA0183301903
B2203484736818N12030949WA0182401898
B2203494736812N12030945WA0181701893
B2203504736805N12030941WA0181201889
B2203514736798N12030938WA0181301886
B2203524736792N12030934WA0181301884
B2203534736786N12030931WA0181501884
B2203544736781N12030927WA0181301883
B2203554736775N12030924WA0181301882
B2203564736770N12030921WA0180901880
B2203574736764N12030918WA0180801879
B2203584736758N12030914WA0180501877
B2203594736752N12030910WA0180601876
B2204004736746N12030906WA0180501876
B2204014736739N12030903WA0180801877
B2204024736733N12030900WA0180601877
B2204034736727N12030896WA0180701877
B2204044736721N12030893WA0180601877
B2204054736715N12030890WA0180601876
B2204064736708N12030886WA0180201875
B2204074736702N12030882WA0180201873
B2204084736696N12030878WA0180201873
B2204094736690N12030873WA0180201873
B2204104736684N12030869WA0180301873
B2204114736678N12030865WA0180401873
B2204124736672N12030861WA0180401874
B2204134736666N12030857WA0180301874
B2204144736661N12030852WA0180501874
B2204154736655N12030847WA0180301873
B2204164736650N12030842WA0180101872
B2204174736645N12030836WA0180001871
B2204184736640N12030830WA0179901870
B2204194736635N12030825WA0179801869
B2204204736629N12030819WA0179901869
B2204214736624N12030814WA0179801868
B2204224736619N12030808WA0179801868
B2204234736613N12030802WA0179701867
B2204244736607N12030796WA0179601867
B2204254736602N12030790WA0179401866
B2204264736596N12030784WA0179501865
B2204274736589N12030778WA0179601865
B2204284736583N12030772WA0179501865
B2204294736578N12030765WA0179701865
B2204304736572N12030759WA0179601866
B2204314736566N12030754WA0179601866
B2204324736560N12030749WA0179501865
B2204334736554N12030744WA0179401864
B2204344736547N12030740WA0178901863
B2204354736540N12030735WA0178901862
B2204364736533N12030731WA0179001862
B2204374736526N12030727WA0179101863
B2204384736520N12030722WA0179401864
B2204394736515N12030718WA0179801866
B2204404736510N12030714WA0179901867
B2204414736505N12030710WA0179901868
B2204424736499N12030706WA0179701867
B2204434736493N12030702WA0179801866
B2204444736486N12030699WA0179201865
B2204454736479N12030695WA0179201864
B2204464736473N12030691WA0179401864
B2204474736466N12030687WA0179601865
B2204484736461N12030683WA0179701866
B2204494736455N12030680WA0180001867
B2204504736449N12030678WA0179701867
B2204514736443N12030676WA0179501867
B2204524736437N12030673WA0179501867
B2204534736430N12030670WA0179401867
B2204544736425N12030666WA0179701868
B2204554736419N12030663WA0179801868
B2204564736415N12030660WA0180101869
B2204574736410N12030656WA0179901869
B2204584736406N12030652WA0179901868
B2204594736402N12030648WA0179901866
B2205004736398N12030645WA0179801865
B2205014736394N12030643WA0179801863
B2205024736389N12030642WA0179601862
B2205034736382N12030640WA0179301861
B2205044736376N12030637WA0179501861
B2205054736369N12030635WA0179801863
B2205064736364N12030633WA0180301866
B2205074736359N12030631WA0180701870
B2205084736355N12030629WA0181301874
B2205094736351N12030626WA0181501878
B2205104736346N12030622WA0181601880
B2205114736342N12030618WA0181801883
B2205124736339N12030612WA0182101885
B2205134736337N12030606WA0182301888
B2205144736337N12030598WA0182701891
B2205154736340N12030591WA0182601893
B2205164736344N12030584WA0182701894
B2205174736350N12030581WA0182901896
B2205184736356N12030580WA0183201898
B2205194736362N12030583WA0183401901
B2205204736366N12030588WA0183701903
B2205214736370N12030596WA0183901905
B2205224736372N12030605WA0184101907
B2205234736372N12030614WA0184201908
B2205244736371N12030623WA0184301910
B2205254736368N12030631WA0184601912
B2205264736364N12030636WA0185001915
B2205274736360N12030641WA0185201918
B2205284736355N12030645WA0185401920
B2205294736350N12030649WA0185401922
B2205304736344N12030652WA0185701924
B2205314736340N12030656WA0186101928
B2205324736336N12030658WA0186501931
B2205334736331N12030659WA0186801933
B2205344736327N12030659WA0186801935
B2205354736322N12030660WA0186801936
B2205364736317N12030662WA0186901938
B2205374736312N12030665WA0187301941
B2205384736308N12030667WA0188001944
B2205394736305N12030668WA0188101948
B2205404736301N12030666WA0188201949
B2205414736297N12030663WA0188101950
B2205424736293N12030657WA0188301951
B2205434736291N12030650WA0188701954
B2205444736291N12030643WA0189101957
B2205454736293N12030636WA0189601961
B2205464736296N12030630WA0189801965
B2205474736299N12030624WA0190201967
B2205484736302N12030619WA0190301969
B2205494736306N12030615WA0190701971
B2205504736311N12030612WA0190601973
B2205514736317N12030610WA0190601973
B2205524736323N12030611WA0190501972
B2205534736330N12030614WA0190401972
B2205544736335N12030621WA0190501972
B2205554736339N12030628WA0190501974
B2205564736340N12030637WA0190901974
B2205574736342N12030645WA0191001976
B2205584736343N12030653WA0191101978
B2205594736346N12030661WA0191301980
B2206004736348N12030668WA0191501982
B2206014736349N12030677WA0191601984
B2206024736349N12030685WA0191801985
B2206034736349N12030693WA0192001986
B2206044736349N12030703WA0191801987
B2206054736349N12030711WA0192101989
B2206064736348N12030719WA0192501993
B2206074736346N12030725WA0193001997
B2206084736344N12030729WA0193402002
B2206094736342N12030732WA0193702006
B2206104736339N12030735WA0194202009
B2206114736336N12030736WA0194302012
B2206124736333N12030735WA0194602015
B2206134736329N12030732WA0194702018
B2206144736327N12030726WA0195102021
B2206154736326N12030717WA0195602025
B2206164736329N12030707WA0196002028
B2206174736333N12030698WA0196202032
B2206184736339N12030691WA0196502036
B2206194736345N12030687WA0197202041
B2206204736351N12030685WA0197902045
B2206214736357N12030684WA0198002049
B2206224736364N12030684WA0198102051
B2206234736371N12030684WA0198302052
B2206244736378N12030685WA0198702056
B2206254736383N12030689WA0198902059
B2206264736388N12030694WA0199102060
B2206274736391N12030702WA0199102060
B2206284736393N12030711WA0198802060
B2206294736395N12030720WA0198802060
B2206304736395N12030730WA0198902061
B2206314736393N12030737WA0199402063
B2206324736390N12030742WA0199602063
B2206334736385N12030746WA0199402065
B2206344736382N12030748WA0200002069
B2206354736379N12030750WA0200902075
B2206364736377N12030750WA0201702081
B2206374736376N12030750WA0202002085
B2206384736374N12030750WA0201902087
B2206394736370N12030749WA0201902089
B2206404736366N12030746WA0202002091
B2206414736363N12030742WA0202102093
B2206424736360N12030736WA0202702097
B2206434736360N12030729WA0202902101
B2206444736361N12030721WA0203602105
B2206454736363N12030715WA0203902110
B2206464736366N12030711WA0204702115
B2206474736369N12030709WA0205102119
B2206484736373N12030706WA0205302121
B2206494736377N12030703WA0205002123
B2206504736383N12030699WA0205002124
B2206514736390N12030698WA0205102125
B2206524736398N12030699WA0205302128
B2206534736404N12030704WA0205802131
B2206544736409N12030709WA0206302134
B2206554736414N12030715WA0206602137
B2206564736417N12030721WA0206902139
B2206574736420N12030727WA0206702140
B2206584736424N12030736WA0206502139
B2206594736426N12030746WA0206302139
B2207004736427N12030757WA0206502140
B2207014736426N12030766WA0206702143
B2207024736423N12030773WA0207002146
B2207034736420N12030777WA0207502148
B2207044736416N12030778WA0207702151
B2207054736412N12030777WA0208002153
B2207064736408N12030776WA0208102155
B2207074736404N12030775WA0208302157
B2207084736400N12030774WA0208502159
B2207094736395N12030771WA0208802161
B2207104736391N12030767WA0209002163
B2207114736388N12030761WA0209202166
B2207124736385N12030754WA0209602169
B2207134736383N12030747WA0209802172
B2207144736383N12030740WA0210502176
B2207154736385N12030734WA0210802180
B2207164736390N12030729WA0211002182
B2207174736395N12030725WA0211002184
B2207184736402N12030724WA0211102186
B2207194736410N12030725WA0211102188
B2207204736416N12030729WA0211702190
B2207214736421N12030735WA0211702192
B2207224736424N12030742WA0212002194
B2207234736425N12030750WA0212102196
B2207244736424N12030757WA0212402198
B2207254736421N12030763WA0212402200
B2207264736418N12030766WA0212802202
B2207274736413N12030767WA0213002204
B2207284736409N12030766WA0213302206
B2207294736405N12030763WA0213302208
B2207304736402N12030759WA0213602210
B2207314736399N12030753WA0213802212
B2207324736398N12030746WA0214102215
B2207334736398N12030740WA0214302218
B2207344736398N12030734WA0214702221
B2207354736399N12030728WA0215002224
B2207364736401N12030723WA0215202226
B2207374736405N12030719WA0215402228
B2207384736410N12030716WA0215402229
B2207394736416N12030715WA0215402231
B2207404736422N12030717WA0215902233
B2207414736428N12030721WA0216202237
B2207424736433N12030727WA0216402240
B2207434736436N12030733WA0216902243
B2207444736437N12030740WA0217102245
B2207454736438N12030748WA0217202246
B2207464736438N12030757WA0217202246
B2207474736438N12030767WA0217102247
B2207484736438N12030776WA0217502249
B2207494736436N12030784WA0217702252
B2207504736433N12030790WA0218002255
B2207514736428N12030794WA0218002256
B2207524736424N12030796WA0218302257
B2207534736420N12030797WA0218502259
B2207544736416N12030798WA0218602261
B2207554736412N12030797WA0219002264
B2207564736409N12030795WA0219202266
B2207574736406N12030791WA0219302268
B2207584736405N12030785WA0219602270
B2207594736405N12030778WA0219502272
B2208004736407N12030770WA0219902273
B2208014736411N12030764WA0220202277
B2208024736415N12030760WA0220502280
B2208034736421N12030758WA0220702282
B2208044736427N12030757WA0220902284
B2208054736433N12030759WA0220802286
B2208064736440N12030764WA0221202288
B2208074736445N12030772WA0221402291
B2208084736448N12030782WA0221702293
B2208094736451N12030793WA0221702296
B2208104736453N12030804WA0222102299
B2208114736454N12030815WA0222502302
B2208124736454N12030824WA0223102306
B2208134736452N12030833WA0223202309
B2208144736449N12030842WA0223202310
B2208154736445N12030848WA0223202311
B2208164736440N12030853WA0223402312
B2208174736436N12030854WA0223702315
B2208184736432N12030852WA0224202318
B2208194736429N12030849WA0224202320
B2208204736426N12030843WA0224402322
B2208214736425N12030836WA0224702323
B2208224736425N12030829WA0224902326
B2208234736427N12030823WA0225202329
B2208244736430N12030818WA0225502330
B2208254736433N12030812WA0225502331
B2208264736438N12030807WA0225302332
B2208274736443N12030803WA0225602334
B2208284736450N12030802WA0225902337
B2208294736456N12030803WA0226302340
B2208304736462N12030806WA0226502342
B2208314736469N12030811WA0226702344
B2208324736474N12030817WA0227002346
B2208334736479N12030826WA0227102349
B2208344736482N12030836WA0227402351
B2208354736484N12030848WA0227602354
B2208364736485N12030859WA0227902356
B2208374736485N12030869WA0228202360
B2208384736485N12030878WA0228902363
B2208394736484N12030887WA0228902366
B2208404736482N12030894WA0229202368
B2208414736479N12030901WA0229102370
B2208424736476N12030905WA0229302370
B2208434736471N12030907WA0229302371
B2208444736467N12030905WA0229502373
B2208454736463N12030901WA0229602375
B2208464736461N12030895WA0230002378
B2208474736460N12030888WA0230202380
B2208484736460N12030881WA0230602382
B2208494736461N12030873WA0230802384
B2208504736463N12030866WA0230802385
B2208514736466N12030859WA0231002387
B2208524736470N12030854WA0231002388
B2208534736476N12030849WA0231202390
B2208544736483N12030847WA0231002391
B2208554736489N12030846WA0231702394
B2208564736496N12030847WA0231902397
B2208574736501N12030850WA0232402400
B2208584736506N12030853WA0232702403
B2208594736511N12030859WA0232802405
B2209004736516N12030865WA0232802406
B2209014736520N12030874WA0232802407
B2209024736523N12030885WA0232802408
B2209034736524N12030896WA0233002409
B2209044736524N12030907WA0233202411
B2209054736522N12030917WA0233402414
B2209064736520N12030925WA0234002417
B2209074736518N12030931WA0234202421
B2209084736515N12030936WA0234602422
B2209094736512N12030939WA0234602424
B2209104736507N12030942WA0234302424
B2209114736502N12030942WA0234202425
B2209124736498N12030939WA0234602427
B2209134736495N12030936WA0235202429
B2209144736493N12030933WA0235502432
B2209154736490N12030929WA0235502433
B2209164736488N12030925WA0235602434
B2209174736485N12030921WA0235402434
B2209184736481N12030917WA0235402434
B2209194736477N12030911WA0235202435
B2209204736474N12030905WA0235502436
B2209214736471N12030899WA0236002438
B2209224736468N12030894WA0236202439
B2209234736465N12030888WA0235902440
B2209244736461N12030882WA0235602439
B2209254736456N12030876WA0235602439
B2209264736451N12030871WA0235302438
B2209274736447N12030865WA0235602439
B2209284736443N12030859WA0235902441
B2209294736439N12030853WA0236002441
B2209304736435N12030847WA0235702440
B2209314736430N12030841WA0235902439
B2209324736425N12030836WA0235402439
B2209334736419N12030831WA0235402437
B2209344736413N12030824WA0235002435
B2209354736407N12030818WA0234602433
B2209364736401N12030811WA0234402431
B2209374736395N12030803WA0234502430
B2209384736389N12030795WA0234302430
B2209394736382N12030786WA0234302429
B2209404736376N12030778WA0234302428
B2209414736370N12030770WA0234202427
B2209424736364N12030762WA0234302427
B2209434736358N12030754WA0234302427
B2209444736352N12030746WA0234102426
B2209454736346N12030738WA0234002424
B2209464736339N12030731WA0233802423
B2209474736332N12030723WA0233702422
B2209484736325N12030716WA0233502421
B2209494736317N12030710WA0233602420
B2209504736310N12030703WA0233502419
B2209514736303N12030696WA0233602418
B2209524736295N12030690WA0233202417
B2209534736288N12030683WA0233202416
B2209544736280N12030677WA0233202415
B2209554736272N12030671WA0233002414
B2209564736264N12030665WA0232902413
B2209574736256N12030660WA0233002413
B2209584736248N12030655WA0232902413
B2209594736240N12030651WA0233002412
B2210004736232N12030646WA0232802411
B2210014736224N12030642WA0232402410
B2210024736217N12030637WA0232402409
B2210034736209N12030633WA0232202407
B2210044736201N12030629WA0231902405
B2210054736194N12030625WA0231802403
B2210064736186N12030621WA0231702401
B2210074736178N12030616WA0231702400
B2210084736170N12030612WA0231802400
B2210094736163N12030607WA0231702399
B2210104736155N12030601WA0231402397
B2210114736147N12030595WA0231202395
B2210124736139N12030589WA0230802393
B2210134736131N12030583WA0230602391
B2210144736123N12030578WA0230502390
B2210154736115N12030573WA0230702389
B2210164736108N12030568WA0230802389
B2210174736101N12030563WA0230802389
B2210184736094N12030557WA0230302387
B2210194736087N12030551WA0230102385
B2210204736080N12030545WA0229602382
B2210214736072N12030538WA0229202379
B2210224736065N12030532WA0229102376
B2210234736057N12030525WA0229002373
B2210244736050N12030520WA0228802371
B2210254736043N12030514WA0228502369
B2210264736036N12030508WA0228202366
B2210274736029N12030503WA0227802362
B2210284736021N12030497WA0227202358
B2210294736014N12030491WA0227002355
B2210304736006N12030486WA0226802353
B2210314735999N12030481WA0226902351
B2210324735992N12030476WA0227002350
B2210334735986N12030471WA0226902348
B2210344735979N12030466WA0226302345
B2210354735973N12030461WA0226102342
B2210364735966N12030456WA0225602339
B2210374735958N12030450WA0225302336
B2210384735951N12030444WA0224902333
B2210394735944N12030439WA0224702331
B2210404735936N12030433WA0224602329
B2210414735929N12030428WA0224502327
B2210424735922N12030422WA0224402326
B2210434735914N12030416WA0224302325
B2210444735907N12030411WA0224202324
B2210454735900N12030405WA0224102322
B2210464735892N12030399WA0223902321
B2210474735884N12030394WA0223902321
B2210484735877N12030387WA0223902320
B2210494735869N12030381WA0223902320
B2210504735862N12030375WA0223702320
B2210514735855N12030369WA0223802319
B2210524735847N12030364WA0223802319
B2210534735840N12030358WA0223802318
B2210544735833N12030352WA0223502318
B2210554735825N12030347WA0223502317
B2210564735818N12030341WA0223502316
B2210574735810N12030336WA0223402316
B2210584735803N12030331WA0223402315
B2210594735796N12030325WA0223302315
B2211004735788N12030319WA0223102314
B2211014735781N12030314WA0223102313
B2211024735773N12030308WA0223102312
B2211034735766N12030303WA0223002312
B2211044735759N12030297WA0222902311
B2211054735751N12030291WA0222602309
B2211064735744N12030285WA0222502308
B2211074735737N12030279WA0222402307
B2211084735729N12030274WA0222202305
B2211094735722N12030268WA0222202304
B2211104735715N12030262WA0222002303
B2211114735708N12030255WA0222002302
B2211124735701N12030250WA0222002302
B2211134735694N12030244WA0222102301
B2211144735687N12030239WA0221902300
B2211154735680N12030233WA0221802299
B2211164735673N12030227WA0221502298
B2211174735666N12030221WA0221402296
B2211184735659N12030215WA0221202294
B2211194735652N12030208WA0221002292
B2211204735645N12030202WA0220902291
B2211214735638N12030195WA0220802289
B2211224735631N12030189WA0220502287
B2211234735625N12030182WA0220402285
B2211244735618N12030176WA0220002282
B2211254735610N12030169WA0219902280
B2211264735603N12030162WA0219502277
B2211274735596N12030155WA0219302275
B2211284735588N12030149WA0219002273
B2211294735581N12030142WA0219002271
B2211304735574N12030136WA0218902270
B2211314735568N12030130WA0218802268
B2211324735561N12030123WA0218602266
B2211334735555N12030117WA0218202263
B2211344735548N12030110WA0217902261
B2211354735540N12030104WA0217702259
B2211364735533N12030097WA0217502257
B2211374735526N12030090WA0217302255
B2211384735519N12030084WA0217202254
B2211394735512N12030078WA0217202253
B2211404735506N12030072WA0217702253
B2211414735501N12030067WA0217802254
B2211424735496N12030062WA0217602253
B2211434735490N12030058WA0217402252
B2211444735483N12030053WA0216902249
B2211454735476N12030048WA0216402246
B2211464735468N12030042WA0215902243
B2211474735461N12030036WA0215602241
B2211484735454N12030031WA0215902240
B2211494735447N12030027WA0215802239
B2211504735441N12030023WA0216002239
B2211514735435N12030020WA0215902238
B2211524735429N12030017WA0215502236
B2211534735423N12030014WA0215602232
B2211544735417N12030011WA0214702229
B2211554735410N12030007WA0214402225
B2211564735403N12030003WA0213902222
B2211574735397N12029998WA0214202220
B2211584735392N12029993WA0213902219
B2211594735387N12029988WA0213802217
B2212004735382N12029984WA0213402215
B2212014735376N12029980WA0213202212
B2212024735370N12029976WA0212802210
B2212034735364N12029971WA0212602208
B2212044735358N12029965WA0212502206
B2212054735352N12029960WA0212402204
B2212064735346N12029956WA0212302203
B2212074735340N12029952WA0212202201
B2212084735334N12029949WA0211702198
B2212094735328N12029944WA0211202194
B2212104735322N12029940WA0211002190
B2212114735316N12029935WA0210402185
B2212124735310N12029930WA0210002182
B2212134735305N12029925WA0209902179
B2212144735299N12029920WA0209602176
B2212154735293N12029915WA0209402173
B2212164735287N12029911WA0209202171
B2212174735282N12029906WA0209002169
B2212184735276N12029901WA0208502166
B2212194735269N12029896WA0208002163
B2212204735263N12029891WA0208102161
B2212214735257N12029886WA0207902159
B2212224735252N12029881WA0208002159
B2212234735247N12029876WA0208202158
B2212244735242N12029871WA0207902157
B2212254735237N12029866WA0207502154
B2212264735231N12029861WA0207002151
B2212274735225N12029855WA0206702147
B2212284735219N12029850WA0206202143
B2212294735212N12029845WA0206002140
B2212304735206N12029839WA0205902138
B2212314735200N12029834WA0205702136
B2212324735194N12029828WA0205402135
B2212334735189N12029822WA0205502133
B2212344735183N12029817WA0205602132
B2212354735177N12029813WA0205202131
B2212364735171N12029807WA0205102129
B2212374735165N12029801WA0205002129
B2212384735158N12029794WA0205302128
B2212394735152N12029788WA0205102129
B2212404735146N12029782WA0205202130
B2212414735140N12029776WA0205302130
B2212424735134N12029770WA0205502132
B2212434735129N12029765WA0205602133
B2212444735123N12029760WA0205902135
B2212454735118N12029755WA0206202138
B2212464735114N12029752WA0206402140
B2212474735109N12029748WA0206502141
B2212484735106N12029745WA0206502142
B2212494735102N12029741WA0206402142
B2212504735098N12029737WA0206302141
B2212514735093N12029733WA0206202139
B2212524735088N12029729WA0205702138
B2212534735082N12029724WA0205302135
B2212544735077N12029719WA0205302133
B2212554735072N12029714WA0205302132
B2212564735068N12029710WA0205302131
B2212574735063N12029705WA0205302131
B2212584735058N12029701WA0205102129
B2212594735053N12029697WA0204902127
B2213004735048N12029693WA0204502124
B2213014735043N12029688WA0204202121
B2213024735037N12029683WA0203902118
B2213034735031N12029678WA0203702116
B2213044735025N12029673WA0203602115
B2213054735020N12029669WA0203702114
B2213064735015N12029664WA0203602113
B2213074735009N12029660WA0203502112
B2213084735004N12029656WA0203202110
B2213094734998N12029652WA0202902108
B2213104734992N12029647WA0202602106
B2213114734986N12029642WA0202502104
B2213124734980N12029638WA0202302102
B2213134734974N12029633WA0202302101
B2213144734969N12029629WA0202202100
B2213154734963N12029625WA0202202099
B2213164734958N12029620WA0201902097
B2213174734953N12029616WA0201602095
B2213184734947N12029612WA0201302092
B2213194734941N12029608WA0201102090
B2213204734936N12029604WA0200902088
B2213214734931N12029600WA0200802086
B2213224734925N12029596WA0200602084
B2213234734920N12029593WA0200302081
B2213244734914N12029589WA0199902078
B2213254734909N12029585WA0199702075
B2213264734904N12029581WA0199302072
B2213274734898N12029576WA0199102069
B2213284734893N12029572WA0198702066
B2213294734887N12029568WA0198502063
B2213304734882N12029565WA0198102059
B2213314734876N12029561WA0197902056
B2213324734870N12029557WA0197402053
B2213334734865N12029553WA0197202050
B2213344734860N12029549WA0196802046
B2213354734854N12029545WA0196502043
B2213364734849N12029542WA0196202039
B2213374734843N12029537WA0195902036
B2213384734838N12029533WA0195402032
B2213394734833N12029529WA0195002029
B2213404734827N12029524WA0194802027
B2213414734822N12029521WA0194902025
B2213424734818N12029517WA0194702024
B2213434734814N12029514WA0194602022
B2213444734809N12029510WA0194302020
B2213454734805N12029507WA0194102018
B2213464734800N12029502WA0193702015
B2213474734796N12029498WA0193402012
B2213484734791N12029493WA0193202010
B2213494734787N12029488WA0193102009
B2213504734783N12029483WA0193102008
B2213514734779N12029478WA0193102007
B2213524734774N12029473WA0192802005
B2213534734770N12029468WA0192802003
B2213544734765N12029463WA0192202001
B2213554734760N12029458WA0192201999
B2213564734756N12029453WA0192301999
B2213574734752N12029448WA0192702000
B2213584734749N12029444WA0193002002
B2213594734745N12029439WA0192802002
B2214004734741N12029434WA0192602002
B2214014734737N12029429WA0192502001
B2214024734732N12029423WA0192302000
B2214034734728N12029418WA0192301999
B2214044734724N12029413WA0192502000
B2214054734720N12029408WA0192802001
B2214064734716N12029404WA0192802002
B2214074734711N12029400WA0192602002
B2214084734707N12029395WA0192402001
B2214094734702N12029391WA0192302002
B2214104734697N12029387WA0192802002
B2214114734693N12029384WA0193002004
B2214124734689N12029381WA0193402007
B2214134734685N12029378WA0193602009
B2214144734681N12029374WA0193902011
B2214154734678N12029371WA0194002012
B2214164734674N12029366WA0194202014
B2214174734670N12029362WA0194202015
B2214184734666N12029357WA0194602016
B2214194734663N12029353WA0194702020
B2214204734659N12029348WA0195402024
B2214214734656N12029343WA0195802029
B2214224734653N12029341WA0196802035
B2214234734651N12029341WA0197402042
B2214244734650N12029344WA0198202049
B2214254734649N12029349WA0198402054
B2214264734649N12029357WA0198902057
B2214274734649N12029366WA0198802058
B2214284734649N12029377WA0199002060
B2214294734650N12029389WA0199002062
B2214304734654N12029400WA0199202064
B2214314734659N12029410WA0199402067
B2214324734666N12029417WA0199502069
B2214334734674N12029419WA0199602072
B2214344734680N12029418WA0200402075
B2214354734685N12029415WA0200402078
B2214364734689N12029410WA0200702080
B2214374734691N12029404WA0200902081
B2214384734692N12029398WA0201102082
B2214394734691N12029392WA0201002084
B2214404734689N12029386WA0201002085
B2214414734685N12029381WA0201102088
B2214424734681N12029378WA0202002092
B2214434734678N12029376WA0202602098
B2214444734676N12029375WA0203502104
B2214454734673N12029376WA0203902109
B2214464734671N12029378WA0204102114
B2214474734669N12029382WA0204302117
B2214484734666N12029388WA0204502120
B2214494734664N12029397WA0204902122
B2214504734665N12029407WA0205002126
B2214514734667N12029417WA0205202129
B2214524734671N12029427WA0205502131
B2214534734675N12029435WA0205902133
B2214544734680N12029443WA0206102134
B2214554734685N12029450WA0206002134
B2214564734691N12029458WA0206002135
B2214574734698N12029465WA0205902135
B2214584734705N12029470WA0205802135
B2214594734714N12029471WA0205802135
B2215004734720N12029466WA0205602136
B2215014734725N12029459WA0205902137
B2215024734726N12029453WA0206302139
B2215034734725N12029447WA0206602141
B2215044734723N12029442WA0206602142
B2215054734721N12029438WA0206802144
B2215064734718N12029434WA0207102146
B2215074734715N12029430WA0207102148
B2215084734712N12029426WA0207702151
B2215094734710N12029422WA0208002155
B2215104734708N12029419WA0208802159
B2215114734706N12029416WA0209102163
B2215124734704N12029413WA0209602168
B2215134734702N12029410WA0209702172
B2215144734700N12029406WA0210202175
B2215154734697N12029404WA0210402179
B2215164734694N12029404WA0210602182
B2215174734691N12029407WA0210802185
B2215184734688N12029414WA0210902186
B2215194734688N12029424WA0210902188
B2215204734690N12029435WA0211202189
B2215214734695N12029445WA0211402191
B2215224734702N12029452WA0211202193
B2215234734710N12029454WA0211602196
B2215244734717N12029451WA0212102199
B2215254734723N12029447WA0212402202
B2215264734727N12029442WA0213002205
B2215274734732N12029437WA0213302209
B2215284734735N12029431WA0213702212
B2215294734737N12029425WA0213702215
B2215304734739N12029418WA0213802218
B2215314734740N12029410WA0213902220
B2215324734740N12029404WA0214602223
B2215334734739N12029400WA0214902225
B2215344734737N12029398WA0215002228
B2215354734734N12029398WA0214902228
B2215364734730N12029398WA0214702228
B2215374734725N12029398WA0214702227
B2215384734721N12029397WA0215002228
B2215394734717N12029395WA0215302231
B2215404734715N12029393WA0215702233
B2215414734713N12029391WA0215802235
B2215424734710N12029390WA0215802235
B2215434734707N12029389WA0215502234
B2215444734702N12029386WA0215502234
B2215454734699N12029381WA0215502234
B2215464734695N12029375WA0215602235
B2215474734693N12029369WA0215802236
B2215484734690N12029362WA0216002238
B2215494734687N12029357WA0216202240
B2215504734684N12029352WA0216602241
B2215514734681N12029347WA0216702243
B2215524734677N12029342WA0216602243
B2215534734673N12029337WA0216302242
B2215544734668N12029331WA0215802240
B2215554734662N12029327WA0215702239
B2215564734657N12029322WA0216002238
B2215574734653N12029316WA0215902237
B2215584734649N12029310WA0215502236
B2215594734645N12029304WA0215502234
B2216004734641N12029298WA0215302233
B2216014734636N12029293WA0215402232
B2216024734632N12029287WA0215102231
B2216034734627N12029282WA0214702229
B2216044734621N12029275WA0214202225
B2216054734615N12029269WA0213902221
B2216064734609N12029262WA0213702218
B2216074734602N12029256WA0213402216
B2216084734595N12029249WA0213002213
B2216094734587N12029242WA0213002212
B2216104734581N12029235WA0213302211
B2216114734575N12029228WA0213602212
B2216124734571N12029221WA0213802214
B2216134734566N12029215WA0214002216
B2216144734562N12029209WA0214302218
B2216154734558N12029204WA0214402219
B2216164734554N12029199WA0214402220
B2216174734550N12029194WA0214102219
B2216184734545N12029189WA0214002217
B2216194734539N12029183WA0213602215
B2216204734534N12029175WA0213102212
B2216214734528N12029167WA0213102209
B2216224734523N12029159WA0212602208
B2216234734519N12029149WA0212802208
B2216244734515N12029140WA0212802208
B2216254734512N12029132WA0213202209
B2216264734509N12029125WA0213202209
B2216274734506N12029118WA0213202208
B2216284734502N12029112WA0212702206
B2216294734498N12029105WA0212302204
B2216304734493N12029099WA0211902201
B2216314734487N12029092WA0211602197
B2216324734482N12029085WA0211202193
B2216334734477N12029077WA0211002190
B2216344734472N12029069WA0210702188
B2216354734469N12029061WA0210602186
B2216364734465N12029052WA0210502184
B2216374734462N12029044WA0210302182
B2216384734459N12029036WA0210002180
B2216394734456N12029028WA0209702177
B2216404734452N12029019WA0209202173
B2216414734448N12029010WA0208902169
B2216424734444N12029002WA0208302165
B2216434734440N12028992WA0208202162
B2216444734437N12028983WA0208002160
B2216454734434N12028974WA0207902158
B2216464734430N12028965WA0207702156
B2216474734427N12028957WA0207702155
B2216484734423N12028948WA0207302153
B2216494734419N12028940WA0207402151
B2216504734416N12028932WA0207102150
B2216514734412N12028923WA0206902148
B2216524734409N12028915WA0206702146
B2216534734406N12028906WA0206502144
B2216544734403N12028897WA0206502143
B2216554734400N12028888WA0206402142
B2216564734397N12028880WA0206402141
B2216574734393N12028872WA0206302140
B2216584734389N12028865WA0206202139
B2216594734386N12028857WA0206002138
B2217004734382N12028849WA0205902136
B2217014734379N12028841WA0205702135
B2217024734375N12028832WA0205602133
B2217034734371N12028824WA0205402132
B2217044734367N12028815WA0205502131
B2217054734363N12028807WA0205402131
B2217064734358N12028799WA0205402130
B2217074734354N12028791WA0205302130
B2217084734350N12028783WA0205402130
B2217094734347N12028775WA0205502131
B2217104734343N12028768WA0205402130
B2217114734340N12028760WA0205402130
B2217124734337N12028751WA0205202129
B2217134734334N12028743WA0205202128
B2217144734331N12028734WA0204902127
B2217154734328N12028725WA0204902126
B2217164734325N12028716WA0204802125
B2217174734322N12028707WA0204602123
B2217184734319N12028697WA0204502122
B2217194734317N12028688WA0204402121
B2217204734314N12028679WA0204302120
B2217214734312N12028669WA0204202118
B2217224734309N12028660WA0204002117
B2217234734307N12028650WA0203902115
B2217244734305N12028640WA0203702114
B2217254734303N12028630WA0203602112
B2217264734300N12028620WA0203502111
B2217274734298N12028609WA0203302110
B2217284734296N12028599WA0203302110
B2217294734294N12028589WA0203102108
B2217304734291N12028579WA0203002107
B2217314734289N12028569WA0202902106
B2217324734286N12028559WA0202602104
B2217334734284N12028549WA0202502102
B2217344734281N12028538WA0202302101
B2217354734279N12028527WA0202302099
B2217364734276N12028516WA0202002099
B2217374734273N12028504WA0202102098
B2217384734271N12028494WA0202102099
B2217394734269N12028484WA0202402100
B2217404734267N12028474WA0202602101
B2217414734266N12028466WA0202702101
B2217424734265N12028457WA0202502101
B2217434734263N12028447WA0202402100
B2217444734261N12028438WA0202202099
B2217454734258N12028429WA0201902098
B2217464734254N12028420WA0202202097
B2217474734250N12028412WA0202102097
B2217484734247N12028405WA0202302097
B2217494734244N12028398WA0202102097
B2217504734241N12028390WA0201702095
B2217514734238N12028382WA0201502092
B2217524734233N12028373WA0201002089
B2217534734228N12028365WA0200902086
B2217544734224N12028356WA0200802086
B2217554734219N12028348WA0201202086
B2217564734215N12028341WA0201402087
B2217574734212N12028335WA0201502089
B2217584734208N12028328WA0201702090
B2217594734205N12028320WA0201602090
B2218004734202N12028312WA0201502090
B2218014734199N12028305WA0201702091
B2218024734196N12028298WA0202002093
B2218034734194N12028291WA0202502095
B2218044734192N12028284WA0202502097
B2218054734190N12028278WA0202602097
B2218064734188N12028272WA0202602098
B2218074734185N12028265WA0202302097
B2218084734181N12028258WA0202002096
B2218094734177N12028250WA0201802094
B2218104734172N12028243WA0201502093
B2218114734166N12028235WA0201602092
B2218124734161N12028227WA0201702092
B2218134734156N12028219WA0201902093
B2218144734152N12028211WA0201902094
B2218154734147N12028203WA0201802094
B2218164734142N12028195WA0201702094
B2218174734137N12028186WA0201702093
B2218184734133N12028177WA0201502092
B2218194734128N12028168WA0201502091
B2218204734124N12028159WA0201502090
B2218214734120N12028149WA0201302089
B2218224734118N12028140WA0201602090
B2218234734116N12028130WA0201702090
B2218244734116N12028120WA0201702091
B2218254734117N12028110WA0201602091
B2218264734118N12028100WA0201202089
B2218274734120N12028089WA0201002088
B2218284734122N12028078WA0201002086
B2218294734124N12028067WA0201102086
B2218304734126N12028058WA0201202086
B2218314734129N12028050WA0201202086
B2218324734131N12028042WA0201002085
B2218334734134N12028034WA0200802082
B2218344734138N12028026WA0200202080
B2218354734142N12028018WA0200102077
B2218364734146N12028010WA0199902075
B2218374734151N12028003WA0199902074
B2218384734155N12027996WA0199802073
B2218394734159N12027989WA0199602071
B2218404734164N12027981WA0199102069
B2218414734168N12027972WA0198902066
B2218424734172N12027964WA0198702064
B2218434734176N12027955WA0198502062
B2218444734180N12027947WA0198502061
B2218454734183N12027939WA0198402059
B2218464734187N12027931WA0198102057
B2218474734191N12027923WA0197802054
B2218484734195N12027914WA0197402052
B2218494734198N12027905WA0197202049
B2218504734202N12027896WA0197002047
B2218514734206N12027888WA0196902045
B2218524734210N12027879WA0196802043
B2218534734213N12027871WA0196702042
B2218544734217N12027863WA0196602041
B2218554734221N12027855WA0196302039
B2218564734225N12027847WA0196102037
B2218574734228N12027838WA0196202035
B2218584734232N12027830WA0195802034
B2218594734235N12027822WA0195602032
B2219004734239N12027814WA0195402030
B2219014734242N12027806WA0195402028
B2219024734245N12027798WA0195002026
B2219034734249N12027789WA0194802024
B2219044734252N12027781WA0194702022
B2219054734256N12027772WA0194502021
B2219064734259N12027764WA0194402020
B2219074734261N12027755WA0194302019
B2219084734264N12027746WA0194202018
B2219094734266N12027738WA0194102017
B2219104734268N12027729WA0194002016
B2219114734270N12027720WA0194102015
B2219124734272N12027711WA0193802013
B2219134734273N12027702WA0193602012
B2219144734274N12027692WA0193402010
B2219154734276N12027683WA0193202008
B2219164734277N12027673WA0193102007
B2219174734277N12027663WA0193002006
B2219184734278N12027654WA0192902004
B2219194734278N12027645WA0192702003
B2219204734279N12027636WA0192702001
B2219214734280N12027627WA0192502000
B2219224734280N12027617WA0192201998
B2219234734280N12027608WA0192001995
B2219244734279N12027598WA0191601993
B2219254734278N12027588WA0191501991
B2219264734278N12027579WA0191201988
B2219274734278N12027569WA0191001986
B2219284734279N12027559WA0190801984
B2219294734279N12027550WA0190701982
B2219304734280N12027541WA0190601980
B2219314734280N12027532WA0190401978
B2219324734281N12027522WA0190001975
B2219334734281N12027512WA0189601973
B2219344734281N12027501WA0189401970
B2219354734280N12027491WA0189201969
B2219364734280N12027481WA0189301968
B2219374734279N12027472WA0189401968
B2219384734279N12027463WA0189401967
B2219394734280N12027454WA0189401966
B2219404734280N12027445WA0189001964
B2219414734279N12027435WA0188801962
B2219424734279N12027425WA0188401960
B2219434734280N12027416WA0188301959
B2219444734280N12027407WA0188501959
B2219454734280N12027398WA0188701958
B2219464734280N12027390WA0188401957
B2219474734281N12027382WA0188301956
B2219484734281N12027374WA0187901953
B2219494734281N12027366WA0187601950
B2219504734281N12027356WA0187201947
B2219514734282N12027347WA0187101945
B2219524734283N12027337WA0186701942
B2219534734283N12027328WA0186601940
B2219544734284N12027318WA0186401938
B2219554734285N12027310WA0186301937
B2219564734286N12027301WA0186301936
B2219574734287N12027293WA0186301935
B2219584734288N12027285WA0185801932
B2219594734289N12027276WA0185601930
B2220004734290N12027266WA0185201927
B2220014734290N12027255WA0184901924
B2220024734290N12027245WA0184801922
B2220034734290N12027234WA0184801921
B2220044734291N12027224WA0184701921
B2220054734292N12027215WA0184701920
B2220064734293N12027205WA0184801919
B2220074734294N12027196WA0184501917
B2220084734294N12027186WA0184101915
B2220094734294N12027175WA0184001913
B2220104734294N12027165WA0184001912
B2220114734295N12027155WA0183901912
B2220124734296N12027146WA0183801912
B2220134734296N12027136WA0184101912
B2220144734295N12027128WA0183901913
B2220154734295N12027120WA0184101913
B2220164734296N12027112WA0184201913
B2220174734297N12027105WA0183901911
B2220184734298N12027098WA0183601909
B2220194734299N12027090WA0183301906
B2220204734300N12027081WA0182901903
B2220214734301N12027073WA0182701901
B2220224734303N12027064WA0182701899
B2220234734304N12027056WA0182501898
B2220244734306N12027048WA0182601897
B2220254734307N12027041WA0182601896
B2220264734308N12027034WA0182201894
B2220274734309N12027026WA0181901892
B2220284734310N12027017WA0181501889
B2220294734311N12027008WA0181101886
B2220304734312N12026999WA0180801883
B2220314734312N12026989WA0180801881
B2220324734313N12026980WA0180601879
B2220334734314N12026971WA0180601878
B2220344734315N12026962WA0180501877
B2220354734315N12026953WA0180501877
B2220364734316N12026945WA0180701877
B2220374734317N12026937WA0180601877
B2220384734318N12026929WA0180501876
B2220394734319N12026921WA0180101874
B2220404734319N12026911WA0179701871
B2220414734320N12026901WA0179501869
B2220424734320N12026891WA0179101867
B2220434734321N12026881WA0179301866
B2220444734322N12026873WA0179601867
B2220454734324N12026865WA0179701867
B2220464734325N12026858WA0179501866
B2220474734326N12026851WA0179301865
B2220484734327N12026843WA0179001863
B2220494734328N12026834WA0178801860
B2220504734329N12026825WA0178501858
B2220514734331N12026816WA0178401857
B2220524734333N12026807WA0178501856
B2220534734335N12026798WA0178501855
B2220544734336N12026788WA0178301854
B2220554734338N12026779WA0178301854
B2220564734339N12026770WA0178101853
B2220574734341N12026762WA0178201852
B2220584734342N12026753WA0178001851
B2220594734344N12026745WA0178001850
B2221004734345N12026737WA0177701849
B2221014734346N12026729WA0177601846
B2221024734347N12026721WA0177201844
B2221034734348N12026712WA0177001842
B2221044734349N12026704WA0176801840
B2221054734350N12026695WA0176701838
B2221064734351N12026687WA0176501836
B2221074734353N12026679WA0176301834
B2221084734354N12026671WA0176001832
B2221094734355N12026663WA0176001830
B2221104734357N12026655WA0175801829
B2221114734358N12026647WA0175801827
B2221124734359N12026639WA0175601826
B2221134734360N12026631WA0175401824
B2221144734361N12026623WA0175101822
B2221154734362N12026614WA0174901821
B2221164734363N12026605WA0174701818
B2221174734363N12026596WA0174601817
B2221184734364N12026588WA0174501815
B2221194734366N12026580WA0174401814
B2221204734367N12026572WA0174501813
B2221214734368N12026564WA0174401812
B2221224734369N12026556WA0174301812
B2221234734370N12026548WA0174301811
B2221244734370N12026540WA0174301810
B2221254734371N12026532WA0174201810
B2221264734372N12026524WA0174201810
B2221274734372N12026516WA0174001809
B2221284734373N12026507WA0173801808
B2221294734374N12026498WA0173601806
B2221304734374N12026489WA0173401805
B2221314734375N12026479WA0173401804
B2221324734375N12026470WA0173501803
B2221334734376N12026462WA0173401803
B2221344734377N12026453WA0173401802
B2221354734378N12026445WA0173301801
B2221364734379N12026437WA0173001799
B2221374734380N12026428WA0172701797
B2221384734381N12026419WA0172401794
B2221394734382N12026409WA0172201792
B2221404734383N12026398WA0171901790
B2221414734384N12026388WA0171901790
B2221424734385N12026379WA0172101789
B2221434734386N12026370WA0172201790
B2221444734388N12026361WA0172201789
B2221454734389N12026353WA0172001788
B2221464734389N12026344WA0171801787
B2221474734390N12026334WA0171401785
B2221484734390N12026324WA0171201783
B2221494734391N12026314WA0171201782
B2221504734391N12026304WA0171501783
B2221514734392N12026295WA0171501784
B2221524734393N12026287WA0172001786
B2221534734394N12026280WA0171901786
B2221544734395N12026272WA0171701786
B2221554734395N12026263WA0171701786
B2221564734396N12026254WA0171301785
B2221574734396N12026245WA0171301784
B2221584734397N12026236WA0171301783
B2221594734398N12026228WA0171201783
B2222004734400N12026219WA0171201782
B2222014734402N12026211WA0171101781
B2222024734404N12026203WA0170901779
B2222034734405N12026194WA0170701778
B2222044734407N12026185WA0170601776
B2222054734408N12026176WA0170401774
B2222064734410N12026166WA0170101772
B2222074734412N12026157WA0169901771
B2222084734413N12026147WA0170001770
B2222094734415N12026138WA0170001769
B2222104734416N12026128WA0169901768
B2222114734418N12026119WA0170001767
B2222124734419N12026110WA0169501766
B2222134734420N12026101WA0169701763
B2222144734420N12026091WA0169201761
B2222154734420N12026081WA0168801758
B2222164734421N12026071WA0168401755
B2222174734422N12026061WA0168101753
B2222184734423N12026050WA0168401752
B2222194734424N12026041WA0168401752
B2222204734426N12026031WA0168601752
B2222214734427N12026022WA0168501752
B2222224734429N12026013WA0168301751
B2222234734430N12026003WA0168201751
B2222244734432N12025994WA0168201749
B2222254734433N12025984WA0168101748
B2222264734435N12025975WA0167901747
B2222274734438N12025966WA0167701745
B2222284734440N12025957WA0167601744
B2222294734443N12025948WA0167501743
B2222304734446N12025939WA0167301741
B2222314734449N12025931WA0167101739
B2222324734452N12025922WA0166801737
B2222334734455N12025912WA0166701735
B2222344734459N12025902WA0166301733
B2222354734463N12025893WA0166201731
B2222364734467N12025883WA0166101730
B2222374734472N12025875WA0166201729
B2222384734477N12025866WA0166101729
B2222394734482N12025857WA0165901728
B2222404734486N12025848WA0165801728
B2222414734489N12025840WA0166101727
B2222424734491N12025832WA0166301728
B2222434734493N12025826WA0166401728
B2222444734495N12025820WA0166201728
B2222454734497N12025815WA0166001724
B2222464734500N12025809WA0165301720
B2222474734504N12025802WA0164701715
B2222484734507N12025794WA0163801709
B2222494734511N12025785WA0163501703
B2222504734514N12025776WA0163001699
B2222514734517N12025768WA0162701695
B2222524734520N12025759WA0162401692
B2222534734522N12025751WA0162101689
B2222544734523N12025743WA0161901687
B2222554734525N12025735WA0161901684
B2222564734526N12025728WA0161401682
B2222574734528N12025721WA0161301678
B2222584734530N12025713WA0160501674
B2222594734532N12025705WA0160301670
B2223004734534N12025696WA0159601665
B2223014734537N12025688WA0159101659
B2223024734541N12025679WA0158401654
B2223034734546N12025671WA0158101649
B2223044734551N12025664WA0157601645
B2223054734556N12025657WA0157201640
B2223064734562N12025650WA0156901635
B2223074734568N12025643WA0156401631
B2223084734574N12025637WA0155901626
B2223094734579N12025630WA0155801621
B2223104734585N12025624WA0154901617
B2223114734591N12025617WA0154701612
B2223124734597N12025611WA0154301607
B2223134734602N12025604WA0154001603
B2223144734608N12025597WA0153601600
B2223154734613N12025589WA0153401596
B2223164734618N12025581WA0153001593
B2223174734623N12025574WA0153001592
B2223184734628N12025567WA0152701589
B2223194734634N12025560WA0152401586
B2223204734639N12025553WA0152001584
B2223214734644N12025545WA0151901581
B2223224734650N12025538WA0151601579
B2223234734655N12025530WA0151401576
B2223244734660N12025523WA0151301574
B2223254734665N12025515WA0151001571
B2223264734670N12025508WA0150601568
B2223274734675N12025500WA0150301565
B2223284734679N12025491WA0149901562
B2223294734684N12025483WA0149801559
B2223304734689N12025474WA0149401556
B2223314734693N12025465WA0149201553
B2223324734698N12025457WA0148901551
B2223334734703N12025448WA0148801549
B2223344734708N12025439WA0148601546
B2223354734712N12025430WA0148201543
B2223364734716N12025420WA0147901541
B2223374734720N12025411WA0147801538
B2223384734724N12025400WA0147401534
B2223394734728N12025390WA0146901531
B2223404734730N12025379WA0146701528
B2223414734732N12025369WA0146801527
B2223424734735N12025358WA0146801527
B2223434734737N12025349WA0146801527
B2223444734739N12025339WA0146701526
B2223454734741N12025329WA0146501525
B2223464734743N12025319WA0146401522
B2223474734746N12025308WA0146001520
B2223484734748N12025296WA0145501517
B2223494734749N12025284WA0145401514
B2223504734751N12025272WA0145101512
B2223514734752N12025260WA0144901510
B2223524734754N12025248WA0144801508
B2223534734756N12025235WA0144801507
B2223544734758N12025224WA0145001506
B2223554734760N12025212WA0144801506
B2223564734762N12025201WA0144701505
B2223574734765N12025189WA0144601504
B2223584734767N12025177WA0144201502
B2223594734769N12025165WA0144501501
B2224004734772N12025153WA0144501501
B2224014734775N12025141WA0144201502
B2224024734777N12025130WA0144501503
B2224034734779N12025119WA0144701505
B2224044734782N12025109WA0145001506
B2224054734785N12025099WA0145201507
B2224064734788N12025089WA0145001507
B2224074734791N12025078WA0144901507
B2224084734793N12025067WA0144801507
B2224094734796N12025055WA0144801507
B2224104734798N12025044WA0144801507
B2224114734801N12025032WA0145001507
B2224124734804N12025021WA0145301509
B2224134734807N12025010WA0145201509
B2224144734810N12024999WA0145401510
B2224154734812N12024988WA0145301511
B2224164734814N12024976WA0145201511
B2224174734817N12024965WA0145201512
B2224184734820N12024955WA0145801514
B2224194734824N12024946WA0146101516
B2224204734828N12024937WA0146001517
B2224214734831N12024927WA0146001518
B2224224734834N12024916WA0145601517
B2224234734837N12024905WA0145501515
B2224244734839N12024894WA0145601515
B2224254734843N12024883WA0145801516
B2224264734846N12024873WA0146001517
B2224274734850N12024863WA0146201518
B2224284734855N12024854WA0146201519
B2224294734861N12024844WA0146101519
B2224304734867N12024833WA0146101518
B2224314734872N12024822WA0145901518
B2224324734878N12024810WA0145801519
B2224334734882N12024799WA0146101520
B2224344734886N12024788WA0146501522
B2224354734889N12024778WA0146801525
B2224364734892N12024768WA0146801526
B2224374734895N12024757WA0146701525
B2224384734897N12024745WA0146401524
B2224394734900N12024732WA0146401523
B2224404734903N12024719WA0146401523
B2224414734905N12024707WA0146501524
B2224424734907N12024694WA0146801525
B2224434734909N12024682WA0146801526
B2224444734911N12024669WA0146801527
B2224454734913N12024657WA0147101529
B2224464734916N12024645WA0147201530
B2224474734918N12024633WA0147501532
B2224484734920N12024622WA0147901535
B2224494734922N12024613WA0148501538
B2224504734923N12024603WA0149101543
B2224514734925N12024595WA0149301547
B2224524734926N12024587WA0149901551
B2224534734927N12024578WA0150101554
B2224544734926N12024570WA0150201557
B2224554734924N12024562WA0150301559
B2224564734921N12024556WA0150901563
B2224574734919N12024553WA0151201566
B2224584734915N12024551WA0151401568
B2224594734912N12024552WA0151401569
B2225004734908N12024554WA0151401570
B2225014734905N12024557WA0151401570
B2225024734902N12024562WA0151601572
B2225034734902N12024569WA0151601574
B2225044734902N12024577WA0151601574
B2225054734905N12024585WA0151701575
B2225064734909N12024592WA0151901575
B2225074734914N12024597WA0152001576
B2225084734921N12024601WA0152001577
B2225094734928N12024602WA0152001578
B2225104734935N12024600WA0152501580
B2225114734941N12024598WA0152601582
B2225124734946N12024593WA0152701583
B2225134734952N12024587WA0152801584
B2225144734957N12024581WA0152801585
B2225154734962N12024574WA0153101587
B2225164734968N12024568WA0153501589
B2225174734974N12024564WA0153701592
B2225184734980N12024560WA0154101594
B2225194734986N12024558WA0154401597
B2225204734992N12024556WA0154501601
B2225214734998N12024554WA0154901604
B2225224735004N12024552WA0155201607
B2225234735009N12024550WA0155601610
B2225244735014N12024545WA0155801613
B2225254735020N12024539WA0156101616
B2225264735024N12024531WA0156101619
B2225274735029N12024522WA0156501622
B2225284735032N12024513WA0157301626
B2225294735034N12024505WA0157401630
B2225304735035N12024496WA0157801633
B2225314735034N12024488WA0158201636
B2225324735033N12024480WA0158501640
B2225334735031N12024474WA0158701643
B2225344735027N12024471WA0158901646
B2225354735024N12024469WA0159101649
B2225364735020N12024470WA0159601652
B2225374735017N12024473WA0159901655
B2225384735016N12024477WA0160401659
B2225394735016N12024482WA0160401661
B2225404735017N12024489WA0160401663
B2225414735020N12024497WA0160401664
B2225424735025N12024503WA0160801666
B2225434735030N12024507WA0161101668
B2225444735036N12024510WA0161601671
B2225454735042N12024512WA0161901675
B2225464735048N12024514WA0162101678
B2225474735055N12024516WA0162301681
B2225484735062N12024517WA0162701684
B2225494735069N12024517WA0162901688
B2225504735076N12024516WA0163701692
B2225514735082N12024514WA0164001696
B2225524735087N12024510WA0164201699
B2225534735091N12024505WA0164401701
B2225544735095N12024497WA0164501702
B2225554735096N12024489WA0164401703
B2225564735097N12024482WA0164501705
B2225574735096N12024475WA0164901707
B2225584735094N12024469WA0165201709
B2225594735092N12024464WA0165401712
B2226004735089N12024460WA0165801715
B2226014735086N12024455WA0166001719
B2226024735083N12024452WA0166501722
B2226034735080N12024451WA0166601725
B2226044735077N12024451WA0166901728
B2226054735073N12024453WA0167201731
B2226064735070N12024457WA0167701734
B2226074735068N12024462WA0167901738
B2226084735068N12024469WA0168501741
B2226094735070N12024475WA0168501745
B2226104735074N12024481WA0168901747
B2226114735079N12024486WA0169101750
B2226124735086N12024489WA0169501753
B2226134735093N12024489WA0169801757
B2226144735100N12024489WA0170001761
B2226154735107N12024486WA0170501764
B2226164735113N12024482WA0170701767
B2226174735119N12024476WA0170901770
B2226184735123N12024467WA0170901772
B2226194735126N12024458WA0171301775
B2226204735128N12024449WA0171701777
B2226214735128N12024441WA0172201782
B2226224735127N12024435WA0172501786
B2226234735126N12024430WA0172701788
B2226244735124N12024426WA0172801790
B2226254735120N12024424WA0172901791
B2226264735116N12024424WA0173101793
B2226274735112N12024427WA0173101795
B2226284735108N12024431WA0173701798
B2226294735105N12024434WA0174101801
B2226304735102N12024436WA0174601805
B2226314735100N12024438WA0174801808
B2226324735097N12024441WA0174901811
B2226334735095N12024446WA0175101814
B2226344735095N12024453WA0175301816
B2226354735097N12024460WA0175601818
B2226364735099N12024467WA0175901821
B2226374735103N12024473WA0176001823
B2226384735108N12024479WA0175901824
B2226394735114N12024484WA0176301826
B2226404735121N12024488WA0176401828
B2226414735130N12024489WA0176501830
B2226424735137N12024488WA0177101833
B2226434735144N12024486WA0177501837
B2226444735151N12024485WA0178101841
B2226454735157N12024483WA0178501845
B2226464735163N12024480WA0178701848
B2226474735169N12024476WA0178701850
B2226484735174N12024470WA0178701851
B2226494735179N12024461WA0178701852
B2226504735182N12024453WA0179101854
B2226514735183N12024444WA0179201858
B2226524735182N12024438WA0179701861
B2226534735180N12024433WA0179801864
B2226544735177N12024431WA0179901865
B2226554735173N12024431WA0180001866
B2226564735169N12024434WA0180101868
B2226574735166N12024439WA0180301869
B2226584735164N12024445WA0180701872
B2226594735165N12024452WA0180901874
B2227004735167N12024460WA0181201876
B2227014735170N12024466WA0181301878
B2227024735174N12024472WA0181601880
B2227034735179N12024477WA0181901883
B2227044735186N12024481WA0182001885
B2227054735192N12024483WA0182101887
B2227064735200N12024483WA0182501890
B2227074735207N12024481WA0182701892
B2227084735214N12024480WA0183001895
B2227094735222N12024479WA0183201898
B2227104735229N12024478WA0183401900
B2227114735236N12024478WA0183701902
B2227124735244N12024477WA0183801904
B2227134735251N12024477WA0183701905
B2227144735259N12024477WA0184001907
B2227154735266N12024477WA0184401910
B2227164735272N12024477WA0184901914
B2227174735278N12024477WA0185201917
B2227184735283N12024477WA0185301919
B2227194735289N12024476WA0185401920
B2227204735295N12024476WA0185401921
B2227214735301N12024477WA0185101921
B2227224735308N12024478WA0185301922
B2227234735315N12024478WA0185701923
B2227244735322N12024479WA0185901925
B2227254735328N12024479WA0186101926
B2227264735335N12024478WA0186301928
B2227274735341N12024477WA0186301930
B2227284735347N12024476WA0186801933
B2227294735354N12024476WA0187201936
B2227304735360N12024476WA0187401940
B2227314735366N12024476WA0187801943
B2227324735371N12024475WA0187901945
B2227334735377N12024474WA0188001948
B2227344735383N12024473WA0188201948
B2227354735390N12024471WA0188101949
B2227364735396N12024470WA0188101949
B2227374735403N12024469WA0188001950
B2227384735411N12024467WA0188301950
B2227394735418N12024464WA0188301951
B2227404735424N12024460WA0188501953
B2227414735431N12024455WA0188601954
B2227424735438N12024451WA0188601955
B2227434735444N12024447WA0188901958
B2227444735449N12024445WA0189301960
B2227454735454N12024443WA0189601962
B2227464735459N12024440WA0189601963
B2227474735464N12024437WA0189401963
B2227484735471N12024434WA0189101961
B2227494735479N12024433WA0188801959
B2227504735488N12024434WA0188701959
B2227514735496N12024438WA0189201962
B2227524735502N12024441WA0190001966
B2227534735508N12024444WA0190201968
B2227544735515N12024445WA0190201969
B2227554735522N12024445WA0189801969
B2227564735529N12024447WA0189601968
B2227574735538N12024449WA0189401967
B2227584735546N12024452WA0189701968
B2227594735553N12024453WA0190201971
B2228004735560N12024454WA0190701975
B2228014735567N12024453WA0191001978
B2228024735573N12024453WA0191201980
B2228034735581N12024451WA0191101980
B2228044735589N12024447WA0190801979
B2228054735598N12024442WA0190501978
B2228064735607N12024436WA0190801979
B2228074735614N12024429WA0191101982
B2228084735621N12024423WA0191801985
B2228094735627N12024418WA0192101988
B2228104735634N12024412WA0192101990
B2228114735640N12024406WA0192201990
B2228124735646N12024398WA0191901990
B2228134735651N12024389WA0191801990
B2228144735655N12024380WA0192101991
B2228154735658N12024373WA0192601994
B2228164735660N12024368WA0192901996
B2228174735663N12024362WA0192801996
B2228184735664N12024355WA0192301994
B2228194735665N12024347WA0191801990
B2228204735665N12024339WA0191601987
B2228214735664N12024332WA0191401985
B2228224735661N12024328WA0191501984
B2228234735659N12024326WA0191401982
B2228244735656N12024324WA0191101981
B2228254735654N12024321WA0190901978
B2228264735651N12024317WA0190301974
B2228274735649N12024311WA0189701969
B2228284735648N12024305WA0189301963
B2228294735648N12024300WA0188801959
B2228304735649N12024294WA0188401955
B2228314735651N12024287WA0188201952
B2228324735654N12024281WA0187701948
B2228334735658N12024275WA0187301945
B2228344735662N12024269WA0187101941
B2228354735665N12024263WA0186701936
B2228364735668N12024256WA0185901931
B2228374735673N12024249WA0185401925
B2228384735678N12024242WA0184601920
B2228394735685N12024235WA0184301916
B2228404735691N12024230WA0184101912
B2228414735697N12024225WA0183901907
B2228424735703N12024220WA0183401904
B2228434735709N12024214WA0183001899
B2228444735715N12024207WA0182201894
B2228454735722N12024201WA0181901890
B2228464735729N12024195WA0181701888
B2228474735734N12024190WA0181801886
B2228484735740N12024186WA0181901885
B2228494735745N12024182WA0181401882
B2228504735751N12024176WA0180801879
B2228514735756N12024170WA0180301874
B2228524735761N12024162WA0179501869
B2228534735766N12024154WA0179401865
B2228544735771N12024146WA0179201863
B2228554735776N12024139WA0179101861
B2228564735780N12024132WA0179101859
B2228574735784N12024125WA0178801857
B2228584735788N12024118WA0178601855
B2228594735791N12024110WA0178201852
B2229004735795N12024102WA0177801848
B2229014735798N12024094WA0177701845
B2229024735801N12024086WA0177301842
B2229034735804N12024077WA0177101839
B2229044735806N12024069WA0176801837
B2229054735809N12024060WA0176501833
B2229064735812N12024050WA0175701829
B2229074735814N12024039WA0175301824
B2229084735817N12024028WA0174601820
B2229094735820N12024016WA0174401816
B2229104735822N12024004WA0174101813
B2229114735825N12023994WA0174001811
B2229124735827N12023983WA0174001810
B2229134735830N12023973WA0173901807
B2229144735833N12023963WA0173401805
B2229154735835N12023952WA0172901801
B2229164735838N12023941WA0172501798
B2229174735840N12023929WA0172301794
B2229184735843N12023918WA0172001792
B2229194735846N12023907WA0172101790
B2229204735848N12023897WA0172101789
B2229214735850N12023887WA0171801787
B2229224735851N12023877WA0171401784
B2229234735853N12023867WA0171101781
B2229244735856N12023856WA0170601778
B2229254735858N12023845WA0170501775
B2229264735860N12023834WA0170201772
B2229274735862N12023823WA0170101770
B2229284735864N12023813WA0170001768
B2229294735866N12023802WA0169801766
B2229304735868N12023792WA0169501764
B2229314735870N12023782WA0169301761
B2229324735873N12023771WA0168801758
B2229334735875N12023760WA0168501754
B2229344735877N12023749WA0168101751
B2229354735879N12023738WA0168101748
B2229364735881N12023726WA0167701746
B2229374735882N12023715WA0167601744
B2229384735884N12023704WA0167401742
B2229394735886N12023693WA0167101739
B2229404735888N12023682WA0166601737
B2229414735890N12023671WA0166601734
B2229424735892N12023661WA0166701733
B2229434735894N12023651WA0166801733
B2229444735896N12023642WA0166801732
B2229454735898N12023634WA0166601731
B2229464735899N12023625WA0166301729
B2229474735901N12023616WA0166101727
B2229484735902N12023606WA0165701726
B2229494735904N12023596WA0165501723
B2229504735905N12023586WA0165501721
B2229514735907N12023576WA0165401720
B2229524735909N12023566WA0165301718
B2229534735911N12023556WA0165101716
B2229544735913N12023546WA0164801714
B2229554735916N12023536WA0164601712
B2229564735918N12023526WA0164401710
B2229574735920N12023515WA0164101708
B2229584735921N12023504WA0163801706
B2229594735923N12023493WA0163601703
B2230004735925N12023482WA0163501701
B2230014735927N12023471WA0163401700
B2230024735929N12023460WA0163101698
B2230034735931N12023449WA0162901695
B2230044735932N12023438WA0162301693
B2230054735934N12023427WA0162401691
B2230064735935N12023416WA0162101689
B2230074735937N12023406WA0162001687
B2230084735938N12023396WA0162001685
B2230094735940N12023385WA0161601682
B2230104735942N12023375WA0161201680
B2230114735944N12023364WA0161101677
B2230124735945N12023353WA0160601674
B2230134735946N12023342WA0160301671
B2230144735947N12023330WA0160001668
B2230154735948N12023319WA0159901666
B2230164735950N12023308WA0159701663
B2230174735951N12023297WA0159501661
B2230184735952N12023286WA0159101659
B2230194735953N12023274WA0159001656
B2230204735954N12023263WA0158601653
B2230214735956N12023251WA0158201650
B2230224735957N12023239WA0157801647
B2230234735959N12023228WA0157701644
B2230244735960N12023216WA0157401642
B2230254735961N12023205WA0157401639
B2230264735962N12023194WA0157101637
B2230274735964N12023183WA0156901635
B2230284735965N12023171WA0156501632
B2230294735967N12023160WA0156201629
B2230304735968N12023149WA0155901626
B2230314735969N12023137WA0155801624
B2230324735970N12023126WA0155401621
B2230334735970N12023114WA0155201619
B2230344735971N12023103WA0155001617
B2230354735972N12023091WA0154701614
B2230364735973N12023080WA0154601612
B2230374735974N12023069WA0154401610
B2230384735975N12023058WA0154301607
B2230394735976N12023047WA0153901605
B2230404735977N12023036WA0153701603
B2230414735979N12023025WA0153401600
B2230424735980N12023014WA0153301598
B2230434735981N12023003WA0153101596
B2230444735982N12022992WA0152801594
B2230454735983N12022981WA0152401591
B2230464735983N12022969WA0152201588
B2230474735983N12022958WA0152001586
B2230484735984N12022947WA0151601585
B2230494735986N12022936WA0151901582
B2230504735988N12022926WA0151701580
B2230514735989N12022916WA0151301578
B2230524735990N12022905WA0150901575
B2230534735992N12022894WA0150701572
B2230544735993N12022883WA0150501570
B2230554735994N12022872WA0150401568
B2230564735994N12022861WA0150101566
B2230574735995N12022851WA0150101564
B2230584735996N12022840WA0149801562
B2230594735997N12022830WA0149601560
B2231004735999N12022819WA0149401558
B2231014736001N12022808WA0149301556
B2231024736003N12022797WA0149001554
B2231034736005N12022787WA0148901553
B2231044736007N12022776WA0148801552
B2231054736009N12022766WA0148801550
B2231064736011N12022756WA0148601549
B2231074736012N12022745WA0148401547
B2231084736014N12022735WA0147901544
B2231094736016N12022724WA0147801542
B2231104736018N12022713WA0147501539
B2231114736019N12022702WA0147401537
B2231124736021N12022691WA0146901534
B2231134736023N12022681WA0146801532
B2231144736025N12022670WA0146701530
B2231154736026N12022660WA0146401528
B2231164736028N12022649WA0146201526
B2231174736029N12022638WA0146101524
B2231184736030N12022628WA0145801521
B2231194736031N12022617WA0145501519
B2231204736032N12022606WA0145301516
B2231214736033N12022594WA0145001514
B2231224736035N12022583WA0144901512
B2231234736036N12022572WA0145001511
B2231244736037N12022561WA0144701510
B2231254736038N12022550WA0144701508
B2231264736039N12022540WA0144401506
B2231274736040N12022528WA0144001504
B2231284736042N12022517WA0143901500
B2231294736044N12022505WA0143301498
B2231304736045N12022493WA0143101495
B2231314736047N12022482WA0142901492
B2231324736048N12022470WA0142801491
B2231334736049N12022460WA0142801489
B2231344736051N12022449WA0142701488
B2231354736053N12022439WA0142801486
B2231364736055N12022428WA0142101484
B2231374736057N12022417WA0142101481
B2231384736059N12022405WA0141801479
B2231394736060N12022393WA0141501477
B2231404736062N12022382WA0141401476
B2231414736063N12022370WA0141501475
B2231424736064N12022358WA0141201474
B2231434736065N12022347WA0141401474
B2231444736066N12022335WA0141301473
B2231454736068N12022324WA0141201472
B2231464736070N12022313WA0141001471
B2231474736072N12022302WA0140901469
B2231484736073N12022290WA0140501467
B2231494736074N12022278WA0140401465
B2231504736076N12022267WA0140101463
B2231514736077N12022255WA0139801460
B2231524736079N12022242WA0139501458
B2231534736081N12022230WA0139301455
B2231544736082N12022218WA0139001452
B2231554736083N12022205WA0138901450
B2231564736084N12022192WA0138701448
B2231574736086N12022180WA0138601447
B2231584736088N12022167WA0138501446
B2231594736090N12022154WA0138401445
B2232004736092N12022142WA0138301444
B2232014736093N12022129WA0138401444
B2232024736095N12022117WA0138101443
B2232034736097N12022104WA0138101443
B2232044736099N12022093WA0138301443
B2232054736102N12022082WA0138601444
B2232064736104N12022072WA0138801444
B2232074736106N12022062WA0138801445
B2232084736109N12022053WA0138801445
B2232094736112N12022044WA0138501444
B2232104736115N12022034WA0138401443
B2232114736117N12022025WA0138401442
B2232124736120N12022015WA0138301442
B2232134736122N12022007WA0138701443
B2232144736124N12022001WA0139301445
B2232154736127N12021994WA0139301447
B2232164736130N12021988WA0139201447
B2232174736134N12021981WA0138901446
B2232184736136N12021973WA0139201446
B2232194736139N12021966WA0139101446
B2232204736141N12021958WA0139501448
B2232214736143N12021952WA0139801450
B2232224736145N12021946WA0139901451
B2232234736147N12021940WA0139901452
B2232244736148N12021933WA0139801453
B2232254736148N12021926WA0139701452
B2232264736148N12021919WA0139701452
B2232274736148N12021911WA0139701452
B2232284736149N12021904WA0140001454
B2232294736149N12021897WA0140101455
B2232304736150N12021891WA0140201456
B2232314736150N12021884WA0140301457
B2232324736151N12021877WA0140201457
B2232334736151N12021870WA0140301458
B2232344736151N12021863WA0140301458
B2232354736152N12021856WA0140301457
B2232364736153N12021849WA0140101457
B2232374736153N12021841WA0140101456
B2232384736153N12021834WA0140001455
B2232394736153N12021827WA0139901455
B2232404736153N12021820WA0140001455
B2232414736153N12021813WA0140001454
B2232424736153N12021806WA0140001454
B2232434736154N12021799WA0139901453
B2232444736154N12021792WA0139701452
B2232454736155N12021784WA0139601451
B2232464736155N12021776WA0139601450
B2232474736156N12021768WA0139601450
B2232484736156N12021760WA0139701451
B2232494736156N12021753WA0139901453
B2232504736156N12021747WA0140401454
B2232514736156N12021741WA0140301455
B2232524736156N12021735WA0140101456
B2232534736157N12021727WA0140001455
B2232544736156N12021720WA0140001454
B2232554736156N12021713WA0140001455
B2232564736155N12021707WA0140201455
B2232574736154N12021702WA0140201455
B2232584736153N12021696WA0140001454
B2232594736152N12021690WA0139801452
B2233004736150N12021683WA0139501449
B2233014736148N12021676WA0139101447
B2233024736145N12021669WA0138901445
B2233034736143N12021661WA0138801444
B2233044736141N12021654WA0139401445
B2233054736140N12021648WA0139401445
B2233064736139N12021642WA0139201445
B2233074736137N12021635WA0139101445
B2233084736135N12021629WA0139101444
B2233094736132N12021622WA0139101445
B2233104736130N12021616WA0139301446
B2233114736127N12021611WA0139501448
B2233124736123N12021606WA0139601449
B2233134736120N12021602WA0139901451
B2233144736117N12021597WA0140101452
B2233154736115N12021592WA0140001454
B2233164736112N12021587WA0140401456
B2233174736110N12021584WA0140801458
B2233184736107N12021582WA0140701459
B2233194736105N12021581WA0140601458
B2233204736101N12021580WA0140201456
B2233214736098N12021578WA0139701453
B2233224736093N12021576WA0139501449
B2233234736089N12021575WA0139401447
B2233244736086N12021578WA0139601446
B2233254736083N12021583WA0139501446
B2233264736081N12021589WA0139201444
B2233274736079N12021596WA0139001444
B2233284736078N12021604WA0139101442
B2233294736079N12021612WA0139001442
B2233304736081N12021620WA0138801441
B2233314736084N12021629WA0138601440
B2233324736087N12021637WA0138501439
B2233334736090N12021645WA0138401437
B2233344736093N12021653WA0138301436
B2233354736097N12021661WA0138101434
B2233364736100N12021670WA0137801434
B2233374736102N12021678WA0137701431
B2233384736105N12021687WA0137601429
B2233394736107N12021696WA0137501428
B2233404736109N12021705WA0137601427
B2233414736110N12021713WA0137601427
B2233424736109N12021720WA0137701427
B2233434736108N12021727WA0137601426
B2233444736107N12021734WA0137501425
B2233454736103N12021740WA0137301423
B2233464736099N12021745WA0137101421
B2233474736095N12021748WA0137101420
B2233484736090N12021749WA0137001420
B2233494736086N12021748WA0137101419
B2233504736083N12021744WA0137001419
B2233514736080N12021739WA0136901418
B2233524736078N12021733WA0136901417
B2233534736076N12021726WA0136801417
B2233544736075N12021719WA0136501417
B2233554736073N12021711WA0136201415
B2233564736071N12021703WA0135901413
B2233574736069N12021695WA0135901412
B2233584736067N12021687WA0135601411
B2233594736066N12021679WA0136001410
B2234004736065N12021671WA0135601409
B2234014736064N12021663WA0135401407
B2234024736063N12021654WA0135001404
B2234034736061N12021645WA0134901403
B2234044736060N12021637WA0134801402
B2234054736058N12021629WA0134801401
B2234064736057N12021621WA0134701400
B2234074736055N12021612WA0134501399
B2234084736054N12021604WA0134401398
B2234094736053N12021595WA0134301397
B2234104736052N12021587WA0134201396
B2234114736050N12021579WA0134101395
B2234124736047N12021571WA0134101393
B2234134736044N12021563WA0133701392
B2234144736042N12021555WA0134001391
B2234154736039N12021547WA0133801391
B2234164736037N12021539WA0134001392
B2234174736035N12021531WA0133901392
B2234184736033N12021523WA0133901391
B2234194736030N12021516WA0133801390
B2234204736028N12021508WA0133601388
B2234214736025N12021500WA0133301386
B2234224736023N12021491WA0132901384
B2234234736020N12021482WA0132801382
B2234244736018N12021473WA0132801380
B2234254736015N12021465WA0132701379
B2234264736012N12021457WA0132701378
B2234274736010N12021450WA0132401376
B2234284736008N12021441WA0132201374
B2234294736005N12021432WA0131901372
B2234304736002N12021423WA0131701369
B2234314735999N12021414WA0131501368
B2234324735996N12021406WA0131701366
B2234334735993N12021398WA0131601366
B2234344735990N12021390WA0131601366
B2234354735987N12021383WA0131901366
B2234364735985N12021376WA0131801367
B2234374735983N12021369WA0131901368
B2234384735981N12021362WA0132001368
B2234394735981N12021354WA0132101368
B2234404735981N12021346WA0131801367
B2234414735981N12021338WA0131901367
B2234424735981N12021330WA0132101368
B2234434735981N12021323WA0132301369
B2234444735980N12021316WA0132301370
B2234454735978N12021310WA0132501370
B2234464735976N12021305WA0132501370
B2234474735973N12021302WA0132601371
B2234484735970N12021299WA0132601371
B2234494735967N12021297WA0132701372
B2234504735964N12021296WA0132701372
B2234514735960N12021296WA0132601372
B2234524735957N12021298WA0132601372
B2234534735953N12021303WA0132301371
B2234544735951N12021309WA0132201369
B2234554735949N12021316WA0132301369
B2234564735949N12021324WA0132501370
B2234574735950N12021331WA0132701371
B2234584735951N12021339WA0132701372
B2234594735954N12021347WA0132901373
B2235004735956N12021354WA0133001374
B2235014735959N12021361WA0133201375
B2235024735962N12021368WA0133301376
B2235034735964N12021375WA0133401377
B2235044735966N12021382WA0133501378
B2235054735968N12021389WA0133501378
B2235064735968N12021397WA0133601379
B2235074735968N12021405WA0133601379
B2235084735966N12021412WA0133601381
B2235094735963N12021416WA0133801382
B2235104735959N12021419WA0134001384
B2235114735955N12021421WA0134101386
B2235124735950N12021421WA0134301387
B2235134735946N12021421WA0134501388
B2235144735942N12021419WA0134701390
B2235154735939N12021415WA0134801391
B2235164735936N12021409WA0134901393
B2235174735935N12021402WA0135001394
B2235184735934N12021394WA0135201396
B2235194735935N12021385WA0135201396
B2235204735936N12021376WA0135301397
B2235214735939N12021368WA0135601400
B2235224735942N12021361WA0135701402
B2235234735945N12021354WA0135901403
B2235244735948N12021347WA0136001405
B2235254735950N12021340WA0135901406
B2235264735950N12021333WA0136101407
B2235274735949N12021327WA0136001407
B2235284735946N12021322WA0135901406
B2235294735941N12021319WA0135701406
B2235304735937N12021319WA0135601404
B2235314735932N12021322WA0135401403
B2235324735930N12021327WA0135401402
B2235334735928N12021334WA0135501401
B2235344735928N12021340WA0135601401
B2235354735929N12021346WA0135501400
B2235364735930N12021353WA0135101398
B2235374735933N12021360WA0134901396
B2235384735937N12021367WA0134301393
B2235394735942N12021374WA0134201390
B2235404735947N12021381WA0134101389
B2235414735951N12021388WA0134501390
B2235424735955N12021394WA0134701392
B2235434735958N12021399WA0134801393
B2235444735962N12021405WA0134601393
B2235454735966N12021412WA0134501392
B2235464735970N12021418WA0134301392
B2235474735974N12021425WA0134501392
B2235484735978N12021433WA0134501393
B2235494735982N12021440WA0134801394
B2235504735984N12021447WA0135101396
B2235514735986N12021454WA0135301398
B2235524735987N12021461WA0135301399
B2235534735987N12021467WA0135401399
B2235544735986N12021474WA0135201398
B2235554735983N12021479WA0134901397
B2235564735980N12021484WA0134701396
B2235574735977N12021486WA0134701395
B2235584735973N12021485WA0134401394
B2235594735969N12021481WA0134401393
B2236004735967N12021474WA0134301392
B2236014735967N12021467WA0134301391
B2236024735967N12021460WA0134101390
B2236034735967N12021452WA0134301389
B2236044735967N12021445WA0134001389
B2236054735967N12021437WA0133901388
B2236064735966N12021429WA0134001388
B2236074735966N12021421WA0134101388
B2236084735965N12021413WA0133901388
B2236094735964N12021406WA0133801387
B2236104735963N12021398WA0133701385
B2236114735962N12021390WA0133301383
B2236124735961N12021381WA0132901380
B2236134735960N12021371WA0132601378
B2236144735959N12021362WA0132301375
B2236154735957N12021352WA0132001373
B2236164735955N12021342WA0132101371
B2236174735953N12021333WA0132101371
B2236184735952N12021324WA0132401372
B2236194735950N12021315WA0132501373
B2236204735948N12021305WA0132401374
B2236214735947N12021295WA0132201374
B2236224735945N12021286WA0132301373
B2236234735943N12021277WA0132301372
B2236244735942N12021268WA0132201370
B2236254735940N12021259WA0132001369
B2236264735939N12021248WA0131701368
B2236274735937N12021237WA0131601366
B2236284735936N12021226WA0131201364
B2236294735934N12021215WA0131301364
B2236304735933N12021205WA0131601364
B2236314735931N12021195WA0131501364
B2236324735929N12021185WA0131301363
B2236334735928N12021174WA0131201362
B2236344735926N12021164WA0131001361
B2236354735924N12021153WA0130901360
B2236364735922N12021142WA0130801359
B2236374735921N12021132WA0130901359
B2236384735919N12021122WA0131001359
B2236394735917N12021113WA0131001360
B2236404735915N12021102WA0130901360
B2236414735913N12021092WA0130901360
B2236424735911N12021082WA0130901360
B2236434735909N12021072WA0131001360
B2236444735908N12021062WA0131101360
B2236454735906N12021052WA0131101361
B2236464735905N12021042WA0131101361
B2236474735903N12021032WA0131101360
B2236484735901N12021022WA0130901360
B2236494735898N12021012WA0130901360
B2236504735895N12021002WA0131101361
B2236514735892N12020994WA0131501364
B2236524735890N12020986WA0132101367
B2236534735888N12020979WA0132301370
B2236544735888N12020971WA0132701373
B2236554735887N12020963WA0132701375
B2236564735886N12020955WA0132901377
B2236574735884N12020948WA0133101379
B2236584735881N12020942WA0133701382
B2236594735879N12020937WA0133701385
B2237004735876N12020934WA0134101387
B2237014735875N12020932WA0134401390
B2237024735874N12020932WA0134301391
B2237034735872N12020933WA0134101390
B2237044735869N12020935WA0133801388
B2237054735866N12020938WA0133501385
B2237064735864N12020943WA0133101383
B2237074735862N12020949WA0133301381
B2237084735862N12020957WA0133101381
B2237094735864N12020965WA0132801379
B2237104735866N12020974WA0132601379
B2237114735870N12020982WA0133101379
B2237124735875N12020988WA0133301381
B2237134735879N12020991WA0133701384
B2237144735884N12020993WA0133801386
B2237154735890N12020994WA0133801386
B2237164735896N12020994WA0133701386
B2237174735903N12020993WA0133701386
B2237184735910N12020989WA0133701386
B2237194735916N12020984WA0133801387
B2237204735921N12020978WA0134201388
B2237214735924N12020971WA0134301389
B2237224735926N12020963WA0134201389
B2237234735929N12020954WA0134101390
B2237244735931N12020945WA0134401391
B2237254735933N12020937WA0134501391
B2237264735933N12020928WA0134501393
B2237274735932N12020920WA0134901395
B2237284735931N12020914WA0135301397
B2237294735930N12020911WA0135701400
B2237304735928N12020910WA0135601402
B2237314735926N12020912WA0135601403
B2237324735924N12020916WA0135301401
B2237334735923N12020922WA0135101400
B2237344735924N12020930WA0135201400
B2237354735926N12020939WA0135101402
B2237364735931N12020945WA0135701403
B2237374735937N12020950WA0135701405
B2237384735942N12020954WA0135901406
B2237394735949N12020957WA0135801407
B2237404735955N12020959WA0135901407
B2237414735962N12020958WA0135801407
B2237424735969N12020955WA0135901406
B2237434735976N12020949WA0135701406
B2237444735981N12020941WA0135801406
B2237454735984N12020931WA0135901406
B2237464735985N12020922WA0136001407
B2237474735985N12020912WA0135801407
B2237484735984N12020902WA0135801406
B2237494735980N12020894WA0135601406
B2237504735976N12020888WA0135601406
B2237514735971N12020884WA0135801408
B2237524735968N12020880WA0136401411
B2237534735965N12020876WA0136901415
B2237544735963N12020871WA0137401418
B2237554735961N12020865WA0137401421
B2237564735959N12020860WA0137601423
B2237574735957N12020856WA0137601425
B2237584735954N12020852WA0137901427
B2237594735951N12020849WA0137901428
B2238004735948N12020847WA0137801429
B2238014735945N12020845WA0137701428
B2238024735941N12020843WA0137601427
B2238034735937N12020841WA0137501426
B2238044735932N12020838WA0137001424
B2238054735928N12020834WA0137001421
B2238064735923N12020829WA0136601420
B2238074735918N12020824WA0136701418
B2238084735914N12020818WA0136501417
B2238094735910N12020813WA0136601416
B2238104735906N12020808WA0136101414
B2238114735902N12020804WA0135701410
B2238124735896N12020801WA0135201407
B2238134735890N12020797WA0135001403
B2238144735884N12020792WA0134401401
B2238154735878N12020788WA0135201401
B2238164735874N12020785WA0135701403
B2238174735871N12020782WA0135801405
B2238184735868N12020780WA0135701405
B2238194735864N12020777WA0135301404
B2238204735859N12020776WA0135301402
B2238214735853N12020777WA0135201402
B2238224735847N12020778WA0136001404
B2238234735842N12020780WA0136001406
B2238244735837N12020782WA0136201407
B2238254735832N12020784WA0136301408
B2238264735827N12020784WA0136601411
B2238274735822N12020782WA0136901414
B2238284735817N12020780WA0137101418
B2238294735812N12020778WA0137501421
B2238304735807N12020777WA0137801425
B2238314735802N12020776WA0138001428
B2238324735797N12020777WA0138501431
B2238334735793N12020780WA0138501433
B2238344735789N12020786WA0138601435
B2238354735787N12020794WA0138701436
B2238364735787N12020803WA0138701437
B2238374735789N12020812WA0138901438
B2238384735793N12020821WA0139201439
B2238394735799N12020826WA0139401441
B2238404735805N12020828WA0139401443
B2238414735812N12020825WA0139201443
B2238424735817N12020819WA0139501444
B2238434735820N12020813WA0139801446
B2238444735822N12020806WA0140101448
B2238454735823N12020798WA0140301450
B2238464735824N12020790WA0140201451
B2238474735824N12020782WA0140201454
B2238484735823N12020774WA0141001457
B2238494735821N12020768WA0141301460
B2238504735818N12020765WA0141601463
B2238514735813N12020763WA0141601465
B2238524735808N12020763WA0141601466
B2238534735803N12020766WA0141701467
B2238544735799N12020772WA0141801468
B2238554735796N12020780WA0141901469
B2238564735795N12020789WA0142101470
B2238574735795N12020798WA0142101471
B2238584735797N12020807WA0142101472
B2238594735800N12020815WA0142201473
B2239004735805N12020821WA0142201473
B2239014735811N12020826WA0142101473
B2239024735818N12020828WA0142201473
B2239034735824N12020827WA0142201473
B2239044735830N12020824WA0142201473
B2239054735836N12020819WA0142301473
B2239064735840N12020813WA0142301474
B2239074735843N12020805WA0142501474
B2239084735845N12020798WA0142601476
B2239094735846N12020790WA0142901477
B2239104735846N12020783WA0143001479
B2239114735846N12020776WA0143101480
B2239124735845N12020770WA0143201481
B2239134735843N12020763WA0143201482
B2239144735840N12020757WA0143401483
B2239154735836N12020751WA0143201484
B2239164735832N12020747WA0143601485
B2239174735828N12020744WA0143501485
B2239184735823N12020743WA0143501486
B2239194735817N12020743WA0143501486
B2239204735811N12020746WA0143401486
B2239214735806N12020750WA0143501487
B2239224735801N12020757WA0143701489
B2239234735798N12020764WA0144001490
B2239244735796N12020772WA0144201492
B2239254735794N12020779WA0144401494
B2239264735792N12020786WA0144401495
B2239274735790N12020794WA0144401495
B2239284735788N12020803WA0144301496
B2239294735788N12020813WA0144401496
B2239304735789N12020822WA0144601497
B2239314735793N12020830WA0144701498
B2239324735798N12020835WA0144701499
B2239334735803N12020837WA0144701499
B2239344735809N12020837WA0144701499
B2239354735815N12020835WA0144801499
B2239364735820N12020832WA0144901500
B2239374735824N12020827WA0145101500
B2239384735826N12020822WA0144901501
B2239394735827N12020816WA0145201502
B2239404735826N12020810WA0145201503
B2239414735825N12020805WA0145301504
B2239424735822N12020801WA0145501505
B2239434735819N12020798WA0145501506
B2239444735816N12020795WA0145601507
B2239454735812N12020795WA0145701508
B2239464735807N12020795WA0145501508
B2239474735802N12020796WA0145601508
B2239484735798N12020799WA0145901509
B2239494735794N12020805WA0145801510
B2239504735791N12020812WA0145901511
B2239514735790N12020821WA0145901511
B2239524735792N12020830WA0146001511
B2239534735795N12020839WA0145701510
B2239544735801N12020846WA0145801510
B2239554735806N12020850WA0145801510
B2239564735812N12020852WA0146001511
B2239574735818N12020850WA0146001511
B2239584735822N12020846WA0145601510
B2239594735825N12020839WA0145601509
B2240004735828N12020831WA0145401509
B2240014735829N12020824WA0145601510
B2240024735830N12020817WA0146001511
B2240034735831N12020811WA0146001512
B2240044735833N12020804WA0146001512
B2240054735834N12020797WA0146001513
B2240064735835N12020790WA0146101514
B2240074735836N12020783WA0146201515
B2240084735837N12020777WA0146401516
B2240094735838N12020770WA0146401516
B2240104735839N12020763WA0146401517
B2240114735839N12020756WA0146401518
B2240124735840N12020749WA0146601519
B2240134735841N12020742WA0146701521
B2240144735842N12020735WA0147101523
B2240154735843N12020729WA0147401526
B2240164735843N12020723WA0147801529
B2240174735844N12020718WA0148001531
B2240184735843N12020712WA0148101533
B2240194735841N12020707WA0148101534
B2240204735836N12020704WA0147901535
B2240214735831N12020703WA0148301537
B2240224735827N12020705WA0148701539
B2240234735823N12020711WA0148701540
B2240244735820N12020719WA0148701541
B2240254735819N12020728WA0148801541
B2240264735820N12020737WA0148801541
B2240274735822N12020745WA0148801541
B2240284735826N12020753WA0148801541
B2240294735830N12020759WA0148701540
B2240304735836N12020763WA0148501540
B2240314735842N12020765WA0148501539
B2240324735848N12020764WA0148401539
B2240334735854N12020761WA0148601540
B2240344735858N12020757WA0148901542
B2240354735861N12020754WA0149201544
B2240364735863N12020749WA0149301546
B2240374735864N12020744WA0149401546
B2240384735864N12020739WA0149101546
B2240394735864N12020732WA0148901546
B2240404735863N12020725WA0149101547
B2240414735862N12020719WA0149501549
B2240424735863N12020714WA0150001552
B2240434735864N12020709WA0150201555
B2240444735865N12020704WA0150501557
B2240454735868N12020699WA0150601559
B2240464735870N12020694WA0150701560
B2240474735871N12020688WA0150601561
B2240484735873N12020682WA0150801562
B2240494735874N12020676WA0150901563
B2240504735875N12020671WA0151101564
B2240514735875N12020665WA0151001564
B2240524735875N12020659WA0150801564
B2240534735875N12020651WA0150801563
B2240544735874N12020644WA0150701563
B2240554735874N12020637WA0150801564
B2240564735874N12020630WA0151101564
B2240574735874N12020624WA0151101565
B2240584735875N12020617WA0151201566
B2240594735875N12020610WA0151201566
B2241004735876N12020603WA0151201566
B2241014735877N12020595WA0151401567
B2241024735878N12020588WA0151501569
B2241034735879N12020580WA0151501571
B2241044735881N12020572WA0151901573
B2241054735882N12020564WA0152201576
B2241064735884N12020556WA0152601579
B2241074735887N12020548WA0152801582
B2241084735890N12020540WA0153301585
B2241094735894N12020534WA0153401588
B2241104735899N12020529WA0153701591
B2241114735905N12020524WA0153901593
B2241124735910N12020518WA0153901595
B2241134735914N12020510WA0154201597
B2241144735916N12020501WA0154401599
B2241154735918N12020492WA0154801602
B2241164735919N12020483WA0155001605
B2241174735921N12020474WA0155101607
B2241184735923N12020466WA0155101608
B2241194735925N12020457WA0155101608
B2241204735927N12020447WA0155301609
B2241214735928N12020438WA0155501610
B2241224735928N12020430WA0155601612
B2241234735929N12020422WA0155901613
B2241244735930N12020415WA0156001614
B2241254735931N12020408WA0155901615
B2241264735933N12020400WA0156001615
B2241274735934N12020393WA0156101616
B2241284735935N12020386WA0156301618
B2241294735936N12020378WA0156301619
B2241304735937N12020371WA0156501620
B2241314735939N12020364WA0156701622
B2241324735941N12020357WA0156801623
B2241334735943N12020350WA0156701624
B2241344735945N12020344WA0156801625
B2241354735946N12020337WA0156801625
B2241364735947N12020330WA0156901626
B2241374735948N12020323WA0156901626
B2241384735949N12020317WA0156701625
B2241394735949N12020309WA0156501624
B2241404735949N12020301WA0156401623
B2241414735949N12020294WA0156301622
B2241424735949N12020286WA0156201621
B2241434735950N12020278WA0156101619
B2241444735951N12020269WA0155901618
B2241454735951N12020260WA0155801617
B2241464735951N12020250WA0155501615
B2241474735951N12020241WA0155501614
B2241484735952N12020232WA0155801614
B2241494735953N12020224WA0155701615
B2241504735955N12020217WA0155901615
B2241514735957N12020209WA0155701615
B2241524735959N12020201WA0155601614
B2241534735962N12020193WA0155401614
B2241544735964N12020185WA0155401613
B2241554735966N12020177WA0155501613
B2241564735968N12020170WA0155801614
B2241574735969N12020163WA0156001615
B2241584735971N12020156WA0156001616
B2241594735973N12020150WA0156201617
B2242004735975N12020144WA0156301618
B2242014735977N12020138WA0156501619
B2242024735979N12020131WA0156501619
B2242034735982N12020124WA0156301621
B2242044735983N12020117WA0156701622
B2242054735985N12020110WA0156801623
B2242064735988N12020103WA0156801624
B2242074735991N12020096WA0156801624
B2242084735994N12020091WA0156801625
B2242094735998N12020085WA0157001625
B2242104736002N12020080WA0156801625
B2242114736004N12020074WA0156701624
B2242124736006N12020067WA0156401622
B2242134736007N12020060WA0156401621
B2242144736007N12020052WA0156101619
B2242154736007N12020044WA0155801618
B2242164736006N12020037WA0156101617
B2242174736006N12020030WA0155801616
B2242184736006N12020023WA0155701614
B2242194736008N12020016WA0155401613
B2242204736009N12020008WA0155201611
B2242214736011N12020001WA0155201610
B2242224736012N12019994WA0155201610
B2242234736014N12019988WA0155301609
B2242244736016N12019982WA0155101608
B2242254736018N12019975WA0154901607
B2242264736020N12019968WA0154601606
B2242274736022N12019960WA0155001606
B2242284736024N12019954WA0155101607
B2242294736026N12019948WA0155301609
B2242304736028N12019944WA0155401609
B2242314736031N12019940WA0155301609
B2242324736033N12019936WA0154901608
B2242334736036N12019930WA0154701605
B2242344736038N12019922WA0154201603
B2242354736041N12019915WA0154201602
B2242364736043N12019907WA0154601603
B2242374736045N12019902WA0155201606
B2242384736048N12019897WA0155401609
B2242394736050N12019894WA0155601611
B2242404736053N12019890WA0155601612
B2242414736055N12019886WA0155601612
B2242424736058N12019880WA0155301611
B2242434736061N12019874WA0155101610
B2242444736064N12019868WA0155001609
B2242454736066N12019862WA0155501611
B2242464736068N12019857WA0155701613
B2242474736070N12019851WA0155801614
B2242484736072N12019846WA0155901616
B2242494736074N12019840WA0156101617
B2242504736076N12019835WA0156301619
B2242514736078N12019829WA0156301620
B2242524736079N12019822WA0156201620
B2242534736081N12019816WA0156501622
B2242544736084N12019812WA0156701622
B2242554736086N12019807WA0156701623
B2242564736089N12019803WA0156401622
B2242574736092N12019796WA0156301621
B2242584736095N12019789WA0156001619
B2242594736098N12019781WA0156001619
B2243004736101N12019774WA0156201618
B2243014736103N12019767WA0156101619
B2243024736106N12019761WA0156601620
B2243034736109N12019757WA0156501620
B2243044736112N12019751WA0156201619
B2243054736114N12019745WA0155801617
B2243064736116N12019739WA0155501614
B2243074736119N12019732WA0155001611
B2243084736122N12019724WA0155101609
B2243094736125N12019717WA0154701607
B2243104736129N12019711WA0154601604
B2243114736133N12019704WA0154301602
B2243124736137N12019698WA0153901598
B2243134736142N12019691WA0153401594
B2243144736148N12019684WA0153001591
B2243154736153N12019677WA0153101588
B2243164736158N12019670WA0152701586
B2243174736163N12019663WA0152501583
B2243184736167N12019656WA0151901580
B2243194736172N12019648WA0151701577
B2243204736177N12019641WA0151701575
B2243214736181N12019633WA0151601575
B2243224736184N12019627WA0152201576
B2243234736187N12019621WA0152001577
B2243244736189N12019615WA0152201576
B2243254736192N12019609WA0151801575
B2243264736195N12019603WA0151501573
B2243274736198N12019596WA0151401571
B2243284736201N12019589WA0151201568
B2243294736204N12019582WA0150701565
B2243304736208N12019575WA0150701563
B2243314736212N12019568WA0150301561
B2243324736216N12019561WA0149701558
B2243334736219N12019553WA0149801556
B2243344736222N12019545WA0149801555
B2243354736225N12019539WA0150001555
B2243364736228N12019533WA0149801555
B2243374736231N12019527WA0149901554
B2243384736234N12019521WA0149401552
B2243394736238N12019515WA0149201550
B2243404736241N12019509WA0148901548
B2243414736245N12019503WA0148901546
B2243424736249N12019497WA0148901545
B2243434736253N12019491WA0148801545
B2243444736257N12019485WA0148901544
B2243454736260N12019480WA0148601544
B2243464736264N12019475WA0148601543
B2243474736268N12019469WA0148701542
B2243484736271N12019464WA0148201541
B2243494736275N12019457WA0148001538
B2243504736279N12019450WA0147601535
B2243514736284N12019443WA0147301532
B2243524736288N12019435WA0146901530
B2243534736292N12019428WA0146901528
B2243544736297N12019421WA0146701527
B2243554736301N12019414WA0146601525
B2243564736305N12019407WA0146301523
B2243574736310N12019400WA0146101520
B2243584736314N12019392WA0145801518
B2243594736318N12019385WA0145601516
B2244004736322N12019377WA0145401513
B2244014736327N12019369WA0145101511
B2244024736331N12019361WA0144901509
B2244034736335N12019353WA0145001508
B2244044736339N12019346WA0145301508
B2244054736343N12019340WA0145501509
B2244064736346N12019334WA0145301508
B2244074736350N12019328WA0145101507
B2244084736354N12019321WA0144201504
B2244094736358N12019312WA0144001499
B2244104736362N12019303WA0143401496
B2244114736367N12019294WA0143301493
B2244124736371N12019285WA0143301491
B2244134736375N12019277WA0143301490
B2244144736379N12019269WA0143301489
B2244154736383N12019261WA0143101488
B2244164736387N12019252WA0143101486
B2244174736391N12019243WA0142501484
B2244184736395N12019234WA0142301481
B2244194736400N12019225WA0142001479
B2244204736405N12019216WA0141901477
B2244214736409N12019208WA0141801476
B2244224736414N12019199WA0141701475
B2244234736419N12019190WA0141501473
B2244244736423N12019181WA0141401472
B2244254736428N12019172WA0141201471
B2244264736433N12019163WA0141201469
B2244274736437N12019154WA0140801468
B2244284736442N12019145WA0140701467
B2244294736446N12019136WA0140601465
B2244304736451N12019128WA0140501464
B2244314736455N12019119WA0140301462
B2244324736460N12019111WA0140201460
B2244334736464N12019102WA0139801458
B2244344736468N12019094WA0139501456
B2244354736473N12019085WA0139301453
B2244364736477N12019077WA0139201451
B2244374736481N12019069WA0138901449
B2244384736485N12019061WA0138801447
B2244394736490N12019052WA0138201444
B2244404736494N12019043WA0138001440
B2244414736498N12019034WA0137601437
B2244424736502N12019025WA0137501435
B2244434736507N12019016WA0137201433
B2244444736511N12019007WA0137001432
B2244454736515N12018999WA0137501432
B2244464736518N12018993WA0137801433
B2244474736521N12018987WA0138001434
B2244484736524N12018982WA0137901433
B2244494736527N12018975WA0137501431
B2244504736530N12018968WA0137101428
B2244514736534N12018959WA0136501424
B2244524736537N12018949WA0136201421
B2244534736541N12018939WA0135801418
B2244544736546N12018929WA0135701416
B2244554736550N12018920WA0135401414
B2244564736555N12018911WA0135301412
B2244574736559N12018902WA0135201410
B2244584736563N12018893WA0135001408
B2244594736568N12018884WA0134601406
B2245004736572N12018875WA0134301403
B2245014736577N12018866WA0134001401
B2245024736583N12018857WA0133801398
B2245034736588N12018848WA0133401396
B2245044736593N12018839WA0133301393
B2245054736598N12018831WA0133001391
B2245064736603N12018822WA0132801389
B2245074736608N12018814WA0132601388
B2245084736613N12018806WA0132601386
B2245094736618N12018797WA0132201383
B2245104736623N12018789WA0132001381
B2245114736628N12018780WA0131801379
B2245124736633N12018772WA0131501376
B2245134736638N12018764WA0131301374
B2245144736643N12018755WA0131101372
B2245154736648N12018747WA0130901370
B2245164736654N12018739WA0130701368
B2245174736659N12018731WA0130401366
B2245184736665N12018723WA0130301363
B2245194736671N12018715WA0130001361
B2245204736677N12018707WA0129801359
B2245214736682N12018699WA0129801357
B2245224736687N12018691WA0129701355
B2245234736692N12018683WA0129501354
B2245244736698N12018674WA0129301351
B2245254736703N12018664WA0128801349
B2245264736709N12018655WA0128701347
B2245274736713N12018646WA0128801346
B2245284736717N12018636WA0129101346
B2245294736720N12018627WA0129201348
B2245304736723N12018619WA0129301349
B2245314736725N12018612WA0129701350
B2245324736728N12018606WA0129601350
B2245334736731N12018599WA0129501349
B2245344736734N12018592WA0129301347
B2245354736737N12018584WA0128901345
B2245364736740N12018575WA0128601343
B2245374736743N12018566WA0128601341
B2245384736746N12018556WA0128301339
B2245394736748N12018546WA0128301337
B2245404736750N12018535WA0127901335
B2245414736751N12018524WA0127801334
B2245424736752N12018514WA0127901334
B2245434736752N12018503WA0127701333
B2245444736753N12018493WA0127701333
B2245454736753N12018484WA0127701332
B2245464736753N12018475WA0127801331
B2245474736753N12018466WA0127601330
B2245484736752N12018457WA0127601329
B2245494736752N12018448WA0127201326
B2245504736753N12018438WA0126901324
B2245514736753N12018428WA0126701322
B2245524736753N12018418WA0126801320
B2245534736753N12018409WA0126801320
B2245544736753N12018400WA0126601319
B2245554736753N12018391WA0126701318
B2245564736753N12018381WA0126201316
B2245574736752N12018371WA0125901314
B2245584736750N12018361WA0125901312
B2245594736749N12018351WA0125601310
B2246004736748N12018340WA0125501309
B2246014736747N12018330WA0125501309
B2246024736746N12018321WA0125601307
B2246034736746N12018311WA0125501305
B2246044736745N12018300WA0125201304
B2246054736745N12018290WA0124801302
B2246064736744N12018279WA0124601300
B2246074736742N12018268WA0124401299
B2246084736741N12018258WA0124501297
B2246094736741N12018248WA0124301296
B2246104736740N12018238WA0124201295
B2246114736740N12018228WA0123901293
B2246124736739N12018218WA0123801291
B2246134736738N12018207WA0123501289
B2246144736737N12018196WA0123201286
B2246154736736N12018185WA0122801284
B2246164736735N12018174WA0122601282
B2246174736735N12018164WA0122501280
B2246184736735N12018153WA0122201278
B2246194736734N12018143WA0122201276
B2246204736734N12018133WA0122001274
B2246214736733N12018122WA0121701272
B2246224736733N12018112WA0121601270
B2246234736731N12018101WA0121401268
B2246244736730N12018091WA0121501268
B2246254736730N12018082WA0121901268
B2246264736730N12018074WA0121901268
B2246274736730N12018066WA0121701267
B2246284736730N12018058WA0121501265
B2246294736730N12018049WA0121001263
B2246304736729N12018040WA0120701260
B2246314736729N12018030WA0120301257
B2246324736728N12018019WA0120001254
B2246334736727N12018008WA0119801252
B2246344736726N12017998WA0119801251
B2246354736724N12017989WA0119801250
B2246364736722N12017980WA0119501249
B2246374736720N12017971WA0119501247
B2246384736718N12017962WA0119201244
B2246394736716N12017953WA0118701242
B2246404736715N12017943WA0118501240
B2246414736713N12017932WA0118301237
B2246424736712N12017921WA0118001235
B2246434736711N12017911WA0117801233
B2246444736712N12017900WA0117901232
B2246454736713N12017890WA0117701230
B2246464736716N12017880WA0117701229
B2246474736720N12017872WA0117401228
B2246484736724N12017863WA0117301226
B2246494736729N12017855WA0117001224
B2246504736734N12017846WA0116601221
B2246514736740N12017838WA0116401219
B2246524736746N12017830WA0116301218
B2246534736753N12017823WA0116301216
B2246544736759N12017816WA0116301216
B2246554736766N12017810WA0116501215
B2246564736772N12017805WA0116501214
B2246574736779N12017799WA0116301213
B2246584736786N12017794WA0116101212
B2246594736793N12017789WA0116201211
B2247004736799N12017786WA0116601211
B2247014736804N12017785WA0117301215
B2247024736808N12017784WA0117701216
B2247034736812N12017784WA0117801216
B2247044736816N12017782WA0117901216
B2247054736821N12017781WA0117701216
B2247064736826N12017779WA0117701216
B2247074736831N12017778WA0117801217
B2247084736835N12017780WA0117901218
B2247094736839N12017783WA0117901219
B2247104736842N12017789WA0117901220
B2247114736846N12017795WA0117801220
B2247124736850N12017799WA0117801220
B2247134736854N12017802WA0117801220
B2247144736858N12017803WA0117701220
B2247154736863N12017803WA0117701219
B2247164736866N12017801WA0117801219
B2247174736870N12017799WA0117801219
B2247184736873N12017796WA0117501218
B2247194736876N12017792WA0117301218
B2247204736879N12017787WA0117301217
B2247214736881N12017782WA0117201216
B2247224736882N12017775WA0117001215
B2247234736884N12017768WA0116701214
B2247244736884N12017762WA0116801213
B2247254736884N12017755WA0116601212
B2247264736883N12017748WA0116501211
B2247274736881N12017741WA0116201210
B2247284736879N12017733WA0116201208
B2247294736876N12017726WA0116001207
B2247304736874N12017719WA0115701205
B2247314736872N12017711WA0115901204
B2247324736870N12017704WA0115901204
B2247334736867N12017696WA0115601204
B2247344736865N12017689WA0115601203
B2247354736862N12017682WA0115401201
B2247364736859N12017674WA0115101199
B2247374736855N12017666WA0114901197
B2247384736851N12017657WA0114501195
B2247394736847N12017648WA0114401194
B2247404736843N12017640WA0114601194
B2247414736840N12017632WA0114701194
B2247424736837N12017624WA0114901193
B2247434736834N12017615WA0114601193
B2247444736831N12017606WA0114401191
B2247454736828N12017597WA0114301190
B2247464736824N12017588WA0114101190
B2247474736820N12017579WA0114401190
B2247484736817N12017571WA0114501190
B2247494736814N12017563WA0114601190
B2247504736810N12017554WA0114401189
B2247514736807N12017545WA0114201188
B2247524736803N12017536WA0114301188
B2247534736800N12017527WA0114201188
B2247544736796N12017519WA0114401187
B2247554736793N12017511WA0114301187
B2247564736789N12017503WA0114401186
B2247574736786N12017495WA0114201186
B2247584736782N12017486WA0114001185
B2247594736778N12017479WA0113901184
B2248004736773N12017471WA0114001184
B2248014736768N12017465WA0114101184
B2248024736763N12017459WA0114101185
B2248034736759N12017453WA0114501186
B2248044736755N12017448WA0114601186
B2248054736751N12017442WA0114501187
B2248064736747N12017436WA0114601186
B2248074736743N12017430WA0114401185
B2248084736738N12017424WA0114101184
B2248094736734N12017418WA0114201184
B2248104736729N12017413WA0114301183
B2248114736724N12017408WA0114301183
B2248124736720N12017402WA0114201182
B2248134736715N12017397WA0114101181
B2248144736711N12017390WA0113801181
B2248154736706N12017384WA0114001180
B2248164736701N12017378WA0113901180
B2248174736696N12017373WA0114301181
B2248184736691N12017368WA0114501183
B2248194736687N12017363WA0114501183
B2248204736682N12017357WA0114201182
B2248214736677N12017351WA0113901181
B2248224736672N12017344WA0113801180
B2248234736666N12017337WA0113901179
B2248244736660N12017331WA0113801180
B2248254736656N12017325WA0114201181
B2248264736651N12017319WA0114401182
B2248274736646N12017314WA0114401183
B2248284736641N12017307WA0114301182
B2248294736636N12017301WA0113901182
B2248304736631N12017293WA0113801181
B2248314736625N12017286WA0114001182
B2248324736621N12017279WA0114101183
B2248334736617N12017274WA0114801184
B2248344736613N12017269WA0114901184
B2248354736609N12017263WA0114701184
B2248364736604N12017257WA0114401183
B2248374736599N12017250WA0114101183
B2248384736594N12017242WA0114201183
B2248394736590N12017234WA0114401183
B2248404736586N12017227WA0114601184
B2248414736583N12017221WA0115001185
B2248424736579N12017215WA0115001185
B2248434736575N12017209WA0114801185
B2248444736571N12017203WA0114701184
B2248454736567N12017195WA0114601183
B2248464736562N12017188WA0114501184
B2248474736559N12017181WA0115001185
B2248484736555N12017175WA0115101187
B2248494736552N12017170WA0115401188
B2248504736549N12017164WA0115301188
B2248514736546N12017158WA0115201188
B2248524736543N12017152WA0115101187
B2248534736539N12017145WA0115101187
B2248544736536N12017138WA0115201188
B2248554736533N12017132WA0115201188
B2248564736530N12017126WA0115301188
B2248574736527N12017119WA0115501189
B2248584736524N12017113WA0115401189
B2248594736521N12017106WA0115201189
B2249004736518N12017099WA0115201189
B2249014736515N12017091WA0115201188
B2249024736512N12017084WA0115201188
B2249034736509N12017076WA0115301189
B2249044736507N12017069WA0115501190
B2249054736506N12017063WA0115901192
B2249064736506N12017056WA0116001194
B2249074736506N12017049WA0116201195
B2249084736508N12017044WA0116301195
B2249094736509N12017039WA0116301196
B2249104736512N12017036WA0116301197
B2249114736515N12017034WA0116101198
B2249124736519N12017035WA0116101197
B2249134736523N12017036WA0116201197
B2249144736526N12017040WA0116201198
B2249154736529N12017046WA0116301198
B2249164736530N12017053WA0116401200
B2249174736531N12017061WA0116601202
B2249184736530N12017069WA0116801204
B2249194736528N12017078WA0116901206
B2249204736525N12017085WA0117001206
B2249214736521N12017092WA0116801206
B2249224736516N12017098WA0116601206
B2249234736510N12017099WA0117001206
B2249244736505N12017099WA0117001207
B2249254736499N12017097WA0117001207
B2249264736494N12017093WA0116901207
B2249274736490N12017087WA0116901208
B2249284736488N12017081WA0117401209
B2249294736487N12017075WA0117601211
B2249304736487N12017069WA0117701212
B2249314736488N12017063WA0117701212
B2249324736490N12017056WA0117501212
B2249334736492N12017049WA0117501213
B2249344736494N12017044WA0117501213
B2249354736498N12017039WA0117601214
B2249364736502N12017036WA0117601215
B2249374736506N12017034WA0117801217
B2249384736510N12017034WA0118001218
B2249394736513N12017033WA0118301220
B2249404736517N12017034WA0118301221
B2249414736520N12017035WA0118301221
B2249424736524N12017037WA0118101222
B2249434736528N12017042WA0118201223
B2249444736530N12017048WA0118201223
B2249454736532N12017054WA0118501223
B2249464736534N12017060WA0118401224
B2249474736535N12017068WA0118601225
B2249484736535N12017077WA0118501226
B2249494736533N12017086WA0118501226
B2249504736531N12017094WA0118701227
B2249514736527N12017101WA0119001228
B2249524736523N12017108WA0119101230
B2249534736518N12017111WA0119301231
B2249544736512N12017113WA0119301232
B2249554736506N12017113WA0119401233
B2249564736501N12017110WA0119601234
B2249574736497N12017106WA0119601235
B2249584736494N12017102WA0119701235
B2249594736490N12017097WA0119701236
B2250004736488N12017090WA0119501236
B2250014736486N12017081WA0119601236
B2250024736486N12017073WA0119701238
B2250034736488N12017066WA0120101240
B2250044736491N12017061WA0120401243
B2250054736494N12017057WA0120701246
B2250064736498N12017054WA0120701247
B2250074736502N12017052WA0120701248
B2250084736507N12017051WA0120601249
B2250094736511N12017051WA0120701250
B2250104736516N12017054WA0121001252
B2250114736520N12017059WA0121301254
B2250124736523N12017065WA0121401256
B2250134736526N12017071WA0121601258
B2250144736527N12017078WA0121901260
B2250154736529N12017086WA0122001262
B2250164736529N12017093WA0122001263
B2250174736529N12017101WA0122201264
B2250184736527N12017109WA0122201265
B2250194736523N12017116WA0122201266
B2250204736518N12017121WA0122201267
B2250214736512N12017124WA0122201267
B2250224736506N12017124WA0122301269
B2250234736500N12017123WA0122701271
B2250244736494N12017119WA0122901272
B2250254736490N12017114WA0123101274
B2250264736486N12017109WA0123101275
B2250274736483N12017102WA0123301276
B2250284736481N12017095WA0123301277
B2250294736480N12017087WA0123401278
B2250304736480N12017079WA0123601280
B2250314736481N12017071WA0123801281
B2250324736484N12017065WA0123901283
B2250334736489N12017062WA0124201286
B2250344736494N12017060WA0124301288
B2250354736499N12017060WA0124701290
B2250364736504N12017063WA0124601291
B2250374736509N12017067WA0124601292
B2250384736512N12017074WA0124801294
B2250394736514N12017081WA0125101296
B2250404736514N12017089WA0125201297
B2250414736514N12017096WA0125301299
B2250424736513N12017104WA0125501301
B2250434736511N12017112WA0125601303
B2250444736508N12017119WA0125701303
B2250454736503N12017125WA0125701304
B2250464736498N12017129WA0125901306
B2250474736492N12017131WA0126301308
B2250484736487N12017132WA0126401311
B2250494736482N12017130WA0126801314
B2250504736478N12017128WA0127001315
B2250514736473N12017123WA0126901317
B2250524736469N12017117WA0126901317
B2250534736466N12017110WA0126801318
B2250544736463N12017102WA0127001319
B2250554736462N12017093WA0127201320
B2250564736462N12017084WA0127301321
B2250574736464N12017076WA0127301322
B2250584736468N12017069WA0127601324
B2250594736471N12017063WA0128101326
B2251004736476N12017059WA0128301328
B2251014736480N12017057WA0128401330
B2251024736486N12017056WA0128301331
B2251034736491N12017057WA0128401333
B2251044736496N12017060WA0128701335
B2251054736500N12017063WA0129001337
B2251064736503N12017068WA0129201339
B2251074736506N12017073WA0129401341
B2251084736508N12017080WA0129401342
B2251094736508N12017089WA0129401343
B2251104736508N12017099WA0129501344
B2251114736505N12017108WA0129501345
B2251124736501N12017116WA0129601345
B2251134736496N12017123WA0129701345
B2251144736490N12017127WA0129801346
B2251154736484N12017131WA0129901347
B2251164736478N12017133WA0130201349
B2251174736472N12017134WA0130201351
B2251184736467N12017134WA0130401352
B2251194736463N12017131WA0130701354
B2251204736459N12017127WA0130801356
B2251214736455N12017121WA0130801357
B2251224736453N12017113WA0130701358
B2251234736451N12017105WA0131001359
B2251244736449N12017096WA0131001360
B2251254736449N12017088WA0131101360
B2251264736449N12017079WA0131201361
B2251274736450N12017071WA0131301362
B2251284736452N12017062WA0131301364
B2251294736456N12017054WA0131501365
B2251304736461N12017049WA0131401367
B2251314736466N12017045WA0132001369
B2251324736470N12017043WA0132201372
B2251334736475N12017042WA0132601375
B2251344736480N12017041WA0132701376
B2251354736485N12017040WA0132801378
B2251364736489N12017041WA0133101381
B2251374736492N12017045WA0133201383
B2251384736495N12017052WA0133301384
B2251394736495N12017060WA0133301385
B2251404736495N12017069WA0133401385
B2251414736492N12017078WA0133401387
B2251424736488N12017085WA0133601388
B2251434736483N12017089WA0133801390
B2251444736477N12017090WA0133801390
B2251454736471N12017088WA0133801392
B2251464736467N12017083WA0134301394
B2251474736464N12017076WA0134601398
B2251484736463N12017068WA0135001400
B2251494736464N12017060WA0135201402
B2251504736466N12017053WA0135301404
B2251514736469N12017046WA0135601407
B2251524736471N12017039WA0135701409
B2251534736475N12017033WA0135901410
B2251544736478N12017029WA0136001413
B2251554736483N12017027WA0136201415
B2251564736488N12017028WA0136201415
B2251574736492N12017030WA0136401416
B2251584736496N12017034WA0136401418
B2251594736500N12017039WA0136701419
B2252004736502N12017046WA0136801421
B2252014736502N12017055WA0136901422
B2252024736500N12017065WA0136801423
B2252034736496N12017074WA0137101426
B2252044736491N12017079WA0137401429
B2252054736486N12017080WA0137901432
B2252064736481N12017079WA0138101434
B2252074736477N12017076WA0138501437
B2252084736474N12017074WA0138701439
B2252094736471N12017070WA0138801441
B2252104736468N12017065WA0138801441
B2252114736466N12017057WA0138601442
B2252124736465N12017048WA0138701442
B2252134736466N12017039WA0138901443
B2252144736468N12017032WA0139101445
B2252154736472N12017026WA0139501447
B2252164736475N12017021WA0139601449
B2252174736480N12017018WA0139701450
B2252184736485N12017015WA0139801452
B2252194736490N12017013WA0140001454
B2252204736496N12017010WA0140001456
B2252214736501N12017007WA0140401459
B2252224736506N12017004WA0140801462
B2252234736509N12017001WA0141301466
B2252244736512N12016997WA0141701469
B2252254736515N12016993WA0141801471
B2252264736515N12016986WA0141801473
B2252274736515N12016979WA0141901473
B2252284736512N12016971WA0141901474
B2252294736508N12016965WA0142001475
B2252304736502N12016961WA0141901476
B2252314736495N12016960WA0142101477
B2252324736489N12016962WA0142401479
B2252334736484N12016966WA0142601481
B2252344736481N12016973WA0142801483
B2252354736478N12016980WA0143201485
B2252364736477N12016987WA0143401488
B2252374736477N12016994WA0143701490
B2252384736478N12017001WA0143601492
B2252394736481N12017007WA0144001494
B2252404736484N12017012WA0144201496
B2252414736489N12017017WA0144201498
B2252424736493N12017020WA0144401500
B2252434736498N12017022WA0144701503
B2252444736502N12017022WA0145101506
B2252454736506N12017020WA0145401508
B2252464736509N12017017WA0145401510
B2252474736512N12017013WA0145601512
B2252484736515N12017006WA0145701513
B2252494736516N12016998WA0145601514
B2252504736516N12016989WA0145601514
B2252514736514N12016980WA0145701515
B2252524736510N12016973WA0146301518
B2252534736507N12016969WA0146501520
B2252544736502N12016965WA0146501521
B2252554736496N12016963WA0146401521
B2252564736489N12016963WA0146401522
B2252574736482N12016964WA0146401522
B2252584736476N12016969WA0146401524
B2252594736472N12016974WA0146901526
B2253004736469N12016981WA0147101528
B2253014736468N12016988WA0147401530
B2253024736468N12016995WA0147501532
B2253034736468N12017001WA0147701534
B2253044736470N12017007WA0147601534
B2253054736474N12017013WA0147701536
B2253064736477N12017016WA0148001537
B2253074736481N12017018WA0148301539
B2253084736485N12017019WA0148601542
B2253094736488N12017019WA0148801544
B2253104736492N12017018WA0148901546
B2253114736496N12017015WA0149001547
B2253124736499N12017009WA0148901548
B2253134736501N12017003WA0149201550
B2253144736503N12016996WA0149401552
B2253154736503N12016988WA0149701554
B2253164736502N12016981WA0149801555
B2253174736499N12016974WA0149901557
B2253184736496N12016967WA0149901558
B2253194736492N12016960WA0150001559
B2253204736487N12016954WA0150101560
B2253214736482N12016950WA0150501562
B2253224736476N12016946WA0150601563
B2253234736470N12016943WA0150701564
B2253244736464N12016942WA0150701565
B2253254736458N12016940WA0151001566
B2253264736452N12016940WA0150901567
B2253274736447N12016941WA0151301569
B2253284736441N12016943WA0151501571
B2253294736436N12016945WA0151701572
B2253304736431N12016948WA0151801574
B2253314736425N12016951WA0151901576
B2253324736420N12016956WA0152101577
B2253334736415N12016961WA0152301580
B2253344736412N12016967WA0152601583
B2253354736409N12016973WA0153101586
B2253364736407N12016979WA0153401588
B2253374736406N12016985WA0153601591
B2253384736406N12016992WA0153701592
B2253394736408N12016999WA0153601593
B2253404736411N12017005WA0153701594
B2253414736415N12017008WA0154101596
B2253424736419N12017008WA0154401598
B2253434736424N12017007WA0154501601
B2253444736428N12017004WA0154501603
B2253454736433N12016999WA0154801605
B2253464736436N12016993WA0155201607
B2253474736438N12016986WA0155201609
B2253484736439N12016977WA0155501611
B2253494736438N12016970WA0155801614
B2253504736436N12016962WA0156101616
B2253514736433N12016955WA0156401618
B2253524736429N12016949WA0156401620
B2253534736424N12016943WA0156601622
B2253544736418N12016939WA0156601624
B2253554736412N12016937WA0157201628
B2253564736406N12016937WA0157501632
B2253574736401N12016938WA0157901635
B2253584736397N12016941WA0158101638
B2253594736393N12016945WA0158201640
B2254004736390N12016951WA0158201640
B2254014736388N12016957WA0158201642
B2254024736387N12016963WA0158601643
B2254034736387N12016969WA0158801645
B2254044736389N12016974WA0158901647
B2254054736391N12016979WA0158901648
B2254064736394N12016984WA0158901648
B2254074736398N12016987WA0159001649
B2254084736403N12016988WA0159201651
B2254094736408N12016987WA0159501653
B2254104736413N12016985WA0159801655
B2254114736417N12016982WA0160101658
B2254124736423N12016979WA0160301660
B2254134736428N12016975WA0160501663
B2254144736433N12016971WA0160901667
B2254154736436N12016965WA0161501670
B2254164736439N12016959WA0161801674
B2254174736441N12016951WA0162001676
B2254184736441N12016942WA0162001678
B2254194736440N12016933WA0162101679
B2254204736437N12016924WA0162101680
B2254214736433N12016917WA0162501682
B2254224736428N12016911WA0162701685
B2254234736423N12016908WA0163001687
B2254244736418N12016905WA0163201690
B2254254736412N12016905WA0163401691
B2254264736406N12016908WA0163401693
B2254274736401N12016912WA0163401694
B2254284736397N12016918WA0163501695
B2254294736394N12016925WA0164001699
B2254304736392N12016931WA0164501703
B2254314736391N12016937WA0165101707
B2254324736391N12016943WA0165201711
B2254334736392N12016949WA0165701714
B2254344736395N12016954WA0165601717
B2254354736398N12016959WA0166101720
B2254364736402N12016962WA0166301723
B2254374736407N12016965WA0166701726
B2254384736412N12016966WA0166901729
B2254394736418N12016966WA0167301733
B2254404736423N12016964WA0167601737
B2254414736428N12016961WA0168301741
B2254424736433N12016957WA0168501746
B2254434736436N12016951WA0168901749
B2254444736439N12016944WA0169001752
B2254454736440N12016935WA0169401755
B2254464736440N12016925WA0169701758
B2254474736437N12016918WA0170001761
B2254484736433N12016912WA0170401765
B2254494736429N12016907WA0170601767
B2254504736424N12016905WA0170801769
B2254514736418N12016904WA0170801770
B2254524736412N12016905WA0170801771
B2254534736406N12016909WA0170801772
B2254544736402N12016914WA0171301775
B2254554736399N12016921WA0171801780
B2254564736397N12016927WA0172101783
B2254574736397N12016934WA0172701787
B2254584736399N12016941WA0172801791
B2254594736401N12016948WA0173201794
B2255004736404N12016954WA0173401797
B2255014736408N12016959WA0173801800
B2255024736413N12016963WA0174101804
B2255034736418N12016964WA0174801808
B2255044736424N12016964WA0175001813
B2255054736429N12016963WA0175701817
B2255064736435N12016960WA0175901821
B2255074736439N12016956WA0176401825
B2255084736443N12016949WA0176701830
B2255094736445N12016941WA0177101833
B2255104736446N12016931WA0177401837
B2255114736445N12016922WA0177901841
B2255124736442N12016914WA0178401845
B2255134736438N12016907WA0178601848
B2255144736434N12016902WA0178701851
B2255154736428N12016898WA0178901853
B2255164736422N12016896WA0179001856
B2255174736416N12016896WA0179401859
B2255184736411N12016899WA0179801862
B2255194736407N12016904WA0180201866
B2255204736403N12016909WA0180801871
B2255214736400N12016915WA0181301876
B2255224736397N12016921WA0181601880
B2255234736395N12016927WA0182001883
B2255244736393N12016934WA0182301887
B2255254736393N12016941WA0182801891
B2255264736394N12016948WA0183001895
B2255274736397N12016954WA0183401898
B2255284736401N12016959WA0183601902
B2255294736406N12016961WA0184001906
B2255304736412N12016962WA0184401910
B2255314736417N12016961WA0185101915
B2255324736422N12016959WA0185301919
B2255334736427N12016956WA0185901923
B2255344736432N12016951WA0186101927
B2255354736437N12016945WA0186501931
B2255364736440N12016938WA0186801935
B2255374736441N12016928WA0187201939
B2255384736441N12016919WA0187501942
B2255394736440N12016911WA0188101947
B2255404736439N12016903WA0188601951
B2255414736436N12016896WA0189001955
B2255424736432N12016890WA0189201958
B2255434736427N12016886WA0189401961
B2255444736421N12016884WA0189501964
B2255454736415N12016883WA0190001967
B2255464736410N12016886WA0190301971
B2255474736405N12016889WA0190901976
B2255484736402N12016894WA0191401980
B2255494736399N12016899WA0192001985
B2255504736396N12016905WA0192301989
B2255514736395N12016912WA0192801993
B2255524736394N12016919WA0193101997
B2255534736395N12016926WA0193502002
B2255544736397N12016933WA0193802006
B2255554736400N12016939WA0194402011
B2255564736405N12016943WA0194802015
B2255574736409N12016947WA0195102020
B2255584736414N12016949WA0195702023
B2255594736420N12016950WA0196002027
B2256004736426N12016950WA0196402031
B2256014736432N12016948WA0196902035
B2256024736437N12016945WA0197102040
B2256034736442N12016939WA0197602044
B2256044736445N12016933WA0198002048
B2256054736448N12016926WA0198402052
B2256064736449N12016918WA0198702055
B2256074736449N12016910WA0198902058
B2256084736449N12016901WA0199002060
B2256094736447N12016892WA0199402063
B2256104736444N12016884WA0199602066
B2256114736440N12016878WA0200202071
B2256124736435N12016875WA0200702075
B2256134736430N12016873WA0201002079
B2256144736425N12016874WA0201102082
B2256154736419N12016877WA0201602084
B2256164736414N12016881WA0201602088
B2256174736409N12016886WA0202102093
B2256184736405N12016892WA0202702098
B2256194736402N12016897WA0203602104
B2256204736400N12016903WA0204102110
B2256214736399N12016909WA0204702115
B2256224736400N12016915WA0204902118
B2256234736402N12016922WA0205102122
B2256244736406N12016927WA0205202125
B2256254736412N12016930WA0205702129
B2256264736418N12016931WA0206002133
B2256274736424N12016928WA0206402137
B2256284736428N12016923WA0207002142
B2256294736432N12016916WA0207702146
B2256304736434N12016908WA0208002151
B2256314736434N12016900WA0208302155
B2256324736432N12016891WA0208502158
B2256334736429N12016883WA0208902162
B2256344736425N12016877WA0209502167
B2256354736420N12016874WA0210302173
B2256364736416N12016873WA0210602178
B2256374736411N12016873WA0211302182
B2256384736406N12016874WA0211402186
B2256394736401N12016878WA0211802190
B2256404736398N12016884WA0212102194
B2256414736395N12016891WA0212502198
B2256424736396N12016899WA0212802202
B2256434736398N12016905WA0213402206
B2256444736402N12016910WA0213602210
B2256454736407N12016913WA0214102213
B2256464736413N12016914WA0214302217
B2256474736418N12016912WA0214902221
B2256484736423N12016910WA0215202226
B2256494736428N12016906WA0215602230
B2256504736433N12016902WA0215902233
B2256514736438N12016898WA0216602237
B2256524736441N12016892WA0216902242
B2256534736443N12016886WA0217202246
B2256544736443N12016878WA0217402249
B2256554736442N12016870WA0217702252
B2256564736440N12016863WA0218002255
B2256574736437N12016858WA0218602258
B2256584736433N12016853WA0218802262
B2256594736429N12016851WA0219202265
B2257004736424N12016850WA0219302268
B2257014736418N12016852WA0219602270
B2257024736413N12016856WA0219802273
B2257034736409N12016862WA0220102275
B2257044736406N12016870WA0220402278
B2257054736404N12016879WA0220602282
B2257064736404N12016887WA0221202286
B2257074736405N12016895WA0221602290
B2257084736407N12016903WA0221802295
B2257094736410N12016908WA0222502299
B2257104736414N12016913WA0222902303
B2257114736419N12016914WA0223302307
B2257124736425N12016914WA0223402310
B2257134736431N12016910WA0223502313
B2257144736437N12016905WA0224002316
B2257154736441N12016899WA0224502320
B2257164736443N12016891WA0224802324
B2257174736444N12016884WA0225202328
B2257184736444N12016876WA0225602331
B2257194736442N12016868WA0225802335
B2257204736439N12016863WA0226302339
B2257214736435N12016860WA0226502343
B2257224736431N12016860WA0226802345
B2257234736427N12016861WA0226902346
B2257244736423N12016863WA0227002347
B2257254736419N12016868WA0227002347
B2257264736415N12016875WA0226802347
B2257274736411N12016885WA0226602347
B2257284736409N12016896WA0226702348
B2257294736407N12016907WA0227302352
B2257304736407N12016916WA0227902357
B2257314736408N12016923WA0228902363
B2257324736408N12016930WA0229502369
B2257334736409N12016935WA0230002374
B2257344736411N12016941WA0230302378
B2257354736414N12016947WA0230502381
B2257364736418N12016951WA0230602384
B2257374736424N12016954WA0230702387
B2257384736431N12016952WA0231102391
B2257394736435N12016947WA0231602396
B2257404736438N12016941WA0232102400
B2257414736438N12016933WA0232302403
B2257424736436N12016926WA0232502405
B2257434736432N12016920WA0232802408
B2257444736427N12016917WA0233002411
B2257454736422N12016917WA0233502415
B2257464736416N12016920WA0233902418
B2257474736412N12016924WA0234202421
B2257484736408N12016930WA0234502424
B2257494736404N12016937WA0235002427
B2257504736402N12016946WA0234902430
B2257514736401N12016954WA0235502433
B2257524736401N12016962WA0235702436
B2257534736402N12016969WA0236002439
B2257544736405N12016975WA0236002440
B2257554736408N12016982WA0236102441
B2257564736413N12016988WA0236302443
B2257574736418N12016993WA0236602445
B2257584736424N12016996WA0236802448
B2257594736429N12016997WA0237302451
B2258004736434N12016995WA0237602455
B2258014736438N12016990WA0238202460
B2258024736441N12016985WA0238502464
B2258034736443N12016978WA0239102468
B2258044736443N12016971WA0239302471
B2258054736441N12016964WA0239602475
B2258064736438N12016958WA0239802477
B2258074736434N12016952WA0239902480
B2258084736429N12016948WA0240202482
B2258094736423N12016947WA0240602485
B2258104736417N12016947WA0240702488
B2258114736411N12016950WA0241302491
B2258124736406N12016955WA0241702495
B2258134736403N12016963WA0241902498
B2258144736401N12016972WA0242002501
B2258154736401N12016981WA0242302503
B2258164736403N12016990WA0242402505
B2258174736406N12016998WA0242602507
B2258184736410N12017005WA0243002509
B2258194736414N12017011WA0243302512
B2258204736419N12017015WA0243402515
B2258214736424N12017018WA0243802518
B2258224736430N12017018WA0243902521
B2258234736436N12017016WA0244402524
B2258244736441N12017013WA0244802529
B2258254736446N12017010WA0245502534
B2258264736450N12017006WA0245802538
B2258274736454N12017003WA0246502542
B2258284736457N12016998WA0246602546
B2258294736459N12016991WA0246702549
B2258304736459N12016984WA0246902551
B2258314736458N12016977WA0247202553
B2258324736456N12016971WA0247302556
B2258334736452N12016966WA0248002560
B2258344736447N12016963WA0248102563
B2258354736442N12016962WA0248302565
B2258364736436N12016963WA0248502568
B2258374736430N12016965WA0248902572
B2258384736426N12016971WA0249402576
B2258394736421N12016977WA0250002579
B2258404736418N12016986WA0250002582
B2258414736415N12016995WA0250502585
B2258424736414N12017005WA0250602589
B2258434736414N12017014WA0251002592
B2258444736417N12017023WA0251102594
B2258454736420N12017031WA0251302596
B2258464736425N12017037WA0251702598
B2258474736430N12017041WA0251902600
B2258484736435N12017043WA0252102603
B2258494736441N12017043WA0252602607
B2258504736446N12017042WA0252702610
B2258514736451N12017039WA0253202614
B2258524736456N12017036WA0253502618
B2258534736461N12017033WA0253902621
B2258544736465N12017028WA0254202624
B2258554736469N12017021WA0254402627
B2258564736471N12017013WA0254502629
B2258574736471N12017004WA0255002633
B2258584736471N12016996WA0255502637
B2258594736470N12016989WA0256102643
B2259004736468N12016983WA0256402647
B2259014736464N12016979WA0257002651
B2259024736460N12016976WA0257102655
B2259034736455N12016975WA0257502658
B2259044736450N12016975WA0257802661
B2259054736445N12016977WA0258402665
B2259064736440N12016982WA0258502669
B2259074736437N12016988WA0258902672
B2259084736435N12016995WA0259102674
B2259094736434N12017004WA0259502677
B2259104736435N12017014WA0259502681
B2259114736438N12017022WA0260202685
B2259124736441N12017029WA0260502689
B2259134736445N12017034WA0261002694
B2259144736450N12017037WA0261402698
B2259154736455N12017039WA0261802701
B2259164736461N12017040WA0261902704
B2259174736466N12017039WA0262202707
B2259184736472N12017038WA0262502711
B2259194736477N12017036WA0263302715
B2259204736482N12017034WA0263502719
B2259214736486N12017030WA0263902723
B2259224736491N12017026WA0264102726
B2259234736495N12017021WA0264402730
B2259244736500N12017016WA0264802733
B2259254736504N12017011WA0265202737
B2259264736509N12017006WA0265402741
B2259274736513N12017000WA0266002744
B2259284736518N12016994WA0266102747
B2259294736523N12016988WA0266302750
B2259304736528N12016981WA0266602752
B2259314736534N12016976WA0267102755
B2259324736539N12016972WA0267402759
B2259334736544N12016968WA0267902763
B2259344736549N12016965WA0268202766
B2259354736554N12016961WA0268002767
B2259364736560N12016956WA0267902766
B2259374736566N12016950WA0267502765
B2259384736573N12016944WA0267102764
B2259394736579N12016938WA0267502764
B2259404736585N12016933WA0267502766
B2259414736591N12016929WA0267902767
B2259424736597N12016925WA0267902768
B2259434736603N12016921WA0267702768
B2259444736609N12016916WA0267502767
B2259454736615N12016910WA0267502766
B2259464736622N12016903WA0267002764
B2259474736629N12016897WA0266702763
B2259484736636N12016890WA0267102762
B2259494736643N12016884WA0266902761
B2259504736650N12016878WA0266502759
B2259514736658N12016870WA0266102757
B2259524736666N12016863WA0265802755
B2259534736673N12016855WA0265702753
B2259544736681N12016847WA0265602752
B2259554736689N12016841WA0266002753
B2259564736696N12016835WA0266302755
B2259574736703N12016830WA0266402757
B2259584736710N12016825WA0266402757
B2259594736716N12016819WA0266302757
B2300004736722N12016812WA0266302756
B2300014736729N12016806WA0266102756
B2300024736736N12016799WA0265902754
B2300034736743N12016792WA0265802753
B2300044736750N12016784WA0265702752
B2300054736758N12016777WA0265602751
B2300064736766N12016769WA0265102749
B2300074736773N12016761WA0265202749
B2300084736780N12016752WA0265902752
B2300094736786N12016744WA0266602757
B2300104736791N12016737WA0266902760
B2300114736797N12016731WA0267102762
B2300124736802N12016724WA0267002764
B2300134736808N12016717WA0266702763
B2300144736814N12016709WA0266402762
B2300154736820N12016701WA0266002761
B2300164736826N12016692WA0265802758
B2300174736833N12016683WA0265302755
B2300184736840N12016675WA0265302753
B2300194736847N12016668WA0265302752
B2300204736854N12016661WA0265402751
B2300214736861N12016654WA0265302750
B2300224736867N12016646WA0265102748
B2300234736874N12016638WA0264802746
B2300244736880N12016629WA0264402743
B2300254736887N12016619WA0263802740
B2300264736894N12016608WA0263602737
B2300274736901N12016598WA0263302734
B2300284736909N12016589WA0263402732
B2300294736917N12016580WA0263102730
B2300304736925N12016571WA0263002727
B2300314736933N12016562WA0262602725
B2300324736941N12016552WA0262402722
B2300334736948N12016543WA0262202720
B2300344736956N12016534WA0262002718
B2300354736963N12016524WA0261802715
B2300364736971N12016515WA0261602713
B2300374736979N12016504WA0261102711
B2300384736987N12016494WA0261202709
B2300394736994N12016485WA0261402710
B2300404737002N12016476WA0261602710
B2300414737009N12016468WA0261602710
B2300424737017N12016459WA0261402709
B2300434737025N12016449WA0261202708
B2300444737033N12016439WA0261002706
B2300454737041N12016429WA0260802705
B2300464737049N12016420WA0261002705
B2300474737057N12016411WA0261402706
B2300484737064N12016403WA0261402706
B2300494737071N12016394WA0261202706
B2300504737079N12016386WA0261002706
B2300514737088N12016378WA0261002705
B2300524737097N12016370WA0260902706
B2300534737105N12016362WA0261202707
B2300544737112N12016354WA0261702708
B2300554737120N12016346WA0261402709
B2300564737128N12016338WA0261202709
B2300574737136N12016330WA0260902707
B2300584737145N12016322WA0260902704
B2300594737153N12016313WA0260302700
B2301004737162N12016304WA0259702697
B2301014737170N12016295WA0259802694
B2301024737178N12016287WA0259502691
B2301034737185N12016279WA0259302688
B2301044737193N12016270WA0259102685
B2301054737200N12016261WA0258402682
B2301064737207N12016252WA0258602679
B2301074737214N12016244WA0258102676
B2301084737221N12016236WA0258202674
B2301094737228N12016228WA0257802671
B2301104737235N12016221WA0257702670
B2301114737242N12016213WA0257702668
B2301124737249N12016206WA0257802667
B2301134737255N12016199WA0257702667
B2301144737262N12016191WA0257902666
B2301154737269N12016184WA0257602664
B2301164737276N12016175WA0257202663
B2301174737283N12016166WA0257002661
B2301184737290N12016155WA0257002660
B2301194737296N12016144WA0257102660
B2301204737302N12016134WA0257202663
B2301214737309N12016125WA0257202664
B2301224737316N12016117WA0257502666
B2301234737323N12016110WA0258102668
B2301244737330N12016105WA0258402670
B2301254737337N12016099WA0258602671
B2301264737344N12016092WA0258502672
B2301274737350N12016084WA0258802673
B2301284737357N12016077WA0258502673
B2301294737365N12016069WA0258102672
B2301304737373N12016061WA0258202671
B2301314737382N12016053WA0257902671
B2301324737391N12016045WA0258102671
B2301334737399N12016038WA0258502672
B2301344737408N12016031WA0258402673
B2301354737416N12016025WA0258302672
B2301364737425N12016017WA0258202672
B2301374737433N12016009WA0258302672
B2301384737441N12016001WA0258202672
B2301394737449N12015993WA0258302672
B2301404737457N12015985WA0258402672
B2301414737466N12015977WA0258402672
B2301424737474N12015969WA0258202671
B2301434737482N12015961WA0258102671
B2301444737490N12015952WA0258202671
B2301454737497N12015943WA0258202671
B2301464737504N12015936WA0258202671
B2301474737511N12015928WA0258002669
B2301484737518N12015920WA0257702667
B2301494737525N12015912WA0257402665
B2301504737531N12015903WA0257002661
B2301514737538N12015895WA0256402658
B2301524737545N12015886WA0256202654
B2301534737553N12015877WA0255502650
B2301544737560N12015867WA0255402646
B2301554737567N12015858WA0255002643
B2301564737574N12015849WA0254702639
B2301574737580N12015840WA0254502636
B2301584737587N12015831WA0254202633
B2301594737593N12015822WA0253902630
B2302004737600N12015813WA0253602627
B2302014737606N12015804WA0253102623
B2302024737613N12015795WA0252902620
B2302034737619N12015786WA0252302616
B2302044737626N12015776WA0252002612
B2302054737633N12015767WA0251702609
B2302064737640N12015758WA0251602607
B2302074737646N12015750WA0251502605
B2302084737653N12015741WA0251402603
B2302094737659N12015733WA0251102602
B2302104737666N12015724WA0250902599
B2302114737672N12015715WA0250602597
B2302124737679N12015707WA0250402594
B2302134737686N12015698WA0250102592
B2302144737693N12015689WA0249902590
B2302154737700N12015681WA0250002588
B2302164737706N12015672WA0249802586
B2302174737711N12015663WA0249502584
B2302184737717N12015654WA0249502582
B2302194737724N12015645WA0249102580
B2302204737730N12015636WA0248902578
B2302214737736N12015626WA0248702576
B2302224737742N12015616WA0248402574
B2302234737748N12015607WA0248302572
B2302244737754N12015597WA0248102570
B2302254737761N12015588WA0247802569
B2302264737767N12015579WA0248002567
B2302274737774N12015570WA0247702566
B2302284737779N12015560WA0247702565
B2302294737785N12015550WA0247402563
B2302304737790N12015540WA0247302562
B2302314737796N12015531WA0247202560
B2302324737802N12015521WA0247102559
B2302334737807N12015511WA0247002557
B2302344737812N12015501WA0246802556
B2302354737818N12015491WA0246602554
B2302364737823N12015481WA0246402552
B2302374737828N12015470WA0246002549
B2302384737834N12015459WA0245802547
B2302394737839N12015448WA0245502544
B2302404737844N12015437WA0245302542
B2302414737849N12015426WA0245102540
B2302424737854N12015415WA0245002538
B2302434737859N12015404WA0244902537
B2302444737864N12015393WA0244802536
B2302454737869N12015383WA0244802535
B2302464737873N12015372WA0244702533
B2302474737877N12015362WA0244402532
B2302484737881N12015352WA0244302530
B2302494737885N12015343WA0244102528
B2302504737889N12015333WA0243802526
B2302514737893N12015323WA0243502523
B2302524737898N12015312WA0243402521
B2302534737902N12015302WA0243002519
B2302544737906N12015291WA0242902516
B2302554737910N12015281WA0242602514
B2302564737914N12015271WA0242402512
B2302574737919N12015261WA0242202509
B2302584737923N12015251WA0242002507
B2302594737928N12015242WA0241702504
B2303004737932N12015232WA0241402501
B2303014737937N12015222WA0241002498
B2303024737942N12015212WA0240902495
B2303034737947N12015202WA0240402492
B2303044737952N12015192WA0240202489
B2303054737957N12015182WA0239902486
B2303064737963N12015173WA0239702483
B2303074737968N12015164WA0239402480
B2303084737974N12015155WA0239302477
B2303094737980N12015146WA0238702474
B2303104737986N12015137WA0238302470
B2303114737992N12015127WA0238102467
B2303124737998N12015117WA0237902464
B2303134738005N12015107WA0237502461
B2303144738011N12015098WA0237302458
B2303154738018N12015088WA0237202457
B2303164738025N12015079WA0237102455
B2303174738031N12015070WA0236802453
B2303184738037N12015060WA0236602451
B2303194738044N12015051WA0236302448
B2303204738050N12015041WA0236102446
B2303214738056N12015031WA0235802443
B2303224738063N12015021WA0235702441
B2303234738069N12015012WA0235502439
B2303244738075N12015002WA0235502438
B2303254738082N12014992WA0235302436
B2303264738088N12014982WA0235102434
B2303274738094N12014972WA0234702432
B2303284738100N12014961WA0234502430
B2303294738105N12014950WA0234302428
B2303304738111N12014939WA0234202427
B2303314738117N12014928WA0234002425
B2303324738123N12014917WA0233902423
B2303334738128N12014907WA0233802422
B2303344738134N12014897WA0233702420
B2303354738139N12014887WA0233402418
B2303364738145N12014877WA0233202416
B2303374738150N12014867WA0232902413
B2303384738156N12014856WA0232502410
B2303394738161N12014845WA0232202408
B2303404738167N12014834WA0232102405
B2303414738172N12014823WA0231802403
B2303424738177N12014812WA0231802401
B2303434738183N12014801WA0231502399
B2303444738188N12014791WA0231402398
B2303454738193N12014780WA0231202396
B2303464738198N12014769WA0231102394
B2303474738203N12014758WA0230802392
B2303484738208N12014747WA0230602389
B2303494738213N12014736WA0230202387
B2303504738218N12014724WA0230102385
B2303514738222N12014713WA0229802383
B2303524738227N12014702WA0229802382
B2303534738232N12014692WA0229702380
B2303544738237N12014681WA0229402378
B2303554738241N12014671WA0229302376
B2303564738245N12014660WA0228902373
B2303574738250N12014648WA0228402370
B2303584738255N12014637WA0228202366
B2303594738260N12014625WA0227802364
B2304004738264N12014613WA0227602361
B2304014738269N12014602WA0227402359
B2304024738273N12014591WA0227302356
B2304034738278N12014580WA0227002354
B2304044738283N12014569WA0226702351
B2304054738287N12014558WA0226502349
B2304064738292N12014547WA0226302346
B2304074738297N12014536WA0226002344
B2304084738302N12014525WA0225702341
B2304094738308N12014515WA0225602339
B2304104738313N12014504WA0225302336
B2304114738318N12014493WA0224902334
B2304124738323N12014483WA0224802331
B2304134738328N12014472WA0224402328
B2304144738332N12014460WA0224102325
B2304154738337N12014448WA0223802322
B2304164738341N12014437WA0223602319
B2304174738346N12014425WA0223302316
B2304184738350N12014414WA0223202314
B2304194738355N12014402WA0222902311
B2304204738359N12014391WA0222502308
B2304214738363N12014379WA0222102305
B2304224738367N12014367WA0222002302
B2304234738372N12014355WA0221702300
B2304244738377N12014343WA0221602298
B2304254738381N12014332WA0221502296
B2304264738386N12014320WA0221402295
B2304274738390N12014309WA0221302294
B2304284738395N12014298WA0221202292
B2304294738400N12014287WA0220902290
B2304304738404N12014276WA0220702287
B2304314738409N12014264WA0220302285
B2304324738414N12014252WA0220202283
B2304334738419N12014241WA0220002282
B2304344738423N12014229WA0220202281
B2304354738427N12014218WA0220002280
B2304364738432N12014206WA0220002279
B2304374738436N12014195WA0219602277
B2304384738440N12014183WA0219402275
B2304394738445N12014171WA0219302273
B2304404738449N12014159WA0219102271
B2304414738454N12014147WA0218902270
B2304424738457N12014135WA0218802268
B2304434738461N12014123WA0218702267
B2304444738466N12014112WA0218602266
B2304454738470N12014100WA0218302264
B2304464738474N12014089WA0218402262
B2304474738479N12014078WA0218002260
B2304484738483N12014066WA0217602257
B2304494738487N12014054WA0217302254
B2304504738491N12014042WA0217002250
B2304514738496N12014029WA0216702247
B2304524738500N12014017WA0216302245
B2304534738505N12014004WA0216102243
B2304544738509N12013992WA0216102241
B2304554738513N12013981WA0216102240
B2304564738517N12013970WA0215802238
B2304574738522N12013959WA0215602235
B2304584738526N12013947WA0215202232
B2304594738530N12013935WA0214702229
B2305004738534N12013923WA0214502226
B2305014738538N12013910WA0214202223
B2305024738543N12013898WA0214102221
B2305034738547N12013886WA0213902220
B2305044738550N12013873WA0213702218
B2305054738554N12013861WA0213602216
B2305064738557N12013849WA0213602214
B2305074738560N12013837WA0213102212
B2305084738563N12013825WA0213002210
B2305094738566N12013813WA0212702208
B2305104738569N12013800WA0212402205
B2305114738572N12013787WA0212002202
B2305124738575N12013775WA0211902199
B2305134738578N12013761WA0211502197
B2305144738582N12013748WA0211302194
B2305154738585N12013735WA0210802191
B2305164738589N12013721WA0210702189
B2305174738593N12013708WA0210702188
B2305184738596N12013696WA0210702187
B2305194738600N12013685WA0210702186
B2305204738603N12013674WA0210602184
B2305214738607N12013663WA0210202181
B2305224738610N12013652WA0209902179
B2305234738614N12013641WA0209602176
B2305244738618N12013630WA0209202173
B2305254738621N12013618WA0208902170
B2305264738624N12013606WA0208802168
B2305274738627N12013595WA0208902168
B2305284738630N12013584WA0208902168
B2305294738632N12013573WA0209002167
B2305304738635N12013563WA0208802166
B2305314738638N12013553WA0208702165
B2305324738641N12013543WA0208702163
B2305334738644N12013532WA0208202160
B2305344738646N12013521WA0208002158
B2305354738649N12013510WA0207602156
B2305364738651N12013499WA0207502153
B2305374738654N12013488WA0206902151
B2305384738657N12013478WA0206802149
B2305394738660N12013468WA0206902149
B2305404738663N12013460WA0207002149
B2305414738664N12013451WA0207002148
B2305424738666N12013443WA0207002147
B2305434738668N12013435WA0206802145
B2305444738669N12013426WA0206602144
B2305454738672N12013416WA0206202141
B2305464738674N12013406WA0206102139
B2305474738676N12013397WA0205902137
B2305484738679N12013387WA0205702135
B2305494738681N12013377WA0205402133
B2305504738684N12013367WA0205202130
B2305514738686N12013357WA0204802128
B2305524738689N12013347WA0204602125
B2305534738692N12013337WA0204302122
B2305544738695N12013327WA0204102119
B2305554738698N12013317WA0203702116
B2305564738701N12013307WA0203202113
B2305574738704N12013296WA0202602110
B2305584738708N12013284WA0202702107
B2305594738711N12013274WA0202302105
B2306004738715N12013263WA0202202103
B2306014738718N12013253WA0202202103
B2306024738721N12013243WA0202202101
B2306034738724N12013234WA0202002099
B2306044738726N12013224WA0201702096
B2306054738730N12013215WA0201202092
B2306064738734N12013205WA0200602088
B2306074738738N12013195WA0200202084
B2306084738742N12013186WA0199602079
B2306094738745N12013176WA0199302075
B2306104738749N12013167WA0199102072
B2306114738752N12013158WA0198702068
B2306124738756N12013150WA0198402065
B2306134738760N12013141WA0197902062
B2306144738763N12013132WA0197502058
B2306154738766N12013123WA0197202054
B2306164738769N12013114WA0196902051
B2306174738772N12013105WA0196502047
B2306184738774N12013096WA0196202044
B2306194738777N12013087WA0195702040
B2306204738780N12013078WA0195302035
B2306214738782N12013070WA0194802031
B2306224738785N12013061WA0194602028
B2306234738787N12013052WA0194102024
B2306244738790N12013043WA0193702020
B2306254738793N12013034WA0193402015
B2306264738797N12013024WA0193102012
B2306274738800N12013015WA0192602008
B2306284738804N12013006WA0192402005
B2306294738807N12012996WA0192102001
B2306304738810N12012987WA0191701998
B2306314738814N12012978WA0191401995
B2306324738817N12012969WA0191201991
B2306334738821N12012960WA0190801988
B2306344738824N12012951WA0190601984
B2306354738828N12012942WA0190001980
B2306364738832N12012933WA0189801976
B2306374738836N12012924WA0189201971
B2306384738840N12012915WA0188801968
B2306394738844N12012905WA0188401964
B2306404738848N12012896WA0188201960
B2306414738852N12012887WA0187801957
B2306424738856N12012878WA0187501953
B2306434738860N12012869WA0187001949
B2306444738863N12012859WA0186701945
B2306454738866N12012850WA0186201940
B2306464738868N12012840WA0185901936
B2306474738871N12012830WA0185301932
B2306484738873N12012821WA0185201929
B2306494738875N12012811WA0184801925
B2306504738876N12012802WA0184601921
B2306514738877N12012792WA0183901917
B2306524738879N12012782WA0183501912
B2306534738880N12012772WA0183001907
B2306544738881N12012762WA0182701903
B2306554738883N12012753WA0182401900
B2306564738885N12012744WA0182101897
B2306574738886N12012735WA0181701893
B2306584738888N12012726WA0181501889
B2306594738889N12012717WA0180801884
B2307004738891N12012708WA0180501880
B2307014738892N12012698WA0179701875
B2307024738894N12012689WA0179401870
B2307034738896N12012679WA0179101866
B2307044738897N12012670WA0178801863
B2307054738899N12012662WA0178701859
B2307064738900N12012653WA0178301855
B2307074738902N12012645WA0177701850
B2307084738903N12012636WA0177301845
B2307094738904N12012626WA0176701840
B2307104738905N12012617WA0176201835
B2307114738906N12012607WA0175501830
B2307124738906N12012598WA0175301824
B2307134738906N12012588WA0174601819
B2307144738907N12012578WA0174101814
B2307154738908N12012568WA0173401809
B2307164738909N12012558WA0173101804
B2307174738910N12012548WA0172701799
B2307184738911N12012537WA0172301794
B2307194738912N12012527WA0171801790
B2307204738913N12012517WA0171301785
B2307214738912N12012507WA0170901781
B2307224738912N12012497WA0170601777
B2307234738912N12012487WA0170201772
B2307244738912N12012477WA0169701768
B2307254738912N12012466WA0169401764
B2307264738912N12012455WA0168901760
B2307274738913N12012445WA0169001757
B2307284738913N12012434WA0168501754
B2307294738914N12012423WA0168101750
B2307304738915N12012413WA0167801746
B2307314738917N12012402WA0167301742
B2307324738918N12012390WA0167001738
B2307334738919N12012379WA0166701735
B2307344738920N12012369WA0166601732
B2307354738922N12012358WA0166301729
B2307364738923N12012347WA0166201726
B2307374738925N12012336WA0165701723
B2307384738926N12012325WA0165401719
B2307394738927N12012314WA0165101715
B2307404738928N12012302WA0164801712
B2307414738929N12012291WA0164601709
B2307424738930N12012279WA0164101706
B2307434738931N12012269WA0163701702
B2307444738932N12012258WA0163601698
B2307454738934N12012247WA0162901694
B2307464738935N12012236WA0162701690
B2307474738936N12012225WA0161801685
B2307484738937N12012213WA0161201680
B2307494738937N12012201WA0160801674
B2307504738939N12012189WA0160501670
B2307514738940N12012177WA0160201666
B2307524738941N12012166WA0159901663
B2307534738942N12012154WA0159101658
B2307544738943N12012142WA0158901654
B2307554738944N12012130WA0158401650
B2307564738944N12012118WA0158201646
B2307574738944N12012106WA0157601641
B2307584738944N12012093WA0157301637
B2307594738943N12012080WA0156701632
B2308004738943N12012066WA0156201628
B2308014738942N12012053WA0155901624
B2308024738942N12012040WA0155701620
B2308034738942N12012026WA0155601617
B2308044738941N12012013WA0155401614
B2308054738941N12012000WA0154801612
B2308064738940N12011988WA0155201610
B2308074738941N12011976WA0154801608
B2308084738941N12011965WA0155001606
B2308094738941N12011954WA0154401603
B2308104738942N12011942WA0153901599
B2308114738943N12011930WA0153401594
B2308124738945N12011917WA0152901590
B2308134738946N12011905WA0152601587
B2308144738947N12011892WA0152301584
B2308154738948N12011881WA0152401581
B2308164738949N12011869WA0152001578
B2308174738951N12011857WA0151501575
B2308184738953N12011846WA0151401571
B2308194738954N12011834WA0150801568
B2308204738956N12011821WA0150501564
B2308214738958N12011808WA0150001560
B2308224738960N12011795WA0149701557
B2308234738962N12011783WA0149301554
B2308244738964N12011770WA0149201551
B2308254738966N12011758WA0148901548
B2308264738969N12011746WA0148901545
B2308274738971N12011734WA0148201541
B2308284738974N12011722WA0148001538
B2308294738977N12011710WA0147801536
B2308304738980N12011698WA0147601533
B2308314738982N12011686WA0147101530
B2308324738984N12011675WA0147001527
B2308334738986N12011663WA0146501524
B2308344738989N12011651WA0146201520
B2308354738991N12011639WA0145801516
B2308364738993N12011626WA0145401512
B2308374738996N12011613WA0144801508
B2308384738998N12011600WA0144501505
B2308394739000N12011587WA0144401501
B2308404739002N12011575WA0144001498
B2308414739004N12011562WA0143601495
B2308424739005N12011550WA0143401491
B2308434739007N12011537WA0142901487
B2308444739008N12011523WA0142401483
B2308454739009N12011510WA0141901480
B2308464739011N12011496WA0141801476
B2308474739013N12011483WA0141601474
B2308484739015N12011469WA0141401471
B2308494739016N12011456WA0140901468
B2308504739018N12011443WA0140601465
B2308514739020N12011430WA0140401461
B2308524739022N12011417WA0139901458
B2308534739023N12011404WA0139701455
B2308544739025N12011392WA0139501451
B2308554739027N12011379WA0139101448
B2308564739028N12011366WA0138901445
B2308574739030N12011354WA0138401441
B2308584739032N12011340WA0137901437
B2308594739033N12011327WA0137501434
B2309004739034N12011313WA0137201430
B2309014739036N12011300WA0136901428
B2309024739038N12011288WA0136901426
B2309034739039N12011276WA0136801423
B2309044739041N12011264WA0136601420
B2309054739043N12011253WA0136001416
B2309064739044N12011240WA0135701412
B2309074739046N12011228WA0135201409
B2309084739048N12011215WA0135001406
B2309094739050N12011203WA0134601403
B2309104739052N12011191WA0134501400
B2309114739055N12011180WA0134201397
B2309124739057N12011169WA0134001393
B2309134739059N12011157WA0133701390
B2309144739060N12011145WA0133201386
B2309154739060N12011132WA0132701382
B2309164739060N12011120WA0132401378
B2309174739059N12011107WA0132101375
B2309184739058N12011094WA0132001373
B2309194739057N12011082WA0131901370
B2309204739056N12011070WA0131901369
B2309214739056N12011059WA0131801368
B2309224739057N12011047WA0131501366
B2309234739057N12011035WA0131501365
B2309244739057N12011024WA0131601365
B2309254739057N12011014WA0132001366
B2309264739057N12011005WA0132101368
B2309274739057N12010996WA0132301370
B2309284739058N12010987WA0132601372
B2309294739058N12010979WA0132901374
B2309304739058N12010972WA0133001376
B2309314739057N12010964WA0133001376
B2309324739056N12010957WA0132801376
B2309334739055N12010949WA0133001376
B2309344739054N12010940WA0132601376
B2309354739052N12010931WA0132901375
B2309364739051N12010923WA0132501375
B2309374739049N12010915WA0132501374
B2309384739047N12010907WA0132401374
B2309394739045N12010898WA0132601373
B2309404739043N12010890WA0132401372
B2309414739041N12010881WA0132001370
B2309424739039N12010871WA0131501369
B2309434739037N12010860WA0131601367
B2309444739035N12010850WA0131701368
B2309454739034N12010840WA0132001369
B2309464739033N12010831WA0132001369
B2309474739031N12010821WA0132001369
B2309484739029N12010811WA0131701369
B2309494739026N12010800WA0131501368
B2309504739023N12010790WA0131801368
B2309514739020N12010779WA0131801368
B2309524739017N12010769WA0131801368
B2309534739014N12010758WA0131501367
B2309544739010N12010747WA0131601366
B2309554739005N12010735WA0131501365
B2309564739001N12010724WA0131301365
B2309574738998N12010712WA0131501366
B2309584738994N12010701WA0131601366
B2309594738991N12010689WA0131601367
B2310004738989N12010677WA0131601367
B2310014738986N12010666WA0132001368
B2310024738984N12010656WA0132001370
B2310034738982N12010647WA0132301371
B2310044738980N12010639WA0132401372
B2310054738979N12010631WA0132301372
B2310064738977N12010623WA0132001371
B2310074738974N12010613WA0131701369
B2310084738971N12010603WA0131501368
B2310094738968N12010593WA0131901368
B2310104738967N12010584WA0132201371
B2310114738966N12010577WA0132601373
B2310124738965N12010569WA0132501373
B2310134738964N12010560WA0132201372
B2310144738963N12010551WA0132001371
B2310154738961N12010540WA0132001371
B2310164738960N12010531WA0132201372
B2310174738958N12010523WA0132601374
B2310184738956N12010516WA0133001377
B2310194738954N12010510WA0133401379
B2310204738952N12010505WA0133401380
B2310214738948N12010500WA0133201380
B2310224738944N12010495WA0132901379
B2310234738938N12010492WA0133001379
B2310244738933N12010489WA0133301379
B2310254738928N12010486WA0133601384
B2310264738924N12010483WA0133901387
B2310274738919N12010479WA0133901389
B2310284738914N12010474WA0134201391
B2310294738909N12010470WA0134301393
B2310304738904N12010465WA0134201395
B2310314738899N12010461WA0134901397
B2310324738895N12010457WA0135401401
B2310334738891N12010455WA0135701404
B2310344738887N12010455WA0135801407
B2310354738883N12010457WA0136001408
B2310364738879N12010461WA0135701409
B2310374738875N12010466WA0136001410
B2310384738873N12010473WA0136501413
B2310394738872N12010479WA0137001417
B2310404738874N12010485WA0137001420
B2310414738878N12010491WA0137401422
B2310424738883N12010495WA0137301423
B2310434738888N12010495WA0137601425
B2310444738894N12010491WA0137501426
B2310454738898N12010482WA0137601427
B2310464738900N12010473WA0137801430
B2310474738900N12010464WA0138601433
B2310484738899N12010457WA0139001436
B2310494738899N12010450WA0139501439
B2310504738897N12010444WA0139501441
B2310514738895N12010438WA0139501441
B2310524738891N12010435WA0139101441
B2310534738886N12010433WA0138901440
B2310544738881N12010435WA0138701439
B2310554738876N12010439WA0138901438
B2310564738873N12010444WA0139001438
B2310574738871N12010450WA0139001437
B2310584738870N12010459WA0138801437
B2310594738871N12010468WA0138801437
B2311004738874N12010477WA0138901439
B2311014738878N12010483WA0139501442
B2311024738882N12010486WA0140001447
B2311034738886N12010489WA0140601451
B2311044738889N12010491WA0140701454
B2311054738894N12010494WA0140601456
B2311064738899N12010497WA0140401457
B2311074738905N12010499WA0140701458
B2311084738911N12010501WA0140901460
B2311094738916N12010501WA0141301463
B2311104738921N12010499WA0141601466
B2311114738925N12010497WA0141801468
B2311124738929N12010493WA0141801470
B2311134738933N12010489WA0141901471
B2311144738937N12010484WA0141801471
B2311154738941N12010478WA0141801472
B2311164738945N12010473WA0141901473
B2311174738949N12010469WA0142101474
B2311184738954N12010465WA0142001475
B2311194738959N12010461WA0142501476
B2311204738964N12010459WA0142401477
B2311214738969N12010457WA0142501478
B2311224738974N12010454WA0142301478
B2311234738980N12010451WA0142301478
B2311244738985N12010447WA0142201478
B2311254738991N12010443WA0142501479
B2311264738996N12010440WA0142601479
B2311274739002N12010435WA0142401479
B2311284739008N12010431WA0142501480
B2311294739013N12010426WA0142601480
B2311304739019N12010421WA0142501481
B2311314739026N12010416WA0142301481
B2311324739033N12010413WA0142501482
B2311334739039N12010410WA0142801483
B2311344739046N12010406WA0142901485
B2311354739053N12010402WA0143101487
B2311364739059N12010398WA0143401489
B2311374739065N12010395WA0143701491
B2311384739072N12010393WA0143901493
B2311394739078N12010390WA0144001495
B2311404739085N12010387WA0144001495
B2311414739092N12010384WA0143801495
B2311424739100N12010382WA0144001496
B2311434739106N12010382WA0144401498
B2311444739112N12010381WA0144801501
B2311454739117N12010380WA0145101502
B2311464739123N12010377WA0144901504
B2311474739129N12010375WA0145001504
B2311484739135N12010372WA0144901505
B2311494739141N12010371WA0145001505
B2311504739148N12010370WA0145001505
B2311514739155N12010369WA0144901505
B2311524739162N12010365WA0144801505
B2311534739169N12010361WA0144901506
B2311544739174N12010358WA0145201508
B2311554739179N12010355WA0145801510
B2311564739184N12010353WA0145701511
B2311574739190N12010350WA0145601511
B2311584739196N12010347WA0145501511
B2311594739203N12010345WA0145101511
B2312004739210N12010345WA0145701512
B2312014739216N12010345WA0145801513
B2312024739223N12010346WA0145701513
B2312034739231N12010346WA0145601514
B2312044739239N12010347WA0145601512
B2312054739248N12010347WA0145401512
B2312064739257N12010349WA0145501514
B2312074739266N12010350WA0146101517
B2312084739274N12010352WA0146401519
B2312094739282N12010354WA0146901522
B2312104739289N12010357WA0147101525
B2312114739296N12010359WA0147201525
B2312124739304N12010362WA0147001526
B2312134739312N12010364WA0147201527
B2312144739319N12010366WA0147401529
B2312154739326N12010368WA0148001532
B2312164739331N12010371WA0148201534
B2312174739337N12010373WA0148101535
B2312184739344N12010376WA0148201535
B2312194739350N12010377WA0148001535
B2312204739356N12010379WA0148001535
B2312214739363N12010381WA0148001535
B2312224739369N12010383WA0147901535
B2312234739376N12010385WA0147901534
B2312244739383N12010387WA0147601533
B2312254739389N12010390WA0148001534
B2312264739395N12010393WA0148201537
B2312274739400N12010395WA0148801540
B2312284739404N12010398WA0148901543
B2312294739409N12010399WA0149301546
B2312304739414N12010400WA0149401548
B2312314739419N12010401WA0149501550
B2312324739424N12010402WA0150101553
B2312334739429N12010405WA0150401557
B2312344739434N12010407WA0150901562
B2312354739437N12010408WA0151601566
B2312364739441N12010406WA0151801570
B2312374739445N12010402WA0152001574
B2312384739449N12010397WA0152201577
B2312394739453N12010393WA0153001582
B2312404739456N12010390WA0153501588
B2312414739458N12010390WA0154301594
B2312424739461N12010391WA0154401598
B2312434739464N12010392WA0154901602
B2312444739467N12010392WA0155101606
B2312454739471N12010392WA0155801611
B2312464739474N12010394WA0156201616
B2312474739477N12010396WA0156801621
B2312484739481N12010397WA0157201625
B2312494739485N12010396WA0157601630
B2312504739490N12010394WA0158001635
B2312514739493N12010388WA0158801642
B2312524739496N12010381WA0159401649
B2312534739496N12010373WA0160501657
B2312544739495N12010366WA0161101664
B2312554739493N12010358WA0161501670
B2312564739490N12010349WA0161901675
B2312574739486N12010341WA0162601681
B2312584739481N12010334WA0163301688
B2312594739476N12010329WA0164301695
B2313004739470N12010325WA0164801702
B2313014739464N12010324WA0165401708
B2313024739458N12010325WA0165601714
B2313034739453N12010328WA0166301719
B2313044739448N12010332WA0166501724
B2313054739445N12010338WA0167101729
B2313064739442N12010345WA0167501734
B2313074739441N12010351WA0168301739
B2313084739442N12010356WA0168801746
B2313094739444N12010360WA0169301751
B2313104739447N12010362WA0169601756
B2313114739450N12010363WA0170401761
B2313124739454N12010364WA0170601766
B2313134739458N12010365WA0171301771
B2313144739462N12010366WA0171501776
B2313154739467N12010366WA0172201782
B2313164739472N12010364WA0172901789
B2313174739477N12010362WA0174101798
B2313184739481N12010359WA0174901806
B2313194739484N12010356WA0176001814
B2313204739486N12010350WA0176401822
B2313214739488N12010343WA0176901829
B2313224739489N12010333WA0177401836
B2313234739489N12010324WA0178501843
B2313244739488N12010315WA0178901852
B2313254739485N12010307WA0180001860
B2313264739481N12010302WA0180901868
B2313274739476N12010299WA0181701877
B2313284739471N12010297WA0182301884
B2313294739466N12010297WA0183001890
B2313304739461N12010301WA0183701896
B2313314739458N12010307WA0184101902
B2313324739457N12010314WA0184601909
B2313334739458N12010319WA0185701916
B2313344739461N12010324WA0186201923
B2313354739464N12010328WA0187001931
B2313364739468N12010330WA0187501937
B2313374739474N12010331WA0188301944
B2313384739479N12010330WA0188801951
B2313394739484N12010328WA0189701958
B2313404739488N12010323WA0190301965
B2313414739492N12010316WA0190901972
B2313424739495N12010308WA0191401979
B2313434739496N12010300WA0192401987
B2313444739495N12010295WA0193201995
B2313454739493N12010291WA0193902002
B2313464739489N12010289WA0194002007
B2313474739485N12010288WA0194702011
B2313484739481N12010287WA0194802014
B2313494739476N12010289WA0195102018
B2313504739471N12010294WA0195402020
B2313514739466N12010301WA0195902025
B2313524739463N12010309WA0196702033
B2313534739462N12010316WA0197902042
B2313544739462N12010322WA0198602050
B2313554739463N12010328WA0199402058
B2313564739465N12010333WA0200002065
B2313574739469N12010337WA0200802073
B2313584739473N12010341WA0201402080
B2313594739477N12010342WA0202102088
B2314004739482N12010342WA0202802093
B2314014739487N12010339WA0203202098
B2314024739492N12010335WA0203702103
B2314034739497N12010330WA0204502110
B2314044739500N12010324WA0205102117
B2314054739501N12010319WA0206102125
B2314064739500N12010316WA0206702132
B2314074739498N12010314WA0207502139
B2314084739495N12010311WA0207602144
B2314094739492N12010309WA0208202148
B2314104739487N12010308WA0208702152
B2314114739482N12010309WA0208802156
B2314124739477N12010312WA0209302161
B2314134739472N12010316WA0210302168
B2314144739468N12010320WA0210802177
B2314154739465N12010326WA0211602185
B2314164739464N12010332WA0212302192
B2314174739464N12010339WA0213202199
B2314184739466N12010345WA0213502205
B2314194739469N12010352WA0214102210
B2314204739472N12010358WA0214402215
B2314214739477N12010363WA0215102220
B2314224739483N12010368WA0215202225
B2314234739489N12010372WA0216102232
B2314244739495N12010374WA0216902240
B2314254739500N12010376WA0217702248
B2314264739504N12010375WA0218402256
B2314274739508N12010372WA0219102263
B2314284739510N12010368WA0219502268
B2314294739511N12010362WA0220102272
B2314304739510N12010356WA0220302277
B2314314739508N12010351WA0220802281
B2314324739504N12010346WA0221102285
B2314334739500N12010343WA0221902290
B2314344739495N12010341WA0222202295
B2314354739490N12010341WA0222802300
B2314364739484N12010341WA0223002305
B2314374739478N12010344WA0224002311
B2314384739473N12010348WA0224802320
B2314394739469N12010354WA0225702327
B2314404739467N12010360WA0226302333
B2314414739464N12010366WA0227002339
B2314424739461N12010374WA0227202344
B2314434739460N12010383WA0227602349
B2314444739459N12010393WA0228302354
B2314454739460N12010402WA0229102361
B2314464739462N12010409WA0229802368
B2314474739464N12010414WA0230602375
B2314484739468N12010417WA0231202380
B2314494739472N12010421WA0231502386
B2314504739477N12010424WA0232002390
B2314514739483N12010425WA0232102394
B2314524739488N12010426WA0232702398
B2314534739494N12010424WA0233202402
B2314544739498N12010420WA0233602407
B2314554739501N12010416WA0234102413
B2314564739501N12010411WA0234402417
B2314574739500N12010405WA0235002421
B2314584739498N12010400WA0235102424
B2314594739495N12010395WA0235402428
B2315004739491N12010391WA0235802432
B2315014739486N12010388WA0236502437
B2315024739481N12010387WA0237002442
B2315034739474N12010387WA0237502448
B2315044739468N12010389WA0238002453
B2315054739462N12010392WA0239002460
B2315064739457N12010396WA0239702467
B2315074739453N12010403WA0240402475
B2315084739450N12010411WA0240702481
B2315094739450N12010419WA0241602487
B2315104739452N12010426WA0241902492
B2315114739455N12010433WA0242402497
B2315124739459N12010439WA0242902502
B2315134739463N12010442WA0243302506
B2315144739468N12010442WA0243402511
B2315154739473N12010439WA0243802513
B2315164739476N12010433WA0244002517
B2315174739479N12010428WA0245002523
B2315184739479N12010423WA0245402529
B2315194739478N12010418WA0246302535
B2315204739476N12010413WA0246602539
B2315214739473N12010408WA0247002543
B2315224739468N12010404WA0247202548
B2315234739462N12010402WA0247502552
B2315244739456N12010403WA0248102557
B2315254739450N12010406WA0249302563
B2315264739446N12010410WA0250002572
B2315274739443N12010416WA0250702579
B2315284739440N12010423WA0251002586
B2315294739438N12010431WA0251702592
B2315304739436N12010439WA0252302598
B2315314739434N12010448WA0252702603
B2315324739434N12010456WA0253002608
B2315334739435N12010464WA0253302613
B2315344739439N12010472WA0253702617
B2315354739443N12010478WA0254002621
B2315364739448N12010481WA0254502625
B2315374739453N12010482WA0255102630
B2315384739458N12010481WA0255302634
B2315394739462N12010480WA0256002638
B2315404739467N12010478WA0256102642
B2315414739472N12010477WA0256602647
B2315424739477N12010476WA0256602650
B2315434739482N12010474WA0256702652
B2315444739487N12010471WA0256902654
B2315454739492N12010469WA0257402657
B2315464739497N12010466WA0257702660
B2315474739501N12010464WA0257902662
B2315484739505N12010462WA0258002665
B2315494739510N12010459WA0258102666
B2315504739515N12010457WA0258102668
B2315514739521N12010455WA0258202669
B2315524739527N12010453WA0258402670
B2315534739533N12010450WA0258602672
B2315544739539N12010446WA0258902674
B2315554739545N12010441WA0258802675
B2315564739550N12010435WA0259102677
B2315574739555N12010430WA0259302680
B2315584739560N12010426WA0259602682
B2315594739566N12010422WA0259702684
B2316004739571N12010419WA0260002687
B2316014739576N12010415WA0260302689
B2316024739581N12010411WA0260502691
B2316034739587N12010406WA0260502693
B2316044739592N12010403WA0260802695
B2316054739597N12010400WA0261002697
B2316064739603N12010396WA0261002698
B2316074739608N12010393WA0261102699
B2316084739614N12010389WA0261102700
B2316094739620N12010384WA0261002701
B2316104739627N12010379WA0260902699
B2316114739635N12010374WA0260602698
B2316124739642N12010369WA0260702699
B2316134739650N12010366WA0261302702
B2316144739657N12010363WA0261902706
B2316154739665N12010361WA0262102709
B2316164739672N12010358WA0262102710
B2316174739679N12010354WA0262002711
B2316184739687N12010349WA0261902712
B2316194739695N12010344WA0261802712
B2316204739704N12010339WA0262002713
B2316214739712N12010336WA0262602717
B2316224739720N12010334WA0263302722
B2316234739728N12010332WA0263802727
B2316244739736N12010330WA0264002729
B2316254739743N12010327WA0263902732
B2316264739751N12010324WA0263902733
B2316274739760N12010322WA0263902735
B2316284739768N12010320WA0264402737
B2316294739777N12010318WA0264502739
B2316304739784N12010315WA0264802741
B2316314739792N12010311WA0264802742
B2316324739799N12010307WA0264802743
B2316334739807N12010302WA0264902743
B2316344739814N12010297WA0264802743
B2316354739822N12010292WA0265202745
B2316364739830N12010288WA0265202747
B2316374739838N12010285WA0265802751
B2316384739846N12010282WA0266102754
B2316394739853N12010280WA0266502758
B2316404739860N12010277WA0266702761
B2316414739867N12010274WA0267102764
B2316424739874N12010269WA0266902766
B2316434739881N12010264WA0267102767
B2316444739887N12010258WA0267102768
B2316454739894N12010252WA0267302769
B2316464739901N12010246WA0267302770
B2316474739908N12010240WA0267402771
B2316484739914N12010232WA0267302772
B2316494739920N12010225WA0267402772
B2316504739925N12010217WA0267402771
B2316514739931N12010210WA0267202771
B2316524739937N12010203WA0267102771
B2316534739943N12010195WA0267002770
B2316544739949N12010188WA0267102770
B2316554739956N12010181WA0267102770
B2316564739963N12010175WA0267202771
B2316574739970N12010169WA0267102771
B2316584739978N12010163WA0267102770
B2316594739985N12010157WA0266902770
B2317004739993N12010151WA0266502768
B2317014740001N12010146WA0266602767
B2317024740008N12010141WA0266402766
B2317034740015N12010135WA0266302764
B2317044740021N12010129WA0266102762
B2317054740028N12010123WA0265802760
B2317064740034N12010116WA0265702758
B2317074740040N12010109WA0265402756
B2317084740046N12010102WA0265202753
B2317094740051N12010094WA0265002751
B2317104740057N12010087WA0264702748
B2317114740064N12010079WA0264402746
B2317124740069N12010072WA0264102743
B2317134740075N12010064WA0264302742
B2317144740080N12010056WA0264302742
B2317154740085N12010050WA0264302740
B2317164740090N12010044WA0264002739
B2317174740096N12010037WA0263602736
B2317184740102N12010030WA0263402734
B2317194740108N12010023WA0263102731
B2317204740115N12010015WA0262702728
B2317214740121N12010007WA0262402726
B2317224740127N12009999WA0262102723
B2317234740133N12009991WA0262202721
B2317244740139N12009983WA0261802718
B2317254740145N12009975WA0261702715
B2317264740151N12009967WA0261202712
B2317274740156N12009959WA0260702709
B2317284740162N12009950WA0260502705
B2317294740168N12009941WA0260002701
B2317304740175N12009932WA0259802698
B2317314740181N12009923WA0259402695
B2317324740188N12009914WA0259102692
B2317334740194N12009906WA0258902689
B2317344740201N12009898WA0259002687
B2317354740207N12009890WA0258802685
B2317364740213N12009883WA0258602683
B2317374740219N12009876WA0258302681
B2317384740226N12009868WA0257902678
B2317394740232N12009860WA0257602675
B2317404740238N12009852WA0257402672
B2317414740244N12009843WA0257202670
B2317424740249N12009834WA0257102668
B2317434740255N12009825WA0256902666
B2317444740261N12009816WA0256802663
B2317454740267N12009806WA0256102660
B2317464740273N12009797WA0255602656
B2317474740279N12009786WA0255002652
B2317484740286N12009776WA0255002648
B2317494740293N12009765WA0254602646
B2317504740300N12009756WA0254502644
B2317514740308N12009747WA0254502642
B2317524740316N12009740WA0254602641
B2317534740323N12009732WA0254502640
B2317544740331N12009725WA0254402639
B2317554740338N12009718WA0254102637
B2317564740346N12009710WA0253802635
B2317574740354N12009702WA0253402633
B2317584740362N12009694WA0253302631
B2317594740371N12009687WA0253402631
B2318004740379N12009679WA0253402632
B2318014740387N12009672WA0253702633
B2318024740394N12009665WA0253802633
B2318034740402N12009659WA0253802633
B2318044740409N12009652WA0253802632
B2318054740417N12009645WA0253502631
B2318064740424N12009638WA0253302629
B2318074740432N12009631WA0252902627
B2318084740440N12009624WA0252502624
B2318094740448N12009617WA0252202621
B2318104740456N12009610WA0252002619
B2318114740464N12009603WA0251902616
B2318124740471N12009595WA0251902614
B2318134740478N12009588WA0251902613
B2318144740485N12009580WA0251602611
B2318154740491N12009573WA0251502610
B2318164740497N12009565WA0251602610
B2318174740503N12009558WA0251902611
B2318184740509N12009552WA0252002612
B2318194740515N12009548WA0252102612
B2318204740522N12009544WA0252102612
B2318214740528N12009540WA0251702611
B2318224740535N12009535WA0251502609
B2318234740542N12009530WA0250902607
B2318244740548N12009524WA0250802604
B2318254740554N12009518WA0250402601
B2318264740561N12009511WA0250302598
B2318274740567N12009505WA0249902595
B2318284740574N12009498WA0249502592
B2318294740580N12009490WA0249102590
B2318304740587N12009483WA0248802587
B2318314740594N12009476WA0248402583
B2318324740601N12009469WA0248302580
B2318334740608N12009462WA0248002578
B2318344740615N12009455WA0247802574
B2318354740621N12009448WA0247402571
B2318364740628N12009440WA0247102568
B2318374740634N12009433WA0246802565
B2318384740640N12009425WA0246602562
B2318394740647N12009418WA0246502560
B2318404740652N12009410WA0246302559
B2318414740657N12009402WA0246002557
B2318424740662N12009394WA0246102555
B2318434740666N12009386WA0245902553
B2318444740671N12009379WA0245802551
B2318454740675N12009371WA0245602550
B2318464740680N12009363WA0245502549
B2318474740685N12009356WA0245302548
B2318484740691N12009348WA0245302547
B2318494740696N12009340WA0245202546
B2318504740701N12009333WA0245102545
B2318514740707N12009325WA0245002545
B2318524740713N12009318WA0245002544
B2318534740718N12009310WA0245102544
B2318544740723N12009302WA0245002543
B2318554740729N12009294WA0245002543
B2318564740735N12009287WA0244902542
B2318574740741N12009280WA0244802541
B2318584740748N12009272WA0244602540
B2318594740754N12009265WA0244402538
B2319004740760N12009257WA0244202537
B2319014740767N12009249WA0244202536
B2319024740773N12009241WA0244002536
B2319034740779N12009232WA0243902534
B2319044740785N12009224WA0243802533
B2319054740791N12009217WA0244002533
B2319064740797N12009209WA0244002532
B2319074740802N12009202WA0244102532
B2319084740808N12009195WA0244002532
B2319094740813N12009189WA0244202531
B2319104740819N12009182WA0243902531
B2319114740825N12009175WA0243702530
B2319124740831N12009168WA0243702529
B2319134740837N12009162WA0243602528
B2319144740843N12009155WA0243602527
B2319154740850N12009149WA0243402525
B2319164740856N12009143WA0243302525
B2319174740861N12009136WA0243302524
B2319184740867N12009129WA0243302523
B2319194740873N12009121WA0243202523
B2319204740879N12009114WA0243102522
B2319214740885N12009106WA0243002522
B2319224740890N12009098WA0243102521
B2319234740896N12009091WA0243102521
B2319244740902N12009084WA0243102521
B2319254740907N12009077WA0243302522
B2319264740913N12009071WA0243202522
B2319274740918N12009064WA0243202521
B2319284740923N12009057WA0243002520
B2319294740929N12009051WA0242802518
B2319304740935N12009044WA0242302516
B2319314740941N12009037WA0242002513
B2319324740948N12009029WA0241802511
B2319334740954N12009021WA0241902510
B2319344740960N12009013WA0241802508
B2319354740966N12009004WA0241602507
B2319364740972N12008996WA0241502505
B2319374740978N12008987WA0241402504
B2319384740984N12008979WA0241202503
B2319394740990N12008970WA0241102501
B2319404740996N12008963WA0241102500
B2319414741002N12008955WA0240902499
B2319424741009N12008947WA0240702498
B2319434741015N12008940WA0240502496
B2319444741022N12008932WA0240302495
B2319454741028N12008925WA0240402494
B2319464741033N12008918WA0240602493
B2319474741038N12008912WA0240702493
B2319484741043N12008906WA0240702493
B2319494741047N12008900WA0240502492
B2319504741052N12008894WA0240402491
B2319514741057N12008888WA0240302490
B2319524741063N12008883WA0240002488
B2319534741068N12008877WA0239802486
B2319544741073N12008870WA0239502483
B2319554741078N12008863WA0239102480
B2319564741083N12008855WA0238802478
B2319574741088N12008847WA0239002476
B2319584741092N12008840WA0238802475
B2319594741097N12008834WA0239302475
B2320004741101N12008828WA0239302476
B2320014741105N12008822WA0239302476
B2320024741109N12008816WA0239002475
B2320034741114N12008809WA0238402472
B2320044741119N12008801WA0238202468
B2320054741125N12008792WA0237602465
B2320064741132N12008783WA0237402462
B2320074741138N12008774WA0237402461
B2320084741145N12008765WA0237602461
B2320094741151N12008755WA0237802463
B2320104741156N12008746WA0237802465
B2320114741162N12008738WA0238202467
B2320124741167N12008729WA0238402468
B2320134741172N12008720WA0238402469
B2320144741177N12008711WA0238202469
B2320154741182N12008701WA0238002468
B2320164741187N12008692WA0237902467
B2320174741193N12008683WA0237802466
B2320184741199N12008674WA0238002466
B2320194741205N12008666WA0237802465
B2320204741210N12008659WA0237902465
B2320214741216N12008652WA0237802464
B2320224741222N12008644WA0237702463
B2320234741228N12008637WA0237502462
B2320244741234N12008628WA0237402461
B2320254741240N12008619WA0237402460
B2320264741245N12008611WA0237202459
B2320274741250N12008602WA0237202457
B2320284741256N12008593WA0237102456
B2320294741262N12008584WA0237002455
B2320304741269N12008575WA0236702454
B2320314741275N12008567WA0236702453
B2320324741282N12008558WA0236802452
B2320334741288N12008550WA0236502451
B2320344741295N12008542WA0236302449
B2320354741302N12008534WA0236102447
B2320364741309N12008526WA0235902446
B2320374741317N12008518WA0235902445
B2320384741324N12008509WA0235802443
B2320394741330N12008501WA0235602442
B2320404741337N12008493WA0235602439
B2320414741344N12008485WA0235202437
B2320424741350N12008477WA0234902435
B2320434741357N12008468WA0234502432
B2320444741363N12008459WA0234102428
B2320454741370N12008450WA0233502424
B2320464741377N12008440WA0233202419
B2320474741384N12008431WA0232802416
B2320484741391N12008422WA0232402412
B2320494741398N12008413WA0232202410
B2320504741404N12008404WA0232002407
B2320514741410N12008396WA0231802404
B2320524741416N12008387WA0231502401
B2320534741423N12008379WA0231102397
B2320544741429N12008370WA0230602392
B2320554741436N12008361WA0230002388
B2320564741443N12008351WA0229602384
B2320574741450N12008342WA0229202380
B2320584741457N12008333WA0229102377
B2320594741464N12008324WA0228902374
B2321004741470N12008315WA0228802371
B2321014741477N12008307WA0228402369
B2321024741483N12008298WA0228102365
B2321034741490N12008290WA0227602362
B2321044741496N12008281WA0227202358
B2321054741502N12008273WA0227002355
B2321064741508N12008265WA0226702351
B2321074741514N12008257WA0226402348
B2321084741519N12008249WA0226102345
B2321094741525N12008240WA0225702341
B2321104741531N12008231WA0225302337
B2321114741538N12008223WA0224902334
B2321124741545N12008215WA0224902332
B2321134741552N12008207WA0224802329
B2321144741559N12008200WA0224602327
B2321154741565N12008192WA0224402325
B2321164741572N12008185WA0224102322
B2321174741579N12008177WA0223802319
B2321184741586N12008169WA0223502316
B2321194741593N12008161WA0222902311
B2321204741600N12008154WA0222802307
B2321214741608N12008146WA0222002303
B2321224741615N12008138WA0221802299
B2321234741622N12008130WA0221502296
B2321244741629N12008121WA0221502293
B2321254741635N12008112WA0221202290
B2321264741641N12008103WA0220802286
B2321274741647N12008093WA0220202282
B2321284741654N12008083WA0219802278
B2321294741661N12008073WA0219202275
B2321304741669N12008063WA0219102271
B2321314741676N12008054WA0218802269
B2321324741683N12008045WA0218702267
B2321334741690N12008037WA0218602265
B2321344741697N12008030WA0218502263
B2321354741704N12008022WA0218202261
B2321364741711N12008014WA0217902258
B2321374741718N12008005WA0217502255
B2321384741724N12007996WA0217202252
B2321394741731N12007988WA0217002249
B2321404741738N12007979WA0216802247
B2321414741745N12007970WA0216602245
B2321424741751N12007961WA0216402243
B2321434741758N12007952WA0216202241
B2321444741764N12007943WA0216002239
B2321454741771N12007934WA0215702236
B2321464741778N12007925WA0215402233
B2321474741785N12007915WA0215002231
B2321484741791N12007906WA0214902229
B2321494741798N12007897WA0215002226
B2321504741804N12007888WA0214802224
B2321514741809N12007878WA0214302221
B2321524741815N12007869WA0214102218
B2321534741821N12007859WA0213402213
B2321544741828N12007848WA0213002210
B2321554741834N12007839WA0212702207
B2321564741839N12007830WA0212702205
B2321574741845N12007822WA0212802204
B2321584741849N12007814WA0213002203
B2321594741853N12007807WA0213002201
B2322004741857N12007800WA0212602198
B2322014741860N12007792WA0212202196
B2322024741865N12007784WA0211702193
B2322034741871N12007776WA0211502191
B2322044741877N12007769WA0211302189
B2322054741883N12007762WA0211002187
B2322064741890N12007756WA0211002185
B2322074741896N12007750WA0210902184
B2322084741902N12007744WA0210902183
B2322094741909N12007739WA0210802181
B2322104741915N12007734WA0210602179
B2322114741921N12007729WA0210102177
B2322124741928N12007723WA0209902174
B2322134741935N12007717WA0209602172
B2322144741941N12007711WA0209402170
B2322154741948N12007706WA0209402168
B2322164741955N12007701WA0209202166
B2322174741962N12007696WA0208802164
B2322184741969N12007691WA0208802161
B2322194741975N12007686WA0208102158
B2322204741982N12007680WA0207902154
B2322214741989N12007674WA0207302151
B2322224741996N12007668WA0207102147
B2322234742003N12007661WA0206802143
B2322244742010N12007655WA0206502141
B2322254742017N12007650WA0206402138
B2322264742024N12007645WA0206202136
B2322274742031N12007639WA0205802133
B2322284742039N12007633WA0205502131
B2322294742046N12007627WA0205502128
B2322304742053N12007620WA0205202127
B2322314742059N12007613WA0205102125
B2322324742066N12007605WA0204902124
B2322334742073N12007597WA0205002123
B2322344742079N12007590WA0205002123
B2322354742085N12007582WA0205002122
B2322364742091N12007575WA0204902121
B2322374742097N12007567WA0204602120
B2322384742103N12007558WA0204502118
B2322394742109N12007549WA0204202116
B2322404742115N12007540WA0204102114
B2322414742121N12007531WA0203802112
B2322424742127N12007522WA0203702111
B2322434742133N12007514WA0203502109
B2322444742139N12007505WA0203102107
B2322454742145N12007497WA0202802104
B2322464742151N12007488WA0202602102
B2322474742156N12007479WA0202202099
B2322484742162N12007471WA0202102097
B2322494742167N12007462WA0201902094
B2322504742172N12007453WA0201702092
B2322514742177N12007444WA0201402090
B2322524742183N12007436WA0201102087
B2322534742188N12007427WA0200802084
B2322544742193N12007417WA0200902083
B2322554742198N12007408WA0200902083
B2322564742203N12007400WA0200902082
B2322574742208N12007392WA0200702081
B2322584742214N12007384WA0200402079
B2322594742220N12007376WA0200202077
B2323004742226N12007367WA0199702074
B2323014742232N12007358WA0199402070
B2323024742238N12007349WA0199102067
B2323034742245N12007339WA0198802064
B2323044742250N12007328WA0198802062
B2323054742255N12007318WA0199002063
B2323064742260N12007307WA0199202064
B2323074742265N12007298WA0199502066
B2323084742270N12007290WA0199702068
B2323094742275N12007283WA0199602069
B2323104742280N12007274WA0199702069
B2323114742285N12007266WA0199502068
B2323124742290N12007258WA0199302067
B2323134742295N12007249WA0199102066
B2323144742301N12007241WA0199002065
B2323154742307N12007233WA0199002064
B2323164742314N12007225WA0198902063
B2323174742321N12007217WA0198702061
B2323184742328N12007209WA0198602060
B2323194742335N12007201WA0198402058
B2323204742341N12007193WA0198302057
B2323214742348N12007186WA0198202056
B2323224742355N12007178WA0198302056
B2323234742361N12007171WA0198302056
B2323244742367N12007163WA0198302055
B2323254742373N12007156WA0198202055
B2323264742379N12007148WA0198202054
B2323274742386N12007141WA0197802053
B2323284742392N12007133WA0197902052
B2323294742399N12007126WA0197902052
B2323304742405N12007118WA0198102052
B2323314742412N12007112WA0198102052
B2323324742418N12007105WA0198102053
B2323334742424N12007099WA0198102052
B2323344742431N12007091WA0197802051
B2323354742437N12007084WA0197502048
B2323364742444N12007076WA0197202045
B2323374742451N12007068WA0196802043
B2323384742459N12007061WA0196702041
B2323394742466N12007053WA0196502039
B2323404742474N12007046WA0196402037
B2323414742481N12007039WA0196302036
B2323424742488N12007031WA0196202034
B2323434742495N12007023WA0195902032
B2323444742502N12007015WA0195802031
B2323454742510N12007007WA0195602029
B2323464742517N12006999WA0195302026
B2323474742524N12006991WA0194902024
B2323484742531N12006982WA0194902023
B2323494742539N12006974WA0194702021
B2323504742546N12006966WA0194602020
B2323514742553N12006959WA0194502018
B2323524742559N12006951WA0194402016
B2323534742566N12006944WA0194102014
B2323544742574N12006936WA0193802012
B2323554742581N12006928WA0193602010
B2323564742588N12006919WA0193502008
B2323574742595N12006911WA0193402007
B2323584742602N12006903WA0193302006
B2323594742610N12006895WA0193402006
B2324004742617N12006888WA0193302006
B2324014742624N12006880WA0193202005
B2324024742631N12006873WA0193202005
B2324034742639N12006865WA0192902004
B2324044742646N12006858WA0192902002
B2324054742653N12006851WA0192702001
B2324064742660N12006844WA0192702000
B2324074742667N12006837WA0192401999
B2324084742674N12006829WA0192301997
B2324094742680N12006822WA0192201996
B2324104742686N12006815WA0192201995
B2324114742692N12006807WA0192001994
B2324124742697N12006800WA0191801992
B2324134742703N12006793WA0191401990
B2324144742709N12006785WA0191201987
B2324154742716N12006777WA0190801984
B2324164742722N12006769WA0190701983
B2324174742729N12006762WA0190701981
B2324184742735N12006755WA0190701980
B2324194742742N12006748WA0190501979
B2324204742748N12006741WA0190301977
B2324214742755N12006734WA0189901974
B2324224742761N12006727WA0189501971
B2324234742768N12006719WA0189401967
B2324244742774N12006710WA0189001964
B2324254742780N12006702WA0189101963
B2324264742786N12006694WA0189401964
B2324274742791N12006687WA0189501964
B2324284742797N12006681WA0189501964
B2324294742803N12006675WA0189201964
B2324304742809N12006669WA0189101962
B2324314742816N12006662WA0188601960
B2324324742822N12006656WA0188401957
B2324334742829N12006649WA0187801953
B2324344742836N12006641WA0187501949
B2324354742843N12006634WA0187201946
B2324364742850N12006626WA0187001943
B2324374742856N12006619WA0186801941
B2324384742863N12006612WA0186701939
B2324394742869N12006604WA0186401936
B2324404742875N12006597WA0186001933
B2324414742881N12006589WA0185601930
B2324424742888N12006580WA0185201926
B2324434742894N12006571WA0184801922
B2324444742900N12006561WA0184501919
B2324454742906N12006551WA0184201916
B2324464742911N12006541WA0184101914
B2324474742917N12006532WA0183901911
B2324484742922N12006522WA0183601908
B2324494742928N12006513WA0183401905
B2324504742933N12006504WA0182901902
B2324514742939N12006494WA0182401898
B2324524742944N12006485WA0182101894
B2324534742950N12006475WA0181801891
B2324544742956N12006466WA0181601888
B2324554742961N12006457WA0181501886
B2324564742966N12006448WA0181301884
B2324574742971N12006439WA0181301883
B2324584742976N12006430WA0181101882
B2324594742982N12006423WA0181501882
B2325004742987N12006417WA0181401882
B2325014742993N12006411WA0181401882
B2325024742999N12006405WA0181301882
B2325034743005N12006399WA0181001881
B2325044743011N12006393WA0180801879
B2325054743017N12006386WA0180601877
B2325064743023N12006379WA0180501876
B2325074743029N12006372WA0180501875
B2325084743035N12006366WA0180501875
B2325094743041N12006360WA0180601875
B2325104743047N12006354WA0180501874
B2325114743053N12006348WA0180301873
B2325124743059N12006342WA0180101871
B2325134743065N12006335WA0179701869
B2325144743072N12006328WA0179601867
B2325154743079N12006322WA0179301865
B2325164743085N12006315WA0179401863
B2325174743091N12006308WA0179101862
B2325184743098N12006301WA0178901860
B2325194743104N12006294WA0178701858
B2325204743110N12006287WA0178701857
B2325214743116N12006279WA0178501855
B2325224743122N12006272WA0178501854
B2325234743128N12006265WA0178301853
B2325244743134N12006258WA0178201851
B2325254743140N12006251WA0178001849
B2325264743146N12006244WA0177801848
B2325274743152N12006237WA0177501845
B2325284743158N12006229WA0177301842
B2325294743164N12006222WA0176901840
B2325304743170N12006214WA0176701837
B2325314743175N12006207WA0176401834
B2325324743181N12006199WA0176201832
B2325334743187N12006192WA0175901829
B2325344743193N12006185WA0175701827
B2325354743199N12006178WA0175401824
B2325364743205N12006170WA0175201821
B2325374743212N12006163WA0174801818
B2325384743218N12006156WA0174701816
B2325394743224N12006149WA0174301813
B2325404743231N12006142WA0174001810
B2325414743237N12006134WA0173601807
B2325424743243N12006126WA0173401804
B2325434743250N12006118WA0173101801
B2325444743256N12006111WA0172801798
B2325454743262N12006103WA0172601795
B2325464743269N12006096WA0172201792
B2325474743276N12006089WA0171801788
B2325484743283N12006082WA0171501784
B2325494743290N12006074WA0171101781
B2325504743297N12006066WA0170801777
B2325514743303N12006058WA0170601774
B2325524743310N12006051WA0170501772
B2325534743316N12006043WA0170101769
B2325544743323N12006035WA0169901766
B2325554743329N12006027WA0169501764
B2325564743335N12006019WA0169401761
B2325574743341N12006010WA0169201759
B2325584743347N12006001WA0169001756
B2325594743353N12005992WA0168701755
B2326004743359N12005984WA0168801755
B2326014743364N12005977WA0169401756
B2326024743369N12005970WA0169301756
B2326034743374N12005963WA0169201756
B2326044743379N12005955WA0169101755
B2326054743384N12005947WA0168801753
B2326064743389N12005937WA0168601752
B2326074743394N12005928WA0168601751
B2326084743399N12005919WA0168601751
B2326094743405N12005911WA0168801752
B2326104743411N12005903WA0168801754
B2326114743417N12005895WA0169201755
B2326124743422N12005887WA0169201756
B2326134743427N12005879WA0169401757
B2326144743433N12005870WA0169301757
B2326154743439N12005862WA0169301758
B2326164743445N12005853WA0169401758
B2326174743451N12005844WA0169801759
B2326184743457N12005836WA0170001761
B2326194743464N12005828WA0170201763
B2326204743470N12005820WA0170201765
B2326214743476N12005813WA0170501767
B2326224743483N12005806WA0170601768
B2326234743490N12005799WA0171001770
B2326244743496N12005791WA0171001771
B2326254743502N12005784WA0171201773
B2326264743508N12005776WA0171401774
B2326274743514N12005769WA0171301774
B2326284743520N12005761WA0171201774
B2326294743527N12005752WA0171001773
B2326304743533N12005744WA0170901772
B2326314743540N12005735WA0170701771
B2326324743546N12005726WA0170601771
B2326334743553N12005718WA0170701771
B2326344743559N12005710WA0170601770
B2326354743565N12005703WA0170601770
B2326364743571N12005694WA0170401769
B2326374743576N12005686WA0170401768
B2326384743581N12005677WA0170201767
B2326394743586N12005667WA0170201767
B2326404743592N12005659WA0170501769
B2326414743597N12005651WA0170601770
B2326424743602N12005644WA0170701771
B2326434743608N12005636WA0170801772
B2326444743613N12005628WA0170801772
B2326454743618N12005620WA0170801772
B2326464743624N12005611WA0170801772
B2326474743630N12005602WA0170501770
B2326484743636N12005592WA0170201770
B2326494743643N12005583WA0170401769
B2326504743650N12005573WA0170401771
B2326514743657N12005564WA0170901774
B2326524743663N12005556WA0171601778
B2326534743668N12005548WA0172301781
B2326544743673N12005540WA0172601784
B2326554743677N12005533WA0173001785
B2326564743682N12005524WA0172901787
B2326574743687N12005516WA0172701787
B2326584743692N12005506WA0172701789
B2326594743697N12005498WA0173301792
B2327004743703N12005489WA0173601796
B2327014743709N12005481WA0174101798
B2327024743714N12005473WA0174401800
B2327034743719N12005465WA0174201801
B2327044743725N12005456WA0174201802
B2327054743730N12005447WA0174001801
B2327064743736N12005438WA0173901800
B2327074743743N12005429WA0173901800
B2327084743749N12005420WA0174101802
B2327094743755N12005412WA0174501804
B2327104743761N12005403WA0174701806
B2327114743767N12005395WA0174701806
B2327124743773N12005386WA0174701807
B2327134743779N12005377WA0174601807
B2327144743785N12005367WA0174601807
B2327154743791N12005358WA0174801808
B2327164743798N12005349WA0175001810
B2327174743805N12005341WA0175401812
B2327184743811N12005332WA0175501814
B2327194743817N12005324WA0175601816
B2327204743824N12005315WA0175801818
B2327214743830N12005307WA0175901819
B2327224743836N12005298WA0176001821
B2327234743842N12005290WA0176301822
B2327244743848N12005281WA0176501824
B2327254743854N12005273WA0176701825
B2327264743860N12005265WA0176601827
B2327274743866N12005257WA0176701828
B2327284743872N12005249WA0176801830
B2327294743877N12005241WA0177101831
B2327304743883N12005234WA0177101831
B2327314743888N12005227WA0176801831
B2327324743894N12005219WA0176801830
B2327334743900N12005212WA0176601830
B2327344743906N12005203WA0176301829
B2327354743912N12005195WA0176401829
B2327364743919N12005187WA0176301829
B2327374743925N12005179WA0176601829
B2327384743932N12005171WA0176701830
B2327394743938N12005164WA0176701831
B2327404743944N12005156WA0176701832
B2327414743951N12005149WA0176901833
B2327424743957N12005141WA0177101835
B2327434743964N12005133WA0177101836
B2327444743970N12005126WA0177301837
B2327454743976N12005118WA0177701838
B2327464743982N12005111WA0177401838
B2327474743989N12005103WA0177201837
B2327484743995N12005096WA0176901836
B2327494744002N12005087WA0176601833
B2327504744009N12005079WA0176301831
B2327514744017N12005071WA0176501830
B2327524744024N12005064WA0176801832
B2327534744031N12005057WA0177101833
B2327544744037N12005050WA0177101834
B2327554744044N12005043WA0177201835
B2327564744050N12005034WA0177101836
B2327574744056N12005026WA0177401837
B2327584744062N12005018WA0177601840
B2327594744067N12005011WA0178101843
B2328004744073N12005004WA0178301845
B2328014744078N12004996WA0178601846
B2328024744084N12004987WA0178501848
B2328034744090N12004978WA0178401849
B2328044744096N12004969WA0178501850
B2328054744102N12004961WA0178801851
B2328064744109N12004954WA0179001854
B2328074744115N12004947WA0179201856
B2328084744121N12004940WA0179301857
B2328094744127N12004933WA0179301858
B2328104744134N12004925WA0179501859
B2328114744140N12004916WA0179301860
B2328124744147N12004907WA0179701862
B2328134744153N12004899WA0180101865
B2328144744160N12004892WA0180501869
B2328154744166N12004884WA0180901872
B2328164744171N12004876WA0181201875
B2328174744177N12004867WA0181201877
B2328184744183N12004858WA0181301879
B2328194744189N12004849WA0181801882
B2328204744195N12004840WA0182401887
B2328214744200N12004831WA0182901891
B2328224744206N12004823WA0183101894
B2328234744211N12004814WA0183201898
B2328244744217N12004805WA0183401901
B2328254744223N12004796WA0184101904
B2328264744228N12004788WA0184401907
B2328274744234N12004779WA0184701911
B2328284744239N12004770WA0185101915
B2328294744245N12004761WA0185601919
B2328304744251N12004753WA0185801923
B2328314744257N12004746WA0186201926
B2328324744263N12004738WA0186401928
B2328334744269N12004730WA0186601930
B2328344744275N12004722WA0186801932
B2328354744282N12004713WA0187001934
B2328364744288N12004704WA0187301937
B2328374744294N12004695WA0187601941
B2328384744301N12004687WA0188201945
B2328394744307N12004678WA0188601948
B2328404744312N12004670WA0188801952
B2328414744318N12004661WA0189001954
B2328424744324N12004653WA0188801956
B2328434744331N12004644WA0189101957
B2328444744337N12004636WA0189101957
B2328454744344N12004628WA0189301958
B2328464744352N12004620WA0189501960
B2328474744359N12004612WA0189801962
B2328484744366N12004604WA0189901964
B2328494744374N12004595WA0190001966
B2328504744381N12004587WA0190201968
B2328514744388N12004578WA0190501970
B2328524744395N12004570WA0190501972
B2328534744402N12004562WA0191001974
B2328544744409N12004555WA0191201976
B2328554744416N12004548WA0191401979
B2328564744424N12004542WA0191401980
B2328574744431N12004534WA0191201979
B2328584744438N12004526WA0191301979
B2328594744444N12004517WA0191201980
B2329004744450N12004508WA0191601980
B2329014744456N12004499WA0191701982
B2329024744461N12004491WA0191701982
B2329034744467N12004483WA0191501981
B2329044744472N12004475WA0191201979
B2329054744478N12004466WA0190601976
B2329064744485N12004456WA0190101973
B2329074744491N12004446WA0189701969
B2329084744497N12004435WA0189401966
B2329094744503N12004425WA0189201963
B2329104744509N12004415WA0189201961
B2329114744514N12004405WA0188801958
B2329124744520N12004395WA0188501955
B2329134744525N12004385WA0188001952
B2329144744531N12004374WA0187701947
B2329154744538N12004363WA0187001943
B2329164744544N12004351WA0186701938
B2329174744550N12004339WA0186201934
B2329184744557N12004327WA0186101931
B2329194744563N12004316WA0185801929
B2329204744569N12004306WA0185901927
B2329214744575N12004295WA0185701926
B2329224744581N12004285WA0185501924
B2329234744587N12004276WA0185301922
B2329244744593N12004266WA0185101919
B2329254744599N12004255WA0184801917
B2329264744605N12004244WA0184501914
B2329274744611N12004233WA0184101912
B2329284744617N12004222WA0183901910
B2329294744623N12004212WA0183801908
B2329304744630N12004201WA0183701906
B2329314744636N12004190WA0183501904
B2329324744642N12004179WA0183401902
B2329334744648N12004168WA0183101900
B2329344744654N12004156WA0182801898
B2329354744661N12004144WA0182601896
B2329364744667N12004132WA0182401894
B2329374744674N12004119WA0182301892
B2329384744680N12004107WA0182401892
B2329394744687N12004095WA0182301891
B2329404744694N12004084WA0182301891
B2329414744700N12004073WA0182101890
B2329424744707N12004062WA0182001888
B2329434744713N12004050WA0181601886
B2329444744720N12004038WA0181301884
B2329454744727N12004026WA0181301883
B2329464744733N12004014WA0181401883
B2329474744740N12004004WA0181501883
B2329484744747N12003994WA0181401883
B2329494744753N12003984WA0181301882
B2329504744760N12003973WA0181201881
B2329514744766N12003962WA0181101880
B2329524744772N12003951WA0181101879
B2329534744777N12003939WA0180901877
B2329544744783N12003929WA0181001877
B2329554744789N12003918WA0181001877
B2329564744794N12003908WA0181101877
B2329574744800N12003898WA0181001877
B2329584744806N12003888WA0180901876
B2329594744812N12003878WA0180901876
B2330004744818N12003867WA0180701875
B2330014744825N12003857WA0180401874
B2330024744831N12003847WA0180401873
B2330034744837N12003837WA0180501872
B2330044744843N12003827WA0180501871
B2330054744850N12003818WA0180201871
B2330064744856N12003808WA0180101870
B2330074744863N12003799WA0180001869
B2330084744869N12003789WA0180001868
B2330094744876N12003780WA0179801867
B2330104744883N12003771WA0179801867
B2330114744890N12003763WA0179601866
B2330124744896N12003755WA0179801864
B2330134744903N12003746WA0179601863
B2330144744909N12003738WA0179301861
B2330154744916N12003728WA0178901859
B2330164744923N12003719WA0178701856
B2330174744929N12003709WA0178601854
B2330184744935N12003699WA0178501853
B2330194744941N12003689WA0178601852
B2330204744947N12003679WA0178601852
B2330214744953N12003669WA0178401852
B2330224744960N12003659WA0178501851
B2330234744965N12003650WA0178301850
B2330244744971N12003640WA0178201849
B2330254744977N12003630WA0178301848
B2330264744982N12003621WA0178101847
B2330274744988N12003611WA0178101847
B2330284744995N12003602WA0178101847
B2330294745001N12003592WA0177801846
B2330304745008N12003583WA0177701846
B2330314745014N12003573WA0177701845
B2330324745021N12003563WA0177901845
B2330334745027N12003553WA0178001846
B2330344745033N12003543WA0178001847
B2330354745039N12003534WA0178101848
B2330364745046N12003524WA0178001848
B2330374745053N12003514WA0178001847
B2330384745059N12003504WA0177901848
B2330394745066N12003493WA0178301849
B2330404745072N12003483WA0178501851
B2330414745078N12003473WA0179001855
B2330424745083N12003463WA0179301858
B2330434745089N12003453WA0179801861
B2330444745095N12003443WA0180101864
B2330454745101N12003433WA0180101867
B2330464745107N12003423WA0180601870
B2330474745111N12003414WA0181401874
B2330484745115N12003405WA0181701879
B2330494745119N12003396WA0182101883
B2330504745124N12003387WA0182201885
B2330514745129N12003379WA0182301887
B2330524745134N12003370WA0182301889
B2330534745140N12003362WA0182401890
B2330544745145N12003354WA0182501892
B2330554745150N12003345WA0183001894
B2330564745155N12003337WA0183101896
B2330574745159N12003328WA0183401898
B2330584745163N12003320WA0183401899
B2330594745168N12003312WA0183501900
B2331004745173N12003303WA0183401900
B2331014745178N12003295WA0183301900
B2331024745183N12003286WA0183401900
B2331034745188N12003277WA0183601901
B2331044745194N12003268WA0183801902
B2331054745199N12003260WA0184001904
B2331064745205N12003251WA0184101906
B2331074745211N12003243WA0184201908
B2331084745217N12003234WA0184301910
B2331094745223N12003225WA0184701912
B2331104745228N12003216WA0184801913
B2331114745234N12003208WA0185001915
B2331124745239N12003199WA0185101916
B2331134745244N12003190WA0185401918
B2331144745249N12003181WA0185501921
B2331154745254N12003173WA0186001923
B2331164745259N12003165WA0185901925
B2331174745264N12003157WA0186001925
B2331184745270N12003149WA0185901926
B2331194745276N12003140WA0185601925
B2331204745281N12003130WA0185501925
B2331214745287N12003120WA0185901926
B2331224745292N12003110WA0186101927
B2331234745297N12003101WA0186501929
B2331244745302N12003093WA0186601931
B2331254745308N12003085WA0186601932
B2331264745313N12003076WA0186801933
B2331274745317N12003067WA0186801934
B2331284745321N12003058WA0187101935
B2331294745325N12003049WA0187101936
B2331304745329N12003040WA0187101937
B2331314745332N12003031WA0187401937
B2331324745335N12003023WA0187301937
B2331334745339N12003014WA0187201937
B2331344745342N12003005WA0187101937
B2331354745347N12002996WA0187101937
B2331364745351N12002987WA0187201938
B2331374745355N12002980WA0187401939
B2331384745360N12002972WA0187501940
B2331394745364N12002965WA0187501940
B2331404745368N12002957WA0187401940
B2331414745371N12002948WA0187401940
B2331424745374N12002940WA0187501940
B2331434745377N12002932WA0187601941
B2331444745380N12002924WA0187801941
B2331454745384N12002917WA0187601941
B2331464745388N12002910WA0187601941
B2331474745392N12002903WA0187301940
B2331484745395N12002895WA0187101938
B2331494745399N12002887WA0186901936
B2331504745403N12002879WA0186801934
B2331514745408N12002871WA0186501933
B2331524745412N12002862WA0186401930
B2331534745417N12002853WA0186001928
B2331544745422N12002844WA0185901926
B2331554745426N12002834WA0186001926
B2331564745431N12002825WA0186201927
B2331574745437N12002817WA0186701929
B2331584745442N12002810WA0186901931
B2331594745447N12002803WA0186901933
B2332004745451N12002795WA0186901933
B2332014745456N12002786WA0186701932
B2332024745460N12002777WA0186801932
B2332034745463N12002768WA0187101932
B2332044745467N12002759WA0187201934
B2332054745470N12002752WA0187501936
B2332064745473N12002745WA0187401937
B2332074745477N12002737WA0187201935
B2332084745481N12002729WA0186901934
B2332094745487N12002720WA0186601932
B2332104745492N12002711WA0186501931
B2332114745497N12002703WA0186901932
B2332124745502N12002696WA0187201935
B2332134745506N12002691WA0187401936
B2332144745511N12002686WA0187401936
B2332154745515N12002682WA0187101934
B2332164745521N12002676WA0186701931
B2332174745526N12002670WA0185901927
B2332184745532N12002662WA0185501923
B2332194745538N12002653WA0185301920
B2332204745544N12002645WA0185301919
B2332214745550N12002638WA0185401919
B2332224745556N12002631WA0185301918
B2332234745562N12002625WA0185001917
B2332244745569N12002619WA0184801915
B2332254745575N12002612WA0184301913
B2332264745582N12002605WA0184201910
B2332274745588N12002599WA0184101908
B2332284745594N12002592WA0184001907
B2332294745600N12002586WA0183801905
B2332304745605N12002579WA0183601903
B2332314745611N12002572WA0183001899
B2332324745616N12002564WA0182801895
B2332334745622N12002555WA0182301892
B2332344745627N12002547WA0182001889
B2332354745633N12002539WA0181701887
B2332364745638N12002531WA0181801884
B2332374745643N12002523WA0181201881
B2332384745648N12002515WA0180801878
B2332394745654N12002507WA0180401874
B2332404745660N12002498WA0180201871
B2332414745666N12002490WA0179801868
B2332424745672N12002481WA0179601866
B2332434745678N12002472WA0179301863
B2332444745685N12002463WA0179201861
B2332454745692N12002454WA0178901859
B2332464745699N12002445WA0178701856
B2332474745705N12002436WA0178601854
B2332484745711N12002427WA0178501852
B2332494745717N12002417WA0178301850
B2332504745723N12002409WA0178101848
B2332514745729N12002400WA0177701845
B2332524745735N12002391WA0177401842
B2332534745740N12002382WA0177101839
B2332544745746N12002373WA0177101837
B2332554745752N12002365WA0176701834
B2332564745758N12002357WA0176501832
B2332574745764N12002348WA0176201830
B2332584745770N12002340WA0176001827
B2332594745776N12002332WA0175601824
B2333004745782N12002324WA0175401822
B2333014745788N12002316WA0175301820
B2333024745795N12002308WA0175201818
B2333034745801N12002301WA0174901816
B2333044745807N12002293WA0174601814
B2333054745814N12002285WA0174201811
B2333064745820N12002277WA0174001808
B2333074745826N12002269WA0173801805
B2333084745832N12002262WA0173601802
B2333094745838N12002254WA0173301800
B2333104745844N12002247WA0173101798
B2333114745851N12002240WA0172601795
B2333124745857N12002233WA0172401791
B2333134745864N12002226WA0171901788
B2333144745871N12002218WA0171701785
B2333154745878N12002210WA0171601783
B2333164745885N12002203WA0171401780
B2333174745892N12002195WA0171101778
B2333184745899N12002187WA0170701775
B2333194745905N12002179WA0170501773
B2333204745912N12002171WA0170401771
B2333214745918N12002163WA0170201769
B2333224745925N12002156WA0170201767
B2333234745932N12002148WA0170001766
B2333244745938N12002141WA0169801764
B2333254745944N12002133WA0169601763
B2333264745951N12002125WA0169401761
B2333274745957N12002117WA0169301759
B2333284745963N12002109WA0169101757
B2333294745969N12002101WA0168901755
B2333304745975N12002093WA0168701753
B2333314745982N12002084WA0168401751
B2333324745988N12002076WA0168201749
B2333334745994N12002067WA0168001747
B2333344746001N12002059WA0167901744
B2333354746008N12002051WA0167501742
B2333364746014N12002042WA0167301740
B2333374746021N12002033WA0167101738
B2333384746027N12002025WA0166901735
B2333394746034N12002016WA0166601733
B2333404746041N12002008WA0166401731
B2333414746047N12001999WA0166101728
B2333424746054N12001991WA0165901726
B2333434746060N12001982WA0165701724
B2333444746067N12001974WA0165501721
B2333454746074N12001966WA0165301719
B2333464746080N12001958WA0165101716
B2333474746086N12001949WA0164801714
B2333484746093N12001940WA0164601712
B2333494746100N12001932WA0164401709
B2333504746107N12001924WA0164201707
B2333514746114N12001916WA0164001705
B2333524746121N12001909WA0163801703
B2333534746128N12001902WA0163401701
B2333544746135N12001894WA0163201697
B2333554746142N12001887WA0162701694
B2333564746150N12001879WA0162301690
B2333574746157N12001872WA0161901686
B2333584746164N12001864WA0161701683
B2333594746172N12001857WA0161501681
B2334004746179N12001849WA0161201679
B2334014746185N12001841WA0161201677
B2334024746192N12001833WA0161201675
B2334034746198N12001826WA0161101674
B2334044746204N12001819WA0161001672
B2334054746210N12001812WA0160601670
B2334064746216N12001805WA0160401667
B2334074746221N12001797WA0160201664
B2334084746227N12001789WA0159901661
B2334094746232N12001781WA0159401659
B2334104746238N12001773WA0159201656
B2334114746244N12001764WA0159001653
B2334124746250N12001756WA0158601650
B2334134746257N12001748WA0158401647
B2334144746263N12001739WA0158101645
B2334154746268N12001731WA0158101643
B2334164746274N12001723WA0157901642
B2334174746280N12001716WA0157801640
B2334184746286N12001708WA0157701639
B2334194746292N12001700WA0157601638
B2334204746298N12001691WA0157401636
B2334214746304N12001682WA0157101634
B2334224746311N12001673WA0156901633
B2334234746317N12001664WA0157101632
B2334244746324N12001656WA0157301633
B2334254746330N12001648WA0157601635
B2334264746335N12001640WA0157701636
B2334274746341N12001633WA0157701637
B2334284746347N12001626WA0157601637
B2334294746354N12001618WA0157501636
B2334304746360N12001611WA0157301634
B2334314746367N12001603WA0156901632
B2334324746374N12001594WA0156801630
B2334334746381N12001586WA0156501629
B2334344746387N12001577WA0156701628
B2334354746394N12001569WA0156501628
B2334364746400N12001560WA0156701627
B2334374746405N12001552WA0156601627
B2334384746411N12001545WA0156501626
B2334394746417N12001537WA0156301624
B2334404746423N12001529WA0156001622
B2334414746429N12001520WA0155601619
B2334424746435N12001511WA0155301616
B2334434746441N12001502WA0154801612
B2334444746447N12001492WA0154601609
B2334454746454N12001484WA0154401607
B2334464746460N12001475WA0154301604
B2334474746467N12001466WA0154101603
B2334484746473N12001457WA0154401602
B2334494746479N12001449WA0154301602
B2334504746485N12001441WA0154301603
B2334514746491N12001433WA0154301602
B2334524746497N12001424WA0154101601
B2334534746503N12001416WA0154001600
B2334544746509N12001408WA0153901599
B2334554746515N12001400WA0153701598
B2334564746521N12001391WA0153401596
B2334574746527N12001383WA0153301595
B2334584746533N12001375WA0153201593
B2334594746540N12001367WA0153201592
B2335004746546N12001359WA0153101591
B2335014746552N12001352WA0153001590
B2335024746558N12001345WA0152901590
B2335034746564N12001338WA0152801589
B2335044746569N12001331WA0152601587
B2335054746575N12001325WA0152301585
B2335064746582N12001318WA0151901582
B2335074746588N12001311WA0151701580
B2335084746594N12001303WA0151501578
B2335094746599N12001296WA0151301575
B2335104746605N12001289WA0151301573
B2335114746610N12001282WA0151101571
B2335124746616N12001276WA0150801569
B2335134746621N12001269WA0150301565
B2335144746627N12001262WA0150001561
B2335154746633N12001255WA0149301557
B2335164746639N12001247WA0149001553
B2335174746645N12001238WA0148501549
B2335184746651N12001230WA0148401545
B2335194746657N12001221WA0148101543
B2335204746663N12001213WA0147801540
B2335214746668N12001205WA0147401536
B2335224746674N12001198WA0147301534
B2335234746681N12001190WA0146901531
B2335244746687N12001183WA0147001529
B2335254746693N12001175WA0146801527
B2335264746699N12001168WA0146401524
B2335274746705N12001160WA0146101522
B2335284746712N12001152WA0145901518
B2335294746719N12001144WA0145501516
B2335304746726N12001136WA0145301514
B2335314746733N12001129WA0145201512
B2335324746740N12001121WA0145101510
B2335334746746N12001114WA0144901508
B2335344746753N12001107WA0144601506
B2335354746760N12001099WA0144501504
B2335364746767N12001091WA0144301502
B2335374746773N12001083WA0144001500
B2335384746780N12001075WA0143801498
B2335394746787N12001068WA0143701496
B2335404746793N12001061WA0143401494
B2335414746800N12001055WA0143401491
B2335424746806N12001047WA0143001489
B2335434746813N12001040WA0142701486
B2335444746819N12001031WA0142201482
B2335454746825N12001023WA0141801479
B2335464746831N12001014WA0141501476
B2335474746838N12001006WA0141801474
B2335484746844N12000999WA0141901474
B2335494746850N12000993WA0142201475
B2335504746857N12000987WA0142001475
B2335514746863N12000981WA0141801474
B2335524746869N12000975WA0141701472
B2335534746876N12000968WA0141101469
B2335544746882N12000959WA0140701467
B2335554746889N12000950WA0140601464
B2335564746895N12000941WA0140501462
B2335574746900N12000932WA0140601462
B2335584746906N12000924WA0140601462
B2335594746911N12000916WA0140701463
B2336004746917N12000908WA0140901463
B2336014746922N12000899WA0140501464
B2336024746928N12000891WA0140701464
B2336034746933N12000882WA0140601464
B2336044746938N12000873WA0141001465
B2336054746942N12000865WA0141401467
B2336064746947N12000857WA0141501468
B2336074746951N12000849WA0141501469
B2336084746955N12000841WA0141301470
B2336094746960N12000832WA0141401470
B2336104746965N12000824WA0141501471
B2336114746970N12000815WA0141801472
B2336124746975N12000807WA0141801473
B2336134746979N12000800WA0141901475
B2336144746984N12000792WA0142001475
B2336154746988N12000784WA0142001476
B2336164746993N12000776WA0141801476
B2336174746998N12000767WA0141901476
B2336184747002N12000759WA0142001476
B2336194747007N12000750WA0142101477
B2336204747011N12000741WA0141901477
B2336214747015N12000732WA0142001477
B2336224747019N12000723WA0142101478
B2336234747023N12000714WA0142001478
B2336244747027N12000704WA0142101478
B2336254747031N12000694WA0142101478
B2336264747036N12000684WA0142001478
B2336274747041N12000674WA0141901477
B2336284747046N12000664WA0141901477
B2336294747051N12000654WA0142001477
B2336304747055N12000644WA0142101476
B2336314747059N12000633WA0142201477
B2336324747063N12000623WA0142201477
B2336334747067N12000614WA0142101476
B2336344747071N12000605WA0141901475
B2336354747075N12000597WA0141801474
B2336364747080N12000588WA0141701474
B2336374747085N12000580WA0141601473
B2336384747090N12000572WA0141401471
B2336394747096N12000564WA0141301470
B2336404747101N12000556WA0141101468
B2336414747106N12000548WA0140901466
B2336424747110N12000538WA0140801464
B2336434747115N12000529WA0140501462
B2336444747121N12000519WA0140301459
B2336454747127N12000510WA0140001457
B2336464747133N12000500WA0139701455
B2336474747139N12000491WA0139501453
B2336484747145N12000481WA0139501450
B2336494747151N12000472WA0139201448
B2336504747158N12000463WA0138901445
B2336514747165N12000454WA0138501443
B2336524747171N12000445WA0138101440
B2336534747178N12000436WA0137901437
B2336544747185N12000426WA0137701435
B2336554747192N12000417WA0137601434
B2336564747198N12000408WA0137501431
B2336574747204N12000399WA0137301429
B2336584747209N12000391WA0136901426
B2336594747215N12000382WA0136601422
B2337004747221N12000374WA0136001417
B2337014747227N12000365WA0135501413
B2337024747233N12000356WA0134901408
B2337034747239N12000347WA0134501404
B2337044747245N12000338WA0134801402
B2337054747250N12000331WA0134801402
B2337064747255N12000325WA0134901401
B2337074747261N12000319WA0134901400
B2337084747266N12000313WA0134601399
B2337094747272N12000307WA0134201397
B2337104747277N12000301WA0134001395
B2337114747283N12000295WA0133901393
B2337124747288N12000289WA0133801391
B2337134747294N12000284WA0133801390
B2337144747299N12000280WA0133901389
B2337154747304N12000276WA0133801387
B2337164747308N12000271WA0133601386
B2337174747312N12000266WA0133401384
B2337184747316N12000260WA0133201382
B2337194747319N12000254WA0132901380
B2337204747323N12000248WA0132901378
B2337214747327N12000243WA0132501376
B2337224747332N12000238WA0132201373
B2337234747336N12000233WA0132101371
B2337244747340N12000228WA0132001369
B2337254747344N12000222WA0131701366
B2337264747347N12000216WA0131401364
B2337274747350N12000210WA0131101361
B2337284747353N12000204WA0130901358
B2337294747357N12000199WA0130501356
B2337304747360N12000194WA0130401353
B2337314747364N12000188WA0130101350
B2337324747367N12000182WA0129901347
B2337334747371N12000177WA0129601345
B2337344747375N12000171WA0129601343
B2337354747379N12000167WA0129101341
B2337364747382N12000162WA0129001339
B2337374747384N12000158WA0128801336
B2337384747385N12000153WA0128601334
B2337394747384N12000148WA0128101331
B2337404747383N12000143WA0127901327
B2337414747381N12000138WA0127501324
B2337424747379N12000133WA0127401321
B2337434747376N12000129WA0127001319
B2337444747373N12000126WA0126901316
B2337454747370N12000123WA0126501313
B2337464747367N12000121WA0126101309
B2337474747363N12000120WA0125601305
B2337484747359N12000121WA0125301301
B2337494747354N12000124WA0124701297
B2337504747350N12000129WA0124301292
B2337514747346N12000137WA0123801287
B2337524747344N12000146WA0123601283
B2337534747343N12000156WA0123001279
B2337544747344N12000168WA0122701275
B2337554747346N12000179WA0122201271
B2337564747350N12000188WA0122201268
B2337574747354N12000196WA0121901265
B2337584747359N12000202WA0121701263
B2337594747365N12000206WA0121401260
B2338004747371N12000207WA0121201257
B2338014747376N12000206WA0120801255
B2338024747381N12000204WA0120701252
B2338034747386N12000200WA0120401250
B2338044747389N12000196WA0120401249
B2338054747392N12000191WA0120101247
B2338064747394N12000185WA0119901245
B2338074747394N12000179WA0119601243
B2338084747394N12000173WA0119501240
B2338094747393N12000167WA0119101238
B2338104747392N12000162WA0119001235
B2338114747390N12000156WA0118701233
B2338124747388N12000152WA0118401230
B2338134747386N12000147WA0117901226
B2338144747383N12000142WA0117701223
B2338154747379N12000138WA0117301220
B2338164747374N12000136WA0117201218
B2338174747369N12000136WA0117101216
B2338184747364N12000138WA0116901214
B2338194747359N12000141WA0116701211
B2338204747354N12000145WA0116501209
B2338214747350N12000151WA0116101206
B2338224747347N12000158WA0115801202
B2338234747345N12000166WA0115201198
B2338244747344N12000176WA0114901194
B2338254747345N12000186WA0114201189
B2338264747348N12000197WA0113801184
B2338274747352N12000207WA0113301180
B2338284747356N12000216WA0113301177
B2338294747361N12000222WA0113501176
B2338304747366N12000224WA0113401175
B2338314747370N12000225WA0112901173
B2338324747375N12000223WA0112501168
B2338334747380N12000219WA0112301165
B2338344747385N12000216WA0112101164
B2338354747388N12000212WA0112101162
B2338364747391N12000208WA0111901160
B2338374747394N12000204WA0111501157
B2338384747398N12000198WA0111101154
B2338394747401N12000191WA0110701150
B2338404747404N12000184WA0110401148
B2338414747407N12000176WA0110201145
B2338424747410N12000170WA0110301144
B2338434747412N12000164WA0110201143
B2338444747415N12000159WA0110201141
B2338454747415N12000154WA0109901140
B2338464747414N12000149WA0109601137
B2338474747412N12000144WA0109101134
B2338484747408N12000140WA0108901130
B2338494747404N12000138WA0108701127
B2338504747399N12000137WA0108501125
B2338514747395N12000137WA0108201122
B2338524747390N12000139WA0108001120
B2338534747385N12000142WA0107601117
B2338544747381N12000147WA0107401115
B2338554747378N12000154WA0107301113
B2338564747376N12000162WA0107301111
B2338574747375N12000170WA0107101110
B2338584747375N12000178WA0106901108
B2338594747375N12000187WA0106701106
B2339004747375N12000195WA0106301103
B2339014747376N12000204WA0105901100
B2339024747377N12000213WA0105701097
B2339034747378N12000222WA0105401094
B2339044747381N12000232WA0105101091
B2339054747384N12000240WA0104901088
B2339064747389N12000247WA0104701086
B2339074747394N12000253WA0104601084
B2339084747399N12000258WA0104601083
B2339094747404N12000261WA0104501082
B2339104747409N12000262WA0104401081
B2339114747413N12000262WA0104201080
B2339124747418N12000259WA0103901078
B2339134747423N12000255WA0103601075
B2339144747426N12000250WA0103401073
B2339154747429N12000243WA0103201070
B2339164747431N12000236WA0103001068
B2339174747434N12000229WA0102701066
B2339184747437N12000222WA0102601064
B2339194747440N12000216WA0102401061
B2339204747444N12000210WA0102301059
B2339214747447N12000204WA0102001057
B2339224747449N12000198WA0101801056
B2339234747451N12000192WA0101601053
B2339244747452N12000186WA0101501051
B2339254747452N12000180WA0101101048
B2339264747451N12000174WA0100801044
B2339274747449N12000168WA0100401041
B2339284747446N12000162WA0100201038
B2339294747442N12000158WA0100101037
B2339304747437N12000156WA0099901036
B2339314747433N12000156WA0100001035
B2339324747429N12000157WA0100001034
B2339334747426N12000158WA0099601032
B2339344747422N12000160WA0099301029
B2339354747417N12000164WA0098701025
B2339364747413N12000169WA0098401021
B2339374747410N12000176WA0098201018
B2339384747408N12000185WA0098101016
B2339394747409N12000193WA0097901015
B2339404747411N12000200WA0097701013
B2339414747415N12000206WA0097401010
B2339424747420N12000211WA0097301008
B2339434747426N12000214WA0097201006
B2339444747431N12000216WA0097001005
B2339454747436N12000216WA0096701003
B2339464747441N12000215WA0096300999
B2339474747446N12000212WA0096100996
B2339484747451N12000209WA0095800993
B2339494747455N12000204WA0095600991
B2339504747458N12000198WA0095400989
B2339514747461N12000191WA0095200987
B2339524747463N12000184WA0095000985
B2339534747464N12000176WA0095000983
B2339544747466N12000169WA0095000982
B2339554747467N12000162WA0094800981
B2339564747468N12000155WA0094800980
B2339574747469N12000149WA0094700979
B2339584747470N12000142WA0094600978
B2339594747469N12000135WA0094400977
B2340004747467N12000130WA0094300976
B2340014747466N12000124WA0094100975
B2340024747464N12000119WA0093900973
B2340034747461N12000114WA0093800971
B2340044747459N12000110WA0093800969
B2340054747457N12000106WA0093600968
B2340064747455N12000102WA0093400966
B2340074747452N12000099WA0093100964
B2340084747448N12000097WA0092900961
B2340094747444N12000096WA0092400958
B2340104747439N12000097WA0092100955
B2340114747435N12000099WA0091900952
B2340124747430N12000103WA0091500948
B2340134747426N12000108WA0091100945
B2340144747423N12000115WA0090900942
B2340154747420N12000123WA0090800940
B2340164747419N12000132WA0090600937
B2340174747419N12000140WA0090400936
B2340184747420N12000148WA0090200934
B2340194747422N12000155WA0090000932
B2340204747424N12000162WA0089800930
B2340214747428N12000167WA0089800928
B2340224747432N12000171WA0089600927
B2340234747436N12000174WA0089100925
B2340244747442N12000176WA0089000922
B2340254747447N12000175WA0088800919
B2340264747452N12000173WA0088600918
B2340274747455N12000170WA0088600916
B2340284747458N12000167WA0088500915
B2340294747460N12000162WA0088300913
B2340304747461N12000157WA0087600910
B2340314747462N12000150WA0087300905
B2340324747463N12000142WA0087000902
B2340334747464N12000135WA0087100901
B2340344747464N12000129WA0087100900
B2340354747465N12000124WA0086900899
B2340364747467N12000118WA0086500897
B2340374747468N12000111WA0086300894
B2340384747468N12000105WA0086100892
B2340394747468N12000099WA0086000890
B2340404747467N12000093WA0086000889
B2340414747466N12000088WA0085900888
B2340424747465N12000084WA0085700887
B2340434747463N12000079WA0085600886
B2340444747461N12000074WA0085400884
B2340454747459N12000069WA0085400883
B2340464747456N12000067WA0085300882
B2340474747452N12000065WA0085200881
B2340484747448N12000065WA0085100879
B2340494747444N12000062WA0084700876
B2340504747441N12000057WA0084200874
B2340514747440N12000050WA0083900870
B2340524747442N12000042WA0083500868
B2340534747446N12000036WA0083300865
B2340544747451N12000032WA0083500864
B2340554747456N12000029WA0083500863
B2340564747459N12000025WA0083600863
B2340574747462N12000022WA0083500862
B2340584747464N12000017WA0083100860
B2340594747465N12000010WA0082700856
B2341004747465N12000002WA0082300853
B2341014747464N11959994WA0082300851
B2341024747462N11959988WA0082200850
B2341034747457N11959984WA0082200849
B2341044747453N11959981WA0082100848
B2341054747448N11959978WA0081900846
B2341064747443N11959977WA0081900845
B2341074747438N11959978WA0081800844
B2341084747434N11959979WA0081700843
B2341094747429N11959983WA0081400841
B2341104747425N11959988WA0081100839
B2341114747422N11959995WA0080800836
B2341124747420N12000004WA0080800835
B2341134747420N12000012WA0080600833
B2341144747423N12000020WA0080500831
B2341154747426N12000027WA0080400830
B2341164747430N12000032WA0080200828
B2341174747434N12000035WA0079900827
B2341184747439N12000037WA0079700825
B2341194747444N12000039WA0079700824
B2341204747448N12000038WA0079900825
B2341214747452N12000036WA0079900824
B2341224747454N12000032WA0079700824
B2341234747456N12000025WA0079600822
B2341244747456N12000018WA0079400820
B2341254747456N12000010WA0079200819
B2341264747457N12000002WA0079100819
B2341274747458N11959994WA0079200820
B2341284747460N11959987WA0079300820
B2341294747461N11959980WA0079300820
B2341304747461N11959972WA0079100820
B2341314747461N11959964WA0079300821
B2341324747462N11959956WA0079600823
B2341334747463N11959950WA0079800825
B2341344747465N11959944WA0079800826
B2341354747467N11959937WA0079800826
B2341364747469N11959929WA0079800827
B2341374747470N11959921WA0079900828
B2341384747470N11959914WA0080300830
B2341394747471N11959907WA0080500832
B2341404747472N11959900WA0080600833
B2341414747473N11959892WA0080600834
B2341424747475N11959885WA0080700834
B2341434747477N11959877WA0080600835
B2341444747479N11959870WA0080900835
B2341454747481N11959864WA0080900836
B2341464747483N11959857WA0081000837
B2341474747485N11959850WA0080900837
B2341484747488N11959842WA0080900836
B2341494747490N11959834WA0080600836
B2341504747493N11959827WA0080700836
B2341514747496N11959821WA0080800837
B2341524747499N11959815WA0080800837
B2341534747503N11959810WA0080700835
B2341544747507N11959805WA0080400833
B2341554747511N11959798WA0079900831
B2341564747515N11959791WA0079400828
B2341574747519N11959785WA0079400826
B2341584747522N11959779WA0079400825
B2341594747525N11959773WA0079400824
B2342004747527N11959767WA0079200822
B2342014747530N11959761WA0078800820
B2342024747533N11959754WA0078400817
B2342034747536N11959746WA0078300815
B2342044747539N11959738WA0078200814
B2342054747541N11959731WA0078100812
B2342064747544N11959724WA0077800811
B2342074747547N11959717WA0077700808
B2342084747550N11959710WA0077300806
B2342094747554N11959704WA0077300804
B2342104747558N11959698WA0077100803
B2342114747561N11959692WA0077100802
B2342124747564N11959686WA0077000800
B2342134747568N11959679WA0076900798
B2342144747572N11959672WA0076700796
B2342154747576N11959665WA0076500794
B2342164747579N11959657WA0076300792
B2342174747582N11959649WA0076300790
B2342184747585N11959641WA0076100789
B2342194747587N11959634WA0076000787
B2342204747590N11959627WA0075700785
B2342214747593N11959620WA0075600783
B2342224747597N11959612WA0075200780
B2342234747601N11959605WA0075000777
B2342244747604N11959598WA0074700775
B2342254747608N11959591WA0074400772
B2342264747611N11959583WA0074200769
B2342274747614N11959576WA0073900767
B2342284747618N11959568WA0073700765
B2342294747621N11959560WA0073600762
B2342304747625N11959554WA0073400760
B2342314747628N11959548WA0073200759
B2342324747632N11959543WA0073000757
B2342334747634N11959538WA0072800754
B2342344747637N11959533WA0072400751
B2342354747640N11959527WA0072000747
B2342364747644N11959520WA0071500743
B2342374747647N11959513WA0071100738
B2342384747651N11959506WA0070500735
B2342394747655N11959499WA0070700732
B2342404747659N11959493WA0070300730
B2342414747663N11959486WA0070200728
B2342424747668N11959479WA0069900726
B2342434747673N11959472WA0069600723
B2342444747679N11959466WA0069400721
B2342454747686N11959462WA0069500719
B2342464747692N11959457WA0069500719
B2342474747697N11959452WA0069600718
B2342484747701N11959447WA0069800719
B2342494747706N11959441WA0069800718
B2342504747710N11959434WA0069800717
B2342514747714N11959428WA0069800716
B2342524747719N11959421WA0069700717
B2342534747723N11959414WA0069800717
B2342544747727N11959408WA0069900718
B2342554747732N11959402WA0070200720
B2342564747737N11959397WA0070400723
B2342574747743N11959393WA0070700726
B2342584747747N11959388WA0071000728
B2342594747751N11959383WA0071300730
B2343004747754N11959377WA0071500731
B2343014747758N11959371WA0071700732
B2343024747761N11959366WA0071700733
B2343034747765N11959361WA0071900734
B2343044747769N11959356WA0072000736
B2343054747772N11959351WA0072200737
B2343064747775N11959346WA0072300738
B2343074747779N11959341WA0072400739
B2343084747782N11959336WA0072400740
B2343094747786N11959331WA0072400740
B2343104747790N11959326WA0072300740
B2343114747793N11959321WA0072300740
B2343124747797N11959316WA0072300740
B2343134747801N11959311WA0072100739
B2343144747805N11959306WA0072000739
B2343154747809N11959300WA0071900738
B2343164747813N11959293WA0071900737
B2343174747816N11959288WA0071900737
B2343184747819N11959283WA0071900737
B2343194747823N11959278WA0071900737
B2343204747827N11959274WA0071600736
B2343214747831N11959270WA0071400735
B2343224747836N11959266WA0071400735
B2343234747839N11959263WA0071500736
B2343244747843N11959261WA0071700735
B2343254747846N11959259WA0071600735
B2343264747850N11959255WA0071100733
B2343274747854N11959251WA0071100732
B2343284747857N11959246WA0070800731
B2343294747861N11959240WA0071000731
B2343304747863N11959235WA0071100731
B2343314747865N11959229WA0070900730
B2343324747867N11959222WA0070800729
B2343334747869N11959215WA0070700729
B2343344747871N11959207WA0070400727
B2343354747873N11959200WA0070200726
B2343364747876N11959193WA0069900724
B2343374747880N11959185WA0069700721
B2343384747884N11959178WA0069400719
B2343394747888N11959171WA0069200718
B2343404747892N11959165WA0069200717
B2343414747895N11959160WA0069100715
B2343424747899N11959154WA0068700713
B2343434747904N11959148WA0068400710
B2343444747909N11959141WA0067700706
B2343454747913N11959134WA0067500703
B2343464747917N11959126WA0067200701
B2343474747921N11959120WA0067100700
B2343484747924N11959114WA0067100699
B2343494747927N11959108WA0067200698
B2343504747930N11959103WA0066900696
B2343514747934N11959098WA0066500693
B2343524747938N11959092WA0066000689
B2343534747941N11959085WA0065800686
B2343544747944N11959078WA0065500683
B2343554747947N11959071WA0065400682
B2343564747951N11959064WA0065200680
B2343574747955N11959058WA0065300677
B2343584747960N11959053WA0064700675
B2343594747966N11959049WA0064500672
B2344004747970N11959044WA0064400670
B2344014747974N11959038WA0064300669
B2344024747976N11959032WA0064000667
B2344034747978N11959025WA0063800664
B2344044747980N11959017WA0063500662
B2344054747981N11959010WA0063200659
B2344064747982N11959002WA0063000657
B2344074747984N11958994WA0062900655
B2344084747986N11958987WA0062700653
B2344094747988N11958981WA0062600651
B2344104747991N11958974WA0062300649
B2344114747993N11958967WA0062100646
B2344124747995N11958961WA0061900644
B2344134747997N11958954WA0061800642
B2344144747998N11958947WA0061600640
B2344154748000N11958940WA0061300637
B2344164748003N11958933WA0060800635
B2344174748006N11958927WA0060700632
B2344184748010N11958920WA0060500630
B2344194748012N11958914WA0060500628
B2344204748014N11958907WA0060400627
B2344214748014N11958900WA0060200625
B2344224748013N11958892WA0059900622
B2344234748012N11958885WA0059800620
B2344244748010N11958878WA0059700619
B2344254748009N11958871WA0059500617
B2344264748010N11958864WA0059300615
B2344274748011N11958856WA0059000612
B2344284748013N11958849WA0058700610
B2344294748015N11958842WA0058500608
B2344304748018N11958836WA0058400606
B2344314748021N11958831WA0058400604
B2344324748025N11958827WA0058000603
B2344334748031N11958824WA0057800600
B2344344748036N11958822WA0057500598
B2344354748041N11958821WA0057400596
B2344364748046N11958821WA0057400595
B2344374748051N11958821WA0057300594
B2344384748056N11958821WA0057100592
B2344394748061N11958822WA0056800589
B2344404748066N11958824WA0056500586
B2344414748071N11958825WA0056400584
B2344424748076N11958826WA0056400583
B2344434748080N11958827WA0056300582
B2344444748084N11958827WA0056100580
B2344454748088N11958827WA0055800577
B2344464748092N11958825WA0055400574
B2344474748097N11958822WA0055200571
B2344484748100N11958817WA0054900568
B2344494748104N11958813WA0054900566
B2344504748107N11958808WA0054500564
B2344514748112N11958804WA0054200561
B2344524748116N11958802WA0053900558
B2344534748121N11958802WA0053600555
B2344544748126N11958804WA0053500553
B2344554748130N11958807WA0053400552
B2344564748134N11958810WA0053400551
B2344574748137N11958814WA0053400549
B2344584748140N11958818WA0052800547
B2344594748143N11958823WA0052700544
B2345004748147N11958829WA0052200541
B2345014748151N11958834WA0052000539
B2345024748154N11958840WA0051800536
B2345034748157N11958846WA0051900535
B2345044748160N11958851WA0051800533
B2345054748163N11958857WA0051600531
B2345064748166N11958862WA0051400529
B2345074748169N11958868WA0051100526
B2345084748173N11958874WA0050800524
B2345094748176N11958881WA0050500522
B2345104748179N11958887WA0050500521
B2345114748182N11958893WA0050400519
B2345124748185N11958899WA0050300518
B2345134748188N11958905WA0050000516
B2345144748192N11958910WA0049700514
B2345154748196N11958915WA0049800512
B2345164748201N11958918WA0049600511
B2345174748205N11958919WA0049500510
B2345184748210N11958918WA0049300508
B2345194748215N11958915WA0049300506
B2345204748219N11958910WA0049000504
B2345214748223N11958904WA0048800502
B2345224748226N11958896WA0048700500
B2345234748228N11958888WA0048500499
B2345244748229N11958880WA0048200498
B2345254748229N11958872WA0048100496
B2345264748228N11958864WA0047900494
B2345274748227N11958856WA0047800492
B2345284748225N11958848WA0047500490
B2345294748223N11958840WA0047300489
B2345304748220N11958833WA0047300487
B2345314748217N11958826WA0047100485
B2345324748213N11958821WA0046700483
B2345334748208N11958815WA0046000481
B2345344748202N11958809WA0046600479
B2345354748197N11958803WA0046300477
B2345364748191N11958798WA0046100476
B2345374748185N11958794WA0046000475
B2345384748179N11958790WA0045900473
B2345394748173N11958788WA0045900472
B2345404748167N11958785WA0045900471
B2345414748162N11958784WA0045900470
B2345424748157N11958784WA0045800469
B2345434748152N11958786WA0045500467
B2345444748147N11958789WA0045200464
B2345454748142N11958792WA0045100461
B2345464748138N11958797WA0044700459
B2345474748134N11958800WA0044600457
B2345484748128N11958803WA0044400454
B2345494748123N11958804WA0044000451
B2345504748117N11958806WA0043800449
B2345514748112N11958808WA0043900448
B2345524748107N11958810WA0043600447
B2345534748103N11958813WA0043600446
B2345544748098N11958816WA0043300444
B2345554748093N11958818WA0043200441
B2345564748087N11958820WA0042700438
B2345574748082N11958823WA0042600436
B2345584748077N11958826WA0042600434
B2345594748073N11958829WA0042500433
B2346004748069N11958833WA0042300431
B2346014748066N11958838WA0042100429
B2346024748062N11958843WA0041700427
B2346034748057N11958848WA0041500424
B2346044748052N11958851WA0041200422
B2346054748046N11958854WA0041300421
B2346064748041N11958856WA0041200421
B2346074748037N11958859WA0041100419
B2346084748032N11958862WA0040900418
B2346094748028N11958867WA0040700416
B2346104748023N11958872WA0040300414
B2346114748018N11958877WA0040200412
B2346124748014N11958882WA0040100411
B2346134748009N11958887WA0040200410
B2346144748005N11958893WA0040000408
B2346154748002N11958899WA0039900406
B2346164747999N11958906WA0039700405
B2346174747997N11958914WA0039500403
B2346184747995N11958922WA0039400401
B2346194747994N11958930WA0039300399
B2346204747993N11958938WA0039200399
B2346214747992N11958946WA0039200399
B2346224747992N11958953WA0039100398
B2346234747992N11958961WA0039000397
B2346244747992N11958969WA0038700395
B2346254747992N11958978WA0038700393
B2346264747991N11958986WA0038500392
B2346274747990N11958995WA0038500391
B2346284747990N11959003WA0038400390
B2346294747989N11959011WA0038400389
B2346304747989N11959020WA0038300388
B2346314747990N11959028WA0038100386
B2346324747990N11959036WA0037900384
B2346334747991N11959045WA0037800383
B2346344747992N11959053WA0037600381
B2346354747991N11959062WA0037400379
B2346364747989N11959071WA0037200378
B2346374747986N11959079WA0037000376
B2346384747983N11959086WA0036800373
B2346394747979N11959093WA0036700371
B2346404747976N11959099WA0036500369
B2346414747972N11959105WA0036300367
B2346424747968N11959112WA0036100365
B2346434747965N11959119WA0035800362
B2346444747961N11959126WA0035600359
B2346454747956N11959132WA0035400357
B2346464747952N11959138WA0035100355
B2346474747947N11959144WA0035100353
B2346484747942N11959149WA0034600352
B2346494747937N11959155WA0034500350
B2346504747933N11959162WA0034600347
B2346514747928N11959169WA0034400345
B2346524747923N11959176WA0034300343
B2346534747918N11959182WA0034300342
B2346544747914N11959188WA0034200341
B2346554747909N11959193WA0034100340
B2346564747905N11959197WA0034000338
B2346574747900N11959201WA0033900337
B2346584747896N11959204WA0033700335
B2346594747890N11959207WA0033500333
B2347004747885N11959210WA0033300331
B2347014747880N11959213WA0033200330
B2347024747875N11959217WA0033100328
B2347034747870N11959219WA0033100327
B2347044747865N11959220WA0032800325
B2347054747860N11959220WA0032500323
B2347064747855N11959218WA0032400322
B2347074747850N11959216WA0032200321
B2347084747846N11959213WA0032200319
B2347094747843N11959209WA0032100317
B2347104747840N11959204WA0031900316
B2347114747837N11959199WA0031800314
B2347124747836N11959194WA0031500313
B2347134747836N11959188WA0031400311
B2347144747837N11959183WA0031300309
B2347154747839N11959178WA0031100308
B2347164747841N11959173WA0031000306
B2347174747843N11959168WA0030900305
B2347184747845N11959163WA0030700304
B2347194747848N11959159WA0030600303
B2347204747850N11959154WA0030400301
B2347214747853N11959149WA0030200300
B2347224747855N11959144WA0030100298
B2347234747858N11959139WA0029900297
B2347244747860N11959133WA0029700296
B2347254747862N11959127WA0029600295
B2347264747864N11959121WA0029500294
B2347274747866N11959116WA0029500293
B2347284747868N11959111WA0029400292
B2347294747871N11959106WA0029300291
B2347304747873N11959101WA0029100290
B2347314747876N11959096WA0029000288
B2347324747877N11959089WA0028900287
B2347334747878N11959083WA0028800286
B2347344747879N11959076WA0028700285
B2347354747882N11959072WA0028600285
B2347364747885N11959067WA0028400283
B2347374747888N11959063WA0028300281
B2347384747891N11959057WA0028200279
B2347394747892N11959050WA0028000277
B2347404747893N11959043WA0027900276
B2347414747894N11959036WA0027900275
B2347424747896N11959031WA0027900274
B2347434747897N11959024WA0027700274
B2347444747899N11959017WA0027600274
B2347454747902N11959011WA0027400273
B2347464747905N11959006WA0027300272
B2347474747908N11959002WA0027400271
B2347484747912N11958998WA0027300270
B2347494747914N11958994WA0027200270
B2347504747917N11958990WA0027100268
B2347514747919N11958985WA0027000267
B2347524747922N11958980WA0026800266
B2347534747925N11958975WA0026800265
B2347544747927N11958969WA0026700264
B2347554747928N11958963WA0026600262
B2347564747929N11958957WA0026600260
B2347574747931N11958951WA0026500257
B2347584747934N11958945WA0026300256
B2347594747937N11958940WA0026200254
B2348004747941N11958935WA0026000251
B2348014747945N11958931WA0026000249
B2348024747949N11958929WA0026000248
B2348034747954N11958928WA0025900246
B2348044747959N11958927WA0025800242
B2348054747963N11958928WA0025700240
B2348064747968N11958929WA0025600237
B2348074747973N11958930WA0025500235
B2348084747978N11958932WA0025400234
B2348094747982N11958934WA0025400232
B2348104747987N11958937WA0025200232
B2348114747992N11958939WA0025200232
B2348124747997N11958942WA0025000231
B2348134748001N11958944WA0024900232
B2348144748006N11958947WA0024800232
B2348154748010N11958950WA0024800231
B2348164748014N11958954WA0024600229
B2348174748018N11958959WA0024500229
B2348184748022N11958964WA0024300228
B2348194748025N11958970WA0024200227
B2348204748028N11958976WA0024200226
B2348214748030N11958982WA0024100227
B2348224748031N11958989WA0024200226
B2348234748031N11958997WA0024100225
B2348244748028N11959003WA0023700223
B2348254748024N11959009WA0023500221
B2348264748019N11959012WA0023200221
B2348274748013N11959013WA0023200221
B2348284748007N11959013WA0023200221
B2348294748003N11959015WA0023300220
B2348304747998N11959018WA0022900221
B2348314747993N11959023WA0022700220
B2348324747988N11959028WA0022500218
B2348334747982N11959032WA0022400217
B2348344747978N11959037WA0022300217
B2348354747973N11959042WA0022300217
B2348364747969N11959048WA0022100217
B2348374747964N11959054WA0021900216
B2348384747960N11959060WA0021900215
B2348394747956N11959064WA0022100215
B2348404747954N11959068WA0022100215
B2348414747952N11959071WA0022200216
B2348424747951N11959074WA0022200217
B2348434747949N11959077WA0022100217
B2348444747947N11959079WA0022200218
B2348454747946N11959080WA0022100217
B2348464747944N11959082WA0022300218
B2348474747942N11959083WA0022200218
B2348484747941N11959085WA0022200218
B2348494747940N11959086WA0022300218
B2348504747940N11959086WA0022300218
B2348514747940N11959086WA0022300218
B2348524747940N11959086WA0022300218
B2348534747940N11959086WA0022300218
B2348544747940N11959086WA0022300218
B2348554747940N11959086WA0022300219
B2348564747940N11959086WA0022300219
B2348574747940N11959086WA0022300219
B2348584747940N11959086WA0022300219
B2348594747940N11959086WA0022300219
B2349004747940N11959086WA0022300219
B2349014747940N11959086WA0022300219
B2349024747940N11959086WA0022300219
B2349034747940N11959086WA0022300218
B2349044747940N11959086WA0022300218
B2349054747940N11959085WA0022300218
B2349064747940N11959085WA0022300218
B2349074747940N11959084WA0022300218
B2349084747939N11959083WA0022200218
B2349094747938N11959083WA0022300218
B2349104747938N11959083WA0022200218
B2349114747937N11959083WA0022300218
B2349124747937N11959083WA0022300218
B2349134747937N11959083WA0022200218
B2349144747937N11959083WA0022300218
B2349154747937N11959083WA0022200219
B2349164747937N11959084WA0022200219
B2349174747936N11959084WA0022300219
B2349184747937N11959085WA0022300219
B2349194747937N11959085WA0022300219
B2349204747937N11959085WA0022300219
B2349214747936N11959085WA0022300219
B2349224747937N11959085WA0022300219
B2349234747937N11959085WA0022200219
B2349244747936N11959085WA0022200219
B2349254747936N11959085WA0022200219
B2349264747936N11959086WA0022300219
B2349274747936N11959087WA0022300219
B2349284747935N11959089WA0022200219
B2349294747935N11959090WA0022300219
B2349304747935N11959090WA0022300220
B2349314747935N11959091WA0022300220
B2349324747934N11959092WA0022300220
B2349334747934N11959094WA0022300220
B2349344747934N11959095WA0022300220
B2349354747934N11959096WA0022300220
B2349364747934N11959097WA0022300220
B2349374747934N11959098WA0022300220
B2349384747934N11959099WA0022300220
B2349394747934N11959100WA0022300220
B2349404747934N11959100WA0022300220
B2349414747934N11959101WA0022300221
B2349424747934N11959102WA0022300220
B2349434747934N11959103WA0022400220
B2349444747934N11959104WA0022400220
B2349454747934N11959104WA0022400221
B2349464747934N11959105WA0022400221
B2349474747935N11959105WA0022400221
B2349484747935N11959106WA0022400221
B2349494747935N11959106WA0022400221
B2349504747935N11959106WA0022400221
B2349514747934N11959106WA0022400221
B2349524747934N11959106WA0022400221
B2349534747934N11959106WA0022400222
B2349544747934N11959106WA0022400221
B2349554747935N11959106WA0022400221
B2349564747934N11959105WA0022400221
B2349574747934N11959105WA0022400221
B2349584747934N11959105WA0022400221
B2349594747934N11959105WA0022400222
B2350004747934N11959105WA0022400221
B2350014747934N11959105WA0022400222
B2350024747934N11959105WA0022400222
B2350034747934N11959105WA0022400222
B2350044747934N11959105WA0022400222
B2350054747934N11959105WA0022300222
B2350064747934N11959105WA0022400222
B2350074747934N11959105WA0022400222
B2350084747934N11959104WA0022400222
B2350094747934N11959104WA0022400222
B2350104747934N11959104WA0022400222
B2350114747934N11959104WA0022400222
B2350124747934N11959104WA0022400222
B2350134747934N11959105WA0022400222
B2350144747934N11959105WA0022400222
B2350154747934N11959104WA0022400222
B2350164747934N11959105WA0022400222
B2350174747934N11959106WA0022400222
B2350184747934N11959105WA0022400222
B2350194747934N11959105WA0022400222
B2350204747934N11959105WA0022400222
B2350214747934N11959105WA0022400222
B2350224747934N11959105WA0022400221
B2350234747934N11959105WA0022400221
B2350244747934N11959105WA0022400221
B2350254747934N11959105WA0022400221
B2350264747934N11959105WA0022400222
B2350274747934N11959105WA0022400222
B2350284747934N11959105WA0022400222
B2350294747934N11959105WA0022400222
B2350304747934N11959105WA0022400222
B2350314747934N11959105WA0022400222
B2350324747934N11959105WA0022400222
B2350334747934N11959105WA0022400222
B2350344747934N11959105WA0022400222
B2350354747934N11959105WA0022400222
B2350364747934N11959104WA0022400222
B2350374747934N11959104WA0022400222
B2350384747934N11959105WA0022400222
B2350394747934N11959105WA0022300222
B2350404747934N11959105WA0022400222
B2350414747934N11959105WA0022400222
B2350424747934N11959105WA0022400221
B2350434747934N11959105WA0022400221
B2350444747934N11959105WA0022400221
B2350454747934N11959105WA0022400221
B2350464747934N11959105WA0022400221
B2350474747934N11959105WA0022400222
B2350484747934N11959105WA0022400222
B2350494747934N11959105WA0022400221
B2350504747934N11959105WA0022400221
B2350514747934N11959105WA0022400221
B2350524747934N11959105WA0022400221
B2350534747934N11959105WA0022400221
B2350544747934N11959105WA0022400221
B2350554747934N11959105WA0022400221
B2350564747934N11959105WA0022400221
B2350574747934N11959105WA0022400221
B2350584747934N11959105WA0022400221
B2350594747934N11959105WA0022400221
B2351004747933N11959105WA0022400221
B2351014747933N11959105WA0022400221
B2351024747933N11959105WA0022400221
B2351034747933N11959105WA0022400221
B2351044747933N11959105WA0022300221
B2351054747933N11959105WA0022400221
B2351064747933N11959105WA0022400221
B2351074747933N11959105WA0022400221
B2351084747933N11959105WA0022400221
B2351094747933N11959105WA0022400221
B2351104747933N11959105WA0022400221
B2351114747933N11959105WA0022400222
B2351124747933N11959105WA0022400222
B2351134747933N11959105WA0022400222
B2351144747933N11959105WA0022400222
B2351154747933N11959105WA0022400222
B2351164747933N11959105WA0022400223
B2351174747933N11959105WA0022400223
B2351184747933N11959105WA0022300223
B2351194747933N11959105WA0022400223
B2351204747933N11959105WA0022400223
B2351214747933N11959105WA0022400223
B2351224747933N11959105WA0022400223
B2351234747933N11959105WA0022400223
B2351244747933N11959105WA0022400223
B2351254747933N11959105WA0022400223
B2351264747933N11959105WA0022400224
B2351274747933N11959106WA0022400224
B2351284747933N11959106WA0022400224
B2351294747933N11959106WA0022400224
B2351304747933N11959106WA0022400224
B2351314747933N11959106WA0022400224
B2351324747933N11959106WA0022400224
B2351334747933N11959106WA0022400225
B2351344747933N11959106WA0022400225
B2351354747933N11959106WA0022400225
B2351364747933N11959106WA0022400225
B2351374747933N11959106WA0022400225
B2351384747933N11959106WA0022400225
B2351394747933N11959106WA0022400225
B2351404747933N11959106WA0022400225
B2351414747933N11959106WA0022400225
B2351424747933N11959106WA0022400225
B2351434747933N11959106WA0022400225
B2351444747933N11959106WA0022400225
B2351454747933N11959106WA0022400225
B2351464747933N11959106WA0022400225
B2351474747933N11959106WA0022400225
B2351484747933N11959106WA0022400224
B2351494747933N11959106WA0022400224
B2351504747933N11959106WA0022400224
B2351514747933N11959106WA0022400224
B2351524747933N11959106WA0022400224
B2351534747933N11959106WA0022400224
B2351544747933N11959106WA0022400224
B2351554747933N11959106WA0022400224
B2351564747933N11959106WA0022300224
B2351574747933N11959106WA0022300224
B2351584747933N11959106WA0022300223
B2351594747933N11959106WA0022300223
B2352004747933N11959106WA0022300223
B2352014747933N11959106WA0022200223
B2352024747933N11959106WA0022300223
B2352034747933N11959106WA0022200223
B2352044747933N11959106WA0022200223
B2352054747933N11959106WA0022200223
B2352064747933N11959106WA0022300223
B2352074747933N11959106WA0022300222
B2352084747933N11959106WA0022300222
B2352094747933N11959106WA0022200222
B2352104747933N11959106WA0022200222
B2352114747933N11959106WA0022300222
B2352124747933N11959106WA0022200222
B2352134747933N11959106WA0022300221
B2352144747933N11959106WA0022300221
B2352154747933N11959106WA0022300221
B2352164747933N11959106WA0022300221
B2352174747933N11959106WA0022300221
B2352184747933N11959106WA0022300221
B2352194747933N11959106WA0022300221
B2352204747933N11959106WA0022300221
B2352214747933N11959106WA0022200221
B2352224747933N11959106WA0022300221
B2352234747933N11959106WA0022300221
B2352244747933N11959106WA0022300221
B2352254747933N11959106WA0022300221
B2352264747933N11959106WA0022300221
B2352274747933N11959106WA0022200221
B2352284747933N11959106WA0022300221
B2352294747933N11959106WA0022200221
B2352304747933N11959106WA0022300221
B2352314747933N11959106WA0022300221
B2352324747933N11959106WA0022300221
B2352334747933N11959107WA0022300221
B2352344747933N11959106WA0022300221
B2352354747933N11959106WA0022300221
B2352364747933N11959106WA0022300221
B2352374747933N11959106WA0022300221
B2352384747933N11959106WA0022300221
B2352394747933N11959106WA0022300221
B2352404747933N11959106WA0022300222
B2352414747933N11959106WA0022300222
B2352424747933N11959106WA0022300222
B2352434747933N11959106WA0022300222
B2352444747933N11959106WA0022300222
B2352454747933N11959106WA0022300222
B2352464747933N11959106WA0022300222
B2352474747933N11959106WA0022300222
B2352484747933N11959106WA0022300223
B2352494747934N11959106WA0022300223
B2352504747934N11959106WA0022300223
B2352514747934N11959106WA0022300223
B2352524747934N11959106WA0022300223
B2352534747934N11959107WA0022300223
B2352544747934N11959107WA0022300223
B2352554747934N11959107WA0022300223
B2352564747934N11959107WA0022300223
B2352574747934N11959107WA0022300223
B2352584747934N11959107WA0022300223
B2352594747934N11959107WA0022300223
B2353004747934N11959107WA0022300223
B2353014747934N11959107WA0022300223
B2353024747934N11959107WA0022200224
B2353034747934N11959107WA0022300224
B2353044747934N11959107WA0022300224
B2353054747934N11959107WA0022300224
B2353064747934N11959107WA0022200224
B2353074747934N11959107WA0022300224
B2353084747934N11959107WA0022300224
B2353094747934N11959107WA0022300224
B2353104747934N11959107WA0022300224
B2353114747934N11959107WA0022300224
B2353124747934N11959107WA0022300224
B2353134747934N11959107WA0022300224
B2353144747934N11959107WA0022300224
B2353154747934N11959107WA0022300223
B2353164747934N11959107WA0022300223
B2353174747934N11959107WA0022300223
B2353184747934N11959107WA0022200223
B2353194747934N11959107WA0022300223
B2353204747934N11959107WA0022300223
B2353214747934N11959107WA0022300222
B2353224747934N11959107WA0022300222
B2353234747934N11959107WA0022300222
B2353244747934N11959108WA0022300222
B2353254747934N11959108WA0022300222
B2353264747934N11959108WA0022300222
B2353274747934N11959108WA0022300222
B2353284747934N11959108WA0022300222
B2353294747934N11959108WA0022300221
B2353304747934N11959108WA0022200221
B2353314747934N11959108WA0022300221
B2353324747934N11959108WA0022300221
B2353334747934N11959108WA0022300221
B2353344747934N11959108WA0022300221
B2353354747934N11959108WA0022300221
B2353364747934N11959108WA0022300221
B2353374747934N11959108WA0022300221
B2353384747934N11959108WA0022300221
B2353394747934N11959108WA0022300220
B2353404747934N11959108WA0022300220
B2353414747934N11959108WA0022300220
B2353424747934N11959108WA0022300220
B2353434747934N11959108WA0022300220
B2353444747934N11959108WA0022300220
B2353454747934N11959108WA0022300220
B2353464747934N11959108WA0022300220
B2353474747934N11959108WA0022300220
B2353484747934N11959107WA0022300220
B2353494747934N11959107WA0022300220
B2353504747934N11959107WA0022300220
B2353514747934N11959107WA0022300220
B2353524747934N11959107WA0022200220
B2353534747934N11959107WA0022300220
B2353544747934N11959107WA0022200220
B2353554747934N11959107WA0022300220
B2353564747934N11959107WA0022300220
B2353574747934N11959107WA0022300220
B2353584747934N11959107WA0022300220
B2353594747934N11959107WA0022300220
B2354004747934N11959107WA0022300220
B2354014747934N11959107WA0022300220
B2354024747934N11959107WA0022300220
B2354034747934N11959107WA0022300220
B2354044747934N11959107WA0022300220
B2354054747934N11959107WA0022300220
B2354064747934N11959107WA0022300220
B2354074747934N11959107WA0022300220
B2354084747934N11959107WA0022300220
B2354094747934N11959107WA0022300221
B2354104747935N11959107WA0022300221
B2354114747935N11959107WA0022300221
B2354124747935N11959107WA0022300221
B2354134747935N11959107WA0022300221
B2354144747935N11959107WA0022200221
B2354154747935N11959107WA0022300221
B2354164747935N11959107WA0022300221
B2354174747935N11959107WA0022300221
B2354184747935N11959107WA0022300221
B2354194747935N11959107WA0022300222
B2354204747935N11959107WA0022300222
B2354214747935N11959107WA0022300222
B2354224747935N11959107WA0022300222
B2354234747935N11959107WA0022300222
B2354244747935N11959107WA0022300222
B2354254747935N11959107WA0022200221
B2354264747935N11959107WA0022300221
B2354274747935N11959107WA0022200221
B2354284747935N11959107WA0022300221
B2354294747935N11959107WA0022200221
B2354304747935N11959107WA0022300220
B2354314747935N11959107WA0022200220
B2354324747935N11959107WA0022300220
B2354334747935N11959107WA0022300220
B2354344747935N11959107WA0022300220
B2354354747935N11959107WA0022300220
B2354364747935N11959107WA0022300220
B2354374747935N11959108WA0022300220
B2354384747935N11959108WA0022300219
B2354394747935N11959108WA0022300219
B2354404747935N11959108WA0022300219
B2354414747935N11959107WA0022200219
B2354424747935N11959107WA0022300219
B2354434747935N11959107WA0022300219
B2354444747935N11959107WA0022300219
B2354454747935N11959107WA0022200219
B2354464747935N11959107WA0022300218
B2354474747935N11959107WA0022200218
B2354484747935N11959107WA0022300218
B2354494747935N11959107WA0022300218
B2354504747935N11959107WA0022300218
B2354514747935N11959107WA0022300218
B2354524747935N11959107WA0022300218
B2354534747935N11959107WA0022300218
B2354544747935N11959107WA0022300218
B2354554747935N11959107WA0022200218
B2354564747935N11959107WA0022300218
B2354574747934N11959107WA0022300218
B2354584747934N11959107WA0022300218
B2354594747934N11959107WA0022300219
B2355004747934N11959107WA0022300219
B2355014747934N11959107WA0022300219
B2355024747934N11959107WA0022300219
B2355034747934N11959107WA0022300219
B2355044747934N11959107WA0022300219
B2355054747934N11959107WA0022300219
B2355064747934N11959107WA0022300219
B2355074747934N11959107WA0022300219
B2355084747934N11959107WA0022300220
B2355094747934N11959107WA0022300219
B2355104747934N11959107WA0022200219
B2355114747934N11959107WA0022300219
B2355124747934N11959107WA0022300219
B2355134747935N11959107WA0022300219
B2355144747935N11959107WA0022300219
B2355154747935N11959107WA0022300219
B2355164747935N11959107WA0022300219
B2355174747935N11959107WA0022300219
B2355184747935N11959107WA0022300218
B2355194747935N11959107WA0022300218
B2355204747935N11959107WA0022200218
B2355214747935N11959107WA0022300218
B2355224747935N11959107WA0022200218
B2355234747935N11959107WA0022300218
B2355244747935N11959107WA0022300218
B2355254747935N11959107WA0022200218
B2355264747935N11959107WA0022300218
B2355274747935N11959107WA0022300218
B2355284747935N11959107WA0022300218
B2355294747935N11959107WA0022300219
B2355304747935N11959106WA0022200219
B2355314747935N11959106WA0022300219
B2355324747935N11959106WA0022300219
B2355334747935N11959106WA0022300219
B2355344747935N11959106WA0022300219
B2355354747935N11959107WA0022300220
B2355364747935N11959107WA0022300220
B2355374747935N11959107WA0022300220
B2355384747935N11959107WA0022300220
B2355394747935N11959107WA0022300220
B2355404747935N11959107WA0022300220
B2355414747935N11959107WA0022300220
B2355424747935N11959107WA0022300219
B2355434747935N11959107WA0022300219
B2355444747935N11959107WA0022300219
B2355454747935N11959107WA0022300219
B2355464747935N11959107WA0022300219
B2355474747935N11959107WA0022300219
B2355484747935N11959106WA0022300218
B2355494747935N11959106WA0022300218
B2355504747935N11959106WA0022300218
B2355514747935N11959106WA0022300218
B2355524747935N11959106WA0022300218
B2355534747935N11959106WA0022300218
B2355544747935N11959106WA0022200218
B2355554747935N11959106WA0022300218
B2355564747935N11959106WA0022300218
B2355574747935N11959106WA0022300217
B2355584747935N11959106WA0022300217
B2355594747935N11959106WA0022300217
B2356004747935N11959106WA0022300217
B2356014747935N11959106WA0022300217
B2356024747935N11959106WA0022300217
B2356034747935N11959106WA0022300217
B2356044747935N11959106WA0022300217
B2356054747935N11959106WA0022300217
B2356064747935N11959106WA0022300217
B2356074747935N11959106WA0022300216
B2356084747935N11959107WA0022200216
B2356094747935N11959107WA0022300216
B2356104747935N11959107WA0022300216
B2356114747935N11959107WA0022300216
B2356124747935N11959107WA0022200216
B2356134747935N11959106WA0022300216
B2356144747935N11959106WA0022300217
B2356154747935N11959107WA0022300217
B2356164747935N11959107WA0022200217
B2356174747935N11959106WA0022300217
B2356184747935N11959107WA0022300217
B2356194747935N11959107WA0022300217
B2356204747935N11959107WA0022300217
B2356214747935N11959107WA0022300217
B2356224747934N11959107WA0022200217
B2356234747934N11959107WA0022200217
B2356244747934N11959107WA0022300217
B2356254747934N11959107WA0022300218
B2356264747934N11959107WA0022300218
B2356274747934N11959107WA0022300218
B2356284747934N11959107WA0022300218
B2356294747934N11959107WA0022300218
B2356304747934N11959107WA0022200218
B2356314747934N11959107WA0022200219
B2356324747934N11959107WA0022300219
B2356334747934N11959107WA0022300219
B2356344747934N11959107WA0022300219
B2356354747934N11959107WA0022200219
B2356364747934N11959107WA0022300219
B2356374747934N11959107WA0022300219
B2356384747934N11959107WA0022300219
B2356394747934N11959107WA0022200219
B2356404747934N11959107WA0022300219
B2356414747934N11959107WA0022300219
B2356424747934N11959107WA0022300219
B2356434747934N11959107WA0022300219
B2356444747934N11959107WA0022300219
B2356454747934N11959107WA0022300219
B2356464747934N11959107WA0022300219
B2356474747934N11959107WA0022200219
B2356484747934N11959107WA0022300219
B2356494747934N11959107WA0022200219
B2356504747934N11959107WA0022200219
B2356514747934N11959107WA0022300219
B2356524747934N11959107WA0022300219
B2356534747934N11959107WA0022200219
B2356544747934N11959107WA0022200219
B2356554747934N11959107WA0022200219
B2356564747934N11959107WA0022300219
B2356574747934N11959107WA0022300219
B2356584747934N11959107WA0022300219
B2356594747934N11959107WA0022300219
B2357004747934N11959107WA0022300219
B2357014747934N11959107WA0022300219
B2357024747934N11959106WA0022300220
B2357034747934N11959106WA0022300220
B2357044747934N11959106WA0022300220
B2357054747934N11959106WA0022300220
B2357064747934N11959106WA0022200220
B2357074747934N11959106WA0022300220
B2357084747934N11959106WA0022200220
B2357094747934N11959106WA0022300220
B2357104747934N11959106WA0022300220
B2357114747934N11959106WA0022300220
B2357124747934N11959106WA0022300220
B2357134747934N11959107WA0022200220
B2357144747934N11959107WA0022200220
B2357154747934N11959107WA0022300220
B2357164747934N11959107WA0022200220
B2357174747934N11959107WA0022200220
B2357184747934N11959107WA0022200220
B2357194747934N11959107WA0022300220
B2357204747934N11959107WA0022300220
B2357214747934N11959107WA0022200220
B2357224747934N11959107WA0022200219
B2357234747934N11959107WA0022200219
B2357244747934N11959107WA0022300219
B2357254747934N11959107WA0022200219
B2357264747934N11959107WA0022300218
B2357274747934N11959107WA0022200218
B2357284747934N11959107WA0022300218
B2357294747934N11959107WA0022300218
B2357304747934N11959107WA0022200218
B2357314747934N11959107WA0022200218
B2357324747934N11959107WA0022200218
B2357334747934N11959107WA0022300218
B2357344747934N11959107WA0022300218
B2357354747934N11959107WA0022300218
B2357364747934N11959107WA0022200217
B2357374747934N11959107WA0022200217
B2357384747934N11959107WA0022200217
B2357394747934N11959107WA0022300217
B2357404747934N11959107WA0022300217
B2357414747934N11959107WA0022300217
B2357424747934N11959107WA0022300217
B2357434747934N11959107WA0022300217
B2357444747934N11959107WA0022300217
B2357454747934N11959107WA0022200217
B2357464747935N11959107WA0022300217
B2357474747935N11959107WA0022200218
B2357484747935N11959107WA0022300218
B2357494747935N11959107WA0022300218
B2357504747935N11959107WA0022300218
B2357514747935N11959107WA0022300219
B2357524747935N11959107WA0022200219
B2357534747935N11959107WA0022300219
B2357544747935N11959107WA0022300219
B2357554747935N11959107WA0022300220
B2357564747935N11959107WA0022200220
B2357574747935N11959107WA0022300220
B2357584747935N11959107WA0022200220
B2357594747935N11959107WA0022300220
B2358004747935N11959107WA0022200221
B2358014747935N11959107WA0022300221
B2358024747935N11959107WA0022200221
B2358034747935N11959107WA0022200221
B2358044747935N11959107WA0022200222
B2358054747935N11959107WA0022300222
B2358064747935N11959107WA0022300222
B2358074747935N11959107WA0022200222
B2358084747935N11959107WA0022200222
B2358094747935N11959107WA0022300222
B2358104747935N11959107WA0022200223
B2358114747935N11959107WA0022300223
B2358124747935N11959107WA0022200223
B2358134747935N11959107WA0022300223
B2358144747935N11959107WA0022300224
B2358154747935N11959107WA0022300224
B2358164747935N11959107WA0022200224
B2358174747935N11959107WA0022200224
B2358184747935N11959107WA0022300224
B2358194747935N11959107WA0022300224
B2358204747935N11959107WA0022200224
B2358214747935N11959107WA0022200224
B2358224747935N11959106WA0022300223
B2358234747935N11959107WA0022300223
B2358244747935N11959107WA0022300223
B2358254747935N11959107WA0022300222
B2358264747935N11959107WA0022300222
B2358274747935N11959107WA0022300222
B2358284747935N11959107WA0022300221
B2358294747935N11959107WA0022300221
B2358304747935N11959107WA0022200221
B2358314747935N11959106WA0022300221
B2358324747935N11959106WA0022300221
B2358334747935N11959106WA0022300221
B2358344747935N11959106WA0022300221
B2358354747935N11959106WA0022300220
B2358364747935N11959106WA0022300220
B2358374747935N11959106WA0022300220
B2358384747935N11959106WA0022300220
B2358394747935N11959106WA0022200220
B2358404747935N11959106WA0022200220
B2358414747935N11959106WA0022200220
B2358424747935N11959106WA0022300220
B2358434747935N11959106WA0022200220
B2358444747935N11959106WA0022200220
B2358454747935N11959106WA0022300220
B2358464747935N11959106WA0022300221
B2358474747935N11959106WA0022200221
B2358484747935N11959106WA0022300221
B2358494747935N11959106WA0022200221
B2358504747935N11959106WA0022200221
B2358514747935N11959106WA0022300221
B2358524747935N11959106WA0022300221
B2358534747935N11959106WA0022200221
B2358544747935N11959106WA0022200221
B2358554747935N11959106WA0022300221
B2358564747935N11959106WA0022300221
B2358574747935N11959106WA0022300221
B2358584747935N11959106WA0022300221
B2358594747935N11959107WA0022300221
B2359004747935N11959106WA0022300221
B2359014747935N11959106WA0022300221
B2359024747935N11959106WA0022200221
B2359034747935N11959107WA0022300221
B2359044747935N11959107WA0022300221
B2359054747935N11959107WA0022300220
B2359064747935N11959107WA0022200220
B2359074747935N11959107WA0022300220
B2359084747935N11959107WA0022200220
B2359094747934N11959107WA0022300219
B2359104747934N11959107WA0022300219
B2359114747934N11959107WA0022200219
B2359124747934N11959107WA0022300219
B2359134747934N11959107WA0022300218
B2359144747934N11959107WA0022300218
B2359154747934N11959107WA0022300218
B2359164747934N11959107WA0022300218
B2359174747934N11959107WA0022300218
B2359184747934N11959107WA0022300218
B2359194747934N11959107WA0022300218
B2359204747934N11959107WA0022200218
B2359214747934N11959107WA0022300218
B2359224747934N11959107WA0022300218
B2359234747934N11959107WA0022300218
B2359244747934N11959107WA0022300218
B2359254747934N11959107WA0022300218
B2359264747934N11959107WA0022300218
B2359274747934N11959107WA0022300218
B2359284747934N11959107WA0022300218
B2359294747934N11959107WA0022300218
B2359304747934N11959107WA0022300218
B2359314747934N11959107WA0022300218
B2359324747934N11959107WA0022300218
B2359334747934N11959107WA0022200218
B2359344747934N11959107WA0022200218
B2359354747935N11959107WA0022300218
B2359364747935N11959107WA0022300218
B2359374747935N11959107WA0022300218
B2359384747935N11959107WA0022300218
B2359394747935N11959107WA0022300218
B2359404747935N11959106WA0022300219
B2359414747935N11959106WA0022200219
B2359424747935N11959106WA0022300219
B2359434747935N11959106WA0022300220
B2359444747935N11959106WA0022200220
B2359454747935N11959106WA0022300220
B2359464747935N11959106WA0022300220
B2359474747935N11959106WA0022300221
B2359484747935N11959106WA0022300221
B2359494747935N11959106WA0022300221
B2359504747935N11959106WA0022300221
B2359514747935N11959106WA0022300221
B2359524747935N11959106WA0022300221
B2359534747935N11959106WA0022300221
B2359544747935N11959106WA0022200220
B2359554747935N11959107WA0022300220
B2359564747935N11959107WA0022300220
B2359574747935N11959107WA0022300220
B2359584747935N11959107WA0022300220
B2359594747935N11959107WA0022300220
B0000004747935N11959107WA0022300220
B0000014747935N11959107WA0022300220
B0000024747935N11959107WA0022300220
B0000034747935N11959107WA0022300220
B0000044747935N11959107WA0022300220
B0000054747935N11959107WA0022300220
B0000064747935N11959107WA0022300220
B0000074747935N11959107WA0022300220
B0000084747935N11959107WA0022300220
B0000094747935N11959107WA0022300220
B0000104747935N11959107WA0022300220
B0000114747935N11959107WA0022200220
B0000124747935N11959107WA0022300220
B0000134747935N11959107WA0022300220
B0000144747935N11959107WA0022300219
B0000154747935N11959107WA0022300219
B0000164747935N11959107WA0022300219
B0000174747935N11959107WA0022200219
B0000184747935N11959107WA0022300219
B0000194747935N11959107WA0022300219
B0000204747935N11959107WA0022300220
B0000214747935N11959107WA0022300220
B0000224747935N11959107WA0022300220
B0000234747935N11959107WA0022300220
B0000244747935N11959107WA0022300220
B0000254747935N11959107WA0022300219
B0000264747935N11959107WA0022300219
B0000274747935N11959107WA0022300219
B0000284747935N11959107WA0022300219
B0000294747935N11959107WA0022300219
B0000304747934N11959107WA0022300219
B0000314747934N11959107WA0022300219
B0000324747934N11959106WA0022300219
B0000334747934N11959106WA0022300219
B0000344747934N11959106WA0022300219
B0000354747934N11959106WA0022300219
B0000364747934N11959106WA0022300219
B0000374747934N11959106WA0022300219
B0000384747934N11959106WA0022300219
B0000394747934N11959106WA0022300220
B0000404747934N11959106WA0022200220
B0000414747934N11959106WA0022300220
B0000424747934N11959106WA0022300220
B0000434747934N11959106WA0022300220
B0000444747934N11959106WA0022300220
B0000454747934N11959106WA0022300220
B0000464747934N11959106WA0022300220
B0000474747935N11959106WA0022300220
B0000484747935N11959106WA0022300220
B0000494747935N11959106WA0022300220
B0000504747935N11959106WA0022300220
B0000514747935N11959106WA0022300220
B0000524747935N11959106WA0022300220
B0000534747935N11959106WA0022300220
B0000544747935N11959106WA0022300219
B0000554747935N11959106WA0022300219
B0000564747935N11959106WA0022300219
B0000574747935N11959106WA0022200219
B0000584747935N11959106WA0022300219
B0000594747935N11959106WA0022300219
B0001004747935N11959106WA0022300219
B0001014747935N11959106WA0022300219
B0001024747935N11959106WA0022200219
B0001034747935N11959106WA0022300219
B0001044747935N11959106WA0022300219
B0001054747935N11959107WA0022300218
B0001064747935N11959107WA0022300218
B0001074747935N11959107WA0022300218
B0001084747935N11959107WA0022300219
B0001094747935N11959107WA0022300219
B0001104747935N11959107WA0022300219
B0001114747935N11959107WA0022200219
B0001124747935N11959107WA0022300219
B0001134747935N11959107WA0022300219
B0001144747935N11959107WA0022300219
B0001154747935N11959107WA0022300219
B0001164747935N11959107WA0022300219
B0001174747935N11959107WA0022300219
B0001184747935N11959107WA0022200220
B0001194747935N11959107WA0022300220
B0001204747935N11959107WA0022300220
B0001214747935N11959107WA0022300220
B0001224747935N11959107WA0022300221
B0001234747935N11959107WA0022300221
B0001244747935N11959107WA0022300221
B0001254747935N11959107WA0022300221
B0001264747936N11959107WA0022300221
B0001274747936N11959106WA0022300222
B0001284747936N11959106WA0022300222
B0001294747936N11959106WA0022300222
B0001304747936N11959106WA0022300222
B0001314747935N11959106WA0022300223
B0001324747935N11959106WA0022300223
B0001334747935N11959106WA0022300223
B0001344747935N11959106WA0022200222
B0001354747935N11959106WA0022300222
B0001364747935N11959106WA0022300222
B0001374747935N11959106WA0022300222
B0001384747935N11959106WA0022200222
B0001394747935N11959106WA0022300221
B0001404747935N11959106WA0022300221
B0001414747935N11959106WA0022300221
B0001424747934N11959106WA0022300221
B0001434747934N11959106WA0022300221
B0001444747934N11959106WA0022300221
B0001454747934N11959106WA0022300220
B0001464747934N11959106WA0022300220
B0001474747934N11959106WA0022300220
B0001484747934N11959106WA0022300219
B0001494747934N11959106WA0022300219
B0001504747934N11959106WA0022300219
B0001514747934N11959106WA0022300219
B0001524747934N11959106WA0022300219
B0001534747934N11959106WA0022200219
B0001544747934N11959106WA0022200219
B0001554747934N11959106WA0022200219
B0001564747934N11959106WA0022300219
B0001574747934N11959106WA0022300219
B0001584747934N11959106WA0022300219
B0001594747934N11959106WA0022300219
B0002004747934N11959106WA0022300219
B0002014747934N11959106WA0022300219
B0002024747934N11959106WA0022200219
B0002034747934N11959107WA0022300219
B0002044747934N11959107WA0022300219
B0002054747934N11959107WA0022300219
B0002064747934N11959107WA0022300219
B0002074747934N11959107WA0022300219
B0002084747934N11959107WA0022300219
B0002094747934N11959107WA0022300219
B0002104747934N11959107WA0022300219
B0002114747934N11959107WA0022300219
B0002124747934N11959107WA0022300219
B0002134747934N11959107WA0022300219
B0002144747934N11959107WA0022300219
B0002154747934N11959107WA0022200219
B0002164747934N11959107WA0022300219
B0002174747934N11959107WA0022300219
B0002184747934N11959107WA0022300219
B0002194747934N11959107WA0022300219
B0002204747934N11959107WA0022300219
B0002214747934N11959107WA0022300220
B0002224747934N11959107WA0022200220
B0002234747934N11959107WA0022300220
B0002244747934N11959107WA0022300220
B0002254747934N11959107WA0022300220
B0002264747934N11959107WA0022300220
B0002274747934N11959107WA0022300220
B0002284747934N11959107WA0022200220
B0002294747934N11959107WA0022200220
B0002304747934N11959107WA0022300220
B0002314747934N11959107WA0022300220
B0002324747934N11959107WA0022300220
B0002334747934N11959107WA0022300220
B0002344747934N11959107WA0022300220
B0002354747934N11959107WA0022300220
B0002364747934N11959107WA0022300220
B0002374747934N11959107WA0022300220
B0002384747934N11959107WA0022200220
B0002394747934N11959107WA0022200220
B0002404747934N11959107WA0022300220
B0002414747934N11959107WA0022200220
B0002424747934N11959107WA0022200220
B0002434747934N11959107WA0022300220
B0002444747934N11959107WA0022300220
B0002454747934N11959107WA0022300220
B0002464747934N11959107WA0022300220
B0002474747934N11959107WA0022300220
B0002484747934N11959107WA0022300220
B0002494747934N11959107WA0022300220
B0002504747934N11959106WA0022300220
B0002514747934N11959107WA0022300220
B0002524747934N11959107WA0022300220
B0002534747934N11959107WA0022300220
B0002544747934N11959107WA0022300220
B0002554747934N11959107WA0022300220
B0002564747934N11959107WA0022300220
B0002574747934N11959107WA0022300220
B0002584747934N11959107WA0022300220
B0002594747934N11959106WA0022300220
B0003004747934N11959106WA0022200220
B0003014747934N11959106WA0022300220
B0003024747934N11959106WA0022300220
B0003034747934N11959106WA0022300220
B0003044747934N11959106WA0022200220
B0003054747934N11959106WA0022300220
B0003064747934N11959106WA0022300220
B0003074747934N11959106WA0022300220
B0003084747934N11959106WA0022300220
B0003094747934N11959106WA0022300220
B0003104747934N11959106WA0022300220
B0003114747934N11959106WA0022300220
B0003124747934N11959106WA0022300220
B0003134747934N11959106WA0022300220
B0003144747934N11959106WA0022200219
B0003154747934N11959106WA0022300219
B0003164747934N11959106WA0022300219
B0003174747934N11959106WA0022300219
B0003184747934N11959106WA0022200219
B0003194747934N11959106WA0022300219
B0003204747934N11959106WA0022300219
B0003214747934N11959106WA0022300219
B0003224747934N11959106WA0022300219
B0003234747934N11959106WA0022200219
B0003244747934N11959106WA0022300219
B0003254747934N11959106WA0022300220
B0003264747934N11959106WA0022300220
B0003274747934N11959106WA0022300220
B0003284747934N11959107WA0022300220
B0003294747934N11959107WA0022300220
B0003304747934N11959107WA0022300220
B0003314747934N11959107WA0022200220
B0003324747934N11959107WA0022200220
B0003334747934N11959107WA0022300221
B0003344747934N11959107WA0022300221
B0003354747934N11959107WA0022300221
B0003364747934N11959107WA0022300221
B0003374747934N11959107WA0022200221
B0003384747934N11959107WA0022200221
B0003394747934N11959107WA0022200221
B0003404747934N11959107WA0022300221
B0003414747934N11959107WA0022300221
B0003424747934N11959107WA0022300221
B0003434747934N11959107WA0022200221
B0003444747934N11959107WA0022300221
B0003454747934N11959107WA0022300221
B0003464747934N11959107WA0022300221
B0003474747934N11959107WA0022300221
B0003484747934N11959107WA0022300221
B0003494747934N11959107WA0022200221
B0003504747934N11959107WA0022200221
B0003514747934N11959107WA0022300221
B0003524747934N11959107WA0022300221
B0003534747934N11959107WA0022300221
B0003544747934N11959107WA0022300221
B0003554747934N11959107WA0022300221
B0003564747934N11959107WA0022300221
B0003574747934N11959107WA0022300221
B0003584747934N11959107WA0022300221
B0003594747934N11959107WA0022300221
B0004004747934N11959107WA0022200221
B0004014747934N11959107WA0022200221
B0004024747934N11959107WA0022200221
B0004034747934N11959107WA0022300221
B0004044747934N11959108WA0022200221
B0004054747934N11959108WA0022300221
B0004064747934N11959108WA0022200220
B0004074747934N11959108WA0022300220
B0004084747934N11959108WA0022300220
B0004094747934N11959108WA0022300220
B0004104747934N11959108WA0022300220
B0004114747934N11959108WA0022300220
B0004124747934N11959108WA0022300220
B0004134747934N11959108WA0022300220
B0004144747934N11959107WA0022200220
B0004154747934N11959107WA0022300220
B0004164747934N11959107WA0022300220
B0004174747934N11959107WA0022300220
B0004184747934N11959107WA0022300220
B0004194747934N11959107WA0022200220
B0004204747934N11959107WA0022300220
B0004214747934N11959107WA0022200220
B0004224747934N11959107WA0022200220
B0004234747934N11959107WA0022300220
B0004244747934N11959107WA0022300220
B0004254747934N11959107WA0022300220
B0004264747934N11959107WA0022300220
B0004274747934N11959107WA0022300220
B0004284747934N11959107WA0022300220
B0004294747934N11959107WA0022200220
B0004304747934N11959107WA0022300220
B0004314747934N11959107WA0022300220
B0004324747934N11959107WA0022300220
B0004334747934N11959107WA0022300220
B0004344747934N11959107WA0022200220
B0004354747934N11959107WA0022300219
B0004364747934N11959107WA0022300220
B0004374747934N11959107WA0022200220
B0004384747934N11959107WA0022300219
B0004394747934N11959107WA0022300219
B0004404747934N11959107WA0022300219
B0004414747934N11959107WA0022300219
B0004424747934N11959107WA0022300219
B0004434747934N11959107WA0022300219
B0004444747934N11959107WA0022300219
B0004454747934N11959106WA0022300219
B0004464747934N11959106WA0022300220
B0004474747934N11959106WA0022300220
B0004484747934N11959106WA0022300220
B0004494747934N11959106WA0022300220
B0004504747934N11959106WA0022300220
B0004514747934N11959106WA0022200220
B0004524747934N11959106WA0022200220
B0004534747934N11959106WA0022200220
B0004544747934N11959106WA0022200220
B0004554747934N11959106WA0022300220
B0004564747934N11959106WA0022200220
B0004574747934N11959106WA0022200220
B0004584747934N11959106WA0022200220
B0004594747934N11959106WA0022300220
B0005004747934N11959106WA0022200220
B0005014747934N11959106WA0022300220
B0005024747934N11959106WA0022300219
B0005034747934N11959106WA0022300219
B0005044747934N11959107WA0022300219
B0005054747934N11959107WA0022300218
B0005064747934N11959107WA0022300218
B0005074747934N11959107WA0022300218
B0005084747934N11959107WA0022300218
B0005094747934N11959107WA0022300218
B0005104747934N11959107WA0022300218
B0005114747934N11959107WA0022300218
B0005124747934N11959107WA0022300217
B0005134747934N11959106WA0022300217
B0005144747934N11959106WA0022300217
B0005154747934N11959106WA0022200217
B0005164747934N11959106WA0022300217
B0005174747934N11959106WA0022300217
B0005184747934N11959106WA0022300216
B0005194747934N11959106WA0022300216
B0005204747934N11959107WA0022300216
B0005214747934N11959107WA0022200216
B0005224747934N11959107WA0022300216
B0005234747934N11959107WA0022200216
B0005244747934N11959107WA0022300216
B0005254747934N11959107WA0022300216
B0005264747934N11959107WA0022300216
B0005274747934N11959107WA0022300216
B0005284747934N11959107WA0022200216
B0005294747934N11959107WA0022200215
B0005304747934N11959107WA0022300215
B0005314747934N11959106WA0022300215
B0005324747934N11959106WA0022200215
B0005334747934N11959106WA0022300215
B0005344747934N11959107WA0022300215
B0005354747934N11959107WA0022300215
B0005364747934N11959107WA0022300215
B0005374747934N11959107WA0022200215
B0005384747934N11959107WA0022300215
B0005394747934N11959107WA0022300215
B0005404747934N11959107WA0022300215
B0005414747934N11959107WA0022300215
B0005424747934N11959107WA0022300215
B0005434747934N11959107WA0022300215
B0005444747934N11959107WA0022300215
B0005454747934N11959107WA0022300215
B0005464747934N11959107WA0022300215
B0005474747934N11959107WA0022300215
B0005484747934N11959107WA0022300215
B0005494747934N11959107WA0022300215
B0005504747934N11959107WA0022200215
B0005514747934N11959107WA0022300215
B0005524747934N11959107WA0022300215
B0005534747934N11959107WA0022300216
B0005544747934N11959107WA0022300216
B0005554747934N11959107WA0022300216
B0005564747934N11959107WA0022300216
B0005574747934N11959107WA0022200216
B0005584747934N11959107WA0022300216
B0005594747934N11959107WA0022300216
B0006004747934N11959107WA0022300216
B0006014747934N11959107WA0022300216
B0006024747934N11959107WA0022300216
B0006034747934N11959107WA0022300216
B0006044747934N11959107WA0022300216
B0006054747934N11959107WA0022300217
B0006064747934N11959107WA0022300217
B0006074747934N11959107WA0022200217
B0006084747934N11959107WA0022300217
B0006094747934N11959107WA0021900217
B0006104747934N11959107WA0022400217
B0006114747934N11959107WA0022200217
B0006124747934N11959106WA0022400217
B0006134747935N11959106WA0022300217
B0006144747935N11959106WA0022400217
B0006154747935N11959105WA0022400217
B0006164747935N11959105WA0022400217
B0006174747935N11959106WA0022400217
B0006184747935N11959105WA0022400217
B0006194747935N11959105WA0022400218
B0006204747935N11959104WA0022200218
B0006214747935N11959104WA0022100218
B0006224747935N11959104WA0022400223
B0006234747935N11959105WA0022400223
B0006244747935N11959106WA0022400222
B0006254747936N11959107WA0022400221
B0006264747936N11959107WA0022300221
B0006274747935N11959108WA0022400221
B0006284747935N11959109WA0022400221
B0006294747934N11959110WA0022300222
B0006304747934N11959111WA0022300221
B0006314747933N11959111WA0022400221
B0006324747933N11959112WA0022400221
B0006334747933N11959113WA0022400221
B0006344747933N11959114WA0022400221
B0006354747932N11959115WA0022400221
B0006364747932N11959115WA0022400221
B0006374747932N11959115WA0022400222
B0006384747932N11959115WA0022400222
B0006394747932N11959115WA0022400222
B0006404747932N11959115WA0022400223
B0006414747932N11959115WA0022400223
B0006424747931N11959115WA0022400224
B0006434747931N11959115WA0022400223
B0006444747931N11959115WA0022400223
B0006454747930N11959115WA0022500223
B0006464747930N11959115WA0022400222
B0006474747930N11959115WA0022500223
B0006484747930N11959115WA0022500222
B0006494747930N11959116WA0022400222
B0006504747930N11959117WA0022400222
B0006514747931N11959117WA0022500222
B0006524747931N11959117WA0022400222
B0006534747931N11959117WA0022400221
B0006544747931N11959116WA0022500222
B0006554747930N11959116WA0022400222
B0006564747930N11959115WA0022500221
B0006574747930N11959114WA0022200221
B0006584747929N11959114WA0022500221
B0006594747929N11959113WA0022300222
B0007004747929N11959112WA0022400223
B0007014747928N11959112WA0022400223
B0007024747927N11959112WA0022400222
B0007034747927N11959111WA0022400222
B0007044747927N11959111WA0022400221
B0007054747927N11959111WA0022200221
B0007064747927N11959111WA0022200221
B0007074747927N11959111WA0022300221
B0007084747927N11959111WA0022100221
B0007094747927N11959111WA0022200221
B0007104747927N11959111WA0022500221
B0007114747927N11959110WA0022300221
B0007124747927N11959110WA0022300222
B0007134747927N11959111WA0022200222
B0007144747927N11959111WA0022200222
B0007154747927N11959111WA0022300222
B0007164747927N11959111WA0022300222
B0007174747927N11959110WA0022300222
B0007184747927N11959110WA0022300222
B0007194747927N11959111WA0022400221
B0007204747927N11959111WA0022400220
B0007214747927N11959111WA0022300220
B0007224747927N11959111WA0022300220
B0007234747927N11959111WA0022400220
B0007244747926N11959111WA0022300220
B0007254747925N11959111WA0022400220
B0007264747925N11959111WA0022200220
B0007274747925N11959112WA0022300220
B0007284747924N11959111WA0022300220
B0007294747923N11959112WA0022400220
B0007304747923N11959112WA0022400220
B0007314747922N11959112WA0022400221
B0007324747922N11959112WA0022400221
B0007334747921N11959111WA0022300221
B0007344747921N11959112WA0022400222
B0007354747920N11959112WA0022400223
B0007364747920N11959112WA0022400225
B0007374747919N11959112WA0022300226
B0007384747919N11959112WA0022400228
B0007394747918N11959113WA0022400229
B0007404747918N11959112WA0022300230
B0007414747918N11959112WA0022300231
B0007424747917N11959112WA0022400230
B0007434747917N11959113WA0022200230
B0007444747916N11959113WA0022300229
B0007454747915N11959114WA0022400230
B0007464747915N11959114WA0022400230
B0007474747914N11959114WA0022400229
B0007484747914N11959114WA0022400230
B0007494747914N11959115WA0022300230
B0007504747914N11959115WA0022400230
B0007514747914N11959115WA0022400230
B0007524747914N11959115WA0022500230
B0007534747914N11959116WA0022300230
B0007544747914N11959116WA0022400228
B0007554747914N11959116WA0022300228
B0007564747914N11959116WA0022400228
B0007574747914N11959117WA0022200228
B0007584747914N11959117WA0022400228
B0007594747914N11959117WA0022400228
B0008004747914N11959117WA0022400227
B0008014747914N11959117WA0022400227
B0008024747914N11959118WA0022400226
B0008034747914N11959118WA0022400225
B0008044747914N11959118WA0022400224
B0008054747915N11959119WA0022300225
B0008064747915N11959118WA0022400225
B0008074747916N11959118WA0022300225
B0008084747917N11959118WA0022400225
B0008094747918N11959118WA0022400225
B0008104747919N11959118WA0022400225
B0008114747920N11959118WA0022300226
B0008124747921N11959118WA0022300227
B0008134747921N11959118WA0022400227
B0008144747921N11959118WA0022400226
B0008154747922N11959118WA0022400226
B0008164747922N11959119WA0022400227
B0008174747922N11959119WA0022400226
B0008184747923N11959120WA0022400226
B0008194747923N11959121WA0022300227
B0008204747923N11959121WA0022300228
B0008214747923N11959121WA0022400229
B0008224747923N11959121WA0022400227
B0008234747923N11959121WA0022400228
B0008244747923N11959121WA0022400226
B0008254747923N11959121WA0022400226
B0008264747923N11959121WA0022400225
B0008274747922N11959121WA0022400225
B0008284747922N11959121WA0022400224
B0008294747922N11959121WA0022400224
B0008304747922N11959122WA0022400224
B0008314747922N11959122WA0022400224
B0008324747922N11959121WA0022400224
B0008334747921N11959122WA0022400224
B0008344747921N11959122WA0022400224
B0008354747921N11959122WA0022400224
B0008364747921N11959122WA0022400224
B0008374747921N11959122WA0022400224
B0008384747921N11959122WA0022400224
B0008394747921N11959122WA0022400223
B0008404747921N11959122WA0022400223
B0008414747921N11959122WA0022400223
B0008424747921N11959122WA0022400223
B0008434747921N11959122WA0022400223
B0008444747921N11959122WA0022400223
B0008454747921N11959122WA0022400223
B0008464747921N11959122WA0022400222
B0008474747920N11959122WA0022400222
B0008484747920N11959122WA0022400222
B0008494747920N11959122WA0022400222
B0008504747920N11959122WA0022400222
B0008514747920N11959122WA0022400222
B0008524747921N11959122WA0022400222
B0008534747921N11959122WA0022400222
B0008544747921N11959121WA0022400222
B0008554747921N11959121WA0022400222
B0008564747921N11959121WA0022400222
B0008574747921N11959121WA0022400222
B0008584747921N11959121WA0022400223
B0008594747921N11959121WA0022400223
B0009004747921N11959121WA0022400223
B0009014747921N11959121WA0022400223
B0009024747920N11959121WA0022400223
B0009034747920N11959121WA0022400223
B0009044747920N11959121WA0022400223
B0009054747920N11959121WA0022400223
B0009064747920N11959121WA0022400222
B0009074747920N11959121WA0022400222
B0009084747920N11959121WA0022400222
B0009094747920N11959121WA0022400222
B0009104747920N11959121WA0022400222
B0009114747920N11959121WA0022400222
B0009124747920N11959121WA0022400222
B0009134747920N11959121WA0022400222
B0009144747920N11959121WA0022400222
B0009154747920N11959121WA0022400222
B0009164747920N11959121WA0022400222
B0009174747920N11959120WA0022400222
B0009184747920N11959120WA0022400222
B0009194747919N11959120WA0022400222
B0009204747920N11959121WA0022400222
B0009214747920N11959121WA0022400223
B0009224747920N11959120WA0022400223
B0009234747920N11959120WA0022400223
B0009244747920N11959120WA0022400223
B0009254747919N11959120WA0022400223
B0009264747919N11959120WA0022400223
B0009274747919N11959120WA0022400223
B0009284747919N11959120WA0022400223
B0009294747919N11959120WA0022400223
B0009304747919N11959120WA0022400224
B0009314747919N11959120WA0022500224
B0009324747919N11959120WA0022400224
B0009334747919N11959120WA0022400224
B0009344747919N11959120WA0022400225
B0009354747919N11959120WA0022400224
B0009364747919N11959120WA0022400225
B0009374747919N11959121WA0022400225
B0009384747919N11959120WA0022400226
B0009394747919N11959120WA0022400226
B0009404747919N11959120WA0022400226
B0009414747919N11959120WA0022400226
B0009424747919N11959120WA0022400225
B0009434747919N11959120WA0022400225
B0009444747919N11959120WA0022400225
B0009454747919N11959120WA0022400225
B0009464747919N11959120WA0022500224
B0009474747919N11959120WA0022400224
B0009484747919N11959120WA0022400224
B0009494747919N11959120WA0022400224
B0009504747919N11959120WA0022400223
B0009514747919N11959120WA0022400223
B0009524747919N11959120WA0022400223
B0009534747919N11959120WA0022400222
B0009544747919N11959120WA0022400222
B0009554747919N11959120WA0022400221
B0009564747920N11959120WA0022400221
B0009574747920N11959120WA0022400221
B0009584747920N11959120WA0022400222
B0009594747920N11959120WA0022400222
B0010004747920N11959120WA0022400222
B0010014747920N11959120WA0022400223
B0010024747920N11959120WA0022400223
B0010034747919N11959119WA0022400224
B0010044747919N11959119WA0022400225
B0010054747919N11959119WA0022400226
B0010064747919N11959119WA0022400226
B0010074747919N11959119WA0022400226
B0010084747919N11959119WA0022400226
B0010094747919N11959119WA0022400227
B0010104747919N11959119WA0022400227
B0010114747919N11959119WA0022400227
B0010124747919N11959119WA0022400227
B0010134747919N11959118WA0022400228
B0010144747919N11959118WA0022400228
B0010154747919N11959118WA0022400228
B0010164747920N11959118WA0022400228
B0010174747920N11959118WA0022400228
B0010184747920N11959118WA0022400228
B0010194747920N11959117WA0022400228
B0010204747919N11959117WA0022400229
B0010214747920N11959117WA0022400229
B0010224747920N11959117WA0022400229
B0010234747919N11959117WA0022400229
B0010244747919N11959117WA0022400230
B0010254747919N11959117WA0022400231
B0010264747919N11959117WA0022400231
B0010274747919N11959117WA0022400231
B0010284747919N11959118WA0022400231
B0010294747919N11959118WA0022400231
B0010304747919N11959117WA0022400232
B0010314747919N11959117WA0022400233
B0010324747919N11959117WA0022400233
B0010334747919N11959117WA0022400233
B0010344747919N11959117WA0022400234
B0010354747919N11959117WA0022400234
B0010364747919N11959117WA0022400234
B0010374747919N11959117WA0022400234
B0010384747919N11959117WA0022400234
B0010394747918N11959117WA0022400234
B0010404747918N11959117WA0022400235
B0010414747918N11959117WA0022400234
B0010424747918N11959117WA0022400234
B0010434747918N11959117WA0022400234
B0010444747918N11959116WA0022400235
B0010454747918N11959116WA0022400235
B0010464747918N11959116WA0022400235
B0010474747918N11959116WA0022400236
B0010484747918N11959115WA0022400236
B0010494747918N11959115WA0022400236
B0010504747918N11959115WA0022400236
B0010514747918N11959115WA0022400236
B0010524747918N11959115WA0022400236
B0010534747918N11959116WA0022400235
B0010544747919N11959116WA0022400235
B0010554747919N11959116WA0022400235
B0010564747919N11959116WA0022400234
B0010574747919N11959116WA0022400234
B0010584747919N11959116WA0022400234
B0010594747919N11959116WA0022400235
B0011004747919N11959117WA0022400234
B0011014747919N11959117WA0022400234
B0011024747919N11959117WA0022400234
B0011034747918N11959118WA0022400234
B0011044747918N11959118WA0022400235
B0011054747919N11959119WA0022400235
B0011064747919N11959119WA0022400234
B0011074747919N11959119WA0022400234
B0011084747919N11959119WA0022400233
B0011094747919N11959120WA0022400233
B0011104747919N11959120WA0022400232
B0011114747919N11959120WA0022400232
B0011124747919N11959120WA0022400231
B0011134747919N11959120WA0022400231
B0011144747919N11959120WA0022400231
B0011154747919N11959120WA0022400230
B0011164747919N11959120WA0022400230
B0011174747919N11959120WA0022400230
B0011184747919N11959120WA0022400231
B0011194747919N11959120WA0022400231
B0011204747919N11959120WA0022400231
B0011214747919N11959120WA0022400231
B0011224747919N11959120WA0022400230
B0011234747919N11959120WA0022400230
B0011244747919N11959120WA0022400230
B0011254747919N11959120WA0022400230
B0011264747919N11959120WA0022400230
B0011274747919N11959121WA0022400229
B0011284747919N11959120WA0022400229
B0011294747919N11959120WA0022300229
B0011304747919N11959120WA0022300229
B0011314747919N11959120WA0022300229
B0011324747919N11959119WA0022400228
B0011334747919N11959119WA0022300228
B0011344747920N11959119WA0022300227
B0011354747920N11959119WA0022300226
B0011364747920N11959119WA0022400225
B0011374747920N11959119WA0022300225
B0011384747920N11959119WA0022400225
B0011394747920N11959120WA0022400225
B0011404747920N11959119WA0022300225
B0011414747920N11959118WA0022300225
B0011424747920N11959119WA0022300225
B0011434747920N11959119WA0022300225
B0011444747921N11959119WA0022300225
B0011454747921N11959119WA0022300224
B0011464747921N11959119WA0022300224
B0011474747921N11959119WA0022300224
B0011484747921N11959119WA0022300224
B0011494747921N11959119WA0022300224
B0011504747921N11959119WA0022300224
B0011514747921N11959119WA0022300224
B0011524747921N11959119WA0022300224
B0011534747921N11959119WA0022300224
B0011544747921N11959119WA0022300224
B0011554747921N11959118WA0022300225
B0011564747921N11959118WA0022300225
B0011574747921N11959118WA0022300225
B0011584747921N11959118WA0022300225
B0011594747922N11959118WA0022300225
B0012004747922N11959119WA0022300225
B0012014747921N11959119WA0022300225
B0012024747921N11959119WA0022300225
B0012034747921N11959120WA0022300224
B0012044747921N11959120WA0022300224
B0012054747921N11959120WA0022300224
B0012064747921N11959120WA0022300224
B0012074747921N11959120WA0022300224
B0012084747921N11959120WA0022300224
B0012094747921N11959120WA0022300223
B0012104747921N11959120WA0022300223
B0012114747921N11959120WA0022300223
B0012124747921N11959120WA0022300223
B0012134747920N11959120WA0022300223
B0012144747920N11959119WA0022300223
B0012154747920N11959120WA0022300223
B0012164747920N11959120WA0022300223
B0012174747921N11959120WA0022300223
B0012184747921N11959120WA0022300223
B0012194747921N11959120WA0022300223
B0012204747921N11959120WA0022300223
B0012214747921N11959120WA0022300223
B0012224747921N11959120WA0022300223
B0012234747921N11959120WA0022300223
B0012244747921N11959120WA0022300223
B0012254747921N11959120WA0022300223
B0012264747921N11959120WA0022300223
B0012274747921N11959120WA0022400224
B0012284747921N11959120WA0022300224
B0012294747921N11959120WA0022300224
B0012304747921N11959120WA0022300224
B0012314747921N11959121WA0022300225
B0012324747921N11959121WA0022300225
B0012334747921N11959121WA0022300225
B0012344747921N11959121WA0022300225
B0012354747921N11959121WA0022300225
B0012364747921N11959121WA0022300225
B0012374747921N11959121WA0022300225
B0012384747921N11959121WA0022300225
B0012394747922N11959121WA0022300225
B0012404747922N11959121WA0022300225
B0012414747921N11959121WA0022400225
B0012424747921N11959121WA0022400225
B0012434747921N11959121WA0022400225
B0012444747920N11959121WA0022400225
B0012454747920N11959121WA0022300225
B0012464747920N11959121WA0022400224
B0012474747920N11959121WA0022400224
B0012484747920N11959121WA0022400224
B0012494747920N11959120WA0022400224
B0012504747920N11959120WA0022400224
B0012514747920N11959120WA0022400224
B0012524747920N11959120WA0022400224
B0012534747920N11959120WA0022400224
B0012544747920N11959120WA0022400224
B0012554747920N11959120WA0022400224
B0012564747920N11959120WA0022400224
B0012574747920N11959120WA0022400223
B0012584747920N11959120WA0022400223
B0012594747921N11959120WA0022400223
B0013004747921N11959120WA0022400223
B0013014747921N11959120WA0022400223
B0013024747921N11959120WA0022400223
B0013034747921N11959120WA0022400224
B0013044747921N11959120WA0022400224
B0013054747921N11959120WA0022400223
B0013064747921N11959120WA0022400223
B0013074747921N11959120WA0022400223
B0013084747920N11959120WA0022400223
B0013094747920N11959121WA0022400224
B0013104747920N11959121WA0022400224
B0013114747920N11959121WA0022400224
B0013124747920N11959121WA0022400224
B0013134747920N11959121WA0022400224
B0013144747920N11959121WA0022400224
B0013154747920N11959121WA0022400224
B0013164747920N11959120WA0022400224
B0013174747920N11959120WA0022400224
B0013184747920N11959120WA0022400224
B0013194747920N11959120WA0022400223
B0013204747920N11959120WA0022400224
B0013214747921N11959120WA0022400223
B0013224747921N11959120WA0022400223
B0013234747921N11959120WA0022400223
B0013244747921N11959120WA0022400223
B0013254747921N11959119WA0022400223
B0013264747921N11959119WA0022400223
B0013274747921N11959120WA0022400222
B0013284747921N11959120WA0022400222
B0013294747922N11959119WA0022400222
B0013304747922N11959119WA0022400222
B0013314747922N11959119WA0022400222
B0013324747922N11959119WA0022400223
B0013334747922N11959119WA0022400223
B0013344747922N11959119WA0022400223
B0013354747922N11959119WA0022400223
B0013364747922N11959119WA0022300223
B0013374747922N11959119WA0022400223
B0013384747923N11959119WA0022400223
B0013394747923N11959119WA0022400223
B0013404747923N11959119WA0022400223
B0013414747922N11959119WA0022300223
B0013424747922N11959118WA0022400223
B0013434747922N11959118WA0022400223
B0013444747923N11959118WA0022400223
B0013454747923N11959118WA0022400223
B0013464747923N11959118WA0022400223
B0013474747922N11959118WA0022400223
B0013484747922N11959118WA0022400223
B0013494747922N11959117WA0022400223
B0013504747921N11959117WA0022400223
B0013514747921N11959116WA0022400223
B0013524747921N11959116WA0022300223
B0013534747921N11959115WA0022300223
B0013544747921N11959114WA0022400223
B0013554747921N11959114WA0022400224
B0013564747921N11959114WA0022300223
B0013574747921N11959113WA0022300223
B0013584747922N11959113WA0022300223
B0013594747922N11959113WA0022300223
B0014004747922N11959112WA0022400223
B0014014747922N11959112WA0022300223
B0014024747922N11959112WA0022300223
B0014034747922N11959112WA0022300223
B0014044747922N11959112WA0022300223
B0014054747922N11959112WA0022300223
B0014064747922N11959112WA0022300223
B0014074747922N11959112WA0022300223
B0014084747922N11959112WA0022300223
B0014094747921N11959111WA0022300223
B0014104747921N11959112WA0022300223
B0014114747921N11959112WA0022300223
B0014124747921N11959113WA0022300223
B0014134747921N11959113WA0022300224
B0014144747921N11959114WA0022300224
B0014154747921N11959113WA0022300224
B0014164747921N11959114WA0022300224
B0014174747921N11959114WA0022400223
B0014184747921N11959114WA0022300224
B0014194747921N11959114WA0022300223
B0014204747921N11959114WA0022300223
B0014214747921N11959113WA0022300224
B0014224747921N11959113WA0022300224
B0014234747921N11959112WA0022300224
B0014244747920N11959111WA0022300224
B0014254747920N11959111WA0022300224
B0014264747920N11959110WA0022300224
B0014274747920N11959109WA0022300224
B0014284747920N11959109WA0022300223
B0014294747919N11959108WA0022300223
B0014304747919N11959107WA0022300223
B0014314747919N11959106WA0022300223
B0014324747918N11959106WA0022300222
B0014334747918N11959105WA0022300222
B0014344747918N11959104WA0022300222
B0014354747917N11959104WA0022300222
B0014364747917N11959103WA0022200221
B0014374747916N11959103WA0022200221
B0014384747916N11959103WA0022200221
B0014394747915N11959102WA0022200221
B0014404747915N11959101WA0022200221
B0014414747915N11959101WA0022200221
B0014424747914N11959100WA0022200221
B0014434747914N11959100WA0022200220
B0014444747913N11959099WA0022200220
B0014454747913N11959098WA0022200220
B0014464747912N11959098WA0022200220
B0014474747912N11959097WA0022200220
B0014484747912N11959097WA0022200220
B0014494747911N11959097WA0022200220
B0014504747911N11959096WA0022200220
B0014514747910N11959095WA0022200220
B0014524747910N11959094WA0022200219
B0014534747910N11959094WA0022200219
B0014544747909N11959094WA0022200218
B0014554747909N11959094WA0022200218
B0014564747908N11959093WA0022200217
B0014574747908N11959092WA0022200218
B0014584747908N11959092WA0022200219
B0014594747908N11959092WA0022200218
B0015004747908N11959092WA0022200217
B0015014747908N11959092WA0022200217
B0015024747908N11959092WA0022100216
B0015034747908N11959091WA0022100216
B0015044747907N11959091WA0022100216
B0015054747907N11959090WA0022200216
B0015064747907N11959090WA0022200216
B0015074747907N11959089WA0022200216
B0015084747907N11959089WA0022200216
B0015094747907N11959089WA0022200216
B0015104747907N11959088WA0022200216
B0015114747907N11959088WA0022200216
B0015124747907N11959087WA0022100216
B0015134747906N11959087WA0022100216
B0015144747906N11959085WA0022200216
B0015154747906N11959084WA0022200217
B0015164747905N11959084WA0022200217
B0015174747906N11959084WA0022200217
B0015184747906N11959084WA0022200217
B0015194747906N11959084WA0022200217
B0015204747906N11959084WA0022200217
B0015214747906N11959085WA0022200217
B0015224747906N11959085WA0022100217
B0015234747906N11959085WA0022200217
B0015244747906N11959085WA0022200216
B0015254747906N11959085WA0022100216
B0015264747906N11959085WA0022100216
B0015274747906N11959085WA0022200218
B0015284747906N11959085WA0022200218
B0015294747906N11959086WA0022200219
B0015304747906N11959086WA0022100220
B0015314747906N11959086WA0022200220
B0015324747906N11959087WA0022200220
B0015334747906N11959087WA0022200220
B0015344747906N11959087WA0022100220
B0015354747907N11959088WA0022200220
B0015364747906N11959089WA0022200220
B0015374747907N11959089WA0022100218
B0015384747907N11959089WA0022200218
B0015394747907N11959089WA0022200219
B0015404747907N11959090WA0022200218
B0015414747907N11959090WA0022200217
B0015424747907N11959090WA0022200217
B0015434747907N11959090WA0022100217
B0015444747907N11959090WA0022100216
B0015454747907N11959091WA0022200216
B0015464747908N11959091WA0022100217
B0015474747908N11959092WA0022200217
B0015484747908N11959093WA0022200218
B0015494747909N11959093WA0022100218
B0015504747909N11959094WA0022100217
B0015514747910N11959095WA0022200216
B0015524747910N11959095WA0022200216
B0015534747911N11959096WA0022200216
B0015544747912N11959097WA0022200218
B0015554747912N11959097WA0022200218
B0015564747913N11959098WA0022200219
B0015574747914N11959098WA0022200219
B0015584747914N11959099WA0022200219
B0015594747915N11959099WA0022200219
B0016004747915N11959100WA0022200219
B0016014747916N11959100WA0022200219
B0016024747917N11959101WA0022200219
B0016034747917N11959101WA0022200219
B0016044747918N11959101WA0022200219
B0016054747918N11959102WA0022200219
B0016064747919N11959103WA0022200218
B0016074747920N11959103WA0022200219
B0016084747920N11959103WA0022200219
B0016094747921N11959103WA0022200219
B0016104747921N11959104WA0022200219
B0016114747921N11959104WA0022200218
B0016124747922N11959104WA0022200218
B0016134747922N11959104WA0022200218
B0016144747923N11959105WA0022300218
B0016154747923N11959105WA0022200219
B0016164747924N11959105WA0022200218
B0016174747925N11959105WA0022200218
B0016184747925N11959105WA0022200218
B0016194747926N11959105WA0022300218
B0016204747926N11959105WA0022300218
B0016214747926N11959105WA0022300218
B0016224747927N11959105WA0022300218
B0016234747927N11959105WA0022200217
B0016244747927N11959105WA0022200218
B0016254747927N11959105WA0022300217
B0016264747927N11959105WA0022300217
B0016274747927N11959105WA0022300217
B0016284747927N11959105WA0022200217
B0016294747927N11959105WA0022300217
B0016304747927N11959105WA0022300217
B0016314747928N11959104WA0022300217
B0016324747928N11959104WA0022300217
B0016334747928N11959104WA0022200217
B0016344747928N11959104WA0022300217
B0016354747928N11959104WA0022200217
B0016364747929N11959103WA0022300217
B0016374747929N11959103WA0022300217
B0016384747929N11959102WA0022300217
B0016394747930N11959101WA0022300217
B0016404747930N11959100WA0022300217
B0016414747931N11959100WA0022300218
B0016424747932N11959100WA0022300218
B0016434747933N11959099WA0022300218
B0016444747933N11959099WA0022200218
B0016454747934N11959100WA0022300219
B0016464747934N11959101WA0022300219
B0016474747934N11959102WA0022300219
B0016484747934N11959102WA0022300219
B0016494747934N11959103WA0022300219
B0016504747934N11959104WA0022300219
B0016514747934N11959104WA0022300219
B0016524747934N11959105WA0022300219
B0016534747933N11959106WA0022300219
B0016544747933N11959106WA0022300219
B0016554747932N11959106WA0022300219
B0016564747932N11959106WA0022300219
B0016574747932N11959106WA0022300218
B0016584747932N11959107WA0022300218
B0016594747932N11959107WA0022300218
B0017004747932N11959107WA0022300219
B0017014747933N11959106WA0022300218
B0017024747933N11959106WA0022300219
B0017034747933N11959105WA0022300219
B0017044747933N11959105WA0022300220
B0017054747934N11959104WA0022300220
B0017064747934N11959104WA0022300221
B0017074747934N11959104WA0022300221
B0017084747935N11959103WA0022300221
B0017094747935N11959103WA0022300221
B0017104747935N11959103WA0022300222
B0017114747936N11959103WA0022300222
B0017124747936N11959102WA0022300222
B0017134747936N11959101WA0022300222
B0017144747936N11959100WA0022300222
B0017154747937N11959100WA0022300222
B0017164747937N11959100WA0022300222
B0017174747938N11959099WA0022300222
B0017184747938N11959099WA0022300222
B0017194747938N11959098WA0022300223
B0017204747938N11959098WA0022300222
B0017214747939N11959097WA0022300222
B0017224747939N11959097WA0022300222
B0017234747940N11959097WA0022300223
B0017244747940N11959097WA0022300223
B0017254747940N11959098WA0022300223
B0017264747940N11959098WA0022300223
B0017274747940N11959098WA0022300223
B0017284747941N11959098WA0022300223
B0017294747941N11959098WA0022300222
B0017304747941N11959098WA0022300222
B0017314747941N11959098WA0022300222
B0017324747942N11959099WA0022300222
B0017334747942N11959099WA0022300222
B0017344747942N11959099WA0022300222
B0017354747941N11959099WA0022300222
B0017364747941N11959098WA0022300222
B0017374747940N11959098WA0022300222
B0017384747940N11959098WA0022300222
B0017394747940N11959098WA0022300222
B0017404747941N11959098WA0022300222
B0017414747941N11959098WA0022200222
B0017424747942N11959098WA0022300222
B0017434747942N11959098WA0022300221
B0017444747943N11959098WA0022300221
B0017454747944N11959098WA0022300221
B0017464747944N11959098WA0022300221
B0017474747945N11959098WA0022300220
B0017484747945N11959098WA0022300220
B0017494747946N11959098WA0022300219
B0017504747946N11959098WA0022300219
B0017514747946N11959099WA0022300219
B0017524747947N11959099WA0022300219
B0017534747948N11959098WA0022300218
B0017544747948N11959098WA0022300218
B0017554747949N11959098WA0022300218
B0017564747949N11959097WA0022300218
B0017574747950N11959097WA0022300218
B0017584747951N11959097WA0022300218
B0017594747951N11959096WA0022300219
B0018004747952N11959096WA0022300219
B0018014747952N11959096WA0022300220
B0018024747953N11959096WA0022300220
B0018034747954N11959096WA0022300219
B0018044747954N11959096WA0022300219
B0018054747954N11959097WA0022300220
B0018064747954N11959097WA0022300220
B0018074747954N11959097WA0022300219
B0018084747954N11959097WA0022300219
B0018094747954N11959096WA0022300219
B0018104747954N11959096WA0022300219
B0018114747954N11959097WA0022300219
B0018124747954N11959097WA0022300219
B0018134747954N11959097WA0022300219
B0018144747954N11959097WA0022300219
B0018154747954N11959098WA0022300219
B0018164747954N11959098WA0022300219
B0018174747954N11959099WA0022300219
B0018184747954N11959099WA0022300219
B0018194747954N11959099WA0022300219
B0018204747953N11959099WA0022300219
B0018214747953N11959099WA0022300219
B0018224747953N11959099WA0022300219
B0018234747953N11959099WA0022300219
B0018244747953N11959099WA0022300219
B0018254747953N11959099WA0022300220
B0018264747953N11959099WA0022300220
B0018274747953N11959099WA0022300221
B0018284747953N11959099WA0022300221
B0018294747953N11959099WA0022300221
B0018304747953N11959099WA0022300221
B0018314747953N11959099WA0022300221
B0018324747953N11959099WA0022400222
B0018334747953N11959099WA0022300222
B0018344747953N11959099WA0022300223
B0018354747952N11959099WA0022300223
B0018364747952N11959099WA0022300223
B0018374747953N11959098WA0022300224
B0018384747952N11959098WA0022300224
B0018394747952N11959098WA0022300224
B0018404747952N11959099WA0022300224
B0018414747952N11959099WA0022300224
B0018424747952N11959100WA0022300223
B0018434747951N11959100WA0022400223
B0018444747951N11959101WA0022400223
B0018454747951N11959101WA0022300222
B0018464747950N11959102WA0022300222
B0018474747950N11959102WA0022300222
B0018484747949N11959102WA0022300222
B0018494747949N11959102WA0022300222
B0018504747948N11959103WA0022300222
B0018514747948N11959103WA0022300222
B0018524747948N11959103WA0022400223
B0018534747948N11959103WA0022300222
B0018544747947N11959103WA0022300221
B0018554747947N11959102WA0022300222
B0018564747947N11959102WA0022300222
B0018574747947N11959102WA0022300221
B0018584747947N11959102WA0022300221
B0018594747947N11959102WA0022300220
B0019004747947N11959102WA0022300219
B0019014747947N11959102WA0022300219
B0019024747947N11959102WA0022300219
B0019034747947N11959102WA0022300219
B0019044747947N11959103WA0022300219
B0019054747947N11959102WA0022300219
B0019064747947N11959103WA0022400219
B0019074747946N11959103WA0022300218
B0019084747946N11959102WA0022300218
B0019094747946N11959102WA0022300218
B0019104747946N11959102WA0022300217
B0019114747945N11959102WA0022300218
B0019124747945N11959102WA0022300217
B0019134747945N11959102WA0022300216
B0019144747945N11959103WA0022300215
B0019154747945N11959103WA0022300215
B0019164747945N11959104WA0022300214
B0019174747945N11959104WA0022300214
B0019184747945N11959104WA0022300214
B0019194747945N11959105WA0022300213
B0019204747945N11959105WA0022300213
B0019214747945N11959105WA0022300213
B0019224747945N11959105WA0022300212
B0019234747945N11959105WA0022300213
B0019244747945N11959106WA0022300213
B0019254747945N11959106WA0022300213
B0019264747945N11959106WA0022300213
B0019274747944N11959107WA0022300214
B0019284747944N11959107WA0022300215
B0019294747944N11959108WA0022300214
B0019304747944N11959108WA0022300214
B0019314747944N11959109WA0022300215
B0019324747943N11959109WA0022400214
B0019334747943N11959109WA0022400214
B0019344747943N11959110WA0022400214
B0019354747942N11959110WA0022400215
B0019364747942N11959110WA0022400215
B0019374747942N11959111WA0022400215
B0019384747941N11959111WA0022400215
B0019394747941N11959111WA0022400215
B0019404747940N11959112WA0022400215
B0019414747940N11959112WA0022400216
B0019424747940N11959113WA0022400216
B0019434747940N11959113WA0022400216
B0019444747939N11959113WA0022400216
B0019454747939N11959113WA0022400216
B0019464747938N11959114WA0022400216
B0019474747938N11959114WA0022400216
B0019484747938N11959114WA0022300216
B0019494747937N11959114WA0022400216
B0019504747937N11959113WA0022400215
B0019514747937N11959114WA0022300216
B0019524747936N11959114WA0022300216
B0019534747936N11959114WA0022300216
B0019544747936N11959114WA0022300215
B0019554747935N11959115WA0022400216
B0019564747934N11959115WA0022300213
B0019574747933N11959116WA0022300215
B0019584747933N11959116WA0022300214
B0019594747932N11959116WA0022300215
B0020004747932N11959116WA0022300215
B0020014747931N11959116WA0022300215
B0020024747931N11959116WA0022300215
B0020034747930N11959116WA0022400215
B0020044747930N11959116WA0022300215
B0020054747930N11959116WA0022300215
B0020064747929N11959117WA0022300213
B0020074747929N11959117WA0022300213
B0020084747928N11959117WA0022300212
B0020094747928N11959117WA0022300212
B0020104747928N11959116WA0022300212
B0020114747928N11959116WA0022300212
B0020124747927N11959116WA0022300212
B0020134747927N11959117WA0022300212
B0020144747927N11959117WA0022300212
B0020154747926N11959117WA0022300212
B0020164747926N11959117WA0022200213
B0020174747925N11959117WA0022200213
B0020184747925N11959117WA0022300213
B0020194747925N11959118WA0022300213
B0020204747925N11959118WA0022300213
B0020214747925N11959118WA0022300214
B0020224747924N11959118WA0022300214
B0020234747924N11959118WA0022300214
B0020244747924N11959118WA0022300215
B0020254747924N11959118WA0022300215
B0020264747924N11959118WA0022300216
B0020274747924N11959118WA0022300216
B0020284747924N11959118WA0022300217
B0020294747924N11959117WA0022300217
B0020304747924N11959117WA0022300217
B0020314747923N11959117WA0022300217
B0020324747923N11959117WA0022300218
B0020334747923N11959117WA0022300218
B0020344747923N11959118WA0022300218
B0020354747923N11959118WA0022300218
B0020364747923N11959118WA0022300218
B0020374747923N11959118WA0022300218
B0020384747923N11959118WA0022300218
B0020394747923N11959118WA0022300218
B0020404747923N11959118WA0022300218
B0020414747923N11959118WA0022300218
B0020424747922N11959118WA0022300218
B0020434747922N11959118WA0022300218
B0020444747922N11959118WA0022300218
B0020454747922N11959118WA0022300218
B0020464747922N11959118WA0022300218
B0020474747922N11959118WA0022300218
B0020484747922N11959118WA0022200218
B0020494747922N11959118WA0022300217
B0020504747922N11959118WA0022300218
B0020514747921N11959118WA0022300218
B0020524747921N11959118WA0022300218
B0020534747921N11959118WA0022300218
B0020544747921N11959118WA0022300218
B0020554747921N11959118WA0022300219
B0020564747921N11959118WA0022300219
B0020574747921N11959118WA0022300220
B0020584747921N11959118WA0022300220
B0020594747921N11959118WA0022300219
B0021004747921N11959117WA0022300219
B0021014747921N11959117WA0022300220
B0021024747920N11959117WA0022200220
B0021034747920N11959117WA0022300221
B0021044747920N11959117WA0022300221
B0021054747920N11959118WA0022300221
B0021064747920N11959118WA0022300221
B0021074747920N11959118WA0022300222
B0021084747920N11959118WA0022300222
B0021094747920N11959118WA0022300222
B0021104747920N11959118WA0022300221
B0021114747920N11959118WA0022300221
B0021124747920N11959119WA0022300222
B0021134747920N11959119WA0022300221
B0021144747920N11959119WA0022300221
B0021154747920N11959119WA0022300221
B0021164747920N11959119WA0022300221
B0021174747920N11959119WA0022300221
B0021184747920N11959120WA0022300222
B0021194747920N11959120WA0022300222
B0021204747920N11959120WA0022300222
B0021214747920N11959120WA0022300222
B0021224747920N11959120WA0022300222
B0021234747920N11959120WA0022300222
B0021244747920N11959120WA0022300222
B0021254747920N11959120WA0022200223
B0021264747920N11959120WA0022300223
B0021274747920N11959121WA0022300223
B0021284747920N11959120WA0022300223
B0021294747920N11959120WA0022300224
B0021304747920N11959120WA0022300224
B0021314747920N11959120WA0022300224
B0021324747920N11959119WA0022300224
B0021334747920N11959119WA0022300224
B0021344747919N11959119WA0022300224
B0021354747919N11959118WA0022300224
B0021364747919N11959118WA0022300225
B0021374747919N11959118WA0022300225
B0021384747919N11959118WA0022300225
B0021394747919N11959118WA0022300225
B0021404747919N11959118WA0022300225
B0021414747919N11959119WA0022300224
B0021424747919N11959119WA0022300224
B0021434747919N11959120WA0022200223
B0021444747919N11959120WA0022200223
B0021454747919N11959120WA0022200223
B0021464747919N11959120WA0022200224
B0021474747919N11959120WA0022200225
B0021484747919N11959120WA0022200225
B0021494747919N11959120WA0022200226
B0021504747919N11959120WA0022200226
B0021514747919N11959120WA0022200226
B0021524747919N11959120WA0022200226
B0021534747919N11959120WA0022200227
B0021544747919N11959120WA0022200227
B0021554747919N11959120WA0022200227
B0021564747919N11959121WA0022200227
B0021574747919N11959121WA0022200227
B0021584747919N11959121WA0022200227
B0021594747919N11959121WA0022200227
B0022004747919N11959121WA0022200227
B0022014747919N11959121WA0022200227
B0022024747919N11959121WA0022200227
B0022034747919N11959121WA0022200228
B0022044747919N11959121WA0022200228
B0022054747918N11959121WA0022200228
B0022064747918N11959121WA0022200228
B0022074747918N11959121WA0022200228
B0022084747918N11959122WA0022200228
B0022094747918N11959122WA0022200229
B0022104747918N11959122WA0022200229
B0022114747918N11959122WA0022200229
B0022124747918N11959122WA0022200229
B0022134747918N11959122WA0022200229
B0022144747919N11959122WA0022200228
B0022154747919N11959122WA0022200228
B0022164747919N11959122WA0022200228
B0022174747919N11959122WA0022200228
B0022184747919N11959122WA0022200228
B0022194747919N11959121WA0022200227
B0022204747919N11959121WA0022200227
B0022214747919N11959121WA0022200227
B0022224747919N11959121WA0022200227
B0022234747920N11959121WA0022200226
B0022244747920N11959121WA0022200226
B0022254747920N11959121WA0022200226
B0022264747920N11959121WA0022200227
B0022274747920N11959121WA0022200226
B0022284747919N11959121WA0022200226
B0022294747919N11959121WA0022200227
B0022304747919N11959121WA0022200227
B0022314747919N11959120WA0022200227
B0022324747920N11959120WA0022200228
B0022334747920N11959120WA0022200228
B0022344747920N11959120WA0022200228
B0022354747920N11959120WA0022200227
B0022364747920N11959120WA0022200227
B0022374747920N11959120WA0022200227
B0022384747920N11959120WA0022200226
B0022394747920N11959120WA0022200226
B0022404747920N11959120WA0022200227
B0022414747920N11959120WA0022200227
B0022424747920N11959121WA0022200227
B0022434747920N11959121WA0022200227
B0022444747920N11959121WA0022200227
B0022454747920N11959121WA0022200227
B0022464747920N11959121WA0022200226
B0022474747920N11959121WA0022200226
B0022484747920N11959121WA0022200227
B0022494747920N11959121WA0022200227
B0022504747920N11959121WA0022200227
B0022514747920N11959121WA0022200227
B0022524747920N11959121WA0022200228
B0022534747920N11959121WA0022200227
B0022544747920N11959121WA0022200227
B0022554747920N11959121WA0022200227
B0022564747920N11959121WA0022200227
B0022574747920N11959121WA0022200227
B0022584747920N11959121WA0022200227
B0022594747920N11959121WA0022200227
B0023004747920N11959121WA0022200226
B0023014747920N11959121WA0022200226
B0023024747920N11959121WA0022200226
B0023034747920N11959121WA0022200225
B0023044747920N11959121WA0022200224
B0023054747920N11959121WA0022200224
B0023064747920N11959121WA0022200223
B0023074747920N11959121WA0022200223
B0023084747920N11959121WA0022200223
B0023094747920N11959121WA0022200222
B0023104747920N11959121WA0022200222
B0023114747920N11959121WA0022200222
B0023124747920N11959121WA0022200222
B0023134747920N11959121WA0022200222
B0023144747920N11959121WA0022200222
B0023154747920N11959121WA0022200222
B0023164747920N11959121WA0022200222
B0023174747920N11959121WA0022200222
B0023184747920N11959121WA0022200221
B0023194747920N11959121WA0022200222
B0023204747920N11959121WA0022200221
B0023214747920N11959121WA0022200221
B0023224747920N11959121WA0022200222
B0023234747920N11959121WA0022200221
B0023244747920N11959121WA0022200221
B0023254747920N11959121WA0022200221
B0023264747921N11959121WA0022200221
B0023274747921N11959121WA0022200221
B0023284747921N11959121WA0022200221
B0023294747921N11959121WA0022200221
B0023304747921N11959121WA0022200221
B0023314747921N11959121WA0022200222
B0023324747921N11959121WA0022200222
B0023334747921N11959121WA0022200222
B0023344747921N11959121WA0022200222
B0023354747921N11959121WA0022200222
B0023364747921N11959121WA0022200222
B0023374747921N11959120WA0022200222
B0023384747921N11959120WA0022200222
B0023394747921N11959120WA0022200222
B0023404747921N11959120WA0022200222
B0023414747921N11959121WA0022200222
B0023424747921N11959121WA0022200222
B0023434747921N11959121WA0022200222
B0023444747921N11959121WA0022200222
B0023454747921N11959121WA0022200222
B0023464747921N11959121WA0022200222
B0023474747921N11959121WA0022200222
B0023484747921N11959121WA0022200222
B0023494747921N11959121WA0022200222
B0023504747921N11959121WA0022200222
B0023514747921N11959121WA0022200222
B0023524747921N11959121WA0022200222
B0023534747921N11959121WA0022200222
B0023544747921N11959121WA0022200223
B0023554747921N11959121WA0022200222
B0023564747921N11959121WA0022200222
B0023574747921N11959121WA0022200222
B0023584747921N11959121WA0022200222
B0023594747921N11959121WA0022200222
B0024004747921N11959121WA0022200222
B0024014747921N11959121WA0022200221
B0024024747921N11959121WA0022200221
B0024034747921N11959121WA0022200221
B0024044747921N11959121WA0022200221
B0024054747921N11959121WA0022200221
B0024064747921N11959121WA0022200221
B0024074747921N11959121WA0022200221
B0024084747921N11959121WA0022200220
B0024094747921N11959121WA0022200220
B0024104747921N11959121WA0022200220
B0024114747921N11959121WA0022200220
B0024124747921N11959121WA0022200220
B0024134747921N11959121WA0022200220
B0024144747921N11959121WA0022200220
B0024154747921N11959121WA0022200221
B0024164747921N11959121WA0022200221
B0024174747921N11959120WA0022200221
B0024184747921N11959120WA0022200220
B0024194747920N11959120WA0022200220
B0024204747920N11959120WA0022200220
B0024214747920N11959120WA0022200220
B0024224747920N11959120WA0022200221
B0024234747920N11959120WA0022200221
B0024244747920N11959120WA0022200221
B0024254747920N11959120WA0022200221
B0024264747920N11959120WA0022200221
B0024274747920N11959120WA0022200220
B0024284747920N11959120WA0022200220
B0024294747920N11959120WA0022200220
B0024304747920N11959120WA0022200221
B0024314747920N11959120WA0022200221
B0024324747920N11959120WA0022200220
B0024334747920N11959120WA0022200221
B0024344747921N11959120WA0022200220
B0024354747921N11959120WA0022200219
B0024364747921N11959120WA0022200219
B0024374747921N11959120WA0022200219
B0024384747921N11959120WA0022200219
B0024394747921N11959120WA0022200218
B0024404747921N11959120WA0022200218
B0024414747921N11959120WA0022200218
B0024424747922N11959120WA0022200217
B0024434747922N11959120WA0022200217
B0024444747922N11959120WA0022200217
B0024454747921N11959120WA0022200217
B0024464747921N11959120WA0022200218
B0024474747922N11959120WA0022200217
B0024484747921N11959120WA0022200217
B0024494747921N11959120WA0022200218
B0024504747921N11959120WA0022200219
B0024514747921N11959120WA0022200219
B0024524747921N11959120WA0022200219
B0024534747921N11959120WA0022200218
B0024544747921N11959120WA0022200218
B0024554747921N11959119WA0022200217
B0024564747922N11959119WA0022200217
B0024574747922N11959119WA0022200216
B0024584747922N11959119WA0022200215
B0024594747922N11959118WA0022200215
B0025004747922N11959118WA0022200216
B0025014747922N11959117WA0022200216
B0025024747923N11959117WA0022200214
B0025034747923N11959117WA0022200214
B0025044747923N11959117WA0022200213
B0025054747923N11959117WA0022200213
B0025064747923N11959117WA0022300214
B0025074747923N11959117WA0022200214
B0025084747923N11959117WA0022200214
B0025094747923N11959117WA0022200214
B0025104747923N11959117WA0022200214
B0025114747923N11959118WA0022200214
B0025124747923N11959118WA0022200215
B0025134747923N11959118WA0022200215
B0025144747923N11959118WA0022200215
B0025154747923N11959118WA0022200215
B0025164747923N11959119WA0022200215
B0025174747923N11959119WA0022200215
B0025184747923N11959119WA0022200215
B0025194747923N11959118WA0022200215
B0025204747923N11959118WA0022200215
B0025214747923N11959118WA0022200215
B0025224747923N11959118WA0022300215
B0025234747923N11959118WA0022200214
B0025244747923N11959118WA0022200214
B0025254747923N11959118WA0022200214
B0025264747923N11959118WA0022200214
B0025274747923N11959118WA0022300214
B0025284747923N11959118WA0022200214
B0025294747923N11959119WA0022200214
B0025304747923N11959119WA0022200215
B0025314747923N11959119WA0022200215
B0025324747923N11959119WA0022200215
B0025334747923N11959119WA0022200214
B0025344747923N11959119WA0022200214
B0025354747923N11959119WA0022200214
B0025364747923N11959119WA0022300214
B0025374747923N11959120WA0022200214
B0025384747923N11959120WA0022200214
B0025394747923N11959120WA0022200214
B0025404747923N11959120WA0022300214
B0025414747923N11959120WA0022200215
B0025424747923N11959120WA0022200214
B0025434747923N11959120WA0022200214
B0025444747923N11959120WA0022200213
B0025454747923N11959120WA0022200213
B0025464747923N11959120WA0022200213
B0025474747923N11959120WA0022200213
B0025484747923N11959120WA0022200212
B0025494747923N11959120WA0022200212
B0025504747923N11959120WA0022200212
B0025514747923N11959120WA0022200212
B0025524747923N11959120WA0022200213
B0025534747923N11959120WA0022200212
B0025544747923N11959120WA0022200213
B0025554747923N11959120WA0022300213
B0025564747923N11959120WA0022300213
B0025574747923N11959120WA0022200213
B0025584747923N11959120WA0022300213
B0025594747923N11959120WA0022200213
B0026004747923N11959120WA0022200213
B0026014747923N11959120WA0022300213
B0026024747923N11959120WA0022200213
B0026034747923N11959120WA0022300213
B0026044747923N11959120WA0022300212
B0026054747924N11959120WA0022300212
B0026064747924N11959119WA0022200211
B0026074747924N11959120WA0022200210
B0026084747924N11959120WA0022300210
B0026094747924N11959120WA0022200210
B0026104747924N11959120WA0022300210
B0026114747924N11959120WA0022300210
B0026124747924N11959120WA0022300209
B0026134747924N11959120WA0022300209
B0026144747924N11959120WA0022300209
B0026154747924N11959120WA0022300209
B0026164747923N11959120WA0022300210
B0026174747923N11959120WA0022200210
B0026184747923N11959120WA0022200211
B0026194747922N11959121WA0022200212
B0026204747922N11959121WA0022200214
B0026214747922N11959121WA0022300215
B0026224747922N11959121WA0022300216
B0026234747922N11959121WA0022300216
B0026244747922N11959121WA0022200216
B0026254747922N11959121WA0022300216
B0026264747922N11959121WA0022200217
B0026274747921N11959121WA0022300217
B0026284747921N11959121WA0022200217
B0026294747921N11959121WA0022200217
B0026304747921N11959121WA0022200217
B0026314747921N11959122WA0022300217
B0026324747921N11959122WA0022200217
B0026334747921N11959122WA0022300217
B0026344747921N11959122WA0022300217
B0026354747921N11959122WA0022300217
B0026364747921N11959122WA0022300217
B0026374747921N11959122WA0022300217
B0026384747921N11959122WA0022300218
B0026394747921N11959122WA0022300218
B0026404747921N11959122WA0022200218
B0026414747920N11959122WA0022200218
B0026424747920N11959122WA0022300218
B0026434747920N11959122WA0022300218
B0026444747920N11959122WA0022200218
B0026454747920N11959122WA0022300219
B0026464747920N11959122WA0022200219
B0026474747920N11959122WA0022300219
B0026484747920N11959122WA0022300219
B0026494747920N11959122WA0022300219
B0026504747920N11959122WA0022300219
B0026514747920N11959122WA0022300219
B0026524747920N11959122WA0022300219
B0026534747920N11959122WA0022300219
B0026544747920N11959122WA0022300219
B0026554747920N11959122WA0022300219
B0026564747920N11959122WA0022300219
B0026574747920N11959121WA0022300219
B0026584747920N11959121WA0022300219
B0026594747920N11959122WA0022300219
B0027004747920N11959122WA0022300219
B0027014747920N11959122WA0022200220
B0027024747920N11959122WA0022300220
B0027034747920N11959122WA0022300220
B0027044747920N11959122WA0022300220
B0027054747920N11959122WA0022300220
B0027064747920N11959122WA0022200221
B0027074747920N11959122WA0022300221
B0027084747920N11959122WA0022300220
B0027094747920N11959122WA0022200221
B0027104747920N11959121WA0022300221
B0027114747920N11959121WA0022200220
B0027124747921N11959121WA0022300220
B0027134747920N11959121WA0022300220
B0027144747920N11959121WA0022300220
B0027154747920N11959122WA0022300220
B0027164747920N11959122WA0022300221
B0027174747920N11959122WA0022300221
B0027184747920N11959122WA0022300222
B0027194747920N11959122WA0022300222
B0027204747920N11959122WA0022300222
B0027214747921N11959122WA0022300222
B0027224747920N11959122WA0022300221
B0027234747921N11959122WA0022300222
B0027244747920N11959122WA0022300222
B0027254747921N11959122WA0022300222
B0027264747920N11959122WA0022300222
B0027274747921N11959122WA0022300222
B0027284747921N11959122WA0022300221
B0027294747921N11959122WA0022300221
B0027304747921N11959122WA0022300221
B0027314747921N11959122WA0022300221
B0027324747921N11959122WA0022300220
B0027334747921N11959122WA0022300220
B0027344747921N11959122WA0022300219
B0027354747922N11959122WA0022300219
B0027364747922N11959121WA0022200218
B0027374747922N11959121WA0022300217
B0027384747922N11959121WA0022200217
B0027394747922N11959121WA0022300217
B0027404747922N11959121WA0022300217
B0027414747922N11959121WA0022200217
B0027424747922N11959121WA0022300216
B0027434747922N11959121WA0022300217
B0027444747922N11959121WA0022300217
B0027454747922N11959121WA0022300217
B0027464747922N11959121WA0022300217
B0027474747922N11959121WA0022300217
B0027484747922N11959121WA0022300217
B0027494747922N11959121WA0022300217
B0027504747922N11959121WA0022300217
B0027514747922N11959121WA0022300217
B0027524747922N11959121WA0022300216
B0027534747922N11959121WA0022300216
B0027544747922N11959121WA0022300216
B0027554747922N11959121WA0022300217
B0027564747922N11959121WA0022300217
B0027574747922N11959121WA0022300217
B0027584747922N11959121WA0022300217
B0027594747922N11959121WA0022300217
B0028004747923N11959121WA0022300217
B0028014747923N11959121WA0022300216
B0028024747923N11959121WA0022300216
B0028034747923N11959121WA0022200216
B0028044747923N11959121WA0022200216
B0028054747923N11959121WA0022300216
B0028064747923N11959121WA0022300216
B0028074747923N11959121WA0022300216
B0028084747923N11959121WA0022300216
B0028094747923N11959121WA0022300216
B0028104747923N11959121WA0022300216
B0028114747923N11959121WA0022300216
B0028124747923N11959121WA0022300216
B0028134747923N11959121WA0022300215
B0028144747923N11959121WA0022300215
B0028154747923N11959121WA0022300215
B0028164747923N11959121WA0022300215
B0028174747923N11959121WA0022300215
B0028184747923N11959121WA0022300215
B0028194747923N11959121WA0022300215
B0028204747923N11959121WA0022200215
B0028214747923N11959121WA0022300214
B0028224747923N11959121WA0022300214
B0028234747922N11959121WA0022300215
B0028244747922N11959121WA0022300214
B0028254747922N11959121WA0022300215
B0028264747922N11959121WA0022300214
B0028274747922N11959121WA0022300214
B0028284747922N11959121WA0022300214
B0028294747922N11959121WA0022300214
B0028304747922N11959121WA0022300214
B0028314747922N11959121WA0022300214
B0028324747922N11959121WA0022300214
B0028334747922N11959121WA0022300214
B0028344747922N11959122WA0022300214
B0028354747922N11959122WA0022300215
B0028364747922N11959122WA0022300215
B0028374747922N11959122WA0022300215
B0028384747922N11959122WA0022300215
B0028394747922N11959122WA0022300215
B0028404747922N11959122WA0022300215
B0028414747922N11959122WA0022300215
B0028424747922N11959122WA0022300215
B0028434747922N11959122WA0022300215
B0028444747922N11959122WA0022300215
B0028454747922N11959122WA0022300215
B0028464747922N11959122WA0022300215
B0028474747922N11959122WA0022300215
B0028484747922N11959123WA0022300215
B0028494747922N11959123WA0022300215
B0028504747922N11959123WA0022300215
B0028514747922N11959123WA0022300215
B0028524747921N11959123WA0022300215
B0028534747921N11959123WA0022300215
B0028544747921N11959123WA0022300215
B0028554747921N11959123WA0022300215
B0028564747921N11959123WA0022300215
B0028574747921N11959123WA0022300215
B0028584747921N11959123WA0022300215
B0028594747921N11959122WA0022300215
B0029004747921N11959122WA0022300215
B0029014747922N11959122WA0022300215
B0029024747922N11959122WA0022300215
B0029034747922N11959122WA0022300215
B0029044747922N11959122WA0022300215
B0029054747922N11959122WA0022300215
B0029064747922N11959122WA0022300215
B0029074747922N11959122WA0022300215
B0029084747921N11959122WA0022300215
B0029094747921N11959122WA0022300215
B0029104747921N11959122WA0022300215
B0029114747921N11959122WA0022300215
B0029124747921N11959122WA0022300215
B0029134747921N11959122WA0022300215
B0029144747921N11959122WA0022300215
B0029154747921N11959122WA0022300216
B0029164747921N11959122WA0022300216
B0029174747921N11959122WA0022300216
B0029184747921N11959122WA0022300216
B0029194747921N11959122WA0022300216
B0029204747921N11959122WA0022300216
B0029214747921N11959122WA0022300216
B0029224747921N11959122WA0022300216
B0029234747921N11959122WA0022300216
B0029244747922N11959122WA0022300216
B0029254747922N11959122WA0022300215
B0029264747922N11959122WA0022300216
B0029274747922N11959123WA0022300215
B0029284747921N11959123WA0022300216
B0029294747922N11959122WA0022300216
B0029304747921N11959122WA0022200216
B0029314747922N11959122WA0022300216
B0029324747922N11959122WA0022300216
B0029334747922N11959122WA0022200216
B0029344747922N11959122WA0022200216
B0029354747922N11959122WA0022200216
B0029364747922N11959122WA0022300216
B0029374747922N11959122WA0022200216
B0029384747922N11959122WA0022300216
B0029394747922N11959122WA0022300216
B0029404747922N11959122WA0022300216
B0029414747922N11959122WA0022300216
B0029424747922N11959122WA0022300216
B0029434747922N11959122WA0022200216
B0029444747922N11959122WA0022300216
B0029454747922N11959122WA0022300216
B0029464747922N11959122WA0022300216
B0029474747922N11959122WA0022300215
B0029484747922N11959122WA0022300215
B0029494747922N11959122WA0022200215
B0029504747922N11959122WA0022200215
B0029514747922N11959122WA0022300215
B0029524747922N11959122WA0022200215
B0029534747922N11959122WA0022200215
B0029544747922N11959122WA0022300214
B0029554747922N11959122WA0022300215
B0029564747922N11959122WA0022300215
B0029574747922N11959122WA0022300215
B0029584747922N11959122WA0022300215
B0029594747922N11959122WA0022300216
B0030004747922N11959122WA0022200216
B0030014747922N11959122WA0022300216
B0030024747922N11959122WA0022200216
B0030034747922N11959122WA0022300216
B0030044747922N11959122WA0022300217
B0030054747922N11959122WA0022300217
B0030064747922N11959122WA0022300217
B0030074747922N11959122WA0022200217
B0030084747922N11959122WA0022200217
B0030094747922N11959122WA0022300217
B0030104747922N11959122WA0022200217
B0030114747922N11959122WA0022300217
B0030124747922N11959122WA0022300217
B0030134747922N11959122WA0022300217
B0030144747922N11959122WA0022300217
B0030154747922N11959122WA0022300217
B0030164747922N11959122WA0022200217
B0030174747922N11959122WA0022300217
B0030184747922N11959122WA0022300217
B0030194747922N11959122WA0022300217
B0030204747922N11959122WA0022300217
B0030214747922N11959122WA0022300217
B0030224747922N11959122WA0022300217
B0030234747922N11959122WA0022300217
B0030244747922N11959122WA0022300217
B0030254747922N11959122WA0022300217
B0030264747922N11959122WA0022300217
B0030274747922N11959122WA0022300217
B0030284747922N11959122WA0022300217
B0030294747922N11959121WA0022300218
B0030304747922N11959121WA0022300217
B0030314747922N11959121WA0022300218
B0030324747922N11959121WA0022300217
B0030334747922N11959121WA0022300217
B0030344747922N11959121WA0022300217
B0030354747922N11959121WA0022300217
B0030364747922N11959121WA0022300217
B0030374747922N11959121WA0022300217
B0030384747922N11959121WA0022300217
B0030394747922N11959121WA0022300217
B0030404747922N11959121WA0022300216
B0030414747922N11959121WA0022300216
B0030424747922N11959121WA0022300216
B0030434747922N11959122WA0022300216
B0030444747922N11959122WA0022300216
B0030454747922N11959122WA0022300216
B0030464747922N11959122WA0022300216
B0030474747922N11959122WA0022300216
B0030484747922N11959122WA0022300216
B0030494747922N11959122WA0022300216
B0030504747922N11959122WA0022300216
B0030514747921N11959122WA0022300216
B0030524747921N11959122WA0022300216
B0030534747921N11959122WA0022300216
B0030544747921N11959122WA0022300216
B0030554747921N11959122WA0022300216
B0030564747921N11959122WA0022300215
B0030574747921N11959122WA0022300216
B0030584747921N11959122WA0022300216
B0030594747921N11959122WA0022300216
B0031004747921N11959122WA0022300216
B0031014747921N11959122WA0022300216
B0031024747921N11959122WA0022300216
B0031034747921N11959122WA0022300215
B0031044747921N11959122WA0022300215
B0031054747921N11959122WA0022300215
B0031064747921N11959122WA0022300214
B0031074747921N11959122WA0022300214
B0031084747921N11959122WA0022300214
B0031094747921N11959122WA0022300214
B0031104747921N11959122WA0022300214
B0031114747921N11959122WA0022300214
B0031124747921N11959122WA0022300214
B0031134747921N11959122WA0022300214
B0031144747921N11959122WA0022300215
B0031154747921N11959122WA0022300215
B0031164747921N11959122WA0022300215
B0031174747921N11959122WA0022300215
B0031184747921N11959122WA0022300215
B0031194747921N11959122WA0022300215
B0031204747921N11959122WA0022300214
B0031214747920N11959122WA0022300214
B0031224747920N11959122WA0022300214
B0031234747920N11959122WA0022300214
B0031244747920N11959122WA0022300214
B0031254747921N11959122WA0022300214
B0031264747921N11959122WA0022300214
B0031274747921N11959122WA0022300214
B0031284747921N11959122WA0022300214
B0031294747921N11959122WA0022300214
B0031304747921N11959122WA0022200214
B0031314747921N11959122WA0022300214
B0031324747921N11959122WA0022300215
B0031334747921N11959122WA0022300215
B0031344747921N11959122WA0022300215
B0031354747921N11959122WA0022300215
B0031364747921N11959122WA0022300215
B0031374747921N11959122WA0022300215
B0031384747921N11959122WA0022300215
B0031394747921N11959122WA0022200215
B0031404747921N11959122WA0022300215
B0031414747921N11959122WA0022200215
B0031424747921N11959122WA0022200215
B0031434747921N11959122WA0022300215
B0031444747921N11959122WA0022200215
B0031454747921N11959122WA0022200215
B0031464747921N11959122WA0022300216
B0031474747921N11959121WA0022300216
B0031484747921N11959121WA0022300216
B0031494747921N11959121WA0022300216
B0031504747921N11959122WA0022200216
B0031514747921N11959122WA0022200216
B0031524747922N11959122WA0022300216
B0031534747922N11959121WA0022300216
B0031544747922N11959121WA0022300217
B0031554747922N11959121WA0022300217
B0031564747922N11959121WA0022200217
B0031574747922N11959121WA0022300217
B0031584747922N11959121WA0022300217
B0031594747922N11959121WA0022200217
B0032004747923N11959121WA0022300217
B0032014747923N11959121WA0022300218
B0032024747923N11959121WA0022300218
B0032034747923N11959121WA0022300217
B0032044747923N11959121WA0022300217
B0032054747923N11959121WA0022300217
B0032064747923N11959121WA0022300217
B0032074747923N11959122WA0022300217
B0032084747923N11959122WA0022300217
B0032094747923N11959122WA0022300217
B0032104747922N11959122WA0022300217
B0032114747922N11959122WA0022300217
B0032124747922N11959122WA0022200217
B0032134747922N11959122WA0022300217
B0032144747922N11959122WA0022300217
B0032154747922N11959122WA0022300216
B0032164747922N11959122WA0022300216
B0032174747922N11959122WA0022300216
B0032184747922N11959122WA0022300216
B0032194747922N11959122WA0022300216
B0032204747922N11959122WA0022300216
B0032214747922N11959122WA0022300216
B0032224747922N11959122WA0022300216
B0032234747922N11959122WA0022300216
B0032244747922N11959122WA0022300216
B0032254747922N11959122WA0022300216
B0032264747922N11959122WA0022300216
B0032274747922N11959122WA0022300217
B0032284747922N11959122WA0022300217
B0032294747922N11959122WA0022200217
B0032304747922N11959122WA0022300217
B0032314747922N11959122WA0022300218
B0032324747922N11959122WA0022300218
B0032334747922N11959122WA0022300218
B0032344747922N11959122WA0022300218
B0032354747922N11959121WA0022300218
B0032364747922N11959121WA0022300218
B0032374747922N11959121WA0022300218
B0032384747922N11959121WA0022300218
B0032394747921N11959121WA0022300218
B0032404747922N11959121WA0022300218
B0032414747922N11959121WA0022300218
B0032424747921N11959121WA0022300218
B0032434747921N11959121WA0022300218
B0032444747921N11959121WA0022300218
B0032454747921N11959121WA0022300218
B0032464747921N11959121WA0022300217
B0032474747921N11959121WA0022300217
B0032484747921N11959121WA0022300217
B0032494747921N11959121WA0022300217
B0032504747921N11959121WA0022300217
B0032514747921N11959121WA0022300217
B0032524747921N11959121WA0022300217
B0032534747921N11959121WA0022300217
B0032544747921N11959121WA0022300217
B0032554747921N11959121WA0022300217
B0032564747921N11959121WA0022300217
B0032574747921N11959121WA0022300217
B0032584747921N11959121WA0022300217
B0032594747921N11959121WA0022300217
B0033004747921N11959120WA0022300217
B0033014747921N11959120WA0022300217
B0033024747921N11959120WA0022300217
B0033034747921N11959120WA0022300217
B0033044747921N11959120WA0022300217
B0033054747921N11959120WA0022300217
B0033064747921N11959120WA0022300217
B0033074747921N11959120WA0022300217
B0033084747921N11959120WA0022300217
B0033094747920N11959120WA0022300218
B0033104747920N11959120WA0022300217
B0033114747920N11959121WA0022300217
B0033124747920N11959121WA0022300217
B0033134747920N11959121WA0022300217
B0033144747920N11959121WA0022300217
B0033154747920N11959121WA0022300217
B0033164747920N11959121WA0022300217
B0033174747920N11959121WA0022300217
B0033184747920N11959121WA0022300217
B0033194747920N11959121WA0022300217
B0033204747920N11959121WA0022300217
B0033214747920N11959121WA0022300217
B0033224747920N11959121WA0022300217
B0033234747920N11959121WA0022300217
B0033244747920N11959121WA0022300217
B0033254747920N11959121WA0022300217
B0033264747920N11959121WA0022300217
B0033274747920N11959121WA0022300217
B0033284747920N11959121WA0022300217
B0033294747920N11959121WA0022300217
B0033304747920N11959122WA0022300217
B0033314747920N11959122WA0022400217
B0033324747920N11959122WA0022300215
B0033334747920N11959122WA0022300215
B0033344747920N11959122WA0022300215
B0033354747920N11959122WA0022400215
B0033364747920N11959122WA0022300214
B0033374747920N11959122WA0022300214
B0033384747920N11959122WA0022300213
B0033394747920N11959123WA0022300213
B0033404747920N11959123WA0022400213
B0033414747920N11959123WA0022400212
B0033424747920N11959123WA0022300213
B0033434747920N11959123WA0022300213
B0033444747920N11959123WA0022300213
B0033454747920N11959123WA0022300213
B0033464747920N11959123WA0022300213
B0033474747920N11959123WA0022300214
B0033484747920N11959123WA0022400214
B0033494747920N11959123WA0022300214
B0033504747920N11959123WA0022300214
B0033514747920N11959122WA0022300214
B0033524747920N11959122WA0022400214
B0033534747920N11959122WA0022400214
B0033544747920N11959122WA0022400214
B0033554747920N11959122WA0022300214
B0033564747920N11959122WA0022400214
B0033574747920N11959122WA0022400215
B0033584747920N11959122WA0022300215
B0033594747920N11959122WA0022400215
B0034004747920N11959122WA0022300215
B0034014747920N11959122WA0022400215
B0034024747920N11959122WA0022400215
B0034034747920N11959122WA0022400215
B0034044747920N11959122WA0022400215
B0034054747920N11959122WA0022400215
B0034064747920N11959123WA0022400216
B0034074747920N11959123WA0022400216
B0034084747920N11959123WA0022400216
B0034094747920N11959123WA0022400216
B0034104747920N11959123WA0022400217
B0034114747920N11959122WA0022400217
B0034124747919N11959122WA0022400217
B0034134747919N11959122WA0022400217
B0034144747919N11959122WA0022400217
B0034154747919N11959123WA0022400217
B0034164747919N11959123WA0022400218
B0034174747919N11959122WA0022400217
B0034184747919N11959122WA0022400217
B0034194747919N11959122WA0022400218
B0034204747919N11959122WA0022400218
B0034214747919N11959123WA0022400218
B0034224747919N11959122WA0022400218
B0034234747919N11959123WA0022400218
B0034244747919N11959123WA0022400218
B0034254747919N11959123WA0022400218
B0034264747919N11959122WA0022400218
B0034274747919N11959122WA0022400218
B0034284747919N11959122WA0022400218
B0034294747919N11959122WA0022400218
B0034304747919N11959122WA0022400218
B0034314747919N11959122WA0022400218
B0034324747919N11959122WA0022400218
B0034334747919N11959122WA0022400218
B0034344747919N11959123WA0022400218
B0034354747919N11959123WA0022400218
B0034364747919N11959123WA0022400217
B0034374747919N11959123WA0022400217
B0034384747919N11959123WA0022400217
B0034394747919N11959123WA0022400217
B0034404747919N11959123WA0022400217
B0034414747920N11959123WA0022400217
B0034424747920N11959123WA0022400217
B0034434747920N11959123WA0022400217
B0034444747920N11959123WA0022400217
B0034454747920N11959123WA0022400217
B0034464747920N11959123WA0022400217
B0034474747920N11959123WA0022400217
B0034484747920N11959123WA0022400217
B0034494747920N11959123WA0022400216
B0034504747920N11959123WA0022400216
B0034514747920N11959123WA0022400216
B0034524747920N11959122WA0022400215
B0034534747920N11959122WA0022400215
B0034544747921N11959122WA0022400215
B0034554747921N11959122WA0022400214
B0034564747921N11959122WA0022400215
B0034574747921N11959122WA0022400214
B0034584747921N11959122WA0022400214
B0034594747921N11959122WA0022400214
B0035004747921N11959122WA0022300214
B0035014747921N11959122WA0022400214
B0035024747921N11959122WA0022400214
B0035034747921N11959122WA0022400214
B0035044747921N11959122WA0022400214
B0035054747921N11959121WA0022400214
B0035064747921N11959121WA0022400214
B0035074747921N11959121WA0022400214
B0035084747921N11959121WA0022400214
B0035094747921N11959121WA0022400214
B0035104747921N11959121WA0022400214
B0035114747921N11959122WA0022400214
B0035124747921N11959122WA0022400215
B0035134747921N11959122WA0022400215
B0035144747921N11959122WA0022400215
B0035154747921N11959121WA0022400214
B0035164747921N11959121WA0022400214
B0035174747921N11959121WA0022400214
B0035184747921N11959121WA0022400214
B0035194747921N11959121WA0022400214
B0035204747921N11959121WA0022400214
B0035214747921N11959121WA0022400213
B0035224747921N11959121WA0022400213
B0035234747921N11959121WA0022400213
B0035244747921N11959121WA0022400213
B0035254747921N11959121WA0022400213
B0035264747921N11959121WA0022400213
B0035274747921N11959121WA0022400213
B0035284747921N11959121WA0022400213
B0035294747921N11959121WA0022400213
B0035304747921N11959121WA0022400213
B0035314747921N11959121WA0022400213
B0035324747921N11959121WA0022400213
B0035334747921N11959121WA0022400213
B0035344747921N11959121WA0022400213
B0035354747921N11959121WA0022400213
B0035364747921N11959121WA0022400213
B0035374747921N11959121WA0022400213
B0035384747921N11959121WA0022400213
B0035394747921N11959121WA0022400213
B0035404747921N11959121WA0022400213
B0035414747921N11959120WA0022400213
B0035424747922N11959120WA0022400213
B0035434747921N11959120WA0022400213
B0035444747921N11959120WA0022400213
B0035454747921N11959120WA0022400213
B0035464747922N11959120WA0022400213
B0035474747922N11959120WA0022400213
B0035484747922N11959120WA0022400213
B0035494747922N11959120WA0022400213
B0035504747922N11959120WA0022400213
B0035514747922N11959120WA0022400213
B0035524747922N11959120WA0022400213
B0035534747922N11959120WA0022400212
B0035544747922N11959120WA0022400213
B0035554747922N11959120WA0022400213
B0035564747922N11959120WA0022400213
B0035574747922N11959120WA0022400213
B0035584747922N11959120WA0022400213
B0035594747922N11959120WA0022400213
B0036004747922N11959120WA0022400213
B0036014747922N11959120WA0022400213
B0036024747922N11959120WA0022400213
B0036034747922N11959120WA0022400213
B0036044747922N11959120WA0022400213
B0036054747922N11959120WA0022400213
B0036064747922N11959120WA0022400214
B0036074747922N11959120WA0022400214
B0036084747922N11959120WA0022400214
B0036094747922N11959120WA0022400214
B0036104747922N11959120WA0022400214
B0036114747922N11959121WA0022400214
B0036124747922N11959121WA0022400213
B0036134747922N11959121WA0022400213
B0036144747922N11959121WA0022400213
B0036154747922N11959121WA0022400213
B0036164747922N11959121WA0022400213
B0036174747922N11959121WA0022400213
B0036184747922N11959121WA0022400213
B0036194747922N11959121WA0022400213
B0036204747921N11959121WA0022400213
B0036214747921N11959121WA0022400213
B0036224747922N11959121WA0022400214
B0036234747922N11959121WA0022400213
B0036244747922N11959121WA0022400213
B0036254747922N11959121WA0022400213
B0036264747922N11959121WA0022400213
B0036274747922N11959121WA0022400213
B0036284747922N11959121WA0022400212
B0036294747922N11959121WA0022400212
B0036304747922N11959121WA0022400213
B0036314747922N11959121WA0022400212
B0036324747922N11959121WA0022400212
B0036334747922N11959121WA0022400212
B0036344747922N11959121WA0022400213
B0036354747922N11959121WA0022400212
B0036364747922N11959121WA0022400212
B0036374747922N11959121WA0022400212
B0036384747922N11959121WA0022400212
B0036394747922N11959121WA0022400212
B0036404747922N11959121WA0022400212
B0036414747922N11959121WA0022400212
B0036424747922N11959121WA0022400212
B0036434747922N11959121WA0022400212
B0036444747922N11959121WA0022400212
B0036454747922N11959121WA0022400212
B0036464747922N11959121WA0022400212
B0036474747922N11959121WA0022400212
B0036484747922N11959121WA0022400212
B0036494747922N11959121WA0022400212
B0036504747922N11959121WA0022400212
B0036514747922N11959121WA0022400212
B0036524747922N11959121WA0022400213
B0036534747922N11959121WA0022400213
B0036544747922N11959121WA0022400213
B0036554747922N11959121WA0022400213
B0036564747922N11959121WA0022400213
B0036574747922N11959121WA0022400213
B0036584747922N11959121WA0022400213
B0036594747922N11959121WA0022400213
B0037004747922N11959121WA0022400213
B0037014747922N11959121WA0022400213
B0037024747922N11959121WA0022400213
B0037034747922N11959121WA0022400213
B0037044747922N11959121WA0022400214
B0037054747922N11959121WA0022400214
B0037064747921N11959121WA0022400214
B0037074747921N11959121WA0022400214
B0037084747921N11959121WA0022400214
B0037094747921N11959121WA0022400214
B0037104747921N11959121WA0022400215
B0037114747921N11959121WA0022400214
B0037124747921N11959121WA0022400214
B0037134747921N11959121WA0022400214
B0037144747921N11959121WA0022400214
B0037154747921N11959121WA0022400214
B0037164747921N11959121WA0022400214
B0037174747921N11959121WA0022400214
B0037184747921N11959121WA0022400215
B0037194747921N11959121WA0022400214
B0037204747921N11959121WA0022400214
B0037214747921N11959121WA0022400214
B0037224747921N11959121WA0022400214
B0037234747921N11959121WA0022400214
B0037244747921N11959121WA0022400214
B0037254747921N11959121WA0022400214
B0037264747921N11959121WA0022400214
B0037274747921N11959121WA0022400213
B0037284747921N11959122WA0022400214
B0037294747921N11959122WA0022400215
B0037304747921N11959122WA0022400215
B0037314747921N11959122WA0022400215
B0037324747921N11959121WA0022400215
B0037334747921N11959122WA0022400215
B0037344747921N11959121WA0022400214
B0037354747921N11959121WA0022400214
B0037364747921N11959121WA0022400214
B0037374747921N11959121WA0022400214
B0037384747921N11959121WA0022400214
B0037394747921N11959121WA0022400214
B0037404747921N11959121WA0022400214
B0037414747921N11959121WA0022400214
B0037424747921N11959121WA0022400214
B0037434747921N11959121WA0022400213
B0037444747921N11959121WA0022400213
B0037454747921N11959121WA0022400213
B0037464747921N11959121WA0022400213
B0037474747921N11959121WA0022400212
B0037484747921N11959121WA0022400212
B0037494747921N11959121WA0022400212
B0037504747921N11959121WA0022400212
B0037514747921N11959121WA0022400212
B0037524747921N11959121WA0022400212
B0037534747921N11959121WA0022400212
B0037544747921N11959121WA0022400212
B0037554747921N11959121WA0022400212
B0037564747921N11959121WA0022400213
B0037574747921N11959121WA0022400213
B0037584747921N11959121WA0022400213
B0037594747921N11959121WA0022400213
B0038004747921N11959121WA0022400214
B0038014747921N11959121WA0022400214
B0038024747921N11959121WA0022400213
B0038034747921N11959121WA0022400213
B0038044747921N11959122WA0022400213
B0038054747921N11959122WA0022400213
B0038064747921N11959122WA0022400213
B0038074747921N11959122WA0022400213
B0038084747921N11959122WA0022400213
B0038094747921N11959122WA0022400212
B0038104747921N11959122WA0022400212
B0038114747921N11959122WA0022400212
B0038124747921N11959122WA0022400212
B0038134747921N11959122WA0022400212
B0038144747921N11959122WA0022400212
B0038154747921N11959122WA0022400212
B0038164747921N11959122WA0022400212
B0038174747921N11959122WA0022400213
B0038184747921N11959122WA0022400213
B0038194747921N11959122WA0022400213
B0038204747921N11959122WA0022400213
B0038214747921N11959122WA0022400213
B0038224747921N11959122WA0022400213
B0038234747921N11959122WA0022400213
B0038244747921N11959122WA0022400213
B0038254747921N11959122WA0022400213
B0038264747921N11959122WA0022400213
B0038274747921N11959122WA0022400213
B0038284747921N11959122WA0022400213
B0038294747921N11959122WA0022400213
B0038304747921N11959122WA0022400213
B0038314747921N11959122WA0022400213
B0038324747921N11959122WA0022400213
B0038334747921N11959122WA0022400213
B0038344747921N11959122WA0022400213
B0038354747921N11959122WA0022400213
B0038364747921N11959122WA0022400213
B0038374747921N11959121WA0022400213
B0038384747921N11959121WA0022400213
B0038394747921N11959121WA0022400213
B0038404747921N11959121WA0022400213
B0038414747921N11959121WA0022400213
B0038424747921N11959121WA0022400213
B0038434747921N11959121WA0022400213
B0038444747921N11959121WA0022400213
B0038454747921N11959121WA0022400212
B0038464747921N11959121WA0022400212
B0038474747921N11959121WA0022400212
B0038484747921N11959121WA0022400212
B0038494747921N11959121WA0022400212
B0038504747921N11959121WA0022400212
B0038514747921N11959121WA0022400213
B0038524747921N11959121WA0022400212
B0038534747921N11959121WA0022400212
B0038544747921N11959121WA0022400213
B0038554747921N11959121WA0022400212
B0038564747921N11959121WA0022400212
B0038574747921N11959121WA0022400213
B0038584747921N11959121WA0022400213
B0038594747921N11959121WA0022400213
B0039004747921N11959121WA0022400213
B0039014747921N11959121WA0022400213
B0039024747921N11959121WA0022400213
B0039034747921N11959121WA0022400213
B0039044747921N11959121WA0022400213
B0039054747921N11959121WA0022400213
B0039064747921N11959121WA0022400213
B0039074747921N11959121WA0022400213
B0039084747920N11959121WA0022400214
B0039094747920N11959121WA0022400214
B0039104747920N11959121WA0022400214
B0039114747920N11959121WA0022400214
B0039124747920N11959121WA0022400214
B0039134747920N11959121WA0022400215
B0039144747920N11959121WA0022400215
B0039154747920N11959121WA0022400215
B0039164747920N11959121WA0022400214
B0039174747920N11959121WA0022400214
B0039184747920N11959121WA0022400214
B0039194747920N11959121WA0022400215
B0039204747920N11959121WA0022500214
B0039214747920N11959121WA0022400214
B0039224747920N11959121WA0022400214
B0039234747920N11959121WA0022400214
B0039244747920N11959121WA0022400214
B0039254747920N11959121WA0022400214
B0039264747920N11959121WA0022400215
B0039274747920N11959121WA0022400215
B0039284747920N11959121WA0022400215
B0039294747920N11959121WA0022400215
B0039304747920N11959121WA0022400216
B0039314747920N11959121WA0022400216
B0039324747920N11959122WA0022400216
B0039334747920N11959122WA0022400217
B0039344747920N11959122WA0022400217
B0039354747919N11959122WA0022400216
B0039364747919N11959122WA0022400216
B0039374747919N11959122WA0022400216
B0039384747919N11959122WA0022400216
B0039394747919N11959122WA0022400216
B0039404747919N11959122WA0022400216
B0039414747919N11959122WA0022400216
B0039424747920N11959122WA0022400216
B0039434747920N11959122WA0022400216
B0039444747920N11959122WA0022400216
B0039454747920N11959122WA0022400216
B0039464747920N11959122WA0022400216
B0039474747920N11959121WA0022400216
B0039484747920N11959121WA0022400215
B0039494747920N11959121WA0022400215
B0039504747920N11959121WA0022400215
B0039514747920N11959122WA0022400215
B0039524747920N11959122WA0022400215
B0039534747920N11959122WA0022400215
B0039544747920N11959122WA0022400215
B0039554747920N11959122WA0022400215
B0039564747920N11959122WA0022400215
B0039574747920N11959122WA0022400214
B0039584747920N11959122WA0022400214
B0039594747920N11959122WA0022400214
B0040004747920N11959122WA0022400214
B0040014747920N11959122WA0022400214
B0040024747920N11959122WA0022400213
B0040034747920N11959122WA0022400213
B0040044747920N11959122WA0022400213
B0040054747920N11959122WA0022400213
B0040064747920N11959122WA0022400213
B0040074747920N11959121WA0022400213
B0040084747920N11959121WA0022400212
B0040094747920N11959121WA0022500212
B0040104747920N11959121WA0022400211
B0040114747920N11959121WA0022400211
B0040124747920N11959121WA0022400211
B0040134747920N11959121WA0022400211
B0040144747920N11959121WA0022400211
B0040154747920N11959121WA0022400211
B0040164747920N11959121WA0022400211
B0040174747920N11959121WA0022400211
B0040184747920N11959121WA0022400211
B0040194747920N11959121WA0022400211
B0040204747920N11959121WA0022500211
B0040214747920N11959121WA0022400211
B0040224747920N11959120WA0022400211
B0040234747920N11959120WA0022400211
B0040244747920N11959120WA0022400211
B0040254747920N11959120WA0022400211
B0040264747920N11959120WA0022400212
B0040274747920N11959120WA0022400212
B0040284747920N11959120WA0022400212
B0040294747920N11959120WA0022400212
B0040304747920N11959120WA0022400212
B0040314747920N11959120WA0022400212
B0040324747920N11959120WA0022400212
B0040334747920N11959119WA0022400212
B0040344747921N11959119WA0022400212
B0040354747921N11959119WA0022400211
B0040364747921N11959119WA0022400212
B0040374747921N11959119WA0022400212
B0040384747921N11959119WA0022400212
B0040394747921N11959119WA0022400212
B0040404747921N11959119WA0022400212
B0040414747920N11959119WA0022400212
B0040424747920N11959119WA0022400213
B0040434747920N11959119WA0022400213
B0040444747920N11959119WA0022400213
B0040454747920N11959119WA0022400214
B0040464747920N11959119WA0022500214
B0040474747920N11959119WA0022400214
B0040484747920N11959119WA0022400214
B0040494747920N11959119WA0022400214
B0040504747920N11959119WA0022400214
B0040514747920N11959119WA0022400214
B0040524747920N11959119WA0022400215
B0040534747920N11959119WA0022400215
B0040544747920N11959119WA0022400215
B0040554747920N11959119WA0022400215
B0040564747920N11959119WA0022400215
B0040574747920N11959119WA0022400215
B0040584747920N11959119WA0022400215
B0040594747920N11959119WA0022400215
B0041004747920N11959119WA0022400215
B0041014747920N11959119WA0022400215
B0041024747920N11959119WA0022400215
B0041034747920N11959119WA0022400215
B0041044747920N11959119WA0022400215
B0041054747920N11959118WA0022400215
B0041064747920N11959118WA0022400215
B0041074747920N11959118WA0022400216
B0041084747920N11959118WA0022400216
B0041094747920N11959118WA0022400216
B0041104747920N11959118WA0022400216
B0041114747920N11959118WA0022400217
B0041124747920N11959119WA0022400217
B0041134747920N11959119WA0022400217
B0041144747919N11959119WA0022400217
B0041154747919N11959119WA0022400218
B0041164747919N11959119WA0022400218
B0041174747919N11959119WA0022400218
B0041184747919N11959119WA0022400218
B0041194747919N11959119WA0022400218
B0041204747919N11959119WA0022400219
B0041214747919N11959119WA0022400219
B0041224747919N11959119WA0022400219
B0041234747919N11959119WA0022400219
B0041244747919N11959119WA0022400220
B0041254747919N11959119WA0022400220
B0041264747919N11959119WA0022400220
B0041274747919N11959119WA0022400220
B0041284747919N11959119WA0022400219
B0041294747919N11959119WA0022400219
B0041304747919N11959119WA0022400220
B0041314747919N11959119WA0022400220
B0041324747919N11959119WA0022400220
B0041334747919N11959119WA0022400220
B0041344747919N11959119WA0022400220
B0041354747919N11959119WA0022500220
B0041364747919N11959119WA0022400220
B0041374747919N11959119WA0022400220
B0041384747919N11959119WA0022400220
B0041394747919N11959119WA0022400220
B0041404747919N11959119WA0022400221
B0041414747919N11959119WA0022400221
B0041424747919N11959119WA0022400221
B0041434747919N11959119WA0022400221
B0041444747919N11959119WA0022400221
B0041454747919N11959119WA0022400221
B0041464747919N11959119WA0022400220
B0041474747919N11959119WA0022400220
B0041484747919N11959119WA0022400220
B0041494747919N11959119WA0022400220
B0041504747919N11959119WA0022400219
B0041514747919N11959119WA0022400219
B0041524747919N11959119WA0022400219
B0041534747919N11959119WA0022400220
B0041544747919N11959119WA0022400220
B0041554747919N11959119WA0022400220
B0041564747919N11959119WA0022400219
B0041574747919N11959119WA0022400219
B0041584747919N11959119WA0022400219
B0041594747919N11959119WA0022400219
B0042004747919N11959119WA0022400219
B0042014747919N11959119WA0022400219
B0042024747919N11959119WA0022400219
B0042034747919N11959119WA0022400219
B0042044747919N11959119WA0022400220
B0042054747919N11959119WA0022400220
B0042064747919N11959119WA0022400219
B0042074747919N11959119WA0022400219
B0042084747919N11959119WA0022400219
B0042094747919N11959119WA0022400220
B0042104747919N11959119WA0022400219
B0042114747919N11959119WA0022400219
B0042124747919N11959119WA0022400220
B0042134747919N11959119WA0022400220
B0042144747919N11959119WA0022400220
B0042154747919N11959119WA0022400220
B0042164747919N11959119WA0022400220
B0042174747919N11959119WA0022400220
B0042184747919N11959119WA0022400220
B0042194747919N11959119WA0022400220
B0042204747919N11959119WA0022400220
B0042214747919N11959120WA0022400220
B0042224747919N11959120WA0022400220
B0042234747919N11959120WA0022400220
B0042244747919N11959119WA0022400221
B0042254747919N11959120WA0022400222
B0042264747919N11959120WA0022400221
B0042274747919N11959120WA0022400222
B0042284747919N11959120WA0022400222
B0042294747919N11959120WA0022400222
B0042304747919N11959119WA0022400222
B0042314747918N11959119WA0022400222
B0042324747919N11959119WA0022400222
B0042334747919N11959119WA0022400222
B0042344747919N11959119WA0022400222
B0042354747919N11959119WA0022400222
B0042364747919N11959120WA0022400221
B0042374747919N11959120WA0022400221
B0042384747919N11959120WA0022400221
B0042394747919N11959120WA0022400222
B0042404747919N11959120WA0022400221
B0042414747919N11959120WA0022400221
B0042424747919N11959120WA0022400221
B0042434747919N11959120WA0022400221
B0042444747919N11959120WA0022400221
B0042454747919N11959121WA0022400221
B0042464747919N11959121WA0022400221
B0042474747919N11959121WA0022400221
B0042484747919N11959121WA0022400221
B0042494747919N11959121WA0022400221
B0042504747919N11959121WA0022400221
B0042514747919N11959121WA0022400221
B0042524747919N11959121WA0022400221
B0042534747919N11959121WA0022400221
B0042544747919N11959122WA0022400221
B0042554747919N11959122WA0022400221
B0042564747919N11959122WA0022400220
B0042574747919N11959122WA0022400220
B0042584747919N11959122WA0022400220
B0042594747919N11959122WA0022400220
B0043004747919N11959123WA0022400220
B0043014747919N11959123WA0022400220
B0043024747919N11959123WA0022400219
B0043034747919N11959123WA0022400220
B0043044747919N11959123WA0022400220
B0043054747919N11959123WA0022400220
B0043064747919N11959123WA0022400220
B0043074747919N11959123WA0022400220
B0043084747919N11959123WA0022400219
B0043094747919N11959123WA0022400219
B0043104747919N11959123WA0022400220
B0043114747919N11959123WA0022400219
B0043124747919N11959123WA0022400220
B0043134747919N11959123WA0022400219
B0043144747919N11959123WA0022400219
B0043154747919N11959123WA0022400219
B0043164747919N11959122WA0022400219
B0043174747919N11959122WA0022400219
B0043184747919N11959122WA0022400219
B0043194747919N11959122WA0022400219
B0043204747919N11959122WA0022300219
B0043214747919N11959122WA0022300219
B0043224747919N11959122WA0022400220
B0043234747919N11959122WA0022400220
B0043244747919N11959122WA0022400220
B0043254747919N11959121WA0022400221
B0043264747919N11959121WA0022400221
B0043274747919N11959121WA0022400221
B0043284747919N11959121WA0022400221
B0043294747919N11959121WA0022400221
B0043304747919N11959121WA0022400221
B0043314747919N11959121WA0022400222
B0043324747919N11959121WA0022400221
B0043334747919N11959121WA0022400222
B0043344747919N11959121WA0022400222
B0043354747919N11959121WA0022400221
B0043364747919N11959121WA0022300222
B0043374747919N11959121WA0022400222
B0043384747919N11959121WA0022400222
B0043394747919N11959121WA0022400222
B0043404747919N11959121WA0022400223
B0043414747919N11959121WA0022400223
B0043424747919N11959121WA0022400223
B0043434747919N11959121WA0022300223
B0043444747919N11959121WA0022400223
B0043454747919N11959121WA0022400223
B0043464747919N11959121WA0022300224
B0043474747919N11959120WA0022400224
B0043484747919N11959121WA0022400225
B0043494747919N11959121WA0022400225
B0043504747919N11959121WA0022400225
B0043514747919N11959121WA0022400225
B0043524747919N11959121WA0022400225
B0043534747919N11959120WA0022400224
B0043544747919N11959120WA0022400225
B0043554747919N11959120WA0022400226
B0043564747919N11959120WA0022400226
B0043574747919N11959120WA0022400225
B0043584747919N11959120WA0022400226
B0043594747919N11959120WA0022400226
B0044004747919N11959120WA0022300226
B0044014747919N11959120WA0022400226
B0044024747919N11959120WA0022300226
B0044034747919N11959120WA0022400225
B0044044747919N11959120WA0022300225
B0044054747919N11959120WA0022400225
B0044064747919N11959120WA0022400225
B0044074747919N11959120WA0022400225
B0044084747919N11959120WA0022400224
B0044094747919N11959120WA0022400224
B0044104747919N11959120WA0022400224
B0044114747919N11959120WA0022400224
B0044124747919N11959120WA0022400224
B0044134747919N11959120WA0022400224
B0044144747919N11959120WA0022400224
B0044154747919N11959120WA0022400224
B0044164747919N11959120WA0022400225
B0044174747919N11959120WA0022400225
B0044184747919N11959120WA0022400225
B0044194747919N11959120WA0022400225
B0044204747919N11959120WA0022400224
B0044214747919N11959120WA0022400224
B0044224747919N11959120WA0022400224
B0044234747919N11959120WA0022400224
B0044244747919N11959120WA0022400223
B0044254747919N11959120WA0022400223
B0044264747920N11959120WA0022400222
B0044274747920N11959120WA0022300222
B0044284747920N11959120WA0022400222
B0044294747920N11959120WA0022400221
B0044304747920N11959120WA0022400221
B0044314747920N11959120WA0022400221
B0044324747920N11959120WA0022300220
B0044334747920N11959120WA0022400220
B0044344747920N11959120WA0022300220
B0044354747920N11959120WA0022400220
B0044364747920N11959120WA0022400220
B0044374747920N11959120WA0022300219
B0044384747920N11959120WA0022400219
B0044394747920N11959119WA0022300219
B0044404747920N11959119WA0022400219
B0044414747920N11959119WA0022400219
B0044424747921N11959119WA0022400219
B0044434747921N11959119WA0022300219
B0044444747921N11959119WA0022400219
B0044454747921N11959120WA0022300219
B0044464747921N11959120WA0022400219
B0044474747921N11959120WA0022300219
B0044484747921N11959120WA0022400219
B0044494747921N11959119WA0022400220
B0044504747921N11959120WA0022300220
B0044514747921N11959120WA0022300220
B0044524747921N11959120WA0022300220
B0044534747921N11959119WA0022400219
B0044544747921N11959120WA0022400219
B0044554747921N11959120WA0022300219
B0044564747921N11959120WA0022300219
B0044574747921N11959120WA0022400219
B0044584747921N11959120WA0022300219
B0044594747921N11959120WA0022300219
B0045004747921N11959120WA0022300218
B0045014747921N11959120WA0022300218
B0045024747921N11959120WA0022300218
B0045034747921N11959120WA0022300218
B0045044747921N11959120WA0022300219
B0045054747921N11959120WA0022300219
B0045064747921N11959120WA0022300218
B0045074747921N11959120WA0022300218
B0045084747921N11959120WA0022300218
B0045094747921N11959120WA0022300218
B0045104747921N11959120WA0022300219
B0045114747921N11959120WA0022300218
B0045124747921N11959120WA0022300218
B0045134747921N11959120WA0022300218
B0045144747921N11959120WA0022300218
B0045154747921N11959120WA0022300218
B0045164747921N11959120WA0022300218
B0045174747921N11959120WA0022300218
B0045184747921N11959120WA0022300217
B0045194747921N11959120WA0022300217
B0045204747921N11959120WA0022300217
B0045214747921N11959120WA0022300217
B0045224747921N11959120WA0022300217
B0045234747921N11959120WA0022300216
B0045244747921N11959120WA0022300215
B0045254747922N11959120WA0022300215
B0045264747921N11959120WA0022300215
B0045274747922N11959120WA0022300215
B0045284747922N11959121WA0022300214
B0045294747922N11959121WA0022300214
B0045304747922N11959121WA0022300214
B0045314747922N11959121WA0022300214
B0045324747922N11959122WA0022300213
B0045334747922N11959122WA0022300213
B0045344747922N11959122WA0022300213
B0045354747922N11959122WA0022300213
B0045364747922N11959122WA0022300213
B0045374747922N11959122WA0022300213
B0045384747922N11959123WA0022300213
B0045394747922N11959123WA0022300213
B0045404747922N11959123WA0022300213
B0045414747922N11959123WA0022300212
B0045424747922N11959124WA0022300211
B0045434747922N11959124WA0022300211
B0045444747923N11959124WA0022300211
B0045454747923N11959125WA0022300210
B0045464747923N11959125WA0022300210
B0045474747923N11959125WA0022300209
B0045484747923N11959125WA0022300210
B0045494747923N11959125WA0022300210
B0045504747923N11959125WA0022300209
B0045514747923N11959125WA0022300209
B0045524747923N11959125WA0022300208
B0045534747923N11959125WA0022300208
B0045544747923N11959125WA0022300208
B0045554747922N11959125WA0022300208
B0045564747923N11959125WA0022300208
B0045574747923N11959125WA0022300208
B0045584747923N11959125WA0022300208
B0045594747923N11959125WA0022300208
B0046004747923N11959125WA0022300208
B0046014747923N11959125WA0022300208
B0046024747923N11959125WA0022300208
B0046034747923N11959125WA0022300208
B0046044747923N11959125WA0022300208
B0046054747923N11959125WA0022300208
B0046064747923N11959125WA0022300208
B0046074747923N11959125WA0022300208
B0046084747923N11959125WA0022300208
B0046094747923N11959125WA0022300207
B0046104747923N11959125WA0022300207
B0046114747923N11959125WA0022300207
B0046124747923N11959124WA0022300207
B0046134747923N11959124WA0022300207
B0046144747923N11959124WA0022300207
B0046154747923N11959124WA0022300207
B0046164747923N11959124WA0022300207
B0046174747923N11959124WA0022300208
B0046184747923N11959125WA0022300208
B0046194747923N11959125WA0022300207
B0046204747923N11959125WA0022300207
B0046214747923N11959125WA0022300207
B0046224747923N11959124WA0022300208
B0046234747923N11959124WA0022300208
B0046244747923N11959124WA0022300208
B0046254747922N11959124WA0022300208
B0046264747922N11959124WA0022300209
B0046274747922N11959124WA0022300210
B0046284747922N11959124WA0022300211
B0046294747922N11959123WA0022300212
B0046304747922N11959123WA0022300213
B0046314747922N11959123WA0022300214
B0046324747921N11959123WA0022300214
B0046334747921N11959123WA0022300214
B0046344747921N11959122WA0022300215
B0046354747921N11959122WA0022300215
B0046364747921N11959122WA0022300215
B0046374747921N11959122WA0022300215
B0046384747921N11959122WA0022300215
B0046394747921N11959122WA0022300215
B0046404747921N11959122WA0022300215
B0046414747921N11959122WA0022300215
B0046424747921N11959122WA0022300215
B0046434747921N11959121WA0022300215
B0046444747921N11959121WA0022300215
B0046454747921N11959121WA0022300215
B0046464747921N11959121WA0022300215
B0046474747921N11959121WA0022300215
B0046484747921N11959121WA0022300215
B0046494747921N11959121WA0022300215
B0046504747921N11959121WA0022300215
B0046514747921N11959121WA0022300215
B0046524747921N11959121WA0022300215
B0046534747921N11959121WA0022300215
B0046544747921N11959121WA0022300215
B0046554747921N11959121WA0022300215
B0046564747921N11959121WA0022300215
B0046574747921N11959121WA0022300215
B0046584747921N11959121WA0022300215
B0046594747921N11959121WA0022300215
B0047004747921N11959121WA0022300215
B0047014747921N11959121WA0022300215
B0047024747921N11959121WA0022300215
B0047034747921N11959121WA0022300215
B0047044747921N11959121WA0022300215
B0047054747921N11959121WA0022300215
B0047064747921N11959121WA0022300215
B0047074747921N11959121WA0022300215
B0047084747921N11959122WA0022300215
B0047094747921N11959122WA0022300216
B0047104747921N11959122WA0022300216
B0047114747921N11959122WA0022300216
B0047124747921N11959122WA0022300216
B0047134747921N11959122WA0022300216
B0047144747921N11959122WA0022300216
B0047154747921N11959122WA0022300216
B0047164747921N11959122WA0022300217
B0047174747921N11959122WA0022300217
B0047184747921N11959122WA0022300217
B0047194747921N11959122WA0022300217
B0047204747921N11959122WA0022300217
B0047214747921N11959122WA0022300218
B0047224747921N11959122WA0022300218
B0047234747921N11959122WA0022300218
B0047244747921N11959122WA0022300218
B0047254747921N11959122WA0022300218
B0047264747921N11959122WA0022300218
B0047274747921N11959122WA0022300218
B0047284747921N11959122WA0022300218
B0047294747921N11959122WA0022300218
B0047304747921N11959122WA0022300218
B0047314747921N11959122WA0022300217
B0047324747921N11959122WA0022300217
B0047334747921N11959122WA0022300217
B0047344747921N11959122WA0022300217
B0047354747921N11959122WA0022300217
B0047364747921N11959122WA0022300217
B0047374747921N11959122WA0022300217
B0047384747921N11959121WA0022300217
B0047394747921N11959121WA0022300215
B0047404747922N11959121WA0022300215
B0047414747922N11959121WA0022300215
B0047424747922N11959121WA0022300215
B0047434747922N11959121WA0022300214
B0047444747922N11959121WA0022300213
B0047454747922N11959121WA0022300214
B0047464747922N11959121WA0022300215
B0047474747922N11959121WA0022300216
B0047484747922N11959121WA0022300215
B0047494747921N11959121WA0022300216
B0047504747921N11959121WA0022300217
B0047514747922N11959121WA0022300217
B0047524747922N11959121WA0022300216
B0047534747922N11959121WA0022300215
B0047544747922N11959121WA0022300215
B0047554747922N11959120WA0022300215
B0047564747922N11959120WA0022300215
B0047574747922N11959120WA0022300214
B0047584747922N11959120WA0022300215
B0047594747922N11959121WA0022300215
B0048004747922N11959121WA0022300215
B0048014747922N11959121WA0022300215
B0048024747922N11959121WA0022300215
B0048034747922N11959120WA0022300215
B0048044747922N11959120WA0022300215
B0048054747922N11959120WA0022300214
B0048064747922N11959121WA0022300214
B0048074747922N11959120WA0022300215
B0048084747922N11959120WA0022300215
B0048094747922N11959120WA0022300215
B0048104747922N11959120WA0022300215
B0048114747922N11959120WA0022300215
B0048124747922N11959120WA0022400215
B0048134747922N11959120WA0022300214
B0048144747922N11959120WA0022400213
B0048154747923N11959119WA0022300212
B0048164747923N11959119WA0022300210
B0048174747923N11959119WA0022300209
B0048184747923N11959119WA0022400208
B0048194747923N11959119WA0022300208
B0048204747923N11959119WA0022300208
B0048214747923N11959119WA0022300209
B0048224747923N11959119WA0022300209
B0048234747923N11959120WA0022400208
B0048244747922N11959120WA0022400209
B0048254747922N11959120WA0022400210
B0048264747922N11959120WA0022400211
B0048274747922N11959121WA0022300211
B0048284747922N11959121WA0022400212
B0048294747922N11959121WA0022400212
B0048304747922N11959121WA0022400212
B0048314747922N11959121WA0022400212
B0048324747922N11959121WA0022400212
B0048334747922N11959121WA0022400211
B0048344747922N11959121WA0022400212
B0048354747922N11959121WA0022400212
B0048364747922N11959121WA0022400212
B0048374747922N11959121WA0022400212
B0048384747922N11959121WA0022400212
B0048394747922N11959121WA0022400212
B0048404747922N11959121WA0022400213
B0048414747922N11959121WA0022400213
B0048424747922N11959121WA0022400213
B0048434747922N11959121WA0022400213
B0048444747922N11959121WA0022400212
B0048454747922N11959121WA0022400212
B0048464747922N11959121WA0022400213
B0048474747922N11959121WA0022400213
B0048484747922N11959121WA0022300213
B0048494747922N11959120WA0022400212
B0048504747922N11959120WA0022400212
B0048514747922N11959120WA0022400212
B0048524747922N11959121WA0022400212
B0048534747922N11959120WA0022300213
B0048544747922N11959120WA0022400212
B0048554747922N11959120WA0022400212
B0048564747922N11959120WA0022400212
B0048574747922N11959120WA0022400212
B0048584747922N11959120WA0022400212
B0048594747922N11959120WA0022400211
B0049004747922N11959120WA0022400211
B0049014747922N11959120WA0022400212
B0049024747922N11959120WA0022400211
B0049034747922N11959120WA0022400211
B0049044747922N11959120WA0022400211
B0049054747922N11959120WA0022400211
B0049064747922N11959120WA0022400211
B0049074747922N11959120WA0022400211
B0049084747922N11959120WA0022400211
B0049094747922N11959120WA0022400211
B0049104747922N11959120WA0022400212
B0049114747922N11959120WA0022400212
B0049124747922N11959120WA0022400212
B0049134747921N11959120WA0022400212
B0049144747921N11959120WA0022400212
B0049154747921N11959121WA0022400213
B0049164747921N11959121WA0022400213
B0049174747921N11959121WA0022400213
B0049184747921N11959121WA0022400213
B0049194747921N11959121WA0022400213
B0049204747921N11959121WA0022400213
B0049214747921N11959121WA0022400213
B0049224747921N11959121WA0022400213
B0049234747921N11959121WA0022400213
B0049244747921N11959120WA0022400212
B0049254747921N11959120WA0022400212
B0049264747921N11959120WA0022400212
B0049274747921N11959120WA0022400212
B0049284747921N11959120WA0022400212
B0049294747921N11959120WA0022400212
B0049304747921N11959120WA0022400212
B0049314747922N11959120WA0022400211
B0049324747922N11959120WA0022400211
B0049334747922N11959120WA0022400211
B0049344747922N11959120WA0022400211
B0049354747922N11959120WA0022400211
B0049364747922N11959120WA0022300211
B0049374747922N11959120WA0022400211
B0049384747922N11959120WA0022400211
B0049394747922N11959120WA0022300211
B0049404747922N11959120WA0022400211
B0049414747922N11959120WA0022400211
B0049424747922N11959120WA0022400210
B0049434747922N11959120WA0022400210
B0049444747922N11959120WA0022400210
B0049454747922N11959120WA0022400210
B0049464747922N11959120WA0022400210
B0049474747922N11959120WA0022300210
B0049484747922N11959120WA0022400210
B0049494747922N11959120WA0022400210
B0049504747922N11959120WA0022400210
B0049514747922N11959120WA0022400210
B0049524747922N11959120WA0022400210
B0049534747922N11959120WA0022400210
B0049544747922N11959120WA0022400210
B0049554747922N11959120WA0022400210
B0049564747922N11959120WA0022400210
B0049574747922N11959120WA0022400210
B0049584747922N11959120WA0022300210
B0049594747922N11959120WA0022400210
B0050004747922N11959120WA0022400211
B0050014747922N11959120WA0022400211
B0050024747922N11959120WA0022400211
B0050034747922N11959120WA0022400211
B0050044747922N11959120WA0022300211
B0050054747922N11959120WA0022400211
B0050064747922N11959120WA0022400211
B0050074747922N11959120WA0022400212
B0050084747922N11959120WA0022400212
B0050094747922N11959120WA0022400212
B0050104747922N11959120WA0022400213
B0050114747922N11959121WA0022400213
B0050124747922N11959121WA0022400213
B0050134747922N11959121WA0022400214
B0050144747922N11959121WA0022400214
B0050154747922N11959121WA0022400214
B0050164747922N11959121WA0022400215
B0050174747922N11959121WA0022400216
B0050184747922N11959121WA0022400216
B0050194747922N11959121WA0022400217
B0050204747921N11959122WA0022400217
B0050214747921N11959122WA0022400218
B0050224747921N11959122WA0022400219
B0050234747921N11959122WA0022400219
B0050244747921N11959122WA0022400219
B0050254747921N11959122WA0022400219
B0050264747921N11959122WA0022400219
B0050274747921N11959122WA0022400219
B0050284747921N11959122WA0022400219
B0050294747921N11959122WA0022400219
B0050304747921N11959122WA0022400219
B0050314747921N11959122WA0022400219
B0050324747921N11959122WA0022400219
B0050334747921N11959122WA0022400219
B0050344747921N11959122WA0022400219
B0050354747921N11959122WA0022400219
B0050364747921N11959122WA0022400219
B0050374747921N11959122WA0022400219
B0050384747921N11959122WA0022400219
B0050394747921N11959122WA0022400219
B0050404747921N11959122WA0022400219
B0050414747921N11959122WA0022400219
B0050424747921N11959122WA0022400219
B0050434747921N11959122WA0022400219
B0050444747921N11959122WA0022400219
B0050454747921N11959122WA0022400219
B0050464747921N11959122WA0022400219
B0050474747921N11959122WA0022400219
B0050484747921N11959122WA0022400219
B0050494747921N11959122WA0022400219
B0050504747921N11959122WA0022400218
B0050514747921N11959122WA0022400218
B0050524747921N11959122WA0022400218
B0050534747921N11959122WA0022400218
B0050544747921N11959122WA0022300217
B0050554747921N11959122WA0022400217
B0050564747921N11959122WA0022400218
B0050574747921N11959122WA0022400217
B0050584747921N11959122WA0022400217
B0050594747920N11959122WA0022400217
B0051004747921N11959122WA0022300217
B0051014747921N11959122WA0022400217
B0051024747921N11959122WA0022400217
B0051034747921N11959122WA0022300217
B0051044747921N11959122WA0022400217
B0051054747921N11959122WA0022400217
B0051064747921N11959122WA0022400217
B0051074747921N11959122WA0022400217
B0051084747921N11959122WA0022400217
B0051094747921N11959122WA0022400217
B0051104747920N11959122WA0022400217
B0051114747920N11959122WA0022400217
B0051124747920N11959122WA0022400217
B0051134747920N11959122WA0022400217
B0051144747920N11959122WA0022400217
B0051154747920N11959122WA0022400217
B0051164747920N11959122WA0022400217
B0051174747920N11959122WA0022400217
B0051184747921N11959122WA0022400217
B0051194747921N11959122WA0022400217
B0051204747921N11959122WA0022400217
B0051214747921N11959122WA0022400217
B0051224747921N11959122WA0022400217
B0051234747921N11959122WA0022400217
B0051244747921N11959122WA0022400217
B0051254747921N11959122WA0022400217
B0051264747921N11959122WA0022400218
B0051274747921N11959122WA0022400218
B0051284747921N11959122WA0022400218
B0051294747921N11959122WA0022400219
B0051304747921N11959122WA0022400220
B0051314747921N11959122WA0022400219
B0051324747921N11959122WA0022400220
B0051334747921N11959122WA0022400220
B0051344747921N11959122WA0022400220
B0051354747921N11959122WA0022400219
B0051364747921N11959122WA0022400219
B0051374747921N11959122WA0022300219
B0051384747921N11959122WA0022400220
B0051394747921N11959122WA0022400220
B0051404747921N11959122WA0022400220
B0051414747921N11959122WA0022400220
B0051424747921N11959122WA0022400220
B0051434747921N11959122WA0022400220
B0051444747921N11959122WA0022400219
B0051454747921N11959122WA0022400219
B0051464747921N11959122WA0022400219
B0051474747921N11959122WA0022400219
B0051484747921N11959122WA0022400218
B0051494747921N11959122WA0022400218
B0051504747921N11959122WA0022400218
B0051514747921N11959122WA0022400217
B0051524747921N11959122WA0022400217
B0051534747921N11959122WA0022400217
B0051544747921N11959122WA0022400216
B0051554747921N11959122WA0022400216
B0051564747921N11959122WA0022400216
B0051574747921N11959122WA0022400216
B0051584747920N11959122WA0022400216
B0051594747920N11959122WA0022400216
B0052004747920N11959122WA0022400215
B0052014747920N11959122WA0022400215
B0052024747920N11959122WA0022400214
B0052034747920N11959122WA0022400214
B0052044747920N11959122WA0022400213
B0052054747920N11959122WA0022400213
B0052064747920N11959122WA0022400213
B0052074747920N11959122WA0022400213
B0052084747920N11959122WA0022400213
B0052094747920N11959122WA0022400212
B0052104747920N11959122WA0022400212
B0052114747920N11959122WA0022400212
B0052124747920N11959122WA0022400212
B0052134747920N11959122WA0022400212
B0052144747920N11959122WA0022400212
B0052154747920N11959122WA0022400212
B0052164747920N11959122WA0022400212
B0052174747920N11959122WA0022400212
B0052184747920N11959122WA0022400212
B0052194747920N11959122WA0022400212
B0052204747920N11959122WA0022300211
B0052214747920N11959122WA0022400211
B0052224747920N11959122WA0022400211
B0052234747920N11959122WA0022400211
B0052244747920N11959123WA0022300211
B0052254747920N11959123WA0022400211
B0052264747920N11959123WA0022400211
B0052274747920N11959123WA0022400211
B0052284747920N11959123WA0022400211
B0052294747920N11959123WA0022400211
B0052304747920N11959123WA0022400211
B0052314747920N11959123WA0022400211
B0052324747920N11959123WA0022400211
B0052334747920N11959123WA0022400211
B0052344747919N11959123WA0022400212
B0052354747919N11959123WA0022400212
B0052364747919N11959123WA0022400212
B0052374747919N11959123WA0022300212
B0052384747919N11959123WA0022400212
B0052394747919N11959123WA0022400212
B0052404747919N11959123WA0022400212
B0052414747919N11959123WA0022400212
B0052424747919N11959123WA0022400212
B0052434747919N11959123WA0022400212
B0052444747919N11959123WA0022400212
B0052454747919N11959123WA0022400212
B0052464747919N11959123WA0022400212
B0052474747919N11959123WA0022400212
B0052484747919N11959123WA0022400212
B0052494747919N11959123WA0022400213
B0052504747919N11959123WA0022400213
B0052514747919N11959123WA0022400213
B0052524747920N11959123WA0022400213
B0052534747920N11959123WA0022400213
B0052544747920N11959123WA0022400213
B0052554747920N11959123WA0022400213
B0052564747920N11959123WA0022400213
B0052574747920N11959123WA0022400213
B0052584747920N11959123WA0022400213
B0052594747920N11959123WA0022400213
B0053004747920N11959123WA0022400213
B0053014747920N11959123WA0022400213
B0053024747920N11959123WA0022400213
B0053034747920N11959123WA0022400213
B0053044747920N11959123WA0022400213
B0053054747920N11959123WA0022400213
B0053064747920N11959123WA0022400213
B0053074747920N11959123WA0022400213
B0053084747920N11959123WA0022400213
B0053094747920N11959123WA0022400213
B0053104747920N11959123WA0022400213
B0053114747920N11959123WA0022400213
B0053124747920N11959123WA0022400213
B0053134747920N11959123WA0022400213
B0053144747920N11959123WA0022400213
B0053154747920N11959123WA0022400213
B0053164747920N11959123WA0022400213
B0053174747920N11959123WA0022400212
B0053184747920N11959123WA0022300212
B0053194747920N11959123WA0022300212
B0053204747920N11959123WA0022400212
B0053214747920N11959123WA0022400212
B0053224747920N11959123WA0022400212
B0053234747920N11959123WA0022300212
B0053244747920N11959123WA0022400211
B0053254747920N11959123WA0022400211
B0053264747920N11959123WA0022400211
B0053274747920N11959123WA0022400211
B0053284747920N11959123WA0022400211
B0053294747920N11959123WA0022400211
B0053304747920N11959123WA0022400211
B0053314747920N11959123WA0022400210
B0053324747920N11959123WA0022400210
B0053334747920N11959123WA0022400211
B0053344747920N11959123WA0022400210
B0053354747920N11959123WA0022400210
B0053364747920N11959123WA0022400210
B0053374747920N11959123WA0022400210
B0053384747920N11959123WA0022400210
B0053394747920N11959123WA0022400209
B0053404747920N11959123WA0022400209
B0053414747920N11959123WA0022400209
B0053424747920N11959123WA0022400209
B0053434747920N11959123WA0022400209
B0053444747920N11959123WA0022400209
B0053454747920N11959123WA0022400209
B0053464747920N11959123WA0022400209
B0053474747920N11959123WA0022400209
B0053484747920N11959122WA0022400208
B0053494747920N11959122WA0022400208
B0053504747920N11959122WA0022400207
B0053514747920N11959122WA0022400207
B0053524747920N11959122WA0022400206
B0053534747920N11959122WA0022400206
B0053544747920N11959122WA0022400206
B0053554747920N11959122WA0022400206
B0053564747920N11959122WA0022400206
B0053574747920N11959122WA0022400205
B0053584747920N11959122WA0022400205
B0053594747920N11959122WA0022400205
B0054004747920N11959122WA0022400205
B0054014747920N11959122WA0022400205
B0054024747920N11959122WA0022400206
B0054034747920N11959122WA0022400206
B0054044747920N11959122WA0022400206
B0054054747920N11959122WA0022400207
B0054064747920N11959122WA0022400207
B0054074747920N11959122WA0022400207
B0054084747920N11959122WA0022400207
B0054094747920N11959122WA0022400207
B0054104747920N11959122WA0022400207
B0054114747920N11959122WA0022400208
B0054124747920N11959122WA0022400208
B0054134747920N11959122WA0022400208
B0054144747920N11959122WA0022400209
B0054154747920N11959122WA0022400209
B0054164747920N11959122WA0022400210
B0054174747920N11959122WA0022400209
B0054184747920N11959122WA0022400210
B0054194747920N11959122WA0022400210
B0054204747920N11959122WA0022400210
B0054214747920N11959122WA0022400210
B0054224747920N11959122WA0022400211
B0054234747920N11959122WA0022400211
B0054244747920N11959122WA0022400211
B0054254747920N11959122WA0022400211
B0054264747920N11959122WA0022400212
B0054274747920N11959122WA0022400212
B0054284747920N11959122WA0022400212
B0054294747920N11959122WA0022400212
B0054304747920N11959122WA0022400213
B0054314747920N11959122WA0022400213
B0054324747920N11959122WA0022400213
B0054334747920N11959122WA0022400214
B0054344747920N11959122WA0022400214
B0054354747920N11959122WA0022400214
B0054364747920N11959122WA0022300215
B0054374747920N11959122WA0022400215
B0054384747920N11959122WA0022400215
B0054394747920N11959122WA0022400215
B0054404747920N11959123WA0022400215
B0054414747919N11959123WA0022300216
B0054424747919N11959123WA0022400215
B0054434747919N11959123WA0022400216
B0054444747919N11959123WA0022400216
B0054454747919N11959123WA0022400216
B0054464747919N11959123WA0022400216
B0054474747919N11959123WA0022400216
B0054484747919N11959123WA0022400217
B0054494747919N11959123WA0022400217
B0054504747919N11959123WA0022400217
B0054514747919N11959123WA0022400217
B0054524747919N11959123WA0022400217
B0054534747919N11959123WA0022400217
B0054544747919N11959123WA0022400218
B0054554747919N11959123WA0022400218
B0054564747919N11959123WA0022400218
B0054574747919N11959123WA0022400218
B0054584747919N11959123WA0022400218
B0054594747919N11959123WA0022400218
B0055004747919N11959123WA0022400218
B0055014747919N11959123WA0022400219
B0055024747919N11959123WA0022400219
B0055034747919N11959123WA0022400219
B0055044747919N11959123WA0022400219
B0055054747919N11959123WA0022400218
B0055064747920N11959123WA0022400218
B0055074747920N11959123WA0022400218
B0055084747920N11959123WA0022400218
B0055094747920N11959123WA0022400218
B0055104747920N11959123WA0022400218
B0055114747920N11959123WA0022400218
B0055124747920N11959123WA0022400217
B0055134747920N11959123WA0022400218
B0055144747920N11959123WA0022400218
B0055154747920N11959123WA0022400218
B0055164747920N11959123WA0022400218
B0055174747920N11959123WA0022400218
B0055184747920N11959123WA0022400218
B0055194747920N11959123WA0022400217
B0055204747920N11959123WA0022400217
B0055214747920N11959123WA0022400216
B0055224747920N11959123WA0022400216
B0055234747920N11959123WA0022400216
B0055244747920N11959123WA0022400216
B0055254747920N11959123WA0022400216
B0055264747920N11959123WA0022400216
B0055274747920N11959123WA0022400216
B0055284747920N11959123WA0022400216
B0055294747920N11959123WA0022400216
B0055304747920N11959123WA0022400216
B0055314747920N11959123WA0022400216
B0055324747920N11959123WA0022400216
B0055334747920N11959123WA0022400216
B0055344747920N11959123WA0022400216
B0055354747920N11959123WA0022400216
B0055364747920N11959123WA0022400216
B0055374747920N11959123WA0022400216
B0055384747920N11959123WA0022400216
B0055394747920N11959123WA0022400217
B0055404747921N11959122WA0022400217
B0055414747921N11959122WA0022400217
B0055424747921N11959122WA0022400217
B0055434747921N11959122WA0022400217
B0055444747921N11959122WA0022400217
B0055454747921N11959122WA0022400217
B0055464747921N11959122WA0022400217
B0055474747921N11959122WA0022400217
B0055484747921N11959122WA0022400217
B0055494747921N11959122WA0022400217
B0055504747921N11959122WA0022400217
B0055514747921N11959122WA0022400217
B0055524747922N11959122WA0022400216
B0055534747922N11959122WA0022400216
B0055544747922N11959122WA0022400216
B0055554747922N11959122WA0022400216
B0055564747922N11959122WA0022400216
B0055574747922N11959122WA0022400216
B0055584747922N11959122WA0022400215
B0055594747922N11959122WA0022400215
B0056004747922N11959122WA0022400215
B0056014747922N11959122WA0022400214
B0056024747922N11959122WA0022400214
B0056034747922N11959122WA0022400214
B0056044747922N11959122WA0022400213
B0056054747922N11959122WA0022400213
B0056064747922N11959122WA0022400212
B0056074747922N11959122WA0022400212
B0056084747922N11959122WA0022400212
B0056094747922N11959121WA0022400212
B0056104747922N11959121WA0022400212
B0056114747922N11959121WA0022400211
B0056124747922N11959121WA0022400211
B0056134747922N11959121WA0022400210
B0056144747922N11959121WA0022400210
B0056154747922N11959121WA0022400210
B0056164747923N11959121WA0022400210
B0056174747922N11959121WA0022400210
B0056184747922N11959121WA0022400209
B0056194747923N11959121WA0022400210
B0056204747923N11959121WA0022400209
B0056214747922N11959121WA0022400209
B0056224747922N11959121WA0022400209
B0056234747922N11959121WA0022400209
B0056244747922N11959121WA0022400209
B0056254747922N11959121WA0022400210
B0056264747922N11959121WA0022400210
B0056274747922N11959121WA0022400210
B0056284747923N11959121WA0022400210
B0056294747923N11959121WA0022400211
B0056304747922N11959121WA0022400212
B0056314747922N11959121WA0022400211
B0056324747922N11959121WA0022400210
B0056334747922N11959121WA0022400211
B0056344747922N11959121WA0022400211
B0056354747922N11959121WA0022400211
B0056364747922N11959121WA0022400211
B0056374747923N11959121WA0022400211
B0056384747923N11959121WA0022400211
B0056394747923N11959121WA0022400212
B0056404747923N11959121WA0022400212
B0056414747923N11959121WA0022400212
B0056424747923N11959121WA0022400212
B0056434747923N11959121WA0022400212
B0056444747923N11959121WA0022400213
B0056454747923N11959121WA0022400213
B0056464747923N11959121WA0022400213
B0056474747923N11959121WA0022400213
B0056484747923N11959121WA0022400213
B0056494747923N11959121WA0022400213
B0056504747923N11959121WA0022400213
B0056514747923N11959121WA0022400213
B0056524747922N11959121WA0022400213
B0056534747922N11959121WA0022400212
B0056544747922N11959121WA0022400211
B0056554747922N11959121WA0022400211
B0056564747922N11959121WA0022400211
B0056574747922N11959121WA0022400211
B0056584747922N11959121WA0022400211
B0056594747922N11959121WA0022400211
B0057004747922N11959121WA0022400212
B0057014747922N11959121WA0022400212
B0057024747922N11959121WA0022400212
B0057034747922N11959121WA0022400212
B0057044747922N11959121WA0022400212
B0057054747922N11959121WA0022400212
B0057064747922N11959121WA0022400212
B0057074747922N11959121WA0022400212
B0057084747922N11959121WA0022400211
B0057094747922N11959121WA0022400211
B0057104747922N11959121WA0022400211
B0057114747922N11959121WA0022400211
B0057124747922N11959121WA0022400211
B0057134747922N11959121WA0022400211
B0057144747922N11959121WA0022400211
B0057154747922N11959121WA0022400211
B0057164747922N11959121WA0022400210
B0057174747922N11959121WA0022400210
B0057184747922N11959121WA0022400210
B0057194747922N11959121WA0022400210
B0057204747922N11959121WA0022400210
B0057214747922N11959121WA0022400210
B0057224747922N11959121WA0022400209
B0057234747922N11959121WA0022400209
B0057244747922N11959121WA0022400209
B0057254747922N11959121WA0022400209
B0057264747922N11959121WA0022400209
B0057274747922N11959121WA0022400209
B0057284747922N11959121WA0022400209
B0057294747922N11959121WA0022400209
B0057304747922N11959121WA0022400209
B0057314747922N11959121WA0022400209
B0057324747922N11959121WA0022400209
B0057334747922N11959121WA0022400209
B0057344747922N11959121WA0022400209
B0057354747922N11959121WA0022400210
B0057364747922N11959121WA0022400210
B0057374747922N11959121WA0022400210
B0057384747922N11959121WA0022400210
B0057394747922N11959121WA0022400210
B0057404747922N11959121WA0022400211
B0057414747922N11959121WA0022400211
B0057424747923N11959121WA0022400211
B0057434747923N11959121WA0022400212
B0057444747923N11959121WA0022400212
B0057454747923N11959121WA0022400212
B0057464747923N11959121WA0022400212
B0057474747923N11959121WA0022400212
B0057484747922N11959122WA0022400213
B0057494747922N11959122WA0022400213
B0057504747922N11959122WA0022400213
B0057514747922N11959122WA0022400213
B0057524747922N11959122WA0022400214
B0057534747922N11959122WA0022400214
B0057544747922N11959122WA0022400214
B0057554747922N11959122WA0022400214
B0057564747922N11959122WA0022400214
B0057574747922N11959122WA0022400214
B0057584747922N11959122WA0022400214
B0057594747922N11959123WA0022400214
B0058004747922N11959123WA0022400213
B0058014747922N11959123WA0022400214
B0058024747922N11959123WA0022400214
B0058034747922N11959123WA0022400215
B0058044747922N11959123WA0022400214
B0058054747922N11959123WA0022400214
B0058064747922N11959123WA0022400214
B0058074747922N11959123WA0022400214
B0058084747922N11959123WA0022400214
B0058094747921N11959123WA0022400214
B0058104747921N11959123WA0022400214
B0058114747921N11959123WA0022400214
B0058124747921N11959123WA0022400215
B0058134747921N11959123WA0022400215
B0058144747921N11959123WA0022400215
B0058154747921N11959123WA0022400216
B0058164747921N11959123WA0022400216
B0058174747922N11959123WA0022400216
B0058184747921N11959123WA0022400216
B0058194747921N11959123WA0022400216
B0058204747921N11959123WA0022400216
B0058214747921N11959123WA0022400216
B0058224747921N11959123WA0022400216
B0058234747921N11959123WA0022400216
B0058244747921N11959123WA0022400216
B0058254747921N11959123WA0022400216
B0058264747921N11959123WA0022400216
B0058274747921N11959123WA0022400216
B0058284747921N11959123WA0022400216
B0058294747921N11959123WA0022400216
B0058304747921N11959123WA0022400215
B0058314747921N11959123WA0022400215
B0058324747921N11959123WA0022400215
B0058334747921N11959123WA0022400214
B0058344747921N11959123WA0022400214
B0058354747921N11959123WA0022400212
B0058364747920N11959123WA0022400212
B0058374747920N11959123WA0022400213
B0058384747920N11959123WA0022400212
B0058394747920N11959123WA0022400212
B0058404747920N11959122WA0022400212
B0058414747920N11959122WA0022400212
B0058424747920N11959122WA0022500212
B0058434747921N11959122WA0022400212
B0058444747921N11959122WA0022400212
B0058454747921N11959122WA0022400212
B0058464747921N11959122WA0022400212
B0058474747921N11959122WA0022400211
B0058484747921N11959122WA0022400211
B0058494747921N11959122WA0022400211
B0058504747921N11959122WA0022400211
B0058514747921N11959122WA0022400210
B0058524747921N11959122WA0022500210
B0058534747920N11959122WA0022400210
B0058544747920N11959122WA0022400210
B0058554747920N11959122WA0022400210
B0058564747920N11959122WA0022400210
B0058574747920N11959122WA0022400211
B0058584747920N11959122WA0022500211
B0058594747920N11959122WA0022400211
B0059004747920N11959122WA0022500211
B0059014747920N11959122WA0022400210
B0059024747920N11959122WA0022400210
B0059034747920N11959122WA0022400210
B0059044747920N11959122WA0022400210
B0059054747920N11959122WA0022400210
B0059064747920N11959122WA0022400210
B0059074747920N11959122WA0022400210
B0059084747920N11959122WA0022500210
B0059094747920N11959122WA0022400210
B0059104747920N11959122WA0022400210
B0059114747920N11959122WA0022400210
B0059124747920N11959122WA0022400210
B0059134747920N11959122WA0022400210
B0059144747920N11959122WA0022400210
B0059154747920N11959122WA0022400210
B0059164747921N11959122WA0022400210
B0059174747920N11959122WA0022400210
B0059184747921N11959122WA0022400211
B0059194747921N11959122WA0022400211
B0059204747921N11959122WA0022400211
B0059214747921N11959122WA0022400210
B0059224747921N11959122WA0022400210
B0059234747921N11959122WA0022400210
B0059244747921N11959122WA0022400210
B0059254747921N11959122WA0022400210
B0059264747921N11959122WA0022400210
B0059274747921N11959122WA0022400210
B0059284747921N11959122WA0022400211
B0059294747921N11959123WA0022400211
B0059304747921N11959123WA0022400211
B0059314747921N11959123WA0022400211
B0059324747921N11959123WA0022400211
B0059334747921N11959123WA0022400211
B0059344747921N11959123WA0022400212
B0059354747921N11959123WA0022400212
B0059364747921N11959123WA0022400212
B0059374747921N11959123WA0022500212
B0059384747921N11959123WA0022500213
B0059394747921N11959123WA0022500213
B0059404747921N11959123WA0022500213
B0059414747921N11959123WA0022500213
B0059424747921N11959123WA0022400213
B0059434747921N11959123WA0022500213
B0059444747921N11959123WA0022400213
B0059454747921N11959123WA0022500213
B0059464747921N11959123WA0022400213
B0059474747921N11959123WA0022500213
B0059484747921N11959123WA0022400213
B0059494747922N11959123WA0022400213
B0059504747922N11959123WA0022400213
B0059514747922N11959123WA0022400213
B0059524747922N11959123WA0022400213
B0059534747922N11959123WA0022500213
B0059544747922N11959123WA0022400213
B0059554747921N11959123WA0022400212
B0059564747921N11959123WA0022400212
B0059574747921N11959123WA0022400212
B0059584747921N11959123WA0022400212
B0059594747921N11959123WA0022400212
B0100004747921N11959123WA0022400212
B0100014747922N11959123WA0022400212
B0100024747922N11959123WA0022400212
B0100034747921N11959123WA0022400212
B0100044747922N11959123WA0022400212
B0100054747922N11959123WA0022400212
B0100064747922N11959122WA0022400212
B0100074747922N11959122WA0022400212
B0100084747922N11959122WA0022400212
B0100094747922N11959122WA0022400212
B0100104747922N11959122WA0022400212
B0100114747922N11959122WA0022400212
B0100124747922N11959122WA0022400212
B0100134747922N11959122WA0022400212
B0100144747922N11959122WA0022400212
B0100154747922N11959122WA0022400212
B0100164747922N11959122WA0022400212
B0100174747922N11959122WA0022400211
B0100184747922N11959122WA0022400211
B0100194747922N11959122WA0022400211
B0100204747922N11959122WA0022500212
B0100214747922N11959122WA0022400212
B0100224747922N11959123WA0022500212
B0100234747922N11959122WA0022400213
B0100244747922N11959123WA0022400213
B0100254747922N11959123WA0022400213
B0100264747922N11959123WA0022400213
B0100274747922N11959123WA0022400213
B0100284747922N11959123WA0022400214
B0100294747922N11959123WA0022400214
B0100304747922N11959123WA0022400215
B0100314747922N11959123WA0022500215
B0100324747921N11959123WA0022400216
B0100334747921N11959124WA0022400216
B0100344747921N11959124WA0022400216
B0100354747921N11959124WA0022400216
B0100364747921N11959124WA0022400217
B0100374747920N11959124WA0022500216
B0100384747920N11959124WA0022400216
B0100394747920N11959124WA0022400217
B0100404747920N11959124WA0022400216
B0100414747920N11959124WA0022400217
B0100424747920N11959124WA0022400217
B0100434747921N11959124WA0022500217
B0100444747921N11959124WA0022400217
B0100454747921N11959124WA0022500217
B0100464747921N11959124WA0022500217
B0100474747921N11959124WA0022500217
B0100484747920N11959124WA0022500217
B0100494747920N11959124WA0022400217
B0100504747920N11959124WA0022400217
B0100514747920N11959124WA0022400217
B0100524747920N11959124WA0022500217
B0100534747920N11959124WA0022500217
B0100544747920N11959124WA0022400217
B0100554747920N11959124WA0022400217
B0100564747920N11959124WA0022400217
B0100574747920N11959124WA0022500217
B0100584747920N11959124WA0022500217
B0100594747920N11959124WA0022500217
B0101004747920N11959124WA0022500217
B0101014747920N11959124WA0022400217
B0101024747920N11959124WA0022400217
B0101034747920N11959124WA0022400216
B0101044747920N11959124WA0022500216
B0101054747920N11959124WA0022400217
B0101064747920N11959124WA0022500216
B0101074747920N11959124WA0022400216
B0101084747920N11959124WA0022500216
B0101094747920N11959124WA0022500216
B0101104747920N11959124WA0022400216
B0101114747920N11959124WA0022500216
B0101124747920N11959123WA0022500217
B0101134747920N11959123WA0022500217
B0101144747920N11959123WA0022500217
B0101154747921N11959123WA0022500217
B0101164747921N11959123WA0022400217
B0101174747921N11959123WA0022500217
B0101184747921N11959123WA0022400216
B0101194747921N11959123WA0022400216
B0101204747921N11959123WA0022500216
B0101214747921N11959123WA0022400216
B0101224747921N11959123WA0022400216
B0101234747921N11959123WA0022400215
B0101244747921N11959123WA0022400215
B0101254747921N11959123WA0022400215
B0101264747921N11959123WA0022400215
B0101274747921N11959123WA0022400215
B0101284747921N11959123WA0022400215
B0101294747921N11959123WA0022400215
B0101304747921N11959123WA0022400215
B0101314747921N11959123WA0022400215
B0101324747921N11959123WA0022400215
B0101334747921N11959123WA0022500215
B0101344747921N11959123WA0022400215
B0101354747920N11959123WA0022500215
B0101364747920N11959123WA0022400214
B0101374747920N11959123WA0022400214
B0101384747920N11959123WA0022400214
B0101394747920N11959123WA0022400214
B0101404747920N11959123WA0022500214
B0101414747921N11959123WA0022500214
B0101424747921N11959123WA0022500215
B0101434747921N11959123WA0022400215
B0101444747921N11959123WA0022400215
B0101454747921N11959123WA0022400215
B0101464747921N11959123WA0022400215
B0101474747921N11959123WA0022400215
B0101484747921N11959123WA0022500215
B0101494747921N11959123WA0022400215
B0101504747921N11959123WA0022500215
B0101514747921N11959122WA0022400215
B0101524747921N11959122WA0022400215
B0101534747921N11959122WA0022400215
B0101544747921N11959122WA0022400215
B0101554747921N11959122WA0022400215
B0101564747921N11959122WA0022400215
B0101574747921N11959122WA0022400215
B0101584747921N11959122WA0022400215
B0101594747921N11959122WA0022500215
B0102004747921N11959122WA0022400215
B0102014747921N11959122WA0022500215
B0102024747921N11959122WA0022500215
B0102034747921N11959122WA0022500215
B0102044747921N11959122WA0022500214
B0102054747921N11959122WA0022400214
B0102064747921N11959122WA0022500214
B0102074747921N11959122WA0022500214
B0102084747921N11959122WA0022400214
B0102094747921N11959122WA0022500214
B0102104747921N11959122WA0022500214
B0102114747921N11959122WA0022500214
B0102124747921N11959122WA0022500214
B0102134747921N11959122WA0022500214
B0102144747921N11959122WA0022500214
B0102154747921N11959122WA0022500214
B0102164747921N11959122WA0022500214
B0102174747921N11959122WA0022500214
B0102184747921N11959122WA0022500214
B0102194747921N11959122WA0022500214
B0102204747921N11959122WA0022400214
B0102214747921N11959122WA0022500214
B0102224747921N11959122WA0022500214
B0102234747921N11959122WA0022500214
B0102244747921N11959122WA0022500214
B0102254747921N11959122WA0022500214
B0102264747921N11959122WA0022500214
B0102274747921N11959122WA0022400215
B0102284747921N11959122WA0022500214
B0102294747921N11959122WA0022500215
B0102304747921N11959122WA0022500215
B0102314747921N11959122WA0022500215
B0102324747922N11959122WA0022500215
B0102334747921N11959122WA0022400216
B0102344747922N11959122WA0022400216
B0102354747921N11959122WA0022500216
B0102364747921N11959122WA0022500216
B0102374747921N11959122WA0022500217
B0102384747922N11959122WA0022400217
B0102394747922N11959122WA0022400216
B0102404747922N11959122WA0022500217
B0102414747922N11959122WA0022500217
B0102424747922N11959122WA0022500217
B0102434747922N11959122WA0022400217
B0102444747922N11959122WA0022500217
B0102454747921N11959122WA0022500217
B0102464747921N11959122WA0022400217
B0102474747921N11959122WA0022500217
B0102484747921N11959122WA0022500217
B0102494747921N11959122WA0022500217
B0102504747921N11959122WA0022500217
B0102514747921N11959122WA0022500216
B0102524747922N11959122WA0022500216
B0102534747922N11959122WA0022500217
B0102544747922N11959122WA0022400217
B0102554747922N11959122WA0022400217
B0102564747922N11959122WA0022500217
B0102574747922N11959122WA0022500217
B0102584747922N11959122WA0022400217
B0102594747922N11959122WA0022500216
B0103004747922N11959122WA0022500216
B0103014747922N11959122WA0022500216
B0103024747922N11959122WA0022400216
B0103034747922N11959122WA0022500216
B0103044747922N11959122WA0022500216
B0103054747922N11959122WA0022400216
B0103064747922N11959122WA0022500216
B0103074747922N11959122WA0022400216
B0103084747922N11959122WA0022500216
B0103094747922N11959122WA0022400216
B0103104747922N11959122WA0022400216
B0103114747922N11959122WA0022500216
B0103124747922N11959122WA0022500216
B0103134747922N11959122WA0022500216
B0103144747922N11959122WA0022400216
B0103154747922N11959122WA0022500216
B0103164747922N11959122WA0022500216
B0103174747922N11959122WA0022400217
B0103184747922N11959122WA0022500217
B0103194747922N11959122WA0022500217
B0103204747922N11959122WA0022500217
B0103214747922N11959122WA0022500217
B0103224747922N11959122WA0022500217
B0103234747922N11959122WA0022500217
B0103244747922N11959122WA0022500217
B0103254747922N11959122WA0022500216
B0103264747922N11959122WA0022400216
B0103274747922N11959122WA0022400216
B0103284747922N11959122WA0022400216
B0103294747922N11959122WA0022400217
B0103304747922N11959122WA0022500217
B0103314747921N11959122WA0022500217
B0103324747921N11959122WA0022500217
B0103334747921N11959122WA0022500217
B0103344747922N11959122WA0022500217
B0103354747922N11959122WA0022500218
B0103364747921N11959122WA0022500218
B0103374747921N11959122WA0022500218
B0103384747922N11959122WA0022400218
B0103394747921N11959122WA0022400218
B0103404747921N11959122WA0022500218
B0103414747921N11959122WA0022500218
B0103424747921N11959122WA0022400218
B0103434747921N11959122WA0022500218
B0103444747921N11959123WA0022400218
B0103454747921N11959123WA0022400218
B0103464747921N11959123WA0022400218
B0103474747921N11959123WA0022400218
B0103484747921N11959123WA0022400218
B0103494747921N11959123WA0022400218
B0103504747921N11959123WA0022500218
B0103514747921N11959123WA0022500218
B0103524747921N11959123WA0022500218
B0103534747921N11959123WA0022500218
B0103544747921N11959123WA0022400218
B0103554747921N11959123WA0022400217
B0103564747921N11959123WA0022500218
B0103574747921N11959123WA0022400218
B0103584747921N11959123WA0022400217
B0103594747921N11959123WA0022500217
B0104004747921N11959123WA0022400217
B0104014747921N11959123WA0022500217
B0104024747921N11959123WA0022500217
B0104034747921N11959123WA0022500217
B0104044747921N11959123WA0022500217
B0104054747921N11959122WA0022500218
B0104064747921N11959122WA0022500217
B0104074747921N11959122WA0022500217
B0104084747922N11959122WA0022500217
B0104094747921N11959122WA0022500217
B0104104747921N11959122WA0022500217
B0104114747921N11959122WA0022400217
B0104124747921N11959122WA0022500217
B0104134747921N11959122WA0022400217
B0104144747921N11959122WA0022400217
B0104154747921N11959122WA0022400217
B0104164747921N11959122WA0022500216
B0104174747921N11959122WA0022500216
B0104184747921N11959122WA0022400216
B0104194747921N11959122WA0022400216
B0104204747921N11959122WA0022400216
B0104214747921N11959122WA0022500216
B0104224747921N11959122WA0022500215
B0104234747921N11959122WA0022500215
B0104244747921N11959122WA0022500215
B0104254747921N11959122WA0022500215
B0104264747921N11959122WA0022400214
B0104274747921N11959122WA0022400214
B0104284747921N11959122WA0022500214
B0104294747921N11959122WA0022400213
B0104304747921N11959122WA0022500213
B0104314747921N11959122WA0022500213
B0104324747921N11959122WA0022500213
B0104334747921N11959122WA0022500213
B0104344747921N11959122WA0022400213
B0104354747921N11959122WA0022500212
B0104364747921N11959122WA0022500212
B0104374747921N11959122WA0022400212
B0104384747921N11959122WA0022500212
B0104394747921N11959122WA0022500212
B0104404747921N11959122WA0022500212
B0104414747921N11959122WA0022500212
B0104424747921N11959122WA0022400212
B0104434747921N11959122WA0022500212
B0104444747921N11959122WA0022400212
B0104454747921N11959122WA0022400212
B0104464747921N11959122WA0022400212
B0104474747921N11959122WA0022400212
B0104484747921N11959122WA0022400212
B0104494747921N11959122WA0022400213
B0104504747921N11959122WA0022400213
B0104514747921N11959122WA0022400213
B0104524747921N11959121WA0022400213
B0104534747921N11959122WA0022400213
B0104544747921N11959121WA0022400213
B0104554747921N11959121WA0022400214
B0104564747921N11959121WA0022400214
B0104574747921N11959121WA0022400214
B0104584747921N11959121WA0022400214
B0104594747922N11959121WA0022400214
B0105004747922N11959121WA0022400214
B0105014747922N11959121WA0022400214
B0105024747922N11959121WA0022400214
B0105034747922N11959121WA0022400214
B0105044747922N11959121WA0022400214
B0105054747922N11959121WA0022400215
B0105064747922N11959121WA0022400215
B0105074747922N11959121WA0022400215
B0105084747922N11959121WA0022400215
B0105094747922N11959121WA0022400215
B0105104747922N11959121WA0022400215
B0105114747922N11959121WA0022400215
B0105124747922N11959121WA0022500215
B0105134747922N11959121WA0022400215
B0105144747922N11959121WA0022400215
B0105154747922N11959121WA0022500215
B0105164747922N11959121WA0022400215
B0105174747922N11959121WA0022500215
B0105184747922N11959121WA0022400215
B0105194747922N11959121WA0022400215
B0105204747922N11959121WA0022400215
B0105214747921N11959121WA0022500215
B0105224747922N11959121WA0022400215
B0105234747921N11959121WA0022400215
B0105244747921N11959121WA0022400215
B0105254747921N11959121WA0022400214
B0105264747921N11959121WA0022400215
B0105274747921N11959121WA0022400215
B0105284747921N11959121WA0022400215
B0105294747921N11959121WA0022400215
B0105304747921N11959121WA0022400215
B0105314747921N11959121WA0022400215
B0105324747921N11959122WA0022400215
B0105334747921N11959122WA0022400215
B0105344747921N11959122WA0022400215
B0105354747921N11959121WA0022500215
B0105364747921N11959121WA0022400216
B0105374747921N11959121WA0022500216
B0105384747921N11959122WA0022400216
B0105394747921N11959122WA0022400216
B0105404747921N11959122WA0022400215
B0105414747921N11959122WA0022400215
B0105424747921N11959122WA0022500215
B0105434747921N11959122WA0022500215
B0105444747921N11959122WA0022400215
B0105454747921N11959122WA0022500215
B0105464747921N11959122WA0022500214
B0105474747921N11959122WA0022500214
B0105484747921N11959122WA0022400214
B0105494747921N11959122WA0022400214
B0105504747921N11959122WA0022400213
B0105514747921N11959122WA0022500213
B0105524747921N11959122WA0022500213
B0105534747921N11959122WA0022400213
B0105544747921N11959122WA0022400213
B0105554747921N11959122WA0022400214
B0105564747921N11959122WA0022400213
B0105574747921N11959122WA0022400213
B0105584747921N11959122WA0022500213
B0105594747921N11959122WA0022500213
B0106004747921N11959122WA0022400213
B0106014747921N11959122WA0022500213
B0106024747921N11959122WA0022400213
B0106034747921N11959122WA0022400213
B0106044747921N11959122WA0022500213
B0106054747921N11959122WA0022400213
B0106064747921N11959122WA0022500213
B0106074747921N11959122WA0022400213
B0106084747921N11959122WA0022400213
B0106094747921N11959122WA0022400213
B0106104747921N11959122WA0022500213
B0106114747921N11959122WA0022500213
B0106124747921N11959122WA0022500213
B0106134747920N11959122WA0022400213
B0106144747920N11959122WA0022400212
B0106154747920N11959122WA0022500212
B0106164747920N11959122WA0022500212
B0106174747920N11959122WA0022400212
B0106184747920N11959122WA0022400212
B0106194747920N11959122WA0022500212
B0106204747920N11959122WA0022500212
B0106214747920N11959122WA0022500212
B0106224747920N11959123WA0022400212
B0106234747920N11959123WA0022400212
B0106244747920N11959123WA0022400212
B0106254747920N11959123WA0022400212
B0106264747920N11959123WA0022500212
B0106274747920N11959123WA0022400212
B0106284747920N11959123WA0022500212
B0106294747920N11959123WA0022500212
B0106304747920N11959123WA0022500212
B0106314747920N11959123WA0022500212
B0106324747920N11959122WA0022400212
B0106334747920N11959122WA0022400212
B0106344747920N11959122WA0022500212
B0106354747920N11959123WA0022400212
B0106364747920N11959123WA0022400212
B0106374747920N11959123WA0022400211
B0106384747920N11959123WA0022400211
B0106394747920N11959123WA0022500211
B0106404747920N11959123WA0022400211
B0106414747920N11959123WA0022400211
B0106424747920N11959123WA0022400211
B0106434747920N11959122WA0022400211
B0106444747920N11959122WA0022400211
B0106454747920N11959122WA0022400211
B0106464747920N11959122WA0022400211
B0106474747920N11959122WA0022400211
B0106484747920N11959122WA0022400211
B0106494747920N11959122WA0022400211
B0106504747920N11959122WA0022500211
B0106514747920N11959122WA0022400211
B0106524747920N11959122WA0022400211
B0106534747920N11959122WA0022400211
B0106544747920N11959122WA0022400211
B0106554747920N11959122WA0022400211
B0106564747920N11959122WA0022400210
B0106574747920N11959122WA0022400210
B0106584747920N11959122WA0022400209
B0106594747920N11959122WA0022400209
B0107004747920N11959122WA0022400209
B0107014747920N11959122WA0022400209
B0107024747920N11959122WA0022400209
B0107034747920N11959122WA0022400209
B0107044747920N11959122WA0022400209
B0107054747920N11959122WA0022400209
B0107064747920N11959122WA0022400209
B0107074747920N11959122WA0022400209
B0107084747920N11959122WA0022400209
B0107094747920N11959122WA0022400209
B0107104747920N11959122WA0022400209
B0107114747920N11959122WA0022400209
B0107124747920N11959122WA0022400209
B0107134747920N11959122WA0022400209
B0107144747920N11959122WA0022400209
B0107154747920N11959122WA0022400209
B0107164747920N11959122WA0022400209
B0107174747920N11959122WA0022400209
B0107184747920N11959122WA0022400209
B0107194747920N11959122WA0022400209
B0107204747920N11959122WA0022400209
B0107214747920N11959122WA0022400209
B0107224747920N11959122WA0022400209
B0107234747920N11959122WA0022400209
B0107244747920N11959122WA0022500209
B0107254747920N11959122WA0022400209
B0107264747920N11959122WA0022400209
B0107274747920N11959122WA0022400209
B0107284747920N11959122WA0022400209
B0107294747920N11959122WA0022400209
B0107304747919N11959122WA0022400209
B0107314747919N11959122WA0022500209
B0107324747919N11959122WA0022400209
B0107334747919N11959122WA0022400209
B0107344747919N11959122WA0022400209
B0107354747919N11959122WA0022400209
B0107364747919N11959122WA0022400209
B0107374747919N11959122WA0022400209
B0107384747919N11959123WA0022400209
B0107394747919N11959123WA0022400209
B0107404747919N11959123WA0022400209
B0107414747919N11959123WA0022400209
B0107424747919N11959123WA0022400209
B0107434747919N11959123WA0022400209
B0107444747919N11959122WA0022400209
B0107454747919N11959123WA0022500209
B0107464747919N11959123WA0022400209
B0107474747919N11959123WA0022400209
B0107484747919N11959123WA0022400208
B0107494747918N11959123WA0022400208
B0107504747918N11959123WA0022400208
B0107514747918N11959123WA0022500208
B0107524747918N11959123WA0022400207
B0107534747918N11959123WA0022400207
B0107544747918N11959123WA0022400207
B0107554747918N11959123WA0022400207
B0107564747918N11959122WA0022400207
B0107574747918N11959122WA0022500207
B0107584747918N11959122WA0022400207
B0107594747918N11959122WA0022400206
B0108004747918N11959122WA0022500206
B0108014747918N11959122WA0022500206
B0108024747918N11959122WA0022400206
B0108034747918N11959122WA0022500206
B0108044747919N11959122WA0022400206
B0108054747919N11959122WA0022400207
B0108064747919N11959122WA0022500207
B0108074747919N11959122WA0022400207
B0108084747919N11959122WA0022500207
B0108094747919N11959122WA0022400207
B0108104747919N11959122WA0022500207
B0108114747918N11959122WA0022500207
B0108124747918N11959122WA0022500207
B0108134747918N11959122WA0022500207
B0108144747918N11959122WA0022400207
B0108154747918N11959122WA0022500207
B0108164747918N11959123WA0022500207
B0108174747918N11959123WA0022500207
B0108184747918N11959123WA0022500207
B0108194747918N11959123WA0022500207
B0108204747917N11959123WA0022500207
B0108214747917N11959123WA0022500207
B0108224747917N11959124WA0022500207
B0108234747917N11959124WA0022500207
B0108244747916N11959124WA0022500207
B0108254747916N11959124WA0022400207
B0108264747916N11959124WA0022500207
B0108274747916N11959124WA0022500207
B0108284747916N11959125WA0022400207
B0108294747916N11959125WA0022400207
B0108304747916N11959125WA0022400207
B0108314747916N11959125WA0022500207
B0108324747916N11959125WA0022400207
B0108334747916N11959125WA0022500207
B0108344747916N11959125WA0022400207
B0108354747916N11959125WA0022500207
B0108364747916N11959125WA0022400208
B0108374747916N11959125WA0022500208
B0108384747916N11959125WA0022400208
B0108394747916N11959125WA0022400208
B0108404747916N11959125WA0022500208
B0108414747916N11959125WA0022500209
B0108424747916N11959125WA0022500209
B0108434747917N11959125WA0022400209
B0108444747917N11959125WA0022400209
B0108454747917N11959125WA0022400210
B0108464747917N11959125WA0022500210
B0108474747917N11959125WA0022500210
B0108484747917N11959125WA0022500210
B0108494747917N11959125WA0022500211
B0108504747917N11959125WA0022500211
B0108514747917N11959125WA0022400211
B0108524747917N11959125WA0022500211
B0108534747917N11959125WA0022400212
B0108544747917N11959125WA0022400212
B0108554747917N11959125WA0022400212
B0108564747917N11959125WA0022500212
B0108574747917N11959125WA0022400212
B0108584747917N11959125WA0022400211
B0108594747917N11959125WA0022400211
B0109004747917N11959125WA0022400211
B0109014747917N11959125WA0022400211
B0109024747917N11959125WA0022400211
B0109034747917N11959125WA0022400211
B0109044747917N11959125WA0022400211
B0109054747917N11959125WA0022400212
B0109064747917N11959125WA0022400212
B0109074747917N11959125WA0022400212
B0109084747917N11959125WA0022400212
B0109094747917N11959125WA0022400211
B0109104747917N11959125WA0022400211
B0109114747917N11959125WA0022400211
B0109124747917N11959125WA0022400211
B0109134747918N11959125WA0022400211
B0109144747918N11959125WA0022400211
B0109154747918N11959125WA0022400211
B0109164747918N11959125WA0022400211
B0109174747918N11959125WA0022400212
B0109184747918N11959125WA0022400212
B0109194747918N11959125WA0022400212
B0109204747917N11959125WA0022400212
B0109214747918N11959125WA0022400211
B0109224747918N11959125WA0022400212
B0109234747918N11959124WA0022400211
B0109244747918N11959124WA0022400211
B0109254747918N11959124WA0022400211
B0109264747918N11959124WA0022400212
B0109274747918N11959124WA0022400212
B0109284747918N11959124WA0022400212
B0109294747918N11959124WA0022400212
B0109304747918N11959124WA0022400212
B0109314747918N11959124WA0022400212
B0109324747918N11959124WA0022400212
B0109334747918N11959124WA0022400213
B0109344747919N11959124WA0022400213
B0109354747919N11959124WA0022400213
B0109364747919N11959124WA0022400213
B0109374747919N11959124WA0022500213
B0109384747919N11959124WA0022500213
B0109394747920N11959123WA0022400214
B0109404747920N11959123WA0022400214
B0109414747920N11959123WA0022500214
B0109424747920N11959123WA0022400214
B0109434747920N11959123WA0022400213
B0109444747920N11959123WA0022400214
B0109454747920N11959123WA0022400214
B0109464747920N11959123WA0022400214
B0109474747920N11959123WA0022400214
B0109484747920N11959122WA0022400213
B0109494747921N11959122WA0022400214
B0109504747921N11959122WA0022400214
B0109514747921N11959122WA0022400213
B0109524747920N11959122WA0022400213
B0109534747920N11959122WA0022400213
B0109544747920N11959122WA0022400213
B0109554747921N11959122WA0022400213
B0109564747921N11959122WA0022400213
B0109574747921N11959122WA0022400213
B0109584747921N11959122WA0022400213
B0109594747921N11959122WA0022400213
B0110004747921N11959122WA0022500213
B0110014747921N11959122WA0022500213
B0110024747921N11959122WA0022400213
B0110034747921N11959122WA0022400213
B0110044747921N11959122WA0022500214
B0110054747921N11959122WA0022400213
B0110064747920N11959122WA0022400213
B0110074747920N11959122WA0022400213
B0110084747920N11959122WA0022400213
B0110094747920N11959122WA0022400213
B0110104747920N11959122WA0022400213
B0110114747920N11959122WA0022400213
B0110124747920N11959122WA0022400213
B0110134747920N11959122WA0022400213
B0110144747920N11959122WA0022400213
B0110154747920N11959122WA0022500213
B0110164747920N11959122WA0022400213
B0110174747920N11959122WA0022500213
B0110184747920N11959122WA0022400212
B0110194747920N11959122WA0022400212
B0110204747920N11959122WA0022400212
B0110214747920N11959122WA0022400212
B0110224747920N11959122WA0022500212
B0110234747920N11959122WA0022500212
B0110244747920N11959122WA0022500212
B0110254747920N11959122WA0022500212
B0110264747920N11959122WA0022400212
B0110274747920N11959122WA0022400212
B0110284747920N11959122WA0022400212
B0110294747920N11959122WA0022400211
B0110304747920N11959122WA0022500211
B0110314747920N11959122WA0022500211
B0110324747919N11959122WA0022500211
B0110334747919N11959122WA0022500211
B0110344747919N11959122WA0022500211
B0110354747919N11959122WA0022500211
B0110364747919N11959122WA0022500211
B0110374747919N11959122WA0022400211
B0110384747919N11959122WA0022500210
B0110394747919N11959122WA0022400210
B0110404747919N11959122WA0022500210
B0110414747919N11959122WA0022400210
B0110424747919N11959122WA0022500210
B0110434747919N11959122WA0022500211
B0110444747919N11959122WA0022500211
B0110454747919N11959122WA0022500211
B0110464747919N11959122WA0022400211
B0110474747919N11959122WA0022500211
B0110484747919N11959122WA0022400212
B0110494747919N11959122WA0022400212
B0110504747920N11959121WA0022500212
B0110514747920N11959121WA0022500212
B0110524747920N11959121WA0022500212
B0110534747920N11959121WA0022500212
B0110544747920N11959121WA0022500212
B0110554747920N11959121WA0022500212
B0110564747920N11959121WA0022500212
B0110574747920N11959121WA0022500212
B0110584747920N11959121WA0022400212
B0110594747920N11959121WA0022500212
B0111004747920N11959121WA0022500212
B0111014747920N11959121WA0022500212
B0111024747920N11959121WA0022500213
B0111034747920N11959121WA0022500213
B0111044747920N11959121WA0022500213
B0111054747920N11959121WA0022500213
B0111064747920N11959121WA0022500213
B0111074747920N11959121WA0022500213
B0111084747920N11959121WA0022500213
B0111094747920N11959121WA0022500213
B0111104747920N11959122WA0022500213
B0111114747920N11959122WA0022500214
B0111124747920N11959122WA0022400214
B0111134747920N11959122WA0022500214
B0111144747920N11959122WA0022500214
B0111154747920N11959122WA0022500214
B0111164747920N11959122WA0022500215
B0111174747920N11959122WA0022500215
B0111184747920N11959122WA0022500215
B0111194747920N11959122WA0022400215
B0111204747920N11959122WA0022500215
B0111214747921N11959122WA0022500215
B0111224747921N11959122WA0022500215
B0111234747921N11959122WA0022400215
B0111244747921N11959122WA0022500215
B0111254747921N11959122WA0022500215
B0111264747921N11959122WA0022500215
B0111274747921N11959122WA0022500215
B0111284747921N11959122WA0022500215
B0111294747921N11959122WA0022500216
B0111304747921N11959122WA0022400216
B0111314747921N11959122WA0022500216
B0111324747921N11959122WA0022500216
B0111334747921N11959122WA0022500216
B0111344747921N11959122WA0022500216
B0111354747921N11959122WA0022500217
B0111364747921N11959122WA0022500216
B0111374747921N11959122WA0022500216
B0111384747921N11959122WA0022500217
B0111394747921N11959122WA0022500217
B0111404747921N11959122WA0022400216
B0111414747921N11959122WA0022500216
B0111424747921N11959122WA0022500216
B0111434747921N11959122WA0022500216
B0111444747921N11959122WA0022500216
B0111454747921N11959122WA0022500216
B0111464747921N11959122WA0022500216
B0111474747921N11959122WA0022500216
B0111484747921N11959122WA0022500216
B0111494747921N11959122WA0022500216
B0111504747921N11959122WA0022500216
B0111514747921N11959122WA0022500216
B0111524747921N11959122WA0022500216
B0111534747921N11959122WA0022500216
B0111544747921N11959122WA0022500216
B0111554747922N11959122WA0022500215
B0111564747922N11959122WA0022500215
B0111574747922N11959121WA0022500215
B0111584747922N11959121WA0022500215
B0111594747922N11959121WA0022500215
B0112004747922N11959121WA0022500215
B0112014747922N11959121WA0022500215
B0112024747922N11959121WA0022500215
B0112034747922N11959121WA0022500215
B0112044747922N11959121WA0022500215
B0112054747922N11959121WA0022500215
B0112064747922N11959121WA0022500215
B0112074747922N11959121WA0022500215
B0112084747922N11959121WA0022500215
B0112094747922N11959121WA0022500215
B0112104747922N11959121WA0022500215
B0112114747922N11959121WA0022500215
B0112124747922N11959121WA0022500215
B0112134747922N11959121WA0022500215
B0112144747922N11959121WA0022500215
B0112154747922N11959121WA0022500216
B0112164747922N11959121WA0022500216
B0112174747922N11959121WA0022500216
B0112184747922N11959121WA0022500216
B0112194747922N11959121WA0022500216
B0112204747922N11959121WA0022500216
B0112214747922N11959121WA0022500216
B0112224747922N11959121WA0022500216
B0112234747922N11959121WA0022500216
B0112244747922N11959121WA0022500216
B0112254747922N11959121WA0022500216
B0112264747921N11959121WA0022400216
B0112274747921N11959121WA0022500216
B0112284747921N11959121WA0022500216
B0112294747921N11959121WA0022400216
B0112304747921N11959121WA0022500216
B0112314747921N11959121WA0022500215
B0112324747921N11959121WA0022500215
B0112334747921N11959121WA0022400215
B0112344747921N11959121WA0022400215
B0112354747921N11959121WA0022500215
B0112364747921N11959121WA0022500215
B0112374747921N11959121WA0022400215
B0112384747922N11959121WA0022500214
B0112394747922N11959121WA0022500214
B0112404747922N11959121WA0022500213
B0112414747922N11959121WA0022500214
B0112424747922N11959121WA0022500213
B0112434747922N11959121WA0022400213
B0112444747922N11959120WA0022400213
B0112454747922N11959120WA0022500213
B0112464747922N11959120WA0022400212
B0112474747922N11959120WA0022500212
B0112484747922N11959120WA0022400212
B0112494747923N11959120WA0022500212
B0112504747923N11959120WA0022500212
B0112514747923N11959120WA0022400212
B0112524747923N11959120WA0022500212
B0112534747923N11959120WA0022500212
B0112544747922N11959120WA0022400212
B0112554747922N11959120WA0022500212
B0112564747922N11959120WA0022500212
B0112574747922N11959120WA0022500212
B0112584747922N11959120WA0022500212
B0112594747922N11959120WA0022500212
B0113004747922N11959120WA0022500212
B0113014747922N11959120WA0022500212
B0113024747922N11959120WA0022500212
B0113034747922N11959120WA0022500212
B0113044747923N11959120WA0022500212
B0113054747922N11959120WA0022500211
B0113064747922N11959120WA0022500211
B0113074747923N11959120WA0022500211
B0113084747923N11959120WA0022500210
B0113094747923N11959120WA0022500210
B0113104747923N11959120WA0022500210
B0113114747923N11959120WA0022500209
B0113124747923N11959120WA0022500209
B0113134747923N11959120WA0022400209
B0113144747923N11959120WA0022500209
B0113154747923N11959120WA0022500209
B0113164747923N11959120WA0022500209
B0113174747923N11959120WA0022500209
B0113184747923N11959120WA0022400209
B0113194747923N11959120WA0022500209
B0113204747924N11959120WA0022400208
B0113214747924N11959120WA0022500208
B0113224747924N11959120WA0022500208
B0113234747924N11959120WA0022500208
B0113244747924N11959120WA0022500208
B0113254747924N11959120WA0022500208
B0113264747924N11959120WA0022500209
B0113274747924N11959120WA0022500209
B0113284747924N11959120WA0022500209
B0113294747924N11959120WA0022500209
B0113304747924N11959120WA0022500209
B0113314747924N11959120WA0022500210
B0113324747923N11959120WA0022500210
B0113334747923N11959120WA0022500211
B0113344747923N11959120WA0022500211
B0113354747923N11959120WA0022500211
B0113364747923N11959120WA0022500211
B0113374747923N11959120WA0022500211
B0113384747924N11959120WA0022500211
B0113394747923N11959120WA0022500211
B0113404747923N11959120WA0022500212
B0113414747923N11959120WA0022500212
B0113424747923N11959120WA0022500212
B0113434747923N11959120WA0022500212
B0113444747923N11959120WA0022500213
B0113454747923N11959120WA0022500214
B0113464747923N11959121WA0022500214
B0113474747922N11959121WA0022500214
B0113484747922N11959121WA0022500214
B0113494747922N11959121WA0022500214
B0113504747922N11959121WA0022500214
B0113514747922N11959121WA0022500215
B0113524747922N11959121WA0022500215
B0113534747922N11959121WA0022500215
B0113544747922N11959121WA0022500215
B0113554747922N11959121WA0022500215
B0113564747921N11959121WA0022500215
B0113574747921N11959121WA0022500215
B0113584747921N11959121WA0022400215
B0113594747921N11959121WA0022500215
B0114004747921N11959121WA0022400215
B0114014747921N11959121WA0022500215
B0114024747921N11959121WA0022500215
B0114034747921N11959121WA0022500214
B0114044747921N11959122WA0022400214
B0114054747921N11959122WA0022500214
B0114064747920N11959122WA0022500214
B0114074747920N11959122WA0022400213
B0114084747920N11959122WA0022500213
B0114094747920N11959122WA0022500213
B0114104747920N11959122WA0022500213
B0114114747921N11959122WA0022500213
B0114124747921N11959122WA0022500213
B0114134747921N11959122WA0022500213
B0114144747921N11959122WA0022500213
B0114154747921N11959122WA0022500213
B0114164747920N11959122WA0022500213
B0114174747920N11959122WA0022500213
B0114184747920N11959122WA0022500213
B0114194747920N11959122WA0022500213
B0114204747920N11959122WA0022500213
B0114214747920N11959122WA0022400213
B0114224747920N11959122WA0022500213
B0114234747920N11959122WA0022500213
B0114244747920N11959122WA0022400213
B0114254747920N11959122WA0022400213
B0114264747920N11959122WA0022500214
B0114274747920N11959122WA0022500214
B0114284747920N11959122WA0022500213
B0114294747920N11959122WA0022500213
B0114304747920N11959122WA0022500213
B0114314747920N11959122WA0022500213
B0114324747920N11959122WA0022500213
B0114334747920N11959122WA0022500213
B0114344747920N11959122WA0022500213
B0114354747920N11959122WA0022500213
B0114364747920N11959122WA0022500213
B0114374747920N11959122WA0022500213
B0114384747920N11959122WA0022500213
B0114394747920N11959122WA0022500213
B0114404747920N11959122WA0022500213
B0114414747920N11959122WA0022400213
B0114424747920N11959122WA0022500214
B0114434747920N11959122WA0022500214
B0114444747920N11959122WA0022500214
B0114454747920N11959122WA0022500214
B0114464747920N11959122WA0022500214
B0114474747920N11959122WA0022500214
B0114484747920N11959122WA0022500214
B0114494747920N11959122WA0022500213
B0114504747920N11959122WA0022500213
B0114514747920N11959122WA0022500213
B0114524747920N11959122WA0022500213
B0114534747920N11959122WA0022500213
B0114544747920N11959122WA0022500213
B0114554747920N11959122WA0022500213
B0114564747920N11959122WA0022500213
B0114574747920N11959122WA0022500213
B0114584747920N11959122WA0022500213
B0114594747920N11959122WA0022500213
B0115004747920N11959122WA0022500214
B0115014747920N11959122WA0022500214
B0115024747920N11959122WA0022500214
B0115034747920N11959122WA0022500214
B0115044747920N11959122WA0022500214
B0115054747920N11959122WA0022500214
B0115064747920N11959122WA0022500215
B0115074747920N11959122WA0022500215
B0115084747920N11959122WA0022500215
B0115094747920N11959122WA0022500215
B0115104747920N11959122WA0022500215
B0115114747920N11959122WA0022500215
B0115124747920N11959122WA0022500215
B0115134747920N11959122WA0022500216
B0115144747920N11959122WA0022500216
B0115154747920N11959122WA0022500217
B0115164747919N11959122WA0022500217
B0115174747919N11959122WA0022500216
B0115184747919N11959123WA0022500216
B0115194747919N11959123WA0022500216
B0115204747919N11959123WA0022500216
B0115214747919N11959123WA0022500216
B0115224747919N11959123WA0022500216
B0115234747918N11959123WA0022500216
B0115244747919N11959123WA0022500216
B0115254747919N11959123WA0022500217
B0115264747918N11959123WA0022500217
B0115274747918N11959123WA0022500217
B0115284747919N11959123WA0022500217
B0115294747919N11959123WA0022500217
B0115304747919N11959123WA0022500217
B0115314747919N11959123WA0022500218
B0115324747919N11959123WA0022500218
B0115334747919N11959123WA0022500218
B0115344747919N11959123WA0022500219
B0115354747919N11959123WA0022500219
B0115364747919N11959123WA0022500219
B0115374747919N11959123WA0022500219
B0115384747919N11959123WA0022500219
B0115394747919N11959123WA0022500219
B0115404747919N11959123WA0022500219
B0115414747919N11959123WA0022500219
B0115424747920N11959123WA0022500219
B0115434747920N11959122WA0022500219
B0115444747920N11959122WA0022500220
B0115454747920N11959122WA0022500220
B0115464747920N11959122WA0022500220
B0115474747920N11959122WA0022500220
B0115484747920N11959122WA0022500220
B0115494747920N11959122WA0022500220
B0115504747920N11959122WA0022500220
B0115514747920N11959122WA0022500220
B0115524747921N11959122WA0022500220
B0115534747921N11959122WA0022500220
B0115544747920N11959122WA0022500220
B0115554747920N11959122WA0022500220
B0115564747921N11959122WA0022500221
B0115574747921N11959122WA0022500221
B0115584747921N11959122WA0022500220
B0115594747921N11959122WA0022500220
B0116004747921N11959121WA0022500220
B0116014747921N11959121WA0022500220
B0116024747921N11959121WA0022500220
B0116034747921N11959121WA0022500220
B0116044747921N11959122WA0022500220
B0116054747921N11959122WA0022500220
B0116064747921N11959122WA0022500220
B0116074747921N11959122WA0022500219
B0116084747920N11959122WA0022500219
B0116094747920N11959122WA0022500219
B0116104747920N11959122WA0022500219
B0116114747920N11959122WA0022500219
B0116124747920N11959122WA0022500218
B0116134747920N11959122WA0022500218
B0116144747920N11959122WA0022500218
B0116154747920N11959122WA0022500218
B0116164747920N11959122WA0022500218
B0116174747920N11959122WA0022500218
B0116184747920N11959122WA0022500218
B0116194747920N11959122WA0022500218
B0116204747920N11959122WA0022500218
B0116214747920N11959122WA0022500218
B0116224747920N11959121WA0022500218
B0116234747921N11959121WA0022500218
B0116244747921N11959121WA0022500218
B0116254747920N11959121WA0022500218
B0116264747920N11959121WA0022500218
B0116274747920N11959121WA0022500219
B0116284747921N11959121WA0022500219
B0116294747921N11959121WA0022500219
B0116304747921N11959121WA0022500219
B0116314747921N11959121WA0022500218
B0116324747921N11959121WA0022500218
B0116334747921N11959121WA0022500218
B0116344747921N11959121WA0022500218
B0116354747921N11959121WA0022500218
B0116364747921N11959121WA0022500218
B0116374747921N11959122WA0022500217
B0116384747921N11959121WA0022500217
B0116394747921N11959121WA0022500217
B0116404747921N11959121WA0022500217
B0116414747921N11959121WA0022500217
B0116424747921N11959121WA0022500216
B0116434747921N11959121WA0022500216
B0116444747921N11959121WA0022500216
B0116454747922N11959121WA0022500216
B0116464747922N11959121WA0022500216
B0116474747921N11959121WA0022500216
B0116484747921N11959121WA0022500216
B0116494747922N11959121WA0022500216
B0116504747922N11959121WA0022500216
B0116514747921N11959121WA0022500216
B0116524747921N11959121WA0022500216
B0116534747921N11959121WA0022500216
B0116544747921N11959121WA0022500216
B0116554747921N11959121WA0022500216
B0116564747921N11959121WA0022500216
B0116574747921N11959121WA0022500216
B0116584747921N11959121WA0022500216
B0116594747921N11959122WA0022500215
B0117004747921N11959122WA0022500215
B0117014747921N11959122WA0022500215
B0117024747921N11959121WA0022500215
B0117034747921N11959121WA0022500215
B0117044747921N11959122WA0022500215
B0117054747921N11959122WA0022500214
B0117064747921N11959121WA0022500214
B0117074747921N11959121WA0022500215
B0117084747921N11959121WA0022500215
B0117094747921N11959121WA0022500215
B0117104747921N11959121WA0022500215
B0117114747921N11959121WA0022500215
B0117124747921N11959121WA0022500215
B0117134747921N11959121WA0022500215
B0117144747921N11959121WA0022500215
B0117154747921N11959121WA0022500215
B0117164747921N11959121WA0022500214
B0117174747921N11959121WA0022500215
B0117184747921N11959121WA0022500215
B0117194747922N11959121WA0022500215
B0117204747922N11959121WA0022500215
B0117214747922N11959121WA0022500215
B0117224747922N11959121WA0022500215
B0117234747922N11959121WA0022500215
B0117244747922N11959121WA0022500216
B0117254747922N11959121WA0022500215
B0117264747922N11959121WA0022500215
B0117274747922N11959121WA0022500215
B0117284747922N11959121WA0022500215
B0117294747922N11959121WA0022500215
B0117304747922N11959121WA0022500215
B0117314747922N11959121WA0022500216
B0117324747922N11959121WA0022500216
B0117334747922N11959121WA0022500216
B0117344747922N11959121WA0022500216
B0117354747922N11959121WA0022500216
B0117364747922N11959121WA0022500216
B0117374747922N11959121WA0022500216
B0117384747922N11959121WA0022500216
B0117394747922N11959121WA0022500216
B0117404747922N11959121WA0022500216
B0117414747922N11959121WA0022500216
B0117424747922N11959121WA0022500216
B0117434747922N11959121WA0022500216
B0117444747922N11959121WA0022500216
B0117454747922N11959121WA0022500217
B0117464747922N11959121WA0022500217
B0117474747922N11959121WA0022500216
B0117484747922N11959121WA0022500216
B0117494747922N11959121WA0022500216
B0117504747922N11959121WA0022500216
B0117514747922N11959121WA0022500216
B0117524747922N11959121WA0022500216
B0117534747922N11959121WA0022500216
B0117544747922N11959121WA0022500216
B0117554747922N11959121WA0022500216
B0117564747922N11959121WA0022500216
B0117574747922N11959121WA0022500215
B0117584747922N11959120WA0022500216
B0117594747922N11959120WA0022500216
B0118004747922N11959120WA0022500216
B0118014747923N11959120WA0022500216
B0118024747923N11959120WA0022500216
B0118034747923N11959120WA0022500215
B0118044747923N11959120WA0022500215
B0118054747923N11959120WA0022500215
B0118064747923N11959120WA0022500215
B0118074747923N11959120WA0022500214
B0118084747923N11959120WA0022500214
B0118094747923N11959120WA0022500214
B0118104747923N11959120WA0022500214
B0118114747923N11959120WA0022500214
B0118124747923N11959120WA0022500214
B0118134747923N11959120WA0022500214
B0118144747923N11959120WA0022500214
B0118154747923N11959120WA0022500214
B0118164747923N11959120WA0022500214
B0118174747923N11959120WA0022500214
B0118184747923N11959120WA0022500214
B0118194747923N11959120WA0022500215
B0118204747923N11959120WA0022500215
B0118214747923N11959120WA0022500215
B0118224747923N11959120WA0022500215
B0118234747922N11959120WA0022500215
B0118244747923N11959120WA0022500215
B0118254747923N11959120WA0022500215
B0118264747923N11959120WA0022500215
B0118274747923N11959120WA0022500215
B0118284747923N11959120WA0022500215
B0118294747923N11959120WA0022500216
B0118304747923N11959120WA0022500216
B0118314747923N11959120WA0022500216
B0118324747923N11959120WA0022500217
B0118334747923N11959120WA0022500217
B0118344747923N11959120WA0022500217
B0118354747923N11959120WA0022500217
B0118364747923N11959120WA0022500217
B0118374747923N11959120WA0022500217
B0118384747923N11959120WA0022500217
B0118394747923N11959120WA0022500217
B0118404747923N11959120WA0022500217
B0118414747923N11959120WA0022500217
B0118424747923N11959120WA0022500217
B0118434747923N11959120WA0022500217
B0118444747923N11959120WA0022500218
B0118454747923N11959120WA0022500218
B0118464747923N11959120WA0022500218
B0118474747923N11959120WA0022500218
B0118484747923N11959120WA0022500218
B0118494747922N11959120WA0022500218
B0118504747922N11959120WA0022500218
B0118514747922N11959120WA0022500217
B0118524747922N11959120WA0022500217
B0118534747922N11959120WA0022500217
B0118544747922N11959121WA0022500217
B0118554747922N11959121WA0022500217
B0118564747922N11959121WA0022500217
B0118574747922N11959121WA0022500216
B0118584747922N11959121WA0022500216
B0118594747922N11959121WA0022500216
B0119004747922N11959121WA0022500216
B0119014747922N11959121WA0022500216
B0119024747922N11959121WA0022500216
B0119034747922N11959121WA0022500216
B0119044747922N11959121WA0022500216
B0119054747922N11959121WA0022500216
B0119064747922N11959121WA0022500216
B0119074747922N11959121WA0022500216
B0119084747922N11959121WA0022500216
B0119094747922N11959121WA0022500216
B0119104747922N11959121WA0022500216
B0119114747922N11959121WA0022500217
B0119124747921N11959121WA0022500217
B0119134747921N11959121WA0022500217
B0119144747921N11959121WA0022500217
B0119154747921N11959121WA0022500217
B0119164747921N11959121WA0022500217
B0119174747921N11959121WA0022500217
B0119184747922N11959121WA0022500217
B0119194747922N11959121WA0022500217
B0119204747922N11959121WA0022500217
B0119214747922N11959121WA0022500218
B0119224747922N11959121WA0022500218
B0119234747922N11959121WA0022500218
B0119244747922N11959121WA0022500218
B0119254747922N11959121WA0022500218
B0119264747922N11959121WA0022500219
B0119274747922N11959121WA0022500219
B0119284747922N11959121WA0022500219
B0119294747922N11959121WA0022500220
B0119304747922N11959121WA0022500220
B0119314747922N11959121WA0022500220
B0119324747922N11959121WA0022500220
B0119334747922N11959121WA0022500220
B0119344747922N11959121WA0022500221
B0119354747922N11959121WA0022500221
B0119364747922N11959121WA0022500221
B0119374747922N11959121WA0022500221
B0119384747922N11959121WA0022500221
B0119394747922N11959121WA0022500222
B0119404747922N11959121WA0022500222
B0119414747922N11959121WA0022500221
B0119424747922N11959121WA0022500221
B0119434747922N11959121WA0022500222
B0119444747922N11959121WA0022500222
B0119454747922N11959121WA0022500222
B0119464747922N11959121WA0022500222
B0119474747922N11959121WA0022500222
B0119484747922N11959121WA0022500222
B0119494747922N11959121WA0022500221
B0119504747922N11959121WA0022500221
B0119514747922N11959121WA0022500221
B0119524747922N11959121WA0022500221
B0119534747922N11959121WA0022500221
B0119544747922N11959121WA0022500221
B0119554747922N11959121WA0022500221
B0119564747922N11959121WA0022500220
B0119574747922N11959121WA0022500220
B0119584747922N11959121WA0022500220
B0119594747922N11959121WA0022500221
B0120004747922N11959121WA0022500221
B0120014747922N11959121WA0022500220
B0120024747922N11959121WA0022500220
B0120034747922N11959121WA0022500220
B0120044747922N11959121WA0022500220
B0120054747922N11959121WA0022500220
B0120064747922N11959121WA0022500220
B0120074747922N11959121WA0022500220
B0120084747922N11959121WA0022500220
B0120094747922N11959121WA0022500220
B0120104747922N11959121WA0022500219
B0120114747922N11959121WA0022500219
B0120124747921N11959121WA0022500219
B0120134747921N11959121WA0022500219
B0120144747921N11959121WA0022500219
B0120154747921N11959121WA0022500218
B0120164747921N11959121WA0022500218
B0120174747921N11959121WA0022500218
B0120184747921N11959122WA0022500217
B0120194747921N11959122WA0022500217
B0120204747921N11959122WA0022500217
B0120214747921N11959122WA0022500217
B0120224747921N11959121WA0022500217
B0120234747921N11959121WA0022500217
B0120244747921N11959121WA0022500216
B0120254747921N11959121WA0022500216
B0120264747921N11959121WA0022500216
B0120274747921N11959121WA0022500216
B0120284747921N11959121WA0022500216
B0120294747921N11959121WA0022500215
B0120304747921N11959121WA0022500215
B0120314747921N11959121WA0022500216
B0120324747921N11959121WA0022500216
B0120334747921N11959121WA0022500216
B0120344747921N11959121WA0022500216
B0120354747921N11959121WA0022500216
B0120364747921N11959121WA0022500216
B0120374747921N11959121WA0022500216
B0120384747921N11959121WA0022500216
B0120394747921N11959121WA0022500217
B0120404747921N11959121WA0022500217
B0120414747921N11959121WA0022500217
B0120424747921N11959121WA0022500217
B0120434747921N11959121WA0022500217
B0120444747921N11959121WA0022500216
B0120454747921N11959121WA0022500216
B0120464747921N11959121WA0022500217
B0120474747921N11959121WA0022500217
B0120484747921N11959121WA0022500217
B0120494747921N11959121WA0022500217
B0120504747921N11959121WA0022500217
B0120514747921N11959121WA0022500217
B0120524747921N11959121WA0022500217
B0120534747921N11959121WA0022500218
B0120544747921N11959121WA0022500218
B0120554747921N11959121WA0022500218
B0120564747921N11959121WA0022500218
B0120574747921N11959121WA0022500218
B0120584747921N11959121WA0022500219
B0120594747921N11959121WA0022500219
B0121004747921N11959121WA0022500219
B0121014747921N11959121WA0022500219
B0121024747921N11959121WA0022500219
B0121034747921N11959121WA0022500219
B0121044747921N11959122WA0022500219
B0121054747921N11959122WA0022500218
B0121064747921N11959122WA0022500218
B0121074747921N11959122WA0022500218
B0121084747921N11959122WA0022500219
B0121094747921N11959122WA0022500219
B0121104747921N11959122WA0022500219
B0121114747921N11959122WA0022500219
B0121124747921N11959122WA0022500218
B0121134747921N11959122WA0022500218
B0121144747921N11959122WA0022500219
B0121154747921N11959121WA0022500219
B0121164747921N11959121WA0022500218
B0121174747921N11959121WA0022500218
B0121184747921N11959121WA0022500218
B0121194747921N11959121WA0022500218
B0121204747921N11959121WA0022500218
B0121214747921N11959121WA0022500218
B0121224747922N11959121WA0022500218
B0121234747922N11959121WA0022500217
B0121244747922N11959121WA0022500217
B0121254747922N11959121WA0022500217
B0121264747922N11959121WA0022500217
B0121274747922N11959121WA0022500217
B0121284747922N11959121WA0022500217
B0121294747921N11959121WA0022500217
B0121304747921N11959121WA0022500217
B0121314747921N11959121WA0022500217
B0121324747921N11959121WA0022500216
B0121334747921N11959121WA0022500216
B0121344747921N11959121WA0022500216
B0121354747921N11959121WA0022500216
B0121364747921N11959121WA0022500216
B0121374747921N11959121WA0022500216
B0121384747921N11959121WA0022500216
B0121394747921N11959121WA0022500215
B0121404747921N11959121WA0022500215
B0121414747921N11959121WA0022500215
B0121424747921N11959121WA0022500215
B0121434747921N11959121WA0022500215
B0121444747921N11959121WA0022500215
B0121454747921N11959121WA0022500215
B0121464747921N11959121WA0022500215
B0121474747921N11959121WA0022500214
B0121484747922N11959121WA0022500215
B0121494747922N11959121WA0022500215
B0121504747922N11959120WA0022500214
B0121514747922N11959120WA0022500214
B0121524747922N11959120WA0022500214
B0121534747922N11959120WA0022500214
B0121544747922N11959120WA0022500214
B0121554747922N11959120WA0022500214
B0121564747922N11959120WA0022500215
B0121574747922N11959120WA0022500215
B0121584747922N11959120WA0022500215
B0121594747922N11959120WA0022500215
B0122004747922N11959120WA0022500215
B0122014747922N11959120WA0022500215
B0122024747922N11959120WA0022500215
B0122034747922N11959120WA0022500215
B0122044747922N11959120WA0022500215
B0122054747922N11959120WA0022500215
B0122064747922N11959120WA0022500215
B0122074747922N11959120WA0022500215
B0122084747922N11959120WA0022500215
B0122094747922N11959120WA0022500215
B0122104747922N11959120WA0022500215
B0122114747922N11959120WA0022500215
B0122124747922N11959120WA0022500215
B0122134747922N11959120WA0022500215
B0122144747922N11959120WA0022500215
B0122154747922N11959120WA0022500215
B0122164747922N11959120WA0022500215
B0122174747922N11959120WA0022500215
B0122184747922N11959120WA0022500215
B0122194747922N11959120WA0022500215
B0122204747922N11959120WA0022500215
B0122214747922N11959120WA0022500215
B0122224747922N11959120WA0022500215
B0122234747922N11959120WA0022500215
B0122244747922N11959120WA0022500215
B0122254747922N11959120WA0022500216
B0122264747922N11959120WA0022500216
B0122274747922N11959120WA0022500216
B0122284747922N11959120WA0022500216
B0122294747922N11959119WA0022500216
B0122304747922N11959119WA0022500217
B0122314747922N11959119WA0022500217
B0122324747922N11959119WA0022500217
B0122334747922N11959119WA0022500217
B0122344747923N11959119WA0022500217
B0122354747923N11959119WA0022500217
B0122364747923N11959119WA0022500217
B0122374747923N11959119WA0022500218
B0122384747923N11959119WA0022500218
B0122394747923N11959119WA0022500218
B0122404747923N11959119WA0022500218
B0122414747923N11959119WA0022500218
B0122424747923N11959119WA0022500218
B0122434747923N11959119WA0022500218
B0122444747923N11959119WA0022500218
B0122454747923N11959119WA0022500218
B0122464747923N11959119WA0022500218
B0122474747923N11959119WA0022500218
B0122484747923N11959119WA0022500218
B0122494747923N11959119WA0022500218
B0122504747923N11959119WA0022500218
B0122514747923N11959119WA0022500218
B0122524747923N11959119WA0022500218
B0122534747923N11959119WA0022500218
B0122544747923N11959119WA0022500218
B0122554747923N11959119WA0022500218
B0122564747923N11959119WA0022500218
B0122574747923N11959119WA0022500217
B0122584747923N11959119WA0022500217
B0122594747923N11959119WA0022500217
B0123004747923N11959119WA0022500218
B0123014747923N11959119WA0022500218
B0123024747923N11959119WA0022500218
B0123034747923N11959119WA0022500217
B0123044747923N11959119WA0022500217
B0123054747923N11959119WA0022500217
B0123064747923N11959119WA0022500217
B0123074747923N11959119WA0022500217
B0123084747923N11959119WA0022500217
B0123094747923N11959119WA0022500217
B0123104747923N11959119WA0022500217
B0123114747923N11959119WA0022500217
B0123124747923N11959119WA0022500217
B0123134747923N11959119WA0022500217
B0123144747923N11959119WA0022500217
B0123154747923N11959119WA0022500217
B0123164747923N11959119WA0022500217
B0123174747923N11959119WA0022500217
B0123184747923N11959119WA0022500217
B0123194747923N11959119WA0022500217
B0123204747923N11959119WA0022500217
B0123214747923N11959119WA0022500217
B0123224747923N11959119WA0022500217
B0123234747923N11959119WA0022500217
B0123244747922N11959120WA0022500217
B0123254747922N11959120WA0022500217
B0123264747922N11959120WA0022500217
B0123274747922N11959120WA0022500217
B0123284747922N11959120WA0022500217
B0123294747922N11959120WA0022500217
B0123304747922N11959120WA0022500217
B0123314747923N11959120WA0022500218
B0123324747922N11959120WA0022500218
B0123334747922N11959120WA0022500217
B0123344747922N11959120WA0022500217
B0123354747922N11959120WA0022500217
B0123364747922N11959120WA0022500217
B0123374747922N11959120WA0022500218
B0123384747922N11959120WA0022500218
B0123394747922N11959120WA0022500218
B0123404747922N11959120WA0022500218
B0123414747922N11959120WA0022500218
B0123424747922N11959120WA0022500218
B0123434747922N11959120WA0022500218
B0123444747922N11959121WA0022500218
B0123454747922N11959121WA0022500218
B0123464747922N11959121WA0022500218
B0123474747922N11959121WA0022500218
B0123484747922N11959121WA0022500218
B0123494747922N11959121WA0022500218
B0123504747922N11959121WA0022500218
B0123514747922N11959121WA0022500218
B0123524747922N11959121WA0022500218
B0123534747922N11959121WA0022500218
B0123544747922N11959121WA0022500218
B0123554747922N11959121WA0022500218
B0123564747922N11959121WA0022500218
B0123574747922N11959121WA0022500218
B0123584747922N11959121WA0022500218
B0123594747922N11959121WA0022500218
B0124004747922N11959121WA0022500217
B0124014747922N11959121WA0022500217
B0124024747922N11959121WA0022500217
B0124034747922N11959121WA0022500218
B0124044747922N11959121WA0022500217
B0124054747922N11959121WA0022500217
B0124064747922N11959121WA0022500218
B0124074747922N11959121WA0022500218
B0124084747922N11959121WA0022500218
B0124094747922N11959121WA0022500217
B0124104747922N11959121WA0022500217
B0124114747922N11959121WA0022500217
B0124124747922N11959121WA0022500217
B0124134747922N11959121WA0022500217
B0124144747922N11959121WA0022500217
B0124154747922N11959121WA0022500218
B0124164747922N11959121WA0022500218
B0124174747922N11959121WA0022500218
B0124184747923N11959122WA0022500218
B0124194747923N11959123WA0022500219
B0124204747923N11959124WA0022500219
B0124214747924N11959125WA0022600220
B0124224747924N11959126WA0022600221
B0124234747924N11959126WA0022600222
B0124244747924N11959127WA0022700223
B0124254747924N11959128WA0022700223
B0124264747924N11959129WA0022700224
B0124274747924N11959130WA0022700225
B0124284747924N11959131WA0022700225
B0124294747924N11959132WA0022800225
B0124304747924N11959132WA0022800226
B0124314747924N11959133WA0022800225
B0124324747923N11959133WA0022800225
B0124334747923N11959133WA0022800224
B0124344747923N11959132WA0022800224
B0124354747923N11959132WA0022800224
B0124364747923N11959132WA0022800224
B0124374747923N11959132WA0022800224
B0124384747923N11959132WA0022800224
B0124394747923N11959132WA0022800223
B0124404747923N11959132WA0022800224
B0124414747923N11959132WA0022800224
B0124424747923N11959132WA0022800223
B0124434747923N11959132WA0022800223
B0124444747922N11959132WA0022800223
B0124454747922N11959131WA0022800223
B0124464747922N11959131WA0022800223
B0124474747922N11959132WA0022800223
B0124484747922N11959132WA0022800223
B0124494747923N11959132WA0022800223
B0124504747923N11959132WA0022800223
B0124514747923N11959132WA0022800223
B0124524747923N11959132WA0022900223
B0124534747923N11959132WA0022800223
B0124544747923N11959132WA0022800222
B0124554747923N11959132WA0022800222
B0124564747923N11959132WA0022800221
B0124574747923N11959132WA0022800221
B0124584747923N11959132WA0022800221
B0124594747923N11959132WA0022800221
B0125004747923N11959133WA0022800221
B0125014747923N11959133WA0022800221
B0125024747923N11959133WA0022800220
B0125034747923N11959133WA0022800220
B0125044747923N11959133WA0022800220
B0125054747923N11959133WA0022800220
B0125064747923N11959133WA0022800220
B0125074747923N11959133WA0022800221
B0125084747923N11959133WA0022800221
B0125094747923N11959133WA0022800220
B0125104747923N11959133WA0022800221
B0125114747923N11959133WA0022800221
B0125124747923N11959133WA0022800221
B0125134747923N11959133WA0022800221
B0125144747923N11959133WA0022800221
B0125154747923N11959133WA0022800221
B0125164747923N11959133WA0022800221
B0125174747923N11959133WA0022800221
B0125184747923N11959133WA0022800221
B0125194747923N11959133WA0022800221
B0125204747923N11959133WA0022800220
B0125214747923N11959133WA0022800220
B0125224747923N11959133WA0022800220
B0125234747923N11959133WA0022800220
B0125244747923N11959133WA0022800220
B0125254747923N11959133WA0022800220
B0125264747924N11959133WA0022800220
B0125274747923N11959133WA0022800220
B0125284747924N11959134WA0022800220
B0125294747924N11959134WA0022800220
B0125304747924N11959134WA0022800219
B0125314747924N11959134WA0022800219
B0125324747924N11959134WA0022800219
B0125334747924N11959134WA0022800219
B0125344747924N11959134WA0022800220
B0125354747924N11959134WA0022800220
B0125364747924N11959134WA0022800220
B0125374747924N11959134WA0022800220
B0125384747924N11959133WA0022800220
B0125394747924N11959134WA0022800220
B0125404747924N11959134WA0022800220
B0125414747924N11959133WA0022800220
B0125424747924N11959133WA0022800220
B0125434747924N11959134WA0022800220
B0125444747924N11959134WA0022800219
B0125454747924N11959134WA0022800218
B0125464747924N11959134WA0022800218
B0125474747924N11959134WA0022800217
B0125484747924N11959134WA0022800217
B0125494747924N11959134WA0022800216
B0125504747924N11959134WA0022800215
B0125514747924N11959134WA0022800215
B0125524747924N11959134WA0022800214
B0125534747923N11959134WA0022800214
B0125544747923N11959134WA0022800212
B0125554747923N11959134WA0022800211
B0125564747923N11959135WA0022800210
B0125574747923N11959135WA0022800209
B0125584747923N11959135WA0022800207
B0125594747923N11959135WA0022800207
B0126004747923N11959136WA0022800206
B0126014747923N11959136WA0022800205
B0126024747923N11959136WA0022800205
B0126034747923N11959136WA0022800206
B0126044747923N11959136WA0022800206
B0126054747923N11959136WA0022800206
B0126064747923N11959136WA0022800206
B0126074747923N11959136WA0022800206
B0126084747923N11959136WA0022800207
B0126094747923N11959136WA0022800207
B0126104747923N11959136WA0022800207
B0126114747923N11959136WA0022800206
B0126124747923N11959136WA0022800207
B0126134747923N11959136WA0022800207
B0126144747923N11959136WA0022800208
B0126154747923N11959136WA0022800208
B0126164747923N11959136WA0022800207
B0126174747923N11959136WA0022800208
B0126184747924N11959135WA0022800209
B0126194747924N11959135WA0022800211
B0126204747924N11959135WA0022800212
B0126214747924N11959135WA0022800212
B0126224747924N11959135WA0022800212
B0126234747924N11959136WA0022800212
B0126244747924N11959136WA0022800212
B0126254747923N11959136WA0022800212
B0126264747924N11959136WA0022800212
B0126274747924N11959136WA0022800212
B0126284747924N11959136WA0022800212
B0126294747924N11959136WA0022800212
B0126304747924N11959136WA0022800212
B0126314747924N11959136WA0022800212
B0126324747923N11959136WA0022800212
B0126334747923N11959136WA0022800212
B0126344747923N11959136WA0022800212
B0126354747923N11959136WA0022800212
B0126364747923N11959136WA0022800212
B0126374747923N11959136WA0022800212
B0126384747923N11959136WA0022800211
B0126394747923N11959136WA0022800212
B0126404747923N11959136WA0022800212
B0126414747923N11959136WA0022800212
B0126424747923N11959136WA0022800212
B0126434747923N11959136WA0022800212
B0126444747923N11959136WA0022800212
B0126454747923N11959136WA0022800212
B0126464747923N11959136WA0022800212
B0126474747923N11959136WA0022800211
B0126484747923N11959136WA0022800212
B0126494747923N11959136WA0022800212
B0126504747923N11959136WA0022800211
B0126514747923N11959136WA0022800211
B0126524747923N11959136WA0022800211
B0126534747923N11959136WA0022800211
B0126544747923N11959136WA0022800211
B0126554747923N11959136WA0022800211
B0126564747923N11959136WA0022800210
B0126574747923N11959136WA0022800211
B0126584747923N11959136WA0022800211
B0126594747923N11959136WA0022800211
B0127004747923N11959136WA0022800211
B0127014747923N11959136WA0022800211
B0127024747923N11959136WA0022800211
B0127034747923N11959136WA0022800211
B0127044747923N11959136WA0022800211
B0127054747923N11959136WA0022800211
B0127064747923N11959136WA0022800211
B0127074747923N11959136WA0022800211
B0127084747923N11959136WA0022800210
B0127094747923N11959136WA0022800209
B0127104747923N11959136WA0022800209
B0127114747923N11959136WA0022800209
B0127124747923N11959136WA0022800209
B0127134747923N11959136WA0022800209
B0127144747923N11959136WA0022800209
B0127154747923N11959136WA0022800209
B0127164747923N11959136WA0022800209
B0127174747922N11959136WA0022800210
B0127184747922N11959136WA0022800210
B0127194747922N11959136WA0022800210
B0127204747922N11959136WA0022800211
B0127214747922N11959135WA0022800211
B0127224747923N11959135WA0022800211
B0127234747923N11959135WA0022800212
B0127244747923N11959135WA0022800212
B0127254747923N11959135WA0022800213
B0127264747923N11959135WA0022800213
B0127274747923N11959135WA0022800214
B0127284747923N11959135WA0022800214
B0127294747923N11959135WA0022800214
B0127304747923N11959135WA0022800215
B0127314747923N11959135WA0022800215
B0127324747923N11959135WA0022800215
B0127334747923N11959135WA0022800215
B0127344747923N11959135WA0022800215
B0127354747923N11959136WA0022800215
B0127364747923N11959136WA0022800215
B0127374747923N11959136WA0022800216
B0127384747923N11959136WA0022800216
B0127394747923N11959136WA0022800216
B0127404747923N11959136WA0022800216
B0127414747923N11959136WA0022800216
B0127424747923N11959136WA0022800216
B0127434747923N11959136WA0022800217
B0127444747923N11959136WA0022800217
B0127454747923N11959136WA0022800216
B0127464747923N11959136WA0022800216
B0127474747923N11959136WA0022800216
B0127484747923N11959136WA0022800216
B0127494747923N11959136WA0022800216
B0127504747923N11959136WA0022800216
B0127514747923N11959136WA0022800216
B0127524747923N11959136WA0022800216
B0127534747923N11959136WA0022800216
B0127544747923N11959136WA0022800215
B0127554747923N11959136WA0022800215
B0127564747923N11959136WA0022800215
B0127574747923N11959136WA0022800215
B0127584747923N11959136WA0022800216
B0127594747923N11959136WA0022800216
B0128004747923N11959136WA0022800216
B0128014747923N11959136WA0022800216
B0128024747923N11959136WA0022800216
B0128034747923N11959136WA0022800216
B0128044747923N11959136WA0022800216
B0128054747923N11959136WA0022800217
B0128064747923N11959136WA0022800217
B0128074747923N11959136WA0022800217
B0128084747923N11959136WA0022800217
B0128094747922N11959136WA0022800217
B0128104747922N11959136WA0022800216
B0128114747922N11959136WA0022800216
B0128124747922N11959136WA0022800216
B0128134747922N11959136WA0022800216
B0128144747922N11959136WA0022800216
B0128154747922N11959136WA0022800216
B0128164747922N11959135WA0022800217
B0128174747923N11959135WA0022800217
B0128184747923N11959135WA0022800217
B0128194747923N11959135WA0022800217
B0128204747923N11959135WA0022800217
B0128214747923N11959135WA0022800217
B0128224747923N11959135WA0022800217
B0128234747923N11959135WA0022800217
B0128244747923N11959135WA0022800217
B0128254747923N11959135WA0022800216
B0128264747922N11959135WA0022800216
B0128274747922N11959135WA0022800216
B0128284747922N11959135WA0022800216
B0128294747922N11959135WA0022800216
B0128304747922N11959135WA0022800216
B0128314747922N11959135WA0022800217
B0128324747922N11959135WA0022800217
B0128334747922N11959135WA0022800217
B0128344747922N11959135WA0022800217
B0128354747922N11959135WA0022800217
B0128364747922N11959136WA0022800217
B0128374747922N11959136WA0022800217
B0128384747922N11959136WA0022800217
B0128394747922N11959136WA0022800217
B0128404747922N11959136WA0022800218
B0128414747922N11959136WA0022800218
B0128424747922N11959136WA0022800218
B0128434747922N11959136WA0022800218
B0128444747923N11959136WA0022800218
B0128454747923N11959136WA0022800218
B0128464747923N11959136WA0022800218
B0128474747923N11959136WA0022800218
B0128484747923N11959136WA0022800218
B0128494747923N11959136WA0022800218
B0128504747923N11959136WA0022800218
B0128514747923N11959136WA0022800218
B0128524747923N11959136WA0022800218
B0128534747923N11959136WA0022800219
B0128544747923N11959136WA0022800218
B0128554747923N11959136WA0022800218
B0128564747923N11959136WA0022800218
B0128574747923N11959136WA0022800218
B0128584747923N11959136WA0022800218
B0128594747923N11959136WA0022800218
B0129004747923N11959136WA0022800218
B0129014747923N11959136WA0022800218
B0129024747923N11959136WA0022800218
B0129034747923N11959136WA0022800218
B0129044747923N11959136WA0022800218
B0129054747923N11959136WA0022800218
B0129064747923N11959136WA0022800218
B0129074747923N11959136WA0022800218
B0129084747923N11959136WA0022800218
B0129094747923N11959136WA0022800218
B0129104747923N11959136WA0022800218
B0129114747923N11959136WA0022800218
B0129124747923N11959136WA0022800218
B0129134747923N11959136WA0022800218
B0129144747923N11959136WA0022800218
B0129154747923N11959136WA0022800218
B0129164747923N11959136WA0022800218
B0129174747923N11959136WA0022800218
B0129184747923N11959136WA0022800218
B0129194747923N11959136WA0022800218
B0129204747923N11959136WA0022800218
B0129214747923N11959136WA0022800218
B0129224747923N11959136WA0022800218
B0129234747923N11959136WA0022800218
B0129244747923N11959136WA0022800218
B0129254747923N11959136WA0022800218
B0129264747923N11959136WA0022800218
B0129274747923N11959136WA0022800218
B0129284747923N11959136WA0022800218
B0129294747923N11959136WA0022800219
B0129304747923N11959136WA0022800219
B0129314747923N11959136WA0022800219
B0129324747923N11959136WA0022800219
B0129334747923N11959136WA0022800220
B0129344747923N11959136WA0022800220
B0129354747923N11959136WA0022800220
B0129364747923N11959136WA0022800220
B0129374747923N11959136WA0022800221
B0129384747923N11959136WA0022800221
B0129394747923N11959136WA0022800221
B0129404747923N11959136WA0022800221
B0129414747923N11959136WA0022800221
B0129424747923N11959136WA0022800222
B0129434747923N11959136WA0022800222
B0129444747923N11959136WA0022800222
B0129454747923N11959136WA0022800222
B0129464747923N11959136WA0022800222
B0129474747923N11959136WA0022800222
B0129484747923N11959136WA0022800222
B0129494747923N11959136WA0022800222
B0129504747923N11959136WA0022800223
B0129514747923N11959135WA0022800223
B0129524747923N11959135WA0022800223
B0129534747923N11959135WA0022800223
B0129544747923N11959135WA0022800224
B0129554747923N11959135WA0022800224
B0129564747923N11959135WA0022800224
B0129574747923N11959135WA0022800224
B0129584747923N11959135WA0022800224
B0129594747923N11959135WA0022800224
B0130004747923N11959135WA0022800224
B0130014747923N11959135WA0022800223
B0130024747923N11959136WA0022800223
B0130034747923N11959136WA0022800223
B0130044747923N11959136WA0022800223
B0130054747923N11959136WA0022800223
B0130064747923N11959136WA0022800223
B0130074747923N11959136WA0022800222
B0130084747923N11959136WA0022800222
B0130094747923N11959136WA0022800222
B0130104747923N11959136WA0022800222
B0130114747923N11959136WA0022800221
B0130124747923N11959136WA0022800221
B0130134747923N11959136WA0022800220
B0130144747923N11959136WA0022800219
B0130154747923N11959136WA0022800218
B0130164747923N11959136WA0022800218
B0130174747923N11959136WA0022800218
B0130184747923N11959136WA0022800218
B0130194747923N11959136WA0022800218
B0130204747923N11959136WA0022800217
B0130214747923N11959136WA0022800217
B0130224747923N11959136WA0022800217
B0130234747923N11959136WA0022800217
B0130244747923N11959136WA0022800217
B0130254747923N11959136WA0022800216
B0130264747923N11959136WA0022800216
B0130274747923N11959136WA0022800216
B0130284747923N11959136WA0022800216
B0130294747923N11959136WA0022800215
B0130304747923N11959136WA0022800215
B0130314747923N11959135WA0022800215
B0130324747923N11959135WA0022800215
B0130334747923N11959136WA0022800215
B0130344747923N11959136WA0022800216
B0130354747923N11959136WA0022800216
B0130364747923N11959136WA0022800216
B0130374747923N11959136WA0022800216
B0130384747923N11959136WA0022800216
B0130394747923N11959136WA0022800216
B0130404747923N11959136WA0022800216
B0130414747923N11959136WA0022800216
B0130424747923N11959136WA0022800217
B0130434747923N11959136WA0022800217
B0130444747923N11959136WA0022800218
B0130454747923N11959136WA0022800218
B0130464747923N11959136WA0022800218
B0130474747922N11959136WA0022800219
B0130484747922N11959136WA0022800219
B0130494747922N11959136WA0022800219
B0130504747922N11959136WA0022800219
B0130514747922N11959136WA0022800219
B0130524747922N11959136WA0022800219
B0130534747922N11959137WA0022800219
B0130544747921N11959137WA0022800218
B0130554747921N11959137WA0022800218
B0130564747921N11959137WA0022800218
B0130574747921N11959137WA0022800218
B0130584747921N11959137WA0022800218
B0130594747922N11959137WA0022800219
B0131004747922N11959137WA0022800219
B0131014747922N11959137WA0022800219
B0131024747922N11959137WA0022800220
B0131034747922N11959137WA0022800220
B0131044747922N11959137WA0022800220
B0131054747922N11959137WA0022800220
B0131064747922N11959137WA0022800220
B0131074747922N11959137WA0022800220
B0131084747921N11959137WA0022800219
B0131094747921N11959137WA0022800219
B0131104747921N11959137WA0022800219
B0131114747921N11959137WA0022800220
B0131124747921N11959137WA0022800220
B0131134747921N11959137WA0022800220
B0131144747921N11959137WA0022800220
B0131154747922N11959137WA0022800220
B0131164747922N11959137WA0022800220
B0131174747921N11959137WA0022800219
B0131184747922N11959137WA0022800220
B0131194747922N11959137WA0022800219
B0131204747922N11959137WA0022800219
B0131214747922N11959137WA0022800219
B0131224747922N11959137WA0022800219
B0131234747922N11959137WA0022800218
B0131244747922N11959137WA0022800218
B0131254747922N11959137WA0022800218
B0131264747922N11959137WA0022800218
B0131274747922N11959137WA0022800218
B0131284747922N11959137WA0022800218
B0131294747922N11959137WA0022800218
B0131304747922N11959137WA0022800217
B0131314747922N11959137WA0022800217
B0131324747922N11959137WA0022800217
B0131334747922N11959137WA0022800217
B0131344747922N11959137WA0022800217
B0131354747922N11959137WA0022800217
B0131364747922N11959136WA0022800217
B0131374747923N11959136WA0022800218
B0131384747923N11959136WA0022800219
B0131394747923N11959136WA0022800219
B0131404747924N11959135WA0022800219
B0131414747924N11959135WA0022800220
B0131424747924N11959135WA0022800220
B0131434747924N11959135WA0022800220
B0131444747924N11959135WA0022800220
B0131454747924N11959135WA0022800220
B0131464747924N11959135WA0022800221
B0131474747924N11959135WA0022800221
B0131484747924N11959135WA0022800221
B0131494747924N11959135WA0022900221
B0131504747924N11959135WA0022800221
B0131514747924N11959135WA0022800222
B0131524747924N11959135WA0022800222
B0131534747924N11959135WA0022800222
B0131544747924N11959135WA0022800223
B0131554747924N11959135WA0022900222
B0131564747924N11959135WA0022800222
B0131574747924N11959135WA0022800222
B0131584747924N11959135WA0022800222
B0131594747924N11959135WA0022800222
B0132004747924N11959135WA0022800222
B0132014747924N11959135WA0022800223
B0132024747924N11959135WA0022800223
B0132034747924N11959135WA0022800223
B0132044747924N11959135WA0022800223
B0132054747924N11959135WA0022800224
B0132064747924N11959135WA0022800225
B0132074747923N11959135WA0022800225
B0132084747923N11959135WA0022800226
B0132094747923N11959135WA0022900226
B0132104747923N11959135WA0022900226
B0132114747923N11959135WA0022900225
B0132124747923N11959135WA0022800225
B0132134747923N11959135WA0022800225
B0132144747923N11959135WA0022800225
B0132154747923N11959135WA0022800225
B0132164747923N11959135WA0022800226
B0132174747923N11959135WA0022800226
B0132184747923N11959135WA0022800227
B0132194747923N11959135WA0022800228
B0132204747923N11959135WA0022800228
B0132214747924N11959135WA0022900229
B0132224747923N11959135WA0022800230
B0132234747923N11959135WA0022800231
B0132244747924N11959135WA0022800231
B0132254747924N11959135WA0022800233
B0132264747924N11959135WA0022800233
B0132274747923N11959135WA0022800234
B0132284747923N11959134WA0022800235
B0132294747924N11959135WA0022800234
B0132304747924N11959135WA0022800235
B0132314747924N11959135WA0022800235
B0132324747924N11959135WA0022800235
B0132334747924N11959135WA0022800236
B0132344747925N11959135WA0022900238
B0132354747925N11959135WA0022800239
B0132364747925N11959135WA0022800240
B0132374747925N11959135WA0022900241
B0132384747925N11959135WA0022900241
B0132394747925N11959135WA0022800241
B0132404747925N11959135WA0022800240
B0132414747925N11959135WA0022900239
B0132424747925N11959135WA0022800239
B0132434747925N11959135WA0022900239
B0132444747925N11959135WA0022800239
B0132454747925N11959135WA0022800239
B0132464747925N11959135WA0022800238
B0132474747925N11959135WA0022800238
B0132484747925N11959135WA0022800238
B0132494747925N11959135WA0022900238
B0132504747925N11959135WA0022900237
B0132514747925N11959135WA0022900236
B0132524747925N11959135WA0022900236
B0132534747925N11959135WA0022900236
B0132544747925N11959135WA0022800236
B0132554747926N11959135WA0022900237
B0132564747926N11959135WA0022900237
B0132574747926N11959135WA0022800237
B0132584747926N11959135WA0022800237
B0132594747926N11959135WA0022800237
B0133004747926N11959135WA0022900237
B0133014747926N11959135WA0022900238
B0133024747926N11959135WA0022800238
B0133034747926N11959135WA0022900238
B0133044747926N11959135WA0022900238
B0133054747927N11959135WA0022900238
B0133064747927N11959135WA0022900238
B0133074747927N11959135WA0022800238
B0133084747927N11959135WA0022800238
B0133094747927N11959135WA0022900238
B0133104747927N11959135WA0022800239
B0133114747927N11959135WA0022800239
B0133124747927N11959135WA0022900239
B0133134747927N11959135WA0022800239
B0133144747927N11959135WA0022800239
B0133154747927N11959135WA0022900239
B0133164747927N11959135WA0022800239
B0133174747927N11959135WA0022900239
B0133184747927N11959135WA0022800240
B0133194747927N11959135WA0022800240
B0133204747927N11959135WA0022900240
B0133214747927N11959135WA0022800240
B0133224747927N11959135WA0022800240
B0133234747927N11959135WA0022900241
B0133244747927N11959135WA0022800241
B0133254747927N11959135WA0022800241
B0133264747927N11959135WA0022900241
B0133274747927N11959135WA0022900240
B0133284747927N11959135WA0022800240
B0133294747927N11959135WA0022900240
B0133304747927N11959135WA0022800240
B0133314747927N11959135WA0022800240
B0133324747927N11959135WA0022800240
B0133334747927N11959135WA0022900241
B0133344747927N11959135WA0022800241
B0133354747927N11959135WA0022800241
B0133364747927N11959135WA0022800241
B0133374747927N11959135WA0022800241
B0133384747927N11959135WA0022800241
B0133394747927N11959135WA0022800241
B0133404747927N11959135WA0022800241
B0133414747927N11959135WA0022800241
B0133424747926N11959135WA0022800241
B0133434747926N11959135WA0022800242
B0133444747926N11959135WA0022800242
B0133454747926N11959135WA0022800242
B0133464747926N11959135WA0022800242
B0133474747926N11959135WA0022900242
B0133484747926N11959135WA0022800242
B0133494747926N11959135WA0022800241
B0133504747926N11959135WA0022800241
B0133514747926N11959135WA0022800241
B0133524747926N11959135WA0022800241
B0133534747926N11959135WA0022900241
B0133544747926N11959135WA0022800241
B0133554747926N11959135WA0022800240
B0133564747926N11959135WA0022800240
B0133574747926N11959135WA0022800240
B0133584747926N11959135WA0022800240
B0133594747926N11959135WA0022800240
B0134004747926N11959135WA0022800240
B0134014747926N11959135WA0022800240
B0134024747926N11959135WA0022800240
B0134034747926N11959135WA0022800240
B0134044747927N11959135WA0022900240
B0134054747926N11959135WA0022800240
B0134064747927N11959135WA0022800240
B0134074747927N11959135WA0022800241
B0134084747926N11959135WA0022800241
B0134094747926N11959135WA0022800241
B0134104747926N11959135WA0022800241
B0134114747926N11959135WA0022800240
B0134124747926N11959135WA0022800240
B0134134747926N11959135WA0022900240
B0134144747926N11959135WA0022900240
B0134154747926N11959135WA0022800240
B0134164747926N11959135WA0022900239
B0134174747926N11959135WA0022800239
B0134184747926N11959135WA0022900239
B0134194747926N11959135WA0022900239
B0134204747926N11959135WA0022900239
B0134214747926N11959135WA0022800238
B0134224747926N11959135WA0022900238
B0134234747926N11959135WA0022900238
B0134244747926N11959135WA0022800238
B0134254747926N11959135WA0022800238
B0134264747926N11959135WA0022800238
B0134274747927N11959135WA0022800237
B0134284747927N11959135WA0022800237
B0134294747927N11959135WA0022800237
B0134304747927N11959135WA0022900238
B0134314747927N11959135WA0022800238
B0134324747927N11959135WA0022800238
B0134334747927N11959135WA0022800238
B0134344747927N11959135WA0022900237
B0134354747927N11959135WA0022800237
B0134364747927N11959135WA0022800237
B0134374747927N11959135WA0022900237
B0134384747927N11959135WA0022900236
B0134394747927N11959135WA0022800236
B0134404747927N11959135WA0022800236
B0134414747927N11959135WA0022800236
B0134424747927N11959135WA0022800236
B0134434747927N11959135WA0022800236
B0134444747927N11959135WA0022800236
B0134454747926N11959135WA0022800236
B0134464747926N11959135WA0022800236
B0134474747926N11959135WA0022800236
B0134484747926N11959135WA0022800236
B0134494747926N11959135WA0022800235
B0134504747926N11959135WA0022800235
B0134514747926N11959135WA0022800235
B0134524747926N11959135WA0022800235
B0134534747927N11959135WA0022900235
B0134544747927N11959135WA0022800235
B0134554747927N11959135WA0022800235
B0134564747927N11959135WA0022900235
B0134574747926N11959135WA0022800235
B0134584747926N11959135WA0022800235
B0134594747926N11959135WA0022800234
B0135004747926N11959135WA0022900234
B0135014747926N11959135WA0022800234
B0135024747926N11959135WA0022800234
B0135034747926N11959135WA0022800234
B0135044747926N11959135WA0022900233
B0135054747926N11959134WA0022800233
B0135064747926N11959134WA0022900233
B0135074747926N11959134WA0022800232
B0135084747926N11959134WA0022800232
B0135094747926N11959134WA0022800232
B0135104747926N11959134WA0022800232
B0135114747926N11959134WA0022800231
B0135124747926N11959134WA0022800232
B0135134747926N11959134WA0022800231
B0135144747926N11959134WA0022800231
B0135154747926N11959134WA0022800231
B0135164747926N11959134WA0022800231
B0135174747926N11959134WA0022800231
B0135184747926N11959134WA0022800232
B0135194747926N11959134WA0022800231
B0135204747926N11959134WA0022800231
B0135214747926N11959134WA0022800231
B0135224747926N11959134WA0022800231
B0135234747926N11959134WA0022800230
B0135244747926N11959134WA0022800230
B0135254747926N11959134WA0022900229
B0135264747926N11959134WA0022800229
B0135274747926N11959134WA0022800229
B0135284747926N11959134WA0022800229
B0135294747926N11959134WA0022900229
B0135304747926N11959134WA0022800229
B0135314747926N11959134WA0022800229
B0135324747926N11959134WA0022800229
B0135334747926N11959134WA0022800228
B0135344747926N11959134WA0022900228
B0135354747926N11959134WA0022800228
B0135364747926N11959134WA0022800228
B0135374747925N11959134WA0022800228
B0135384747925N11959134WA0022800228
B0135394747925N11959134WA0022800228
B0135404747925N11959134WA0022900228
B0135414747925N11959134WA0022800228
B0135424747925N11959134WA0022800228
B0135434747925N11959134WA0022800228
B0135444747925N11959134WA0022800228
B0135454747925N11959134WA0022800229
B0135464747925N11959134WA0022800229
B0135474747925N11959134WA0022800229
B0135484747925N11959134WA0022900229
B0135494747925N11959134WA0022800229
B0135504747925N11959134WA0022800229
B0135514747925N11959134WA0022800230
B0135524747925N11959134WA0022800230
B0135534747925N11959134WA0022800231
B0135544747925N11959134WA0022900231
B0135554747925N11959134WA0022800231
B0135564747925N11959134WA0022800232
B0135574747925N11959134WA0022800232
B0135584747925N11959134WA0022800232
B0135594747925N11959133WA0022800233
B0136004747925N11959134WA0022800233
B0136014747925N11959134WA0022800233
B0136024747925N11959133WA0022900233
B0136034747925N11959133WA0022800233
B0136044747925N11959133WA0022800234
B0136054747925N11959133WA0022800234
B0136064747925N11959133WA0022900234
B0136074747925N11959133WA0022800234
B0136084747925N11959133WA0022800235
B0136094747925N11959133WA0022800235
B0136104747925N11959133WA0022800235
B0136114747925N11959133WA0022800236
B0136124747925N11959133WA0022800236
B0136134747925N11959133WA0022800237
B0136144747925N11959132WA0022800237
B0136154747925N11959132WA0022800237
B0136164747925N11959132WA0022800238
B0136174747925N11959132WA0022800238
B0136184747925N11959132WA0022800238
B0136194747925N11959132WA0022800238
B0136204747925N11959132WA0022800239
B0136214747925N11959132WA0022800239
B0136224747925N11959132WA0022800239
B0136234747925N11959132WA0022800239
B0136244747926N11959132WA0022800239
B0136254747926N11959132WA0022800239
B0136264747926N11959132WA0022800240
B0136274747926N11959132WA0022900240
B0136284747926N11959132WA0022900240
B0136294747926N11959132WA0022800240
B0136304747926N11959132WA0022800240
B0136314747926N11959132WA0022800240
B0136324747926N11959132WA0022800240
B0136334747926N11959132WA0022800240
B0136344747926N11959132WA0022800240
B0136354747926N11959132WA0022800240
B0136364747926N11959131WA0022800240
B0136374747926N11959131WA0022800240
B0136384747926N11959131WA0022800240
B0136394747926N11959131WA0022800240
B0136404747926N11959131WA0022800240
B0136414747926N11959131WA0022800240
B0136424747926N11959131WA0022800240
B0136434747926N11959131WA0022800240
B0136444747926N11959132WA0022800239
B0136454747926N11959132WA0022900239
B0136464747926N11959132WA0022800239
B0136474747926N11959132WA0022800239
B0136484747926N11959132WA0022800239
B0136494747926N11959132WA0022800239
B0136504747926N11959132WA0022800240
B0136514747926N11959132WA0022800240
B0136524747926N11959132WA0022800240
B0136534747926N11959132WA0022800240
B0136544747926N11959132WA0022800240
B0136554747926N11959132WA0022800240
B0136564747927N11959132WA0022800240
B0136574747927N11959132WA0022800239
B0136584747927N11959132WA0022800239
B0136594747927N11959132WA0022800240
B0137004747926N11959132WA0022800240
B0137014747926N11959132WA0022800241
B0137024747926N11959132WA0022800242
B0137034747926N11959132WA0022800242
B0137044747926N11959132WA0022800242
B0137054747926N11959132WA0022800242
B0137064747926N11959132WA0022800243
B0137074747926N11959132WA0022800243
B0137084747926N11959132WA0022800244
B0137094747926N11959132WA0022800244
B0137104747926N11959132WA0022800244
B0137114747926N11959131WA0022800244
B0137124747926N11959131WA0022800243
B0137134747926N11959131WA0022800243
B0137144747926N11959131WA0022800243
B0137154747926N11959131WA0022800244
B0137164747926N11959131WA0022800244
B0137174747926N11959132WA0022800244
B0137184747926N11959132WA0022800244
B0137194747926N11959132WA0022800243
B0137204747926N11959132WA0022800243
B0137214747926N11959132WA0022800243
B0137224747926N11959132WA0022800243
B0137234747926N11959132WA0022800243
B0137244747926N11959132WA0022800244
B0137254747926N11959132WA0022800244
B0137264747926N11959132WA0022800244
B0137274747926N11959132WA0022800244
B0137284747926N11959132WA0022800244
B0137294747926N11959132WA0022800245
B0137304747926N11959132WA0022900244
B0137314747926N11959132WA0022800244
B0137324747926N11959132WA0022800245
B0137334747926N11959132WA0022800245
B0137344747926N11959132WA0022800245
B0137354747926N11959132WA0022800246
B0137364747926N11959132WA0022800246
B0137374747926N11959132WA0022800246
B0137384747926N11959132WA0022800246
B0137394747926N11959132WA0022800246
B0137404747926N11959132WA0022800246
B0137414747925N11959132WA0022800247
B0137424747925N11959132WA0022800247
B0137434747925N11959132WA0022800247
B0137444747925N11959132WA0022800248
B0137454747925N11959132WA0022800248
B0137464747926N11959132WA0022800248
B0137474747926N11959132WA0022800248
B0137484747926N11959132WA0022800248
B0137494747925N11959132WA0022900249
B0137504747925N11959132WA0022800249
B0137514747925N11959132WA0022800249
B0137524747925N11959132WA0022800249
B0137534747925N11959132WA0022800248
B0137544747925N11959132WA0022800247
B0137554747925N11959132WA0022800246
B0137564747925N11959132WA0022800246
B0137574747925N11959132WA0022800245
B0137584747925N11959132WA0022800244
B0137594747925N11959132WA0022800244
B0138004747925N11959132WA0022800244
B0138014747925N11959132WA0022800244
B0138024747925N11959132WA0022800244
B0138034747925N11959132WA0022800244
B0138044747925N11959132WA0022800244
B0138054747925N11959132WA0022800244
B0138064747925N11959132WA0022800243
B0138074747925N11959132WA0022800243
B0138084747925N11959132WA0022800243
B0138094747925N11959132WA0022800242
B0138104747925N11959132WA0022800242
B0138114747925N11959132WA0022800242
B0138124747925N11959132WA0022800242
B0138134747925N11959132WA0022800242
B0138144747925N11959132WA0022800243
B0138154747925N11959132WA0022800243
B0138164747925N11959132WA0022800243
B0138174747925N11959133WA0022800242
B0138184747925N11959133WA0022800241
B0138194747925N11959133WA0022800241
B0138204747925N11959133WA0022800241
B0138214747925N11959133WA0022800241
B0138224747926N11959133WA0022800241
B0138234747926N11959133WA0022800241
B0138244747926N11959133WA0022800241
B0138254747926N11959133WA0022800242
B0138264747926N11959133WA0022800242
B0138274747926N11959133WA0022800243
B0138284747926N11959133WA0022800243
B0138294747927N11959133WA0022800244
B0138304747928N11959133WA0022800245
B0138314747928N11959132WA0022800246
B0138324747929N11959132WA0022800245
B0138334747930N11959132WA0022800245
B0138344747931N11959131WA0022800246
B0138354747931N11959131WA0022800247
B0138364747932N11959130WA0022800247
B0138374747932N11959130WA0022800248
B0138384747933N11959130WA0022800248
B0138394747934N11959130WA0022800246
B0138404747934N11959130WA0022800245
B0138414747935N11959130WA0022800245
B0138424747936N11959130WA0022800245
B0138434747936N11959129WA0022800246
B0138444747937N11959130WA0022800246
B0138454747938N11959130WA0022800245
B0138464747940N11959130WA0022800244
B0138474747940N11959130WA0022800245
B0138484747941N11959130WA0022800245
B0138494747942N11959131WA0022800244
B0138504747943N11959132WA0022800244
B0138514747944N11959133WA0022800244
B0138524747945N11959134WA0022800243
B0138534747945N11959135WA0022800242
B0138544747946N11959137WA0022800241
B0138554747946N11959138WA0022800239
B0138564747947N11959140WA0022800238
B0138574747948N11959143WA0022900238
B0138584747948N11959145WA0022900238
B0138594747949N11959148WA0022900238
B0139004747949N11959151WA0022900238
B0139014747950N11959154WA0022900234
B0139024747950N11959158WA0022900233
B0139034747951N11959162WA0022900230
B0139044747951N11959165WA0023000230
B0139054747952N11959169WA0023000228
B0139064747953N11959174WA0023000229
B0139074747954N11959178WA0023100229
B0139084747955N11959183WA0023100229
B0139094747956N11959187WA0023100229
B0139104747957N11959191WA0023100230
B0139114747957N11959195WA0023100230
B0139124747958N11959198WA0023100228
B0139134747959N11959201WA0023100226
B0139144747960N11959204WA0023100226
B0139154747961N11959207WA0023100228
B0139164747963N11959209WA0023100229
B0139174747965N11959212WA0023100230
B0139184747967N11959214WA0023100228
B0139194747970N11959215WA0023100230
B0139204747974N11959214WA0023100230
B0139214747977N11959213WA0023100231
B0139224747981N11959211WA0023100231
B0139234747985N11959209WA0023100231
B0139244747990N11959207WA0023100231
B0139254747996N11959204WA0023100232
B0139264748002N11959201WA0023100233
B0139274748008N11959197WA0023100232
B0139284748014N11959195WA0023200232
B0139294748021N11959192WA0023200232
B0139304748028N11959189WA0023200231
B0139314748035N11959186WA0023200231
B0139324748042N11959182WA0023200233
B0139334748048N11959179WA0023200234
B0139344748054N11959175WA0023300234
B0139354748061N11959171WA0023400234
B0139364748067N11959167WA0023400234
B0139374748074N11959163WA0023400235
B0139384748080N11959159WA0023500235
B0139394748087N11959155WA0023500234
B0139404748094N11959151WA0023500234
B0139414748102N11959147WA0023600234
B0139424748109N11959144WA0023600234
B0139434748117N11959140WA0023600233
B0139444748125N11959136WA0023600233
B0139454748133N11959132WA0023600233
B0139464748141N11959128WA0023600233
B0139474748149N11959124WA0023600232
B0139484748157N11959120WA0023600233
B0139494748165N11959116WA0023600233
B0139504748174N11959113WA0023600233
B0139514748182N11959109WA0023500232
B0139524748191N11959105WA0023500231
B0139534748200N11959102WA0023500232
B0139544748209N11959097WA0023300231
B0139554748219N11959093WA0023300230
B0139564748228N11959089WA0023300229
B0139574748237N11959084WA0023300228
B0139584748246N11959079WA0023200228
B0139594748256N11959074WA0023400229
B0140004748265N11959069WA0023300230
B0140014748275N11959065WA0023400230
B0140024748284N11959059WA0023300230
B0140034748295N11959054WA0023300230
B0140044748304N11959049WA0023300233
B0140054748315N11959043WA0023400231
B0140064748325N11959038WA0023400232
B0140074748335N11959033WA0023400233
B0140084748346N11959027WA0023300234
B0140094748356N11959022WA0023300235
B0140104748367N11959016WA0023400234
B0140114748378N11959011WA0023400232
B0140124748389N11959005WA0023400233
B0140134748400N11958999WA0023500234
B0140144748411N11958994WA0023500236
B0140154748422N11958988WA0023500235
B0140164748433N11958983WA0023600234
B0140174748445N11958977WA0023600233
B0140184748457N11958971WA0023600232
B0140194748468N11958966WA0023500232
B0140204748480N11958960WA0023500231
B0140214748492N11958953WA0023400232
B0140224748504N11958947WA0023600233
B0140234748516N11958941WA0023600234
B0140244748529N11958936WA0023700235
B0140254748541N11958931WA0023700236
B0140264748553N11958927WA0023800237
B0140274748566N11958925WA0023800239
B0140284748578N11958922WA0023900241
B0140294748590N11958919WA0023900242
B0140304748602N11958915WA0024100243
B0140314748614N11958909WA0024200244
B0140324748626N11958904WA0024200244
B0140334748637N11958898WA0024100244
B0140344748649N11958892WA0024200245
B0140354748661N11958886WA0024200245
B0140364748672N11958880WA0024100244
B0140374748684N11958874WA0024200244
B0140384748695N11958868WA0024100244
B0140394748707N11958862WA0024100244
B0140404748718N11958857WA0024100244
B0140414748728N11958851WA0024200243
B0140424748739N11958846WA0024100243
B0140434748749N11958840WA0024000243
B0140444748759N11958835WA0024000244
B0140454748767N11958830WA0024000244
B0140464748775N11958826WA0024100246
B0140474748783N11958823WA0024100246
B0140484748789N11958820WA0024100246
B0140494748795N11958818WA0024000246
B0140504748801N11958817WA0024000246
B0140514748806N11958818WA0024000246
B0140524748810N11958820WA0024100245
B0140534748814N11958823WA0024000245
B0140544748817N11958828WA0024000246
B0140554748819N11958832WA0024100246
B0140564748820N11958835WA0024100247
B0140574748821N11958838WA0024100248
B0140584748822N11958840WA0024100249
B0140594748823N11958843WA0024100249
B0141004748823N11958847WA0024200249
B0141014748822N11958851WA0024100250
B0141024748820N11958854WA0024200250
B0141034748818N11958857WA0024200249
B0141044748815N11958860WA0024300249
B0141054748811N11958862WA0024400250
B0141064748807N11958865WA0024500250
B0141074748802N11958868WA0024600252
B0141084748797N11958871WA0024700253
B0141094748792N11958875WA0024800252
B0141104748786N11958878WA0024900253
B0141114748780N11958883WA0024900254
B0141124748774N11958887WA0025000254
B0141134748768N11958891WA0025100255
B0141144748762N11958895WA0025200255
B0141154748757N11958900WA0025200255
B0141164748751N11958905WA0025300256
B0141174748746N11958910WA0025400257
B0141184748742N11958917WA0025400257
B0141194748739N11958924WA0025500258
B0141204748736N11958933WA0025500259
B0141214748734N11958943WA0025600260
B0141224748733N11958953WA0025800260
B0141234748734N11958963WA0026000261
B0141244748736N11958974WA0026000262
B0141254748739N11958983WA0026000263
B0141264748743N11958993WA0026200264
B0141274748749N11959001WA0026300263
B0141284748756N11959007WA0026400263
B0141294748764N11959010WA0026400264
B0141304748773N11959012WA0026500267
B0141314748781N11959011WA0026600269
B0141324748790N11959008WA0026700269
B0141334748798N11959004WA0026800270
B0141344748807N11958999WA0027000269
B0141354748815N11958994WA0027100268
B0141364748824N11958988WA0027200269
B0141374748833N11958981WA0027300270
B0141384748841N11958974WA0027400271
B0141394748848N11958965WA0027600272
B0141404748855N11958957WA0027700273
B0141414748863N11958948WA0027700275
B0141424748870N11958939WA0028000277
B0141434748877N11958930WA0028000279
B0141444748884N11958920WA0028100281
B0141454748891N11958909WA0028100281
B0141464748897N11958898WA0028300283
B0141474748904N11958888WA0028400284
B0141484748911N11958878WA0028600284
B0141494748918N11958868WA0028800286
B0141504748927N11958861WA0028900287
B0141514748936N11958854WA0028900286
B0141524748946N11958849WA0029100288
B0141534748955N11958845WA0029400288
B0141544748965N11958843WA0029400290
B0141554748976N11958841WA0029500290
B0141564748986N11958839WA0029500290
B0141574748996N11958837WA0029500291
B0141584749005N11958832WA0029600291
B0141594749014N11958826WA0029800292
B0142004749023N11958819WA0029800293
B0142014749031N11958812WA0029900294
B0142024749040N11958805WA0030100295
B0142034749049N11958798WA0030100296
B0142044749059N11958793WA0030200297
B0142054749068N11958788WA0030400299
B0142064749078N11958785WA0030500301
B0142074749088N11958784WA0030600302
B0142084749099N11958784WA0030700303
B0142094749109N11958784WA0030700303
B0142104749120N11958785WA0030800304
B0142114749131N11958786WA0030900304
B0142124749142N11958785WA0031100304
B0142134749153N11958783WA0031200306
B0142144749164N11958781WA0031300307
B0142154749175N11958779WA0031400308
B0142164749186N11958777WA0031400309
B0142174749197N11958776WA0031600311
B0142184749208N11958775WA0031700312
B0142194749218N11958774WA0031900313
B0142204749229N11958774WA0032000315
B0142214749239N11958773WA0032000316
B0142224749250N11958772WA0032200317
B0142234749260N11958771WA0032300319
B0142244749270N11958770WA0032400320
B0142254749280N11958768WA0032400321
B0142264749290N11958766WA0032400322
B0142274749300N11958765WA0032500323
B0142284749310N11958765WA0032500324
B0142294749320N11958766WA0032700326
B0142304749330N11958768WA0033000326
B0142314749341N11958770WA0033100328
B0142324749351N11958772WA0033200329
B0142334749361N11958772WA0033200331
B0142344749372N11958771WA0033400332
B0142354749382N11958769WA0033500333
B0142364749392N11958766WA0033600334
B0142374749402N11958761WA0033600335
B0142384749412N11958755WA0033700335
B0142394749422N11958748WA0033700336
B0142404749431N11958741WA0033800337
B0142414749441N11958735WA0033900338
B0142424749451N11958728WA0033900340
B0142434749461N11958723WA0034100341
B0142444749471N11958719WA0034500341
B0142454749482N11958716WA0034400343
B0142464749494N11958714WA0034500344
B0142474749505N11958714WA0034700345
B0142484749517N11958714WA0034800345
B0142494749528N11958713WA0034800346
B0142504749539N11958713WA0034800346
B0142514749550N11958713WA0034900347
B0142524749561N11958712WA0034900348
B0142534749572N11958712WA0035000348
B0142544749582N11958713WA0035000350
B0142554749592N11958716WA0035000350
B0142564749602N11958720WA0035100351
B0142574749610N11958726WA0035100352
B0142584749618N11958734WA0035000352
B0142594749625N11958743WA0035100353
B0143004749631N11958754WA0035200353
B0143014749636N11958766WA0035200355
B0143024749640N11958779WA0035300355
B0143034749643N11958792WA0035300355
B0143044749645N11958806WA0035300356
B0143054749645N11958820WA0035500357
B0143064749645N11958834WA0035500357
B0143074749645N11958848WA0035600358
B0143084749645N11958862WA0035600358
B0143094749645N11958874WA0035500359
B0143104749646N11958886WA0035500359
B0143114749646N11958897WA0035500359
B0143124749646N11958907WA0035500358
B0143134749647N11958916WA0035400357
B0143144749648N11958924WA0035400358
B0143154749650N11958930WA0035400358
B0143164749652N11958935WA0035400359
B0143174749656N11958939WA0035400359
B0143184749660N11958941WA0035400360
B0143194749665N11958943WA0035400359
B0143204749671N11958944WA0035500359
B0143214749677N11958944WA0035600358
B0143224749684N11958945WA0035600358
B0143234749690N11958946WA0035600359
B0143244749698N11958947WA0035600360
B0143254749705N11958948WA0035600361
B0143264749713N11958950WA0035600362
B0143274749721N11958951WA0035700363
B0143284749729N11958952WA0035800364
B0143294749737N11958953WA0035800365
B0143304749745N11958954WA0036000364
B0143314749753N11958955WA0036100365
B0143324749761N11958957WA0036100366
B0143334749769N11958958WA0036200367
B0143344749777N11958959WA0036200368
B0143354749785N11958960WA0036300371
B0143364749793N11958960WA0036500372
B0143374749801N11958961WA0036500373
B0143384749810N11958961WA0036600372
B0143394749818N11958961WA0036600371
B0143404749827N11958959WA0036600371
B0143414749836N11958957WA0036700370
B0143424749844N11958954WA0036800370
B0143434749853N11958950WA0036800370
B0143444749861N11958945WA0036800370
B0143454749870N11958939WA0036900369
B0143464749878N11958933WA0036900369
B0143474749885N11958925WA0037000370
B0143484749893N11958917WA0037100368
B0143494749899N11958907WA0037100369
B0143504749906N11958898WA0037200369
B0143514749912N11958887WA0037200369
B0143524749919N11958876WA0037200369
B0143534749926N11958866WA0037300369
B0143544749933N11958856WA0037400370
B0143554749940N11958846WA0037500369
B0143564749948N11958836WA0037600371
B0143574749956N11958827WA0037600371
B0143584749965N11958819WA0037700372
B0143594749975N11958812WA0037700372
B0144004749985N11958805WA0037800373
B0144014749995N11958798WA0037900374
B0144024750006N11958791WA0038000374
B0144034750017N11958785WA0038100375
B0144044750027N11958779WA0038300375
B0144054750038N11958772WA0038400375
B0144064750049N11958766WA0038400378
B0144074750059N11958761WA0038500379
B0144084750070N11958755WA0038700380
B0144094750080N11958749WA0038700381
B0144104750091N11958743WA0038700383
B0144114750100N11958737WA0038700385
B0144124750109N11958731WA0038600386
B0144134750117N11958725WA0038700386
B0144144750124N11958719WA0038600385
B0144154750131N11958714WA0038600385
B0144164750136N11958709WA0038600385
B0144174750140N11958706WA0038500385
B0144184750143N11958705WA0038500385
B0144194750147N11958706WA0038500385
B0144204750149N11958709WA0038600385
B0144214750151N11958713WA0038700387
B0144224750153N11958718WA0038700389
B0144234750155N11958723WA0038800390
B0144244750157N11958728WA0039000391
B0144254750159N11958734WA0039000393
B0144264750162N11958740WA0039200393
B0144274750166N11958746WA0039300394
B0144284750170N11958753WA0039400395
B0144294750174N11958761WA0039300395
B0144304750178N11958768WA0039300396
B0144314750182N11958776WA0039400397
B0144324750185N11958784WA0039500397
B0144334750188N11958792WA0039400395
B0144344750192N11958800WA0039200395
B0144354750195N11958808WA0039200395
B0144364750198N11958816WA0039100394
B0144374750201N11958824WA0039100393
B0144384750204N11958831WA0039000391
B0144394750207N11958838WA0038900390
B0144404750210N11958845WA0038800389
B0144414750214N11958852WA0038700388
B0144424750216N11958859WA0038500387
B0144434750218N11958867WA0038500387
B0144444750220N11958874WA0038500386
B0144454750220N11958882WA0038600386
B0144464750220N11958889WA0038600384
B0144474750220N11958895WA0038600385
B0144484750220N11958901WA0038700385
B0144494750220N11958907WA0038700385
B0144504750220N11958912WA0038600384
B0144514750220N11958916WA0038600384
B0144524750219N11958919WA0038600384
B0144534750219N11958921WA0038600385
B0144544750218N11958923WA0038600385
B0144554750218N11958924WA0038600385
B0144564750217N11958924WA0038500386
B0144574750216N11958925WA0038500386
B0144584750214N11958925WA0038600386
B0144594750213N11958924WA0038600388
B0145004750212N11958923WA0038600387
B0145014750210N11958923WA0038600388
B0145024750209N11958922WA0038600388
B0145034750207N11958921WA0038600389
B0145044750206N11958920WA0038600389
B0145054750204N11958919WA0038600389
B0145064750203N11958918WA0038600389
B0145074750201N11958918WA0038600389
B0145084750200N11958918WA0038500389
B0145094750199N11958918WA0038500388
B0145104750198N11958917WA0038500388
B0145114750198N11958917WA0038600389
B0145124750198N11958917WA0038500389
B0145134750198N11958917WA0038500388
B0145144750198N11958917WA0038500389
B0145154750198N11958917WA0038500389
B0145164750198N11958917WA0038500389
B0145174750198N11958917WA0038500389
B0145184750198N11958917WA0038500389
B0145194750197N11958917WA0038500389
B0145204750198N11958917WA0038500389
B0145214750198N11958917WA0038500389
B0145224750198N11958917WA0038500390
B0145234750198N11958917WA0038500390
B0145244750198N11958917WA0038500390
B0145254750198N11958917WA0038500390
B0145264750198N11958917WA0038500390
B0145274750198N11958917WA0038500390
B0145284750198N11958918WA0038500390
B0145294750198N11958918WA0038500389
B0145304750198N11958918WA0038500389
B0145314750197N11958918WA0038500389
B0145324750197N11958918WA0038500388
B0145334750197N11958918WA0038500388
B0145344750197N11958918WA0038500388
B0145354750197N11958918WA0038500388
B0145364750197N11958918WA0038500388
B0145374750197N11958918WA0038500387
B0145384750197N11958918WA0038500387
B0145394750197N11958918WA0038500387
B0145404750197N11958918WA0038500387
B0145414750197N11958918WA0038500388
B0145424750197N11958918WA0038500388
B0145434750197N11958918WA0038500388
B0145444750197N11958917WA0038500388
B0145454750197N11958917WA0038500388
B0145464750197N11958917WA0038500387
B0145474750197N11958917WA0038500387
B0145484750197N11958917WA0038500388
B0145494750197N11958917WA0038500388
B0145504750197N11958917WA0038500388
B0145514750197N11958917WA0038500389
B0145524750197N11958917WA0038500389
B0145534750197N11958917WA0038500389
B0145544750197N11958917WA0038500389
B0145554750197N11958917WA0038500389
B0145564750197N11958917WA0038500389
B0145574750197N11958917WA0038500389
B0145584750197N11958917WA0038500388
B0145594750197N11958917WA0038500388
B0146004750197N11958917WA0038500388
B0146014750197N11958917WA0038500388
B0146024750197N11958917WA0038500388
B0146034750197N11958917WA0038500388
B0146044750197N11958917WA0038500388
B0146054750197N11958917WA0038500388
B0146064750197N11958916WA0038500388
B0146074750196N11958916WA0038500388
B0146084750196N11958916WA0038500387
B0146094750196N11958916WA0038500386
B0146104750196N11958916WA0038500386
B0146114750196N11958916WA0038500385
B0146124750196N11958916WA0038500385
B0146134750196N11958916WA0038500385
B0146144750196N11958916WA0038500384
B0146154750196N11958916WA0038500384
B0146164750196N11958916WA0038500384
B0146174750196N11958916WA0038500384
B0146184750196N11958917WA0038500384
B0146194750196N11958917WA0038500384
B0146204750196N11958917WA0038500384
B0146214750196N11958917WA0038500384
B0146224750196N11958917WA0038500384
B0146234750196N11958917WA0038500385
B0146244750196N11958917WA0038500385
B0146254750196N11958916WA0038500385
B0146264750196N11958916WA0038500385
B0146274750196N11958917WA0038500385
B0146284750196N11958917WA0038500385
B0146294750196N11958917WA0038500385
B0146304750196N11958916WA0038500385
B0146314750196N11958917WA0038500385
B0146324750196N11958917WA0038500385
B0146334750196N11958917WA0038500385
B0146344750196N11958917WA0038500385
B0146354750196N11958917WA0038500385
B0146364750196N11958917WA0038500385
B0146374750196N11958917WA0038500385
B0146384750196N11958917WA0038500385
B0146394750196N11958917WA0038500385
B0146404750196N11958917WA0038500385
B0146414750196N11958917WA0038500385
B0146424750196N11958917WA0038500385
B0146434750196N11958917WA0038500386
B0146444750196N11958917WA0038500385
B0146454750196N11958917WA0038500385
B0146464750196N11958917WA0038500385
B0146474750196N11958917WA0038600385
B0146484750195N11958917WA0038500385
B0146494750195N11958917WA0038500384
B0146504750195N11958917WA0038500384
B0146514750195N11958917WA0038500384
B0146524750195N11958917WA0038500384
B0146534750195N11958917WA0038500384
B0146544750196N11958917WA0038500384
B0146554750196N11958917WA0038500385
B0146564750196N11958917WA0038500385
B0146574750196N11958917WA0038500385
B0146584750196N11958917WA0038500385
B0146594750196N11958917WA0038500386
B0147004750196N11958917WA0038500386
B0147014750196N11958917WA0038600386
B0147024750196N11958917WA0038500386
B0147034750196N11958917WA0038500386
B0147044750196N11958917WA0038500386
B0147054750196N11958917WA0038500386
B0147064750196N11958917WA0038500385
B0147074750196N11958917WA0038500385
B0147084750196N11958918WA0038500386
B0147094750196N11958918WA0038500386
B0147104750196N11958918WA0038500386
B0147114750196N11958918WA0038500386
B0147124750196N11958918WA0038500386
B0147134750196N11958918WA0038500386
B0147144750196N11958918WA0038500387
B0147154750196N11958918WA0038500387
B0147164750196N11958918WA0038500387
B0147174750196N11958918WA0038500387
B0147184750196N11958918WA0038500387
B0147194750196N11958918WA0038500388
B0147204750196N11958917WA0038500388
B0147214750196N11958917WA0038500388
B0147224750196N11958917WA0038500388
B0147234750196N11958917WA0038500388
B0147244750196N11958917WA0038600389
B0147254750196N11958917WA0038500389
B0147264750196N11958917WA0038600389
B0147274750196N11958917WA0038500390
B0147284750196N11958917WA0038500390
B0147294750196N11958917WA0038500391
B0147304750196N11958917WA0038500391
B0147314750196N11958917WA0038500391
B0147324750196N11958917WA0038500392
B0147334750196N11958917WA0038600392
B0147344750196N11958917WA0038500392
B0147354750196N11958917WA0038500392
B0147364750196N11958917WA0038500392
B0147374750196N11958917WA0038500392
B0147384750196N11958917WA0038500392
B0147394750196N11958917WA0038500392
B0147404750196N11958917WA0038500393
B0147414750196N11958917WA0038500393
B0147424750196N11958917WA0038500393
B0147434750196N11958917WA0038500393
B0147444750196N11958917WA0038500393
B0147454750196N11958917WA0038500393
B0147464750196N11958917WA0038500393
B0147474750196N11958918WA0038500393
B0147484750196N11958918WA0038500393
B0147494750196N11958918WA0038500393
B0147504750196N11958918WA0038500393
B0147514750196N11958918WA0038500393
B0147524750196N11958918WA0038500393
B0147534750196N11958918WA0038500393
B0147544750196N11958918WA0038500393
B0147554750196N11958918WA0038500393
B0147564750196N11958918WA0038500393
B0147574750196N11958918WA0038500394
B0147584750196N11958918WA0038500394
B0147594750196N11958918WA0038500394
B0148004750196N11958918WA0038500394
B0148014750196N11958918WA0038500394
B0148024750196N11958918WA0038500394
B0148034750196N11958918WA0038500394
B0148044750196N11958918WA0038500394
B0148054750196N11958918WA0038500395
B0148064750196N11958918WA0038500395
B0148074750196N11958918WA0038500395
B0148084750196N11958918WA0038500395
B0148094750196N11958918WA0038500395
B0148104750196N11958918WA0038500395
B0148114750196N11958918WA0038500395
B0148124750196N11958918WA0038500395
B0148134750196N11958918WA0038500396
B0148144750196N11958918WA0038500395
B0148154750196N11958918WA0038500395
B0148164750196N11958918WA0038500395
B0148174750196N11958918WA0038500395
B0148184750196N11958918WA0038500395
B0148194750196N11958918WA0038500395
B0148204750196N11958918WA0038500395
B0148214750196N11958918WA0038500395
B0148224750196N11958918WA0038500395
B0148234750196N11958918WA0038500395
B0148244750196N11958918WA0038500395
B0148254750196N11958918WA0038500394
B0148264750196N11958918WA0038500394
B0148274750196N11958918WA0038500394
B0148284750196N11958918WA0038500394
B0148294750196N11958918WA0038500393
B0148304750196N11958918WA0038500393
B0148314750196N11958918WA0038500393
B0148324750196N11958918WA0038500392
B0148334750196N11958918WA0038500392
B0148344750195N11958918WA0038500392
B0148354750195N11958918WA0038500392
B0148364750195N11958918WA0038500392
B0148374750195N11958918WA0038500392
B0148384750195N11958918WA0038500391
B0148394750195N11958918WA0038500391
B0148404750195N11958918WA0038500391
B0148414750195N11958918WA0038500391
B0148424750195N11958919WA0038500391
B0148434750195N11958919WA0038500391
B0148444750195N11958919WA0038500390
B0148454750195N11958919WA0038500390
B0148464750195N11958919WA0038500390
B0148474750195N11958919WA0038500390
B0148484750195N11958919WA0038500390
B0148494750195N11958919WA0038500389
B0148504750195N11958919WA0038500389
B0148514750195N11958919WA0038500389
B0148524750195N11958919WA0038500389
B0148534750195N11958919WA0038500388
B0148544750195N11958919WA0038500388
B0148554750195N11958919WA0038500388
B0148564750194N11958919WA0038500388
B0148574750194N11958919WA0038500388
B0148584750194N11958919WA0038500388
B0148594750194N11958919WA0038500388
B0149004750194N11958919WA0038500388
B0149014750194N11958919WA0038500388
B0149024750194N11958919WA0038500388
B0149034750194N11958919WA0038500388
B0149044750194N11958919WA0038500388
B0149054750194N11958919WA0038500388
B0149064750194N11958919WA0038500388
B0149074750194N11958919WA0038500387
B0149084750194N11958919WA0038500387
B0149094750194N11958919WA0038500387
B0149104750194N11958919WA0038500387
B0149114750194N11958919WA0038500387
B0149124750194N11958919WA0038500387
B0149134750194N11958919WA0038500387
B0149144750194N11958919WA0038500387
B0149154750194N11958919WA0038500387
B0149164750194N11958919WA0038500387
B0149174750194N11958919WA0038500387
B0149184750194N11958919WA0038500387
B0149194750194N11958919WA0038500388
B0149204750194N11958919WA0038500388
B0149214750194N11958919WA0038500388
B0149224750194N11958919WA0038500388
B0149234750194N11958919WA0038500388
B0149244750194N11958919WA0038500389
B0149254750194N11958919WA0038500389
B0149264750194N11958919WA0038500390
B0149274750194N11958919WA0038500390
B0149284750195N11958919WA0038500391
B0149294750195N11958919WA0038500391
B0149304750195N11958919WA0038500391
B0149314750195N11958919WA0038500392
B0149324750195N11958919WA0038500392
B0149334750195N11958919WA0038500393
B0149344750195N11958919WA0038500393
B0149354750195N11958919WA0038500393
B0149364750195N11958919WA0038500394
B0149374750195N11958919WA0038500394
B0149384750196N11958919WA0038500394
B0149394750196N11958919WA0038500395
B0149404750196N11958918WA0038500395
B0149414750196N11958918WA0038500396
B0149424750196N11958918WA0038500396
B0149434750196N11958918WA0038500397
B0149444750196N11958918WA0038500397
B0149454750196N11958918WA0038500397
B0149464750196N11958918WA0038500397
B0149474750196N11958918WA0038500397
B0149484750196N11958918WA0038500398
B0149494750196N11958918WA0038500398
B0149504750196N11958918WA0038500398
B0149514750197N11958918WA0038500398
B0149524750197N11958918WA0038500398
B0149534750197N11958918WA0038500399
B0149544750197N11958918WA0038500399
B0149554750197N11958918WA0038500399
B0149564750197N11958918WA0038500399
B0149574750197N11958918WA0038500399
B0149584750197N11958918WA0038500400
B0149594750197N11958918WA0038500400
B0150004750197N11958918WA0038500400
B0150014750197N11958918WA0038500400
B0150024750197N11958918WA0038500400
B0150034750197N11958918WA0038500400
B0150044750197N11958918WA0038500400
B0150054750197N11958918WA0038500400
B0150064750197N11958918WA0038500400
B0150074750197N11958918WA0038500401
B0150084750197N11958918WA0038500401
B0150094750197N11958918WA0038500401
B0150104750197N11958918WA0038500401
B0150114750197N11958918WA0038500401
B0150124750197N11958918WA0038500401
B0150134750197N11958918WA0038500401
B0150144750197N11958918WA0038500402
B0150154750197N11958918WA0038500402
B0150164750197N11958918WA0038500402
B0150174750197N11958918WA0038500402
B0150184750197N11958918WA0038500402
B0150194750197N11958918WA0038500403
B0150204750198N11958918WA0038500403
B0150214750198N11958917WA0038500403
B0150224750198N11958917WA0038500403
B0150234750198N11958917WA0038500403
B0150244750198N11958917WA0038500403
B0150254750197N11958917WA0038500402
B0150264750197N11958917WA0038500402
B0150274750197N11958918WA0038500402
B0150284750197N11958918WA0038500401
B0150294750197N11958918WA0038500401
B0150304750197N11958918WA0038500401
B0150314750197N11958918WA0038500401
B0150324750197N11958918WA0038500401
B0150334750197N11958918WA0038500400
B0150344750197N11958918WA0038500400
B0150354750197N11958918WA0038500399
B0150364750197N11958918WA0038500399
B0150374750197N11958918WA0038500399
B0150384750197N11958918WA0038500398
B0150394750197N11958918WA0038500398
B0150404750197N11958918WA0038500398
B0150414750197N11958918WA0038500398
B0150424750197N11958918WA0038500397
B0150434750197N11958918WA0038500397
B0150444750197N11958918WA0038500396
B0150454750197N11958918WA0038500396
B0150464750197N11958918WA0038500395
B0150474750197N11958918WA0038500395
B0150484750197N11958918WA0038500395
B0150494750197N11958918WA0038500394
B0150504750197N11958918WA0038500394
B0150514750197N11958918WA0038500394
B0150524750197N11958918WA0038500394
B0150534750197N11958918WA0038500393
B0150544750197N11958918WA0038500392
B0150554750197N11958918WA0038500392
B0150564750197N11958918WA0038500392
B0150574750197N11958918WA0038500391
B0150584750197N11958918WA0038500391
B0150594750197N11958918WA0038500391
B0151004750197N11958918WA0038500391
B0151014750197N11958918WA0038500390
B0151024750197N11958918WA0038500390
B0151034750197N11958918WA0038500390
B0151044750197N11958918WA0038500390
B0151054750197N11958918WA0038500390
B0151064750196N11958918WA0038500390
B0151074750196N11958918WA0038500390
B0151084750196N11958918WA0038500389
B0151094750196N11958918WA0038500389
B0151104750196N11958918WA0038500389
B0151114750196N11958917WA0038500389
B0151124750196N11958917WA0038500388
B0151134750196N11958917WA0038500388
B0151144750196N11958917WA0038500388
B0151154750196N11958917WA0038500388
B0151164750196N11958917WA0038500388
B0151174750196N11958917WA0038500388
B0151184750196N11958917WA0038500388
B0151194750196N11958917WA0038500387
B0151204750196N11958917WA0038500387
B0151214750196N11958917WA0038500387
B0151224750196N11958917WA0038500387
B0151234750196N11958917WA0038500387
B0151244750196N11958917WA0038500387
B0151254750196N11958917WA0038400386
B0151264750196N11958917WA0038500386
B0151274750196N11958917WA0038500386
B0151284750196N11958917WA0038500386
B0151294750196N11958917WA0038500385
B0151304750196N11958917WA0038500386
B0151314750196N11958917WA0038500386
B0151324750196N11958917WA0038500386
B0151334750196N11958917WA0038500386
B0151344750196N11958918WA0038500386
B0151354750196N11958918WA0038500386
B0151364750196N11958918WA0038500386
B0151374750196N11958918WA0038500386
B0151384750196N11958918WA0038500386
B0151394750196N11958918WA0038500386
B0151404750196N11958918WA0038500386
B0151414750196N11958918WA0038500386
B0151424750196N11958918WA0038500386
B0151434750196N11958918WA0038500387
B0151444750196N11958918WA0038500387
B0151454750196N11958918WA0038500387
B0151464750196N11958918WA0038500387
B0151474750196N11958918WA0038500387
B0151484750196N11958919WA0038500388
B0151494750196N11958919WA0038500388
B0151504750196N11958919WA0038500388
B0151514750196N11958919WA0038500388
B0151524750196N11958919WA0038500389
B0151534750196N11958919WA0038500389
B0151544750196N11958919WA0038500389
B0151554750196N11958919WA0038500389
B0151564750196N11958919WA0038500389
B0151574750196N11958919WA0038500390
B0151584750196N11958919WA0038500390
B0151594750196N11958919WA0038500390
B0152004750196N11958919WA0038500390
B0152014750196N11958920WA0038500390
B0152024750196N11958920WA0038500390
B0152034750196N11958920WA0038500391
B0152044750196N11958920WA0038500391
B0152054750197N11958920WA0038500391
B0152064750197N11958920WA0038500391
B0152074750197N11958920WA0038500391
B0152084750197N11958920WA0038500391
B0152094750197N11958920WA0038500391
B0152104750197N11958920WA0038500391
B0152114750197N11958920WA0038500391
B0152124750197N11958920WA0038500391
B0152134750197N11958920WA0038500391
B0152144750197N11958920WA0038500391
B0152154750197N11958920WA0038500391
B0152164750197N11958920WA0038500391
B0152174750197N11958920WA0038500391
B0152184750197N11958920WA0038500391
B0152194750197N11958920WA0038500391
B0152204750197N11958920WA0038500391
B0152214750197N11958920WA0038500392
B0152224750197N11958920WA0038500392
B0152234750197N11958920WA0038500392
B0152244750197N11958920WA0038500392
B0152254750197N11958920WA0038500392
B0152264750197N11958920WA0038500391
B0152274750198N11958920WA0038500391
B0152284750198N11958920WA0038500391
B0152294750198N11958920WA0038500391
B0152304750198N11958920WA0038500391
B0152314750198N11958920WA0038500391
B0152324750198N11958920WA0038500390
B0152334750198N11958920WA0038400390
B0152344750198N11958920WA0038500390
B0152354750198N11958920WA0038500390
B0152364750197N11958920WA0038500390
B0152374750197N11958920WA0038500389
B0152384750197N11958920WA0038500389
B0152394750197N11958920WA0038500389
B0152404750197N11958920WA0038500389
B0152414750197N11958920WA0038500389
B0152424750197N11958920WA0038500388
B0152434750197N11958920WA0038500388
B0152444750197N11958920WA0038500388
B0152454750197N11958920WA0038500388
B0152464750197N11958920WA0038500387
B0152474750197N11958920WA0038500387
B0152484750197N11958920WA0038500387
B0152494750197N11958920WA0038500387
B0152504750197N11958920WA0038500387
B0152514750197N11958920WA0038500386
B0152524750197N11958920WA0038500386
B0152534750197N11958920WA0038500386
B0152544750197N11958920WA0038500387
B0152554750197N11958920WA0038500387
B0152564750197N11958920WA0038500387
B0152574750197N11958920WA0038500387
B0152584750197N11958920WA0038500387
B0152594750197N11958920WA0038500388
B0153004750197N11958920WA0038500388
B0153014750197N11958920WA0038500388
B0153024750197N11958920WA0038500388
B0153034750197N11958920WA0038500389
B0153044750197N11958920WA0038500389
B0153054750197N11958920WA0038500389
B0153064750197N11958920WA0038500388
B0153074750197N11958920WA0038500388
B0153084750197N11958920WA0038500388
B0153094750197N11958920WA0038500388
B0153104750197N11958920WA0038500388
B0153114750197N11958920WA0038500387
B0153124750197N11958920WA0038500387
B0153134750197N11958920WA0038500387
B0153144750197N11958919WA0038500387
B0153154750197N11958919WA0038400387
B0153164750197N11958919WA0038500387
B0153174750197N11958919WA0038500387
B0153184750197N11958919WA0038500387
B0153194750197N11958919WA0038400386
B0153204750197N11958919WA0038500386
B0153214750197N11958919WA0038500386
B0153224750197N11958919WA0038500386
B0153234750197N11958919WA0038500386
B0153244750197N11958919WA0038500385
B0153254750196N11958919WA0038500385
B0153264750197N11958919WA0038500385
B0153274750197N11958919WA0038500385
B0153284750197N11958919WA0038500385
B0153294750197N11958919WA0038500384
B0153304750197N11958919WA0038500384
B0153314750197N11958919WA0038500385
B0153324750197N11958919WA0038500385
B0153334750197N11958919WA0038500385
B0153344750197N11958919WA0038500385
B0153354750197N11958919WA0038500385
B0153364750197N11958919WA0038500385
B0153374750197N11958919WA0038500385
B0153384750197N11958919WA0038500385
B0153394750197N11958919WA0038500385
B0153404750197N11958919WA0038500385
B0153414750197N11958919WA0038500385
B0153424750197N11958919WA0038500385
B0153434750197N11958919WA0038500385
B0153444750197N11958919WA0038500385
B0153454750197N11958919WA0038500385
B0153464750197N11958919WA0038500385
B0153474750197N11958919WA0038500385
B0153484750197N11958919WA0038500385
B0153494750197N11958919WA0038400385
B0153504750197N11958919WA0038500385
B0153514750197N11958919WA0038500385
B0153524750197N11958919WA0038500385
B0153534750197N11958919WA0038500385
B0153544750197N11958919WA0038500385
B0153554750197N11958919WA0038500385
B0153564750197N11958919WA0038500386
B0153574750197N11958919WA0038500385
B0153584750197N11958920WA0038500385
B0153594750197N11958920WA0038400386
B0154004750197N11958920WA0038500386
B0154014750197N11958920WA0038500386
B0154024750197N11958920WA0038500386
B0154034750197N11958920WA0038500387
B0154044750197N11958920WA0038500387
B0154054750197N11958920WA0038500387
B0154064750197N11958920WA0038500387
B0154074750197N11958920WA0038500387
B0154084750197N11958920WA0038500388
B0154094750197N11958920WA0038500389
B0154104750197N11958920WA0038500389
B0154114750197N11958920WA0038400389
B0154124750197N11958920WA0038500390
B0154134750197N11958920WA0038500390
B0154144750197N11958920WA0038500390
B0154154750197N11958920WA0038500390
B0154164750197N11958920WA0038500390
B0154174750197N11958920WA0038500391
B0154184750197N11958920WA0038500391
B0154194750197N11958920WA0038500391
B0154204750197N11958920WA0038500391
B0154214750197N11958920WA0038500391
B0154224750197N11958920WA0038500392
B0154234750197N11958920WA0038500392
B0154244750197N11958920WA0038500392
B0154254750197N11958920WA0038500393
B0154264750197N11958920WA0038500393
B0154274750197N11958920WA0038500393
B0154284750197N11958920WA0038500394
B0154294750197N11958920WA0038500394
B0154304750197N11958920WA0038500394
B0154314750197N11958920WA0038500394
B0154324750197N11958920WA0038500394
B0154334750197N11958920WA0038500395
B0154344750197N11958920WA0038500395
B0154354750197N11958920WA0038500395
B0154364750197N11958920WA0038500395
B0154374750197N11958920WA0038500395
B0154384750197N11958920WA0038500395
B0154394750197N11958920WA0038500395
B0154404750197N11958920WA0038500395
B0154414750197N11958920WA0038500395
B0154424750197N11958920WA0038500395
B0154434750197N11958920WA0038500395
B0154444750197N11958920WA0038500395
B0154454750197N11958920WA0038500395
B0154464750197N11958920WA0038500395
B0154474750197N11958920WA0038500395
B0154484750197N11958920WA0038500395
B0154494750197N11958920WA0038500395
B0154504750197N11958920WA0038500395
B0154514750197N11958920WA0038500395
B0154524750197N11958920WA0038500395
B0154534750197N11958920WA0038500395
B0154544750197N11958920WA0038500395
B0154554750197N11958920WA0038500395
B0154564750197N11958920WA0038500395
B0154574750197N11958920WA0038500394
B0154584750197N11958920WA0038500394
B0154594750197N11958920WA0038500394
B0155004750197N11958920WA0038500395
B0155014750197N11958920WA0038500394
B0155024750197N11958920WA0038500394
B0155034750197N11958920WA0038500394
B0155044750197N11958920WA0038500394
B0155054750197N11958920WA0038500393
B0155064750197N11958920WA0038500393
B0155074750197N11958920WA0038500393
B0155084750197N11958920WA0038500393
B0155094750197N11958920WA0038500392
B0155104750197N11958920WA0038500392
B0155114750197N11958920WA0038500392
B0155124750197N11958920WA0038500392
B0155134750197N11958920WA0038500392
B0155144750197N11958920WA0038500392
B0155154750197N11958920WA0038500391
B0155164750197N11958920WA0038500392
B0155174750197N11958920WA0038500392
B0155184750197N11958920WA0038500392
B0155194750197N11958920WA0038500391
B0155204750197N11958920WA0038500391
B0155214750197N11958920WA0038500391
B0155224750197N11958920WA0038500391
B0155234750197N11958920WA0038500391
B0155244750197N11958920WA0038500391
B0155254750197N11958920WA0038500390
B0155264750197N11958919WA0038500390
B0155274750197N11958919WA0038500390
B0155284750197N11958919WA0038500390
B0155294750197N11958919WA0038500390
B0155304750197N11958919WA0038500390
B0155314750197N11958919WA0038500389
B0155324750197N11958919WA0038500389
B0155334750197N11958919WA0038500389
B0155344750197N11958919WA0038500389
B0155354750196N11958919WA0038500387
B0155364750196N11958919WA0038500388
B0155374750196N11958919WA0038500388
B0155384750196N11958919WA0038500387
B0155394750196N11958919WA0038500387
B0155404750196N11958919WA0038500387
B0155414750196N11958920WA0038500387
B0155424750196N11958920WA0038500387
B0155434750196N11958920WA0038500386
B0155444750196N11958920WA0038500386
B0155454750196N11958920WA0038500386
B0155464750196N11958920WA0038500386
B0155474750196N11958920WA0038400385
B0155484750196N11958920WA0038500385
B0155494750196N11958920WA0038500385
B0155504750196N11958920WA0038500385
B0155514750196N11958920WA0038500385
B0155524750196N11958920WA0038500385
B0155534750196N11958920WA0038500385
B0155544750196N11958920WA0038500385
B0155554750196N11958920WA0038500385
B0155564750196N11958920WA0038500385
B0155574750196N11958920WA0038500385
B0155584750196N11958920WA0038500385
B0155594750197N11958920WA0038500385
B0156004750197N11958920WA0038500385
B0156014750197N11958920WA0038500386
B0156024750197N11958920WA0038500386
B0156034750197N11958920WA0038500386
B0156044750197N11958920WA0038500386
B0156054750197N11958920WA0038500386
B0156064750197N11958920WA0038500386
B0156074750197N11958920WA0038500387
B0156084750197N11958920WA0038500387
B0156094750197N11958920WA0038500387
B0156104750197N11958920WA0038500387
B0156114750197N11958920WA0038500387
B0156124750197N11958920WA0038500387
B0156134750197N11958920WA0038500387
B0156144750197N11958920WA0038500387
B0156154750197N11958920WA0038500387
LXFM live.flymaster.net version 1.01
LXFM Created 2024-06-29 01:56:37
LXFM flight id 1424786
G139259E9B05D6071E2F7696B25610248
