AXFMSFP Flymaster Live, V1.0
HFFXA010
HFPLTPILOT:Bill Belcourt
HFGTYGLIDERTYPE:Ozone Enzo3 / Ozone Submarine
HFGIDGLIDERID:
HFDTM100GPSDATUM:WGS-1984
HFCIDCOMPETITIONID:3
HFCCLCOMPETITIONCLASS:
HOSITSITE:Cove Launch
HFGPS:UBLOXNEO6
HFPRSPRESSALTSENSOR:NA
HFRFWFIRMWAREVERSION:202g
HFRHWHARDWAREVERSION:1.0R2
HFFTYFRTYPE:FLYMASTER,LIVE
HFDTE070925
B1739383838053N11203634WA0249302669
B1739393838053N11203636WA0249702669
B1739403838053N11203639WA0249802671
B1739413838053N11203641WA0249802672
B1739423838053N11203643WA0249902674
B1739433838053N11203646WA0249902675
B1739443838052N11203648WA0249902676
B1739453838051N11203651WA0249902677
B1739463838050N11203654WA0250002678
B1739473838049N11203658WA0250002680
B1739483838049N11203660WA0250102682
B1739493838049N11203663WA0250202685
B1739503838049N11203665WA0250302687
B1739513838050N11203668WA0250402687
B1739523838051N11203673WA0250502687
B1739533838051N11203677WA0250602687
B1739543838052N11203682WA0250602688
B1739553838051N11203685WA0250702690
B1739563838050N11203689WA0250802692
B1739573838048N11203692WA0251002694
B1739583838046N11203695WA0251102696
B1739593838044N11203698WA0251202697
B1740003838041N11203701WA0251302696
B1740013838038N11203704WA0251302695
B1740023838036N11203707WA0251402694
B1740033838032N11203709WA0251502694
B1740043838029N11203712WA0251502694
B1740053838027N11203715WA0251602696
B1740063838025N11203717WA0251602699
B1740073838023N11203720WA0251802702
B1740083838021N11203722WA0251902704
B1740093838018N11203724WA0252002705
B1740103838014N11203726WA0252102707
B1740113838009N11203727WA0252302708
B1740123838005N11203729WA0252402711
B1740133838001N11203731WA0252502712
B1740143837998N11203734WA0252602714
B1740153837994N11203737WA0252802715
B1740163837991N11203740WA0252902716
B1740173837987N11203743WA0253002717
B1740183837984N11203746WA0253102718
B1740193837982N11203748WA0253302721
B1740203837979N11203750WA0253402723
B1740213837976N11203751WA0253602725
B1740223837973N11203752WA0253702727
B1740233837970N11203752WA0253902728
B1740243837967N11203752WA0254002729
B1740253837963N11203752WA0254202731
B1740263837959N11203753WA0254302731
B1740273837954N11203755WA0254402733
B1740283837950N11203757WA0254602736
B1740293837946N11203759WA0254802739
B1740303837943N11203760WA0254902742
B1740313837939N11203761WA0255202746
B1740323837935N11203760WA0255402750
B1740333837932N11203759WA0255602753
B1740343837928N11203759WA0255802756
B1740353837925N11203760WA0256102757
B1740363837923N11203763WA0256302759
B1740373837923N11203767WA0256502762
B1740383837925N11203772WA0256702764
B1740393837930N11203776WA0257002767
B1740403837935N11203778WA0257202769
B1740413837941N11203780WA0257502771
B1740423837948N11203779WA0257602773
B1740433837955N11203776WA0257902775
B1740443837960N11203772WA0258102779
B1740453837964N11203765WA0258402782
B1740463837966N11203756WA0258502784
B1740473837968N11203747WA0258802785
B1740473837968N11203747WA0258802785
B1740483837969N11203737WA0259002786
B1740493837970N11203727WA0259202788
B1740503837970N11203717WA0259402790
B1740513837969N11203709WA0259602793
B1740523837967N11203701WA0259802797
B1740533837964N11203694WA0260102800
B1740543837961N11203687WA0260302803
B1740553837959N11203680WA0260502806
B1740563837956N11203674WA0260702808
B1740573837954N11203670WA0261002811
B1740583837952N11203668WA0261202813
B1740593837950N11203670WA0261502813
B1741003837949N11203673WA0261702813
B1741013837949N11203678WA0261902813
B1741023837950N11203682WA0262002815
B1741033837952N11203687WA0262202817
B1741043837954N11203692WA0262302818
B1741053837958N11203696WA0262502820
B1741063837963N11203700WA0262702821
B1741073837969N11203702WA0262802822
B1741083837977N11203702WA0263002824
B1741093837983N11203699WA0263202826
B1741103837989N11203694WA0263302829
B1741113837993N11203688WA0263502833
B1741123837996N11203680WA0263702835
B1741133837998N11203671WA0263902837
B1741143837998N11203661WA0264102839
B1741153837998N11203651WA0264302840
B1741163837997N11203642WA0264402843
B1741173837996N11203634WA0264702845
B1741183837993N11203627WA0264802847
B1741193837990N11203620WA0265102848
B1741203837987N11203614WA0265202849
B1741213837983N11203608WA0265402850
B1741223837980N11203603WA0265502852
B1741233837977N11203599WA0265702853
B1741243837974N11203597WA0265802855
B1741253837971N11203595WA0266002856
B1741263837967N11203595WA0266102857
B1741273837964N11203594WA0266202858
B1741283837960N11203594WA0266302858
B1741293837956N11203593WA0266502859
B1741303837952N11203594WA0266602861
B1741313837950N11203596WA0266702864
B1741323837949N11203599WA0266802866
B1741333837949N11203603WA0267002867
B1741343837951N11203607WA0267102867
B1741353837953N11203612WA0267202866
B1741363837956N11203616WA0267302866
B1741373837959N11203620WA0267402865
B1741383837962N11203624WA0267502865
B1741393837965N11203628WA0267502863
B1741403837970N11203632WA0267502862
B1741413837973N11203636WA0267502861
B1741423837977N11203640WA0267502861
B1741433837981N11203643WA0267502860
B1741443837985N11203646WA0267502860
B1741453837989N11203649WA0267502859
B1741463837994N11203651WA0267502859
B1741473837999N11203652WA0267502858
B1741483838004N11203653WA0267402856
B1741493838010N11203654WA0267402853
B1741493838010N11203654WA0267402853
B1741503838016N11203655WA0267302850
B1741513838022N11203657WA0267202848
B1741523838027N11203659WA0267002846
B1741533838032N11203662WA0266902845
B1741543838036N11203664WA0266802845
B1741553838040N11203665WA0266702846
B1741563838043N11203666WA0266702847
B1741573838046N11203667WA0266602846
B1741583838049N11203669WA0266602845
B1741593838054N11203671WA0266502843
B1742003838059N11203674WA0266402842
B1742013838064N11203677WA0266302841
B1742023838069N11203680WA0266202842
B1742033838073N11203682WA0266202843
B1742043838078N11203684WA0266202844
B1742053838081N11203687WA0266102844
B1742063838085N11203689WA0266102844
B1742073838089N11203692WA0266102844
B1742083838092N11203696WA0266102843
B1742093838095N11203700WA0266002842
B1742103838097N11203704WA0266002841
B1742113838097N11203708WA0265902840
B1742123838096N11203712WA0265902838
B1742133838094N11203715WA0265702835
B1742143838091N11203717WA0265602833
B1742153838087N11203719WA0265502830
B1742163838084N11203721WA0265402829
B1742173838080N11203723WA0265302828
B1742183838077N11203725WA0265202826
B1742193838074N11203727WA0265002824
B1742203838070N11203728WA0264902822
B1742213838065N11203728WA0264702820
B1742223838061N11203728WA0264602818
B1742233838056N11203726WA0264502817
B1742243838052N11203725WA0264302816
B1742253838047N11203724WA0264202815
B1742263838043N11203723WA0264002814
B1742273838039N11203722WA0263902813
B1742283838034N11203720WA0263802811
B1742293838030N11203719WA0263602810
B1742303838026N11203717WA0263502809
B1742313838021N11203716WA0263402807
B1742323838017N11203716WA0263202805
B1742333838012N11203716WA0263102802
B1742343838008N11203717WA0262902800
B1742353838004N11203718WA0262802798
B1742363838000N11203719WA0262602796
B1742373837996N11203720WA0262402794
B1742383837992N11203721WA0262302792
B1742393837988N11203722WA0262102789
B1742403837983N11203723WA0261902786
B1742413837978N11203724WA0261702781
B1742423837971N11203726WA0261402775
B1742433837965N11203729WA0261102771
B1742443837958N11203732WA0260802768
B1742453837952N11203734WA0260502766
B1742463837946N11203737WA0260302764
B1742473837939N11203739WA0260002763
B1742483837933N11203742WA0259802762
B1742493837926N11203745WA0259602762
B1742503837920N11203747WA0259402763
B1742513837915N11203748WA0259202765
B1742523837910N11203748WA0259202767
B1742523837910N11203748WA0259202767
B1742533837906N11203747WA0259102769
B1742543837902N11203745WA0259102770
B1742553837898N11203743WA0259002771
B1742563837893N11203740WA0259102771
B1742573837889N11203737WA0259102771
B1742583837884N11203734WA0259102771
B1742593837880N11203733WA0259102771
B1743003837875N11203732WA0259102771
B1743013837870N11203732WA0259102771
B1743023837866N11203733WA0259102773
B1743033837862N11203733WA0259102774
B1743043837858N11203734WA0259102775
B1743053837854N11203736WA0259202775
B1743063837851N11203738WA0259202776
B1743073837848N11203741WA0259302777
B1743083837846N11203745WA0259302778
B1743093837845N11203749WA0259402780
B1743103837845N11203753WA0259402781
B1743113837845N11203757WA0259502782
B1743123837846N11203763WA0259602782
B1743133837847N11203769WA0259602782
B1743143837849N11203775WA0259702783
B1743153837851N11203780WA0259702785
B1743163837854N11203785WA0259802787
B1743173837856N11203789WA0259902788
B1743183837859N11203793WA0260002789
B1743193837862N11203798WA0260102790
B1743203837867N11203802WA0260202791
B1743213837871N11203805WA0260302794
B1743223837876N11203807WA0260402796
B1743233837881N11203808WA0260502799
B1743243837887N11203808WA0260702801
B1743253837893N11203807WA0260902803
B1743263837899N11203804WA0261002805
B1743273837905N11203798WA0261202807
B1743283837909N11203790WA0261302810
B1743293837913N11203782WA0261502812
B1743303837915N11203773WA0261702814
B1743313837916N11203763WA0261902816
B1743323837916N11203754WA0262002818
B1743333837914N11203746WA0262302820
B1743343837911N11203739WA0262402822
B1743353837907N11203734WA0262602824
B1743363837903N11203732WA0262802826
B1743373837900N11203732WA0263002828
B1743383837897N11203733WA0263102830
B1743393837895N11203736WA0263402832
B1743403837895N11203740WA0263502835
B1743413837897N11203744WA0263702836
B1743423837902N11203747WA0263902837
B1743433837908N11203749WA0264102837
B1743443837916N11203749WA0264202838
B1743453837923N11203746WA0264402840
B1743463837931N11203742WA0264502843
B1743473837936N11203735WA0264702846
B1743483837940N11203726WA0264902848
B1743493837942N11203717WA0265102850
B1743503837942N11203708WA0265302851
B1743513837941N11203699WA0265502852
B1743523837939N11203690WA0265602852
B1743533837936N11203683WA0265802853
B1743543837933N11203678WA0265902854
B1743543837933N11203678WA0265902854
B1743553837929N11203676WA0266002856
B1743563837925N11203676WA0266102856
B1743573837922N11203677WA0266302856
B1743583837920N11203680WA0266302856
B1743593837919N11203683WA0266402857
B1744003837918N11203687WA0266502857
B1744013837918N11203691WA0266602858
B1744023837917N11203695WA0266702859
B1744033837917N11203698WA0266802861
B1744043837916N11203702WA0266902863
B1744053837916N11203705WA0267002864
B1744063837916N11203709WA0267102865
B1744073837917N11203714WA0267202866
B1744083837919N11203718WA0267302868
B1744093837923N11203721WA0267502870
B1744103837929N11203722WA0267602872
B1744113837937N11203720WA0267702872
B1744123837943N11203713WA0267802872
B1744133837948N11203704WA0267902873
B1744143837949N11203695WA0268002874
B1744153837948N11203686WA0268202875
B1744163837944N11203679WA0268202876
B1744173837939N11203673WA0268402876
B1744183837934N11203669WA0268402877
B1744193837929N11203665WA0268502879
B1744203837925N11203664WA0268602881
B1744213837921N11203664WA0268802883
B1744223837919N11203666WA0268902884
B1744233837919N11203670WA0269002885
B1744243837920N11203675WA0269102885
B1744253837922N11203680WA0269202886
B1744263837924N11203684WA0269302887
B1744273837927N11203688WA0269402888
B1744283837931N11203692WA0269502888
B1744293837935N11203696WA0269602889
B1744303837940N11203699WA0269602888
B1744313837946N11203700WA0269702889
B1744323837953N11203700WA0269802891
B1744333837959N11203697WA0269902893
B1744343837965N11203693WA0270002895
B1744353837970N11203686WA0270102897
B1744363837973N11203678WA0270202898
B1744373837975N11203669WA0270302899
B1744383837977N11203658WA0270402899
B1744393837976N11203647WA0270502899
B1744403837974N11203638WA0270602901
B1744413837970N11203630WA0270702903
B1744423837966N11203623WA0270802904
B1744433837961N11203618WA0270902905
B1744443837956N11203613WA0271002905
B1744453837952N11203608WA0271102905
B1744463837948N11203603WA0271102905
B1744473837944N11203598WA0271202906
B1744483837940N11203594WA0271302907
B1744493837936N11203591WA0271402907
B1744503837932N11203587WA0271402906
B1744513837928N11203583WA0271402905
B1744523837923N11203579WA0271402904
B1744533837918N11203575WA0271402902
B1744543837913N11203571WA0271402900
B1744553837908N11203568WA0271402900
B1744563837904N11203564WA0271302900
B1744563837904N11203564WA0271302900
B1744573837900N11203561WA0271302900
B1744583837896N11203559WA0271302902
B1744593837893N11203557WA0271302903
B1745003837888N11203554WA0271402903
B1745013837883N11203552WA0271402902
B1745023837877N11203550WA0271402902
B1745033837872N11203548WA0271302903
B1745043837867N11203547WA0271402906
B1745053837863N11203545WA0271402908
B1745063837858N11203543WA0271502908
B1745073837852N11203541WA0271502907
B1745083837845N11203538WA0271502904
B1745093837838N11203534WA0271502903
B1745103837832N11203527WA0271502903
B1745113837826N11203520WA0271402905
B1745123837822N11203512WA0271502907
B1745133837818N11203505WA0271502911
B1745143837815N11203499WA0271602915
B1745153837811N11203493WA0271702918
B1745163837807N11203487WA0271902921
B1745173837804N11203482WA0272102924
B1745183837800N11203477WA0272202928
B1745193837797N11203474WA0272502932
B1745203837794N11203473WA0272602934
B1745213837791N11203474WA0272902935
B1745223837788N11203478WA0273102935
B1745233837787N11203483WA0273302934
B1745243837787N11203489WA0273402934
B1745253837789N11203495WA0273602936
B1745263837793N11203501WA0273702937
B1745273837798N11203505WA0273802938
B1745283837805N11203507WA0273902938
B1745293837812N11203507WA0274102939
B1745303837820N11203505WA0274202941
B1745313837827N11203502WA0274302943
B1745323837833N11203497WA0274402946
B1745333837839N11203491WA0274602950
B1745343837842N11203484WA0274802953
B1745353837844N11203476WA0275002956
B1745363837843N11203468WA0275202958
B1745373837841N11203461WA0275402958
B1745383837837N11203454WA0275502960
B1745393837833N11203451WA0275802962
B1745403837829N11203451WA0275902965
B1745413837825N11203454WA0276102967
B1745423837824N11203459WA0276302968
B1745433837825N11203465WA0276502969
B1745443837829N11203472WA0276602970
B1745453837836N11203476WA0276802971
B1745463837844N11203477WA0276902972
B1745473837852N11203474WA0277102974
B1745483837858N11203468WA0277302977
B1745493837862N11203460WA0277502979
B1745503837864N11203450WA0277602981
B1745513837862N11203442WA0277802983
B1745523837859N11203435WA0277902985
B1745533837855N11203432WA0278202987
B1745543837850N11203432WA0278302989
B1745553837848N11203435WA0278502991
B1745563837847N11203441WA0278702992
B1745573837848N11203447WA0278902993
B1745583837853N11203453WA0279002993
B1745583837853N11203453WA0279002993
B1745593837860N11203458WA0279202993
B1746003837867N11203459WA0279302994
B1746013837875N11203456WA0279402995
B1746023837883N11203452WA0279502996
B1746033837890N11203445WA0279702998
B1746043837896N11203438WA0279802999
B1746053837900N11203429WA0279903001
B1746063837904N11203421WA0280003003
B1746073837906N11203411WA0280203005
B1746083837906N11203403WA0280303007
B1746093837905N11203395WA0280503008
B1746103837902N11203388WA0280603009
B1746113837898N11203384WA0280703010
B1746123837894N11203381WA0280803011
B1746133837891N11203381WA0281003012
B1746143837887N11203382WA0281103014
B1746153837885N11203385WA0281203015
B1746163837883N11203390WA0281303016
B1746173837884N11203397WA0281503016
B1746183837888N11203403WA0281603016
B1746193837894N11203408WA0281703017
B1746203837902N11203409WA0281703018
B1746213837910N11203407WA0281803018
B1746223837918N11203403WA0281903018
B1746233837924N11203396WA0282003019
B1746243837929N11203387WA0282003019
B1746253837931N11203378WA0282103020
B1746263837930N11203370WA0282203020
B1746273837928N11203363WA0282203021
B1746283837925N11203358WA0282303021
B1746293837921N11203355WA0282403022
B1746303837918N11203353WA0282403024
B1746313837914N11203352WA0282503025
B1746323837910N11203351WA0282603026
B1746333837907N11203351WA0282703028
B1746343837903N11203350WA0282803029
B1746353837900N11203350WA0282903030
B1746363837896N11203350WA0283003031
B1746373837892N11203351WA0283103031
B1746383837889N11203352WA0283103032
B1746393837886N11203354WA0283203032
B1746403837883N11203357WA0283303032
B1746413837879N11203359WA0283303031
B1746423837875N11203361WA0283303030
B1746433837871N11203361WA0283403030
B1746443837866N11203360WA0283403031
B1746453837863N11203358WA0283403032
B1746463837859N11203356WA0283503032
B1746473837856N11203355WA0283503032
B1746483837851N11203354WA0283503032
B1746493837846N11203353WA0283603030
B1746503837841N11203352WA0283503029
B1746513837836N11203350WA0283503030
B1746523837831N11203348WA0283503031
B1746533837826N11203346WA0283603032
B1746543837822N11203344WA0283603033
B1746553837818N11203341WA0283603033
B1746563837813N11203338WA0283603032
B1746573837807N11203335WA0283603030
B1746583837802N11203332WA0283603030
B1746593837797N11203330WA0283603030
B1747003837793N11203327WA0283603031
B1747013837789N11203325WA0283603033
B1747013837789N11203325WA0283603033
B1747023837786N11203323WA0283603034
B1747033837782N11203320WA0283703034
B1747043837779N11203318WA0283703034
B1747053837775N11203315WA0283703032
B1747063837770N11203313WA0283703030
B1747073837765N11203311WA0283703029
B1747083837760N11203309WA0283603027
B1747093837754N11203307WA0283603026
B1747103837748N11203304WA0283503024
B1747113837743N11203299WA0283403024
B1747123837737N11203294WA0283303024
B1747133837733N11203288WA0283303025
B1747143837728N11203284WA0283303026
B1747153837723N11203280WA0283203026
B1747163837718N11203276WA0283203025
B1747173837712N11203273WA0283203023
B1747183837704N11203269WA0283103020
B1747193837696N11203265WA0283003017
B1747203837689N11203260WA0282903016
B1747213837682N11203255WA0282703016
B1747223837675N11203251WA0282603017
B1747233837669N11203247WA0282603018
B1747243837663N11203243WA0282503018
B1747253837657N11203239WA0282503018
B1747263837651N11203235WA0282503017
B1747273837644N11203231WA0282403016
B1747283837637N11203228WA0282303015
B1747293837630N11203225WA0282303015
B1747303837622N11203222WA0282203015
B1747313837616N11203219WA0282203015
B1747323837609N11203216WA0282103016
B1747333837603N11203213WA0282103017
B1747343837597N11203209WA0282103017
B1747353837590N11203205WA0282103017
B1747363837584N11203201WA0282103017
B1747373837577N11203198WA0282103016
B1747383837569N11203195WA0282103015
B1747393837562N11203191WA0282003016
B1747403837555N11203188WA0282003016
B1747413837548N11203186WA0282003018
B1747423837542N11203185WA0282103022
B1747433837537N11203182WA0282203027
B1747443837533N11203179WA0282303031
B1747453837529N11203175WA0282503035
B1747463837525N11203171WA0282703039
B1747473837520N11203167WA0282903043
B1747483837516N11203162WA0283103048
B1747493837512N11203158WA0283503054
B1747503837509N11203155WA0283703061
B1747513837506N11203155WA0284103067
B1747523837502N11203157WA0284403071
B1747533837499N11203162WA0284903073
B1747543837497N11203169WA0285203075
B1747553837497N11203178WA0285503078
B1747563837502N11203186WA0285803081
B1747573837509N11203189WA0286203086
B1747583837518N11203187WA0286403091
B1747593837526N11203180WA0286903095
B1748003837531N11203171WA0287203101
B1748013837532N11203161WA0287603107
B1748023837530N11203153WA0288003113
B1748033837526N11203148WA0288503117
B1748033837526N11203148WA0288503117
B1748043837521N11203148WA0288803122
B1748053837518N11203151WA0289303127
B1748063837517N11203157WA0289703131
B1748073837518N11203166WA0290203133
B1748083837521N11203174WA0290503135
B1748093837527N11203180WA0290903140
B1748103837535N11203183WA0291203145
B1748113837543N11203182WA0291703151
B1748123837550N11203178WA0292003156
B1748133837557N11203171WA0292503160
B1748143837561N11203163WA0292903164
B1748153837562N11203154WA0293403168
B1748163837562N11203146WA0293703171
B1748173837559N11203138WA0294103174
B1748183837556N11203130WA0294503178
B1748193837553N11203124WA0294903184
B1748203837551N11203119WA0295303190
B1748213837548N11203115WA0295803195
B1748223837544N11203114WA0296103200
B1748233837539N11203116WA0296603203
B1748243837536N11203121WA0297003207
B1748253837535N11203129WA0297503213
B1748263837538N11203137WA0297803217
B1748273837545N11203143WA0298303220
B1748283837554N11203146WA0298603221
B1748293837563N11203145WA0299103224
B1748303837571N11203140WA0299403229
B1748313837577N11203133WA0299803234
B1748323837582N11203124WA0300103240
B1748333837584N11203116WA0300603246
B1748343837586N11203108WA0301003251
B1748353837587N11203100WA0301503256
B1748363837588N11203092WA0301903261
B1748373837588N11203084WA0302403266
B1748383837586N11203078WA0302803271
B1748393837583N11203072WA0303403276
B1748403837578N11203070WA0303703280
B1748413837573N11203072WA0304203283
B1748423837570N11203077WA0304603286
B1748433837570N11203085WA0305003290
B1748443837574N11203092WA0305403296
B1748453837580N11203095WA0305903303
B1748463837588N11203094WA0306303308
B1748473837595N11203089WA0306803313
B1748483837601N11203081WA0307203317
B1748493837605N11203071WA0307703322
B1748503837607N11203062WA0308103327
B1748513837607N11203053WA0308603333
B1748523837606N11203047WA0309003339
B1748533837602N11203042WA0309603343
B1748543837598N11203040WA0310003345
B1748553837593N11203042WA0310503347
B1748563837589N11203046WA0310803350
B1748573837588N11203052WA0311203352
B1748583837588N11203059WA0311503356
B1748593837591N11203066WA0312003360
B1749003837596N11203072WA0312303365
B1749013837601N11203076WA0312703371
B1749023837606N11203078WA0313003377
B1749033837613N11203077WA0313503382
B1749043837620N11203074WA0313903386
B1749053837627N11203070WA0314403389
B1749053837627N11203070WA0314403389
B1749063837634N11203063WA0314703392
B1749073837640N11203056WA0315203396
B1749083837644N11203047WA0315503400
B1749093837648N11203038WA0316003404
B1749103837649N11203030WA0316303408
B1749113837649N11203022WA0316703412
B1749123837648N11203017WA0317003415
B1749133837645N11203013WA0317403417
B1749143837641N11203010WA0317703418
B1749153837637N11203009WA0318103418
B1749163837632N11203009WA0318303420
B1749173837628N11203010WA0318603422
B1749183837624N11203011WA0318803426
B1749193837620N11203012WA0319103429
B1749203837617N11203013WA0319403432
B1749213837614N11203015WA0319703435
B1749223837611N11203017WA0319903437
B1749233837608N11203020WA0320203440
B1749243837606N11203025WA0320403442
B1749253837605N11203031WA0320803445
B1749263837606N11203037WA0321003449
B1749273837609N11203044WA0321303452
B1749283837614N11203049WA0321503454
B1749293837621N11203052WA0321803458
B1749303837627N11203052WA0322003462
B1749313837634N11203049WA0322403466
B1749323837639N11203044WA0322603470
B1749333837644N11203038WA0323003473
B1749343837647N11203030WA0323303477
B1749353837649N11203021WA0323603479
B1749363837648N11203013WA0323903482
B1749373837646N11203006WA0324203486
B1749383837642N11203001WA0324503490
B1749393837638N11203000WA0324903493
B1749403837634N11203001WA0325103496
B1749413837631N11203005WA0325503500
B1749423837629N11203010WA0325703503
B1749433837630N11203017WA0326103507
B1749443837633N11203023WA0326403510
B1749453837638N11203028WA0326703512
B1749463837645N11203029WA0327003514
B1749473837653N11203027WA0327303517
B1749483837659N11203021WA0327603520
B1749493837664N11203013WA0327903523
B1749503837667N11203004WA0328203526
B1749513837667N11202995WA0328503528
B1749523837667N11202987WA0328703532
B1749533837665N11202980WA0329103536
B1749543837662N11202975WA0329303539
B1749553837658N11202973WA0329703543
B1749563837655N11202973WA0329903547
B1749573837653N11202977WA0330303550
B1749583837653N11202983WA0330603552
B1749593837656N11202991WA0330903553
B1750003837660N11202998WA0331103556
B1750013837667N11203001WA0331503560
B1750023837675N11203000WA0331703564
B1750033837682N11202995WA0332003567
B1750043837687N11202987WA0332303569
B1750053837689N11202978WA0332603571
B1750063837690N11202969WA0332803573
B1750073837688N11202961WA0333103575
B1750083837685N11202956WA0333303578
B1750083837685N11202956WA0333303578
B1750093837681N11202954WA0333603580
B1750103837677N11202957WA0333903583
B1750113837676N11202963WA0334203585
B1750123837677N11202970WA0334403587
B1750133837682N11202976WA0334603590
B1750143837688N11202980WA0334803593
B1750153837696N11202980WA0335103595
B1750163837703N11202976WA0335303596
B1750173837709N11202969WA0335603598
B1750183837714N11202961WA0335703599
B1750193837717N11202951WA0336003600
B1750203837718N11202942WA0336103601
B1750213837718N11202932WA0336303604
B1750223837718N11202923WA0336503606
B1750233837717N11202914WA0336703609
B1750243837715N11202908WA0336903612
B1750253837712N11202903WA0337203615
B1750263837708N11202902WA0337303618
B1750273837705N11202904WA0337603620
B1750283837704N11202909WA0337803621
B1750293837704N11202916WA0338003621
B1750303837707N11202924WA0338203623
B1750313837712N11202929WA0338403626
B1750323837718N11202931WA0338603630
B1750333837726N11202929WA0338803632
B1750343837733N11202924WA0339003633
B1750353837740N11202917WA0339203634
B1750363837745N11202908WA0339403636
B1750373837748N11202898WA0339603637
B1750383837750N11202888WA0339703640
B1750393837750N11202879WA0340003642
B1750403837749N11202869WA0340103643
B1750413837747N11202861WA0340303645
B1750423837744N11202856WA0340503648
B1750433837742N11202852WA0340703651
B1750443837739N11202851WA0340803652
B1750453837738N11202851WA0341003652
B1750463837737N11202852WA0341203650
B1750473837736N11202855WA0341303648
B1750483837735N11202859WA0341403645
B1750493837733N11202864WA0341403644
B1750503837732N11202869WA0341403644
B1750513837730N11202872WA0341503647
B1750523837728N11202873WA0341603650
B1750533837726N11202875WA0341703653
B1750543837724N11202877WA0341803656
B1750553837723N11202879WA0342003657
B1750563837721N11202882WA0342103657
B1750573837718N11202885WA0342203657
B1750583837715N11202889WA0342203656
B1750593837712N11202893WA0342303656
B1751003837709N11202897WA0342403658
B1751013837707N11202901WA0342503660
B1751023837706N11202904WA0342503661
B1751033837705N11202907WA0342603662
B1751043837705N11202910WA0342703660
B1751053837704N11202914WA0342803658
B1751063837703N11202919WA0342803653
B1751073837701N11202925WA0342703649
B1751083837699N11202930WA0342603647
B1751093837698N11202935WA0342503645
B1751103837697N11202940WA0342403645
B1751103837697N11202940WA0342403645
B1751113837697N11202945WA0342303645
B1751123837698N11202950WA0342303646
B1751133837697N11202955WA0342303648
B1751143837697N11202960WA0342203649
B1751153837696N11202965WA0342203651
B1751163837694N11202971WA0342303652
B1751173837693N11202975WA0342303655
B1751183837692N11202980WA0342303656
B1751193837690N11202984WA0342403658
B1751203837688N11202988WA0342503658
B1751213837687N11202994WA0342503657
B1751223837684N11202999WA0342603656
B1751233837682N11203005WA0342603655
B1751243837679N11203010WA0342603655
B1751253837676N11203016WA0342603656
B1751263837674N11203020WA0342603657
B1751273837671N11203023WA0342703659
B1751283837669N11203026WA0342703662
B1751293837667N11203029WA0342803664
B1751303837665N11203032WA0342903665
B1751313837664N11203036WA0343003665
B1751323837662N11203041WA0343103664
B1751333837661N11203046WA0343203664
B1751343837660N11203052WA0343203664
B1751353837659N11203057WA0343303665
B1751363837659N11203063WA0343303667
B1751373837658N11203068WA0343403668
B1751383837658N11203074WA0343403670
B1751393837660N11203079WA0343503671
B1751403837663N11203084WA0343603671
B1751413837668N11203087WA0343703671
B1751423837674N11203088WA0343703671
B1751433837681N11203088WA0343803673
B1751443837689N11203087WA0343903674
B1751453837695N11203084WA0344003677
B1751463837701N11203080WA0344103680
B1751473837705N11203075WA0344203683
B1751483837708N11203068WA0344303684
B1751493837708N11203060WA0344503685
B1751503837707N11203053WA0344603685
B1751513837704N11203046WA0344703684
B1751523837699N11203039WA0344803683
B1751533837694N11203034WA0344803682
B1751543837688N11203031WA0344903682
B1751553837682N11203031WA0344903682
B1751563837678N11203032WA0344903684
B1751573837675N11203035WA0345003685
B1751583837672N11203038WA0345003686
B1751593837671N11203042WA0345103686
B1752003837671N11203047WA0345203686
B1752013837672N11203052WA0345303687
B1752023837673N11203058WA0345303688
B1752033837674N11203064WA0345403689
B1752043837676N11203069WA0345503691
B1752053837678N11203074WA0345603693
B1752063837682N11203078WA0345703695
B1752073837687N11203080WA0345803696
B1752083837694N11203081WA0345903695
B1752093837702N11203079WA0346003695
B1752103837709N11203073WA0346003694
B1752113837715N11203065WA0346103694
B1752123837718N11203056WA0346103695
B1752123837718N11203056WA0346103695
B1752133837719N11203046WA0346203696
B1752143837717N11203039WA0346203698
B1752153837713N11203033WA0346303699
B1752163837709N11203029WA0346403700
B1752173837704N11203028WA0346503700
B1752183837699N11203028WA0346503699
B1752193837694N11203030WA0346603699
B1752203837690N11203033WA0346603700
B1752213837686N11203037WA0346703702
B1752223837684N11203042WA0346703703
B1752233837682N11203046WA0346803706
B1752243837681N11203051WA0346903708
B1752253837681N11203057WA0347003709
B1752263837680N11203063WA0347103710
B1752273837681N11203069WA0347303711
B1752283837683N11203076WA0347403713
B1752293837687N11203082WA0347503714
B1752303837694N11203086WA0347603715
B1752313837703N11203086WA0347703716
B1752323837711N11203083WA0347803716
B1752333837719N11203076WA0347903716
B1752343837724N11203068WA0348003716
B1752353837728N11203058WA0348103717
B1752363837729N11203049WA0348103719
B1752373837728N11203041WA0348203720
B1752383837725N11203034WA0348303721
B1752393837722N11203029WA0348403722
B1752403837717N11203027WA0348503723
B1752413837712N11203028WA0348603723
B1752423837709N11203031WA0348703725
B1752433837707N11203036WA0348803727
B1752443837708N11203043WA0348903729
B1752453837712N11203049WA0349003730
B1752463837718N11203054WA0349103731
B1752473837726N11203056WA0349203732
B1752483837734N11203054WA0349303732
B1752493837742N11203049WA0349403731
B1752503837748N11203042WA0349403731
B1752513837752N11203034WA0349503732
B1752523837756N11203025WA0349603733
B1752533837758N11203017WA0349703734
B1752543837758N11203009WA0349703735
B1752553837758N11203001WA0349803735
B1752563837756N11202993WA0349803734
B1752573837753N11202986WA0349903734
B1752583837749N11202980WA0349903734
B1752593837745N11202977WA0350003734
B1753003837739N11202975WA0350003734
B1753013837734N11202976WA0350003734
B1753023837730N11202978WA0350003736
B1753033837726N11202980WA0350103738
B1753043837723N11202983WA0350103740
B1753053837721N11202987WA0350203742
B1753063837720N11202993WA0350303743
B1753073837721N11202999WA0350403744
B1753083837725N11203004WA0350503746
B1753093837731N11203008WA0350603748
B1753103837738N11203009WA0350703749
B1753113837746N11203007WA0350903749
B1753123837754N11203001WA0351003750
B1753133837759N11202992WA0351103751
B1753143837762N11202983WA0351203753
B1753153837763N11202974WA0351303755
B1753153837763N11202974WA0351303755
B1753163837762N11202966WA0351403757
B1753173837759N11202960WA0351503759
B1753183837756N11202954WA0351603759
B1753193837752N11202950WA0351803760
B1753203837747N11202947WA0351903760
B1753213837741N11202945WA0352003759
B1753223837735N11202945WA0352003759
B1753233837730N11202947WA0352103759
B1753243837726N11202950WA0352203759
B1753253837722N11202955WA0352203758
B1753263837720N11202961WA0352303758
B1753273837719N11202968WA0352303759
B1753283837720N11202976WA0352403760
B1753293837724N11202983WA0352403760
B1753303837730N11202989WA0352503760
B1753313837738N11202992WA0352503759
B1753323837747N11202993WA0352503760
B1753333837755N11202991WA0352603760
B1753343837763N11202987WA0352603763
B1753353837771N11202984WA0352703765
B1753363837778N11202980WA0352803767
B1753373837785N11202977WA0352903769
B1753383837792N11202972WA0353003770
B1753393837798N11202966WA0353103771
B1753403837803N11202958WA0353103771
B1753413837807N11202949WA0353203771
B1753423837809N11202939WA0353303773
B1753433837809N11202931WA0353403774
B1753443837806N11202924WA0353503775
B1753453837802N11202919WA0353503775
B1753463837797N11202916WA0353603774
B1753473837792N11202914WA0353603773
B1753483837787N11202913WA0353703773
B1753493837782N11202911WA0353703772
B1753503837776N11202909WA0353703771
B1753513837771N11202907WA0353703770
B1753523837765N11202904WA0353703768
B1753533837759N11202901WA0353603765
B1753543837753N11202897WA0353603763
B1753553837747N11202893WA0353403761
B1753563837742N11202887WA0353403759
B1753573837739N11202881WA0353203758
B1753583837736N11202874WA0353203756
B1753593837735N11202866WA0353003754
B1754003837734N11202857WA0352903752
B1754013837734N11202849WA0352803750
B1754023837734N11202839WA0352703748
B1754033837734N11202830WA0352503746
B1754043837733N11202820WA0352403742
B1754053837732N11202810WA0352103740
B1754063837732N11202801WA0352003738
B1754073837732N11202792WA0351803736
B1754083837733N11202782WA0351603734
B1754093837734N11202773WA0351403732
B1754103837733N11202765WA0351303730
B1754113837732N11202756WA0351103727
B1754123837731N11202748WA0350903725
B1754133837730N11202739WA0350703722
B1754143837730N11202730WA0350503718
B1754153837729N11202720WA0350203714
B1754163837728N11202711WA0350003710
B1754173837725N11202703WA0349703707
B1754173837725N11202703WA0349703707
B1754183837721N11202697WA0349503703
B1754193837716N11202695WA0349103699
B1754203837711N11202697WA0348903694
B1754213837707N11202702WA0348503690
B1754223837703N11202707WA0348203687
B1754233837700N11202712WA0347803686
B1754243837697N11202716WA0347603685
B1754253837694N11202720WA0347303684
B1754263837691N11202723WA0347103682
B1754273837688N11202727WA0346803680
B1754283837685N11202731WA0346603678
B1754293837682N11202735WA0346403676
B1754303837679N11202739WA0346203674
B1754313837676N11202743WA0345903673
B1754323837673N11202747WA0345803673
B1754333837670N11202751WA0345603673
B1754343837667N11202755WA0345503673
B1754353837665N11202760WA0345303672
B1754363837663N11202765WA0345203671
B1754373837661N11202770WA0345103671
B1754383837659N11202776WA0345003669
B1754393837657N11202782WA0344803669
B1754403837655N11202787WA0344703668
B1754413837654N11202792WA0344603668
B1754423837651N11202797WA0344503667
B1754433837648N11202801WA0344403666
B1754443837645N11202805WA0344403666
B1754453837642N11202809WA0344203665
B1754463837640N11202814WA0344203663
B1754473837638N11202819WA0344003661
B1754483837636N11202826WA0343903659
B1754493837635N11202832WA0343803657
B1754503837634N11202838WA0343703656
B1754513837632N11202843WA0343503654
B1754523837631N11202849WA0343403652
B1754533837630N11202854WA0343303649
B1754543837628N11202860WA0343103647
B1754553837627N11202866WA0342903644
B1754563837627N11202872WA0342803642
B1754573837626N11202878WA0342603639
B1754583837626N11202884WA0342403637
B1754593837626N11202890WA0342203634
B1755003837626N11202897WA0342003631
B1755013837625N11202904WA0341703628
B1755023837624N11202910WA0341503625
B1755033837621N11202917WA0341303623
B1755043837619N11202923WA0341103622
B1755053837617N11202929WA0340903621
B1755063837614N11202937WA0340703619
B1755073837612N11202945WA0340503618
B1755083837610N11202953WA0340303617
B1755093837609N11202962WA0340103618
B1755103837608N11202971WA0340003620
B1755113837607N11202978WA0339903623
B1755123837606N11202985WA0339903625
B1755133837605N11202991WA0339903628
B1755143837604N11202995WA0339903632
B1755153837604N11202998WA0340003636
B1755163837603N11203002WA0340103639
B1755173837603N11203005WA0340203641
B1755183837602N11203009WA0340303642
B1755193837602N11203012WA0340503643
B1755203837601N11203016WA0340603643
B1755203837601N11203016WA0340603643
B1755213837601N11203020WA0340703643
B1755223837601N11203025WA0340803642
B1755233837601N11203030WA0340803641
B1755243837601N11203035WA0340903641
B1755253837602N11203040WA0340903642
B1755263837603N11203045WA0341003643
B1755273837604N11203049WA0341003643
B1755283837604N11203054WA0341103643
B1755293837605N11203059WA0341203643
B1755303837605N11203064WA0341203643
B1755313837605N11203069WA0341203642
B1755323837607N11203075WA0341203643
B1755333837608N11203079WA0341203643
B1755343837610N11203084WA0341303643
B1755353837611N11203088WA0341303643
B1755363837613N11203093WA0341303643
B1755373837615N11203098WA0341303642
B1755383837617N11203103WA0341303641
B1755393837619N11203108WA0341303639
B1755403837621N11203114WA0341203638
B1755413837622N11203120WA0341203637
B1755423837623N11203126WA0341103635
B1755433837625N11203131WA0341103634
B1755443837626N11203137WA0341003632
B1755453837627N11203143WA0340903631
B1755463837627N11203149WA0340903631
B1755473837628N11203155WA0340803632
B1755483837628N11203161WA0340803632
B1755493837627N11203167WA0340803634
B1755503837627N11203173WA0340803637
B1755513837626N11203179WA0340803639
B1755523837625N11203185WA0340903643
B1755533837625N11203190WA0341003646
B1755543837624N11203195WA0341103649
B1755553837625N11203200WA0341203651
B1755563837627N11203205WA0341303653
B1755573837631N11203211WA0341503653
B1755583837637N11203214WA0341603653
B1755593837644N11203216WA0341703655
B1756003837651N11203217WA0341803657
B1756013837658N11203216WA0342003658
B1756023837665N11203215WA0342103659
B1756033837673N11203212WA0342303660
B1756043837682N11203206WA0342403660
B1756053837690N11203199WA0342503660
B1756063837697N11203192WA0342503663
B1756073837702N11203185WA0342703667
B1756083837706N11203179WA0342803671
B1756093837710N11203173WA0343103674
B1756103837712N11203167WA0343203676
B1756113837712N11203160WA0343403676
B1756123837711N11203153WA0343603675
B1756133837707N11203147WA0343703675
B1756143837704N11203145WA0343803676
B1756153837700N11203145WA0343903677
B1756163837697N11203147WA0344003679
B1756173837695N11203151WA0344203680
B1756183837693N11203156WA0344303681
B1756193837691N11203161WA0344403683
B1756203837690N11203166WA0344503684
B1756213837689N11203171WA0344603686
B1756223837689N11203175WA0344803689
B1756223837689N11203175WA0344803689
B1756233837689N11203178WA0345003693
B1756243837689N11203182WA0345103696
B1756253837690N11203185WA0345303698
B1756263837690N11203188WA0345503698
B1756273837690N11203193WA0345703698
B1756283837691N11203198WA0345803699
B1756293837690N11203202WA0346003701
B1756303837690N11203206WA0346103705
B1756313837690N11203209WA0346303709
B1756323837692N11203212WA0346503715
B1756333837694N11203215WA0346903718
B1756343837696N11203219WA0347103720
B1756353837697N11203225WA0347403722
B1756363837699N11203232WA0347603724
B1756373837703N11203238WA0347903727
B1756383837708N11203243WA0348103731
B1756393837716N11203245WA0348403734
B1756403837725N11203243WA0348603736
B1756413837733N11203238WA0348803737
B1756423837740N11203230WA0349003741
B1756433837743N11203221WA0349303747
B1756443837742N11203214WA0349603752
B1756453837739N11203209WA0349903754
B1756463837735N11203206WA0350103755
B1756473837731N11203209WA0350403756
B1756483837729N11203215WA0350603756
B1756493837727N11203222WA0350903758
B1756503837727N11203229WA0351103762
B1756513837729N11203236WA0351403767
B1756523837732N11203242WA0351603771
B1756533837737N11203247WA0351903772
B1756543837743N11203252WA0352103772
B1756553837751N11203256WA0352303771
B1756563837759N11203259WA0352503771
B1756573837768N11203259WA0352703772
B1756583837776N11203256WA0352803774
B1756593837785N11203251WA0353003776
B1757003837793N11203246WA0353103779
B1757013837799N11203239WA0353403784
B1757023837803N11203232WA0353503789
B1757033837805N11203225WA0353803794
B1757043837806N11203218WA0354103797
B1757053837806N11203211WA0354403800
B1757063837804N11203206WA0354603803
B1757073837799N11203203WA0354903804
B1757083837794N11203203WA0355103805
B1757093837790N11203207WA0355403808
B1757103837788N11203212WA0355603813
B1757113837786N11203217WA0356003818
B1757123837786N11203224WA0356203821
B1757133837787N11203231WA0356603825
B1757143837789N11203238WA0356803827
B1757153837793N11203245WA0357203828
B1757163837797N11203251WA0357403830
B1757173837802N11203255WA0357703831
B1757183837807N11203259WA0357903832
B1757193837812N11203264WA0358103832
B1757203837816N11203268WA0358303830
B1757213837821N11203274WA0358403828
B1757223837826N11203281WA0358503826
B1757233837830N11203288WA0358603825
B1757243837833N11203295WA0358603824
B1757243837833N11203295WA0358603824
B1757253837836N11203303WA0358603822
B1757263837839N11203310WA0358603820
B1757273837840N11203318WA0358603817
B1757283837841N11203326WA0358503813
B1757293837842N11203334WA0358403810
B1757303837842N11203342WA0358303808
B1757313837843N11203349WA0358103807
B1757323837843N11203355WA0358003806
B1757333837843N11203361WA0357903804
B1757343837842N11203367WA0357803801
B1757353837841N11203374WA0357603798
B1757363837841N11203380WA0357503795
B1757373837840N11203387WA0357203793
B1757383837840N11203393WA0357103792
B1757393837839N11203398WA0356903791
B1757403837838N11203403WA0356803790
B1757413837838N11203407WA0356603788
B1757423837836N11203412WA0356503785
B1757433837835N11203418WA0356203782
B1757443837833N11203423WA0356103778
B1757453837832N11203429WA0355803776
B1757463837830N11203435WA0355603774
B1757473837829N11203441WA0355403772
B1757483837827N11203446WA0355203769
B1757493837825N11203451WA0355003767
B1757503837823N11203457WA0354803764
B1757513837821N11203462WA0354503761
B1757523837818N11203468WA0354403758
B1757533837816N11203474WA0354103755
B1757543837813N11203479WA0353903753
B1757553837810N11203485WA0353603751
B1757563837808N11203491WA0353403749
B1757573837805N11203497WA0353103747
B1757583837802N11203503WA0352903745
B1757593837798N11203508WA0352703744
B1758003837796N11203514WA0352503744
B1758013837793N11203519WA0352303744
B1758023837792N11203525WA0352203743
B1758033837790N11203530WA0352103742
B1758043837787N11203535WA0351903740
B1758053837784N11203541WA0351803737
B1758063837781N11203546WA0351603735
B1758073837778N11203551WA0351403734
B1758083837776N11203557WA0351303734
B1758093837774N11203562WA0351203735
B1758103837773N11203566WA0351103735
B1758113837771N11203570WA0351003737
B1758123837768N11203574WA0351003737
B1758133837765N11203577WA0350903737
B1758143837762N11203581WA0350903737
B1758153837759N11203585WA0350803736
B1758163837756N11203590WA0350803735
B1758173837754N11203595WA0350703735
B1758183837751N11203600WA0350703736
B1758193837748N11203603WA0350703737
B1758203837746N11203606WA0350703739
B1758213837744N11203610WA0350703741
B1758223837742N11203614WA0350703743
B1758233837741N11203618WA0350803745
B1758243837741N11203623WA0350903746
B1758253837742N11203629WA0350903747
B1758263837743N11203635WA0351003747
B1758273837744N11203641WA0351103746
B1758273837744N11203641WA0351103746
B1758283837745N11203648WA0351103745
B1758293837747N11203656WA0351103745
B1758303837749N11203663WA0351203745
B1758313837752N11203670WA0351203746
B1758323837754N11203677WA0351203747
B1758333837757N11203684WA0351303748
B1758343837759N11203691WA0351303749
B1758353837761N11203698WA0351403749
B1758363837763N11203705WA0351403749
B1758373837765N11203712WA0351403749
B1758383837767N11203720WA0351503748
B1758393837769N11203727WA0351503748
B1758403837770N11203735WA0351503749
B1758413837772N11203742WA0351503750
B1758423837773N11203748WA0351603751
B1758433837775N11203755WA0351603752
B1758443837777N11203761WA0351703752
B1758453837779N11203767WA0351703752
B1758463837782N11203772WA0351703751
B1758473837783N11203778WA0351803749
B1758483837783N11203784WA0351703747
B1758493837783N11203790WA0351703745
B1758503837781N11203795WA0351603743
B1758513837779N11203799WA0351603742
B1758523837778N11203803WA0351503742
B1758533837777N11203808WA0351403741
B1758543837776N11203812WA0351403740
B1758553837774N11203816WA0351303739
B1758563837772N11203820WA0351303737
B1758573837770N11203824WA0351203736
B1758583837767N11203828WA0351103735
B1758593837765N11203831WA0351003736
B1759003837763N11203835WA0350903735
B1759013837761N11203839WA0350803735
B1759023837758N11203843WA0350803733
B1759033837756N11203847WA0350703732
B1759043837753N11203851WA0350603731
B1759053837750N11203853WA0350503730
B1759063837747N11203856WA0350403729
B1759073837744N11203858WA0350303727
B1759083837740N11203861WA0350203725
B1759093837737N11203865WA0350103722
B1759103837734N11203869WA0350003720
B1759113837731N11203873WA0349803718
B1759123837728N11203876WA0349703719
B1759133837726N11203878WA0349603720
B1759143837723N11203879WA0349603721
B1759153837721N11203879WA0349503722
B1759163837719N11203880WA0349503723
B1759173837716N11203881WA0349503724
B1759183837714N11203883WA0349503725
B1759193837712N11203886WA0349503726
B1759203837709N11203889WA0349503727
B1759213837708N11203893WA0349503728
B1759223837706N11203897WA0349503728
B1759233837705N11203901WA0349503728
B1759243837703N11203905WA0349503727
B1759253837701N11203908WA0349503726
B1759263837698N11203909WA0349503725
B1759273837694N11203907WA0349503723
B1759283837692N11203903WA0349503722
B1759293837690N11203898WA0349403721
B1759293837690N11203898WA0349403721
B1759303837688N11203893WA0349403722
B1759313837687N11203889WA0349403723
B1759323837686N11203884WA0349403724
B1759333837686N11203880WA0349403725
B1759343837685N11203874WA0349403724
B1759353837684N11203868WA0349403724
B1759363837683N11203862WA0349403724
B1759373837682N11203858WA0349403725
B1759383837680N11203856WA0349403725
B1759393837678N11203855WA0349403725
B1759403837677N11203855WA0349403725
B1759413837674N11203855WA0349403724
B1759423837672N11203855WA0349403722
B1759433837668N11203857WA0349303720
B1759443837664N11203858WA0349303719
B1759453837660N11203859WA0349203719
B1759463837657N11203859WA0349203719
B1759473837653N11203858WA0349103719
B1759483837650N11203858WA0349103718
B1759493837646N11203859WA0349003717
B1759503837641N11203860WA0348903715
B1759513837636N11203861WA0348803713
B1759523837631N11203862WA0348703711
B1759533837626N11203863WA0348603710
B1759543837622N11203864WA0348503710
B1759553837618N11203866WA0348403710
B1759563837614N11203867WA0348303709
B1759573837611N11203868WA0348303708
B1759583837607N11203870WA0348203707
B1759593837603N11203872WA0348103705
B1800003837599N11203874WA0348003703
B1800013837595N11203876WA0347903703
B1800023837592N11203878WA0347803702
B1800033837589N11203881WA0347803702
B1800043837586N11203883WA0347703701
B1800053837583N11203886WA0347603699
B1800063837579N11203889WA0347503698
B1800073837574N11203891WA0347403696
B1800083837570N11203893WA0347303695
B1800093837565N11203894WA0347203695
B1800103837561N11203895WA0347203695
B1800113837558N11203896WA0347103695
B1800123837553N11203897WA0347003694
B1800133837549N11203897WA0346903694
B1800143837545N11203898WA0346903693
B1800153837540N11203899WA0346803692
B1800163837536N11203899WA0346703692
B1800173837531N11203900WA0346703691
B1800183837527N11203901WA0346603691
B1800193837523N11203902WA0346603691
B1800203837518N11203903WA0346503690
B1800213837514N11203904WA0346403689
B1800223837509N11203905WA0346403689
B1800233837505N11203906WA0346303688
B1800243837501N11203907WA0346303688
B1800253837496N11203908WA0346203688
B1800263837492N11203908WA0346203688
B1800273837487N11203909WA0346103688
B1800283837483N11203909WA0346103687
B1800293837479N11203909WA0346003687
B1800303837475N11203907WA0346003687
B1800313837471N11203904WA0345903687
B1800313837471N11203904WA0345903687
B1800323837467N11203899WA0345903686
B1800333837465N11203892WA0345903685
B1800343837463N11203884WA0345803684
B1800353837462N11203877WA0345803684
B1800363837461N11203871WA0345703685
B1800373837460N11203864WA0345703687
B1800383837459N11203857WA0345703687
B1800393837459N11203850WA0345703687
B1800403837460N11203842WA0345703688
B1800413837462N11203834WA0345803689
B1800423837465N11203827WA0345803691
B1800433837468N11203820WA0345903692
B1800443837471N11203813WA0345903693
B1800453837475N11203806WA0346003694
B1800463837478N11203799WA0346003694
B1800473837481N11203791WA0346103695
B1800483837485N11203784WA0346103696
B1800493837488N11203777WA0346203696
B1800503837492N11203770WA0346303697
B1800513837497N11203763WA0346303697
B1800523837504N11203757WA0346403697
B1800533837510N11203752WA0346503698
B1800543837516N11203748WA0346503701
B1800553837522N11203744WA0346703703
B1800563837528N11203740WA0346703705
B1800573837534N11203735WA0346903705
B1800583837539N11203729WA0347003706
B1800593837544N11203722WA0347103706
B1801003837549N11203714WA0347103707
B1801013837553N11203706WA0347203708
B1801023837557N11203699WA0347303709
B1801033837561N11203691WA0347403709
B1801043837563N11203682WA0347403708
B1801053837566N11203673WA0347503708
B1801063837568N11203663WA0347503707
B1801073837570N11203652WA0347503705
B1801083837572N11203642WA0347503705
B1801093837574N11203631WA0347503706
B1801103837576N11203621WA0347503706
B1801113837579N11203611WA0347503706
B1801123837581N11203601WA0347503706
B1801133837583N11203590WA0347603706
B1801143837584N11203579WA0347503706
B1801153837584N11203569WA0347503706
B1801163837583N11203559WA0347503707
B1801173837582N11203551WA0347603709
B1801183837582N11203543WA0347603712
B1801193837581N11203535WA0347703714
B1801203837579N11203528WA0347803716
B1801213837577N11203522WA0347903717
B1801223837573N11203519WA0348003718
B1801233837571N11203519WA0348103718
B1801243837569N11203522WA0348203718
B1801253837570N11203527WA0348303718
B1801263837573N11203532WA0348303719
B1801273837578N11203536WA0348403720
B1801283837585N11203538WA0348503721
B1801293837594N11203538WA0348603722
B1801303837602N11203536WA0348603724
B1801313837610N11203532WA0348703725
B1801323837618N11203525WA0348803727
B1801333837624N11203517WA0349003729
B1801343837629N11203507WA0349103731
B1801343837629N11203507WA0349103731
B1801353837632N11203497WA0349203733
B1801363837633N11203488WA0349303735
B1801373837632N11203479WA0349503737
B1801383837629N11203473WA0349603739
B1801393837625N11203469WA0349803741
B1801403837621N11203468WA0350003743
B1801413837617N11203471WA0350203746
B1801423837615N11203475WA0350303748
B1801433837613N11203480WA0350503753
B1801443837614N11203484WA0350703757
B1801453837616N11203488WA0351003761
B1801463837619N11203491WA0351203764
B1801473837624N11203494WA0351503766
B1801483837629N11203497WA0351703766
B1801493837636N11203501WA0351903766
B1801503837644N11203503WA0352003766
B1801513837652N11203503WA0352203767
B1801523837660N11203500WA0352403769
B1801533837667N11203494WA0352503771
B1801543837673N11203486WA0352703772
B1801553837678N11203478WA0352803773
B1801563837683N11203471WA0353003776
B1801573837686N11203465WA0353103780
B1801583837689N11203459WA0353303783
B1801593837691N11203451WA0353503785
B1802003837691N11203443WA0353803788
B1802013837691N11203435WA0353903792
B1802023837691N11203429WA0354203798
B1802033837690N11203423WA0354603803
B1802043837689N11203417WA0354803808
B1802053837687N11203412WA0355203812
B1802063837684N11203407WA0355503815
B1802073837679N11203405WA0355803818
B1802083837674N11203407WA0356103819
B1802093837670N11203412WA0356403821
B1802103837669N11203420WA0356703823
B1802113837672N11203428WA0356903826
B1802123837678N11203433WA0357203828
B1802133837686N11203434WA0357503830
B1802143837694N11203430WA0357803833
B1802153837699N11203423WA0358003836
B1802163837702N11203415WA0358303840
B1802173837702N11203406WA0358603845
B1802183837700N11203400WA0358903850
B1802193837696N11203396WA0359303855
B1802203837691N11203395WA0359603858
B1802213837686N11203398WA0359903860
B1802223837684N11203405WA0360203862
B1802233837685N11203413WA0360403863
B1802243837689N11203421WA0360803865
B1802253837697N11203424WA0361003868
B1802263837705N11203422WA0361303871
B1802273837712N11203416WA0361503875
B1802283837716N11203407WA0361803878
B1802293837719N11203398WA0362103882
B1802303837719N11203390WA0362403886
B1802313837716N11203383WA0362703890
B1802323837712N11203377WA0363103894
B1802333837707N11203375WA0363303896
B1802343837702N11203376WA0363703899
B1802353837699N11203381WA0364003901
B1802363837698N11203387WA0364303903
B1802373837699N11203394WA0364503906
B1802373837699N11203394WA0364503906
B1802383837704N11203400WA0364803907
B1802393837711N11203403WA0365003909
B1802403837718N11203403WA0365403912
B1802413837725N11203400WA0365603916
B1802423837732N11203395WA0365903920
B1802433837737N11203389WA0366103924
B1802443837742N11203381WA0366503929
B1802453837744N11203373WA0366703934
B1802463837743N11203365WA0367103937
B1802473837740N11203358WA0367403939
B1802483837735N11203354WA0367803940
B1802493837730N11203352WA0368003942
B1802503837725N11203354WA0368303944
B1802513837722N11203359WA0368503946
B1802523837721N11203364WA0368803949
B1802533837721N11203369WA0369003954
B1802543837723N11203373WA0369303957
B1802553837726N11203377WA0369603960
B1802563837731N11203380WA0369903962
B1802573837736N11203383WA0370103964
B1802583837743N11203385WA0370503966
B1802593837750N11203384WA0370703969
B1803003837757N11203381WA0371003973
B1803013837763N11203376WA0371203977
B1803023837767N11203370WA0371603981
B1803033837769N11203362WA0371803986
B1803043837767N11203355WA0372203990
B1803053837763N11203349WA0372403992
B1803063837757N11203347WA0372803995
B1803073837752N11203349WA0373103997
B1803083837749N11203354WA0373404000
B1803093837749N11203361WA0373704003
B1803103837752N11203367WA0374004006
B1803113837758N11203371WA0374204009
B1803123837765N11203372WA0374604011
B1803133837772N11203369WA0374804014
B1803143837778N11203364WA0375104018
B1803153837782N11203356WA0375404021
B1803163837783N11203347WA0375704025
B1803173837782N11203339WA0376004028
B1803183837778N11203333WA0376304031
B1803193837772N11203330WA0376504033
B1803203837766N11203330WA0376904036
B1803213837762N11203334WA0377104038
B1803223837761N11203341WA0377404040
B1803233837763N11203347WA0377604042
B1803243837766N11203352WA0377904045
B1803253837772N11203355WA0378104048
B1803263837779N11203355WA0378404050
B1803273837786N11203351WA0378604052
B1803283837792N11203345WA0378904054
B1803293837796N11203338WA0379104056
B1803303837799N11203329WA0379404059
B1803313837799N11203321WA0379604062
B1803323837797N11203315WA0379904065
B1803333837792N11203310WA0380104066
B1803343837787N11203308WA0380304067
B1803353837782N11203310WA0380504069
B1803363837779N11203314WA0380804071
B1803373837778N11203319WA0381004074
B1803383837780N11203325WA0381204076
B1803393837784N11203329WA0381504078
B1803403837790N11203331WA0381604079
B1803403837790N11203331WA0381604079
B1803413837796N11203332WA0381804079
B1803423837803N11203332WA0382004080
B1803433837810N11203332WA0382104082
B1803443837817N11203333WA0382304084
B1803453837823N11203335WA0382504086
B1803463837829N11203336WA0382704088
B1803473837835N11203338WA0382804090
B1803483837840N11203339WA0383004092
B1803493837846N11203339WA0383204095
B1803503837851N11203339WA0383404097
B1803513837857N11203336WA0383604099
B1803523837862N11203331WA0383804100
B1803533837867N11203324WA0383904100
B1803543837870N11203315WA0384104100
B1803553837871N11203305WA0384304102
B1803563837870N11203297WA0384404104
B1803573837868N11203289WA0384604106
B1803583837865N11203283WA0384704109
B1803593837861N11203278WA0384904111
B1804003837857N11203274WA0385104114
B1804013837854N11203272WA0385204117
B1804023837851N11203272WA0385404119
B1804033837848N11203275WA0385604121
B1804043837847N11203280WA0385804122
B1804053837846N11203287WA0386004123
B1804063837846N11203294WA0386204125
B1804073837848N11203300WA0386304128
B1804083837852N11203306WA0386504129
B1804093837857N11203310WA0386704130
B1804103837863N11203314WA0386904131
B1804113837868N11203317WA0387004134
B1804123837873N11203320WA0387204136
B1804133837878N11203323WA0387304137
B1804143837883N11203325WA0387604137
B1804153837890N11203328WA0387704137
B1804163837897N11203330WA0387804135
B1804173837904N11203333WA0387904133
B1804183837912N11203336WA0387904132
B1804193837919N11203339WA0387904133
B1804203837925N11203341WA0388004135
B1804213837931N11203342WA0388004138
B1804223837938N11203343WA0388204140
B1804233837945N11203344WA0388204142
B1804243837952N11203345WA0388404144
B1804253837959N11203346WA0388504148
B1804263837965N11203347WA0388704152
B1804273837972N11203348WA0388804156
B1804283837978N11203347WA0389104161
B1804293837985N11203346WA0389304164
B1804303837992N11203344WA0389604166
B1804313838000N11203341WA0389804169
B1804323838007N11203337WA0390104172
B1804333838013N11203332WA0390304175
B1804343838018N11203325WA0390604179
B1804353838021N11203318WA0390804182
B1804363838023N11203310WA0391104185
B1804373838023N11203302WA0391304187
B1804383838023N11203295WA0391604190
B1804393838021N11203289WA0391804193
B1804403838020N11203284WA0392204196
B1804413838017N11203280WA0392404198
B1804423838012N11203278WA0392704199
B1804423838012N11203278WA0392704199
B1804433838008N11203278WA0392904200
B1804443838003N11203281WA0393204201
B1804453838000N11203286WA0393304202
B1804463837998N11203293WA0393604205
B1804473837999N11203300WA0393704207
B1804483838001N11203306WA0394004209
B1804493838005N11203313WA0394104211
B1804503838010N11203318WA0394404213
B1804513838016N11203321WA0394504215
B1804523838022N11203323WA0394804219
B1804533838028N11203323WA0394904222
B1804543838035N11203321WA0395204224
B1804553838041N11203317WA0395404225
B1804563838048N11203312WA0395604226
B1804573838054N11203304WA0395804227
B1804583838058N11203296WA0396004229
B1804593838060N11203287WA0396204231
B1805003838060N11203279WA0396404233
B1805013838058N11203271WA0396604236
B1805023838055N11203266WA0396804238
B1805033838051N11203262WA0396904240
B1805043838048N11203260WA0397204242
B1805053838044N11203259WA0397304243
B1805063838039N11203259WA0397504243
B1805073838035N11203261WA0397604242
B1805083838031N11203263WA0397804243
B1805093838027N11203266WA0397904245
B1805103838024N11203270WA0398104246
B1805113838022N11203275WA0398204247
B1805123838021N11203280WA0398304248
B1805133838021N11203285WA0398404249
B1805143838022N11203291WA0398604250
B1805153838023N11203297WA0398704251
B1805163838027N11203302WA0398804252
B1805173838032N11203305WA0398904254
B1805183838038N11203306WA0399004255
B1805193838045N11203305WA0399204256
B1805203838051N11203301WA0399304258
B1805213838056N11203296WA0399404259
B1805223838061N11203290WA0399604260
B1805233838066N11203281WA0399604259
B1805243838071N11203272WA0399704258
B1805253838075N11203263WA0399804257
B1805263838078N11203254WA0399804258
B1805273838082N11203245WA0399904258
B1805283838086N11203236WA0399904259
B1805293838090N11203227WA0399904259
B1805303838094N11203218WA0400004260
B1805313838098N11203210WA0400104261
B1805323838102N11203201WA0400104262
B1805333838107N11203192WA0400204264
B1805343838111N11203184WA0400304266
B1805353838116N11203176WA0400404269
B1805363838121N11203169WA0400504271
B1805373838125N11203162WA0400604273
B1805383838130N11203155WA0400804273
B1805393838132N11203147WA0400904274
B1805403838134N11203138WA0401004274
B1805413838134N11203130WA0401104274
B1805423838134N11203121WA0401204276
B1805433838132N11203114WA0401304278
B1805443838131N11203108WA0401504282
B1805443838131N11203108WA0401504282
B1805453838129N11203103WA0401604286
B1805463838127N11203099WA0401804290
B1805473838126N11203095WA0402004294
B1805483838124N11203091WA0402204297
B1805493838121N11203089WA0402404300
B1805503838118N11203088WA0402704302
B1805513838114N11203090WA0402904305
B1805523838111N11203092WA0403204307
B1805533838107N11203095WA0403304309
B1805543838104N11203099WA0403604311
B1805553838102N11203103WA0403804315
B1805563838100N11203107WA0404104318
B1805573838098N11203112WA0404304320
B1805583838098N11203118WA0404604322
B1805593838100N11203125WA0404804323
B1806003838103N11203131WA0405004325
B1806013838108N11203136WA0405204328
B1806023838113N11203138WA0405504331
B1806033838118N11203139WA0405704333
B1806043838124N11203137WA0405904334
B1806053838131N11203133WA0406104334
B1806063838137N11203129WA0406304334
B1806073838144N11203124WA0406504334
B1806083838151N11203119WA0406604335
B1806093838156N11203112WA0406704335
B1806103838161N11203104WA0406904336
B1806113838164N11203095WA0406904336
B1806123838167N11203085WA0407104336
B1806133838168N11203075WA0407104337
B1806143838169N11203066WA0407204339
B1806153838169N11203057WA0407304343
B1806163838169N11203049WA0407504349
B1806173838170N11203042WA0407704355
B1806183838169N11203036WA0408004360
B1806193838168N11203030WA0408204364
B1806203838166N11203024WA0408504367
B1806213838162N11203018WA0408704371
B1806223838159N11203013WA0409104375
B1806233838156N11203010WA0409304379
B1806243838152N11203008WA0409704383
B1806253838149N11203007WA0409904387
B1806263838146N11203009WA0410304391
B1806273838143N11203012WA0410604393
B1806283838141N11203016WA0411004394
B1806293838140N11203021WA0411204396
B1806303838138N11203027WA0411504397
B1806313838135N11203031WA0411704399
B1806323838132N11203035WA0412004400
B1806333838129N11203038WA0412204402
B1806343838126N11203040WA0412504403
B1806353838122N11203041WA0412704405
B1806363838119N11203042WA0412904405
B1806373838115N11203044WA0413004405
B1806383838111N11203045WA0413204404
B1806393838107N11203046WA0413304403
B1806403838102N11203047WA0413404403
B1806413838097N11203047WA0413504402
B1806423838093N11203046WA0413504400
B1806433838088N11203045WA0413604398
B1806443838083N11203044WA0413604394
B1806453838077N11203044WA0413504390
B1806463838072N11203044WA0413404387
B1806473838066N11203043WA0413304385
B1806473838066N11203043WA0413304385
B1806483838061N11203042WA0413204382
B1806493838055N11203040WA0413104380
B1806503838050N11203039WA0412904378
B1806513838046N11203037WA0412804376
B1806523838041N11203036WA0412604374
B1806533838037N11203035WA0412404372
B1806543838032N11203035WA0412304368
B1806553838026N11203034WA0412104364
B1806563838021N11203033WA0411804360
B1806573838014N11203031WA0411604357
B1806583838009N11203028WA0411404357
B1806593838004N11203025WA0411204356
B1807003838000N11203022WA0411004356
B1807013837995N11203019WA0410804353
B1807023837990N11203016WA0410604350
B1807033837985N11203013WA0410404346
B1807043837979N11203010WA0410104343
B1807053837973N11203006WA0409904341
B1807063837967N11203002WA0409704341
B1807073837962N11202998WA0409504341
B1807083837958N11202995WA0409304341
B1807093837953N11202991WA0409204340
B1807103837948N11202988WA0409004338
B1807113837942N11202984WA0408904335
B1807123837937N11202980WA0408704333
B1807133837931N11202977WA0408504332
B1807143837926N11202974WA0408304329
B1807153837920N11202971WA0408204327
B1807163837914N11202967WA0408004323
B1807173837908N11202962WA0407804320
B1807183837902N11202957WA0407504317
B1807193837897N11202952WA0407304315
B1807203837891N11202947WA0407104313
B1807213837886N11202942WA0406904312
B1807223837880N11202938WA0406704310
B1807233837874N11202933WA0406504308
B1807243837868N11202928WA0406304307
B1807253837862N11202922WA0406104305
B1807263837855N11202917WA0405904304
B1807273837849N11202912WA0405804302
B1807283837843N11202908WA0405604300
B1807293837837N11202903WA0405404298
B1807303837831N11202899WA0405204296
B1807313837825N11202894WA0405104295
B1807323837819N11202889WA0404904293
B1807333837813N11202883WA0404704292
B1807343837808N11202879WA0404604291
B1807353837803N11202875WA0404404290
B1807363837798N11202871WA0404304288
B1807373837792N11202867WA0404104287
B1807383837786N11202862WA0403904285
B1807393837781N11202857WA0403804285
B1807403837775N11202852WA0403704285
B1807413837770N11202848WA0403604284
B1807423837764N11202843WA0403404284
B1807433837759N11202839WA0403304283
B1807443837753N11202835WA0403204282
B1807453837747N11202830WA0403104281
B1807463837741N11202826WA0403004280
B1807473837735N11202821WA0402904280
B1807483837729N11202817WA0402804279
B1807493837723N11202812WA0402704277
B1807503837717N11202808WA0402604276
B1807503837717N11202808WA0402604276
B1807513837710N11202803WA0402504274
B1807523837704N11202799WA0402404274
B1807533837698N11202795WA0402304273
B1807543837692N11202791WA0402204273
B1807553837686N11202788WA0402104272
B1807563837680N11202784WA0402004270
B1807573837673N11202780WA0401904269
B1807583837667N11202777WA0401804267
B1807593837660N11202774WA0401704265
B1808003837653N11202771WA0401504264
B1808013837647N11202768WA0401504263
B1808023837641N11202766WA0401304263
B1808033837636N11202764WA0401304263
B1808043837630N11202762WA0401104263
B1808053837625N11202760WA0401104262
B1808063837619N11202758WA0401004260
B1808073837613N11202755WA0400904259
B1808083837607N11202753WA0400804257
B1808093837601N11202751WA0400704256
B1808103837595N11202749WA0400604256
B1808113837590N11202747WA0400504255
B1808123837584N11202745WA0400404254
B1808133837579N11202743WA0400304253
B1808143837573N11202741WA0400204251
B1808153837567N11202740WA0400104250
B1808163837560N11202738WA0400004248
B1808173837554N11202737WA0399904247
B1808183837548N11202735WA0399804247
B1808193837543N11202734WA0399704246
B1808203837537N11202733WA0399604245
B1808213837531N11202732WA0399504244
B1808223837525N11202731WA0399404242
B1808233837519N11202730WA0399304239
B1808243837512N11202728WA0399104238
B1808253837506N11202727WA0399004237
B1808263837500N11202726WA0398904236
B1808273837495N11202726WA0398804235
B1808283837489N11202725WA0398704234
B1808293837483N11202724WA0398604232
B1808303837477N11202724WA0398404230
B1808313837470N11202724WA0398304229
B1808323837464N11202723WA0398204228
B1808333837459N11202724WA0398104227
B1808343837454N11202725WA0397904227
B1808353837448N11202726WA0397904225
B1808363837443N11202727WA0397704224
B1808373837437N11202728WA0397604222
B1808383837431N11202729WA0397504220
B1808393837425N11202731WA0397404219
B1808403837420N11202733WA0397304217
B1808413837414N11202735WA0397204216
B1808423837409N11202738WA0397004216
B1808433837405N11202742WA0397004215
B1808443837401N11202746WA0396804214
B1808453837398N11202751WA0396804213
B1808463837395N11202756WA0396704212
B1808473837393N11202762WA0396604210
B1808483837390N11202768WA0396404209
B1808493837388N11202774WA0396404207
B1808503837385N11202781WA0396204205
B1808513837383N11202787WA0396104204
B1808523837380N11202792WA0396004203
B1808533837378N11202798WA0395904202
B1808533837378N11202798WA0395904202
B1808543837376N11202804WA0395704201
B1808553837375N11202810WA0395604199
B1808563837373N11202816WA0395504198
B1808573837372N11202822WA0395404196
B1808583837372N11202828WA0395304195
B1808593837371N11202834WA0395204194
B1809003837371N11202840WA0395004193
B1809013837372N11202846WA0394904191
B1809023837372N11202853WA0394804190
B1809033837373N11202859WA0394704188
B1809043837375N11202866WA0394504186
B1809053837378N11202872WA0394404184
B1809063837382N11202878WA0394204182
B1809073837386N11202883WA0394104180
B1809083837391N11202888WA0393904178
B1809093837397N11202892WA0393804177
B1809103837402N11202895WA0393604175
B1809113837408N11202899WA0393504174
B1809123837414N11202902WA0393304172
B1809133837421N11202905WA0393204170
B1809143837428N11202908WA0393004169
B1809153837434N11202911WA0392804167
B1809163837440N11202914WA0392604166
B1809173837446N11202917WA0392504166
B1809183837452N11202920WA0392304166
B1809193837457N11202923WA0392204165
B1809203837462N11202926WA0392104164
B1809213837467N11202929WA0392004163
B1809223837473N11202932WA0391904161
B1809233837479N11202935WA0391804159
B1809243837485N11202939WA0391604157
B1809253837491N11202943WA0391504156
B1809263837496N11202945WA0391404156
B1809273837501N11202947WA0391304157
B1809283837507N11202949WA0391204157
B1809293837512N11202951WA0391104156
B1809303837518N11202952WA0391004155
B1809313837525N11202954WA0391004154
B1809323837532N11202954WA0390804153
B1809333837539N11202953WA0390804153
B1809343837546N11202950WA0390704152
B1809353837554N11202948WA0390604152
B1809363837561N11202945WA0390504151
B1809373837569N11202943WA0390504150
B1809383837576N11202942WA0390404150
B1809393837583N11202943WA0390304149
B1809403837590N11202944WA0390204148
B1809413837597N11202947WA0390104147
B1809423837604N11202950WA0390004146
B1809433837610N11202953WA0390004145
B1809443837615N11202957WA0389904145
B1809453837621N11202962WA0389804144
B1809463837626N11202967WA0389704143
B1809473837630N11202973WA0389704142
B1809483837634N11202978WA0389604142
B1809493837638N11202983WA0389504142
B1809503837642N11202988WA0389504142
B1809513837646N11202993WA0389404141
B1809523837650N11202999WA0389404140
B1809533837655N11203004WA0389304139
B1809543837659N11203009WA0389204138
B1809553837663N11203013WA0389204137
B1809563837668N11203018WA0389104136
B1809563837668N11203018WA0389104136
B1809573837671N11203022WA0389104134
B1809583837675N11203027WA0389004132
B1809593837679N11203032WA0388904130
B1810003837684N11203037WA0388704127
B1810013837688N11203042WA0388604124
B1810023837692N11203047WA0388504121
B1810033837696N11203054WA0388304117
B1810043837700N11203060WA0388104115
B1810053837703N11203065WA0387904113
B1810063837707N11203071WA0387704110
B1810073837711N11203076WA0387504108
B1810083837715N11203082WA0387304104
B1810093837720N11203089WA0387104101
B1810103837724N11203096WA0386804098
B1810113837728N11203103WA0386604095
B1810123837733N11203110WA0386304093
B1810133837737N11203117WA0386104091
B1810143837741N11203123WA0385904088
B1810153837745N11203130WA0385704087
B1810163837749N11203137WA0385404085
B1810173837754N11203143WA0385204084
B1810183837759N11203149WA0385004082
B1810193837763N11203155WA0384904081
B1810203837767N11203161WA0384604080
B1810213837770N11203168WA0384504080
B1810223837773N11203174WA0384304080
B1810233837776N11203180WA0384204080
B1810243837779N11203186WA0384104080
B1810253837783N11203193WA0384004080
B1810263837785N11203200WA0383904079
B1810273837788N11203206WA0383904079
B1810283837790N11203213WA0383804078
B1810293837792N11203220WA0383704077
B1810303837795N11203227WA0383604076
B1810313837797N11203234WA0383504074
B1810323837800N11203241WA0383404073
B1810333837803N11203248WA0383304071
B1810343837806N11203256WA0383204070
B1810353837809N11203263WA0383104069
B1810363837812N11203270WA0383004068
B1810373837814N11203277WA0382904067
B1810383837816N11203284WA0382804066
B1810393837818N11203291WA0382704064
B1810403837820N11203298WA0382604063
B1810413837823N11203305WA0382504061
B1810423837825N11203312WA0382304060
B1810433837827N11203319WA0382204059
B1810443837830N11203327WA0382104057
B1810453837832N11203334WA0382004056
B1810463837834N11203341WA0381804055
B1810473837836N11203347WA0381804055
B1810483837838N11203354WA0381604054
B1810493837840N11203361WA0381604054
B1810503837843N11203368WA0381404053
B1810513837845N11203374WA0381404052
B1810523837848N11203381WA0381304051
B1810533837850N11203387WA0381204050
B1810543837853N11203394WA0381104048
B1810553837855N11203401WA0381004047
B1810563837857N11203408WA0380904046
B1810573837859N11203414WA0380804045
B1810583837860N11203421WA0380704044
B1810593837861N11203427WA0380604043
B1810593837861N11203427WA0380604043
B1811003837862N11203433WA0380504042
B1811013837863N11203439WA0380404040
B1811023837863N11203446WA0380304039
B1811033837863N11203453WA0380204037
B1811043837863N11203460WA0380004036
B1811053837863N11203467WA0379904034
B1811063837863N11203474WA0379704033
B1811073837863N11203481WA0379604032
B1811083837863N11203488WA0379504031
B1811093837863N11203495WA0379404029
B1811103837863N11203502WA0379204028
B1811113837863N11203509WA0379204027
B1811123837863N11203516WA0379004026
B1811133837863N11203523WA0378904024
B1811143837864N11203530WA0378804022
B1811153837865N11203537WA0378704020
B1811163837865N11203544WA0378504019
B1811173837866N11203551WA0378404017
B1811183837866N11203558WA0378204015
B1811193837867N11203565WA0378104013
B1811203837866N11203572WA0377904011
B1811213837866N11203579WA0377804010
B1811223837866N11203586WA0377704009
B1811233837866N11203593WA0377504008
B1811243837866N11203600WA0377404007
B1811253837866N11203607WA0377304004
B1811263837866N11203614WA0377104002
B1811273837865N11203621WA0377003999
B1811283837864N11203628WA0376703997
B1811293837863N11203634WA0376603995
B1811303837861N11203640WA0376403993
B1811313837860N11203645WA0376203992
B1811323837858N11203649WA0376103992
B1811333837856N11203654WA0375903991
B1811343837854N11203659WA0375803989
B1811353837852N11203664WA0375703987
B1811363837851N11203670WA0375503985
B1811373837849N11203676WA0375403984
B1811383837847N11203681WA0375203983
B1811393837845N11203687WA0375103982
B1811403837843N11203693WA0374903982
B1811413837841N11203698WA0374803983
B1811423837840N11203703WA0374703984
B1811433837839N11203708WA0374703985
B1811443837839N11203712WA0374603986
B1811453837838N11203717WA0374603986
B1811463837837N11203721WA0374503985
B1811473837837N11203726WA0374503983
B1811483837835N11203730WA0374403981
B1811493837834N11203735WA0374303978
B1811503837832N11203739WA0374203975
B1811513837829N11203744WA0374103972
B1811523837826N11203748WA0373903969
B1811533837823N11203753WA0373803967
B1811543837820N11203757WA0373603965
B1811553837817N11203761WA0373403964
B1811563837815N11203765WA0373303963
B1811573837812N11203769WA0373203962
B1811583837809N11203773WA0373003960
B1811593837806N11203777WA0372903959
B1812003837803N11203781WA0372703957
B1812013837800N11203785WA0372603955
B1812013837800N11203785WA0372603955
B1812023837796N11203789WA0372403954
B1812033837792N11203793WA0372303953
B1812043837788N11203796WA0372103952
B1812053837784N11203798WA0372003952
B1812063837780N11203801WA0371903952
B1812073837776N11203803WA0371803952
B1812083837772N11203806WA0371703951
B1812093837767N11203809WA0371603950
B1812103837763N11203813WA0371503949
B1812113837758N11203816WA0371403949
B1812123837754N11203820WA0371303949
B1812133837750N11203824WA0371303949
B1812143837746N11203829WA0371203949
B1812153837743N11203833WA0371203949
B1812163837739N11203837WA0371103950
B1812173837735N11203840WA0371103950
B1812183837731N11203843WA0371103951
B1812193837728N11203845WA0371103951
B1812203837725N11203848WA0371003952
B1812213837721N11203851WA0371003951
B1812223837718N11203854WA0371003951
B1812233837714N11203856WA0371003951
B1812243837710N11203859WA0371003951
B1812253837706N11203862WA0371003954
B1812263837703N11203865WA0371003957
B1812273837701N11203868WA0371103960
B1812283837698N11203871WA0371203963
B1812293837696N11203874WA0371303965
B1812303837693N11203877WA0371403965
B1812313837690N11203881WA0371503966
B1812323837688N11203887WA0371603967
B1812333837687N11203895WA0371703967
B1812343837688N11203904WA0371803967
B1812353837690N11203913WA0371903967
B1812363837694N11203922WA0371903967
B1812373837699N11203931WA0372003967
B1812383837705N11203937WA0372003969
B1812393837712N11203941WA0372103970
B1812403837719N11203942WA0372203971
B1812413837726N11203941WA0372303972
B1812423837733N11203938WA0372303972
B1812433837738N11203934WA0372403972
B1812443837743N11203929WA0372503972
B1812453837747N11203923WA0372503972
B1812463837750N11203917WA0372603973
B1812473837753N11203910WA0372603973
B1812483837754N11203904WA0372703973
B1812493837755N11203897WA0372703974
B1812503837754N11203891WA0372803975
B1812513837753N11203886WA0372803976
B1812523837751N11203882WA0372903977
B1812533837749N11203878WA0373003979
B1812543837746N11203874WA0373103980
B1812553837744N11203870WA0373103982
B1812563837742N11203866WA0373303983
B1812573837739N11203862WA0373303985
B1812583837737N11203859WA0373503987
B1812593837734N11203856WA0373603989
B1813003837732N11203855WA0373703991
B1813013837729N11203856WA0373803991
B1813023837726N11203860WA0373903989
B1813033837723N11203866WA0374003987
B1813043837722N11203874WA0374003985
B1813043837722N11203874WA0374003985
B1813053837722N11203883WA0374003983
B1813063837724N11203892WA0374003983
B1813073837727N11203900WA0374003983
B1813083837731N11203908WA0374003983
B1813093837736N11203915WA0374003983
B1813103837742N11203921WA0374003982
B1813113837749N11203926WA0374003980
B1813123837756N11203930WA0373903979
B1813133837765N11203933WA0373903978
B1813143837773N11203934WA0373803978
B1813153837780N11203934WA0373803979
B1813163837787N11203934WA0373803981
B1813173837794N11203933WA0373803982
B1813183837800N11203931WA0373803983
B1813193837806N11203929WA0373803984
B1813203837812N11203926WA0373903985
B1813213837816N11203922WA0373903987
B1813223837819N11203918WA0374003988
B1813233837821N11203912WA0374003988
B1813243837822N11203905WA0374103987
B1813253837821N11203898WA0374103987
B1813263837819N11203893WA0374103988
B1813273837817N11203888WA0374203990
B1813283837815N11203883WA0374203992
B1813293837813N11203879WA0374303994
B1813303837813N11203874WA0374403994
B1813313837812N11203868WA0374503995
B1813323837812N11203862WA0374503995
B1813333837812N11203855WA0374603996
B1813343837812N11203849WA0374703996
B1813353837812N11203843WA0374703996
B1813363837812N11203836WA0374803996
B1813373837811N11203829WA0374803994
B1813383837812N11203821WA0374803993
B1813393837812N11203814WA0374803991
B1813403837812N11203806WA0374803989
B1813413837811N11203799WA0374803987
B1813423837810N11203792WA0374703985
B1813433837809N11203785WA0374603982
B1813443837808N11203778WA0374503980
B1813453837807N11203771WA0374403977
B1813463837806N11203763WA0374203975
B1813473837805N11203756WA0374103972
B1813483837804N11203748WA0373903970
B1813493837803N11203741WA0373803968
B1813503837802N11203734WA0373603965
B1813513837802N11203727WA0373503963
B1813523837801N11203720WA0373203960
B1813533837800N11203712WA0373103957
B1813543837800N11203705WA0372903954
B1813553837800N11203697WA0372703951
B1813563837800N11203690WA0372403949
B1813573837801N11203683WA0372303946
B1813583837804N11203677WA0372003944
B1813593837809N11203672WA0371803941
B1814003837816N11203668WA0371603937
B1814013837824N11203664WA0371403933
B1814023837831N11203660WA0371103930
B1814033837838N11203656WA0370803927
B1814043837844N11203652WA0370503925
B1814053837851N11203647WA0370303922
B1814063837859N11203643WA0370003918
B1814073837866N11203638WA0369803915
B1814073837866N11203638WA0369803915
B1814083837873N11203634WA0369403913
B1814093837879N11203629WA0369203913
B1814103837885N11203625WA0368903912
B1814113837890N11203621WA0368803911
B1814123837896N11203616WA0368603911
B1814133837902N11203610WA0368403910
B1814143837907N11203605WA0368303911
B1814153837913N11203601WA0368203913
B1814163837919N11203598WA0368103917
B1814173837924N11203596WA0368103920
B1814183837930N11203593WA0368103922
B1814193837937N11203590WA0368103923
B1814203837943N11203586WA0368103924
B1814213837951N11203583WA0368103924
B1814223837958N11203579WA0368203925
B1814233837966N11203575WA0368203926
B1814243837973N11203570WA0368303928
B1814253837980N11203566WA0368303931
B1814263837986N11203562WA0368503933
B1814273837993N11203558WA0368503936
B1814283837999N11203554WA0368703937
B1814293838005N11203549WA0368803938
B1814303838011N11203542WA0368903938
B1814313838017N11203535WA0369003939
B1814323838021N11203528WA0369103940
B1814333838024N11203522WA0369203941
B1814343838026N11203516WA0369303942
B1814353838028N11203510WA0369403942
B1814363838028N11203503WA0369503943
B1814373838028N11203497WA0369603944
B1814383838028N11203491WA0369703944
B1814393838029N11203486WA0369703946
B1814403838029N11203480WA0369903948
B1814413838028N11203475WA0369903949
B1814423838027N11203470WA0370103950
B1814433838026N11203465WA0370103951
B1814443838025N11203459WA0370303952
B1814453838024N11203453WA0370403954
B1814463838023N11203448WA0370503957
B1814473838023N11203442WA0370603960
B1814483838022N11203438WA0370803963
B1814493838022N11203433WA0371003967
B1814503838022N11203428WA0371203970
B1814513838022N11203423WA0371403973
B1814523838021N11203418WA0371603976
B1814533838021N11203413WA0371803977
B1814543838020N11203408WA0372103978
B1814553838020N11203401WA0372203979
B1814563838020N11203395WA0372403981
B1814573838021N11203387WA0372603983
B1814583838024N11203380WA0372803985
B1814593838028N11203372WA0372903988
B1815003838032N11203365WA0373203992
B1815013838036N11203359WA0373403994
B1815023838039N11203352WA0373603997
B1815033838041N11203345WA0373803999
B1815043838042N11203337WA0374104001
B1815053838043N11203329WA0374304004
B1815063838046N11203321WA0374504007
B1815073838049N11203314WA0374704011
B1815083838053N11203306WA0375104015
B1815093838055N11203299WA0375304018
B1815103838057N11203293WA0375604018
B1815103838057N11203293WA0375604018
B1815113838056N11203288WA0375804016
B1815123838053N11203285WA0376004012
B1815133838050N11203285WA0376004009
B1815143838047N11203287WA0376104007
B1815153838045N11203289WA0376104006
B1815163838043N11203291WA0376104005
B1815173838040N11203293WA0376104003
B1815183838037N11203296WA0376104000
B1815193838033N11203298WA0376103997
B1815203838028N11203301WA0376003995
B1815213838024N11203305WA0375903994
B1815223838021N11203309WA0375803995
B1815233838018N11203313WA0375703997
B1815243838015N11203316WA0375704000
B1815253838013N11203320WA0375704003
B1815263838011N11203322WA0375804007
B1815273838009N11203325WA0375904010
B1815283838006N11203328WA0376004011
B1815293838004N11203332WA0376104012
B1815303838001N11203337WA0376204012
B1815313837999N11203342WA0376204012
B1815323837997N11203347WA0376304012
B1815333837996N11203351WA0376304012
B1815343837995N11203356WA0376404012
B1815353837993N11203360WA0376404011
B1815363837991N11203364WA0376504011
B1815373837988N11203369WA0376504011
B1815383837986N11203373WA0376504013
B1815393837985N11203378WA0376604015
B1815403837983N11203382WA0376604017
B1815413837980N11203386WA0376704020
B1815423837978N11203389WA0376804023
B1815433837976N11203392WA0376904026
B1815443837975N11203396WA0377104029
B1815453837973N11203399WA0377204032
B1815463837971N11203403WA0377504035
B1815473837969N11203407WA0377604037
B1815483837967N11203411WA0377804040
B1815493837965N11203416WA0378004042
B1815503837963N11203420WA0378204044
B1815513837961N11203426WA0378404045
B1815523837960N11203432WA0378604045
B1815533837959N11203439WA0378704045
B1815543837958N11203446WA0378904045
B1815553837957N11203454WA0379004046
B1815563837957N11203461WA0379104047
B1815573837956N11203468WA0379204048
B1815583837956N11203475WA0379304049
B1815593837956N11203481WA0379404050
B1816003837958N11203487WA0379604051
B1816013837961N11203493WA0379604051
B1816023837966N11203498WA0379804050
B1816033837972N11203502WA0379804048
B1816043837978N11203504WA0379904047
B1816053837985N11203506WA0379904047
B1816063837991N11203508WA0380004048
B1816073837998N11203509WA0380004049
B1816083838004N11203509WA0380104051
B1816093838010N11203506WA0380104051
B1816103838015N11203502WA0380204051
B1816113838020N11203496WA0380204051
B1816123838024N11203489WA0380304051
B1816133838028N11203483WA0380304052
B1816133838028N11203483WA0380304052
B1816143838032N11203477WA0380404054
B1816153838035N11203471WA0380404055
B1816163838037N11203465WA0380504055
B1816173838039N11203458WA0380504055
B1816183838040N11203451WA0380604054
B1816193838041N11203443WA0380604053
B1816203838041N11203434WA0380704053
B1816213838040N11203426WA0380704054
B1816223838039N11203418WA0380704056
B1816233838038N11203412WA0380704058
B1816243838036N11203407WA0380804060
B1816253838034N11203402WA0380904061
B1816263838032N11203397WA0381004062
B1816273838028N11203393WA0381104062
B1816283838025N11203390WA0381104064
B1816293838021N11203389WA0381204064
B1816303838018N11203389WA0381304065
B1816313838015N11203391WA0381304064
B1816323838012N11203395WA0381404063
B1816333838009N11203400WA0381404060
B1816343838006N11203407WA0381404059
B1816353838004N11203413WA0381404058
B1816363838002N11203420WA0381304058
B1816373838001N11203426WA0381304059
B1816383838000N11203432WA0381304060
B1816393838000N11203437WA0381304060
B1816403838000N11203443WA0381304058
B1816413838000N11203450WA0381304056
B1816423837998N11203458WA0381204053
B1816433837996N11203465WA0381204051
B1816443837993N11203472WA0381104049
B1816453837991N11203478WA0381004049
B1816463837990N11203484WA0380904047
B1816473837988N11203491WA0380804045
B1816483837987N11203499WA0380704043
B1816493837984N11203506WA0380604040
B1816503837982N11203515WA0380404036
B1816513837979N11203524WA0380304033
B1816523837976N11203532WA0380004030
B1816533837973N11203540WA0379804029
B1816543837971N11203547WA0379604027
B1816553837969N11203553WA0379504025
B1816563837967N11203560WA0379204020
B1816573837964N11203568WA0379104016
B1816583837961N11203576WA0378804010
B1816593837958N11203585WA0378504007
B1817003837955N11203593WA0378204004
B1817013837953N11203599WA0378004002
B1817023837950N11203606WA0377704001
B1817033837948N11203612WA0377503999
B1817043837946N11203618WA0377203997
B1817053837944N11203626WA0377003994
B1817063837942N11203634WA0376703990
B1817073837940N11203643WA0376503987
B1817083837937N11203652WA0376103984
B1817093837935N11203661WA0375903982
B1817103837932N11203669WA0375603982
B1817113837929N11203676WA0375403981
B1817123837927N11203682WA0375203981
B1817133837924N11203690WA0375103980
B1817143837922N11203698WA0374803977
B1817153837919N11203707WA0374703974
B1817163837916N11203717WA0374403971
B1817163837916N11203717WA0374403971
B1817173837913N11203727WA0374303970
B1817183837910N11203736WA0374003969
B1817193837907N11203745WA0373903970
B1817203837904N11203753WA0373703970
B1817213837901N11203762WA0373603969
B1817223837898N11203771WA0373403967
B1817233837894N11203780WA0373303965
B1817243837891N11203789WA0373103963
B1817253837887N11203799WA0373003960
B1817263837883N11203808WA0372803958
B1817273837878N11203817WA0372703956
B1817283837874N11203827WA0372403954
B1817293837871N11203836WA0372303953
B1817303837868N11203845WA0372103954
B1817313837867N11203853WA0372003956
B1817323837865N11203860WA0371903958
B1817333837864N11203866WA0371903960
B1817343837862N11203872WA0371803961
B1817353837861N11203879WA0371803960
B1817363837860N11203885WA0371803959
B1817373837858N11203892WA0371803958
B1817383837856N11203899WA0371703956
B1817393837853N11203906WA0371703955
B1817403837849N11203912WA0371603955
B1817413837846N11203918WA0371603956
B1817423837844N11203924WA0371503957
B1817433837841N11203930WA0371503958
B1817443837839N11203936WA0371503959
B1817453837837N11203941WA0371503959
B1817463837835N11203945WA0371503959
B1817473837832N11203950WA0371503958
B1817483837829N11203955WA0371503957
B1817493837825N11203960WA0371503955
B1817503837822N11203966WA0371403954
B1817513837819N11203972WA0371403954
B1817523837816N11203979WA0371303953
B1817533837814N11203985WA0371303953
B1817543837812N11203991WA0371203952
B1817553837809N11203997WA0371203952
B1817563837806N11204003WA0371203951
B1817573837803N11204008WA0371103950
B1817583837799N11204014WA0371003948
B1817593837796N11204020WA0371003947
B1818003837792N11204025WA0370903945
B1818013837788N11204031WA0370803944
B1818023837785N11204037WA0370703943
B1818033837781N11204042WA0370603941
B1818043837777N11204048WA0370503939
B1818053837772N11204053WA0370403937
B1818063837768N11204058WA0370203935
B1818073837763N11204062WA0370103934
B1818083837758N11204066WA0370003933
B1818093837754N11204070WA0369903931
B1818103837748N11204074WA0369703928
B1818113837742N11204078WA0369603923
B1818123837735N11204082WA0369303918
B1818133837728N11204086WA0369103915
B1818143837721N11204090WA0368803913
B1818153837715N11204092WA0368703913
B1818163837708N11204095WA0368403912
B1818173837702N11204098WA0368303910
B1818183837696N11204101WA0368103908
B1818193837689N11204105WA0367903905
B1818193837689N11204105WA0367903905
B1818203837682N11204109WA0367703902
B1818213837675N11204113WA0367503899
B1818223837667N11204116WA0367203898
B1818233837661N11204119WA0367103898
B1818243837654N11204122WA0366903898
B1818253837648N11204125WA0366703898
B1818263837641N11204128WA0366603898
B1818273837634N11204131WA0366503896
B1818283837627N11204134WA0366303895
B1818293837619N11204136WA0366203893
B1818303837611N11204138WA0366103893
B1818313837604N11204139WA0366003893
B1818323837597N11204139WA0365803893
B1818333837590N11204139WA0365803894
B1818343837583N11204138WA0365703893
B1818353837576N11204137WA0365603892
B1818363837569N11204136WA0365603891
B1818373837563N11204136WA0365503890
B1818383837556N11204135WA0365403889
B1818393837550N11204133WA0365303888
B1818403837544N11204132WA0365203887
B1818413837538N11204130WA0365203885
B1818423837532N11204129WA0365103883
B1818433837526N11204127WA0365003881
B1818443837519N11204126WA0364903879
B1818453837514N11204124WA0364803878
B1818463837508N11204121WA0364703877
B1818473837503N11204118WA0364603876
B1818483837498N11204115WA0364503875
B1818493837493N11204111WA0364403873
B1818503837487N11204107WA0364203871
B1818513837482N11204102WA0364103870
B1818523837477N11204097WA0364003868
B1818533837472N11204092WA0363803868
B1818543837468N11204087WA0363703867
B1818553837463N11204082WA0363603867
B1818563837459N11204078WA0363503866
B1818573837455N11204074WA0363403865
B1818583837450N11204069WA0363303862
B1818593837446N11204064WA0363203860
B1819003837441N11204059WA0363003858
B1819013837436N11204054WA0362903856
B1819023837432N11204049WA0362803855
B1819033837427N11204044WA0362603854
B1819043837423N11204039WA0362503853
B1819053837419N11204034WA0362403851
B1819063837414N11204029WA0362203849
B1819073837409N11204024WA0362103846
B1819083837404N11204019WA0361903844
B1819093837399N11204015WA0361703842
B1819103837394N11204010WA0361503841
B1819113837389N11204006WA0361403840
B1819123837384N11204003WA0361203838
B1819133837379N11203998WA0361103837
B1819143837374N11203993WA0360903835
B1819153837370N11203988WA0360803834
B1819163837366N11203982WA0360703834
B1819173837363N11203977WA0360603833
B1819183837360N11203970WA0360403832
B1819193837358N11203964WA0360303831
B1819203837355N11203957WA0360203829
B1819213837352N11203950WA0360103827
B1819223837348N11203943WA0359903825
B1819223837348N11203943WA0359903825
B1819233837345N11203937WA0359803824
B1819243837342N11203931WA0359603823
B1819253837339N11203925WA0359503822
B1819263837337N11203918WA0359403821
B1819273837335N11203912WA0359303820
B1819283837333N11203905WA0359203819
B1819293837330N11203899WA0359103817
B1819303837327N11203893WA0358903815
B1819313837324N11203887WA0358803814
B1819323837322N11203881WA0358603813
B1819333837319N11203875WA0358503811
B1819343837317N11203869WA0358403810
B1819353837314N11203864WA0358303808
B1819363837311N11203859WA0358103806
B1819373837307N11203854WA0358003804
B1819383837304N11203848WA0357803802
B1819393837301N11203843WA0357703801
B1819403837298N11203838WA0357503799
B1819413837296N11203833WA0357403797
B1819423837292N11203828WA0357203796
B1819433837289N11203824WA0357103794
B1819443837286N11203819WA0356903792
B1819453837282N11203815WA0356803790
B1819463837279N11203810WA0356603789
B1819473837276N11203806WA0356503787
B1819483837272N11203803WA0356303786
B1819493837268N11203799WA0356203785
B1819503837265N11203796WA0356003783
B1819513837261N11203793WA0355903782
B1819523837258N11203790WA0355703781
B1819533837254N11203787WA0355603779
B1819543837250N11203784WA0355403778
B1819553837247N11203781WA0355303777
B1819563837243N11203778WA0355203775
B1819573837239N11203774WA0355003773
B1819583837235N11203772WA0354903771
B1819593837231N11203769WA0354703770
B1820003837227N11203767WA0354603769
B1820013837224N11203765WA0354503769
B1820023837220N11203763WA0354303768
B1820033837216N11203761WA0354203767
B1820043837212N11203759WA0354103765
B1820053837208N11203757WA0354003763
B1820063837204N11203756WA0353803761
B1820073837200N11203755WA0353703760
B1820083837196N11203755WA0353503758
B1820093837192N11203754WA0353403756
B1820103837188N11203753WA0353203755
B1820113837184N11203752WA0353103753
B1820123837180N11203751WA0352903752
B1820133837176N11203750WA0352803751
B1820143837172N11203750WA0352703749
B1820153837168N11203751WA0352603748
B1820163837164N11203751WA0352403747
B1820173837160N11203751WA0352303747
B1820183837156N11203751WA0352203746
B1820193837153N11203752WA0352103745
B1820203837149N11203752WA0352003744
B1820213837145N11203753WA0351903743
B1820223837141N11203754WA0351703742
B1820233837138N11203755WA0351703741
B1820243837135N11203757WA0351503740
B1820243837135N11203757WA0351503740
B1820253837131N11203759WA0351503739
B1820263837128N11203760WA0351303738
B1820273837125N11203762WA0351303737
B1820283837122N11203764WA0351203736
B1820293837119N11203766WA0351103736
B1820303837116N11203768WA0351003735
B1820313837113N11203771WA0350903734
B1820323837110N11203774WA0350803733
B1820333837108N11203777WA0350703732
B1820343837105N11203781WA0350603731
B1820353837103N11203784WA0350603731
B1820363837101N11203788WA0350503730
B1820373837099N11203792WA0350403729
B1820383837097N11203796WA0350303728
B1820393837095N11203800WA0350303729
B1820403837093N11203804WA0350203730
B1820413837091N11203807WA0350203730
B1820423837090N11203811WA0350103730
B1820433837088N11203814WA0350103731
B1820443837086N11203817WA0350103732
B1820453837084N11203820WA0350103732
B1820463837083N11203824WA0350103732
B1820473837081N11203827WA0350103731
B1820483837079N11203831WA0350003730
B1820493837077N11203836WA0350003727
B1820503837074N11203841WA0349903726
B1820513837070N11203845WA0349903726
B1820523837067N11203849WA0349803726
B1820533837063N11203853WA0349803727
B1820543837061N11203857WA0349703729
B1820553837059N11203861WA0349703730
B1820563837056N11203864WA0349703730
B1820573837054N11203868WA0349703729
B1820583837050N11203871WA0349703728
B1820593837047N11203875WA0349703726
B1821003837044N11203879WA0349603724
B1821013837041N11203884WA0349603722
B1821023837039N11203889WA0349503721
B1821033837036N11203893WA0349403718
B1821043837033N11203897WA0349303715
B1821053837029N11203900WA0349203713
B1821063837025N11203903WA0349003711
B1821073837021N11203906WA0348903711
B1821083837018N11203909WA0348803711
B1821093837016N11203912WA0348703711
B1821103837014N11203916WA0348603710
B1821113837010N11203919WA0348503709
B1821123837007N11203922WA0348403708
B1821133837003N11203924WA0348403709
B1821143837000N11203926WA0348303711
B1821153836998N11203928WA0348303713
B1821163836995N11203931WA0348203714
B1821173836993N11203933WA0348303715
B1821183836991N11203935WA0348303716
B1821193836988N11203937WA0348303718
B1821203836986N11203940WA0348403720
B1821213836985N11203944WA0348403722
B1821223836985N11203949WA0348603724
B1821233836987N11203954WA0348603726
B1821243836991N11203960WA0348803727
B1821253836998N11203964WA0348803728
B1821263837006N11203966WA0349003729
B1821263837006N11203966WA0349003729
B1821273837014N11203964WA0349003730
B1821283837021N11203959WA0349203731
B1821293837027N11203951WA0349303732
B1821303837031N11203941WA0349403734
B1821313837032N11203932WA0349503736
B1821323837030N11203924WA0349603737
B1821333837028N11203916WA0349803739
B1821343837024N11203910WA0349903741
B1821353837021N11203906WA0350003742
B1821363837016N11203904WA0350203744
B1821373837012N11203902WA0350303745
B1821383837008N11203901WA0350403747
B1821393837004N11203901WA0350603750
B1821403837000N11203902WA0350703753
B1821413836999N11203905WA0350903756
B1821423836999N11203909WA0351103758
B1821433837001N11203914WA0351203759
B1821443837004N11203920WA0351403759
B1821453837009N11203925WA0351503760
B1821463837014N11203930WA0351703761
B1821473837019N11203935WA0351803763
B1821483837026N11203938WA0352003765
B1821493837033N11203939WA0352103766
B1821503837041N11203939WA0352303767
B1821513837049N11203937WA0352403769
B1821523837056N11203933WA0352503770
B1821533837063N11203928WA0352703771
B1821543837069N11203922WA0352803772
B1821553837074N11203913WA0353003773
B1821563837077N11203904WA0353103774
B1821573837079N11203895WA0353203775
B1821583837080N11203886WA0353403777
B1821593837078N11203878WA0353503778
B1822003837076N11203871WA0353603779
B1822013837073N11203865WA0353703780
B1822023837070N11203861WA0353903782
B1822033837066N11203858WA0354003785
B1822043837063N11203857WA0354103788
B1822053837060N11203859WA0354303790
B1822063837059N11203862WA0354503791
B1822073837058N11203867WA0354603793
B1822083837060N11203873WA0354803794
B1822093837063N11203878WA0354903796
B1822103837068N11203883WA0355103799
B1822113837073N11203886WA0355203801
B1822123837079N11203888WA0355403804
B1822133837086N11203888WA0355603807
B1822143837093N11203887WA0355803808
B1822153837100N11203885WA0356003809
B1822163837108N11203881WA0356203810
B1822173837115N11203876WA0356303811
B1822183837121N11203870WA0356503813
B1822193837126N11203862WA0356603813
B1822203837130N11203853WA0356803813
B1822213837131N11203843WA0356903813
B1822223837131N11203833WA0357003812
B1822233837130N11203824WA0357103813
B1822243837128N11203817WA0357203815
B1822253837126N11203810WA0357303818
B1822263837124N11203805WA0357403821
B1822273837122N11203800WA0357503822
B1822283837120N11203796WA0357703824
B1822293837117N11203793WA0357803824
B1822303837113N11203790WA0358003824
B1822303837113N11203790WA0358003824
B1822313837109N11203787WA0358003825
B1822323837105N11203783WA0358203826
B1822333837101N11203780WA0358203828
B1822343837097N11203777WA0358403830
B1822353837093N11203774WA0358503832
B1822363837091N11203773WA0358603835
B1822373837088N11203772WA0358703837
B1822383837086N11203772WA0358903838
B1822393837084N11203773WA0359003837
B1822403837081N11203773WA0359203836
B1822413837077N11203772WA0359203835
B1822423837073N11203771WA0359303835
B1822433837068N11203769WA0359303835
B1822443837064N11203768WA0359403836
B1822453837060N11203767WA0359403836
B1822463837056N11203766WA0359503836
B1822473837052N11203766WA0359503836
B1822483837047N11203765WA0359603836
B1822493837043N11203764WA0359603837
B1822503837039N11203764WA0359703838
B1822513837035N11203763WA0359703839
B1822523837031N11203762WA0359803840
B1822533837027N11203761WA0359803841
B1822543837023N11203759WA0359903842
B1822553837019N11203757WA0360003844
B1822563837015N11203756WA0360103847
B1822573837011N11203755WA0360203850
B1822583837007N11203755WA0360303852
B1822593837003N11203756WA0360403853
B1823003836999N11203757WA0360603855
B1823013836995N11203759WA0360703856
B1823023836991N11203760WA0360903857
B1823033836987N11203762WA0361003859
B1823043836983N11203766WA0361103860
B1823053836982N11203770WA0361203862
B1823063836983N11203776WA0361403864
B1823073836987N11203781WA0361503865
B1823083836993N11203784WA0361703865
B1823093837001N11203783WA0361803866
B1823103837008N11203777WA0361903867
B1823113837014N11203769WA0362003868
B1823123837016N11203758WA0362203869
B1823133837016N11203748WA0362203869
B1823143837013N11203738WA0362403869
B1823153837010N11203731WA0362403870
B1823163837005N11203726WA0362503872
B1823173837001N11203722WA0362603873
B1823183836997N11203720WA0362703875
B1823193836992N11203719WA0362803876
B1823203836988N11203718WA0363003877
B1823213836984N11203719WA0363003878
B1823223836981N11203721WA0363203879
B1823233836978N11203725WA0363303880
B1823243836977N11203729WA0363403881
B1823253836977N11203735WA0363503882
B1823263836980N11203740WA0363603882
B1823273836984N11203744WA0363603882
B1823283836990N11203746WA0363703883
B1823293836997N11203746WA0363803885
B1823303837004N11203743WA0363903887
B1823313837010N11203738WA0364003891
B1823323837016N11203731WA0364203893
B1823333837019N11203722WA0364303895
B1823333837019N11203722WA0364303895
B1823343837022N11203712WA0364503895
B1823353837022N11203701WA0364603894
B1823363837020N11203692WA0364703894
B1823373837015N11203685WA0364803893
B1823383837010N11203681WA0364903892
B1823393837004N11203681WA0364903893
B1823403837000N11203683WA0365003894
B1823413836998N11203686WA0365003895
B1823423836996N11203689WA0365103895
B1823433836995N11203694WA0365103895
B1823443836994N11203699WA0365203894
B1823453836994N11203704WA0365203894
B1823463836994N11203710WA0365203893
B1823473836995N11203715WA0365303894
B1823483836998N11203721WA0365303896
B1823493837000N11203726WA0365303897
B1823503837003N11203731WA0365403899
B1823513837005N11203737WA0365503901
B1823523837008N11203743WA0365603903
B1823533837012N11203748WA0365603904
B1823543837017N11203753WA0365803905
B1823553837025N11203756WA0365803905
B1823563837033N11203757WA0365903905
B1823573837042N11203755WA0366003907
B1823583837049N11203752WA0366103909
B1823593837056N11203747WA0366203912
B1824003837062N11203741WA0366303915
B1824013837066N11203733WA0366503916
B1824023837070N11203723WA0366603917
B1824033837071N11203712WA0366803918
B1824043837071N11203700WA0366903919
B1824053837069N11203690WA0367003921
B1824063837065N11203681WA0367203925
B1824073837062N11203675WA0367303929
B1824083837057N11203672WA0367503933
B1824093837053N11203671WA0367703936
B1824103837050N11203673WA0368003939
B1824113837047N11203677WA0368103942
B1824123837045N11203682WA0368403945
B1824133837045N11203688WA0368603948
B1824143837046N11203694WA0368903950
B1824153837050N11203700WA0369103952
B1824163837056N11203704WA0369403952
B1824173837063N11203705WA0369503953
B1824183837070N11203703WA0369703954
B1824193837078N11203701WA0369903956
B1824203837085N11203698WA0370103958
B1824213837092N11203692WA0370203960
B1824223837098N11203685WA0370503962
B1824233837103N11203676WA0370603963
B1824243837107N11203666WA0370803965
B1824253837109N11203656WA0371003968
B1824263837111N11203646WA0371203971
B1824273837112N11203636WA0371403974
B1824283837112N11203627WA0371603977
B1824293837110N11203620WA0371803979
B1824303837107N11203613WA0372003980
B1824313837103N11203609WA0372203981
B1824323837098N11203607WA0372403982
B1824333837094N11203606WA0372603984
B1824343837091N11203608WA0372803986
B1824353837088N11203610WA0372903988
B1824363837087N11203614WA0373103989
B1824363837087N11203614WA0373103989
B1824373837086N11203618WA0373203991
B1824383837085N11203622WA0373503992
B1824393837085N11203627WA0373603993
B1824403837085N11203632WA0373803994
B1824413837087N11203638WA0373903995
B1824423837090N11203644WA0374103997
B1824433837095N11203648WA0374203999
B1824443837101N11203650WA0374404002
B1824453837108N11203650WA0374504005
B1824463837115N11203649WA0374704007
B1824473837121N11203647WA0374904009
B1824483837128N11203644WA0375104010
B1824493837134N11203641WA0375204011
B1824503837141N11203637WA0375404013
B1824513837148N11203631WA0375604014
B1824523837154N11203624WA0375804016
B1824533837158N11203615WA0375904018
B1824543837161N11203606WA0376104019
B1824553837163N11203596WA0376204020
B1824563837164N11203586WA0376404021
B1824573837164N11203577WA0376504022
B1824583837163N11203569WA0376604023
B1824593837162N11203562WA0376704025
B1825003837159N11203557WA0376904025
B1825013837155N11203553WA0377004025
B1825023837151N11203552WA0377104024
B1825033837147N11203553WA0377204024
B1825043837144N11203555WA0377204024
B1825053837142N11203559WA0377304024
B1825063837140N11203563WA0377304024
B1825073837139N11203567WA0377404026
B1825083837137N11203571WA0377504028
B1825093837135N11203574WA0377504029
B1825103837134N11203579WA0377704031
B1825113837134N11203584WA0377704033
B1825123837135N11203589WA0377904034
B1825133837136N11203595WA0377904035
B1825143837138N11203600WA0378104036
B1825153837139N11203606WA0378104036
B1825163837141N11203612WA0378304038
B1825173837142N11203617WA0378404039
B1825183837144N11203623WA0378504039
B1825193837146N11203628WA0378604040
B1825203837148N11203634WA0378704039
B1825213837150N11203640WA0378704039
B1825223837152N11203646WA0378804038
B1825233837155N11203652WA0378804038
B1825243837157N11203659WA0378904037
B1825253837160N11203666WA0378904036
B1825263837164N11203673WA0378904035
B1825273837168N11203680WA0378904034
B1825283837173N11203687WA0378804033
B1825293837178N11203693WA0378804033
B1825303837184N11203699WA0378704033
B1825313837190N11203704WA0378704033
B1825323837196N11203709WA0378704032
B1825333837202N11203715WA0378704032
B1825343837208N11203721WA0378704031
B1825353837214N11203727WA0378604031
B1825363837219N11203734WA0378604032
B1825373837223N11203740WA0378604034
B1825383837227N11203747WA0378604036
B1825393837231N11203753WA0378704038
B1825393837231N11203753WA0378704038
B1825403837235N11203759WA0378704040
B1825413837240N11203765WA0378804041
B1825423837245N11203770WA0378904042
B1825433837251N11203775WA0378904043
B1825443837258N11203779WA0379004045
B1825453837264N11203781WA0379104047
B1825463837271N11203783WA0379304050
B1825473837277N11203784WA0379404052
B1825483837284N11203785WA0379604056
B1825493837291N11203784WA0379704059
B1825503837298N11203782WA0379904062
B1825513837304N11203778WA0380104064
B1825523837309N11203771WA0380304066
B1825533837313N11203763WA0380404067
B1825543837315N11203754WA0380604068
B1825553837316N11203745WA0380804068
B1825563837316N11203735WA0381004069
B1825573837315N11203726WA0381104070
B1825583837314N11203718WA0381304073
B1825593837312N11203711WA0381404075
B1826003837310N11203705WA0381604078
B1826013837307N11203700WA0381704080
B1826023837303N11203696WA0382004082
B1826033837299N11203694WA0382104083
B1826043837295N11203694WA0382304084
B1826053837292N11203697WA0382404085
B1826063837290N11203702WA0382604085
B1826073837289N11203708WA0382704086
B1826083837290N11203715WA0382904088
B1826093837291N11203722WA0383004089
B1826103837294N11203728WA0383204090
B1826113837297N11203735WA0383304091
B1826123837301N11203741WA0383404091
B1826133837306N11203748WA0383504092
B1826143837311N11203754WA0383604092
B1826153837317N11203761WA0383604093
B1826163837322N11203766WA0383804095
B1826173837328N11203772WA0383804097
B1826183837333N11203777WA0384004099
B1826193837339N11203781WA0384104102
B1826203837344N11203785WA0384304104
B1826213837350N11203789WA0384404105
B1826223837356N11203793WA0384604106
B1826233837363N11203796WA0384704108
B1826243837370N11203800WA0384904109
B1826253837377N11203804WA0385004111
B1826263837384N11203808WA0385104114
B1826273837390N11203811WA0385304117
B1826283837397N11203814WA0385504120
B1826293837403N11203816WA0385704123
B1826303837410N11203816WA0385904126
B1826313837417N11203814WA0386104127
B1826323837423N11203810WA0386304128
B1826333837429N11203804WA0386404129
B1826343837434N11203796WA0386604130
B1826353837437N11203788WA0386804131
B1826363837440N11203780WA0386904133
B1826373837443N11203773WA0387104135
B1826383837445N11203765WA0387304139
B1826393837447N11203757WA0387504141
B1826403837448N11203750WA0387704143
B1826413837446N11203743WA0387904146
B1826423837443N11203739WA0388104148
B1826423837443N11203739WA0388104148
B1826433837438N11203737WA0388204150
B1826443837434N11203736WA0388504153
B1826453837430N11203737WA0388704157
B1826463837427N11203739WA0389004161
B1826473837425N11203744WA0389204164
B1826483837424N11203749WA0389504167
B1826493837426N11203757WA0389704168
B1826503837429N11203764WA0390004168
B1826513837435N11203770WA0390104170
B1826523837442N11203775WA0390404173
B1826533837449N11203778WA0390604175
B1826543837457N11203778WA0390804177
B1826553837465N11203776WA0391004178
B1826563837472N11203772WA0391204180
B1826573837479N11203767WA0391404182
B1826583837485N11203761WA0391604185
B1826593837490N11203755WA0391804189
B1827003837494N11203748WA0392104193
B1827013837498N11203742WA0392304196
B1827023837503N11203735WA0392604200
B1827033837507N11203728WA0392804203
B1827043837510N11203721WA0393104205
B1827053837513N11203712WA0393304206
B1827063837514N11203704WA0393604207
B1827073837515N11203695WA0393704210
B1827083837516N11203688WA0394004214
B1827093837517N11203680WA0394204216
B1827103837517N11203673WA0394504218
B1827113837517N11203666WA0394704220
B1827123837517N11203659WA0394904221
B1827133837518N11203652WA0395104223
B1827143837518N11203644WA0395404224
B1827153837519N11203636WA0395504225
B1827163837520N11203627WA0395704226
B1827173837520N11203619WA0395904227
B1827183837521N11203610WA0396104229
B1827193837522N11203602WA0396204233
B1827203837523N11203594WA0396504237
B1827213837523N11203586WA0396604240
B1827223837523N11203580WA0396904243
B1827233837520N11203574WA0397104245
B1827243837517N11203570WA0397404247
B1827253837513N11203568WA0397604248
B1827263837509N11203568WA0397804248
B1827273837505N11203570WA0398004249
B1827283837502N11203573WA0398204252
B1827293837499N11203577WA0398404255
B1827303837497N11203581WA0398604259
B1827313837494N11203585WA0398804261
B1827323837492N11203589WA0399004263
B1827333837489N11203594WA0399204263
B1827343837485N11203600WA0399404264
B1827353837481N11203605WA0399604267
B1827363837478N11203609WA0399804271
B1827373837475N11203615WA0399904275
B1827383837473N11203621WA0400204278
B1827393837472N11203627WA0400404279
B1827403837472N11203635WA0400704280
B1827413837473N11203642WA0400804280
B1827423837475N11203650WA0401004280
B1827433837479N11203657WA0401204280
B1827443837484N11203664WA0401304281
B1827453837490N11203669WA0401404282
B1827453837490N11203669WA0401404282
B1827463837496N11203673WA0401604283
B1827473837502N11203675WA0401704285
B1827483837509N11203675WA0401904288
B1827493837515N11203675WA0402004290
B1827503837521N11203675WA0402204293
B1827513837527N11203676WA0402304296
B1827523837534N11203678WA0402604298
B1827533837540N11203680WA0402704301
B1827543837546N11203682WA0403004303
B1827553837553N11203685WA0403104305
B1827563837560N11203686WA0403404307
B1827573837568N11203688WA0403504309
B1827583837576N11203689WA0403704311
B1827593837583N11203691WA0403904314
B1828003837591N11203692WA0404104317
B1828013837598N11203694WA0404304321
B1828023837605N11203695WA0404604323
B1828033837613N11203696WA0404804325
B1828043837622N11203695WA0405004326
B1828053837630N11203695WA0405204328
B1828063837639N11203694WA0405404329
B1828073837647N11203692WA0405604332
B1828083837655N11203690WA0405804334
B1828093837662N11203687WA0406004335
B1828103837669N11203682WA0406204336
B1828113837677N11203677WA0406304336
B1828123837684N11203672WA0406504336
B1828133837692N11203666WA0406604335
B1828143837699N11203660WA0406704334
B1828153837705N11203653WA0406704333
B1828163837711N11203646WA0406804331
B1828173837716N11203637WA0406804329
B1828183837721N11203629WA0406804327
B1828193837726N11203620WA0406804325
B1828203837731N11203611WA0406704323
B1828213837735N11203602WA0406704322
B1828223837738N11203593WA0406604320
B1828233837740N11203584WA0406604318
B1828243837742N11203575WA0406404316
B1828253837744N11203567WA0406404314
B1828263837745N11203558WA0406204313
B1828273837746N11203549WA0406204312
B1828283837747N11203540WA0406004311
B1828293837747N11203532WA0405904310
B1828303837747N11203525WA0405804311
B1828313837746N11203518WA0405804312
B1828323837745N11203512WA0405704312
B1828333837743N11203508WA0405604312
B1828343837741N11203504WA0405604313
B1828353837739N11203501WA0405604314
B1828363837738N11203497WA0405704315
B1828373837736N11203492WA0405704316
B1828383837735N11203487WA0405704317
B1828393837733N11203482WA0405704319
B1828403837731N11203478WA0405804323
B1828413837729N11203475WA0405904327
B1828423837727N11203473WA0406004331
B1828433837725N11203471WA0406104333
B1828443837723N11203468WA0406304335
B1828453837720N11203465WA0406504336
B1828463837717N11203461WA0406604336
B1828473837715N11203458WA0406704338
B1828473837715N11203458WA0406704338
B1828483837712N11203455WA0406904340
B1828493837710N11203453WA0407004341
B1828503837707N11203450WA0407204341
B1828513837704N11203447WA0407304340
B1828523837701N11203443WA0407404338
B1828533837697N11203441WA0407404335
B1828543837693N11203440WA0407404333
B1828553837688N11203441WA0407404332
B1828563837685N11203443WA0407404332
B1828573837682N11203447WA0407304331
B1828583837679N11203450WA0407304331
B1828593837676N11203455WA0407304330
B1829003837674N11203459WA0407204330
B1829013837672N11203464WA0407204331
B1829023837671N11203468WA0407204331
B1829033837669N11203474WA0407204331
B1829043837668N11203481WA0407204331
B1829053837668N11203489WA0407204332
B1829063837668N11203497WA0407204335
B1829073837669N11203503WA0407204337
B1829083837671N11203510WA0407304339
B1829093837673N11203517WA0407304341
B1829103837675N11203524WA0407404341
B1829113837679N11203530WA0407504340
B1829123837683N11203536WA0407504340
B1829133837687N11203542WA0407504339
B1829143837692N11203548WA0407604337
B1829153837696N11203555WA0407604336
B1829163837701N11203561WA0407504335
B1829173837705N11203567WA0407504335
B1829183837711N11203572WA0407504334
B1829193837717N11203577WA0407404333
B1829203837723N11203580WA0407404333
B1829213837729N11203584WA0407404334
B1829223837735N11203587WA0407404334
B1829233837741N11203590WA0407404335
B1829243837747N11203593WA0407304335
B1829253837753N11203596WA0407404335
B1829263837758N11203600WA0407404335
B1829273837764N11203603WA0407404334
B1829283837771N11203605WA0407304334
B1829293837779N11203605WA0407304332
B1829303837787N11203604WA0407304330
B1829313837795N11203602WA0407204329
B1829323837802N11203601WA0407204329
B1829333837810N11203600WA0407104328
B1829343837818N11203598WA0407004327
B1829353837826N11203596WA0407004327
B1829363837834N11203593WA0406904328
B1829373837840N11203590WA0406904329
B1829383837847N11203586WA0406904330
B1829393837852N11203581WA0406904330
B1829403837857N11203574WA0406904330
B1829413837861N11203567WA0406904330
B1829423837864N11203560WA0406904331
B1829433837865N11203553WA0406904332
B1829443837866N11203547WA0406904332
B1829453837865N11203541WA0406904330
B1829463837864N11203534WA0406904329
B1829473837862N11203528WA0406904328
B1829483837860N11203522WA0406904328
B1829493837858N11203518WA0406904330
B1829493837858N11203518WA0406904330
B1829503837856N11203514WA0406904331
B1829513837854N11203511WA0406904333
B1829523837852N11203509WA0407004335
B1829533837851N11203507WA0407004336
B1829543837848N11203505WA0407104336
B1829553837846N11203503WA0407204336
B1829563837842N11203501WA0407204334
B1829573837838N11203500WA0407204332
B1829583837834N11203499WA0407204330
B1829593837830N11203498WA0407204329
B1830003837827N11203496WA0407104327
B1830013837823N11203493WA0407004324
B1830023837819N11203490WA0406904322
B1830033837816N11203487WA0406804320
B1830043837813N11203484WA0406704319
B1830053837810N11203480WA0406604318
B1830063837808N11203477WA0406504317
B1830073837805N11203473WA0406404316
B1830083837803N11203469WA0406304314
B1830093837800N11203464WA0406204313
B1830103837798N11203460WA0406104311
B1830113837796N11203455WA0406004309
B1830123837794N11203450WA0405804306
B1830133837793N11203444WA0405704303
B1830143837792N11203439WA0405504301
B1830153837791N11203433WA0405304298
B1830163837791N11203427WA0405104295
B1830173837790N11203421WA0405004293
B1830183837790N11203415WA0404704291
B1830193837790N11203409WA0404604290
B1830203837790N11203404WA0404404288
B1830213837790N11203398WA0404204286
B1830223837791N11203392WA0404004284
B1830233837791N11203386WA0403904281
B1830243837791N11203379WA0403704279
B1830253837791N11203372WA0403504278
B1830263837791N11203366WA0403304276
B1830273837791N11203359WA0403204276
B1830283837792N11203352WA0403004275
B1830293837792N11203345WA0402904274
B1830303837792N11203339WA0402704273
B1830313837792N11203333WA0402604273
B1830323837791N11203328WA0402504273
B1830333837790N11203323WA0402404273
B1830343837790N11203317WA0402304273
B1830353837791N11203310WA0402304273
B1830363837793N11203303WA0402204273
B1830373837797N11203296WA0402204274
B1830383837801N11203290WA0402204275
B1830393837807N11203283WA0402204276
B1830403837811N11203277WA0402204277
B1830413837815N11203270WA0402204279
B1830423837819N11203264WA0402204282
B1830433837822N11203257WA0402304284
B1830443837825N11203251WA0402404286
B1830453837828N11203245WA0402404288
B1830463837832N11203239WA0402604290
B1830473837836N11203234WA0402604292
B1830483837840N11203229WA0402804293
B1830493837843N11203223WA0402904294
B1830503837847N11203217WA0403004296
B1830513837852N11203211WA0403104296
B1830523837856N11203204WA0403204296
B1830523837856N11203204WA0403204296
B1830533837862N11203197WA0403204295
B1830543837867N11203190WA0403304295
B1830553837873N11203183WA0403404297
B1830563837878N11203176WA0403504299
B1830573837883N11203169WA0403504301
B1830583837888N11203162WA0403704303
B1830593837894N11203155WA0403704305
B1831003837899N11203147WA0403904306
B1831013837904N11203139WA0404004307
B1831023837908N11203130WA0404104309
B1831033837913N11203122WA0404204311
B1831043837917N11203113WA0404404313
B1831053837921N11203105WA0404504315
B1831063837924N11203096WA0404704317
B1831073837927N11203088WA0404804319
B1831083837930N11203081WA0404904321
B1831093837933N11203074WA0405104324
B1831103837935N11203067WA0405304325
B1831113837936N11203060WA0405404326
B1831123837937N11203053WA0405604327
B1831133837939N11203046WA0405704328
B1831143837941N11203039WA0405904328
B1831153837942N11203033WA0406004328
B1831163837942N11203027WA0406104327
B1831173837941N11203021WA0406204325
B1831183837940N11203016WA0406204324
B1831193837938N11203010WA0406204322
B1831203837936N11203006WA0406204320
B1831213837934N11203002WA0406204318
B1831223837932N11202999WA0406104315
B1831233837929N11202995WA0406104312
B1831243837927N11202991WA0405904308
B1831253837925N11202987WA0405804306
B1831263837922N11202983WA0405704304
B1831273837920N11202979WA0405604304
B1831283837919N11202974WA0405404303
B1831293837917N11202968WA0405304302
B1831303837916N11202963WA0405204301
B1831313837914N11202958WA0405104300
B1831323837911N11202954WA0404904298
B1831333837908N11202952WA0404804296
B1831343837905N11202949WA0404704296
B1831353837903N11202947WA0404604297
B1831363837901N11202944WA0404504299
B1831373837898N11202942WA0404404299
B1831383837895N11202939WA0404304298
B1831393837892N11202936WA0404304298
B1831403837887N11202933WA0404204298
B1831413837883N11202930WA0404204299
B1831423837879N11202926WA0404104300
B1831433837875N11202923WA0404104302
B1831443837872N11202920WA0404104304
B1831453837868N11202918WA0404204307
B1831463837864N11202916WA0404204308
B1831473837861N11202915WA0404304309
B1831483837858N11202914WA0404304310
B1831493837854N11202914WA0404404311
B1831503837851N11202915WA0404504310
B1831513837848N11202917WA0404504310
B1831523837844N11202919WA0404604310
B1831533837840N11202921WA0404604310
B1831543837836N11202924WA0404604311
B1831553837833N11202926WA0404704312
B1831553837833N11202926WA0404704312
B1831563837830N11202929WA0404804314
B1831573837827N11202932WA0404804315
B1831583837824N11202936WA0404904317
B1831593837822N11202939WA0405004319
B1832003837819N11202943WA0405104321
B1832013837816N11202946WA0405204322
B1832023837812N11202950WA0405304323
B1832033837809N11202956WA0405404325
B1832043837806N11202961WA0405604329
B1832053837804N11202966WA0405704334
B1832063837803N11202971WA0405904339
B1832073837802N11202975WA0406104343
B1832083837801N11202980WA0406404346
B1832093837802N11202985WA0406604349
B1832103837803N11202990WA0406904351
B1832113837805N11202996WA0407104353
B1832123837807N11203002WA0407404355
B1832133837809N11203008WA0407604356
B1832143837812N11203015WA0407804357
B1832153837814N11203022WA0408004357
B1832163837818N11203029WA0408204357
B1832173837821N11203037WA0408304357
B1832183837826N11203044WA0408504356
B1832193837832N11203050WA0408504355
B1832203837838N11203056WA0408604354
B1832213837844N11203061WA0408704353
B1832223837851N11203067WA0408704353
B1832233837856N11203072WA0408704353
B1832243837861N11203078WA0408804353
B1832253837865N11203084WA0408804353
B1832263837868N11203090WA0408804353
B1832273837871N11203095WA0408804353
B1832283837873N11203102WA0408904351
B1832293837874N11203109WA0408804349
B1832303837874N11203118WA0408804346
B1832313837874N11203126WA0408804345
B1832323837873N11203134WA0408704345
B1832333837872N11203141WA0408704347
B1832343837871N11203147WA0408704350
B1832353837870N11203151WA0408704353
B1832363837870N11203155WA0408704354
B1832373837868N11203159WA0408804353
B1832383837866N11203164WA0408804351
B1832393837863N11203169WA0408804348
B1832403837859N11203174WA0408804345
B1832413837854N11203179WA0408704344
B1832423837850N11203183WA0408604344
B1832433837846N11203187WA0408604343
B1832443837843N11203191WA0408504342
B1832453837839N11203196WA0408404340
B1832463837835N11203202WA0408304337
B1832473837831N11203207WA0408204335
B1832483837827N11203212WA0408104332
B1832493837823N11203216WA0408004331
B1832503837818N11203219WA0407804329
B1832513837813N11203220WA0407704326
B1832523837808N11203220WA0407504324
B1832533837803N11203219WA0407404322
B1832543837798N11203217WA0407204320
B1832553837794N11203215WA0407004321
B1832563837790N11203211WA0406904320
B1832573837787N11203206WA0406804319
B1832583837785N11203201WA0406604317
B1832583837785N11203201WA0406604317
B1832593837782N11203196WA0406504314
B1833003837779N11203189WA0406304310
B1833013837777N11203182WA0406204307
B1833023837774N11203174WA0405904305
B1833033837772N11203168WA0405804304
B1833043837769N11203162WA0405604304
B1833053837766N11203156WA0405504303
B1833063837764N11203150WA0405304302
B1833073837762N11203144WA0405204301
B1833083837761N11203137WA0405004300
B1833093837760N11203129WA0404904298
B1833103837760N11203121WA0404804297
B1833113837761N11203113WA0404704296
B1833123837762N11203104WA0404504294
B1833133837762N11203095WA0404404292
B1833143837763N11203086WA0404204290
B1833153837763N11203077WA0404104289
B1833163837762N11203068WA0404004289
B1833173837762N11203060WA0403904288
B1833183837762N11203051WA0403704287
B1833193837762N11203042WA0403604286
B1833203837762N11203034WA0403504285
B1833213837763N11203025WA0403404283
B1833223837765N11203015WA0403304281
B1833233837768N11203006WA0403204278
B1833243837771N11202996WA0403004275
B1833253837773N11202986WA0402804271
B1833263837775N11202975WA0402604269
B1833273837777N11202965WA0402404267
B1833283837779N11202955WA0402204265
B1833293837782N11202945WA0402004262
B1833303837784N11202935WA0401804259
B1833313837787N11202926WA0401604255
B1833323837789N11202916WA0401304252
B1833333837791N11202906WA0401104249
B1833343837792N11202896WA0400804245
B1833353837794N11202885WA0400604241
B1833363837797N11202873WA0400304237
B1833373837800N11202862WA0400104235
B1833383837804N11202851WA0399804234
B1833393837808N11202841WA0399604234
B1833403837812N11202831WA0399404235
B1833413837817N11202822WA0399204236
B1833423837821N11202815WA0399104238
B1833433837826N11202808WA0399004239
B1833443837830N11202800WA0398904240
B1833453837834N11202791WA0398904241
B1833463837837N11202780WA0398904241
B1833473837839N11202770WA0398804243
B1833483837840N11202759WA0398804246
B1833493837842N11202749WA0398904249
B1833503837844N11202739WA0398904251
B1833513837846N11202729WA0399004254
B1833523837849N11202720WA0399104255
B1833533837853N11202710WA0399204257
B1833543837855N11202701WA0399304258
B1833553837857N11202691WA0399404258
B1833563837858N11202681WA0399504259
B1833573837859N11202672WA0399604259
B1833583837861N11202662WA0399704260
B1833593837863N11202652WA0399804260
B1834003837866N11202642WA0399904261
B1834013837869N11202632WA0399904261
B1834013837869N11202632WA0399904261
B1834023837872N11202622WA0400004262
B1834033837874N11202612WA0400104263
B1834043837876N11202602WA0400104263
B1834053837877N11202592WA0400204263
B1834063837879N11202581WA0400304264
B1834073837880N11202571WA0400304265
B1834083837881N11202561WA0400404267
B1834093837882N11202552WA0400504269
B1834103837882N11202543WA0400604270
B1834113837883N11202534WA0400604272
B1834123837883N11202524WA0400804273
B1834133837884N11202515WA0400804274
B1834143837884N11202506WA0401004276
B1834153837885N11202497WA0401004278
B1834163837885N11202488WA0401204280
B1834173837885N11202479WA0401304282
B1834183837885N11202471WA0401404284
B1834193837883N11202463WA0401504285
B1834203837881N11202456WA0401704287
B1834213837878N11202451WA0401904290
B1834223837874N11202448WA0402104293
B1834233837870N11202448WA0402204295
B1834243837867N11202452WA0402404295
B1834253837865N11202458WA0402504295
B1834263837865N11202465WA0402704295
B1834273837867N11202473WA0402804297
B1834283837872N11202479WA0403004299
B1834293837880N11202482WA0403104301
B1834303837888N11202482WA0403204303
B1834313837896N11202479WA0403404305
B1834323837903N11202472WA0403604307
B1834333837909N11202464WA0403704308
B1834343837912N11202455WA0403904310
B1834353837914N11202445WA0404004312
B1834363837915N11202436WA0404204315
B1834373837914N11202427WA0404304318
B1834383837913N11202421WA0404504321
B1834393837911N11202416WA0404704324
B1834403837907N11202413WA0405004325
B1834413837903N11202412WA0405104326
B1834423837898N11202414WA0405304325
B1834433837894N11202419WA0405404324
B1834443837892N11202425WA0405604325
B1834453837893N11202433WA0405704326
B1834463837895N11202440WA0405804327
B1834473837899N11202446WA0405904328
B1834483837905N11202451WA0406004329
B1834493837912N11202454WA0406104330
B1834503837919N11202455WA0406304332
B1834513837927N11202453WA0406404333
B1834523837934N11202450WA0406504335
B1834533837941N11202445WA0406604336
B1834543837948N11202439WA0406804337
B1834553837954N11202431WA0406904338
B1834563837960N11202423WA0407004339
B1834573837965N11202415WA0407104341
B1834583837970N11202407WA0407304344
B1834593837975N11202400WA0407404346
B1835003837980N11202392WA0407504347
B1835013837983N11202385WA0407704348
B1835023837986N11202377WA0407804348
B1835033837987N11202368WA0407904348
B1835043837986N11202360WA0408004348
B1835043837986N11202360WA0408004348
B1835053837986N11202351WA0408104348
B1835063837985N11202342WA0408204348
B1835073837985N11202334WA0408204349
B1835083837985N11202325WA0408304350
B1835093837985N11202317WA0408404351
B1835103837985N11202308WA0408404351
B1835113837984N11202300WA0408504352
B1835123837983N11202292WA0408604353
B1835133837982N11202285WA0408604354
B1835143837980N11202277WA0408704355
B1835153837978N11202270WA0408804356
B1835163837975N11202264WA0408904356
B1835173837973N11202257WA0408904357
B1835183837970N11202250WA0409004357
B1835193837966N11202245WA0409104358
B1835203837962N11202241WA0409204359
B1835213837958N11202239WA0409204359
B1835223837953N11202239WA0409304358
B1835233837949N11202240WA0409304356
B1835243837945N11202243WA0409304354
B1835253837941N11202246WA0409304352
B1835263837938N11202249WA0409204351
B1835273837934N11202253WA0409204350
B1835283837932N11202258WA0409204350
B1835293837930N11202263WA0409104350
B1835303837929N11202269WA0409104350
B1835313837929N11202274WA0409104349
B1835323837929N11202280WA0409004349
B1835333837929N11202287WA0409004349
B1835343837931N11202294WA0409004348
B1835353837932N11202302WA0409004348
B1835363837935N11202309WA0408904348
B1835373837937N11202315WA0408904350
B1835383837938N11202321WA0408904351
B1835393837940N11202327WA0408904352
B1835403837943N11202333WA0408904352
B1835413837945N11202340WA0408904352
B1835423837948N11202346WA0408904351
B1835433837952N11202352WA0408904351
B1835443837956N11202358WA0408904351
B1835453837962N11202362WA0408904350
B1835463837968N11202366WA0408904349
B1835473837974N11202369WA0408904349
B1835483837981N11202371WA0408904348
B1835493837988N11202374WA0408904348
B1835503837996N11202376WA0408804347
B1835513838004N11202377WA0408804347
B1835523838011N11202378WA0408804348
B1835533838019N11202378WA0408804349
B1835543838026N11202376WA0408804349
B1835553838033N11202374WA0408804349
B1835563838040N11202370WA0408804347
B1835573838047N11202365WA0408804346
B1835583838054N11202359WA0408704345
B1835593838060N11202352WA0408704345
B1836003838066N11202346WA0408704345
B1836013838072N11202340WA0408704346
B1836023838078N11202334WA0408704346
B1836033838084N11202327WA0408704345
B1836043838089N11202318WA0408604344
B1836053838093N11202309WA0408604343
B1836063838095N11202299WA0408604343
B1836063838095N11202299WA0408604343
B1836073838095N11202290WA0408504343
B1836083838092N11202282WA0408504343
B1836093838089N11202277WA0408404343
B1836103838085N11202272WA0408404344
B1836113838080N11202269WA0408404344
B1836123838075N11202268WA0408404343
B1836133838070N11202269WA0408404342
B1836143838066N11202271WA0408304342
B1836153838061N11202274WA0408304341
B1836163838057N11202277WA0408204341
B1836173838052N11202280WA0408204340
B1836183838048N11202285WA0408204340
B1836193838045N11202289WA0408104340
B1836203838043N11202295WA0408104340
B1836213838041N11202300WA0408104341
B1836223838039N11202305WA0408104341
B1836233838037N11202312WA0408104340
B1836243838035N11202319WA0408104339
B1836253838034N11202327WA0408004338
B1836263838033N11202334WA0408004338
B1836273838032N11202342WA0408004338
B1836283838031N11202349WA0407904338
B1836293838029N11202355WA0407904339
B1836303838028N11202362WA0407904339
B1836313838027N11202368WA0407904339
B1836323838026N11202374WA0407904338
B1836333838025N11202381WA0407804336
B1836343838025N11202388WA0407804335
B1836353838025N11202395WA0407704333
B1836363838026N11202401WA0407704332
B1836373838026N11202408WA0407604329
B1836383838026N11202415WA0407504327
B1836393838026N11202422WA0407404324
B1836403838026N11202429WA0407204321
B1836413838026N11202436WA0407104318
B1836423838026N11202443WA0406904316
B1836433838025N11202449WA0406804314
B1836443838025N11202455WA0406604312
B1836453838025N11202461WA0406504310
B1836463838026N11202467WA0406304308
B1836473838027N11202475WA0406104305
B1836483838028N11202482WA0405904302
B1836493838028N11202489WA0405704299
B1836503838029N11202496WA0405504297
B1836513838029N11202503WA0405304297
B1836523838029N11202508WA0405104297
B1836533838030N11202514WA0405004296
B1836543838031N11202519WA0404804295
B1836553838032N11202524WA0404704294
B1836563838033N11202530WA0404504293
B1836573838034N11202535WA0404404291
B1836583838036N11202540WA0404204290
B1836593838039N11202546WA0404104288
B1837003838041N11202551WA0404004286
B1837013838043N11202557WA0403904284
B1837023838046N11202564WA0403704282
B1837033838048N11202570WA0403604282
B1837043838050N11202576WA0403404282
B1837053838053N11202581WA0403304281
B1837063838056N11202587WA0403204281
B1837073838058N11202593WA0403104281
B1837083838060N11202598WA0403004281
B1837083838060N11202598WA0403004281
B1837093838061N11202604WA0403004281
B1837103838061N11202610WA0402904281
B1837113838062N11202617WA0402804280
B1837123838063N11202623WA0402804280
B1837133838065N11202630WA0402704280
B1837143838067N11202637WA0402604280
B1837153838068N11202644WA0402604280
B1837163838069N11202651WA0402504280
B1837173838070N11202658WA0402504280
B1837183838071N11202664WA0402504281
B1837193838072N11202671WA0402404281
B1837203838072N11202678WA0402404281
B1837213838073N11202685WA0402404281
B1837223838073N11202692WA0402404281
B1837233838073N11202699WA0402404282
B1837243838073N11202706WA0402404283
B1837253838074N11202713WA0402404283
B1837263838075N11202720WA0402404284
B1837273838075N11202727WA0402404284
B1837283838075N11202734WA0402404284
B1837293838075N11202742WA0402404284
B1837303838075N11202749WA0402404283
B1837313838074N11202756WA0402404283
B1837323838074N11202763WA0402404284
B1837333838074N11202769WA0402404284
B1837343838074N11202777WA0402404281
B1837353838074N11202785WA0402404279
B1837363838074N11202793WA0402304276
B1837373838074N11202802WA0402304274
B1837383838074N11202810WA0402204274
B1837393838075N11202819WA0402104274
B1837403838077N11202827WA0402004276
B1837413838079N11202834WA0402004278
B1837423838082N11202841WA0402004278
B1837433838084N11202848WA0402004278
B1837443838086N11202855WA0401904277
B1837453838087N11202862WA0401904277
B1837463838088N11202868WA0401904276
B1837473838089N11202874WA0401904275
B1837483838089N11202880WA0401904274
B1837493838088N11202887WA0401904273
B1837503838088N11202893WA0401804272
B1837513838088N11202899WA0401804272
B1837523838088N11202904WA0401704271
B1837533838088N11202910WA0401704270
B1837543838088N11202916WA0401604269
B1837553838088N11202922WA0401504269
B1837563838089N11202928WA0401504267
B1837573838088N11202935WA0401404264
B1837583838088N11202944WA0401304262
B1837593838086N11202952WA0401104260
B1838003838084N11202960WA0401004259
B1838013838082N11202967WA0400904259
B1838023838081N11202973WA0400804260
B1838033838080N11202979WA0400704260
B1838043838078N11202985WA0400604259
B1838053838076N11202992WA0400504257
B1838063838074N11202998WA0400404258
B1838073838072N11203005WA0400404259
B1838083838070N11203012WA0400304260
B1838093838069N11203019WA0400304260
B1838103838068N11203027WA0400204259
B1838113838067N11203034WA0400204259
B1838113838067N11203034WA0400204259
B1838123838066N11203042WA0400204260
B1838133838064N11203049WA0400204261
B1838143838062N11203055WA0400204262
B1838153838061N11203062WA0400204263
B1838163838059N11203069WA0400204263
B1838173838057N11203076WA0400204263
B1838183838055N11203084WA0400204262
B1838193838054N11203092WA0400204261
B1838203838052N11203100WA0400204261
B1838213838050N11203108WA0400204260
B1838223838047N11203115WA0400204261
B1838233838045N11203122WA0400204261
B1838243838043N11203128WA0400204262
B1838253838040N11203135WA0400204262
B1838263838038N11203142WA0400204262
B1838273838035N11203148WA0400204261
B1838283838032N11203156WA0400204259
B1838293838029N11203163WA0400204258
B1838303838024N11203170WA0400104256
B1838313838020N11203176WA0400104255
B1838323838015N11203183WA0400004254
B1838333838011N11203189WA0399904254
B1838343838007N11203195WA0399904254
B1838353838003N11203201WA0399804253
B1838363837999N11203207WA0399804251
B1838373837995N11203214WA0399704249
B1838383837991N11203220WA0399604248
B1838393837987N11203226WA0399504246
B1838403837984N11203232WA0399404245
B1838413837980N11203236WA0399304244
B1838423837976N11203241WA0399204242
B1838433837972N11203245WA0399104238
B1838443837967N11203250WA0398904236
B1838453837963N11203254WA0398804233
B1838463837959N11203258WA0398604230
B1838473837954N11203261WA0398404227
B1838483837949N11203266WA0398204222
B1838493837945N11203271WA0398004218
B1838503837940N11203277WA0397704216
B1838513837937N11203284WA0397504213
B1838523837933N11203291WA0397204211
B1838533837929N11203297WA0397004208
B1838543837924N11203302WA0396704206
B1838553837919N11203306WA0396504203
B1838563837913N11203309WA0396204200
B1838573837908N11203312WA0396004199
B1838583837903N11203315WA0395704198
B1838593837899N11203318WA0395604198
B1839003837894N11203321WA0395304197
B1839013837890N11203324WA0395204195
B1839023837885N11203327WA0395004192
B1839033837880N11203330WA0394804190
B1839043837875N11203333WA0394604187
B1839053837870N11203337WA0394404185
B1839063837865N11203340WA0394204184
B1839073837860N11203343WA0394004182
B1839083837855N11203345WA0393804181
B1839093837850N11203348WA0393704179
B1839103837845N11203351WA0393404178
B1839113837839N11203354WA0393304175
B1839123837834N11203358WA0393104173
B1839133837829N11203361WA0392904172
B1839143837824N11203364WA0392704170
B1839143837824N11203364WA0392704170
B1839153837819N11203366WA0392604168
B1839163837814N11203368WA0392304165
B1839173837808N11203371WA0392204163
B1839183837802N11203374WA0391904161
B1839193837796N11203377WA0391804161
B1839203837790N11203380WA0391604162
B1839213837785N11203382WA0391504163
B1839223837781N11203384WA0391404164
B1839233837777N11203387WA0391304162
B1839243837773N11203389WA0391204159
B1839253837767N11203392WA0391104155
B1839263837761N11203396WA0390904151
B1839273837755N11203399WA0390704146
B1839283837748N11203402WA0390404143
B1839293837742N11203405WA0390204141
B1839303837737N11203407WA0390004140
B1839313837732N11203410WA0389804138
B1839323837727N11203412WA0389604136
B1839333837722N11203416WA0389404132
B1839343837716N11203420WA0389204127
B1839353837710N11203424WA0388904123
B1839363837704N11203427WA0388604119
B1839373837698N11203430WA0388404116
B1839383837692N11203432WA0388104113
B1839393837686N11203434WA0387804110
B1839403837679N11203437WA0387504108
B1839413837673N11203440WA0387304106
B1839423837667N11203443WA0387004104
B1839433837661N11203445WA0386804103
B1839443837656N11203447WA0386504101
B1839453837650N11203449WA0386404099
B1839463837644N11203451WA0386104097
B1839473837638N11203453WA0386004094
B1839483837631N11203455WA0385704091
B1839493837625N11203457WA0385504087
B1839503837618N11203459WA0385204084
B1839513837611N11203462WA0385004081
B1839523837605N11203464WA0384604078
B1839533837599N11203467WA0384404077
B1839543837593N11203469WA0384204076
B1839553837588N11203471WA0384004074
B1839563837582N11203474WA0383704073
B1839573837576N11203476WA0383604071
B1839583837570N11203479WA0383304069
B1839593837564N11203481WA0383204067
B1840003837558N11203484WA0382904065
B1840013837552N11203486WA0382804063
B1840023837546N11203488WA0382504060
B1840033837541N11203491WA0382404057
B1840043837535N11203494WA0382104054
B1840053837529N11203497WA0381904051
B1840063837522N11203500WA0381604048
B1840073837515N11203502WA0381404045
B1840083837508N11203505WA0381104041
B1840093837500N11203508WA0380904037
B1840103837493N11203511WA0380504035
B1840113837486N11203514WA0380304034
B1840123837479N11203516WA0380004032
B1840133837472N11203518WA0379904031
B1840143837465N11203520WA0379604028
B1840153837459N11203522WA0379404026
B1840163837452N11203524WA0379104023
B1840173837445N11203527WA0378904019
B1840173837445N11203527WA0378904019
B1840183837437N11203529WA0378604015
B1840193837429N11203531WA0378404012
B1840203837421N11203533WA0378104009
B1840213837414N11203534WA0377904007
B1840223837406N11203535WA0377604006
B1840233837399N11203537WA0377404003
B1840243837392N11203538WA0377104001
B1840253837385N11203540WA0376903998
B1840263837377N11203542WA0376503994
B1840273837369N11203544WA0376303991
B1840283837361N11203545WA0376003987
B1840293837353N11203547WA0375803984
B1840303837346N11203549WA0375403982
B1840313837338N11203551WA0375203979
B1840323837331N11203552WA0374903977
B1840333837323N11203552WA0374703974
B1840343837316N11203553WA0374303971
B1840353837308N11203554WA0374103967
B1840363837300N11203555WA0373803963
B1840373837291N11203555WA0373503960
B1840383837283N11203555WA0373103956
B1840393837275N11203556WA0372903954
B1840403837267N11203557WA0372603952
B1840413837259N11203558WA0372303949
B1840423837251N11203559WA0372003946
B1840433837243N11203560WA0371803943
B1840443837235N11203560WA0371403941
B1840453837227N11203560WA0371203938
B1840463837218N11203561WA0370903935
B1840473837210N11203561WA0370703933
B1840483837202N11203561WA0370303931
B1840493837193N11203560WA0370103930
B1840503837185N11203560WA0369803928
B1840513837177N11203559WA0369703926
B1840523837169N11203559WA0369403925
B1840533837161N11203559WA0369203923
B1840543837153N11203560WA0369003921
B1840553837144N11203560WA0368803918
B1840563837136N11203561WA0368603916
B1840573837128N11203562WA0368403915
B1840583837120N11203562WA0368203913
B1840593837113N11203563WA0368003912
B1841003837105N11203563WA0367803910
B1841013837097N11203564WA0367603909
B1841023837090N11203566WA0367403907
B1841033837082N11203568WA0367303906
B1841043837075N11203570WA0367103905
B1841053837068N11203571WA0367003903
B1841063837060N11203573WA0366803901
B1841073837052N11203575WA0366603899
B1841083837044N11203576WA0366403898
B1841093837036N11203578WA0366303896
B1841103837029N11203579WA0366103894
B1841113837021N11203579WA0366003893
B1841123837014N11203580WA0365803892
B1841133837007N11203581WA0365703891
B1841143836999N11203582WA0365503889
B1841153836992N11203582WA0365303886
B1841163836984N11203583WA0365103884
B1841173836977N11203585WA0365003881
B1841183836970N11203586WA0364803879
B1841193836962N11203587WA0364603877
B1841203836955N11203588WA0364403875
B1841203836955N11203588WA0364403875
B1841213836948N11203590WA0364203873
B1841223836942N11203591WA0364003871
B1841233836935N11203593WA0363903869
B1841243836928N11203595WA0363603866
B1841253836921N11203597WA0363503863
B1841263836914N11203599WA0363203860
B1841273836907N11203601WA0363103858
B1841283836900N11203602WA0362803856
B1841293836892N11203604WA0362603854
B1841303836885N11203606WA0362403853
B1841313836879N11203608WA0362203851
B1841323836872N11203610WA0362003850
B1841333836866N11203612WA0361803848
B1841343836860N11203614WA0361603845
B1841353836853N11203616WA0361403843
B1841363836846N11203617WA0361203839
B1841373836838N11203619WA0361003836
B1841383836831N11203620WA0360703833
B1841393836823N11203622WA0360503830
B1841403836815N11203623WA0360203828
B1841413836808N11203624WA0360103826
B1841423836801N11203626WA0359803825
B1841433836793N11203628WA0359603823
B1841443836786N11203629WA0359403821
B1841453836779N11203630WA0359203819
B1841463836771N11203631WA0358903817
B1841473836764N11203632WA0358803815
B1841483836756N11203633WA0358503813
B1841493836749N11203635WA0358403811
B1841503836742N11203637WA0358203809
B1841513836735N11203640WA0358003807
B1841523836728N11203642WA0357803805
B1841533836722N11203645WA0357603803
B1841543836715N11203647WA0357403800
B1841553836708N11203649WA0357203797
B1841563836702N11203652WA0357003794
B1841573836695N11203654WA0356803792
B1841583836689N11203657WA0356503789
B1841593836683N11203659WA0356403786
B1842003836677N11203662WA0356103784
B1842013836670N11203664WA0355903781
B1842023836664N11203666WA0355603778
B1842033836657N11203668WA0355403775
B1842043836651N11203671WA0355203772
B1842053836645N11203673WA0355003769
B1842063836638N11203677WA0354703766
B1842073836632N11203680WA0354503762
B1842083836626N11203683WA0354103759
B1842093836619N11203686WA0353903756
B1842103836613N11203689WA0353603753
B1842113836607N11203691WA0353403750
B1842123836601N11203694WA0353103747
B1842133836595N11203697WA0352903744
B1842143836589N11203700WA0352503741
B1842153836583N11203703WA0352303738
B1842163836577N11203706WA0352003735
B1842173836571N11203710WA0351803732
B1842183836564N11203712WA0351403729
B1842193836558N11203715WA0351203725
B1842203836552N11203718WA0350903722
B1842213836545N11203720WA0350603719
B1842223836539N11203722WA0350303717
B1842233836532N11203724WA0350103714
B1842233836532N11203724WA0350103714
B1842243836526N11203725WA0349703710
B1842253836519N11203727WA0349503706
B1842263836512N11203728WA0349103702
B1842273836505N11203729WA0348903699
B1842283836497N11203730WA0348503695
B1842293836490N11203731WA0348303691
B1842303836483N11203731WA0347903688
B1842313836476N11203731WA0347603685
B1842323836469N11203730WA0347203681
B1842333836462N11203730WA0347003678
B1842343836456N11203730WA0346603675
B1842353836449N11203730WA0346303671
B1842363836443N11203729WA0345903667
B1842373836436N11203729WA0345703661
B1842383836429N11203728WA0345203656
B1842393836422N11203726WA0344903651
B1842403836414N11203725WA0344503647
B1842413836407N11203724WA0344203643
B1842423836400N11203722WA0343703638
B1842433836393N11203721WA0343403634
B1842443836386N11203719WA0342903629
B1842453836379N11203716WA0342603624
B1842463836372N11203714WA0342103620
B1842473836365N11203713WA0341803615
B1842483836358N11203712WA0341303609
B1842493836351N11203712WA0340903605
B1842503836343N11203711WA0340403600
B1842513836336N11203710WA0340103596
B1842523836329N11203709WA0339603591
B1842533836321N11203708WA0339203587
B1842543836314N11203707WA0338703584
B1842553836307N11203706WA0338403580
B1842563836301N11203705WA0337903577
B1842573836294N11203704WA0337603573
B1842583836288N11203704WA0337203570
B1842593836281N11203704WA0336903567
B1843003836275N11203705WA0336503564
B1843013836269N11203706WA0336203560
B1843023836263N11203708WA0335803557
B1843033836257N11203709WA0335503552
B1843043836250N11203711WA0335103548
B1843053836243N11203712WA0334803543
B1843063836236N11203714WA0334303538
B1843073836229N11203714WA0334003535
B1843083836222N11203714WA0333603532
B1843093836215N11203713WA0333303530
B1843103836209N11203713WA0332903527
B1843113836203N11203713WA0332603524
B1843123836197N11203713WA0332203521
B1843133836191N11203714WA0331903517
B1843143836185N11203715WA0331503514
B1843153836179N11203717WA0331303510
B1843163836173N11203718WA0330903507
B1843173836167N11203719WA0330603505
B1843183836161N11203721WA0330203503
B1843193836156N11203723WA0330003501
B1843203836151N11203726WA0329703499
B1843213836146N11203728WA0329503495
B1843223836140N11203730WA0329103492
B1843233836133N11203732WA0328903488
B1843243836126N11203735WA0328503485
B1843253836119N11203737WA0328303482
B1843263836112N11203740WA0327903480
B1843273836105N11203742WA0327703480
B1843273836105N11203742WA0327703480
B1843283836098N11203743WA0327503480
B1843293836092N11203745WA0327303480
B1843303836085N11203746WA0327103479
B1843313836079N11203748WA0326903477
B1843323836072N11203750WA0326703475
B1843333836066N11203753WA0326603473
B1843343836059N11203756WA0326403471
B1843353836052N11203759WA0326203469
B1843363836045N11203762WA0326003467
B1843373836038N11203764WA0325803466
B1843383836031N11203765WA0325603465
B1843393836025N11203766WA0325503464
B1843403836018N11203767WA0325303461
B1843413836012N11203768WA0325203458
B1843423836004N11203770WA0324903454
B1843433835997N11203771WA0324703451
B1843443835990N11203771WA0324503449
B1843453835983N11203772WA0324303447
B1843463835976N11203771WA0324103447
B1843473835970N11203772WA0323903446
B1843483835965N11203773WA0323803445
B1843493835959N11203774WA0323603442
B1843503835954N11203776WA0323403440
B1843513835948N11203779WA0323203437
B1843523835943N11203781WA0323003435
B1843533835938N11203782WA0322903432
B1843543835933N11203783WA0322603429
B1843553835928N11203784WA0322503425
B1843563835922N11203784WA0322203420
B1843573835915N11203784WA0322003413
B1843583835907N11203784WA0321603407
B1843593835898N11203783WA0321303404
B1844003835891N11203781WA0320903406
B1844013835884N11203779WA0320703407
B1844023835878N11203777WA0320403407
B1844033835871N11203775WA0320303405
B1844043835864N11203774WA0320003401
B1844053835857N11203774WA0319803398
B1844063835849N11203774WA0319503396
B1844073835842N11203774WA0319303395
B1844083835835N11203774WA0319103394
B1844093835828N11203774WA0318903391
B1844103835821N11203773WA0318603388
B1844113835814N11203773WA0318403384
B1844123835807N11203773WA0318103380
B1844133835800N11203774WA0317903377
B1844143835793N11203776WA0317603374
B1844153835786N11203778WA0317403373
B1844163835781N11203780WA0317103372
B1844173835776N11203783WA0317003372
B1844183835771N11203785WA0316803371
B1844193835766N11203786WA0316703372
B1844203835762N11203787WA0316503373
B1844213835758N11203786WA0316403373
B1844223835754N11203785WA0316303373
B1844233835750N11203784WA0316303372
B1844243835746N11203783WA0316203370
B1844253835741N11203784WA0316103366
B1844263835736N11203784WA0316003362
B1844273835729N11203786WA0315803357
B1844283835722N11203788WA0315603352
B1844293835716N11203791WA0315403347
B1844303835710N11203796WA0315003343
B1844303835710N11203796WA0315003343
B1844313835705N11203800WA0314803341
B1844323835700N11203804WA0314503339
B1844333835695N11203808WA0314403338
B1844343835689N11203810WA0314103336
B1844353835683N11203813WA0313903334
B1844363835676N11203815WA0313603332
B1844373835670N11203817WA0313403331
B1844383835664N11203818WA0313203331
B1844393835658N11203821WA0313103330
B1844403835653N11203823WA0312903330
B1844413835647N11203825WA0312803329
B1844423835641N11203827WA0312603328
B1844433835635N11203829WA0312503327
B1844443835629N11203832WA0312303326
B1844453835623N11203834WA0312203325
B1844463835618N11203837WA0312103324
B1844473835612N11203839WA0312003323
B1844483835607N11203841WA0311803321
B1844493835601N11203844WA0311703319
B1844503835595N11203847WA0311503318
B1844513835589N11203849WA0311403318
B1844523835583N11203852WA0311303320
B1844533835577N11203854WA0311303323
B1844543835572N11203856WA0311303325
B1844553835567N11203858WA0311303328
B1844563835563N11203860WA0311303329
B1844573835558N11203863WA0311403329
B1844583835553N11203866WA0311403327
B1844593835547N11203869WA0311403324
B1845003835540N11203873WA0311303321
B1845013835533N11203877WA0311303319
B1845023835526N11203881WA0311203319
B1845033835520N11203883WA0311103320
B1845043835515N11203886WA0311103322
B1845053835510N11203888WA0311103322
B1845063835505N11203890WA0311103321
B1845073835499N11203893WA0311003319
B1845083835494N11203896WA0311003317
B1845093835488N11203900WA0310903314
B1845103835483N11203904WA0310803313
B1845113835478N11203908WA0310703312
B1845123835472N11203912WA0310603311
B1845133835467N11203915WA0310603310
B1845143835462N11203918WA0310503308
B1845153835457N11203922WA0310403307
B1845163835451N11203925WA0310203305
B1845173835445N11203927WA0310103305
B1845183835440N11203928WA0310003307
B1845193835435N11203929WA0310003308
B1845203835430N11203931WA0310003307
B1845213835424N11203934WA0310003305
B1845223835418N11203937WA0309903303
B1845233835412N11203941WA0309803302
B1845243835406N11203944WA0309703302
B1845253835401N11203947WA0309703303
B1845263835396N11203949WA0309603305
B1845273835391N11203951WA0309603306
B1845283835387N11203954WA0309603305
B1845293835381N11203956WA0309603304
B1845303835376N11203959WA0309603304
B1845313835370N11203962WA0309603302
B1845323835364N11203966WA0309503302
B1845323835364N11203966WA0309503302
B1845333835358N11203969WA0309503302
B1845343835352N11203972WA0309503304
B1845353835347N11203974WA0309503307
B1845363835343N11203976WA0309503309
B1845373835339N11203978WA0309603310
B1845383835335N11203981WA0309603308
B1845393835329N11203985WA0309603306
B1845403835323N11203989WA0309603301
B1845413835316N11203994WA0309503298
B1845423835309N11204000WA0309403295
B1845433835303N11204005WA0309203294
B1845443835298N11204010WA0309103293
B1845453835293N11204014WA0309003292
B1845463835289N11204017WA0308903291
B1845473835285N11204021WA0308803288
B1845483835280N11204024WA0308603284
B1845493835274N11204028WA0308503280
B1845503835268N11204032WA0308303276
B1845513835261N11204035WA0308103273
B1845523835254N11204038WA0307803272
B1845533835249N11204041WA0307703272
B1845543835244N11204044WA0307503274
B1845553835239N11204047WA0307403276
B1845563835234N11204050WA0307303278
B1845573835230N11204053WA0307303279
B1845583835225N11204056WA0307203280
B1845593835221N11204061WA0307203280
B1846003835216N11204066WA0307203280
B1846013835212N11204071WA0307103281
B1846023835208N11204075WA0307103283
B1846033835205N11204079WA0307103285
B1846043835202N11204082WA0307203287
B1846053835199N11204085WA0307303288
B1846063835195N11204088WA0307403287
B1846073835190N11204092WA0307403284
B1846083835184N11204097WA0307303280
B1846093835178N11204103WA0307303277
B1846103835172N11204110WA0307203275
B1846113835166N11204116WA0307103275
B1846123835161N11204122WA0307003277
B1846133835156N11204128WA0307003278
B1846143835151N11204133WA0307003280
B1846153835146N11204139WA0307003282
B1846163835143N11204144WA0307003284
B1846173835139N11204150WA0307103286
B1846183835137N11204155WA0307103286
B1846193835134N11204161WA0307203287
B1846203835130N11204168WA0307203286
B1846213835126N11204174WA0307203284
B1846223835122N11204180WA0307203281
B1846233835116N11204185WA0307203280
B1846243835112N11204191WA0307203280
B1846253835107N11204195WA0307103280
B1846263835103N11204200WA0307103281
B1846273835098N11204206WA0307103280
B1846283835094N11204211WA0307103279
B1846293835089N11204217WA0307103280
B1846303835084N11204223WA0307103281
B1846313835080N11204228WA0307103281
B1846323835075N11204233WA0307203281
B1846333835070N11204238WA0307203281
B1846343835065N11204241WA0307203282
B1846353835060N11204244WA0307203283
B1846353835060N11204244WA0307203283
B1846363835055N11204246WA0307203284
B1846373835051N11204248WA0307303284
B1846383835047N11204250WA0307303283
B1846393835043N11204254WA0307303280
B1846403835039N11204259WA0307303276
B1846413835034N11204264WA0307203271
B1846423835030N11204271WA0307103267
B1846433835025N11204277WA0306903263
B1846443835021N11204284WA0306703261
B1846453835017N11204290WA0306603260
B1846463835014N11204296WA0306403259
B1846473835011N11204301WA0306303258
B1846483835008N11204306WA0306103256
B1846493835006N11204312WA0306003254
B1846503835003N11204318WA0305803251
B1846513835000N11204323WA0305703250
B1846523834997N11204328WA0305503250
B1846533834993N11204333WA0305403251
B1846543834988N11204335WA0305303251
B1846553834983N11204337WA0305203252
B1846563834977N11204337WA0305203254
B1846573834971N11204336WA0305103255
B1846583834966N11204335WA0305103258
B1846593834961N11204332WA0305103260
B1847003834956N11204329WA0305203263
B1847013834951N11204325WA0305303265
B1847023834946N11204321WA0305403268
B1847033834940N11204317WA0305503270
B1847043834935N11204312WA0305603273
B1847053834930N11204308WA0305703276
B1847063834926N11204305WA0305803278
B1847073834922N11204302WA0306003280
B1847083834917N11204299WA0306203280
B1847093834911N11204296WA0306303280
B1847103834905N11204292WA0306403281
B1847113834900N11204289WA0306503283
B1847123834895N11204289WA0306703287
B1847133834893N11204290WA0306803290
B1847143834892N11204292WA0307003292
B1847153834892N11204295WA0307203293
B1847163834896N11204299WA0307403293
B1847173834901N11204302WA0307503292
B1847183834908N11204303WA0307703290
B1847193834916N11204302WA0307703289
B1847203834924N11204296WA0307803288
B1847213834929N11204288WA0307803290
B1847223834931N11204278WA0307903291
B1847233834931N11204268WA0307903292
B1847243834930N11204258WA0308003293
B1847253834930N11204249WA0308103294
B1847263834929N11204240WA0308103296
B1847273834929N11204230WA0308203297
B1847283834928N11204221WA0308303298
B1847293834927N11204211WA0308403299
B1847303834925N11204202WA0308503300
B1847313834922N11204193WA0308603301
B1847323834919N11204185WA0308703302
B1847333834914N11204179WA0308803302
B1847343834908N11204175WA0308803303
B1847353834902N11204174WA0308903303
B1847363834896N11204174WA0309003304
B1847373834891N11204173WA0309003305
B1847373834891N11204173WA0309003305
B1847383834885N11204172WA0309103307
B1847393834880N11204171WA0309203310
B1847403834875N11204170WA0309303314
B1847413834871N11204169WA0309503318
B1847423834867N11204168WA0309703322
B1847433834864N11204168WA0309903323
B1847443834861N11204169WA0310103323
B1847453834858N11204171WA0310203322
B1847463834855N11204174WA0310303320
B1847473834851N11204177WA0310403318
B1847483834846N11204180WA0310403317
B1847493834842N11204183WA0310403316
B1847503834838N11204186WA0310503317
B1847513834834N11204188WA0310503317
B1847523834831N11204190WA0310503317
B1847533834828N11204193WA0310603316
B1847543834824N11204197WA0310503313
B1847553834820N11204200WA0310503309
B1847563834816N11204203WA0310303306
B1847573834812N11204206WA0310303304
B1847583834807N11204209WA0310103301
B1847593834803N11204213WA0310003298
B1848003834799N11204217WA0309803294
B1848013834795N11204221WA0309603292
B1848023834791N11204225WA0309403289
B1848033834787N11204228WA0309303288
B1848043834783N11204231WA0309103286
B1848053834777N11204233WA0308903284
B1848063834771N11204235WA0308703282
B1848073834766N11204237WA0308503281
B1848083834761N11204239WA0308303281
B1848093834756N11204242WA0308203280
B1848103834750N11204244WA0308103278
B1848113834744N11204247WA0307903275
B1848123834738N11204249WA0307703273
B1848133834731N11204252WA0307603270
B1848143834725N11204255WA0307403268
B1848153834719N11204258WA0307203265
B1848163834713N11204261WA0307003264
B1848173834707N11204264WA0306903264
B1848183834702N11204266WA0306703263
B1848193834698N11204269WA0306603262
B1848203834694N11204273WA0306403260
B1848213834689N11204277WA0306303256
B1848223834684N11204281WA0306103252
B1848233834678N11204284WA0305903248
B1848243834672N11204288WA0305603244
B1848253834666N11204290WA0305403242
B1848263834660N11204291WA0305203242
B1848273834655N11204292WA0305003241
B1848283834650N11204292WA0304803241
B1848293834645N11204292WA0304703239
B1848303834640N11204293WA0304503236
B1848313834634N11204295WA0304303232
B1848323834627N11204297WA0304103227
B1848333834620N11204299WA0303903224
B1848343834613N11204301WA0303603221
B1848353834606N11204303WA0303403219
B1848363834600N11204306WA0303103218
B1848373834594N11204308WA0302903218
B1848383834589N11204311WA0302703217
B1848393834583N11204313WA0302603216
B1848403834578N11204314WA0302403215
B1848403834578N11204314WA0302403215
B1848413834572N11204315WA0302203214
B1848423834567N11204317WA0302103212
B1848433834561N11204319WA0301903209
B1848443834556N11204321WA0301703206
B1848453834550N11204324WA0301503202
B1848463834544N11204326WA0301303199
B1848473834538N11204329WA0301103196
B1848483834531N11204331WA0300803194
B1848493834525N11204332WA0300603190
B1848503834519N11204334WA0300303187
B1848513834513N11204335WA0300103183
B1848523834506N11204336WA0299803179
B1848533834499N11204337WA0299503174
B1848543834491N11204338WA0299103169
B1848553834484N11204340WA0298903166
B1848563834478N11204341WA0298503164
B1848573834471N11204342WA0298203161
B1848583834464N11204342WA0297903158
B1848593834456N11204343WA0297603155
B1849003834449N11204344WA0297203151
B1849013834441N11204345WA0297003149
B1849023834434N11204347WA0296603147
B1849033834429N11204349WA0296403147
B1849043834424N11204350WA0296103146
B1849053834420N11204351WA0295903145
B1849063834415N11204352WA0295703142
B1849073834409N11204353WA0295503137
B1849083834403N11204354WA0295203130
B1849093834396N11204356WA0294903125
B1849103834388N11204359WA0294503121
B1849113834381N11204363WA0294303118
B1849123834375N11204367WA0293903116
B1849133834369N11204370WA0293603114
B1849143834362N11204372WA0293303112
B1849153834355N11204374WA0293003110
B1849163834349N11204375WA0292703111
B1849173834343N11204376WA0292603113
B1849183834338N11204377WA0292403115
B1849193834333N11204379WA0292303116
B1849203834327N11204381WA0292203115
B1849213834322N11204383WA0292103115
B1849223834316N11204384WA0292003113
B1849233834308N11204385WA0291903111
B1849243834301N11204386WA0291703109
B1849253834294N11204387WA0291603108
B1849263834287N11204388WA0291503108
B1849273834281N11204390WA0291403106
B1849283834274N11204392WA0291303104
B1849293834267N11204394WA0291203102
B1849303834261N11204397WA0291003100
B1849313834254N11204400WA0290903098
B1849323834247N11204404WA0290703096
B1849333834240N11204409WA0290603095
B1849343834234N11204413WA0290503095
B1849353834228N11204417WA0290403096
B1849363834222N11204421WA0290303097
B1849373834217N11204425WA0290203097
B1849383834212N11204431WA0290203097
B1849393834208N11204437WA0290103096
B1849403834203N11204444WA0290003094
B1849413834197N11204451WA0290003092
B1849423834192N11204458WA0289903091
B1849433834187N11204466WA0289803090
B1849433834187N11204466WA0289803090
B1849443834183N11204472WA0289703089
B1849453834178N11204479WA0289603089
B1849463834174N11204486WA0289603088
B1849473834170N11204493WA0289503087
B1849483834166N11204501WA0289403085
B1849493834162N11204508WA0289403084
B1849503834157N11204515WA0289203084
B1849513834152N11204522WA0289203084
B1849523834148N11204529WA0289103085
B1849533834145N11204535WA0289103087
B1849543834143N11204541WA0289103090
B1849553834141N11204547WA0289103093
B1849563834140N11204553WA0289203096
B1849573834138N11204557WA0289303098
B1849583834137N11204562WA0289503101
B1849593834134N11204566WA0289603102
B1850003834130N11204570WA0289703103
B1850013834126N11204574WA0289803106
B1850023834121N11204577WA0290003110
B1850033834118N11204580WA0290103115
B1850043834116N11204583WA0290403120
B1850053834115N11204587WA0290603125
B1850063834116N11204592WA0290903129
B1850073834119N11204597WA0291203134
B1850083834126N11204600WA0291603138
B1850093834134N11204601WA0291803141
B1850103834144N11204597WA0292203143
B1850113834152N11204591WA0292403147
B1850123834157N11204582WA0292803152
B1850133834159N11204573WA0293103157
B1850143834157N11204566WA0293503162
B1850153834153N11204561WA0293803166
B1850163834148N11204558WA0294203169
B1850173834144N11204558WA0294503173
B1850183834142N11204559WA0294903179
B1850193834141N11204562WA0295203185
B1850203834143N11204566WA0295703189
B1850213834147N11204570WA0296003191
B1850223834154N11204574WA0296503193
B1850233834164N11204576WA0296703193
B1850243834173N11204573WA0297103196
B1850253834181N11204567WA0297403201
B1850263834187N11204559WA0297803206
B1850273834189N11204550WA0298003211
B1850283834189N11204542WA0298503215
B1850293834188N11204534WA0298803218
B1850303834186N11204527WA0299203222
B1850313834184N11204522WA0299503226
B1850323834181N11204520WA0299903230
B1850333834178N11204520WA0300203234
B1850343834177N11204524WA0300603236
B1850353834178N11204530WA0300903238
B1850363834182N11204536WA0301303240
B1850373834187N11204543WA0301503242
B1850383834195N11204547WA0301903245
B1850393834203N11204547WA0302103249
B1850403834212N11204545WA0302503253
B1850413834220N11204541WA0302703257
B1850423834227N11204537WA0303103262
B1850433834233N11204532WA0303403266
B1850443834239N11204525WA0303803270
B1850453834243N11204518WA0304103273
B1850463834244N11204510WA0304603275
B1850463834244N11204510WA0304603275
B1850473834244N11204502WA0304803276
B1850483834241N11204497WA0305203278
B1850493834238N11204494WA0305403282
B1850503834235N11204494WA0305703287
B1850513834234N11204497WA0306003292
B1850523834234N11204501WA0306403295
B1850533834235N11204506WA0306703298
B1850543834239N11204511WA0307003301
B1850553834245N11204516WA0307303304
B1850563834253N11204519WA0307703306
B1850573834261N11204521WA0307903310
B1850583834268N11204522WA0308303314
B1850593834276N11204522WA0308503317
B1851003834285N11204520WA0308903320
B1851013834293N11204516WA0309203322
B1851023834300N11204510WA0309503323
B1851033834305N11204502WA0309703324
B1851043834309N11204494WA0310003325
B1851053834311N11204486WA0310203327
B1851063834311N11204480WA0310503329
B1851073834310N11204476WA0310703330
B1851083834307N11204474WA0310903330
B1851093834304N11204473WA0311003329
B1851103834301N11204472WA0311203330
B1851113834297N11204471WA0311403333
B1851123834295N11204472WA0311603337
B1851133834293N11204472WA0311703343
B1851143834292N11204472WA0312003349
B1851153834291N11204473WA0312203353
B1851163834291N11204475WA0312603357
B1851173834291N11204479WA0312803359
B1851183834291N11204484WA0313103359
B1851193834294N11204491WA0313303360
B1851203834299N11204497WA0313603362
B1851213834306N11204502WA0313803364
B1851223834315N11204503WA0314003366
B1851233834325N11204501WA0314203368
B1851243834334N11204496WA0314503369
B1851253834341N11204487WA0314603371
B1851263834345N11204477WA0314903374
B1851273834345N11204468WA0315003378
B1851283834342N11204462WA0315303380
B1851293834338N11204461WA0315403382
B1851303834335N11204464WA0315703382
B1851313834334N11204468WA0315803384
B1851323834334N11204473WA0316103387
B1851333834337N11204479WA0316203390
B1851343834343N11204484WA0316503391
B1851353834351N11204488WA0316703393
B1851363834360N11204489WA0316903394
B1851373834369N11204488WA0317003396
B1851383834378N11204484WA0317203397
B1851393834386N11204478WA0317403400
B1851403834391N11204471WA0317603404
B1851413834396N11204464WA0317803407
B1851423834400N11204457WA0318103410
B1851433834404N11204449WA0318303411
B1851443834407N11204441WA0318503413
B1851453834409N11204434WA0318703415
B1851463834410N11204426WA0318903417
B1851473834410N11204419WA0319103419
B1851483834409N11204413WA0319303422
B1851493834407N11204408WA0319503424
B1851493834407N11204408WA0319503424
B1851503834405N11204406WA0319803428
B1851513834403N11204407WA0320003430
B1851523834401N11204411WA0320203433
B1851533834402N11204416WA0320403436
B1851543834404N11204422WA0320703438
B1851553834410N11204427WA0320903439
B1851563834417N11204431WA0321103440
B1851573834425N11204431WA0321203440
B1851583834434N11204430WA0321403441
B1851593834442N11204426WA0321603442
B1852003834449N11204421WA0321803443
B1852013834455N11204414WA0321903444
B1852023834459N11204406WA0322103446
B1852033834461N11204398WA0322203447
B1852043834462N11204390WA0322303448
B1852053834460N11204383WA0322403449
B1852063834458N11204378WA0322603452
B1852073834455N11204375WA0322703456
B1852083834453N11204373WA0322903459
B1852093834452N11204371WA0323103463
B1852103834451N11204369WA0323403466
B1852113834450N11204367WA0323503468
B1852123834448N11204367WA0323803469
B1852133834447N11204368WA0323903468
B1852143834445N11204371WA0324103467
B1852153834443N11204375WA0324203467
B1852163834441N11204379WA0324303469
B1852173834439N11204382WA0324403471
B1852183834437N11204385WA0324603474
B1852193834435N11204388WA0324703476
B1852203834433N11204390WA0325003477
B1852213834431N11204393WA0325103477
B1852223834427N11204396WA0325203476
B1852233834424N11204398WA0325303475
B1852243834420N11204401WA0325403474
B1852253834418N11204404WA0325403472
B1852263834416N11204407WA0325403470
B1852273834414N11204410WA0325403468
B1852283834411N11204414WA0325303464
B1852293834409N11204419WA0325303459
B1852303834407N11204424WA0325103454
B1852313834404N11204431WA0325003449
B1852323834402N11204438WA0324703444
B1852333834399N11204445WA0324503441
B1852343834396N11204451WA0324203438
B1852353834394N11204456WA0324003436
B1852363834391N11204461WA0323703434
B1852373834388N11204466WA0323503431
B1852383834386N11204471WA0323203428
B1852393834383N11204478WA0323003424
B1852403834381N11204485WA0322703419
B1852413834378N11204492WA0322503415
B1852423834375N11204499WA0322103412
B1852433834373N11204505WA0321903409
B1852443834371N11204512WA0321503407
B1852453834369N11204518WA0321303404
B1852463834367N11204525WA0321003401
B1852473834366N11204533WA0320803398
B1852483834364N11204540WA0320403395
B1852493834361N11204547WA0320203391
B1852503834358N11204553WA0319803389
B1852513834355N11204559WA0319603388
B1852513834355N11204559WA0319603388
B1852523834352N11204564WA0319303387
B1852533834350N11204570WA0319103385
B1852543834348N11204576WA0318803381
B1852553834346N11204584WA0318603378
B1852563834345N11204592WA0318403376
B1852573834343N11204599WA0318203374
B1852583834341N11204606WA0317903373
B1852593834340N11204612WA0317703372
B1853003834339N11204619WA0317503372
B1853013834338N11204626WA0317303371
B1853023834338N11204633WA0317103369
B1853033834337N11204641WA0317003367
B1853043834338N11204650WA0316803363
B1853053834338N11204659WA0316603361
B1853063834338N11204668WA0316303358
B1853073834339N11204677WA0316103356
B1853083834338N11204685WA0315903354
B1853093834338N11204693WA0315703352
B1853103834337N11204701WA0315503349
B1853113834335N11204710WA0315303346
B1853123834334N11204718WA0315003342
B1853133834333N11204727WA0314803339
B1853143834331N11204735WA0314503336
B1853153834329N11204744WA0314303333
B1853163834327N11204752WA0314003330
B1853173834324N11204760WA0313803327
B1853183834321N11204768WA0313503325
B1853193834318N11204776WA0313303323
B1853203834315N11204783WA0313003321
B1853213834312N11204790WA0312803320
B1853223834309N11204796WA0312603319
B1853233834306N11204803WA0312403318
B1853243834303N11204809WA0312203315
B1853253834300N11204816WA0312003312
B1853263834297N11204824WA0311803309
B1853273834293N11204831WA0311603306
B1853283834290N11204838WA0311303304
B1853293834288N11204845WA0311103303
B1853303834285N11204851WA0310903302
B1853313834283N11204857WA0310703300
B1853323834280N11204863WA0310503297
B1853333834277N11204869WA0310303294
B1853343834274N11204875WA0310103291
B1853353834270N11204881WA0309903289
B1853363834267N11204887WA0309603288
B1853373834264N11204893WA0309503287
B1853383834261N11204899WA0309303286
B1853393834258N11204904WA0309103284
B1853403834254N11204910WA0308903282
B1853413834250N11204915WA0308703279
B1853423834246N11204920WA0308503277
B1853433834241N11204925WA0308303275
B1853443834237N11204930WA0308103274
B1853453834233N11204935WA0307903274
B1853463834229N11204939WA0307803273
B1853473834225N11204944WA0307703271
B1853483834221N11204949WA0307503269
B1853493834216N11204954WA0307403265
B1853503834211N11204961WA0307103261
B1853513834207N11204968WA0306903260
B1853523834203N11204973WA0306703260
B1853533834199N11204978WA0306603261
B1853543834196N11204983WA0306403262
B1853543834196N11204983WA0306403262
B1853553834192N11204987WA0306403261
B1853563834189N11204992WA0306303260
B1853573834184N11204996WA0306203257
B1853583834179N11205001WA0306003255
B1853593834174N11205006WA0305903253
B1854003834169N11205010WA0305803252
B1854013834163N11205015WA0305603251
B1854023834158N11205018WA0305503251
B1854033834153N11205022WA0305403251
B1854043834148N11205026WA0305303250
B1854053834143N11205030WA0305203248
B1854063834137N11205035WA0305103247
B1854073834132N11205038WA0305003246
B1854083834126N11205041WA0304903245
B1854093834119N11205044WA0304803244
B1854103834113N11205047WA0304703243
B1854113834107N11205050WA0304603242
B1854123834101N11205054WA0304403240
B1854133834094N11205057WA0304403240
B1854143834088N11205061WA0304203239
B1854153834081N11205063WA0304203240
B1854163834075N11205065WA0304103242
B1854173834069N11205065WA0304103245
B1854183834064N11205064WA0304103249
B1854193834060N11205063WA0304203252
B1854203834056N11205062WA0304303254
B1854213834051N11205062WA0304403255
B1854223834045N11205062WA0304503256
B1854233834038N11205063WA0304603256
B1854243834032N11205064WA0304703257
B1854253834026N11205063WA0304703260
B1854263834021N11205062WA0304903263
B1854273834017N11205061WA0305003266
B1854283834013N11205059WA0305203270
B1854293834009N11205059WA0305303272
B1854303834006N11205059WA0305603274
B1854313834002N11205059WA0305703275
B1854323833999N11205059WA0305903276
B1854333833995N11205059WA0306003277
B1854343833991N11205060WA0306203277
B1854353833987N11205062WA0306303277
B1854363833983N11205063WA0306403279
B1854373833980N11205064WA0306603282
B1854383833976N11205065WA0306803285
B1854393833973N11205066WA0306903289
B1854403833970N11205067WA0307103294
B1854413833968N11205069WA0307303297
B1854423833965N11205070WA0307603301
B1854433833963N11205071WA0307803304
B1854443833960N11205072WA0308103307
B1854453833957N11205074WA0308303309
B1854463833956N11205077WA0308603312
B1854473833956N11205080WA0308803315
B1854483833957N11205085WA0309103317
B1854493833958N11205090WA0309303320
B1854503833958N11205094WA0309603324
B1854513833959N11205098WA0309903329
B1854523833960N11205102WA0310203334
B1854533833962N11205105WA0310503338
B1854543833965N11205107WA0310903342
B1854553833969N11205110WA0311103345
B1854563833974N11205113WA0311503349
B1854563833974N11205113WA0311503349
B1854573833979N11205115WA0311803352
B1854583833984N11205116WA0312203356
B1854593833990N11205117WA0312403361
B1855003833995N11205117WA0312903365
B1855013834001N11205117WA0313203368
B1855023834008N11205117WA0313603370
B1855033834015N11205115WA0313803373
B1855043834022N11205110WA0314203378
B1855053834028N11205103WA0314503382
B1855063834032N11205094WA0314903387
B1855073834034N11205083WA0315203391
B1855083834035N11205073WA0315603395
B1855093834034N11205063WA0315903399
B1855103834032N11205055WA0316303403
B1855113834029N11205049WA0316603408
B1855123834025N11205046WA0317103412
B1855133834022N11205044WA0317303415
B1855143834018N11205043WA0317803418
B1855153834015N11205043WA0318003422
B1855163834013N11205044WA0318503427
B1855173834013N11205047WA0318803431
B1855183834014N11205049WA0319003434
B1855193834017N11205052WA0319503437
B1855203834020N11205055WA0319903439
B1855213834024N11205058WA0320103441
B1855223834030N11205060WA0320503444
B1855233834036N11205060WA0320703446
B1855243834044N11205059WA0321003449
B1855253834051N11205057WA0321303452
B1855263834059N11205053WA0321703456
B1855273834066N11205047WA0322003460
B1855283834071N11205039WA0322303464
B1855293834075N11205029WA0322603467
B1855303834076N11205017WA0322903470
B1855313834075N11205006WA0323203474
B1855323834072N11204997WA0323603478
B1855333834068N11204991WA0323903484
B1855343834064N11204989WA0324303489
B1855353834062N11204989WA0324603493
B1855363834061N11204992WA0324903496
B1855373834062N11204997WA0325303498
B1855383834064N11205001WA0325703501
B1855393834068N11205004WA0326003505
B1855403834072N11205006WA0326203508
B1855413834079N11205007WA0326603512
B1855423834086N11205006WA0326903514
B1855433834095N11205003WA0327303516
B1855443834104N11204996WA0327503519
B1855453834111N11204987WA0327903523
B1855463834116N11204976WA0328103528
B1855473834117N11204966WA0328503533
B1855483834116N11204957WA0328803539
B1855493834112N11204950WA0329303542
B1855503834107N11204946WA0329603545
B1855513834104N11204947WA0330003550
B1855523834103N11204950WA0330403554
B1855533834105N11204954WA0330703557
B1855543834110N11204958WA0331003560
B1855553834117N11204960WA0331403562
B1855563834125N11204960WA0331703565
B1855573834134N11204957WA0332103569
B1855583834143N11204952WA0332403573
B1855593834150N11204944WA0332803578
B1855593834150N11204944WA0332803578
B1856003834155N11204935WA0333003584
B1856013834158N11204926WA0333503589
B1856023834158N11204917WA0333803593
B1856033834156N11204909WA0334303596
B1856043834154N11204901WA0334603599
B1856053834150N11204895WA0335003602
B1856063834147N11204890WA0335303607
B1856073834144N11204887WA0335703611
B1856083834141N11204887WA0336003615
B1856093834141N11204888WA0336503620
B1856103834141N11204891WA0336803623
B1856113834144N11204895WA0337203625
B1856123834147N11204900WA0337503628
B1856133834153N11204903WA0337903632
B1856143834160N11204905WA0338203636
B1856153834168N11204904WA0338603639
B1856163834176N11204900WA0338903642
B1856173834184N11204893WA0339303646
B1856183834190N11204883WA0339503649
B1856193834193N11204873WA0339903653
B1856203834193N11204862WA0340203657
B1856213834190N11204854WA0340603660
B1856223834186N11204849WA0340903664
B1856233834182N11204847WA0341303667
B1856243834179N11204847WA0341603671
B1856253834176N11204848WA0342003676
B1856263834175N11204850WA0342303680
B1856273834176N11204853WA0342703684
B1856283834179N11204857WA0343003688
B1856293834184N11204860WA0343403690
B1856303834192N11204861WA0343703693
B1856313834200N11204859WA0344103695
B1856323834208N11204854WA0344303698
B1856333834216N11204847WA0344703703
B1856343834221N11204838WA0345003707
B1856353834224N11204828WA0345403711
B1856363834224N11204818WA0345603716
B1856373834222N11204810WA0346103720
B1856383834220N11204804WA0346303723
B1856393834218N11204799WA0346803726
B1856403834215N11204795WA0347003729
B1856413834212N11204792WA0347403733
B1856423834209N11204791WA0347703736
B1856433834206N11204791WA0348103739
B1856443834205N11204793WA0348403743
B1856453834205N11204796WA0348803745
B1856463834207N11204800WA0349003749
B1856473834210N11204804WA0349403752
B1856483834216N11204807WA0349703756
B1856493834224N11204808WA0350103759
B1856503834232N11204806WA0350303763
B1856513834240N11204801WA0350703767
B1856523834247N11204794WA0351003771
B1856533834252N11204785WA0351403775
B1856543834255N11204776WA0351703780
B1856553834256N11204768WA0352103784
B1856563834255N11204760WA0352403787
B1856573834252N11204753WA0352803788
B1856583834248N11204749WA0353103791
B1856593834244N11204748WA0353503796
B1857003834241N11204748WA0353703801
B1857013834240N11204750WA0354203805
B1857023834240N11204754WA0354403810
B1857023834240N11204754WA0354403810
B1857033834243N11204757WA0354903813
B1857043834249N11204761WA0355103815
B1857053834257N11204762WA0355603817
B1857063834266N11204761WA0355803819
B1857073834274N11204757WA0356203822
B1857083834281N11204750WA0356403826
B1857093834287N11204742WA0356803830
B1857103834290N11204734WA0357003834
B1857113834291N11204726WA0357503838
B1857123834290N11204719WA0357703841
B1857133834289N11204712WA0358103844
B1857143834287N11204705WA0358403847
B1857153834285N11204699WA0358803850
B1857163834281N11204693WA0359003853
B1857173834278N11204689WA0359403856
B1857183834274N11204687WA0359603860
B1857193834272N11204687WA0360003864
B1857203834270N11204688WA0360303869
B1857213834270N11204691WA0360703872
B1857223834273N11204696WA0360903875
B1857233834278N11204702WA0361303879
B1857243834286N11204704WA0361603882
B1857253834295N11204703WA0362003886
B1857263834304N11204699WA0362203889
B1857273834312N11204691WA0362603891
B1857283834318N11204682WA0362903895
B1857293834322N11204671WA0363303900
B1857303834323N11204660WA0363503903
B1857313834322N11204651WA0363903908
B1857323834321N11204642WA0364203913
B1857333834319N11204635WA0364603918
B1857343834318N11204628WA0365003922
B1857353834315N11204622WA0365403925
B1857363834311N11204619WA0365703928
B1857373834307N11204618WA0366103930
B1857383834304N11204619WA0366403934
B1857393834302N11204623WA0366803938
B1857403834302N11204627WA0367103942
B1857413834304N11204632WA0367503947
B1857423834309N11204636WA0367803952
B1857433834315N11204638WA0368303957
B1857443834323N11204639WA0368603960
B1857453834332N11204637WA0369103963
B1857463834342N11204633WA0369303965
B1857473834351N11204626WA0369803969
B1857483834357N11204616WA0370003973
B1857493834360N11204605WA0370503978
B1857503834361N11204594WA0370803981
B1857513834359N11204584WA0371203984
B1857523834356N11204576WA0371503987
B1857533834352N11204571WA0371903991
B1857543834348N11204568WA0372203995
B1857553834345N11204569WA0372603999
B1857563834343N11204572WA0372904003
B1857573834343N11204576WA0373304006
B1857583834346N11204580WA0373604010
B1857593834352N11204584WA0374004014
B1858003834360N11204586WA0374304016
B1858013834369N11204585WA0374704019
B1858023834378N11204582WA0374904022
B1858033834386N11204575WA0375304027
B1858043834393N11204566WA0375604031
B1858053834398N11204556WA0376004035
B1858053834398N11204556WA0376004035
B1858063834401N11204545WA0376304039
B1858073834403N11204534WA0376704043
B1858083834402N11204524WA0377004047
B1858093834399N11204515WA0377404049
B1858103834396N11204510WA0377704051
B1858113834392N11204506WA0378104054
B1858123834388N11204505WA0378304057
B1858133834385N11204505WA0378704059
B1858143834382N11204506WA0379004062
B1858153834379N11204508WA0379304065
B1858163834378N11204511WA0379604069
B1858173834379N11204515WA0379904071
B1858183834382N11204521WA0380204074
B1858193834387N11204526WA0380504076
B1858203834394N11204530WA0380704079
B1858213834403N11204532WA0381104082
B1858223834411N11204532WA0381304085
B1858233834420N11204530WA0381604090
B1858243834428N11204524WA0381904093
B1858253834435N11204515WA0382204096
B1858263834440N11204504WA0382504099
B1858273834444N11204493WA0382904102
B1858283834445N11204482WA0383104106
B1858293834443N11204472WA0383504110
B1858303834440N11204464WA0383704113
B1858313834436N11204458WA0384104116
B1858323834431N11204454WA0384404119
B1858333834427N11204453WA0384704122
B1858343834424N11204455WA0385004126
B1858353834423N11204458WA0385304129
B1858363834425N11204462WA0385604131
B1858373834429N11204467WA0385904133
B1858383834435N11204472WA0386204135
B1858393834442N11204475WA0386504138
B1858403834450N11204475WA0386704142
B1858413834458N11204474WA0387004146
B1858423834467N11204469WA0387304149
B1858433834474N11204462WA0387604152
B1858443834480N11204452WA0387904155
B1858453834483N11204440WA0388204158
B1858463834483N11204429WA0388404160
B1858473834481N11204419WA0388804163
B1858483834477N11204413WA0389004166
B1858493834473N11204410WA0389304170
B1858503834469N11204408WA0389604173
B1858513834466N11204409WA0389904177
B1858523834464N11204412WA0390204180
B1858533834464N11204417WA0390504183
B1858543834466N11204421WA0390804187
B1858553834471N11204425WA0391204191
B1858563834477N11204428WA0391404194
B1858573834485N11204428WA0391804198
B1858583834493N11204425WA0392004201
B1858593834501N11204420WA0392404204
B1859003834508N11204411WA0392704207
B1859013834513N11204400WA0393104210
B1859023834515N11204389WA0393304214
B1859033834515N11204378WA0393704217
B1859043834513N11204370WA0394004220
B1859053834509N11204363WA0394304224
B1859063834506N11204359WA0394604228
B1859073834502N11204357WA0395004231
B1859083834499N11204358WA0395204234
B1859093834497N11204361WA0395604237
B1859093834497N11204361WA0395604237
B1859103834497N11204365WA0395904241
B1859113834499N11204370WA0396304244
B1859123834503N11204374WA0396504248
B1859133834509N11204376WA0396904252
B1859143834517N11204376WA0397204255
B1859153834525N11204374WA0397604259
B1859163834533N11204369WA0397904262
B1859173834541N11204362WA0398304266
B1859183834547N11204353WA0398504271
B1859193834550N11204342WA0398904274
B1859203834552N11204332WA0399204277
B1859213834551N11204321WA0399604280
B1859223834549N11204312WA0399904283
B1859233834546N11204305WA0400304286
B1859243834542N11204300WA0400504290
B1859253834539N11204297WA0400904293
B1859263834535N11204295WA0401104295
B1859273834531N11204295WA0401504298
B1859283834527N11204295WA0401704301
B1859293834523N11204296WA0402104304
B1859303834520N11204297WA0402304308
B1859313834516N11204297WA0402704312
B1859323834512N11204297WA0402904315
B1859333834508N11204298WA0403304318
B1859343834505N11204299WA0403504321
B1859353834501N11204300WA0403904323
B1859363834497N11204301WA0404104326
B1859373834493N11204302WA0404504329
B1859383834490N11204303WA0404704334
B1859393834487N11204303WA0405104339
B1859403834485N11204302WA0405404344
B1859413834483N11204301WA0405804349
B1859423834481N11204300WA0406104354
B1859433834479N11204298WA0406504358
B1859443834477N11204297WA0406804361
B1859453834474N11204297WA0407304364
B1859463834472N11204296WA0407604366
B1859473834468N11204296WA0408004369
B1859483834465N11204297WA0408204371
B1859493834462N11204299WA0408604374
B1859503834459N11204300WA0408804377
B1859513834456N11204301WA0409204382
B1859523834454N11204303WA0409504385
B1859533834451N11204304WA0409904388
B1859543834448N11204306WA0410104389
B1859553834445N11204309WA0410504390
B1859563834443N11204312WA0410704391
B1859573834440N11204315WA0411004393
B1859583834438N11204318WA0411104394
B1859593834436N11204321WA0411404396
B1900003834433N11204324WA0411604398
B1900013834430N11204327WA0411804399
B1900023834427N11204330WA0412004399
B1900033834423N11204334WA0412104398
B1900043834419N11204338WA0412304397
B1900053834415N11204342WA0412404396
B1900063834410N11204346WA0412404396
B1900073834405N11204351WA0412504397
B1900083834401N11204354WA0412604398
B1900093834397N11204358WA0412704400
B1900103834393N11204362WA0412704401
B1900113834389N11204366WA0412804403
B1900113834389N11204366WA0412804403
B1900123834385N11204371WA0412904403
B1900133834380N11204375WA0413004404
B1900143834376N11204379WA0413104405
B1900153834371N11204383WA0413204407
B1900163834367N11204386WA0413304409
B1900173834363N11204389WA0413404411
B1900183834359N11204392WA0413504411
B1900193834355N11204396WA0413604410
B1900203834350N11204399WA0413704409
B1900213834345N11204403WA0413804407
B1900223834339N11204407WA0413804406
B1900233834332N11204410WA0413804406
B1900243834326N11204412WA0413804406
B1900253834319N11204413WA0413804408
B1900263834313N11204415WA0413804410
B1900273834308N11204417WA0413904412
B1900283834303N11204419WA0413904414
B1900293834298N11204421WA0414104416
B1900303834293N11204423WA0414104416
B1900313834287N11204424WA0414204416
B1900323834281N11204425WA0414304417
B1900333834275N11204426WA0414404418
B1900343834270N11204427WA0414404421
B1900353834266N11204427WA0414604423
B1900363834263N11204428WA0414704425
B1900373834259N11204430WA0414804424
B1900383834255N11204431WA0414904422
B1900393834250N11204432WA0415004420
B1900403834246N11204432WA0415004417
B1900413834241N11204433WA0414904415
B1900423834237N11204433WA0414904415
B1900433834234N11204433WA0414904414
B1900443834229N11204434WA0414904411
B1900453834224N11204434WA0414804407
B1900463834218N11204434WA0414704402
B1900473834211N11204435WA0414504397
B1900483834204N11204436WA0414304393
B1900493834199N11204436WA0414004393
B1900503834195N11204436WA0413904395
B1900513834192N11204435WA0413704396
B1900523834189N11204434WA0413704395
B1900533834185N11204434WA0413604392
B1900543834179N11204435WA0413404386
B1900553834173N11204438WA0413204379
B1900563834167N11204442WA0413004373
B1900573834160N11204446WA0412604370
B1900583834155N11204450WA0412404369
B1900593834150N11204452WA0412104369
B1901003834146N11204454WA0411904369
B1901013834141N11204456WA0411704368
B1901023834137N11204458WA0411504366
B1901033834132N11204461WA0411304362
B1901043834126N11204464WA0411104357
B1901053834120N11204467WA0410804353
B1901063834114N11204470WA0410604351
B1901073834109N11204472WA0410304349
B1901083834104N11204475WA0410104349
B1901093834099N11204476WA0409904349
B1901103834095N11204478WA0409804348
B1901113834091N11204481WA0409504346
B1901123834086N11204483WA0409404343
B1901133834081N11204486WA0409204339
B1901143834076N11204490WA0409004336
B1901143834076N11204490WA0409004336
B1901153834072N11204493WA0408704333
B1901163834067N11204497WA0408504331
B1901173834063N11204500WA0408304330
B1901183834058N11204502WA0408104329
B1901193834055N11204505WA0407904328
B1901203834050N11204508WA0407804326
B1901213834046N11204510WA0407604324
B1901223834042N11204513WA0407404322
B1901233834037N11204516WA0407204320
B1901243834033N11204519WA0407004318
B1901253834029N11204523WA0406804315
B1901263834024N11204527WA0406604311
B1901273834019N11204532WA0406404306
B1901283834013N11204536WA0406104301
B1901293834007N11204541WA0405804298
B1901303834001N11204545WA0405604295
B1901313833996N11204550WA0405204293
B1901323833991N11204554WA0405004290
B1901333833986N11204559WA0404704288
B1901343833981N11204564WA0404504286
B1901353833976N11204570WA0404204283
B1901363833971N11204575WA0404004281
B1901373833967N11204581WA0403704279
B1901383833962N11204586WA0403504277
B1901393833957N11204591WA0403204275
B1901403833952N11204595WA0403004274
B1901413833947N11204600WA0402804272
B1901423833942N11204604WA0402604269
B1901433833938N11204609WA0402404267
B1901443833933N11204615WA0402204264
B1901453833928N11204620WA0401904261
B1901463833923N11204626WA0401704258
B1901473833918N11204631WA0401404255
B1901483833913N11204636WA0401204253
B1901493833909N11204641WA0401004251
B1901503833904N11204646WA0400804250
B1901513833899N11204651WA0400504248
B1901523833894N11204656WA0400404246
B1901533833889N11204660WA0400104244
B1901543833884N11204665WA0400004242
B1901553833879N11204670WA0399704241
B1901563833875N11204674WA0399604241
B1901573833871N11204679WA0399404241
B1901583833867N11204683WA0399304241
B1901593833864N11204687WA0399104240
B1902003833860N11204691WA0399004238
B1902013833856N11204696WA0398904236
B1902023833852N11204700WA0398804233
B1902033833847N11204705WA0398604230
B1902043833842N11204710WA0398404227
B1902053833836N11204714WA0398204224
B1902063833831N11204718WA0398004222
B1902073833826N11204723WA0397804220
B1902083833821N11204728WA0397704218
B1902093833817N11204733WA0397404217
B1902103833812N11204737WA0397304215
B1902113833806N11204741WA0397104213
B1902123833801N11204746WA0396904211
B1902133833797N11204750WA0396704208
B1902143833792N11204755WA0396504206
B1902153833787N11204760WA0396304203
B1902163833782N11204766WA0396104201
B1902173833777N11204770WA0395904197
B1902183833772N11204775WA0395704194
B1902183833772N11204775WA0395704194
B1902193833767N11204780WA0395404191
B1902203833762N11204785WA0395204188
B1902213833756N11204790WA0394904185
B1902223833751N11204795WA0394704183
B1902233833746N11204800WA0394404180
B1902243833741N11204805WA0394204178
B1902253833735N11204810WA0393904175
B1902263833730N11204815WA0393704172
B1902273833724N11204820WA0393404170
B1902283833718N11204825WA0393204168
B1902293833713N11204830WA0393004166
B1902303833708N11204835WA0392804165
B1902313833702N11204839WA0392504164
B1902323833698N11204843WA0392404163
B1902333833693N11204847WA0392104161
B1902343833689N11204852WA0392004159
B1902353833684N11204857WA0391804155
B1902363833680N11204862WA0391604150
B1902373833674N11204868WA0391304146
B1902383833669N11204873WA0391104143
B1902393833664N11204878WA0390804140
B1902403833658N11204883WA0390604138
B1902413833653N11204887WA0390304137
B1902423833648N11204890WA0390104135
B1902433833643N11204894WA0389804132
B1902443833638N11204899WA0389604129
B1902453833634N11204904WA0389304126
B1902463833629N11204909WA0389104123
B1902473833623N11204915WA0388804120
B1902483833618N11204920WA0388604118
B1902493833612N11204925WA0388304117
B1902503833607N11204930WA0388204116
B1902513833602N11204934WA0387904116
B1902523833597N11204938WA0387804116
B1902533833593N11204942WA0387604114
B1902543833589N11204947WA0387404113
B1902553833584N11204952WA0387204111
B1902563833579N11204955WA0387104109
B1902573833574N11204959WA0386904109
B1902583833570N11204963WA0386804110
B1902593833567N11204967WA0386704112
B1903003833565N11204970WA0386604113
B1903013833562N11204972WA0386504113
B1903023833558N11204975WA0386504111
B1903033833554N11204978WA0386404108
B1903043833549N11204981WA0386304105
B1903053833544N11204983WA0386104104
B1903063833540N11204985WA0386004105
B1903073833536N11204987WA0385904105
B1903083833533N11204989WA0385904105
B1903093833529N11204991WA0385804104
B1903103833525N11204995WA0385704101
B1903113833521N11204998WA0385504099
B1903123833517N11205002WA0385404097
B1903133833513N11205005WA0385304095
B1903143833509N11205008WA0385204094
B1903153833505N11205010WA0385004094
B1903163833501N11205013WA0384904093
B1903173833497N11205016WA0384804091
B1903183833493N11205019WA0384704090
B1903193833488N11205021WA0384604089
B1903203833484N11205022WA0384504089
B1903213833480N11205022WA0384404090
B1903213833480N11205022WA0384404090
B1903223833476N11205022WA0384304090
B1903233833473N11205023WA0384204089
B1903243833469N11205025WA0384204088
B1903253833465N11205027WA0384104086
B1903263833461N11205028WA0384004085
B1903273833457N11205029WA0383904083
B1903283833452N11205031WA0383804082
B1903293833448N11205034WA0383704079
B1903303833444N11205038WA0383604077
B1903313833439N11205042WA0383404075
B1903323833435N11205046WA0383304074
B1903333833430N11205049WA0383104074
B1903343833426N11205052WA0383004075
B1903353833421N11205055WA0382904075
B1903363833417N11205058WA0382904075
B1903373833413N11205061WA0382804074
B1903383833409N11205064WA0382704072
B1903393833404N11205068WA0382604072
B1903403833399N11205070WA0382604074
B1903413833395N11205071WA0382604077
B1903423833391N11205069WA0382604080
B1903433833387N11205068WA0382604082
B1903443833384N11205066WA0382704084
B1903453833380N11205065WA0382804083
B1903463833375N11205064WA0382804081
B1903473833370N11205064WA0382804080
B1903483833364N11205064WA0382804078
B1903493833358N11205063WA0382804076
B1903503833352N11205063WA0382704075
B1903513833347N11205062WA0382704076
B1903523833342N11205062WA0382704077
B1903533833338N11205063WA0382704078
B1903543833335N11205063WA0382704079
B1903553833331N11205064WA0382704079
B1903563833327N11205064WA0382704078
B1903573833322N11205063WA0382704077
B1903583833316N11205062WA0382704076
B1903593833309N11205060WA0382704076
B1904003833303N11205057WA0382704077
B1904013833297N11205055WA0382704078
B1904023833291N11205053WA0382704080
B1904033833286N11205051WA0382804081
B1904043833281N11205050WA0382804082
B1904053833277N11205050WA0382904083
B1904063833273N11205050WA0382904084
B1904073833269N11205049WA0383004085
B1904083833264N11205048WA0383004085
B1904093833260N11205047WA0383104085
B1904103833256N11205045WA0383104086
B1904113833252N11205043WA0383104085
B1904123833249N11205042WA0383204085
B1904133833245N11205041WA0383204084
B1904143833241N11205040WA0383204083
B1904153833236N11205038WA0383204080
B1904163833230N11205036WA0383204077
B1904173833224N11205035WA0383104073
B1904183833217N11205033WA0383004069
B1904193833210N11205033WA0382804068
B1904203833204N11205033WA0382704067
B1904213833198N11205033WA0382504066
B1904223833193N11205033WA0382404065
B1904233833188N11205032WA0382304064
B1904243833183N11205031WA0382204063
B1904253833178N11205031WA0382004059
B1904253833178N11205031WA0382004059
B1904263833172N11205031WA0381904055
B1904273833165N11205031WA0381704051
B1904283833158N11205031WA0381504049
B1904293833152N11205032WA0381204049
B1904303833146N11205034WA0381104049
B1904313833141N11205036WA0380904050
B1904323833137N11205038WA0380804050
B1904333833133N11205041WA0380704051
B1904343833128N11205043WA0380704050
B1904353833123N11205043WA0380604049
B1904363833117N11205044WA0380504047
B1904373833110N11205043WA0380404045
B1904383833104N11205043WA0380304044
B1904393833097N11205043WA0380104042
B1904403833091N11205042WA0380004042
B1904413833085N11205040WA0379904042
B1904423833079N11205038WA0379804042
B1904433833073N11205036WA0379704042
B1904443833067N11205034WA0379704041
B1904453833060N11205032WA0379604040
B1904463833053N11205030WA0379504040
B1904473833047N11205028WA0379504040
B1904483833040N11205027WA0379404041
B1904493833034N11205025WA0379404043
B1904503833028N11205024WA0379404045
B1904513833022N11205023WA0379404048
B1904523833018N11205021WA0379404051
B1904533833014N11205019WA0379604055
B1904543833011N11205016WA0379704059
B1904553833008N11205014WA0379904062
B1904563833005N11205012WA0380004064
B1904573833002N11205010WA0380204064
B1904583832998N11205008WA0380404065
B1904593832993N11205006WA0380604066
B1905003832989N11205003WA0380704068
B1905013832985N11205001WA0380804069
B1905023832981N11204999WA0381004071
B1905033832977N11204996WA0381104072
B1905043832972N11204994WA0381204073
B1905053832968N11204992WA0381404074
B1905063832963N11204989WA0381504074
B1905073832958N11204986WA0381604074
B1905083832953N11204983WA0381704075
B1905093832948N11204979WA0381804076
B1905103832943N11204976WA0381904077
B1905113832937N11204974WA0382004078
B1905123832932N11204973WA0382104079
B1905133832928N11204973WA0382204080
B1905143832924N11204972WA0382204082
B1905153832920N11204972WA0382404082
B1905163832916N11204971WA0382504083
B1905173832912N11204970WA0382604082
B1905183832907N11204969WA0382704080
B1905193832902N11204968WA0382704078
B1905203832896N11204967WA0382704076
B1905213832890N11204966WA0382704075
B1905223832885N11204966WA0382604076
B1905233832881N11204965WA0382604077
B1905243832877N11204964WA0382604077
B1905253832873N11204963WA0382604076
B1905263832869N11204962WA0382604073
B1905273832863N11204961WA0382604070
B1905283832857N11204961WA0382504067
B1905293832851N11204961WA0382304063
B1905293832851N11204961WA0382304063
B1905303832845N11204961WA0382204061
B1905313832840N11204961WA0382004059
B1905323832834N11204962WA0381904057
B1905333832829N11204962WA0381704056
B1905343832824N11204962WA0381604054
B1905353832819N11204961WA0381404051
B1905363832813N11204960WA0381304048
B1905373832807N11204959WA0381104046
B1905383832800N11204960WA0380904044
B1905393832794N11204960WA0380704043
B1905403832787N11204961WA0380604044
B1905413832780N11204960WA0380404044
B1905423832774N11204959WA0380304045
B1905433832768N11204958WA0380204045
B1905443832762N11204958WA0380204045
B1905453832755N11204958WA0380104044
B1905463832749N11204958WA0380004043
B1905473832742N11204958WA0379904042
B1905483832735N11204958WA0379904042
B1905493832729N11204958WA0379804041
B1905503832722N11204958WA0379704040
B1905513832715N11204958WA0379604037
B1905523832708N11204958WA0379504035
B1905533832702N11204958WA0379404033
B1905543832696N11204958WA0379304032
B1905553832690N11204958WA0379104031
B1905563832684N11204957WA0379004030
B1905573832678N11204957WA0378904028
B1905583832672N11204957WA0378804026
B1905593832666N11204957WA0378604023
B1906003832661N11204957WA0378504020
B1906013832655N11204956WA0378304018
B1906023832649N11204955WA0378104015
B1906033832644N11204953WA0377904013
B1906043832638N11204952WA0377804009
B1906053832631N11204950WA0377504005
B1906063832624N11204949WA0377304001
B1906073832617N11204948WA0377003998
B1906083832610N11204946WA0376803996
B1906093832604N11204945WA0376503994
B1906103832597N11204943WA0376303991
B1906113832591N11204942WA0376003989
B1906123832584N11204941WA0375803986
B1906133832576N11204939WA0375503982
B1906143832569N11204937WA0375303980
B1906153832563N11204934WA0375003979
B1906163832556N11204931WA0374803978
B1906173832551N11204929WA0374603977
B1906183832545N11204926WA0374403976
B1906193832539N11204925WA0374203975
B1906203832533N11204925WA0374103972
B1906213832527N11204926WA0373803971
B1906223832521N11204927WA0373703970
B1906233832515N11204929WA0373503969
B1906243832508N11204931WA0373403968
B1906253832502N11204933WA0373203968
B1906263832496N11204935WA0373103969
B1906273832490N11204937WA0373003970
B1906283832484N11204939WA0372903971
B1906293832480N11204941WA0372803973
B1906303832476N11204941WA0372803976
B1906313832473N11204941WA0372803979
B1906323832469N11204941WA0372903982
B1906323832469N11204941WA0372903982
B1906333832466N11204941WA0373003984
B1906343832463N11204940WA0373103986
B1906353832460N11204941WA0373203987
B1906363832456N11204941WA0373303989
B1906373832452N11204943WA0373503991
B1906383832449N11204944WA0373603994
B1906393832446N11204946WA0373703996
B1906403832445N11204949WA0373803999
B1906413832445N11204952WA0374104001
B1906423832446N11204956WA0374204002
B1906433832449N11204960WA0374404003
B1906443832454N11204963WA0374604004
B1906453832460N11204965WA0374704005
B1906463832467N11204966WA0374904006
B1906473832474N11204964WA0375004007
B1906483832481N11204959WA0375104008
B1906493832488N11204953WA0375304009
B1906503832494N11204945WA0375404010
B1906513832498N11204935WA0375604012
B1906523832501N11204926WA0375704013
B1906533832502N11204916WA0375804014
B1906543832503N11204907WA0375904015
B1906553832501N11204898WA0376104015
B1906563832498N11204890WA0376204016
B1906573832493N11204883WA0376304016
B1906583832488N11204879WA0376304017
B1906593832482N11204875WA0376404020
B1907003832477N11204872WA0376504023
B1907013832472N11204870WA0376704026
B1907023832468N11204868WA0376804029
B1907033832464N11204865WA0377004030
B1907043832460N11204864WA0377104031
B1907053832455N11204862WA0377304031
B1907063832450N11204861WA0377404031
B1907073832445N11204861WA0377504031
B1907083832440N11204860WA0377604031
B1907093832435N11204859WA0377704032
B1907103832430N11204858WA0377704033
B1907113832425N11204857WA0377804034
B1907123832420N11204857WA0377904034
B1907133832415N11204857WA0378004033
B1907143832410N11204858WA0378004032
B1907153832404N11204858WA0378004031
B1907163832398N11204859WA0378004029
B1907173832392N11204859WA0378004028
B1907183832386N11204860WA0378004026
B1907193832379N11204861WA0378004023
B1907203832372N11204863WA0377904021
B1907213832365N11204865WA0377804019
B1907223832358N11204867WA0377704019
B1907233832352N11204869WA0377604019
B1907243832346N11204872WA0377504018
B1907253832340N11204874WA0377404017
B1907263832334N11204877WA0377404016
B1907273832327N11204880WA0377304014
B1907283832320N11204883WA0377204012
B1907293832313N11204886WA0377004010
B1907303832307N11204889WA0376904009
B1907313832301N11204893WA0376804008
B1907323832295N11204898WA0376704008
B1907333832290N11204902WA0376604008
B1907343832284N11204906WA0376504007
B1907353832279N11204911WA0376404007
B1907353832279N11204911WA0376404007
B1907363832273N11204915WA0376404005
B1907373832267N11204919WA0376304004
B1907383832261N11204924WA0376204004
B1907393832255N11204928WA0376104005
B1907403832250N11204932WA0376104008
B1907413832246N11204936WA0376104011
B1907423832242N11204940WA0376104012
B1907433832238N11204943WA0376204012
B1907443832234N11204946WA0376204011
B1907453832230N11204949WA0376204010
B1907463832227N11204952WA0376204012
B1907473832224N11204954WA0376204012
B1907483832220N11204956WA0376304013
B1907493832217N11204957WA0376304013
B1907503832214N11204958WA0376304014
B1907513832210N11204959WA0376404014
B1907523832206N11204960WA0376404013
B1907533832202N11204963WA0376404011
B1907543832198N11204966WA0376404010
B1907553832195N11204969WA0376404009
B1907563832191N11204973WA0376404010
B1907573832188N11204976WA0376404012
B1907583832185N11204979WA0376404014
B1907593832182N11204982WA0376504017
B1908003832179N11204985WA0376604019
B1908013832176N11204988WA0376704021
B1908023832173N11204992WA0376804023
B1908033832170N11204996WA0376904024
B1908043832167N11205000WA0377004025
B1908053832164N11205004WA0377104026
B1908063832160N11205007WA0377204026
B1908073832156N11205010WA0377304026
B1908083832152N11205013WA0377304027
B1908093832149N11205016WA0377404027
B1908103832146N11205019WA0377504027
B1908113832141N11205022WA0377604026
B1908123832137N11205025WA0377604026
B1908133832132N11205029WA0377704025
B1908143832127N11205032WA0377704027
B1908153832122N11205034WA0377704030
B1908163832118N11205036WA0377804033
B1908173832114N11205037WA0377904037
B1908183832110N11205038WA0378104041
B1908193832106N11205040WA0378304046
B1908203832102N11205041WA0378504052
B1908213832098N11205043WA0378804057
B1908223832094N11205044WA0379004062
B1908233832091N11205045WA0379404067
B1908243832087N11205046WA0379704072
B1908253832084N11205047WA0380104076
B1908263832081N11205049WA0380404079
B1908273832077N11205052WA0380804081
B1908283832073N11205056WA0381004082
B1908293832069N11205060WA0381404082
B1908303832064N11205063WA0381504082
B1908313832058N11205065WA0381804083
B1908323832052N11205066WA0382004086
B1908333832047N11205065WA0382304091
B1908343832042N11205063WA0382504098
B1908353832038N11205059WA0382904105
B1908363832034N11205054WA0383104109
B1908373832030N11205047WA0383604112
B1908383832025N11205039WA0383804115
B1908383832025N11205039WA0383804115
B1908393832021N11205030WA0384204119
B1908403832017N11205021WA0384504125
B1908413832014N11205014WA0384904133
B1908423832012N11205009WA0385304140
B1908433832009N11205005WA0385804146
B1908443832005N11205005WA0386204150
B1908453832002N11205007WA0386804153
B1908463832000N11205012WA0387104155
B1908473832002N11205018WA0387604160
B1908483832008N11205021WA0387904165
B1908493832015N11205023WA0388404169
B1908503832023N11205022WA0388704173
B1908513832030N11205018WA0389204177
B1908523832037N11205013WA0389504182
B1908533832042N11205005WA0390004187
B1908543832046N11204996WA0390404193
B1908553832047N11204987WA0390904198
B1908563832045N11204978WA0391204202
B1908573832043N11204970WA0391704205
B1908583832039N11204963WA0392104209
B1908593832036N11204957WA0392504215
B1909003832033N11204952WA0392904223
B1909013832031N11204949WA0393504229
B1909023832028N11204946WA0393804233
B1909033832025N11204945WA0394404236
B1909043832022N11204946WA0394704238
B1909053832019N11204949WA0395204240
B1909063832019N11204953WA0395504243
B1909073832022N11204958WA0396004249
B1909083832027N11204960WA0396304254
B1909093832035N11204959WA0396804257
B1909103832044N11204954WA0397104259
B1909113832051N11204945WA0397504262
B1909123832055N11204936WA0397804268
B1909133832057N11204928WA0398304276
B1909143832058N11204920WA0398604282
B1909153832059N11204911WA0399204287
B1909163832060N11204901WA0399504291
B1909173832060N11204891WA0400004293
B1909183832058N11204881WA0400404297
B1909193832054N11204874WA0400904302
B1909203832049N11204870WA0401204306
B1909213832045N11204868WA0401704311
B1909223832043N11204870WA0402004315
B1909233832042N11204873WA0402504319
B1909243832044N11204877WA0402804322
B1909253832049N11204880WA0403304325
B1909263832056N11204882WA0403604327
B1909273832063N11204881WA0404004331
B1909283832070N11204875WA0404304334
B1909293832076N11204865WA0404804338
B1909303832079N11204853WA0405004341
B1909313832079N11204842WA0405504345
B1909323832077N11204832WA0405804350
B1909333832074N11204824WA0406204354
B1909343832070N11204818WA0406504360
B1909353832065N11204816WA0407004363
B1909363832061N11204816WA0407304367
B1909373832058N11204819WA0407704370
B1909383832058N11204823WA0408004374
B1909393832061N11204827WA0408504379
B1909403832066N11204829WA0408804384
B1909413832074N11204828WA0409304388
B1909423832082N11204824WA0409604391
B1909433832089N11204818WA0410004395
B1909433832089N11204818WA0410004395
B1909443832094N11204809WA0410404400
B1909453832098N11204799WA0410804405
B1909463832100N11204789WA0411104409
B1909473832100N11204779WA0411604413
B1909483832099N11204770WA0411904418
B1909493832098N11204761WA0412404423
B1909503832095N11204754WA0412804427
B1909513832091N11204748WA0413304431
B1909523832087N11204743WA0413604434
B1909533832082N11204739WA0414004437
B1909543832079N11204736WA0414304442
B1909553832076N11204735WA0414804446
B1909563832074N11204735WA0415104451
B1909573832073N11204736WA0415604455
B1909583832075N11204739WA0415904457
B1909593832080N11204743WA0416404459
B1910003832087N11204745WA0416704462
B1910013832095N11204743WA0417104466
B1910023832103N11204739WA0417404471
B1910033832110N11204730WA0417804476
B1910043832114N11204720WA0418104479
B1910053832116N11204709WA0418604483
B1910063832116N11204698WA0418904488
B1910073832113N11204690WA0419304492
B1910083832109N11204682WA0419604495
B1910093832104N11204676WA0420004497
B1910103832099N11204670WA0420304501
B1910113832096N11204665WA0420704507
B1910123832093N11204659WA0421004513
B1910133832090N11204655WA0421504518
B1910143832087N11204652WA0421804521
B1910153832083N11204650WA0422204524
B1910163832079N11204649WA0422504526
B1910173832075N11204649WA0422904528
B1910183832071N11204649WA0423204529
B1910193832066N11204648WA0423504531
B1910203832062N11204648WA0423804533
B1910213832058N11204648WA0424104536
B1910223832055N11204649WA0424304538
B1910233832051N11204649WA0424704540
B1910243832046N11204649WA0424904541
B1910253832041N11204649WA0425104540
B1910263832035N11204648WA0425204538
B1910273832028N11204648WA0425404538
B1910283832022N11204648WA0425504539
B1910293832016N11204649WA0425604541
B1910303832010N11204649WA0425704543
B1910313832004N11204648WA0425904545
B1910323831998N11204648WA0426004545
B1910333831992N11204647WA0426204545
B1910343831986N11204647WA0426204543
B1910353831980N11204647WA0426304541
B1910363831973N11204647WA0426304539
B1910373831966N11204646WA0426304536
B1910383831959N11204646WA0426304534
B1910393831952N11204647WA0426304531
B1910403831945N11204648WA0426204528
B1910413831938N11204651WA0426104526
B1910423831932N11204654WA0426004524
B1910433831926N11204658WA0425804522
B1910443831920N11204661WA0425704521
B1910453831914N11204663WA0425604519
B1910453831914N11204663WA0425604519
B1910463831908N11204665WA0425504517
B1910473831902N11204667WA0425304513
B1910483831896N11204670WA0425104509
B1910493831889N11204673WA0424904505
B1910503831883N11204676WA0424704502
B1910513831877N11204678WA0424504499
B1910523831870N11204681WA0424304498
B1910533831864N11204683WA0424104497
B1910543831857N11204686WA0423904495
B1910553831851N11204687WA0423704494
B1910563831845N11204689WA0423504493
B1910573831839N11204691WA0423304491
B1910583831833N11204693WA0423204489
B1910593831827N11204695WA0423004487
B1911003831821N11204696WA0422804484
B1911013831814N11204698WA0422604481
B1911023831808N11204699WA0422404479
B1911033831802N11204701WA0422204477
B1911043831796N11204702WA0422004474
B1911053831790N11204704WA0421704470
B1911063831784N11204707WA0421604467
B1911073831778N11204709WA0421304464
B1911083831771N11204710WA0421104462
B1911093831765N11204712WA0420804460
B1911103831759N11204713WA0420604459
B1911113831753N11204715WA0420404457
B1911123831746N11204718WA0420204455
B1911133831740N11204720WA0419904453
B1911143831734N11204723WA0419804450
B1911153831728N11204726WA0419504448
B1911163831721N11204727WA0419304445
B1911173831714N11204727WA0419104442
B1911183831706N11204726WA0418904439
B1911193831699N11204724WA0418604436
B1911203831691N11204724WA0418404432
B1911213831684N11204725WA0418104427
B1911223831677N11204727WA0417904423
B1911233831670N11204729WA0417504419
B1911243831663N11204732WA0417304416
B1911253831656N11204733WA0416904414
B1911263831649N11204734WA0416704411
B1911273831642N11204735WA0416304408
B1911283831635N11204736WA0416104405
B1911293831628N11204738WA0415704402
B1911303831621N11204740WA0415504399
B1911313831614N11204742WA0415204397
B1911323831607N11204744WA0415004395
B1911333831600N11204745WA0414704392
B1911343831593N11204745WA0414404389
B1911353831585N11204746WA0414104385
B1911363831577N11204747WA0413904381
B1911373831570N11204750WA0413504377
B1911383831563N11204753WA0413304373
B1911393831556N11204755WA0412904370
B1911403831550N11204758WA0412704368
B1911413831544N11204760WA0412304367
B1911423831539N11204762WA0412104366
B1911433831533N11204764WA0411804364
B1911443831528N11204766WA0411604361
B1911453831522N11204768WA0411304358
B1911463831516N11204772WA0411104354
B1911473831509N11204775WA0410804350
B1911483831503N11204778WA0410604348
B1911483831503N11204778WA0410604348
B1911493831497N11204781WA0410304348
B1911503831492N11204782WA0410104349
B1911513831487N11204784WA0409904349
B1911523831482N11204785WA0409704347
B1911533831478N11204788WA0409504344
B1911543831473N11204791WA0409404339
B1911553831467N11204794WA0409104334
B1911563831461N11204798WA0408904330
B1911573831456N11204801WA0408504327
B1911583831450N11204804WA0408304326
B1911593831445N11204806WA0408004326
B1912003831441N11204808WA0407804325
B1912013831436N11204809WA0407604323
B1912023831432N11204810WA0407404319
B1912033831427N11204813WA0407104315
B1912043831421N11204815WA0406904311
B1912053831416N11204818WA0406604308
B1912063831411N11204820WA0406404305
B1912073831406N11204823WA0406104303
B1912083831401N11204825WA0405904301
B1912093831397N11204827WA0405504298
B1912103831392N11204830WA0405304295
B1912113831388N11204833WA0405004291
B1912123831383N11204837WA0404804286
B1912133831378N11204840WA0404404282
B1912143831372N11204844WA0404204278
B1912153831366N11204846WA0403804274
B1912163831361N11204849WA0403604271
B1912173831355N11204851WA0403204269
B1912183831350N11204853WA0403004268
B1912193831345N11204855WA0402604266
B1912203831341N11204857WA0402404265
B1912213831337N11204860WA0402104262
B1912223831332N11204863WA0401904258
B1912233831327N11204867WA0401604253
B1912243831322N11204870WA0401304248
B1912253831316N11204873WA0401004244
B1912263831309N11204876WA0400704242
B1912273831304N11204879WA0400304240
B1912283831298N11204881WA0400104238
B1912293831293N11204884WA0399804235
B1912303831287N11204887WA0399504232
B1912313831282N11204891WA0399204228
B1912323831277N11204894WA0398904224
B1912333831271N11204897WA0398604221
B1912343831266N11204900WA0398304218
B1912353831261N11204903WA0398004214
B1912363831257N11204907WA0397704211
B1912373831252N11204910WA0397304208
B1912383831247N11204914WA0397104204
B1912393831242N11204918WA0396704201
B1912403831237N11204921WA0396504198
B1912413831231N11204924WA0396104196
B1912423831226N11204926WA0395804194
B1912433831221N11204928WA0395504192
B1912443831215N11204931WA0395304190
B1912453831210N11204933WA0395004188
B1912463831205N11204936WA0394804184
B1912473831199N11204939WA0394504180
B1912483831193N11204941WA0394304176
B1912493831186N11204943WA0393904174
B1912503831180N11204945WA0393704172
B1912513831175N11204947WA0393404171
B1912513831175N11204947WA0393404171
B1912523831169N11204949WA0393204169
B1912533831164N11204951WA0392904167
B1912543831158N11204953WA0392704164
B1912553831152N11204956WA0392404161
B1912563831146N11204959WA0392204157
B1912573831141N11204963WA0391904155
B1912583831135N11204966WA0391704153
B1912593831130N11204969WA0391404152
B1913003831125N11204971WA0391204151
B1913013831120N11204973WA0391004149
B1913023831115N11204976WA0390804147
B1913033831110N11204978WA0390504143
B1913043831104N11204981WA0390304139
B1913053831098N11204984WA0390004135
B1913063831092N11204986WA0389804133
B1913073831087N11204989WA0389504131
B1913083831081N11204991WA0389304128
B1913093831075N11204994WA0389004125
B1913103831069N11204997WA0388804121
B1913113831062N11205000WA0388504117
B1913123831056N11205004WA0388304114
B1913133831049N11205008WA0387904111
B1913143831043N11205012WA0387704108
B1913153831037N11205017WA0387404107
B1913163831031N11205021WA0387204105
B1913173831025N11205024WA0386904103
B1913183831019N11205028WA0386704101
B1913193831013N11205031WA0386404099
B1913203831006N11205034WA0386204096
B1913213831000N11205036WA0385904094
B1913223830993N11205038WA0385704091
B1913233830986N11205040WA0385504089
B1913243830979N11205042WA0385304087
B1913253830972N11205044WA0385004085
B1913263830966N11205046WA0384804083
B1913273830959N11205048WA0384504081
B1913283830952N11205050WA0384404078
B1913293830946N11205052WA0384104076
B1913303830940N11205054WA0383904074
B1913313830933N11205057WA0383704071
B1913323830927N11205060WA0383504069
B1913333830921N11205064WA0383204066
B1913343830915N11205067WA0383004063
B1913353830909N11205070WA0382704060
B1913363830903N11205073WA0382604058
B1913373830897N11205076WA0382304056
B1913383830891N11205078WA0382104054
B1913393830885N11205080WA0381804052
B1913403830879N11205081WA0381704048
B1913413830873N11205083WA0381404044
B1913423830867N11205085WA0381204039
B1913433830861N11205088WA0380804035
B1913443830855N11205091WA0380604031
B1913453830849N11205093WA0380204027
B1913463830843N11205095WA0380004025
B1913473830837N11205098WA0379604023
B1913483830831N11205100WA0379404019
B1913493830826N11205103WA0379004015
B1913503830819N11205106WA0378804010
B1913513830813N11205108WA0378404007
B1913523830806N11205111WA0378104005
B1913533830800N11205113WA0377804003
B1913543830794N11205115WA0377604001
B1913543830794N11205115WA0377604001
B1913553830788N11205116WA0377203998
B1913563830782N11205119WA0377003994
B1913573830775N11205122WA0376703988
B1913583830768N11205126WA0376403983
B1913593830761N11205132WA0376003978
B1914003830755N11205137WA0375703975
B1914013830750N11205142WA0375303975
B1914023830745N11205145WA0375103977
B1914033830742N11205148WA0374803980
B1914043830740N11205150WA0374703983
B1914053830738N11205151WA0374603985
B1914063830737N11205152WA0374603985
B1914073830734N11205154WA0374503983
B1914083830732N11205156WA0374403981
B1914093830729N11205159WA0374303979
B1914103830725N11205162WA0374203977
B1914113830721N11205165WA0374003974
B1914123830717N11205168WA0373903971
B1914133830712N11205171WA0373703968
B1914143830707N11205174WA0373603966
B1914153830702N11205177WA0373303963
B1914163830697N11205179WA0373203961
B1914173830693N11205182WA0373003959
B1914183830688N11205185WA0372803957
B1914193830683N11205187WA0372603955
B1914203830678N11205190WA0372403952
B1914213830673N11205193WA0372203949
B1914223830667N11205195WA0372003946
B1914233830661N11205197WA0371803943
B1914243830655N11205199WA0371603938
B1914253830648N11205203WA0371203934
B1914263830642N11205207WA0371003929
B1914273830636N11205212WA0370603925
B1914283830630N11205218WA0370403922
B1914293830624N11205223WA0370003920
B1914303830619N11205228WA0369803919
B1914313830614N11205232WA0369503919
B1914323830609N11205236WA0369303917
B1914333830605N11205240WA0369003915
B1914343830600N11205243WA0368803912
B1914353830596N11205248WA0368503908
B1914363830591N11205253WA0368403904
B1914373830587N11205258WA0368003901
B1914383830583N11205264WA0367803900
B1914393830580N11205270WA0367503897
B1914403830576N11205275WA0367303895
B1914413830572N11205280WA0367003891
B1914423830567N11205285WA0366803887
B1914433830562N11205290WA0366503882
B1914443830557N11205295WA0366203878
B1914453830551N11205300WA0365903874
B1914463830546N11205305WA0365603871
B1914473830541N11205310WA0365203868
B1914483830537N11205315WA0365003864
B1914493830532N11205320WA0364603861
B1914503830527N11205325WA0364403858
B1914513830522N11205330WA0364003855
B1914523830518N11205335WA0363803852
B1914533830513N11205340WA0363403848
B1914543830508N11205344WA0363103844
B1914553830503N11205348WA0362703840
B1914563830498N11205353WA0362503836
B1914573830493N11205358WA0362103831
B1914573830493N11205358WA0362103831
B1914583830488N11205364WA0361803828
B1914593830482N11205370WA0361403825
B1915003830477N11205376WA0361103823
B1915013830472N11205381WA0360803822
B1915023830467N11205386WA0360503822
B1915033830463N11205391WA0360303823
B1915043830460N11205395WA0360103826
B1915053830458N11205399WA0360003827
B1915063830455N11205403WA0359903827
B1915073830453N11205407WA0359803826
B1915083830450N11205413WA0359703823
B1915093830446N11205419WA0359503820
B1915103830442N11205424WA0359403818
B1915113830438N11205429WA0359303819
B1915123830434N11205434WA0359203820
B1915133830431N11205438WA0359103820
B1915143830428N11205443WA0359003820
B1915153830425N11205448WA0358903819
B1915163830422N11205454WA0358903817
B1915173830419N11205460WA0358803816
B1915183830415N11205467WA0358703814
B1915193830411N11205474WA0358603813
B1915203830407N11205480WA0358503813
B1915213830403N11205486WA0358403814
B1915223830400N11205491WA0358303816
B1915233830397N11205495WA0358303818
B1915243830394N11205498WA0358303819
B1915253830391N11205501WA0358303820
B1915263830388N11205505WA0358303820
B1915273830386N11205509WA0358303820
B1915283830384N11205513WA0358303821
B1915293830383N11205517WA0358303822
B1915303830382N11205520WA0358303824
B1915313830381N11205522WA0358403825
B1915323830379N11205524WA0358503824
B1915333830377N11205527WA0358503823
B1915343830375N11205531WA0358503820
B1915353830373N11205535WA0358503819
B1915363830372N11205539WA0358403818
B1915373830370N11205542WA0358403817
B1915383830368N11205546WA0358303816
B1915393830367N11205550WA0358303815
B1915403830365N11205554WA0358203813
B1915413830363N11205558WA0358203811
B1915423830360N11205562WA0358103808
B1915433830355N11205567WA0357903805
B1915443830350N11205572WA0357803801
B1915453830345N11205578WA0357603798
B1915463830341N11205584WA0357403796
B1915473830337N11205589WA0357203796
B1915483830333N11205594WA0357103796
B1915493830330N11205598WA0356903797
B1915503830326N11205602WA0356803797
B1915513830323N11205606WA0356703795
B1915523830319N11205610WA0356603793
B1915533830316N11205615WA0356503789
B1915543830312N11205620WA0356303786
B1915553830307N11205625WA0356103783
B1915563830303N11205630WA0356003780
B1915573830298N11205635WA0355703779
B1915583830294N11205639WA0355603778
B1915593830290N11205643WA0355403777
B1915593830290N11205643WA0355403777
B1916003830286N11205647WA0355303776
B1916013830282N11205651WA0355103773
B1916023830277N11205654WA0355003771
B1916033830272N11205656WA0354803769
B1916043830268N11205660WA0354603767
B1916053830264N11205663WA0354403766
B1916063830260N11205667WA0354303763
B1916073830255N11205671WA0354103760
B1916083830250N11205675WA0353903757
B1916093830244N11205679WA0353703754
B1916103830239N11205682WA0353503750
B1916113830233N11205686WA0353203748
B1916123830228N11205690WA0353003746
B1916133830223N11205694WA0352803744
B1916143830217N11205698WA0352603742
B1916153830212N11205702WA0352303739
B1916163830206N11205706WA0352203736
B1916173830200N11205711WA0351903733
B1916183830194N11205715WA0351703730
B1916193830187N11205719WA0351403728
B1916203830181N11205722WA0351203726
B1916213830175N11205726WA0350903726
B1916223830170N11205729WA0350803726
B1916233830165N11205733WA0350603726
B1916243830161N11205737WA0350503726
B1916253830156N11205741WA0350303725
B1916263830151N11205745WA0350203725
B1916273830146N11205749WA0350103723
B1916283830140N11205752WA0350003722
B1916293830134N11205754WA0349803720
B1916303830127N11205756WA0349703719
B1916313830121N11205759WA0349603719
B1916323830115N11205761WA0349503720
B1916333830110N11205763WA0349403721
B1916343830106N11205765WA0349303721
B1916353830101N11205768WA0349203720
B1916363830097N11205771WA0349203718
B1916373830093N11205775WA0349103715
B1916383830089N11205779WA0349003712
B1916393830084N11205784WA0348803709
B1916403830080N11205788WA0348703706
B1916413830076N11205791WA0348503705
B1916423830072N11205794WA0348403704
B1916433830068N11205796WA0348203701
B1916443830064N11205798WA0348103698
B1916453830060N11205801WA0347803693
B1916463830056N11205805WA0347703688
B1916473830050N11205809WA0347303682
B1916483830045N11205813WA0347103677
B1916493830039N11205816WA0346703672
B1916503830033N11205819WA0346503670
B1916513830027N11205821WA0346103668
B1916523830021N11205822WA0345803666
B1916533830016N11205825WA0345503664
B1916543830012N11205827WA0345303662
B1916553830007N11205829WA0345003661
B1916563830003N11205831WA0344803659
B1916573829999N11205832WA0344503657
B1916583829995N11205834WA0344303653
B1916593829991N11205836WA0344003649
B1917003829988N11205839WA0343803647
B1917013829984N11205842WA0343503645
B1917013829984N11205842WA0343503645
B1917023829980N11205845WA0343303643
B1917033829977N11205847WA0343003640
B1917043829975N11205850WA0342803637
B1917053829972N11205853WA0342503634
B1917063829969N11205856WA0342303629
B1917073829966N11205860WA0342003624
B1917083829963N11205865WA0341703619
B1917093829959N11205869WA0341403619
B1917103829956N11205870WA0341203625
B1917113829955N11205870WA0341003633
B1917123829955N11205868WA0341003639
B1917133829955N11205867WA0341103644
B1917143829955N11205866WA0341203647
B1917153829954N11205867WA0341303650
B1917163829953N11205868WA0341403651
B1917173829950N11205869WA0341603654
B1917183829948N11205869WA0341703656
B1917193829945N11205868WA0341903660
B1917203829943N11205867WA0342103664
B1917213829941N11205867WA0342303668
B1917223829940N11205868WA0342503671
B1917233829941N11205869WA0342803675
B1917243829945N11205871WA0343003677
B1917253829951N11205870WA0343303678
B1917263829958N11205867WA0343503679
B1917273829966N11205860WA0343703681
B1917283829973N11205850WA0343903683
B1917293829977N11205838WA0344203686
B1917303829979N11205827WA0344303688
B1917313829979N11205816WA0344603689
B1917323829977N11205806WA0344803691
B1917333829974N11205799WA0345003693
B1917343829971N11205794WA0345203696
B1917353829968N11205790WA0345403699
B1917363829965N11205788WA0345603701
B1917373829963N11205787WA0345803703
B1917383829961N11205788WA0346003704
B1917393829960N11205789WA0346203704
B1917403829960N11205791WA0346303706
B1917413829961N11205793WA0346503707
B1917423829962N11205795WA0346603709
B1917433829964N11205797WA0346803711
B1917443829966N11205798WA0347003714
B1917453829968N11205800WA0347203716
B1917463829970N11205801WA0347303717
B1917473829974N11205802WA0347503718
B1917483829979N11205804WA0347703719
B1917493829984N11205807WA0347803722
B1917503829989N11205808WA0348003725
B1917513829994N11205809WA0348203731
B1917523829999N11205809WA0348403735
B1917533830004N11205809WA0348703737
B1917543830009N11205809WA0348903738
B1917553830014N11205808WA0349103737
B1917563830020N11205808WA0349303734
B1917573830025N11205808WA0349403732
B1917583830029N11205811WA0349503730
B1917593830029N11205815WA0349503728
B1918003830028N11205818WA0349503727
B1918013830025N11205820WA0349503728
B1918023830023N11205821WA0349503729
B1918033830020N11205822WA0349503731
B1918043830018N11205823WA0349603732
B1918053830015N11205824WA0349703733
B1918053830015N11205824WA0349703733
B1918063830012N11205826WA0349703734
B1918073830008N11205827WA0349803736
B1918083830005N11205829WA0349903738
B1918093830001N11205830WA0350003741
B1918103829998N11205831WA0350103743
B1918113829994N11205833WA0350203743
B1918123829991N11205835WA0350303744
B1918133829988N11205837WA0350403747
B1918143829985N11205839WA0350503750
B1918153829982N11205840WA0350703752
B1918163829979N11205842WA0350903754
B1918173829976N11205844WA0351103756
B1918183829973N11205846WA0351203757
B1918193829970N11205850WA0351403758
B1918203829968N11205854WA0351503760
B1918213829967N11205858WA0351703763
B1918223829969N11205862WA0351803765
B1918233829974N11205865WA0352003768
B1918243829980N11205864WA0352203769
B1918253829987N11205859WA0352403771
B1918263829993N11205850WA0352503773
B1918273829995N11205839WA0352703775
B1918283829995N11205828WA0352903777
B1918293829992N11205819WA0353103778
B1918303829987N11205812WA0353203780
B1918313829982N11205809WA0353403782
B1918323829977N11205807WA0353603784
B1918333829973N11205806WA0353803786
B1918343829969N11205806WA0353903788
B1918353829964N11205807WA0354103788
B1918363829960N11205809WA0354203787
B1918373829955N11205812WA0354403786
B1918383829951N11205817WA0354503785
B1918393829947N11205821WA0354503785
B1918403829944N11205825WA0354503785
B1918413829942N11205829WA0354603784
B1918423829940N11205833WA0354603781
B1918433829937N11205837WA0354603778
B1918443829934N11205842WA0354603774
B1918453829930N11205846WA0354503771
B1918463829926N11205851WA0354403769
B1918473829922N11205856WA0354203768
B1918483829918N11205860WA0354103771
B1918493829916N11205863WA0354103775
B1918503829914N11205866WA0354103778
B1918513829912N11205868WA0354103780
B1918523829909N11205870WA0354203781
B1918533829906N11205871WA0354203782
B1918543829902N11205872WA0354303783
B1918553829898N11205874WA0354303783
B1918563829895N11205876WA0354403783
B1918573829891N11205879WA0354403784
B1918583829888N11205883WA0354503785
B1918593829886N11205886WA0354503785
B1919003829883N11205889WA0354503785
B1919013829881N11205892WA0354603784
B1919023829879N11205894WA0354603783
B1919033829877N11205896WA0354603780
B1919043829874N11205899WA0354603776
B1919053829870N11205903WA0354503772
B1919063829866N11205905WA0354403770
B1919073829862N11205907WA0354203768
B1919073829862N11205907WA0354203768
B1919083829857N11205907WA0354103767
B1919093829853N11205908WA0354003767
B1919103829848N11205910WA0354003766
B1919113829843N11205912WA0353803764
B1919123829839N11205915WA0353703761
B1919133829833N11205918WA0353603758
B1919143829828N11205921WA0353403756
B1919153829823N11205923WA0353203756
B1919163829819N11205926WA0353103757
B1919173829815N11205927WA0353003756
B1919183829811N11205929WA0352903756
B1919193829807N11205931WA0352803754
B1919203829804N11205934WA0352703752
B1919213829800N11205937WA0352603750
B1919223829796N11205940WA0352503749
B1919233829792N11205943WA0352303748
B1919243829789N11205946WA0352203747
B1919253829785N11205949WA0352103746
B1919263829781N11205951WA0352003745
B1919273829778N11205954WA0351903745
B1919283829775N11205957WA0351803745
B1919293829772N11205959WA0351703745
B1919303829769N11205962WA0351703744
B1919313829766N11205965WA0351603744
B1919323829762N11205968WA0351503743
B1919333829758N11205970WA0351403741
B1919343829755N11205971WA0351303740
B1919353829751N11205972WA0351203739
B1919363829748N11205974WA0351103737
B1919373829744N11205977WA0351003736
B1919383829741N11205980WA0351003735
B1919393829738N11205983WA0350903734
B1919403829735N11205986WA0350803732
B1919413829732N11205989WA0350603730
B1919423829729N11205993WA0350503727
B1919433829726N11205998WA0350403724
B1919443829723N11206003WA0350203720
B1919453829721N11206010WA0350003717
B1919463829719N11206016WA0349903715
B1919473829717N11206022WA0349603715
B1919483829715N11206027WA0349503715
B1919493829713N11206031WA0349303715
B1919503829711N11206033WA0349203714
B1919513829708N11206036WA0349003712
B1919523829705N11206038WA0348903708
B1919533829700N11206040WA0348703703
B1919543829695N11206042WA0348603698
B1919553829689N11206044WA0348203693
B1919563829683N11206047WA0348003687
B1919573829677N11206049WA0347603683
B1919583829671N11206052WA0347403680
B1919593829665N11206054WA0347003678
B1920003829659N11206055WA0346803675
B1920013829654N11206055WA0346403673
B1920023829648N11206053WA0346203670
B1920033829641N11206052WA0345803667
B1920043829635N11206050WA0345603663
B1920053829629N11206049WA0345303660
B1920063829622N11206049WA0345003656
B1920073829616N11206050WA0344703653
B1920083829609N11206051WA0344403650
B1920093829603N11206052WA0344103649
B1920103829597N11206054WA0343903646
B1920103829597N11206054WA0343903646
B1920113829591N11206054WA0343503643
B1920123829585N11206055WA0343303639
B1920133829579N11206055WA0343003635
B1920143829573N11206056WA0342703631
B1920153829567N11206057WA0342303627
B1920163829560N11206058WA0342103623
B1920173829554N11206058WA0341703620
B1920183829548N11206058WA0341403619
B1920193829543N11206058WA0341103617
B1920203829538N11206058WA0340903616
B1920213829533N11206058WA0340603614
B1920223829529N11206058WA0340403610
B1920233829524N11206058WA0340103606
B1920243829519N11206058WA0339803602
B1920253829513N11206059WA0339503597
B1920263829507N11206059WA0339203592
B1920273829502N11206060WA0338803588
B1920283829496N11206060WA0338503584
B1920293829490N11206060WA0338103580
B1920303829484N11206061WA0337803578
B1920313829479N11206061WA0337503576
B1920323829476N11206061WA0337203576
B1920333829473N11206060WA0337003576
B1920343829470N11206058WA0336803578
B1920353829468N11206053WA0336703579
B1920363829466N11206048WA0336603579
B1920373829463N11206043WA0336503578
B1920383829459N11206039WA0336303574
B1920393829454N11206036WA0336103572
B1920403829449N11206034WA0336003570
B1920413829446N11206032WA0335703570
B1920423829443N11206031WA0335603568
B1920433829440N11206031WA0335503566
B1920443829437N11206031WA0335403562
B1920453829434N11206031WA0335203558
B1920463829430N11206032WA0335003554
B1920473829426N11206033WA0334703550
B1920483829421N11206034WA0334503547
B1920493829417N11206035WA0334203544
B1920503829413N11206036WA0334003539
B1920513829408N11206038WA0333603534
B1920523829403N11206041WA0333303529
B1920533829398N11206044WA0332903524
B1920543829394N11206047WA0332603520
B1920553829390N11206052WA0332203516
B1920563829387N11206056WA0331903511
B1920573829383N11206060WA0331503506
B1920583829379N11206064WA0331203501
B1920593829374N11206067WA0330703496
B1921003829369N11206071WA0330403491
B1921013829364N11206076WA0329903486
B1921023829360N11206080WA0329503482
B1921033829356N11206085WA0329103479
B1921043829351N11206089WA0328803477
B1921053829347N11206094WA0328403474
B1921063829342N11206098WA0328103471
B1921073829337N11206102WA0327703469
B1921083829332N11206107WA0327403466
B1921093829326N11206112WA0327003463
B1921103829321N11206118WA0326803460
B1921113829316N11206124WA0326403458
B1921123829311N11206130WA0326103456
B1921133829306N11206136WA0325803455
B1921143829301N11206142WA0325603454
B1921143829301N11206142WA0325603454
B1921153829297N11206149WA0325303453
B1921163829293N11206155WA0325103452
B1921173829289N11206162WA0324903451
B1921183829286N11206169WA0324703451
B1921193829283N11206175WA0324503453
B1921203829281N11206180WA0324403455
B1921213829279N11206184WA0324403456
B1921223829277N11206188WA0324303456
B1921233829274N11206192WA0324303455
B1921243829270N11206196WA0324203453
B1921253829266N11206200WA0324203451
B1921263829261N11206203WA0324103449
B1921273829256N11206207WA0323903447
B1921283829251N11206211WA0323803446
B1921293829246N11206214WA0323703446
B1921303829241N11206217WA0323603446
B1921313829236N11206219WA0323503447
B1921323829233N11206222WA0323503447
B1921333829229N11206225WA0323403447
B1921343829227N11206228WA0323403446
B1921353829224N11206231WA0323303446
B1921363829221N11206234WA0323303445
B1921373829218N11206236WA0323203445
B1921383829215N11206237WA0323203445
B1921393829211N11206238WA0323103445
B1921403829208N11206239WA0323103444
B1921413829204N11206240WA0323003442
B1921423829200N11206241WA0323003440
B1921433829196N11206243WA0322903440
B1921443829192N11206245WA0322803438
B1921453829188N11206248WA0322703437
B1921463829185N11206250WA0322703436
B1921473829180N11206252WA0322603435
B1921483829176N11206254WA0322503436
B1921493829171N11206256WA0322403437
B1921503829167N11206257WA0322403439
B1921513829163N11206259WA0322403440
B1921523829160N11206261WA0322403441
B1921533829156N11206262WA0322403441
B1921543829151N11206264WA0322403443
B1921553829145N11206264WA0322503444
B1921563829139N11206265WA0322503445
B1921573829133N11206266WA0322603447
B1921583829128N11206266WA0322603449
B1921593829123N11206267WA0322703453
B1922003829118N11206267WA0322803455
B1922013829114N11206267WA0323003456
B1922023829109N11206268WA0323103457
B1922033829103N11206268WA0323203456
B1922043829097N11206268WA0323203456
B1922053829091N11206268WA0323303455
B1922063829084N11206267WA0323303455
B1922073829078N11206267WA0323403457
B1922083829073N11206266WA0323403460
B1922093829068N11206266WA0323603462
B1922103829064N11206267WA0323703464
B1922113829059N11206268WA0323803466
B1922123829055N11206270WA0324003468
B1922133829050N11206272WA0324103470
B1922143829047N11206276WA0324303473
B1922153829044N11206281WA0324403476
B1922163829042N11206286WA0324603479
B1922173829041N11206291WA0324803482
B1922173829041N11206291WA0324803482
B1922183829040N11206297WA0325003484
B1922193829041N11206302WA0325203487
B1922203829043N11206307WA0325403490
B1922213829047N11206311WA0325603491
B1922223829052N11206312WA0325803493
B1922233829058N11206311WA0326003494
B1922243829064N11206306WA0326203494
B1922253829068N11206298WA0326403496
B1922263829070N11206289WA0326503498
B1922273829069N11206279WA0326703501
B1922283829066N11206271WA0326903503
B1922293829061N11206264WA0327103506
B1922303829056N11206260WA0327303509
B1922313829051N11206258WA0327503513
B1922323829046N11206257WA0327703516
B1922333829042N11206259WA0328003520
B1922343829038N11206262WA0328203522
B1922353829036N11206266WA0328503524
B1922363829035N11206272WA0328603525
B1922373829036N11206279WA0328903527
B1922383829039N11206284WA0329103529
B1922393829044N11206288WA0329303530
B1922403829049N11206289WA0329503531
B1922413829056N11206288WA0329703531
B1922423829062N11206285WA0329803532
B1922433829068N11206279WA0330003532
B1922443829072N11206271WA0330103532
B1922453829074N11206262WA0330203531
B1922463829075N11206252WA0330303532
B1922473829073N11206241WA0330403532
B1922483829070N11206232WA0330503533
B1922493829066N11206224WA0330603535
B1922503829062N11206217WA0330703539
B1922513829058N11206210WA0330903542
B1922523829054N11206203WA0331003546
B1922533829050N11206197WA0331203549
B1922543829046N11206191WA0331403553
B1922553829042N11206188WA0331603556
B1922563829037N11206186WA0331803558
B1922573829031N11206186WA0332003558
B1922583829026N11206190WA0332203558
B1922593829022N11206196WA0332403558
B1923003829018N11206203WA0332503559
B1923013829018N11206210WA0332703560
B1923023829020N11206216WA0332803563
B1923033829024N11206220WA0333003565
B1923043829030N11206220WA0333103565
B1923053829037N11206217WA0333303566
B1923063829042N11206212WA0333403567
B1923073829045N11206204WA0333603569
B1923083829046N11206194WA0333703571
B1923093829044N11206185WA0333903572
B1923103829039N11206179WA0334003574
B1923113829033N11206174WA0334203576
B1923123829027N11206173WA0334303577
B1923133829021N11206177WA0334503578
B1923143829017N11206183WA0334603578
B1923153829015N11206191WA0334703578
B1923163829016N11206198WA0334803580
B1923173829019N11206204WA0334903581
B1923183829024N11206208WA0335003583
B1923193829030N11206209WA0335103584
B1923203829036N11206209WA0335203586
B1923203829036N11206209WA0335203586
B1923213829042N11206207WA0335403586
B1923223829048N11206202WA0335503587
B1923233829054N11206196WA0335603586
B1923243829058N11206188WA0335703586
B1923253829062N11206178WA0335803586
B1923263829064N11206168WA0335803587
B1923273829066N11206157WA0335903588
B1923283829067N11206147WA0336003590
B1923293829069N11206137WA0336103593
B1923303829071N11206127WA0336203595
B1923313829072N11206117WA0336303598
B1923323829073N11206107WA0336503601
B1923333829071N11206098WA0336603604
B1923343829067N11206090WA0336803608
B1923353829061N11206086WA0337103612
B1923363829055N11206086WA0337303614
B1923373829052N11206091WA0337503615
B1923383829051N11206097WA0337703617
B1923393829054N11206102WA0338003621
B1923403829059N11206105WA0338103623
B1923413829064N11206105WA0338403626
B1923423829070N11206103WA0338603629
B1923433829076N11206098WA0338803632
B1923443829081N11206091WA0339003634
B1923453829085N11206082WA0339303636
B1923463829087N11206073WA0339503637
B1923473829089N11206063WA0339703641
B1923483829090N11206053WA0339903644
B1923493829090N11206043WA0340203647
B1923503829090N11206034WA0340403650
B1923513829088N11206025WA0340603653
B1923523829085N11206018WA0340803657
B1923533829081N11206013WA0341103660
B1923543829076N11206012WA0341403661
B1923553829071N11206014WA0341703661
B1923563829067N11206019WA0341803661
B1923573829064N11206024WA0342103661
B1923583829063N11206030WA0342203662
B1923593829062N11206035WA0342403666
B1924003829061N11206040WA0342603670
B1924013829061N11206044WA0342903674
B1924023829061N11206048WA0343103677
B1924033829063N11206052WA0343403680
B1924043829067N11206056WA0343603682
B1924053829072N11206058WA0343803683
B1924063829079N11206058WA0344003684
B1924073829086N11206054WA0344303686
B1924083829092N11206046WA0344403688
B1924093829094N11206036WA0344703691
B1924103829093N11206026WA0344803693
B1924113829089N11206018WA0345103695
B1924123829082N11206014WA0345303696
B1924133829076N11206013WA0345503699
B1924143829070N11206016WA0345703702
B1924153829067N11206021WA0345903705
B1924163829066N11206027WA0346103708
B1924173829066N11206033WA0346303712
B1924183829069N11206038WA0346503716
B1924193829074N11206041WA0346903719
B1924203829081N11206041WA0347103721
B1924213829088N11206039WA0347403722
B1924223829094N11206034WA0347603724
B1924233829099N11206026WA0347803726
B1924233829099N11206026WA0347803726
B1924243829102N11206016WA0348003729
B1924253829102N11206007WA0348303731
B1924263829099N11205998WA0348503733
B1924273829094N11205993WA0348803736
B1924283829088N11205991WA0348903739
B1924293829083N11205993WA0349203742
B1924303829080N11206000WA0349403744
B1924313829080N11206008WA0349703746
B1924323829083N11206015WA0349803749
B1924333829090N11206020WA0350103751
B1924343829097N11206020WA0350303754
B1924353829104N11206015WA0350603757
B1924363829109N11206006WA0350803758
B1924373829111N11205996WA0351003760
B1924383829110N11205987WA0351203762
B1924393829106N11205981WA0351503765
B1924403829100N11205978WA0351703767
B1924413829095N11205980WA0351903769
B1924423829091N11205984WA0352103771
B1924433829088N11205989WA0352403774
B1924443829087N11205996WA0352603777
B1924453829088N11206003WA0352903781
B1924463829092N11206008WA0353103784
B1924473829098N11206010WA0353403786
B1924483829106N11206011WA0353603788
B1924493829113N11206009WA0353903790
B1924503829119N11206004WA0354003792
B1924513829123N11205997WA0354303794
B1924523829126N11205989WA0354503796
B1924533829128N11205981WA0354803798
B1924543829127N11205972WA0355003800
B1924553829125N11205965WA0355203802
B1924563829122N11205958WA0355403804
B1924573829118N11205952WA0355703808
B1924583829113N11205949WA0355803813
B1924593829109N11205948WA0356103819
B1925003829106N11205951WA0356403823
B1925013829104N11205957WA0356703825
B1925023829105N11205964WA0356903827
B1925033829109N11205971WA0357303830
B1925043829115N11205975WA0357503833
B1925053829123N11205975WA0357803836
B1925063829131N11205973WA0358003837
B1925073829138N11205968WA0358303839
B1925083829144N11205961WA0358503841
B1925093829148N11205953WA0358803844
B1925103829151N11205944WA0359003847
B1925113829153N11205936WA0359303850
B1925123829154N11205927WA0359603853
B1925133829155N11205918WA0359903855
B1925143829156N11205909WA0360103857
B1925153829156N11205899WA0360403860
B1925163829156N11205889WA0360603863
B1925173829157N11205879WA0360903867
B1925183829157N11205870WA0361103870
B1925193829157N11205860WA0361403874
B1925203829157N11205850WA0361703878
B1925213829156N11205841WA0362103883
B1925223829153N11205833WA0362303887
B1925233829150N11205827WA0362703891
B1925243829144N11205823WA0363003893
B1925253829138N11205822WA0363403896
B1925263829133N11205824WA0363603900
B1925273829130N11205829WA0364003903
B1925283829130N11205835WA0364303908
B1925293829134N11205839WA0364703913
B1925293829134N11205839WA0364703913
B1925303829140N11205840WA0365003917
B1925313829147N11205837WA0365403920
B1925323829152N11205830WA0365703925
B1925333829156N11205820WA0366203929
B1925343829157N11205810WA0366503935
B1925353829155N11205799WA0366903940
B1925363829151N11205791WA0367203945
B1925373829145N11205786WA0367703950
B1925383829139N11205786WA0368103954
B1925393829134N11205788WA0368503958
B1925403829132N11205794WA0368803961
B1925413829133N11205800WA0369303965
B1925423829136N11205804WA0369603972
B1925433829142N11205805WA0370103978
B1925443829148N11205800WA0370503983
B1925453829154N11205793WA0371003988
B1925463829157N11205784WA0371403993
B1925473829158N11205774WA0371903999
B1925483829157N11205764WA0372304004
B1925493829153N11205756WA0372804008
B1925503829148N11205749WA0373204011
B1925513829141N11205745WA0373704013
B1925523829135N11205743WA0374004017
B1925533829129N11205744WA0374504021
B1925543829124N11205747WA0374804024
B1925553829120N11205751WA0375204029
B1925563829119N11205755WA0375604034
B1925573829121N11205759WA0376104041
B1925583829126N11205760WA0376404045
B1925593829132N11205758WA0376904050
B1926003829137N11205752WA0377304054
B1926013829140N11205743WA0377804058
B1926023829141N11205732WA0378104061
B1926033829139N11205721WA0378604065
B1926043829135N11205712WA0378904069
B1926053829129N11205706WA0379404073
B1926063829123N11205702WA0379704077
B1926073829117N11205700WA0380204081
B1926083829111N11205699WA0380504086
B1926093829106N11205699WA0381004089
B1926103829102N11205701WA0381304092
B1926113829099N11205705WA0381804093
B1926123829099N11205710WA0382004095
B1926133829100N11205716WA0382404097
B1926143829103N11205720WA0382704099
B1926153829107N11205724WA0383004102
B1926163829112N11205726WA0383304104
B1926173829116N11205728WA0383604107
B1926183829121N11205729WA0383804109
B1926193829127N11205728WA0384104111
B1926203829133N11205727WA0384304113
B1926213829139N11205726WA0384604115
B1926223829145N11205724WA0384804117
B1926233829152N11205723WA0385104119
B1926243829158N11205721WA0385304122
B1926253829164N11205717WA0385504126
B1926263829170N11205712WA0385704129
B1926273829176N11205705WA0386004131
B1926283829180N11205696WA0386204132
B1926293829183N11205686WA0386504133
B1926303829183N11205675WA0386704134
B1926313829182N11205663WA0386904135
B1926323829179N11205651WA0387004136
B1926333829175N11205640WA0387304137
B1926333829175N11205640WA0387304137
B1926343829170N11205630WA0387404140
B1926353829165N11205622WA0387604144
B1926363829158N11205617WA0387804149
B1926373829152N11205615WA0388104152
B1926383829147N11205617WA0388304154
B1926393829144N11205622WA0388604155
B1926403829144N11205628WA0388804158
B1926413829146N11205634WA0389104161
B1926423829151N11205638WA0389204163
B1926433829157N11205638WA0389504166
B1926443829163N11205636WA0389704168
B1926453829168N11205629WA0390004170
B1926463829172N11205621WA0390204172
B1926473829175N11205610WA0390404173
B1926483829175N11205599WA0390604175
B1926493829174N11205588WA0390804176
B1926503829170N11205577WA0391004177
B1926513829166N11205567WA0391204178
B1926523829160N11205558WA0391304181
B1926533829155N11205551WA0391604184
B1926543829149N11205546WA0391704188
B1926553829144N11205542WA0392004191
B1926563829139N11205542WA0392204194
B1926573829134N11205545WA0392404194
B1926583829131N11205549WA0392604194
B1926593829129N11205555WA0392804195
B1927003829128N11205560WA0392904198
B1927013829128N11205564WA0393104201
B1927023829127N11205567WA0393304204
B1927033829126N11205571WA0393504205
B1927043829124N11205574WA0393704204
B1927053829122N11205578WA0393904204
B1927063829121N11205583WA0394004203
B1927073829119N11205588WA0394104201
B1927083829117N11205594WA0394104200
B1927093829116N11205599WA0394204200
B1927103829116N11205603WA0394204200
B1927113829117N11205607WA0394204200
B1927123829117N11205611WA0394304199
B1927133829116N11205615WA0394304198
B1927143829114N11205619WA0394304197
B1927153829110N11205622WA0394304195
B1927163829106N11205624WA0394304195
B1927173829101N11205625WA0394204196
B1927183829097N11205624WA0394304198
B1927193829093N11205621WA0394304199
B1927203829088N11205618WA0394304200
B1927213829084N11205615WA0394404199
B1927223829078N11205611WA0394404197
B1927233829073N11205609WA0394404194
B1927243829067N11205609WA0394304192
B1927253829062N11205610WA0394304192
B1927263829058N11205612WA0394204192
B1927273829055N11205615WA0394204192
B1927283829053N11205618WA0394104191
B1927293829050N11205621WA0394104190
B1927303829048N11205625WA0394004188
B1927313829048N11205629WA0393904187
B1927323829048N11205632WA0393904186
B1927333829050N11205636WA0393804184
B1927343829052N11205641WA0393804181
B1927353829056N11205646WA0393604177
B1927363829061N11205652WA0393504175
B1927363829061N11205652WA0393504175
B1927373829065N11205656WA0393304175
B1927383829068N11205659WA0393204176
B1927393829071N11205662WA0393104177
B1927403829075N11205665WA0393004177
B1927413829080N11205667WA0392904174
B1927423829085N11205671WA0392904171
B1927433829092N11205675WA0392704168
B1927443829098N11205679WA0392604164
B1927453829105N11205684WA0392404161
B1927463829113N11205688WA0392204158
B1927473829121N11205692WA0391904157
B1927483829128N11205695WA0391804156
B1927493829136N11205698WA0391604156
B1927503829143N11205701WA0391504156
B1927513829150N11205705WA0391404155
B1927523829157N11205709WA0391304154
B1927533829163N11205714WA0391104154
B1927543829170N11205718WA0391004153
B1927553829176N11205722WA0390904153
B1927563829182N11205726WA0390904154
B1927573829187N11205730WA0390804154
B1927583829193N11205735WA0390704153
B1927593829198N11205740WA0390704153
B1928003829203N11205746WA0390604153
B1928013829208N11205751WA0390604153
B1928023829212N11205757WA0390504153
B1928033829215N11205762WA0390504154
B1928043829218N11205767WA0390504156
B1928053829221N11205772WA0390504157
B1928063829224N11205777WA0390504158
B1928073829226N11205782WA0390504159
B1928083829228N11205787WA0390604160
B1928093829229N11205792WA0390604162
B1928103829230N11205796WA0390704164
B1928113829231N11205799WA0390804166
B1928123829232N11205801WA0390904169
B1928133829231N11205801WA0391104172
B1928143829229N11205800WA0391204174
B1928153829228N11205798WA0391304176
B1928163829226N11205796WA0391504178
B1928173829224N11205796WA0391604181
B1928183829223N11205796WA0391804184
B1928193829222N11205798WA0392004186
B1928203829220N11205799WA0392104188
B1928213829218N11205801WA0392304190
B1928223829217N11205803WA0392504193
B1928233829215N11205804WA0392704196
B1928243829213N11205805WA0392904199
B1928253829212N11205807WA0393204202
B1928263829211N11205809WA0393404205
B1928273829214N11205812WA0393704209
B1928283829219N11205816WA0393904211
B1928293829227N11205818WA0394204211
B1928303829236N11205817WA0394304214
B1928313829246N11205812WA0394604218
B1928323829254N11205803WA0394804223
B1928333829260N11205792WA0395204229
B1928343829263N11205779WA0395504233
B1928353829263N11205767WA0395804236
B1928363829261N11205757WA0396104239
B1928373829258N11205749WA0396504243
B1928383829255N11205744WA0396704247
B1928393829252N11205742WA0397104251
B1928393829252N11205742WA0397104251
B1928403829249N11205742WA0397404254
B1928413829247N11205741WA0397704255
B1928423829244N11205741WA0397904257
B1928433829241N11205740WA0398204258
B1928443829239N11205739WA0398404260
B1928453829236N11205738WA0398704262
B1928463829233N11205736WA0398904264
B1928473829230N11205735WA0399204266
B1928483829227N11205735WA0399404268
B1928493829225N11205735WA0399604270
B1928503829223N11205735WA0399804272
B1928513829221N11205736WA0400004272
B1928523829218N11205738WA0400204273
B1928533829216N11205739WA0400404274
B1928543829213N11205740WA0400504276
B1928553829211N11205742WA0400804278
B1928563829208N11205743WA0400904280
B1928573829206N11205745WA0401104282
B1928583829205N11205747WA0401304285
B1928593829204N11205750WA0401504288
B1929003829204N11205752WA0401704290
B1929013829203N11205755WA0401904291
B1929023829201N11205758WA0402104292
B1929033829199N11205759WA0402304294
B1929043829196N11205759WA0402504296
B1929053829194N11205759WA0402704298
B1929063829191N11205758WA0402904300
B1929073829187N11205757WA0403104302
B1929083829183N11205756WA0403204304
B1929093829180N11205756WA0403504306
B1929103829177N11205755WA0403604309
B1929113829174N11205755WA0403804311
B1929123829171N11205754WA0404004314
B1929133829169N11205754WA0404204316
B1929143829166N11205753WA0404404318
B1929153829164N11205753WA0404704320
B1929163829161N11205753WA0404804322
B1929173829159N11205752WA0405004323
B1929183829156N11205752WA0405204324
B1929193829154N11205753WA0405404325
B1929203829151N11205754WA0405504326
B1929213829149N11205755WA0405704326
B1929223829146N11205755WA0405804327
B1929233829143N11205755WA0406004328
B1929243829140N11205755WA0406104328
B1929253829136N11205756WA0406204329
B1929263829132N11205756WA0406304329
B1929273829128N11205756WA0406404329
B1929283829123N11205757WA0406404328
B1929293829119N11205759WA0406504328
B1929303829114N11205760WA0406504327
B1929313829109N11205761WA0406504328
B1929323829105N11205761WA0406604328
B1929333829099N11205762WA0406604326
B1929343829093N11205763WA0406604324
B1929353829086N11205764WA0406504320
B1929363829079N11205766WA0406504317
B1929373829073N11205768WA0406404315
B1929383829067N11205771WA0406304314
B1929393829062N11205774WA0406104314
B1929403829059N11205779WA0406104313
B1929413829057N11205783WA0405904312
B1929423829055N11205785WA0405904310
B1929423829055N11205785WA0405904310
B1929433829053N11205786WA0405704309
B1929443829050N11205786WA0405704305
B1929453829048N11205786WA0405504299
B1929463829043N11205786WA0405304291
B1929473829037N11205785WA0405004282
B1929483829030N11205784WA0404704272
B1929493829022N11205781WA0404204264
B1929503829014N11205779WA0403804260
B1929513829007N11205776WA0403304259
B1929523829001N11205775WA0403004259
B1929533828996N11205773WA0402604257
B1929543828991N11205771WA0402304254
B1929553828985N11205767WA0401904249
B1929563828979N11205762WA0401604243
B1929573828971N11205755WA0401104237
B1929583828964N11205749WA0400804232
B1929593828956N11205744WA0400204228
B1930003828948N11205738WA0399904226
B1930013828942N11205733WA0399404225
B1930023828936N11205728WA0399104225
B1930033828930N11205724WA0398804225
B1930043828925N11205720WA0398604224
B1930053828919N11205717WA0398304224
B1930063828913N11205713WA0398104224
B1930073828908N11205708WA0397904223
B1930083828902N11205702WA0397804222
B1930093828897N11205695WA0397604221
B1930103828892N11205688WA0397404221
B1930113828887N11205682WA0397304222
B1930123828882N11205675WA0397204222
B1930133828876N11205669WA0397104222
B1930143828871N11205662WA0397004222
B1930153828866N11205654WA0396904222
B1930163828861N11205647WA0396904223
B1930173828856N11205639WA0396804224
B1930183828851N11205633WA0396804224
B1930193828846N11205627WA0396804224
B1930203828841N11205621WA0396804223
B1930213828836N11205616WA0396704220
B1930223828830N11205611WA0396704218
B1930233828824N11205606WA0396604215
B1930243828817N11205602WA0396504212
B1930253828810N11205599WA0396304208
B1930263828804N11205596WA0396204205
B1930273828797N11205594WA0396004203
B1930283828790N11205591WA0395904202
B1930293828784N11205589WA0395704202
B1930303828779N11205588WA0395604201
B1930313828774N11205586WA0395404200
B1930323828769N11205584WA0395304198
B1930333828763N11205583WA0395204194
B1930343828757N11205582WA0395004190
B1930353828749N11205580WA0394804188
B1930363828742N11205580WA0394604187
B1930373828736N11205579WA0394404189
B1930383828731N11205580WA0394404192
B1930393828727N11205581WA0394204195
B1930403828723N11205581WA0394204197
B1930413828720N11205582WA0394204198
B1930423828715N11205582WA0394204196
B1930433828710N11205583WA0394204193
B1930443828704N11205584WA0394104190
B1930453828698N11205585WA0394004188
B1930453828698N11205585WA0394004188
B1930463828693N11205587WA0393904186
B1930473828688N11205588WA0393704185
B1930483828683N11205590WA0393604184
B1930493828678N11205591WA0393504182
B1930503828673N11205593WA0393404179
B1930513828667N11205595WA0393204175
B1930523828661N11205597WA0393104172
B1930533828654N11205600WA0392904170
B1930543828648N11205602WA0392704169
B1930553828642N11205603WA0392604170
B1930563828637N11205604WA0392504170
B1930573828631N11205605WA0392304170
B1930583828625N11205605WA0392204169
B1930593828619N11205606WA0392104167
B1931003828613N11205608WA0392004165
B1931013828607N11205610WA0391904162
B1931023828601N11205612WA0391804161
B1931033828595N11205613WA0391604161
B1931043828590N11205615WA0391504162
B1931053828585N11205617WA0391404163
B1931063828580N11205618WA0391404163
B1931073828575N11205620WA0391304163
B1931083828570N11205622WA0391304162
B1931093828564N11205625WA0391204161
B1931103828559N11205627WA0391204159
B1931113828553N11205630WA0391104157
B1931123828548N11205633WA0391004156
B1931133828543N11205637WA0390904156
B1931143828539N11205639WA0390804155
B1931153828534N11205642WA0390804154
B1931163828529N11205644WA0390704152
B1931173828524N11205647WA0390604149
B1931183828518N11205650WA0390504144
B1931193828511N11205653WA0390304140
B1931203828505N11205657WA0390104137
B1931213828498N11205660WA0389804135
B1931223828493N11205663WA0389704134
B1931233828487N11205666WA0389504135
B1931243828482N11205669WA0389404135
B1931253828477N11205671WA0389204135
B1931263828472N11205674WA0389104133
B1931273828467N11205678WA0389004131
B1931283828461N11205683WA0388904127
B1931293828455N11205688WA0388704125
B1931303828449N11205693WA0388604123
B1931313828443N11205697WA0388404123
B1931323828437N11205701WA0388304124
B1931333828432N11205704WA0388204124
B1931343828427N11205707WA0388104124
B1931353828421N11205710WA0388004123
B1931363828416N11205713WA0387904122
B1931373828411N11205716WA0387804123
B1931383828406N11205720WA0387804123
B1931393828401N11205723WA0387704122
B1931403828397N11205726WA0387604122
B1931413828392N11205729WA0387604122
B1931423828387N11205731WA0387604122
B1931433828382N11205733WA0387504121
B1931443828377N11205736WA0387504119
B1931453828372N11205741WA0387404116
B1931463828367N11205746WA0387304112
B1931473828362N11205753WA0387104109
B1931473828362N11205753WA0387104109
B1931483828357N11205760WA0387004107
B1931493828352N11205766WA0386804106
B1931503828348N11205773WA0386704106
B1931513828343N11205779WA0386604106
B1931523828339N11205785WA0386504106
B1931533828334N11205790WA0386404106
B1931543828330N11205795WA0386304105
B1931553828325N11205801WA0386204103
B1931563828320N11205807WA0386204101
B1931573828315N11205813WA0386004098
B1931583828310N11205820WA0385904095
B1931593828304N11205826WA0385704093
B1932003828299N11205832WA0385604092
B1932013828294N11205836WA0385404092
B1932023828290N11205838WA0385304093
B1932033828286N11205841WA0385204093
B1932043828281N11205842WA0385104092
B1932053828277N11205845WA0385004092
B1932063828274N11205848WA0385004090
B1932073828271N11205851WA0384904088
B1932083828269N11205854WA0384804086
B1932093828266N11205858WA0384704083
B1932103828262N11205861WA0384504078
B1932113828258N11205863WA0384304073
B1932123828253N11205867WA0384104067
B1932133828248N11205870WA0383804062
B1932143828243N11205874WA0383504056
B1932153828238N11205878WA0383204051
B1932163828233N11205881WA0382904046
B1932173828227N11205885WA0382504042
B1932183828221N11205888WA0382204038
B1932193828215N11205892WA0381704033
B1932203828209N11205896WA0381404027
B1932213828202N11205900WA0380904022
B1932223828195N11205905WA0380604018
B1932233828189N11205908WA0380104015
B1932243828182N11205911WA0379804011
B1932253828175N11205915WA0379304008
B1932263828169N11205918WA0379004005
B1932273828162N11205921WA0378604001
B1932283828154N11205924WA0378303997
B1932293828147N11205927WA0377803992
B1932303828138N11205930WA0377503987
B1932313828130N11205933WA0377003983
B1932323828122N11205936WA0376703980
B1932333828114N11205940WA0376303978
B1932343828108N11205942WA0376003977
B1932353828102N11205945WA0375703976
B1932363828096N11205947WA0375403975
B1932373828090N11205949WA0375103971
B1932383828083N11205951WA0374903967
B1932393828076N11205954WA0374503961
B1932403828068N11205957WA0374203956
B1932413828060N11205960WA0373803952
B1932423828052N11205963WA0373503949
B1932433828044N11205964WA0373103948
B1932443828038N11205965WA0372803947
B1932453828031N11205966WA0372503946
B1932463828025N11205967WA0372303944
B1932473828018N11205968WA0372003941
B1932483828011N11205970WA0371703937
B1932493828003N11205971WA0371403933
B1932493828003N11205971WA0371403933
B1932503827995N11205973WA0371203931
B1932513827988N11205975WA0370903929
B1932523827980N11205976WA0370603928
B1932533827973N11205978WA0370303927
B1932543827966N11205980WA0370103926
B1932553827959N11205982WA0369903924
B1932563827952N11205984WA0369703922
B1932573827944N11205986WA0369403919
B1932583827936N11205987WA0369303917
B1932593827928N11205989WA0369003915
B1933003827920N11205991WA0368803913
B1933013827912N11205993WA0368603911
B1933023827905N11205995WA0368403909
B1933033827898N11205997WA0368103907
B1933043827891N11205998WA0368003906
B1933053827884N11205999WA0367803907
B1933063827878N11206001WA0367703906
B1933073827871N11206002WA0367503905
B1933083827865N11206004WA0367403902
B1933093827858N11206006WA0367203898
B1933103827850N11206009WA0367003895
B1933113827843N11206012WA0366803893
B1933123827836N11206014WA0366603890
B1933133827829N11206016WA0366403888
B1933143827822N11206017WA0366203885
B1933153827815N11206019WA0366003882
B1933163827808N11206021WA0365803878
B1933173827800N11206023WA0365503874
B1933183827792N11206025WA0365303871
B1933193827784N11206027WA0365003869
B1933203827776N11206030WA0364803867
B1933213827769N11206031WA0364503867
B1933223827762N11206033WA0364303866
B1933233827755N11206036WA0364103864
B1933243827747N11206038WA0363903861
B1933253827740N11206040WA0363703858
B1933263827731N11206042WA0363503854
B1933273827723N11206043WA0363203852
B1933283827715N11206045WA0363003852
B1933293827708N11206046WA0362803853
B1933303827702N11206047WA0362703853
B1933313827696N11206047WA0362503853
B1933323827689N11206047WA0362403851
B1933333827683N11206047WA0362303849
B1933343827676N11206048WA0362103845
B1933353827669N11206050WA0361903841
B1933363827661N11206052WA0361703837
B1933373827654N11206055WA0361503834
B1933383827646N11206058WA0361303832
B1933393827639N11206060WA0361003831
B1933403827632N11206062WA0360903830
B1933413827625N11206064WA0360703829
B1933423827617N11206066WA0360503828
B1933433827610N11206067WA0360303826
B1933443827603N11206069WA0360203825
B1933453827596N11206070WA0360003823
B1933463827589N11206072WA0359803821
B1933473827582N11206073WA0359603819
B1933483827574N11206075WA0359503816
B1933493827567N11206077WA0359203813
B1933503827559N11206078WA0359103810
B1933513827551N11206080WA0358803807
B1933523827544N11206081WA0358603804
B1933523827544N11206081WA0358603804
B1933533827536N11206083WA0358403801
B1933543827529N11206085WA0358203798
B1933553827521N11206086WA0357903796
B1933563827514N11206088WA0357703794
B1933573827507N11206088WA0357403792
B1933583827500N11206089WA0357303790
B1933593827493N11206090WA0357003788
B1934003827485N11206091WA0356903785
B1934013827477N11206092WA0356603782
B1934023827469N11206093WA0356403779
B1934033827462N11206095WA0356103776
B1934043827454N11206096WA0355903774
B1934053827447N11206097WA0355603772
B1934063827440N11206099WA0355503770
B1934073827433N11206101WA0355203766
B1934083827426N11206104WA0355003762
B1934093827420N11206107WA0354703759
B1934103827414N11206110WA0354503757
B1934113827409N11206114WA0354203755
B1934123827403N11206117WA0354003753
B1934133827398N11206120WA0353703750
B1934143827391N11206124WA0353503745
B1934153827385N11206128WA0353203741
B1934163827378N11206132WA0352903736
B1934173827370N11206135WA0352603733
B1934183827363N11206138WA0352303729
B1934193827356N11206139WA0352003729
B1934203827352N11206140WA0351803733
B1934213827349N11206138WA0351603738
B1934223827348N11206136WA0351503744
B1934233827347N11206133WA0351503746
B1934243827345N11206132WA0351603747
B1934253827342N11206130WA0351603747
B1934263827338N11206127WA0351603746
B1934273827333N11206123WA0351603746
B1934283827329N11206120WA0351603747
B1934293827326N11206116WA0351603749
B1934303827323N11206114WA0351603750
B1934313827320N11206113WA0351603749
B1934323827317N11206113WA0351703748
B1934333827313N11206114WA0351703747
B1934343827308N11206115WA0351603744
B1934353827303N11206117WA0351603744
B1934363827299N11206118WA0351503744
B1934373827295N11206118WA0351503744
B1934383827292N11206118WA0351503745
B1934393827288N11206119WA0351503744
B1934403827284N11206119WA0351503745
B1934413827281N11206120WA0351503745
B1934423827277N11206122WA0351503746
B1934433827274N11206124WA0351503748
B1934443827269N11206127WA0351503749
B1934453827265N11206129WA0351603751
B1934463827261N11206132WA0351603754
B1934473827257N11206135WA0351703757
B1934483827254N11206138WA0351803760
B1934493827251N11206142WA0352003764
B1934503827249N11206146WA0352103767
B1934513827247N11206149WA0352303771
B1934523827245N11206152WA0352503774
B1934533827242N11206155WA0352703776
B1934543827238N11206158WA0352903778
B1934543827238N11206158WA0352903778
B1934553827234N11206160WA0353103779
B1934563827230N11206164WA0353303783
B1934573827228N11206167WA0353603789
B1934583827226N11206170WA0353803795
B1934593827226N11206174WA0354203802
B1935003827225N11206177WA0354503807
B1935013827225N11206180WA0354903813
B1935023827225N11206183WA0355203819
B1935033827228N11206187WA0355703824
B1935043827234N11206191WA0356103826
B1935053827242N11206193WA0356503828
B1935063827252N11206193WA0356803830
B1935073827261N11206188WA0357203834
B1935083827269N11206179WA0357503838
B1935093827274N11206168WA0357903843
B1935103827274N11206158WA0358203847
B1935113827272N11206152WA0358703852
B1935123827268N11206149WA0359003855
B1935133827264N11206150WA0359403860
B1935143827262N11206152WA0359703864
B1935153827260N11206157WA0360203867
B1935163827260N11206162WA0360503872
B1935173827261N11206168WA0360903876
B1935183827265N11206172WA0361303882
B1935193827272N11206176WA0361703886
B1935203827280N11206176WA0362103889
B1935213827289N11206173WA0362503892
B1935223827297N11206167WA0362803894
B1935233827304N11206158WA0363203896
B1935243827310N11206149WA0363503899
B1935253827315N11206139WA0363903903
B1935263827319N11206129WA0364203908
B1935273827321N11206120WA0364603913
B1935283827323N11206111WA0364903918
B1935293827322N11206103WA0365403922
B1935303827320N11206096WA0365703924
B1935313827316N11206092WA0366103926
B1935323827312N11206090WA0366403929
B1935333827308N11206091WA0366803932
B1935343827305N11206093WA0367103936
B1935353827302N11206094WA0367503941
B1935363827299N11206095WA0367803946
B1935373827296N11206096WA0368203950
B1935383827292N11206097WA0368503954
B1935393827288N11206098WA0369003959
B1935403827283N11206098WA0369303964
B1935413827279N11206097WA0369803970
B1935423827275N11206096WA0370103975
B1935433827270N11206096WA0370603977
B1935443827266N11206096WA0370903980
B1935453827262N11206098WA0371403982
B1935463827259N11206102WA0371603985
B1935473827256N11206105WA0372003987
B1935483827253N11206109WA0372303989
B1935493827250N11206112WA0372703990
B1935503827246N11206115WA0372903990
B1935513827241N11206117WA0373203990
B1935523827237N11206119WA0373303990
B1935533827233N11206120WA0373603989
B1935543827228N11206122WA0373703987
B1935553827223N11206123WA0373803985
B1935563827218N11206126WA0373803982
B1935573827213N11206129WA0373803980
B1935583827208N11206132WA0373803977
B1935583827208N11206132WA0373803977
B1935593827202N11206136WA0373703974
B1936003827196N11206140WA0373703971
B1936013827190N11206142WA0373603970
B1936023827185N11206145WA0373503968
B1936033827179N11206149WA0373303965
B1936043827173N11206153WA0373203961
B1936053827166N11206158WA0373003958
B1936063827160N11206162WA0372903957
B1936073827155N11206166WA0372703958
B1936083827151N11206169WA0372603958
B1936093827147N11206172WA0372503956
B1936103827143N11206176WA0372403953
B1936113827137N11206181WA0372203948
B1936123827132N11206187WA0372003943
B1936133827126N11206192WA0371703939
B1936143827121N11206196WA0371503937
B1936153827117N11206200WA0371203937
B1936163827115N11206202WA0371103937
B1936173827112N11206204WA0370903936
B1936183827110N11206206WA0370803933
B1936193827106N11206209WA0370503928
B1936203827102N11206212WA0370303923
B1936213827099N11206217WA0370003920
B1936223827099N11206221WA0369803919
B1936233827101N11206225WA0369603918
B1936243827106N11206227WA0369403915
B1936253827113N11206226WA0369203911
B1936263827121N11206222WA0369003907
B1936273827128N11206213WA0368603903
B1936283827134N11206204WA0368403899
B1936293827139N11206195WA0368003898
B1936303827143N11206187WA0367803896
B1936313827148N11206180WA0367503894
B1936323827152N11206172WA0367303891
B1936333827157N11206164WA0367003886
B1936343827162N11206155WA0366803880
B1936353827167N11206146WA0366403875
B1936363827172N11206135WA0366103870
B1936373827177N11206125WA0365703865
B1936383827183N11206114WA0365403862
B1936393827188N11206104WA0365003858
B1936403827195N11206093WA0364703855
B1936413827201N11206081WA0364303851
B1936423827208N11206070WA0364003847
B1936433827215N11206058WA0363503845
B1936443827222N11206047WA0363303843
B1936453827229N11206036WA0362903841
B1936463827237N11206025WA0362703841
B1936473827244N11206015WA0362403841
B1936483827250N11206005WA0362203843
B1936493827256N11205995WA0362003845
B1936503827262N11205986WA0361903846
B1936513827267N11205977WA0361803847
B1936523827273N11205968WA0361703847
B1936533827278N11205959WA0361703846
B1936543827285N11205950WA0361603845
B1936553827292N11205941WA0361503842
B1936563827299N11205931WA0361403841
B1936573827306N11205922WA0361303840
B1936583827313N11205913WA0361203839
B1936593827320N11205904WA0361103839
B1937003827326N11205895WA0361103838
B1937013827332N11205885WA0361003838
B1937013827332N11205885WA0361003838
B1937023827338N11205875WA0360903837
B1937033827344N11205865WA0360803835
B1937043827349N11205854WA0360703834
B1937053827356N11205843WA0360603832
B1937063827363N11205831WA0360503830
B1937073827370N11205820WA0360403828
B1937083827377N11205808WA0360303827
B1937093827383N11205796WA0360103827
B1937103827389N11205784WA0360103827
B1937113827394N11205773WA0360003828
B1937123827400N11205763WA0359903829
B1937133827405N11205752WA0359903828
B1937143827411N11205742WA0359803826
B1937153827418N11205730WA0359803825
B1937163827424N11205719WA0359703824
B1937173827430N11205707WA0359603822
B1937183827437N11205696WA0359503821
B1937193827443N11205684WA0359403821
B1937203827450N11205672WA0359303820
B1937213827456N11205660WA0359203819
B1937223827463N11205648WA0359103818
B1937233827471N11205637WA0359003818
B1937243827478N11205625WA0359003818
B1937253827485N11205613WA0358903818
B1937263827492N11205602WA0358903818
B1937273827498N11205590WA0358803820
B1937283827504N11205579WA0358803820
B1937293827509N11205568WA0358803822
B1937303827515N11205558WA0358803823
B1937313827520N11205547WA0358803825
B1937323827526N11205537WA0358903826
B1937333827532N11205527WA0358903828
B1937343827538N11205516WA0359003829
B1937353827544N11205506WA0359003830
B1937363827550N11205495WA0359103833
B1937373827556N11205484WA0359203835
B1937383827562N11205473WA0359303838
B1937393827568N11205462WA0359503841
B1937403827575N11205452WA0359603844
B1937413827581N11205442WA0359803847
B1937423827587N11205431WA0360003849
B1937433827590N11205419WA0360203849
B1937443827591N11205408WA0360303849
B1937453827589N11205399WA0360403848
B1937463827586N11205393WA0360503848
B1937473827584N11205390WA0360603849
B1937483827581N11205389WA0360703849
B1937493827579N11205389WA0360803851
B1937503827578N11205390WA0360903852
B1937513827577N11205392WA0361003853
B1937523827576N11205394WA0361103855
B1937533827577N11205396WA0361203858
B1937543827580N11205398WA0361303860
B1937553827585N11205401WA0361503860
B1937563827591N11205405WA0361603861
B1937573827600N11205407WA0361703863
B1937583827609N11205406WA0361803865
B1937593827618N11205403WA0362003868
B1938003827627N11205397WA0362203872
B1938013827634N11205389WA0362403876
B1938023827638N11205379WA0362603880
B1938033827639N11205369WA0362803883
B1938043827638N11205361WA0363003885
B1938043827638N11205361WA0363003885
B1938053827635N11205355WA0363303886
B1938063827631N11205354WA0363503889
B1938073827630N11205356WA0363703891
B1938083827630N11205360WA0363903893
B1938093827633N11205364WA0364203895
B1938103827637N11205368WA0364303898
B1938113827643N11205372WA0364603901
B1938123827649N11205374WA0364803904
B1938133827657N11205377WA0365003907
B1938143827665N11205378WA0365203910
B1938153827673N11205376WA0365503914
B1938163827682N11205372WA0365703918
B1938173827689N11205364WA0366003920
B1938183827694N11205353WA0366303922
B1938193827695N11205342WA0366603924
B1938203827693N11205333WA0366803927
B1938213827689N11205327WA0367103931
B1938223827686N11205327WA0367303934
B1938233827683N11205330WA0367603937
B1938243827684N11205336WA0367803940
B1938253827687N11205342WA0368103943
B1938263827693N11205346WA0368403946
B1938273827701N11205348WA0368703950
B1938283827710N11205347WA0368903954
B1938293827719N11205342WA0369303956
B1938303827726N11205334WA0369503958
B1938313827731N11205324WA0369903962
B1938323827732N11205314WA0370103966
B1938333827730N11205306WA0370503970
B1938343827726N11205304WA0370703972
B1938353827722N11205306WA0371103975
B1938363827721N11205312WA0371303978
B1938373827723N11205320WA0371603982
B1938383827729N11205325WA0371903986
B1938393827737N11205327WA0372303991
B1938403827746N11205325WA0372503995
B1938413827754N11205320WA0372903998
B1938423827761N11205311WA0373204001
B1938433827765N11205300WA0373604004
B1938443827766N11205290WA0373904008
B1938453827764N11205282WA0374304011
B1938463827760N11205277WA0374504015
B1938473827756N11205277WA0374904019
B1938483827754N11205282WA0375204023
B1938493827756N11205288WA0375604027
B1938503827760N11205295WA0375904030
B1938513827767N11205298WA0376304033
B1938523827776N11205299WA0376504037
B1938533827784N11205297WA0376904042
B1938543827791N11205291WA0377204046
B1938553827797N11205282WA0377604049
B1938563827801N11205271WA0377904052
B1938573827801N11205261WA0378304056
B1938583827799N11205253WA0378604060
B1938593827795N11205248WA0379004064
B1939003827791N11205248WA0379304068
B1939013827789N11205252WA0379704072
B1939023827789N11205258WA0380004075
B1939033827792N11205264WA0380404079
B1939043827798N11205269WA0380704083
B1939053827806N11205271WA0381104086
B1939063827815N11205269WA0381404089
B1939073827823N11205264WA0381804093
B1939073827823N11205264WA0381804093
B1939083827830N11205255WA0382104097
B1939093827833N11205246WA0382504101
B1939103827834N11205236WA0382804104
B1939113827832N11205227WA0383204107
B1939123827828N11205222WA0383504111
B1939133827823N11205221WA0383904114
B1939143827820N11205224WA0384204117
B1939153827819N11205229WA0384604121
B1939163827820N11205236WA0384804124
B1939173827825N11205242WA0385204128
B1939183827832N11205245WA0385504132
B1939193827840N11205244WA0385904136
B1939203827848N11205240WA0386204139
B1939213827855N11205233WA0386604142
B1939223827861N11205224WA0386804144
B1939233827865N11205214WA0387204147
B1939243827867N11205204WA0387404150
B1939253827868N11205194WA0387804153
B1939263827868N11205184WA0388004156
B1939273827866N11205175WA0388404159
B1939283827863N11205167WA0388604163
B1939293827859N11205162WA0389004166
B1939303827854N11205160WA0389304171
B1939313827851N11205162WA0389604175
B1939323827850N11205167WA0389904176
B1939333827853N11205174WA0390204177
B1939343827859N11205180WA0390504179
B1939353827867N11205181WA0390804183
B1939363827875N11205176WA0391004187
B1939373827881N11205167WA0391404190
B1939383827884N11205156WA0391604193
B1939393827883N11205145WA0391904195
B1939403827879N11205136WA0392204197
B1939413827874N11205131WA0392504200
B1939423827868N11205129WA0392704204
B1939433827864N11205132WA0393004208
B1939443827862N11205137WA0393304213
B1939453827863N11205142WA0393704217
B1939463827868N11205147WA0393904220
B1939473827875N11205149WA0394304224
B1939483827883N11205146WA0394604227
B1939493827890N11205139WA0394904230
B1939503827895N11205129WA0395204233
B1939513827898N11205119WA0395604235
B1939523827898N11205108WA0395804238
B1939533827896N11205098WA0396204241
B1939543827892N11205091WA0396404245
B1939553827888N11205088WA0396804249
B1939563827884N11205087WA0397004254
B1939573827881N11205091WA0397404257
B1939583827879N11205096WA0397704259
B1939593827880N11205103WA0398104261
B1940003827883N11205109WA0398304264
B1940013827889N11205113WA0398704267
B1940023827895N11205115WA0398904271
B1940033827902N11205114WA0399304275
B1940043827909N11205111WA0399504278
B1940053827915N11205105WA0399904280
B1940063827921N11205097WA0400104281
B1940073827925N11205087WA0400404282
B1940083827928N11205076WA0400604283
B1940093827929N11205065WA0400904284
B1940093827929N11205065WA0400904284
B1940103827929N11205054WA0401004287
B1940113827928N11205043WA0401304289
B1940123827928N11205033WA0401504293
B1940133827927N11205023WA0401804296
B1940143827926N11205013WA0402004299
B1940153827926N11205003WA0402304303
B1940163827925N11204993WA0402504306
B1940173827924N11204983WA0402804311
B1940183827923N11204973WA0403104315
B1940193827922N11204964WA0403504320
B1940203827922N11204954WA0403804324
B1940213827922N11204945WA0404204328
B1940223827923N11204935WA0404404331
B1940233827924N11204926WA0404804333
B1940243827925N11204918WA0405104336
B1940253827925N11204909WA0405504337
B1940263827925N11204900WA0405704336
B1940273827925N11204889WA0406004335
B1940283827924N11204878WA0406104334
B1940293827924N11204867WA0406304333
B1940303827923N11204856WA0406404334
B1940313827921N11204846WA0406604334
B1940323827919N11204835WA0406604333
B1940333827918N11204824WA0406704332
B1940343827916N11204813WA0406804329
B1940353827915N11204802WA0406804327
B1940363827913N11204790WA0406804326
B1940373827912N11204778WA0406804325
B1940383827911N11204767WA0406704325
B1940393827911N11204755WA0406704324
B1940403827910N11204743WA0406704324
B1940413827910N11204730WA0406604323
B1940423827909N11204718WA0406604322
B1940433827909N11204706WA0406604321
B1940443827908N11204693WA0406504320
B1940453827906N11204680WA0406504318
B1940463827904N11204667WA0406404318
B1940473827902N11204654WA0406304317
B1940483827900N11204641WA0406304317
B1940493827897N11204627WA0406204317
B1940503827895N11204615WA0406204318
B1940513827893N11204603WA0406204319
B1940523827890N11204592WA0406104319
B1940533827887N11204581WA0406104319
B1940543827884N11204571WA0406104318
B1940553827881N11204560WA0406104317
B1940563827877N11204549WA0406104316
B1940573827873N11204538WA0406004315
B1940583827868N11204527WA0406004315
B1940593827865N11204516WA0405904318
B1941003827862N11204507WA0405904321
B1941013827861N11204498WA0406004323
B1941023827858N11204490WA0406004323
B1941033827856N11204481WA0406104320
B1941043827853N11204471WA0406104316
B1941053827849N11204459WA0406004311
B1941063827845N11204448WA0405904307
B1941073827841N11204436WA0405704305
B1941083827837N11204425WA0405604303
B1941093827833N11204414WA0405404301
B1941103827830N11204403WA0405304299
B1941113827826N11204392WA0405104296
B1941123827822N11204381WA0405004292
B1941123827822N11204381WA0405004292
B1941133827818N11204369WA0404704288
B1941143827814N11204358WA0404504287
B1941153827810N11204348WA0404304286
B1941163827806N11204338WA0404104284
B1941173827802N11204327WA0403904280
B1941183827797N11204315WA0403704276
B1941193827793N11204303WA0403404272
B1941203827789N11204289WA0403204268
B1941213827784N11204276WA0402904265
B1941223827780N11204263WA0402604263
B1941233827776N11204250WA0402304261
B1941243827771N11204238WA0402104260
B1941253827767N11204225WA0401804259
B1941263827764N11204213WA0401604257
B1941273827760N11204200WA0401404256
B1941283827756N11204187WA0401204254
B1941293827752N11204174WA0401004251
B1941303827749N11204160WA0400804248
B1941313827745N11204145WA0400504246
B1941323827741N11204130WA0400304244
B1941333827738N11204115WA0400104241
B1941343827734N11204100WA0399904240
B1941353827731N11204085WA0399604239
B1941363827729N11204070WA0399504238
B1941373827726N11204055WA0399304236
B1941383827724N11204041WA0399104233
B1941393827720N11204026WA0398904229
B1941403827717N11204011WA0398704224
B1941413827713N11203996WA0398304219
B1941423827708N11203980WA0398104215
B1941433827704N11203965WA0397704213
B1941443827701N11203950WA0397504213
B1941453827698N11203937WA0397204213
B1941463827695N11203924WA0397004213
B1941473827691N11203912WA0396804212
B1941483827687N11203899WA0396704209
B1941493827683N11203886WA0396404207
B1941503827678N11203872WA0396304206
B1941513827673N11203859WA0396004205
B1941523827669N11203846WA0395904205
B1941533827665N11203833WA0395804207
B1941543827662N11203821WA0395704207
B1941553827658N11203809WA0395604208
B1941563827654N11203798WA0395504208
B1941573827649N11203786WA0395404207
B1941583827645N11203774WA0395404206
B1941593827640N11203761WA0395304205
B1942003827635N11203749WA0395204205
B1942013827631N11203737WA0395204206
B1942023827627N11203726WA0395104207
B1942033827622N11203714WA0395104208
B1942043827618N11203703WA0395104208
B1942053827613N11203691WA0395104207
B1942063827609N11203678WA0395104206
B1942073827604N11203665WA0395004205
B1942083827600N11203652WA0395004205
B1942093827596N11203639WA0395004206
B1942103827591N11203627WA0395004207
B1942113827587N11203615WA0395004208
B1942123827583N11203603WA0395004209
B1942133827579N11203591WA0395004210
B1942143827575N11203579WA0395004210
B1942143827575N11203579WA0395004210
B1942153827570N11203567WA0395104210
B1942163827565N11203554WA0395104210
B1942173827560N11203543WA0395104211
B1942183827555N11203531WA0395104211
B1942193827550N11203520WA0395204212
B1942203827545N11203508WA0395204213
B1942213827541N11203496WA0395304214
B1942223827536N11203485WA0395304214
B1942233827531N11203473WA0395304214
B1942243827526N11203461WA0395404214
B1942253827521N11203450WA0395404214
B1942263827516N11203438WA0395404214
B1942273827511N11203427WA0395504214
B1942283827506N11203415WA0395504214
B1942293827501N11203403WA0395504214
B1942303827497N11203391WA0395504214
B1942313827492N11203379WA0395504213
B1942323827486N11203368WA0395504212
B1942333827481N11203357WA0395504212
B1942343827476N11203346WA0395504211
B1942353827471N11203335WA0395504211
B1942363827466N11203324WA0395504210
B1942373827461N11203313WA0395504210
B1942383827456N11203303WA0395404209
B1942393827450N11203292WA0395404208
B1942403827445N11203282WA0395404207
B1942413827440N11203271WA0395304206
B1942423827435N11203260WA0395304206
B1942433827429N11203250WA0395204206
B1942443827424N11203239WA0395204206
B1942453827419N11203229WA0395204206
B1942463827413N11203218WA0395104205
B1942473827408N11203208WA0395104205
B1942483827402N11203198WA0395104205
B1942493827397N11203187WA0395004206
B1942503827392N11203177WA0395004207
B1942513827388N11203167WA0395104208
B1942523827383N11203157WA0395104209
B1942533827379N11203146WA0395104209
B1942543827373N11203136WA0395104209
B1942553827367N11203126WA0395104208
B1942563827361N11203116WA0395104207
B1942573827355N11203106WA0395104206
B1942583827349N11203097WA0395104206
B1942593827344N11203088WA0395104207
B1943003827339N11203080WA0395104207
B1943013827334N11203072WA0395104206
B1943023827328N11203064WA0395004204
B1943033827322N11203055WA0395004201
B1943043827316N11203047WA0394904198
B1943053827310N11203038WA0394804196
B1943063827303N11203030WA0394704194
B1943073827297N11203022WA0394604193
B1943083827291N11203013WA0394504192
B1943093827285N11203004WA0394404190
B1943103827279N11202994WA0394204187
B1943113827273N11202985WA0394104185
B1943123827267N11202975WA0394004183
B1943133827261N11202966WA0393804182
B1943143827256N11202957WA0393604180
B1943153827250N11202949WA0393504178
B1943163827244N11202940WA0393304176
B1943163827244N11202940WA0393304176
B1943173827238N11202931WA0393204174
B1943183827233N11202922WA0393004171
B1943193827227N11202913WA0392804168
B1943203827221N11202904WA0392704165
B1943213827215N11202894WA0392404162
B1943223827209N11202884WA0392204160
B1943233827203N11202874WA0392004157
B1943243827196N11202865WA0391804155
B1943253827189N11202856WA0391604153
B1943263827182N11202847WA0391404151
B1943273827175N11202837WA0391204150
B1943283827168N11202827WA0391004149
B1943293827161N11202817WA0390804149
B1943303827155N11202808WA0390704151
B1943313827150N11202799WA0390604155
B1943323827145N11202790WA0390504158
B1943333827140N11202781WA0390504159
B1943343827135N11202771WA0390504159
B1943353827130N11202762WA0390504160
B1943363827126N11202752WA0390504160
B1943373827121N11202742WA0390604161
B1943383827116N11202732WA0390604161
B1943393827110N11202722WA0390604162
B1943403827105N11202714WA0390604162
B1943413827100N11202706WA0390604164
B1943423827096N11202699WA0390704167
B1943433827093N11202693WA0390804169
B1943443827089N11202686WA0390904170
B1943453827085N11202679WA0391004171
B1943463827081N11202672WA0391104171
B1943473827077N11202665WA0391204172
B1943483827072N11202657WA0391304172
B1943493827068N11202650WA0391404173
B1943503827063N11202643WA0391404175
B1943513827059N11202636WA0391604176
B1943523827055N11202629WA0391604177
B1943533827051N11202622WA0391704177
B1943543827048N11202614WA0391804176
B1943553827044N11202605WA0391904175
B1943563827039N11202596WA0391904173
B1943573827036N11202588WA0391904173
B1943583827032N11202580WA0391904174
B1943593827030N11202573WA0391904175
B1944003827028N11202566WA0392004174
B1944013827025N11202558WA0392004171
B1944023827022N11202549WA0392004167
B1944033827018N11202541WA0391904163
B1944043827013N11202533WA0391804159
B1944053827008N11202525WA0391604157
B1944063827003N11202518WA0391404155
B1944073826999N11202511WA0391204155
B1944083826994N11202504WA0391104154
B1944093826990N11202496WA0391004153
B1944103826985N11202489WA0390904153
B1944113826980N11202481WA0390804154
B1944123826975N11202473WA0390704155
B1944133826970N11202465WA0390604154
B1944143826965N11202457WA0390604152
B1944153826959N11202447WA0390404151
B1944163826954N11202438WA0390404152
B1944173826949N11202430WA0390304153
B1944183826945N11202421WA0390304154
B1944193826941N11202413WA0390304156
B1944203826937N11202403WA0390304158
B1944203826937N11202403WA0390304158
B1944213826934N11202394WA0390304160
B1944223826931N11202384WA0390404159
B1944233826926N11202375WA0390404158
B1944243826921N11202365WA0390404157
B1944253826916N11202356WA0390404157
B1944263826911N11202347WA0390404157
B1944273826906N11202339WA0390404158
B1944283826901N11202331WA0390404159
B1944293826896N11202323WA0390404159
B1944303826890N11202314WA0390404158
B1944313826884N11202306WA0390404157
B1944323826877N11202297WA0390404156
B1944333826870N11202288WA0390404156
B1944343826864N11202278WA0390304156
B1944353826858N11202269WA0390304158
B1944363826853N11202260WA0390304162
B1944373826848N11202252WA0390404166
B1944383826845N11202245WA0390504170
B1944393826841N11202238WA0390804174
B1944403826837N11202232WA0390904176
B1944413826833N11202226WA0391104177
B1944423826830N11202221WA0391204179
B1944433826826N11202216WA0391504180
B1944443826822N11202211WA0391604180
B1944453826818N11202206WA0391704180
B1944463826813N11202201WA0391804178
B1944473826808N11202195WA0391904177
B1944483826803N11202188WA0391904176
B1944493826798N11202181WA0392004174
B1944503826793N11202174WA0392004174
B1944513826789N11202166WA0392004175
B1944523826785N11202159WA0392004175
B1944533826780N11202151WA0392004174
B1944543826775N11202143WA0392004170
B1944553826770N11202134WA0392004166
B1944563826763N11202126WA0391904162
B1944573826756N11202117WA0391704158
B1944583826749N11202108WA0391604155
B1944593826743N11202100WA0391304153
B1945003826737N11202093WA0391204155
B1945013826732N11202087WA0391104159
B1945023826726N11202081WA0391104162
B1945033826721N11202076WA0391104164
B1945043826715N11202071WA0391104166
B1945053826710N11202066WA0391204169
B1945063826705N11202061WA0391304173
B1945073826700N11202055WA0391404176
B1945083826695N11202051WA0391504178
B1945093826690N11202046WA0391704180
B1945103826684N11202042WA0391804182
B1945113826679N11202037WA0391904182
B1945123826673N11202032WA0392004181
B1945133826668N11202025WA0392104179
B1945143826662N11202018WA0392204177
B1945153826656N11202011WA0392204177
B1945163826650N11202004WA0392204176
B1945173826644N11201998WA0392204177
B1945183826639N11201992WA0392304176
B1945193826633N11201987WA0392304176
B1945203826627N11201981WA0392304177
B1945213826622N11201976WA0392304177
B1945223826616N11201972WA0392304178
B1945233826611N11201967WA0392404179
B1945233826611N11201967WA0392404179
B1945243826605N11201961WA0392404180
B1945253826600N11201956WA0392504181
B1945263826594N11201951WA0392504180
B1945273826588N11201946WA0392504179
B1945283826581N11201940WA0392504177
B1945293826573N11201933WA0392504176
B1945303826566N11201927WA0392504178
B1945313826559N11201922WA0392504182
B1945323826554N11201917WA0392604187
B1945333826549N11201913WA0392704192
B1945343826544N11201909WA0392804196
B1945353826539N11201905WA0393004198
B1945363826534N11201899WA0393204200
B1945373826530N11201891WA0393404201
B1945383826528N11201880WA0393504202
B1945393826528N11201869WA0393704202
B1945403826532N11201859WA0393804202
B1945413826537N11201851WA0393904203
B1945423826543N11201846WA0394004204
B1945433826549N11201845WA0394104205
B1945443826554N11201846WA0394204207
B1945453826558N11201849WA0394404210
B1945463826559N11201854WA0394504213
B1945473826559N11201859WA0394704216
B1945483826557N11201863WA0394804218
B1945493826555N11201867WA0395004220
B1945503826552N11201870WA0395204223
B1945513826548N11201870WA0395404225
B1945523826542N11201868WA0395504226
B1945533826536N11201863WA0395704226
B1945543826531N11201855WA0395804226
B1945553826528N11201845WA0396004227
B1945563826527N11201835WA0396104229
B1945573826528N11201825WA0396304230
B1945583826532N11201816WA0396404230
B1945593826536N11201808WA0396504231
B1946003826541N11201801WA0396604231
B1946013826545N11201794WA0396704233
B1946023826550N11201787WA0396804234
B1946033826556N11201782WA0397004235
B1946043826562N11201779WA0397104236
B1946053826567N11201780WA0397204237
B1946063826570N11201783WA0397304239
B1946073826571N11201788WA0397404241
B1946083826569N11201793WA0397504242
B1946093826564N11201796WA0397604243
B1946103826559N11201798WA0397704245
B1946113826553N11201796WA0397904247
B1946123826548N11201793WA0397904250
B1946133826543N11201788WA0398104252
B1946143826539N11201782WA0398304253
B1946153826534N11201776WA0398404253
B1946163826529N11201770WA0398504253
B1946173826524N11201763WA0398704253
B1946183826519N11201756WA0398804252
B1946193826513N11201748WA0398804251
B1946203826508N11201739WA0398904250
B1946213826503N11201729WA0398904249
B1946223826498N11201719WA0398904249
B1946233826493N11201708WA0398904248
B1946243826488N11201699WA0399004248
B1946253826483N11201689WA0399004250
B1946263826478N11201681WA0399004251
B1946273826473N11201673WA0399104252
B1946273826473N11201673WA0399104252
B1946283826468N11201666WA0399104253
B1946293826463N11201660WA0399204254
B1946303826458N11201655WA0399204254
B1946313826453N11201649WA0399304253
B1946323826447N11201642WA0399304252
B1946333826442N11201636WA0399304251
B1946343826436N11201628WA0399304250
B1946353826431N11201620WA0399304249
B1946363826425N11201613WA0399304248
B1946373826420N11201605WA0399304248
B1946383826415N11201598WA0399304246
B1946393826410N11201590WA0399204245
B1946403826404N11201582WA0399104243
B1946413826399N11201573WA0399104240
B1946423826393N11201565WA0399004239
B1946433826389N11201557WA0398804238
B1946443826384N11201550WA0398804238
B1946453826380N11201543WA0398704238
B1946463826375N11201537WA0398604236
B1946473826370N11201530WA0398504234
B1946483826365N11201523WA0398504232
B1946493826360N11201515WA0398304231
B1946503826354N11201507WA0398204230
B1946513826348N11201500WA0398104229
B1946523826342N11201494WA0398004229
B1946533826336N11201487WA0397904228
B1946543826330N11201481WA0397904228
B1946553826325N11201475WA0397804228
B1946563826319N11201468WA0397704228
B1946573826314N11201462WA0397704228
B1946583826308N11201455WA0397604227
B1946593826302N11201449WA0397504226
B1947003826297N11201443WA0397504224
B1947013826291N11201437WA0397404223
B1947023826284N11201432WA0397304222
B1947033826278N11201426WA0397204221
B1947043826272N11201420WA0397204220
B1947053826265N11201414WA0397104218
B1947063826259N11201407WA0397004216
B1947073826252N11201401WA0396804214
B1947083826246N11201394WA0396704212
B1947093826239N11201387WA0396604210
B1947103826233N11201380WA0396504209
B1947113826227N11201372WA0396304208
B1947123826222N11201364WA0396204206
B1947133826216N11201355WA0396104205
B1947143826211N11201346WA0396004205
B1947153826207N11201336WA0395904204
B1947163826202N11201327WA0395804203
B1947173826197N11201318WA0395704203
B1947183826192N11201309WA0395604202
B1947193826187N11201299WA0395504200
B1947203826182N11201289WA0395404199
B1947213826177N11201279WA0395304198
B1947223826173N11201269WA0395204198
B1947233826169N11201259WA0395104198
B1947243826164N11201250WA0395004197
B1947253826160N11201241WA0394904195
B1947263826155N11201232WA0394904192
B1947273826149N11201222WA0394704188
B1947283826144N11201212WA0394604185
B1947293826138N11201202WA0394404182
B1947293826138N11201202WA0394404182
B1947303826132N11201192WA0394204181
B1947313826127N11201183WA0394004180
B1947323826122N11201174WA0393904179
B1947333826117N11201164WA0393704177
B1947343826111N11201155WA0393604175
B1947353826106N11201145WA0393404172
B1947363826101N11201136WA0393204170
B1947373826095N11201126WA0393004168
B1947383826090N11201116WA0392904165
B1947393826085N11201105WA0392704163
B1947403826081N11201094WA0392504161
B1947413826079N11201083WA0392404158
B1947423826078N11201072WA0392104155
B1947433826078N11201060WA0392004151
B1947443826079N11201049WA0391704147
B1947453826080N11201037WA0391404142
B1947463826080N11201024WA0391104138
B1947473826080N11201011WA0390804134
B1947483826078N11200998WA0390504130
B1947493826075N11200986WA0390204128
B1947503826071N11200976WA0389904126
B1947513826066N11200967WA0389604124
B1947523826060N11200959WA0389404122
B1947533826055N11200951WA0389104121
B1947543826050N11200943WA0388904119
B1947553826044N11200936WA0388604118
B1947563826038N11200928WA0388404116
B1947573826032N11200921WA0388204116
B1947583826026N11200914WA0388004115
B1947593826020N11200907WA0387804114
B1948003826014N11200901WA0387704113
B1948013826008N11200894WA0387504112
B1948023826001N11200887WA0387304110
B1948033825995N11200880WA0387104109
B1948043825988N11200871WA0387004108
B1948053825982N11200864WA0386804109
B1948063825977N11200857WA0386704110
B1948073825972N11200849WA0386604112
B1948083825968N11200842WA0386604113
B1948093825964N11200834WA0386604112
B1948103825959N11200826WA0386504112
B1948113825954N11200818WA0386504111
B1948123825949N11200811WA0386504112
B1948133825944N11200804WA0386404112
B1948143825940N11200797WA0386404113
B1948153825935N11200790WA0386404113
B1948163825930N11200783WA0386404113
B1948173825925N11200776WA0386404112
B1948183825920N11200768WA0386404111
B1948193825914N11200760WA0386404111
B1948203825908N11200752WA0386304111
B1948213825903N11200745WA0386304111
B1948223825898N11200738WA0386304112
B1948233825893N11200730WA0386304112
B1948243825888N11200722WA0386304111
B1948253825883N11200712WA0386304110
B1948263825877N11200703WA0386204108
B1948273825871N11200694WA0386204105
B1948283825865N11200686WA0386104103
B1948293825859N11200679WA0386004101
B1948303825853N11200672WA0385904100
B1948313825848N11200664WA0385704098
B1948313825848N11200664WA0385704098
B1948323825842N11200655WA0385604097
B1948333825837N11200647WA0385504095
B1948343825831N11200639WA0385404093
B1948353825825N11200631WA0385304091
B1948363825819N11200624WA0385104089
B1948373825812N11200616WA0385004086
B1948383825805N11200608WA0384804084
B1948393825798N11200601WA0384604082
B1948403825791N11200594WA0384404080
B1948413825785N11200586WA0384304078
B1948423825778N11200579WA0384104076
B1948433825772N11200572WA0383904074
B1948443825765N11200565WA0383704072
B1948453825759N11200558WA0383604069
B1948463825752N11200551WA0383304067
B1948473825746N11200544WA0383204066
B1948483825739N11200537WA0382904065
B1948493825734N11200530WA0382804064
B1948503825728N11200522WA0382604062
B1948513825723N11200514WA0382504059
B1948523825718N11200505WA0382304055
B1948533825712N11200496WA0382004051
B1948543825706N11200488WA0381804049
B1948553825700N11200479WA0381604046
B1948563825694N11200471WA0381404043
B1948573825689N11200462WA0381204041
B1948583825684N11200454WA0380904039
B1948593825679N11200445WA0380704036
B1949003825674N11200435WA0380504034
B1949013825670N11200425WA0380304031
B1949023825666N11200416WA0380004030
B1949033825662N11200406WA0379804028
B1949043825658N11200397WA0379604026
B1949053825654N11200386WA0379404023
B1949063825651N11200374WA0379104020
B1949073825648N11200362WA0378904016
B1949083825644N11200350WA0378604014
B1949093825641N11200339WA0378404011
B1949103825637N11200329WA0378204009
B1949113825634N11200318WA0378004006
B1949123825631N11200306WA0377704003
B1949133825628N11200294WA0377503999
B1949143825624N11200282WA0377103995
B1949153825621N11200270WA0376803991
B1949163825618N11200258WA0376503988
B1949173825615N11200246WA0376303985
B1949183825613N11200235WA0376003982
B1949193825611N11200223WA0375703979
B1949203825609N11200210WA0375403975
B1949213825606N11200198WA0375103971
B1949223825604N11200185WA0374803968
B1949233825601N11200172WA0374503966
B1949243825598N11200159WA0374203964
B1949253825596N11200146WA0373903964
B1949263825594N11200134WA0373703962
B1949273825591N11200122WA0373503961
B1949283825588N11200110WA0373203959
B1949293825585N11200099WA0373003957
B1949303825583N11200087WA0372803955
B1949313825581N11200075WA0372603954
B1949323825579N11200063WA0372403953
B1949333825578N11200051WA0372303951
B1949343825575N11200039WA0372103948
B1949343825575N11200039WA0372103948
B1949353825573N11200027WA0371903946
B1949363825570N11200015WA0371703943
B1949373825567N11200003WA0371503941
B1949383825565N11159991WA0371303939
B1949393825562N11159979WA0371103937
B1949403825559N11159967WA0370903937
B1949413825556N11159956WA0370703936
B1949423825553N11159945WA0370603936
B1949433825550N11159934WA0370403935
B1949443825547N11159922WA0370303934
B1949453825544N11159911WA0370203932
B1949463825541N11159900WA0370003931
B1949473825537N11159888WA0369903930
B1949483825533N11159877WA0369703929
B1949493825529N11159866WA0369603928
B1949503825524N11159857WA0369503929
B1949513825520N11159847WA0369403929
B1949523825515N11159839WA0369303929
B1949533825510N11159830WA0369303928
B1949543825504N11159822WA0369203927
B1949553825499N11159814WA0369103926
B1949563825493N11159806WA0369003925
B1949573825487N11159799WA0368903924
B1949583825482N11159791WA0368803923
B1949593825477N11159784WA0368803921
B1950003825471N11159776WA0368703917
B1950013825465N11159768WA0368603914
B1950023825458N11159760WA0368403910
B1950033825451N11159753WA0368203908
B1950043825445N11159746WA0368003907
B1950053825439N11159739WA0367803906
B1950063825433N11159732WA0367703905
B1950073825427N11159725WA0367603903
B1950083825421N11159718WA0367403900
B1950093825414N11159711WA0367203897
B1950103825407N11159703WA0367003895
B1950113825401N11159696WA0366903892
B1950123825394N11159689WA0366603890
B1950133825388N11159683WA0366503888
B1950143825382N11159676WA0366203886
B1950153825376N11159668WA0366103884
B1950163825370N11159660WA0365903880
B1950173825362N11159651WA0365703875
B1950183825355N11159643WA0365403872
B1950193825347N11159635WA0365203870
B1950203825340N11159628WA0364803869
B1950213825334N11159622WA0364703870
B1950223825329N11159615WA0364403870
B1950233825324N11159609WA0364203868
B1950243825318N11159602WA0364103864
B1950253825311N11159595WA0363903860
B1950263825305N11159587WA0363703855
B1950273825297N11159580WA0363503851
B1950283825291N11159574WA0363103849
B1950293825284N11159567WA0362903849
B1950303825279N11159561WA0362703849
B1950313825275N11159554WA0362503849
B1950323825271N11159547WA0362303848
B1950333825267N11159539WA0362203845
B1950343825262N11159531WA0362003841
B1950353825257N11159523WA0361803837
B1950363825252N11159515WA0361603835
B1950363825252N11159515WA0361603835
B1950373825247N11159507WA0361403832
B1950383825243N11159500WA0361103830
B1950393825239N11159493WA0360903829
B1950403825235N11159486WA0360703828
B1950413825231N11159479WA0360503826
B1950423825226N11159473WA0360303823
B1950433825221N11159466WA0360103819
B1950443825216N11159460WA0359903815
B1950453825210N11159454WA0359703812
B1950463825205N11159448WA0359303809
B1950473825200N11159442WA0359103806
B1950483825196N11159436WA0358803803
B1950493825191N11159430WA0358603800
B1950503825186N11159424WA0358303796
B1950513825181N11159417WA0358103791
B1950523825176N11159411WA0357703787
B1950533825170N11159403WA0357503783
B1950543825165N11159396WA0357103779
B1950553825159N11159389WA0356803776
B1950563825154N11159383WA0356403774
B1950573825148N11159377WA0356203772
B1950583825143N11159371WA0355903769
B1950593825138N11159364WA0355603766
B1951003825132N11159357WA0355303763
B1951013825126N11159349WA0355103759
B1951023825120N11159341WA0354703756
B1951033825114N11159333WA0354503753
B1951043825108N11159324WA0354103752
B1951053825102N11159316WA0353903751
B1951063825097N11159308WA0353603751
B1951073825091N11159301WA0353403753
B1951083825087N11159295WA0353203755
B1951093825083N11159289WA0353103759
B1951103825080N11159284WA0353103763
B1951113825077N11159279WA0353103764
B1951123825073N11159273WA0353203765
B1951133825070N11159266WA0353203764
B1951143825066N11159258WA0353203763
B1951153825063N11159249WA0353203764
B1951163825060N11159242WA0353203766
B1951173825058N11159234WA0353203767
B1951183825055N11159227WA0353203769
B1951193825053N11159219WA0353303770
B1951203825051N11159211WA0353403772
B1951213825049N11159202WA0353403775
B1951223825048N11159193WA0353603777
B1951233825046N11159184WA0353603780
B1951243825045N11159175WA0353803784
B1951253825045N11159166WA0353903788
B1951263825047N11159156WA0354203791
B1951273825052N11159147WA0354303794
B1951283825059N11159141WA0354603795
B1951293825068N11159137WA0354703796
B1951303825077N11159137WA0354903797
B1951313825085N11159141WA0355003798
B1951323825091N11159146WA0355203801
B1951333825093N11159152WA0355303802
B1951343825092N11159156WA0355503804
B1951353825090N11159157WA0355603806
B1951363825087N11159156WA0355803809
B1951373825083N11159153WA0356003812
B1951383825081N11159148WA0356203816
B1951383825081N11159148WA0356203816
B1951393825079N11159140WA0356403819
B1951403825080N11159130WA0356703820
B1951413825084N11159119WA0356803821
B1951423825090N11159111WA0357103822
B1951433825099N11159105WA0357203824
B1951443825108N11159103WA0357403825
B1951453825116N11159104WA0357503826
B1951463825124N11159106WA0357703828
B1951473825131N11159110WA0357803831
B1951483825137N11159113WA0358003833
B1951493825142N11159117WA0358103835
B1951503825145N11159121WA0358303836
B1951513825147N11159127WA0358503837
B1951523825146N11159133WA0358603836
B1951533825144N11159139WA0358703837
B1951543825141N11159142WA0358903839
B1951553825139N11159145WA0359003841
B1951563825136N11159146WA0359203845
B1951573825134N11159145WA0359303848
B1951583825132N11159144WA0359503850
B1951593825130N11159141WA0359703851
B1952003825127N11159136WA0359903851
B1952013825126N11159128WA0360003850
B1952023825127N11159118WA0360203850
B1952033825130N11159108WA0360303850
B1952043825136N11159097WA0360403852
B1952053825142N11159088WA0360503853
B1952063825147N11159080WA0360603858
B1952073825152N11159072WA0360703862
B1952083825156N11159065WA0361003865
B1952093825160N11159057WA0361103866
B1952103825164N11159049WA0361303866
B1952113825168N11159040WA0361503866
B1952123825171N11159031WA0361703866
B1952133825172N11159021WA0361803866
B1952143825172N11159012WA0361903866
B1952153825171N11159004WA0362003867
B1952163825170N11158997WA0362103867
B1952173825167N11158991WA0362103867
B1952183825165N11158984WA0362203867
B1952193825163N11158977WA0362303867
B1952203825161N11158970WA0362303867
B1952213825158N11158963WA0362403866
B1952223825155N11158955WA0362403866
B1952233825152N11158947WA0362503865
B1952243825149N11158939WA0362503865
B1952253825147N11158931WA0362503866
B1952263825145N11158924WA0362503867
B1952273825142N11158917WA0362603866
B1952283825139N11158909WA0362603865
B1952293825136N11158901WA0362603864
B1952303825133N11158894WA0362603864
B1952313825129N11158886WA0362603864
B1952323825125N11158880WA0362603865
B1952333825121N11158874WA0362603866
B1952343825117N11158868WA0362703868
B1952353825114N11158862WA0362703870
B1952363825111N11158855WA0362803873
B1952373825108N11158849WA0362903875
B1952383825104N11158843WA0363003877
B1952393825100N11158836WA0363103878
B1952403825095N11158830WA0363203880
B1952413825091N11158824WA0363303883
B1952413825091N11158824WA0363303883
B1952423825087N11158818WA0363503886
B1952433825084N11158811WA0363603889
B1952443825081N11158804WA0363803890
B1952453825078N11158797WA0363903892
B1952463825075N11158789WA0364103893
B1952473825071N11158782WA0364303894
B1952483825068N11158775WA0364403896
B1952493825064N11158769WA0364603897
B1952503825060N11158764WA0364703898
B1952513825056N11158759WA0364903900
B1952523825053N11158754WA0365003901
B1952533825049N11158749WA0365103901
B1952543825045N11158744WA0365303901
B1952553825040N11158739WA0365403901
B1952563825036N11158734WA0365503901
B1952573825032N11158731WA0365503901
B1952583825028N11158729WA0365603901
B1952593825023N11158728WA0365703900
B1953003825019N11158727WA0365703899
B1953013825014N11158727WA0365803898
B1953023825008N11158725WA0365803897
B1953033825003N11158724WA0365803895
B1953043824997N11158722WA0365703894
B1953053824992N11158720WA0365703893
B1953063824987N11158718WA0365703893
B1953073824982N11158715WA0365603892
B1953083824977N11158712WA0365603891
B1953093824972N11158708WA0365603890
B1953103824967N11158704WA0365503889
B1953113824962N11158701WA0365403888
B1953123824957N11158698WA0365303888
B1953133824953N11158695WA0365303887
B1953143824949N11158692WA0365203885
B1953153824944N11158689WA0365203883
B1953163824940N11158684WA0365103881
B1953173824936N11158679WA0365003880
B1953183824933N11158674WA0364803879
B1953193824931N11158669WA0364803879
B1953203824930N11158663WA0364703878
B1953213824929N11158658WA0364603876
B1953223824928N11158651WA0364503873
B1953233824928N11158643WA0364403870
B1953243824930N11158635WA0364303867
B1953253824935N11158627WA0364103864
B1953263824941N11158621WA0363903862
B1953273824949N11158618WA0363803859
B1953283824957N11158618WA0363603858
B1953293824964N11158619WA0363503858
B1953303824970N11158622WA0363303857
B1953313824978N11158626WA0363203855
B1953323824986N11158630WA0363003852
B1953333824994N11158632WA0362803849
B1953343825001N11158632WA0362603848
B1953353825008N11158630WA0362503847
B1953363825015N11158629WA0362303845
B1953373825022N11158627WA0362203841
B1953383825030N11158626WA0361903838
B1953393825037N11158625WA0361803837
B1953403825045N11158624WA0361503836
B1953413825051N11158622WA0361403835
B1953423825058N11158620WA0361203835
B1953433825064N11158619WA0361003837
B1953443825070N11158617WA0360903839
B1953443825070N11158617WA0360903839
B1953453825076N11158616WA0360903840
B1953463825082N11158616WA0360803840
B1953473825088N11158615WA0360703840
B1953483825094N11158615WA0360703840
B1953493825100N11158614WA0360603840
B1953503825106N11158612WA0360603840
B1953513825112N11158610WA0360603840
B1953523825118N11158608WA0360503840
B1953533825124N11158605WA0360503839
B1953543825131N11158601WA0360403837
B1953553825139N11158597WA0360403836
B1953563825146N11158593WA0360303836
B1953573825152N11158588WA0360303837
B1953583825158N11158583WA0360203839
B1953593825163N11158578WA0360203842
B1954003825168N11158573WA0360303843
B1954013825173N11158568WA0360303845
B1954023825178N11158563WA0360403846
B1954033825183N11158558WA0360403847
B1954043825188N11158553WA0360503849
B1954053825194N11158547WA0360603851
B1954063825199N11158542WA0360703852
B1954073825204N11158536WA0360803853
B1954083825209N11158530WA0360903857
B1954093825213N11158524WA0361003861
B1954103825215N11158517WA0361203865
B1954113825215N11158508WA0361303868
B1954123825214N11158498WA0361603870
B1954133825210N11158489WA0361703872
B1954143825204N11158483WA0362003874
B1954153825197N11158480WA0362203877
B1954163825191N11158482WA0362403879
B1954173825186N11158487WA0362603882
B1954183825184N11158493WA0362803883
B1954193825184N11158499WA0363003885
B1954203825187N11158504WA0363203886
B1954213825191N11158506WA0363403886
B1954223825197N11158506WA0363603887
B1954233825203N11158503WA0363703887
B1954243825209N11158498WA0363803889
B1954253825215N11158492WA0364003893
B1954263825219N11158486WA0364203897
B1954273825222N11158479WA0364303902
B1954283825224N11158471WA0364603907
B1954293825223N11158462WA0364803911
B1954303825220N11158454WA0365103913
B1954313825215N11158448WA0365403916
B1954323825208N11158445WA0365703919
B1954333825203N11158447WA0365903923
B1954343825199N11158451WA0366203927
B1954353825198N11158457WA0366503931
B1954363825201N11158464WA0366803933
B1954373825205N11158468WA0367003935
B1954383825211N11158469WA0367403939
B1954393825217N11158467WA0367603944
B1954403825222N11158462WA0368003949
B1954413825226N11158453WA0368303953
B1954423825226N11158444WA0368703956
B1954433825224N11158435WA0368903960
B1954443825220N11158430WA0369303964
B1954453825214N11158428WA0369603967
B1954463825208N11158431WA0370003970
B1954473825204N11158436WA0370303974
B1954473825204N11158436WA0370303974
B1954483825202N11158443WA0370703977
B1954493825204N11158449WA0371003981
B1954503825208N11158454WA0371403986
B1954513825213N11158455WA0371603990
B1954523825218N11158453WA0372103993
B1954533825223N11158449WA0372403996
B1954543825228N11158442WA0372803998
B1954553825231N11158433WA0373004003
B1954563825231N11158425WA0373504007
B1954573825230N11158416WA0373704011
B1954583825225N11158409WA0374204014
B1954593825220N11158405WA0374404017
B1955003825214N11158404WA0374904020
B1955013825208N11158407WA0375104024
B1955023825205N11158413WA0375504029
B1955033825205N11158420WA0375804033
B1955043825208N11158425WA0376204037
B1955053825213N11158429WA0376504040
B1955063825219N11158430WA0377004043
B1955073825225N11158427WA0377204047
B1955083825230N11158420WA0377704051
B1955093825233N11158412WA0377904054
B1955103825233N11158402WA0378404058
B1955113825232N11158393WA0378604062
B1955123825228N11158386WA0379004066
B1955133825223N11158381WA0379304068
B1955143825217N11158380WA0379704072
B1955153825211N11158381WA0380004076
B1955163825207N11158384WA0380404080
B1955173825203N11158389WA0380704084
B1955183825202N11158395WA0381104088
B1955193825202N11158400WA0381404093
B1955203825205N11158406WA0381804096
B1955213825209N11158410WA0382104100
B1955223825215N11158411WA0382604103
B1955233825221N11158410WA0382804106
B1955243825226N11158405WA0383204109
B1955253825230N11158398WA0383504112
B1955263825233N11158390WA0383904115
B1955273825233N11158380WA0384104118
B1955283825231N11158371WA0384504121
B1955293825229N11158364WA0384804125
B1955303825225N11158358WA0385204127
B1955313825219N11158353WA0385404129
B1955323825214N11158350WA0385804131
B1955333825208N11158348WA0386004135
B1955343825202N11158349WA0386304138
B1955353825198N11158351WA0386604141
B1955363825194N11158356WA0386904144
B1955373825193N11158362WA0387104145
B1955383825193N11158367WA0387504149
B1955393825196N11158372WA0387704152
B1955403825200N11158375WA0388004155
B1955413825205N11158376WA0388304157
B1955423825211N11158375WA0388604160
B1955433825216N11158370WA0388804163
B1955443825220N11158362WA0389104165
B1955453825222N11158352WA0389304168
B1955463825222N11158342WA0389704170
B1955473825219N11158332WA0389904174
B1955483825214N11158326WA0390204177
B1955493825208N11158323WA0390404179
B1955493825208N11158323WA0390404179
B1955503825201N11158325WA0390704180
B1955513825197N11158331WA0390904180
B1955523825195N11158338WA0391204181
B1955533825198N11158345WA0391404183
B1955543825202N11158349WA0391604186
B1955553825207N11158350WA0391804189
B1955563825213N11158349WA0392104192
B1955573825218N11158345WA0392204195
B1955583825222N11158339WA0392504198
B1955593825225N11158330WA0392704201
B1956003825226N11158320WA0393004203
B1956013825226N11158310WA0393204206
B1956023825223N11158301WA0393504208
B1956033825219N11158294WA0393704210
B1956043825213N11158288WA0393904210
B1956053825207N11158285WA0394104211
B1956063825201N11158285WA0394304212
B1956073825196N11158287WA0394404213
B1956083825193N11158291WA0394604214
B1956093825191N11158296WA0394704214
B1956103825190N11158302WA0394904214
B1956113825190N11158308WA0395004214
B1956123825191N11158313WA0395104214
B1956133825192N11158319WA0395204214
B1956143825194N11158324WA0395304214
B1956153825197N11158329WA0395404215
B1956163825200N11158335WA0395504217
B1956173825203N11158341WA0395504218
B1956183825205N11158346WA0395604221
B1956193825208N11158351WA0395704223
B1956203825210N11158356WA0395904226
B1956213825213N11158359WA0396004227
B1956223825217N11158362WA0396204228
B1956233825222N11158362WA0396304228
B1956243825228N11158359WA0396404227
B1956253825233N11158353WA0396504225
B1956263825236N11158344WA0396504224
B1956273825237N11158335WA0396604225
B1956283825237N11158325WA0396604225
B1956293825235N11158316WA0396604226
B1956303825233N11158307WA0396704228
B1956313825231N11158299WA0396704230
B1956323825229N11158290WA0396804234
B1956333825227N11158283WA0396904237
B1956343825225N11158277WA0397104241
B1956353825222N11158271WA0397204244
B1956363825219N11158266WA0397404246
B1956373825215N11158262WA0397604247
B1956383825210N11158260WA0397804248
B1956393825204N11158260WA0397904247
B1956403825199N11158263WA0398004247
B1956413825196N11158268WA0398104248
B1956423825194N11158273WA0398304248
B1956433825193N11158279WA0398304248
B1956443825194N11158286WA0398404248
B1956453825195N11158292WA0398504249
B1956463825196N11158299WA0398604250
B1956473825198N11158305WA0398604251
B1956483825200N11158311WA0398704253
B1956493825202N11158317WA0398804254
B1956503825205N11158324WA0398904254
B1956513825208N11158330WA0399004255
B1956523825211N11158336WA0399104255
B1956523825211N11158336WA0399104255
B1956533825215N11158341WA0399104255
B1956543825220N11158344WA0399204255
B1956553825226N11158345WA0399204254
B1956563825232N11158343WA0399304252
B1956573825239N11158339WA0399304250
B1956583825244N11158332WA0399204248
B1956593825247N11158323WA0399204247
B1957003825248N11158313WA0399104246
B1957013825248N11158303WA0399104245
B1957023825246N11158292WA0399004243
B1957033825244N11158282WA0399004241
B1957043825241N11158271WA0398804241
B1957053825239N11158262WA0398804241
B1957063825237N11158253WA0398704242
B1957073825235N11158244WA0398704241
B1957083825233N11158235WA0398604241
B1957093825231N11158226WA0398604241
B1957103825229N11158218WA0398504241
B1957113825227N11158210WA0398504242
B1957123825224N11158203WA0398504244
B1957133825220N11158196WA0398604246
B1957143825217N11158189WA0398604248
B1957153825214N11158182WA0398604249
B1957163825212N11158175WA0398704250
B1957173825210N11158168WA0398804251
B1957183825207N11158160WA0398804250
B1957193825205N11158151WA0398904247
B1957203825202N11158141WA0398804245
B1957213825199N11158132WA0398804244
B1957223825195N11158123WA0398804244
B1957233825192N11158115WA0398804245
B1957243825189N11158107WA0398704245
B1957253825186N11158099WA0398704245
B1957263825182N11158091WA0398704244
B1957273825179N11158083WA0398704244
B1957283825176N11158074WA0398704244
B1957293825174N11158066WA0398704245
B1957303825171N11158058WA0398704245
B1957313825169N11158050WA0398704245
B1957323825167N11158041WA0398704246
B1957333825165N11158033WA0398704246
B1957343825162N11158024WA0398704245
B1957353825160N11158016WA0398704244
B1957363825156N11158008WA0398604243
B1957373825153N11158000WA0398604241
B1957383825150N11157992WA0398504239
B1957393825147N11157984WA0398504238
B1957403825145N11157974WA0398404236
B1957413825143N11157965WA0398304235
B1957423825141N11157957WA0398204234
B1957433825139N11157948WA0398104233
B1957443825136N11157940WA0398004232
B1957453825133N11157932WA0397904230
B1957463825130N11157924WA0397804227
B1957473825127N11157915WA0397704225
B1957483825124N11157906WA0397504223
B1957493825121N11157898WA0397404223
B1957503825119N11157891WA0397304223
B1957513825117N11157884WA0397204223
B1957523825114N11157877WA0397104221
B1957533825111N11157870WA0397004219
B1957543825108N11157862WA0396904217
B1957553825104N11157855WA0396804214
B1957553825104N11157855WA0396804214
B1957563825101N11157847WA0396604213
B1957573825098N11157839WA0396504211
B1957583825095N11157831WA0396304210
B1957593825092N11157823WA0396204208
B1958003825089N11157815WA0396104207
B1958013825087N11157808WA0396004206
B1958023825084N11157801WA0395804205
B1958033825081N11157794WA0395704203
B1958043825078N11157788WA0395504200
B1958053825074N11157781WA0395404197
B1958063825071N11157773WA0395204194
B1958073825067N11157764WA0395004192
B1958083825064N11157756WA0394804191
B1958093825061N11157749WA0394704191
B1958103825059N11157742WA0394504191
B1958113825056N11157735WA0394404190
B1958123825052N11157728WA0394204188
B1958133825049N11157721WA0394104186
B1958143825045N11157713WA0394004184
B1958153825042N11157705WA0393804183
B1958163825039N11157697WA0393704183
B1958173825036N11157690WA0393604184
B1958183825033N11157683WA0393504183
B1958193825030N11157676WA0393404182
B1958203825027N11157669WA0393304181
B1958213825024N11157661WA0393204179
B1958223825021N11157653WA0393004178
B1958233825018N11157646WA0393004176
B1958243825014N11157639WA0392804174
B1958253825011N11157631WA0392704171
B1958263825007N11157624WA0392504169
B1958273825003N11157617WA0392404168
B1958283824999N11157610WA0392304167
B1958293824995N11157603WA0392104166
B1958303824991N11157596WA0392004165
B1958313824987N11157589WA0391904164
B1958323824983N11157582WA0391704162
B1958333824979N11157574WA0391604160
B1958343824975N11157567WA0391404158
B1958353824970N11157558WA0391304156
B1958363824966N11157551WA0391104155
B1958373824962N11157543WA0391004154
B1958383824958N11157535WA0390904154
B1958393824955N11157528WA0390804153
B1958403824952N11157520WA0390604151
B1958413824947N11157512WA0390504148
B1958423824943N11157504WA0390304145
B1958433824938N11157495WA0390204142
B1958443824933N11157486WA0390004141
B1958453824929N11157478WA0389904140
B1958463824925N11157471WA0389604142
B1958473824920N11157466WA0389604143
B1958483824916N11157461WA0389504143
B1958493824911N11157457WA0389404142
B1958503824906N11157451WA0389404139
B1958513824901N11157443WA0389304138
B1958523824897N11157434WA0389204137
B1958533824893N11157425WA0389104136
B1958543824890N11157416WA0389004137
B1958553824887N11157409WA0388904138
B1958563824884N11157402WA0388904137
B1958573824880N11157395WA0388804136
B1958583824877N11157387WA0388804134
B1958593824873N11157379WA0388704133
B1958593824873N11157379WA0388704133
B1959003824869N11157371WA0388604132
B1959013824865N11157363WA0388504131
B1959023824861N11157356WA0388404131
B1959033824857N11157348WA0388404130
B1959043824853N11157340WA0388304129
B1959053824848N11157331WA0388204127
B1959063824843N11157322WA0388104125
B1959073824839N11157313WA0388004124
B1959083824835N11157303WA0387904125
B1959093824831N11157294WA0387804125
B1959103824827N11157285WA0387804125
B1959113824823N11157276WA0387704125
B1959123824820N11157266WA0387704124
B1959133824816N11157256WA0387604122
B1959143824812N11157246WA0387504119
B1959153824807N11157235WA0387404117
B1959163824802N11157225WA0387304114
B1959173824797N11157214WA0387204112
B1959183824793N11157205WA0387004110
B1959193824788N11157195WA0386904108
B1959203824784N11157187WA0386704105
B1959213824780N11157177WA0386604102
B1959223824776N11157168WA0386404099
B1959233824773N11157158WA0386304095
B1959243824770N11157147WA0386004092
B1959253824767N11157136WA0385804087
B1959263824764N11157125WA0385504083
B1959273824760N11157113WA0385304079
B1959283824757N11157102WA0385004076
B1959293824753N11157091WA0384804072
B1959303824750N11157080WA0384404069
B1959313824746N11157069WA0384204066
B1959323824743N11157058WA0383804062
B1959333824740N11157047WA0383604058
B1959343824737N11157035WA0383204054
B1959353824735N11157023WA0382904049
B1959363824733N11157011WA0382504046
B1959373824732N11156999WA0382204042
B1959383824731N11156987WA0381804038
B1959393824730N11156974WA0381604034
B1959403824730N11156961WA0381104029
B1959413824730N11156948WA0380904024
B1959423824730N11156934WA0380404020
B1959433824729N11156921WA0380104016
B1959443824729N11156907WA0379604013
B1959453824729N11156894WA0379404009
B1959463824729N11156880WA0378904005
B1959473824729N11156865WA0378603998
B1959483824729N11156848WA0378203991
B1959493824729N11156831WA0377803985
B1959503824730N11156814WA0377303981
B1959513824730N11156799WA0376903980
B1959523824731N11156784WA0376403980
B1959533824731N11156770WA0376203979
B1959543824732N11156757WA0375803978
B1959553824732N11156743WA0375603975
B1959563824732N11156729WA0375203970
B1959573824731N11156714WA0375003967
B1959583824731N11156701WA0374603967
B1959593824732N11156688WA0374403967
B2000003824733N11156676WA0374103967
B2000013824734N11156665WA0374003967
B2000013824734N11156665WA0374003967
B2000023824735N11156653WA0373803965
B2000033824737N11156641WA0373703964
B2000043824737N11156628WA0373503962
B2000053824738N11156615WA0373303960
B2000063824739N11156602WA0373103958
B2000073824740N11156589WA0373003959
B2000083824741N11156577WA0372803962
B2000093824742N11156566WA0372803965
B2000103824744N11156555WA0372803967
B2000113824745N11156543WA0372703968
B2000123824746N11156531WA0372803969
B2000133824748N11156518WA0372803970
B2000143824749N11156506WA0372803972
B2000153824750N11156493WA0372803974
B2000163824752N11156481WA0372903977
B2000173824754N11156469WA0373003979
B2000183824757N11156457WA0373103981
B2000193824761N11156446WA0373203982
B2000203824766N11156435WA0373303983
B2000213824771N11156427WA0373403985
B2000223824778N11156422WA0373503985
B2000233824784N11156420WA0373603986
B2000243824789N11156421WA0373703986
B2000253824791N11156423WA0373703986
B2000263824791N11156427WA0373803986
B2000273824788N11156430WA0373803985
B2000283824783N11156430WA0373903986
B2000293824778N11156427WA0373903989
B2000303824772N11156421WA0374003992
B2000313824767N11156414WA0374103994
B2000323824763N11156406WA0374303996
B2000333824758N11156398WA0374403998
B2000343824754N11156390WA0374504000
B2000353824750N11156381WA0374604001
B2000363824747N11156371WA0374804001
B2000373824744N11156360WA0374904001
B2000383824742N11156347WA0375004001
B2000393824741N11156334WA0375104001
B2000403824741N11156321WA0375204002
B2000413824742N11156309WA0375204002
B2000423824743N11156296WA0375304001
B2000433824743N11156283WA0375304001
B2000443824743N11156271WA0375404000
B2000453824743N11156257WA0375403998
B2000463824743N11156244WA0375403998
B2000473824743N11156230WA0375403998
B2000483824743N11156216WA0375403999
B2000493824744N11156203WA0375404001
B2000503824743N11156191WA0375504002
B2000513824743N11156178WA0375504004
B2000523824742N11156166WA0375604005
B2000533824742N11156153WA0375604005
B2000543824742N11156140WA0375704006
B2000553824742N11156127WA0375704006
B2000563824742N11156113WA0375804005
B2000573824741N11156099WA0375804005
B2000583824741N11156085WA0375804006
B2000593824740N11156070WA0375904006
B2001003824739N11156057WA0375904008
B2001013824738N11156044WA0376004009
B2001023824738N11156031WA0376004009
B2001033824737N11156018WA0376104009
B2001033824737N11156018WA0376104009
B2001043824736N11156006WA0376104009
B2001053824735N11155994WA0376104008
B2001063824734N11155981WA0376204007
B2001073824733N11155968WA0376204006
B2001083824732N11155955WA0376204006
B2001093824731N11155942WA0376204005
B2001103824729N11155929WA0376204004
B2001113824727N11155916WA0376104004
B2001123824724N11155903WA0376104003
B2001133824722N11155891WA0376104002
B2001143824719N11155878WA0376104001
B2001153824716N11155864WA0376004000
B2001163824713N11155852WA0375903998
B2001173824709N11155840WA0375903998
B2001183824705N11155829WA0375803997
B2001193824701N11155818WA0375703995
B2001203824697N11155806WA0375603992
B2001213824692N11155792WA0375603989
B2001223824688N11155778WA0375403987
B2001233824684N11155765WA0375303986
B2001243824681N11155751WA0375103987
B2001253824679N11155739WA0375103988
B2001263824676N11155727WA0375003989
B2001273824673N11155715WA0374903988
B2001283824671N11155702WA0374903987
B2001293824670N11155689WA0374803986
B2001303824669N11155676WA0374703986
B2001313824668N11155662WA0374703985
B2001323824667N11155649WA0374603985
B2001333824665N11155636WA0374503984
B2001343824662N11155622WA0374503983
B2001353824660N11155609WA0374403982
B2001363824658N11155596WA0374303983
B2001373824656N11155582WA0374303983
B2001383824654N11155569WA0374203983
B2001393824652N11155556WA0374203982
B2001403824649N11155544WA0374103982
B2001413824646N11155532WA0374103981
B2001423824643N11155519WA0374003980
B2001433824639N11155507WA0374003979
B2001443824636N11155496WA0373903980
B2001453824633N11155485WA0373903982
B2001463824631N11155475WA0373903982
B2001473824628N11155465WA0373903982
B2001483824624N11155454WA0373803980
B2001493824621N11155443WA0373803980
B2001503824618N11155432WA0373703981
B2001513824617N11155421WA0373703984
B2001523824617N11155410WA0373703986
B2001533824618N11155400WA0373803988
B2001543824620N11155389WA0373903989
B2001553824623N11155379WA0373903990
B2001563824625N11155368WA0374003990
B2001573824628N11155358WA0374003991
B2001583824633N11155347WA0374103990
B2001593824640N11155337WA0374103989
B2002003824648N11155331WA0374203988
B2002013824657N11155327WA0374203987
B2002023824665N11155326WA0374203987
B2002033824673N11155327WA0374203987
B2002043824678N11155330WA0374203988
B2002053824681N11155334WA0374203989
B2002063824683N11155338WA0374203991
B2002063824683N11155338WA0374203991
B2002073824684N11155340WA0374203994
B2002083824686N11155341WA0374303996
B2002093824687N11155341WA0374403998
B2002103824688N11155341WA0374503998
B2002113824687N11155342WA0374603997
B2002123824685N11155343WA0374603995
B2002133824680N11155342WA0374603993
B2002143824675N11155340WA0374603992
B2002153824671N11155335WA0374603993
B2002163824667N11155328WA0374603994
B2002173824664N11155320WA0374603994
B2002183824661N11155310WA0374603995
B2002193824660N11155302WA0374603996
B2002203824658N11155293WA0374703997
B2002213824656N11155285WA0374703997
B2002223824654N11155276WA0374803997
B2002233824652N11155268WA0374803997
B2002243824649N11155260WA0374903997
B2002253824646N11155252WA0374903998
B2002263824643N11155243WA0374903997
B2002273824641N11155234WA0374903997
B2002283824638N11155224WA0374903997
B2002293824636N11155214WA0374903997
B2002303824633N11155204WA0374903998
B2002313824631N11155194WA0374903998
B2002323824629N11155184WA0375003999
B2002333824628N11155174WA0375003999
B2002343824626N11155163WA0375003999
B2002353824625N11155154WA0375003998
B2002363824623N11155144WA0375003997
B2002373824620N11155134WA0375003996
B2002383824617N11155124WA0375003995
B2002393824614N11155115WA0374903994
B2002403824611N11155105WA0374803993
B2002413824609N11155095WA0374803992
B2002423824606N11155085WA0374803991
B2002433824604N11155075WA0374703990
B2002443824602N11155065WA0374603989
B2002453824600N11155055WA0374603988
B2002463824597N11155045WA0374503987
B2002473824596N11155035WA0374503985
B2002483824594N11155024WA0374403983
B2002493824592N11155013WA0374303981
B2002503824590N11155001WA0374203979
B2002513824587N11154990WA0374103978
B2002523824585N11154980WA0374003978
B2002533824583N11154969WA0373903978
B2002543824581N11154959WA0373803978
B2002553824580N11154948WA0373703977
B2002563824579N11154936WA0373703976
B2002573824577N11154925WA0373603975
B2002583824575N11154914WA0373503974
B2002593824573N11154902WA0373403972
B2003003824571N11154890WA0373303971
B2003013824570N11154878WA0373303970
B2003023824569N11154866WA0373103969
B2003033824568N11154855WA0373103968
B2003043824567N11154844WA0373003968
B2003053824566N11154832WA0372903966
B2003063824564N11154821WA0372803964
B2003073824562N11154810WA0372703962
B2003083824559N11154799WA0372603960
B2003093824557N11154788WA0372503960
B2003103824555N11154778WA0372403959
B2003103824555N11154778WA0372403959
B2003113824553N11154768WA0372303958
B2003123824550N11154758WA0372203956
B2003133824547N11154747WA0372103953
B2003143824544N11154737WA0371903950
B2003153824541N11154726WA0371703948
B2003163824537N11154716WA0371503946
B2003173824535N11154706WA0371403945
B2003183824532N11154696WA0371203944
B2003193824529N11154685WA0371103942
B2003203824526N11154675WA0370903940
B2003213824523N11154664WA0370803938
B2003223824520N11154652WA0370603937
B2003233824517N11154641WA0370503936
B2003243824514N11154631WA0370303936
B2003253824512N11154620WA0370203935
B2003263824509N11154610WA0370003933
B2003273824507N11154599WA0369903931
B2003283824504N11154588WA0369803928
B2003293824501N11154576WA0369603924
B2003303824499N11154564WA0369403921
B2003313824496N11154552WA0369203919
B2003323824494N11154541WA0369003918
B2003333824491N11154531WA0368803917
B2003343824488N11154521WA0368603915
B2003353824485N11154510WA0368503912
B2003363824482N11154498WA0368203908
B2003373824479N11154486WA0368003905
B2003383824475N11154474WA0367803903
B2003393824472N11154462WA0367603903
B2003403824468N11154452WA0367403902
B2003413824465N11154442WA0367203901
B2003423824462N11154431WA0367003900
B2003433824459N11154420WA0366903897
B2003443824456N11154409WA0366603894
B2003453824453N11154396WA0366503891
B2003463824450N11154384WA0366203888
B2003473824446N11154372WA0366103886
B2003483824443N11154360WA0365803884
B2003493824439N11154348WA0365603882
B2003503824436N11154336WA0365403880
B2003513824433N11154324WA0365203879
B2003523824430N11154313WA0365003877
B2003533824428N11154301WA0364803876
B2003543824426N11154290WA0364603875
B2003553824423N11154278WA0364503872
B2003563824421N11154266WA0364303870
B2003573824418N11154254WA0364103867
B2003583824415N11154243WA0363903865
B2003593824413N11154232WA0363703863
B2004003824410N11154221WA0363503862
B2004013824408N11154209WA0363303860
B2004023824406N11154198WA0363103858
B2004033824403N11154186WA0363003856
B2004043824400N11154175WA0362803853
B2004053824396N11154164WA0362603851
B2004063824393N11154153WA0362403850
B2004073824390N11154142WA0362203849
B2004083824387N11154131WA0362003848
B2004093824384N11154120WA0361903846
B2004103824382N11154110WA0361703844
B2004113824378N11154099WA0361603842
B2004123824375N11154088WA0361403839
B2004123824375N11154088WA0361403839
B2004133824371N11154076WA0361203838
B2004143824368N11154065WA0361003837
B2004153824365N11154054WA0360903836
B2004163824362N11154044WA0360703835
B2004173824359N11154033WA0360603834
B2004183824355N11154023WA0360403832
B2004193824352N11154012WA0360303830
B2004203824348N11154001WA0360103828
B2004213824345N11153990WA0360003826
B2004223824342N11153979WA0359703824
B2004233824339N11153969WA0359603823
B2004243824336N11153958WA0359403822
B2004253824333N11153948WA0359303820
B2004263824330N11153937WA0359103818
B2004273824327N11153926WA0359003816
B2004283824324N11153915WA0358803815
B2004293824322N11153904WA0358703814
B2004303824319N11153894WA0358503814
B2004313824317N11153883WA0358403813
B2004323824315N11153872WA0358303813
B2004333824313N11153862WA0358203813
B2004343824310N11153853WA0358103813
B2004353824308N11153844WA0358003813
B2004363824305N11153835WA0357903813
B2004373824302N11153827WA0357903813
B2004383824300N11153818WA0357803812
B2004393824297N11153810WA0357803811
B2004403824294N11153801WA0357703809
B2004413824290N11153793WA0357603807
B2004423824287N11153785WA0357503806
B2004433824283N11153777WA0357503805
B2004443824279N11153769WA0357403803
B2004453824275N11153761WA0357303801
B2004463824271N11153752WA0357203799
B2004473824267N11153743WA0357103797
B2004483824264N11153735WA0356903795
B2004493824260N11153726WA0356803793
B2004503824257N11153717WA0356603791
B2004513824254N11153708WA0356503788
B2004523824251N11153698WA0356303786
B2004533824248N11153689WA0356103784
B2004543824245N11153680WA0355903783
B2004553824242N11153672WA0355803781
B2004563824240N11153663WA0355603780
B2004573824237N11153653WA0355503778
B2004583824235N11153644WA0355303776
B2004593824233N11153635WA0355203775
B2005003824231N11153625WA0355003773
B2005013824228N11153616WA0354903772
B2005023824226N11153607WA0354703771
B2005033824224N11153597WA0354603770
B2005043824222N11153586WA0354403768
B2005053824220N11153575WA0354303767
B2005063824218N11153565WA0354203765
B2005073824217N11153554WA0354003764
B2005083824216N11153543WA0353903762
B2005093824215N11153531WA0353803761
B2005103824215N11153519WA0353603760
B2005113824214N11153507WA0353503758
B2005123824214N11153495WA0353403757
B2005133824213N11153483WA0353303755
B2005143824213N11153472WA0353103753
B2005143824213N11153472WA0353103753
B2005153824212N11153460WA0353003752
B2005163824212N11153449WA0352803750
B2005173824211N11153437WA0352703749
B2005183824211N11153426WA0352603747
B2005193824210N11153414WA0352403744
B2005203824210N11153402WA0352203741
B2005213824209N11153389WA0352103738
B2005223824208N11153377WA0351903735
B2005233824207N11153365WA0351703732
B2005243824205N11153352WA0351503729
B2005253824204N11153341WA0351303727
B2005263824203N11153329WA0351003726
B2005273824202N11153318WA0350903725
B2005283824201N11153307WA0350703723
B2005293824201N11153297WA0350503722
B2005303824199N11153286WA0350303719
B2005313824196N11153276WA0350203716
B2005323824193N11153267WA0349903713
B2005333824190N11153257WA0349803710
B2005343824187N11153247WA0349503707
B2005353824184N11153236WA0349303705
B2005363824181N11153226WA0349103703
B2005373824178N11153215WA0348903700
B2005383824174N11153205WA0348603698
B2005393824171N11153195WA0348403696
B2005403824167N11153186WA0348203693
B2005413824163N11153177WA0348003691
B2005423824160N11153168WA0347703689
B2005433824156N11153159WA0347603686
B2005443824152N11153149WA0347303683
B2005453824149N11153139WA0347103680
B2005463824145N11153129WA0346803677
B2005473824141N11153119WA0346603674
B2005483824138N11153110WA0346303672
B2005493824134N11153100WA0346103669
B2005503824130N11153091WA0345803667
B2005513824127N11153082WA0345603665
B2005523824123N11153073WA0345303663
B2005533824120N11153064WA0345103661
B2005543824117N11153055WA0344803658
B2005553824113N11153045WA0344603655
B2005563824109N11153035WA0344403652
B2005573824105N11153025WA0344203648
B2005583824101N11153014WA0343803642
B2005593824095N11153003WA0343603638
B2006003824089N11152993WA0343203634
B2006013824083N11152983WA0342903632
B2006023824077N11152975WA0342503630
B2006033824071N11152968WA0342303629
B2006043824065N11152962WA0342003627
B2006053824060N11152955WA0341803625
B2006063824054N11152949WA0341503622
B2006073824048N11152943WA0341303619
B2006083824041N11152937WA0341003615
B2006093824035N11152931WA0340803612
B2006103824029N11152925WA0340403608
B2006113824023N11152918WA0340203605
B2006123824016N11152912WA0339903601
B2006133824009N11152905WA0339603596
B2006143824002N11152898WA0339303593
B2006153823995N11152892WA0339003590
B2006163823989N11152885WA0338603588
B2006173823983N11152878WA0338403587
B2006173823983N11152878WA0338403587
B2006183823977N11152872WA0338103587
B2006193823971N11152867WA0337903585
B2006203823965N11152862WA0337603582
B2006213823959N11152857WA0337503578
B2006223823953N11152853WA0337203574
B2006233823947N11152850WA0336903570
B2006243823941N11152846WA0336603567
B2006253823935N11152843WA0336403564
B2006263823929N11152840WA0336003560
B2006273823923N11152838WA0335803557
B2006283823917N11152836WA0335403552
B2006293823910N11152835WA0335203548
B2006303823903N11152834WA0334803544
B2006313823896N11152833WA0334503541
B2006323823890N11152830WA0334103540
B2006333823885N11152827WA0333903540
B2006343823880N11152824WA0333603539
B2006353823876N11152821WA0333403538
B2006363823872N11152817WA0333203535
B2006373823868N11152814WA0333003531
B2006383823862N11152812WA0332703524
B2006393823855N11152810WA0332403516
B2006403823847N11152809WA0331903509
B2006413823840N11152807WA0331603504
B2006423823833N11152805WA0331103501
B2006433823827N11152803WA0330803500
B2006443823822N11152800WA0330303500
B2006453823818N11152796WA0330103499
B2006463823814N11152792WA0329803498
B2006473823810N11152788WA0329603494
B2006483823806N11152785WA0329203490
B2006493823800N11152782WA0329003486
B2006503823795N11152779WA0328603481
B2006513823788N11152776WA0328403476
B2006523823782N11152773WA0328003473
B2006533823775N11152769WA0327703471
B2006543823769N11152766WA0327303470
B2006553823763N11152763WA0327103470
B2006563823758N11152761WA0326803470
B2006573823753N11152758WA0326603468
B2006583823748N11152755WA0326403466
B2006593823742N11152751WA0326203463
B2007003823736N11152748WA0325903459
B2007013823729N11152744WA0325703456
B2007023823723N11152741WA0325403453
B2007033823717N11152738WA0325203450
B2007043823710N11152735WA0324903447
B2007053823704N11152731WA0324703444
B2007063823698N11152727WA0324403440
B2007073823692N11152723WA0324203436
B2007083823686N11152719WA0323803430
B2007093823679N11152715WA0323603425
B2007103823672N11152711WA0323203420
B2007113823665N11152707WA0322903416
B2007123823659N11152703WA0322503410
B2007133823652N11152699WA0322203405
B2007143823644N11152696WA0321703400
B2007153823637N11152692WA0321403396
B2007163823630N11152689WA0320903393
B2007173823623N11152686WA0320603390
B2007183823616N11152682WA0320203387
B2007193823609N11152679WA0319903384
B2007203823602N11152676WA0319503380
B2007213823595N11152673WA0319203377
B2007213823595N11152673WA0319203377
B2007223823587N11152671WA0318803373
B2007233823580N11152669WA0318503369
B2007243823572N11152666WA0318103367
B2007253823565N11152664WA0317803365
B2007263823559N11152661WA0317503363
B2007273823552N11152658WA0317303361
B2007283823545N11152656WA0316903359
B2007293823539N11152653WA0316703356
B2007303823532N11152651WA0316403354
B2007313823526N11152650WA0316203351
B2007323823520N11152648WA0315903348
B2007333823514N11152645WA0315603345
B2007343823508N11152643WA0315303341
B2007353823501N11152640WA0315103337
B2007363823494N11152638WA0314803334
B2007373823487N11152636WA0314503330
B2007383823480N11152634WA0314203327
B2007393823473N11152632WA0313903324
B2007403823466N11152630WA0313503320
B2007413823459N11152629WA0313303316
B2007423823453N11152629WA0312903314
B2007433823447N11152629WA0312703317
B2007443823443N11152628WA0312503319
B2007453823438N11152626WA0312303319
B2007463823434N11152624WA0312203318
B2007473823429N11152622WA0312003316
B2007483823423N11152621WA0311903312
B2007493823417N11152621WA0311703309
B2007503823410N11152621WA0311503306
B2007513823404N11152622WA0311303304
B2007523823397N11152623WA0311003304
B2007533823392N11152623WA0310903304
B2007543823386N11152623WA0310703305
B2007553823380N11152623WA0310603304
B2007563823375N11152623WA0310403303
B2007573823369N11152623WA0310303300
B2007583823362N11152624WA0310203297
B2007593823355N11152624WA0310003294
B2008003823347N11152623WA0309803292
B2008013823340N11152622WA0309703289
B2008023823333N11152620WA0309403288
B2008033823325N11152619WA0309303286
B2008043823318N11152618WA0309103284
B2008053823310N11152617WA0308903282
B2008063823303N11152615WA0308703280
B2008073823295N11152615WA0308603278
B2008083823288N11152614WA0308403276
B2008093823280N11152614WA0308203275
B2008103823273N11152614WA0308003274
B2008113823266N11152613WA0307903273
B2008123823259N11152612WA0307703273
B2008133823252N11152612WA0307603272
B2008143823244N11152611WA0307503272
B2008153823238N11152611WA0307403275
B2008163823232N11152610WA0307303277
B2008173823227N11152608WA0307303280
B2008183823223N11152606WA0307403284
B2008193823220N11152604WA0307403286
B2008203823216N11152603WA0307503286
B2008213823211N11152601WA0307603286
B2008223823206N11152599WA0307603286
B2008233823201N11152597WA0307703287
B2008243823197N11152596WA0307703287
B2008243823197N11152596WA0307703287
B2008253823191N11152594WA0307803287
B2008263823186N11152593WA0307803288
B2008273823181N11152592WA0307903290
B2008283823176N11152590WA0308003292
B2008293823172N11152589WA0308103296
B2008303823168N11152588WA0308203299
B2008313823165N11152586WA0308303302
B2008323823162N11152585WA0308503305
B2008333823160N11152586WA0308703306
B2008343823157N11152587WA0308903305
B2008353823155N11152591WA0309003307
B2008363823154N11152595WA0309203308
B2008373823154N11152599WA0309303309
B2008383823153N11152604WA0309403311
B2008393823152N11152608WA0309503313
B2008403823153N11152612WA0309703314
B2008413823155N11152616WA0309803314
B2008423823159N11152621WA0310003314
B2008433823165N11152625WA0310003312
B2008443823173N11152627WA0310103311
B2008453823181N11152626WA0310103311
B2008463823189N11152621WA0310203310
B2008473823195N11152614WA0310203309
B2008483823199N11152604WA0310203308
B2008493823201N11152594WA0310203307
B2008503823201N11152586WA0310203307
B2008513823199N11152581WA0310203307
B2008523823195N11152577WA0310203306
B2008533823192N11152574WA0310103305
B2008543823188N11152571WA0310103306
B2008553823185N11152569WA0310103307
B2008563823183N11152567WA0310103308
B2008573823180N11152565WA0310103309
B2008583823178N11152563WA0310103309
B2008593823175N11152561WA0310203308
B2009003823172N11152559WA0310203308
B2009013823169N11152556WA0310203307
B2009023823166N11152553WA0310203305
B2009033823162N11152550WA0310103302
B2009043823157N11152547WA0310003299
B2009053823153N11152545WA0310003297
B2009063823148N11152543WA0309803296
B2009073823143N11152540WA0309803295
B2009083823139N11152538WA0309603295
B2009093823135N11152535WA0309603295
B2009103823131N11152533WA0309503293
B2009113823127N11152530WA0309403291
B2009123823123N11152527WA0309303289
B2009133823118N11152524WA0309203287
B2009143823114N11152520WA0309103286
B2009153823109N11152516WA0309003285
B2009163823106N11152513WA0308803285
B2009173823103N11152509WA0308703286
B2009183823101N11152506WA0308703286
B2009193823099N11152504WA0308603285
B2009203823096N11152502WA0308503284
B2009213823094N11152500WA0308403282
B2009223823091N11152498WA0308303281
B2009233823088N11152495WA0308203279
B2009243823086N11152492WA0308103278
B2009253823083N11152490WA0308003277
B2009263823080N11152488WA0307903276
B2009273823077N11152486WA0307803275
B2009273823077N11152486WA0307803275
B2009283823074N11152484WA0307703275
B2009293823072N11152481WA0307603274
B2009303823069N11152478WA0307503273
B2009313823066N11152474WA0307403272
B2009323823063N11152471WA0307303271
B2009333823061N11152468WA0307203271
B2009343823058N11152466WA0307103269
B2009353823056N11152464WA0307103269
B2009363823054N11152462WA0307003268
B2009373823051N11152459WA0306903267
B2009383823048N11152456WA0306803265
B2009393823046N11152452WA0306703265
B2009403823044N11152448WA0306703266
B2009413823042N11152442WA0306603266
B2009423823041N11152437WA0306603266
B2009433823039N11152432WA0306503266
B2009443823037N11152428WA0306503265
B2009453823034N11152425WA0306403263
B2009463823032N11152422WA0306303263
B2009473823029N11152420WA0306303263
B2009483823027N11152417WA0306203263
B2009493823026N11152414WA0306203263
B2009503823023N11152411WA0306203263
B2009513823021N11152410WA0306103262
B2009523823019N11152408WA0306103261
B2009533823017N11152407WA0306003260
B2009543823015N11152406WA0305903260
B2009553823013N11152406WA0305903259
B2009563823012N11152405WA0305803259
B2009573823010N11152404WA0305803258
B2009583823008N11152403WA0305703256
B2009593823006N11152401WA0305603255
B2010003823004N11152400WA0305503254
B2010013823002N11152399WA0305503253
B2010023823000N11152397WA0305403252
B2010033822998N11152395WA0305303251
B2010043822996N11152393WA0305203249
B2010053822993N11152390WA0305203246
B2010063822989N11152388WA0305003243
B2010073822984N11152386WA0304903239
B2010083822980N11152384WA0304703237
B2010093822975N11152382WA0304603235
B2010103822971N11152380WA0304403234
B2010113822968N11152377WA0304203233
B2010123822963N11152375WA0304103231
B2010133822959N11152374WA0303903228
B2010143822955N11152374WA0303703225
B2010153822950N11152374WA0303603223
B2010163822945N11152374WA0303303222
B2010173822941N11152374WA0303203221
B2010183822937N11152374WA0303003222
B2010193822933N11152373WA0302903222
B2010203822930N11152373WA0302703221
B2010213822927N11152373WA0302603219
B2010223822923N11152374WA0302403216
B2010233822919N11152374WA0302303213
B2010243822914N11152373WA0302103211
B2010253822909N11152372WA0302003210
B2010263822905N11152371WA0301803209
B2010273822900N11152369WA0301703209
B2010283822896N11152367WA0301603209
B2010293822892N11152366WA0301503208
B2010303822888N11152364WA0301403207
B2010303822888N11152364WA0301403207
B2010313822883N11152362WA0301303206
B2010323822879N11152360WA0301103205
B2010333822874N11152358WA0301103204
B2010343822870N11152357WA0300903204
B2010353822866N11152355WA0300903203
B2010363822861N11152353WA0300803202
B2010373822857N11152351WA0300703201
B2010383822852N11152349WA0300603200
B2010393822847N11152347WA0300503199
B2010403822842N11152344WA0300403198
B2010413822837N11152341WA0300303198
B2010423822833N11152339WA0300203199
B2010433822829N11152336WA0300203200
B2010443822826N11152333WA0300103203
B2010453822825N11152329WA0300203205
B2010463822824N11152325WA0300203207
B2010473822823N11152322WA0300303206
B2010483822821N11152319WA0300303205
B2010493822819N11152316WA0300403203
B2010503822816N11152313WA0300403200
B2010513822813N11152309WA0300303198
B2010523822810N11152306WA0300303198
B2010533822808N11152303WA0300203198
B2010543822807N11152300WA0300203198
B2010553822805N11152297WA0300203197
B2010563822803N11152294WA0300103195
B2010573822800N11152291WA0300103194
B2010583822797N11152288WA0300003193
B2010593822794N11152286WA0300003192
B2011003822792N11152285WA0299903191
B2011013822789N11152284WA0299803191
B2011023822787N11152283WA0299703190
B2011033822785N11152281WA0299703190
B2011043822783N11152280WA0299503189
B2011053822782N11152280WA0299203188
B2011063822780N11152279WA0299203187
B2011073822779N11152280WA0299203186
B2011083822778N11152281WA0299203185
B2011093822777N11152281WA0299203184
B2011103822776N11152282WA0299103181
B2011113822774N11152284WA0299003180
B2011123822774N11152286WA0298903179
B2011133822774N11152288WA0298703178
B2011143822776N11152290WA0298503178
B2011153822778N11152292WA0298403178
B2011163822780N11152295WA0298403177
B2011173822782N11152297WA0298403176
B2011183822785N11152301WA0298403175
B2011193822787N11152304WA0298303173
B2011203822789N11152308WA0298203173
B2011213822790N11152311WA0298203172
B2011223822790N11152314WA0298103172
B2011233822791N11152315WA0298003173
B2011243822792N11152316WA0298003174
B2011253822792N11152317WA0297903174
B2011263822792N11152318WA0297903173
B2011273822791N11152319WA0297903171
B2011283822790N11152319WA0297803170
B2011293822788N11152319WA0297703168
B2011303822786N11152320WA0297703167
B2011313822785N11152320WA0297603167
B2011323822783N11152320WA0297503167
B2011323822783N11152320WA0297503167
B2011333822782N11152320WA0297503166
B2011343822780N11152321WA0297403165
B2011353822779N11152321WA0297303164
B2011363822776N11152321WA0297203162
B2011373822774N11152320WA0297103162
B2011383822772N11152319WA0297003163
B2011393822769N11152318WA0296903162
B2011403822767N11152318WA0296803160
B2011413822764N11152317WA0296803157
B2011423822760N11152318WA0296603154
B2011433822757N11152318WA0296503151
B2011443822753N11152319WA0296303149
B2011453822751N11152319WA0296203148
B2011463822748N11152318WA0296003148
B2011473822746N11152318WA0295903147
B2011483822743N11152317WA0295803147
B2011493822741N11152316WA0295703145
B2011503822738N11152316WA0295603144
B2011513822735N11152315WA0295503143
B2011523822733N11152314WA0295403142
B2011533822730N11152313WA0295303141
B2011543822728N11152311WA0295203140
B2011553822725N11152310WA0295103139
B2011563822723N11152309WA0295003138
B2011573822720N11152308WA0294903136
B2011583822717N11152307WA0294803134
B2011593822713N11152305WA0294703132
B2012003822710N11152304WA0294503130
B2012013822707N11152302WA0294403128
B2012023822703N11152301WA0294303126
B2012033822700N11152299WA0294203125
B2012043822696N11152298WA0294003123
B2012053822693N11152297WA0293903122
B2012063822690N11152295WA0293703121
B2012073822687N11152294WA0293603120
B2012083822684N11152293WA0293403119
B2012093822681N11152293WA0293303117
B2012103822678N11152292WA0293203116
B2012113822675N11152291WA0293103115
B2012123822672N11152290WA0292903114
B2012133822670N11152289WA0292803113
B2012143822667N11152288WA0292703112
B2012153822665N11152287WA0292603110
B2012163822662N11152286WA0292403109
B2012173822660N11152285WA0292303107
B2012183822657N11152284WA0292203105
B2012193822655N11152284WA0292103103
B2012203822652N11152283WA0291903101
B2012213822650N11152283WA0291703099
B2012223822647N11152283WA0291503095
B2012233822643N11152284WA0291403090
B2012243822640N11152285WA0291103085
B2012253822635N11152287WA0290903081
B2012263822631N11152289WA0290603079
B2012273822628N11152290WA0290403078
B2012283822626N11152290WA0290103080
B2012293822624N11152290WA0290003084
B2012303822623N11152289WA0289903085
B2012313822622N11152288WA0289803085
B2012323822621N11152287WA0289803084
B2012333822618N11152288WA0289703081
B2012343822616N11152289WA0289503078
B2012353822613N11152291WA0289403074
B2012353822613N11152291WA0289403074
B2012363822609N11152294WA0289203070
B2012373822606N11152296WA0289003068
B2012383822603N11152298WA0288803066
B2012393822600N11152299WA0288603063
B2012403822596N11152300WA0288403061
B2012413822593N11152301WA0288203058
B2012423822590N11152301WA0287903054
B2012433822587N11152302WA0287803050
B2012443822583N11152303WA0287403046
B2012453822580N11152304WA0287203044
B2012463822577N11152306WA0286903041
B2012473822574N11152308WA0286703036
B2012483822571N11152311WA0286403032
B2012493822568N11152315WA0286103027
B2012503822564N11152318WA0285703023
B2012513822561N11152322WA0285503019
B2012523822558N11152326WA0285103016
B2012533822555N11152329WA0284803014
B2012543822552N11152333WA0284503011
B2012553822550N11152337WA0284203008
B2012563822547N11152341WA0283903005
B2012573822545N11152344WA0283603001
B2012583822542N11152348WA0283302997
B2012593822539N11152352WA0283002993
B2013003822536N11152357WA0282702990
B2013013822534N11152362WA0282402987
B2013023822532N11152367WA0282002985
B2013033822530N11152372WA0281802984
B2013043822528N11152376WA0281502982
B2013053822526N11152380WA0281302980
B2013063822524N11152384WA0281002979
B2013073822521N11152388WA0280802978
B2013083822518N11152391WA0280602976
B2013093822515N11152394WA0280402974
B2013103822511N11152397WA0280202971
B2013113822507N11152401WA0280002968
B2013123822503N11152405WA0279702964
B2013133822498N11152410WA0279502962
B2013143822494N11152414WA0279202959
B2013153822490N11152418WA0279002958
B2013163822486N11152422WA0278702956
B2013173822482N11152425WA0278602954
B2013183822478N11152427WA0278302951
B2013193822474N11152430WA0278102948
B2013203822470N11152433WA0277902944
B2013213822466N11152437WA0277602941
B2013223822463N11152441WA0277302939
B2013233822460N11152444WA0277102939
B2013243822458N11152447WA0276902939
B2013253822456N11152449WA0276802939
B2013263822454N11152450WA0276602937
B2013273822451N11152451WA0276502934
B2013283822449N11152454WA0276302931
B2013293822446N11152457WA0276102926
B2013303822444N11152460WA0275902922
B2013313822442N11152464WA0275702918
B2013323822439N11152468WA0275302915
B2013333822437N11152471WA0275102912
B2013343822435N11152474WA0274802909
B2013353822434N11152478WA0274602906
B2013363822432N11152481WA0274302903
B2013373822431N11152485WA0274102900
B2013383822429N11152489WA0273802897
B2013393822428N11152494WA0273502895
B2013403822427N11152498WA0273202892
B2013403822427N11152498WA0273202892
B2013413822425N11152503WA0273002888
B2013423822422N11152508WA0272602884
B2013433822420N11152514WA0272402880
B2013443822418N11152521WA0272002876
B2013453822416N11152527WA0271702873
B2013463822413N11152533WA0271402870
B2013473822411N11152539WA0271102867
B2013483822408N11152545WA0270702865
B2013493822406N11152551WA0270502863
B2013503822404N11152556WA0270202862
B2013513822402N11152561WA0270002860
B2013523822399N11152566WA0269702858
B2013533822396N11152570WA0269502855
B2013543822392N11152575WA0269202852
B2013553822389N11152579WA0269002849
B2013563822385N11152583WA0268702847
B2013573822381N11152587WA0268502845
B2013583822377N11152591WA0268202844
B2013593822374N11152595WA0268002842
B2014003822371N11152599WA0267802841
B2014013822368N11152603WA0267602839
B2014023822366N11152608WA0267402837
B2014033822364N11152614WA0267202834
B2014043822362N11152620WA0266902831
B2014053822361N11152626WA0266802829
B2014063822359N11152633WA0266502826
B2014073822357N11152639WA0266402825
B2014083822355N11152646WA0266102825
B2014093822353N11152652WA0266002824
B2014103822351N11152658WA0265802824
B2014113822349N11152664WA0265702823
B2014123822347N11152669WA0265502822
B2014133822346N11152675WA0265402820
B2014143822344N11152682WA0265302818
B2014153822343N11152689WA0265102816
B2014163822341N11152697WA0264902814
B2014173822340N11152704WA0264802812
B2014183822338N11152712WA0264602810
B2014193822336N11152719WA0264402809
B2014203822334N11152726WA0264202808
B2014213822332N11152733WA0264102806
B2014223822330N11152740WA0263902805
B2014233822328N11152747WA0263802803
B2014243822326N11152754WA0263702801
B2014253822324N11152761WA0263502800
B2014263822324N11152768WA0263402799
B2014273822324N11152775WA0263202800
B2014283822326N11152781WA0263102802
B2014293822327N11152785WA0263102805
B2014303822328N11152787WA0263102807
B2014313822328N11152790WA0263102807
B2014323822328N11152792WA0263102807
B2014333822328N11152795WA0263102806
B2014343822328N11152799WA0263102805
B2014353822328N11152803WA0263102803
B2014363822327N11152806WA0263002803
B2014373822326N11152809WA0263002803
B2014383822326N11152812WA0263002803
B2014393822327N11152815WA0263002804
B2014403822327N11152819WA0263002804
B2014413822328N11152822WA0263002804
B2014423822329N11152826WA0262902804
B2014433822329N11152829WA0262902802
B2014433822329N11152829WA0262902802
B2014443822330N11152833WA0262902800
B2014453822330N11152838WA0262802797
B2014463822330N11152844WA0262702792
B2014473822329N11152851WA0262502786
B2014483822328N11152859WA0262302781
B2014493822327N11152868WA0262102778
B2014503822325N11152876WA0261802776
B2014513822324N11152883WA0261602776
B2014523822324N11152890WA0261302777
B2014533822324N11152896WA0261202778
B2014543822325N11152900WA0261002780
B2014553822326N11152904WA0261002779
B2014563822327N11152909WA0260902778
B2014573822327N11152914WA0260902775
B2014583822328N11152920WA0260702771
B2014593822328N11152927WA0260602767
B2015003822329N11152935WA0260402763
B2015013822329N11152944WA0260202759
B2015023822329N11152952WA0260002757
B2015033822330N11152960WA0259802756
B2015043822330N11152967WA0259502755
B2015053822331N11152975WA0259402754
B2015063822332N11152982WA0259202753
B2015073822333N11152989WA0259102751
B2015083822335N11152997WA0258902748
B2015093822337N11153006WA0258702745
B2015103822339N11153014WA0258502743
B2015113822340N11153022WA0258302740
B2015123822341N11153031WA0258002737
B2015133822343N11153039WA0257902734
B2015143822345N11153049WA0257602731
B2015153822347N11153058WA0257402728
B2015163822349N11153068WA0257102727
B2015173822351N11153078WA0256902725
B2015183822353N11153087WA0256602724
B2015193822355N11153096WA0256502725
B2015203822357N11153101WA0256302729
B2015213822358N11153105WA0256302733
B2015223822359N11153107WA0256202735
B2015233822361N11153110WA0256202737
B2015243822363N11153113WA0256302737
B2015253822364N11153116WA0256302736
B2015263822364N11153120WA0256302733
B2015273822364N11153125WA0256302731
B2015283822364N11153130WA0256202729
B2015293822365N11153135WA0256202729
B2015303822365N11153139WA0256102728
B2015313822366N11153143WA0256002728
B2015323822367N11153147WA0256002727
B2015333822367N11153151WA0255902725
B2015343822368N11153156WA0255902723
B2015353822369N11153162WA0255802720
B2015363822371N11153168WA0255602718
B2015373822373N11153175WA0255502716
B2015383822376N11153181WA0255402715
B2015393822379N11153186WA0255302715
B2015403822382N11153191WA0255102714
B2015413822386N11153196WA0255102713
B2015423822390N11153201WA0254902712
B2015433822394N11153206WA0254802710
B2015443822398N11153210WA0254702708
B2015453822402N11153215WA0254602706
B2015453822402N11153215WA0254602706
B2015463822406N11153220WA0254502704
B2015473822409N11153224WA0254402702
B2015483822413N11153229WA0254202700
B2015493822416N11153234WA0254002698
B2015503822420N11153238WA0253802696
B2015513822424N11153243WA0253702693
B2015523822427N11153247WA0253502691
B2015533822432N11153252WA0253302688
B2015543822436N11153256WA0253102686
B2015553822440N11153261WA0252902683
B2015563822444N11153266WA0252702680
B2015573822448N11153271WA0252502678
B2015583822452N11153277WA0252302675
B2015593822456N11153283WA0252102671
B2016003822461N11153291WA0251802667
B2016013822467N11153299WA0251602664
B2016023822473N11153307WA0251302663
B2016033822479N11153314WA0251102664
B2016043822485N11153320WA0250802666
B2016053822491N11153324WA0250702669
B2016063822496N11153328WA0250602670
B2016073822501N11153333WA0250602670
B2016083822506N11153338WA0250502668
B2016093822511N11153344WA0250502667
B2016103822515N11153350WA0250302666
B2016113822520N11153356WA0250302665
B2016123822525N11153362WA0250202665
B2016133822530N11153367WA0250102665
B2016143822535N11153372WA0250002665
B2016153822541N11153378WA0250002664
B2016163822546N11153384WA0249902662
B2016173822551N11153391WA0249802660
B2016183822556N11153398WA0249702657
B2016193822561N11153405WA0249602655
B2016203822566N11153412WA0249502653
B2016213822571N11153419WA0249402652
B2016223822577N11153426WA0249202652
B2016233822583N11153431WA0249102652
B2016243822589N11153437WA0249002651
B2016253822594N11153443WA0248902650
B2016263822600N11153450WA0248802647
B2016273822605N11153458WA0248702645
B2016283822610N11153466WA0248602643
B2016293822615N11153475WA0248402641
B2016303822620N11153483WA0248302641
B2016313822625N11153490WA0248202641
B2016323822631N11153497WA0248002641
B2016333822636N11153504WA0247902639
B2016343822641N11153511WA0247802638
B2016353822648N11153519WA0247702637
B2016363822653N11153525WA0247702641
B2016373822657N11153530WA0247602649
B2016383822661N11153533WA0247702655
B2016393822664N11153536WA0247902661
B2016403822668N11153539WA0248102664
B2016413822673N11153543WA0248302666
B2016423822682N11153546WA0248502668
B2016433822691N11153545WA0248702670
B2016443822700N11153540WA0248902672
B2016453822706N11153531WA0249002671
B2016463822709N11153521WA0249202672
B2016473822709N11153514WA0249402672
B2016483822708N11153509WA0249502674
B2016493822707N11153506WA0249602676
B2016493822707N11153506WA0249602676
B2016503822706N11153505WA0249802679
B2016513822705N11153506WA0250002682
B2016523822704N11153507WA0250202684
B2016533822703N11153510WA0250302687
B2016543822703N11153512WA0250602691
B2016553822702N11153514WA0250702694
B2016563822702N11153516WA0251002697
B2016573822703N11153520WA0251202700
B2016583822705N11153524WA0251502702
B2016593822708N11153528WA0251602704
B2017003822713N11153532WA0251902706
B2017013822719N11153535WA0252102707
B2017023822727N11153536WA0252302708
B2017033822736N11153536WA0252502710
B2017043822746N11153535WA0252702712
B2017053822756N11153530WA0252902714
B2017063822763N11153523WA0253102718
B2017073822766N11153515WA0253302720
B2017083822766N11153507WA0253502719
B2017093822762N11153503WA0253702719
B2017103822758N11153502WA0253902722
B2017113822756N11153505WA0254002726
B2017123822756N11153509WA0254302731
B2017133822758N11153514WA0254502736
B2017143822763N11153518WA0254702739
B2017153822770N11153523WA0254902740
B2017163822778N11153527WA0255202742
B2017173822786N11153528WA0255402745
B2017183822795N11153527WA0255702751
B2017193822802N11153522WA0256002755
B2017203822807N11153514WA0256302755
B2017213822810N11153504WA0256502754
B2017223822812N11153495WA0256702754
B2017233822811N11153487WA0256902756
B2017243822809N11153481WA0257102759
B2017253822807N11153478WA0257302762
B2017263822804N11153476WA0257502766
B2017273822802N11153475WA0257702769
B2017283822800N11153474WA0258002772
B2017293822799N11153476WA0258202773
B2017303822798N11153478WA0258402774
B2017313822798N11153482WA0258602775
B2017323822799N11153486WA0258802776
B2017333822801N11153492WA0259002777
B2017343822804N11153497WA0259202780
B2017353822808N11153502WA0259302784
B2017363822812N11153507WA0259602788
B2017373822816N11153510WA0259802792
B2017383822821N11153514WA0260102795
B2017393822827N11153517WA0260302797
B2017403822832N11153521WA0260502799
B2017413822837N11153525WA0260702800
B2017423822843N11153530WA0261002801
B2017433822848N11153535WA0261102803
B2017443822854N11153540WA0261302804
B2017453822859N11153544WA0261502806
B2017463822865N11153549WA0261702807
B2017473822870N11153554WA0261802808
B2017483822876N11153560WA0262002808
B2017493822882N11153565WA0262102809
B2017503822888N11153569WA0262302811
B2017513822895N11153574WA0262402812
B2017523822902N11153577WA0262602812
B2017523822902N11153577WA0262602812
B2017533822909N11153580WA0262702813
B2017543822916N11153582WA0262802813
B2017553822924N11153583WA0262902812
B2017563822934N11153582WA0263002812
B2017573822943N11153580WA0263002813
B2017583822952N11153576WA0263102814
B2017593822958N11153569WA0263202816
B2018003822963N11153562WA0263302817
B2018013822966N11153553WA0263402818
B2018023822967N11153544WA0263502819
B2018033822967N11153537WA0263602820
B2018043822966N11153531WA0263702822
B2018053822964N11153527WA0263802823
B2018063822961N11153524WA0263902825
B2018073822959N11153522WA0264002826
B2018083822957N11153519WA0264102828
B2018093822954N11153517WA0264202830
B2018103822952N11153516WA0264402831
B2018113822950N11153516WA0264502833
B2018123822949N11153518WA0264602835
B2018133822950N11153522WA0264702835
B2018143822954N11153527WA0264802835
B2018153822960N11153530WA0264902834
B2018163822968N11153532WA0265002834
B2018173822976N11153530WA0265002833
B2018183822984N11153525WA0265102832
B2018193822992N11153519WA0265102831
B2018203823000N11153512WA0265102831
B2018213823008N11153505WA0265102833
B2018223823014N11153498WA0265202835
B2018233823020N11153491WA0265202837
B2018243823025N11153482WA0265302839
B2018253823029N11153473WA0265402839
B2018263823032N11153464WA0265502840
B2018273823034N11153455WA0265502840
B2018283823034N11153446WA0265602840
B2018293823034N11153439WA0265702841
B2018303823032N11153433WA0265802842
B2018313823029N11153428WA0265802842
B2018323823026N11153426WA0265902843
B2018333823023N11153425WA0265902845
B2018343823021N11153424WA0266002847
B2018353823018N11153423WA0266102850
B2018363823016N11153423WA0266302852
B2018373823013N11153422WA0266402853
B2018383823010N11153422WA0266502855
B2018393823007N11153421WA0266602856
B2018403823004N11153421WA0266702857
B2018413823002N11153422WA0266802858
B2018423823001N11153423WA0266902859
B2018433823001N11153425WA0267002859
B2018443823001N11153427WA0267102860
B2018453823002N11153429WA0267202861
B2018463823003N11153431WA0267302861
B2018473823006N11153434WA0267402860
B2018483823009N11153438WA0267502859
B2018493823014N11153442WA0267602858
B2018503823018N11153447WA0267602858
B2018513823022N11153451WA0267602858
B2018523823026N11153456WA0267702858
B2018533823030N11153462WA0267702857
B2018543823033N11153467WA0267702856
B2018553823038N11153472WA0267702855
B2018553823038N11153472WA0267702855
B2018563823043N11153477WA0267602853
B2018573823049N11153482WA0267602852
B2018583823054N11153487WA0267602851
B2018593823060N11153493WA0267502851
B2019003823066N11153498WA0267502852
B2019013823072N11153502WA0267402852
B2019023823079N11153506WA0267402851
B2019033823086N11153511WA0267402849
B2019043823093N11153517WA0267302847
B2019053823099N11153523WA0267302846
B2019063823106N11153528WA0267202846
B2019073823112N11153532WA0267202847
B2019083823118N11153536WA0267102848
B2019093823124N11153539WA0267202847
B2019103823130N11153544WA0267102845
B2019113823136N11153550WA0267102842
B2019123823142N11153556WA0267002840
B2019133823147N11153562WA0266902838
B2019143823153N11153568WA0266802838
B2019153823158N11153572WA0266702839
B2019163823163N11153576WA0266702839
B2019173823169N11153581WA0266602838
B2019183823173N11153587WA0266502837
B2019193823176N11153593WA0266502836
B2019203823177N11153599WA0266402835
B2019213823177N11153605WA0266302835
B2019223823178N11153611WA0266302834
B2019233823179N11153617WA0266202833
B2019243823180N11153624WA0266102832
B2019253823181N11153631WA0266002831
B2019263823182N11153638WA0265902830
B2019273823184N11153645WA0265902832
B2019283823186N11153650WA0265802834
B2019293823189N11153655WA0265802835
B2019303823192N11153659WA0265802836
B2019313823194N11153665WA0265802836
B2019323823196N11153671WA0265802835
B2019333823196N11153677WA0265802836
B2019343823197N11153683WA0265802837
B2019353823197N11153687WA0265802839
B2019363823199N11153691WA0265902841
B2019373823200N11153695WA0265902841
B2019383823201N11153699WA0266002841
B2019393823202N11153703WA0266002841
B2019403823203N11153708WA0266102841
B2019413823203N11153712WA0266102841
B2019423823203N11153716WA0266102842
B2019433823203N11153721WA0266202842
B2019443823203N11153725WA0266202842
B2019453823203N11153730WA0266202842
B2019463823204N11153735WA0266202842
B2019473823205N11153740WA0266202842
B2019483823207N11153745WA0266302842
B2019493823208N11153750WA0266302843
B2019503823210N11153754WA0266302843
B2019513823213N11153759WA0266402843
B2019523823216N11153764WA0266402843
B2019533823220N11153769WA0266402842
B2019543823225N11153773WA0266402841
B2019553823231N11153777WA0266402840
B2019563823238N11153779WA0266402839
B2019573823245N11153779WA0266302839
B2019573823245N11153779WA0266302839
B2019583823254N11153776WA0266302838
B2019593823262N11153770WA0266302838
B2020003823269N11153763WA0266302837
B2020013823275N11153755WA0266202837
B2020023823281N11153746WA0266202837
B2020033823286N11153736WA0266202836
B2020043823292N11153727WA0266102836
B2020053823297N11153716WA0266102835
B2020063823302N11153706WA0266002835
B2020073823307N11153694WA0266002834
B2020083823312N11153682WA0266002834
B2020093823315N11153671WA0265902836
B2020103823318N11153660WA0265902840
B2020113823320N11153651WA0265802843
B2020123823321N11153644WA0266002845
B2020133823321N11153636WA0266102845
B2020143823321N11153627WA0266202843
B2020153823321N11153617WA0266202840
B2020163823321N11153606WA0266202838
B2020173823322N11153594WA0266202837
B2020183823323N11153582WA0266102837
B2020193823324N11153569WA0266102838
B2020203823324N11153558WA0266102840
B2020213823324N11153547WA0266002842
B2020223823322N11153539WA0266102844
B2020233823320N11153534WA0266202846
B2020243823316N11153533WA0266202845
B2020253823312N11153535WA0266302843
B2020263823310N11153540WA0266302841
B2020273823310N11153546WA0266302840
B2020283823312N11153552WA0266302840
B2020293823317N11153555WA0266302842
B2020303823324N11153557WA0266302842
B2020313823332N11153555WA0266302842
B2020323823340N11153552WA0266302842
B2020333823347N11153547WA0266302842
B2020343823355N11153540WA0266402842
B2020353823361N11153532WA0266402842
B2020363823367N11153523WA0266402842
B2020373823372N11153513WA0266402843
B2020383823377N11153503WA0266402844
B2020393823382N11153493WA0266502846
B2020403823386N11153483WA0266502849
B2020413823390N11153474WA0266602850
B2020423823391N11153465WA0266702850
B2020433823391N11153457WA0266702851
B2020443823389N11153450WA0266802850
B2020453823386N11153447WA0266802849
B2020463823383N11153448WA0266902849
B2020473823381N11153451WA0266902849
B2020483823381N11153456WA0266902849
B2020493823383N11153462WA0267002849
B2020503823388N11153467WA0267002850
B2020513823394N11153469WA0267002851
B2020523823402N11153470WA0267002852
B2020533823409N11153469WA0267102851
B2020543823417N11153466WA0267102852
B2020553823425N11153464WA0267202854
B2020563823432N11153461WA0267202855
B2020573823440N11153459WA0267302857
B2020583823447N11153456WA0267402858
B2020593823455N11153454WA0267402859
B2020593823455N11153454WA0267402859
B2021003823462N11153451WA0267502860
B2021013823469N11153447WA0267602860
B2021023823475N11153439WA0267702859
B2021033823479N11153429WA0267702857
B2021043823479N11153419WA0267702854
B2021053823477N11153411WA0267702853
B2021063823474N11153407WA0267702853
B2021073823470N11153408WA0267602852
B2021083823468N11153411WA0267602852
B2021093823468N11153416WA0267602853
B2021103823470N11153422WA0267602855
B2021113823472N11153426WA0267602856
B2021123823476N11153430WA0267602857
B2021133823479N11153433WA0267602857
B2021143823483N11153436WA0267702857
B2021153823488N11153438WA0267702855
B2021163823495N11153439WA0267702852
B2021173823502N11153439WA0267702849
B2021183823510N11153437WA0267602846
B2021193823518N11153432WA0267502843
B2021203823525N11153425WA0267402839
B2021213823532N11153417WA0267202835
B2021223823537N11153408WA0267002832
B2021233823542N11153399WA0266902829
B2021243823546N11153389WA0266602826
B2021253823549N11153379WA0266502824
B2021263823552N11153369WA0266202821
B2021273823555N11153359WA0266002817
B2021283823558N11153349WA0265802813
B2021293823561N11153339WA0265502808
B2021303823563N11153328WA0265202803
B2021313823564N11153317WA0264902799
B2021323823566N11153305WA0264502794
B2021333823567N11153294WA0264302790
B2021343823569N11153284WA0263802789
B2021353823571N11153275WA0263602787
B2021363823572N11153268WA0263302786
B2021373823573N11153260WA0263102783
B2021383823573N11153251WA0262802778
B2021393823574N11153241WA0262602774
B2021403823575N11153230WA0262202771
B2021413823576N11153220WA0262002768
B2021423823576N11153209WA0261602768
B2021433823577N11153199WA0261402768
B2021443823577N11153189WA0261102768
B2021453823578N11153180WA0261002769
B2021463823578N11153172WA0260802770
B2021473823579N11153165WA0260702770
B2021483823579N11153158WA0260502769
B2021493823578N11153151WA0260402769
B2021503823577N11153145WA0260302768
B2021513823575N11153140WA0260202767
B2021523823573N11153137WA0260102766
B2021533823570N11153136WA0260002764
B2021543823567N11153138WA0259902762
B2021553823565N11153141WA0259802760
B2021563823563N11153144WA0259602758
B2021573823562N11153147WA0259502757
B2021583823560N11153150WA0259302755
B2021593823557N11153153WA0259202753
B2022003823556N11153157WA0259002752
B2022013823555N11153161WA0258902753
B2022023823554N11153165WA0258802753
B2022033823552N11153169WA0258702753
B2022043823551N11153173WA0258702752
B2022053823549N11153176WA0258602753
B2022063823547N11153178WA0258602754
B2022063823547N11153178WA0258602754
B2022073823545N11153181WA0258502756
B2022083823543N11153183WA0258502756
B2022093823541N11153185WA0258502757
B2022103823538N11153188WA0258602758
B2022113823536N11153190WA0258602759
B2022123823534N11153192WA0258602762
B2022133823532N11153193WA0258702765
B2022143823529N11153194WA0258802768
B2022153823527N11153195WA0258902771
B2022163823526N11153197WA0259002772
B2022173823526N11153201WA0259102774
B2022183823530N11153205WA0259302774
B2022193823536N11153208WA0259402774
B2022203823544N11153208WA0259502775
B2022213823552N11153203WA0259602776
B2022223823559N11153195WA0259702776
B2022233823564N11153184WA0259702776
B2022243823567N11153173WA0259802776
B2022253823567N11153162WA0259902778
B2022263823566N11153152WA0260002779
B2022273823563N11153144WA0260102781
B2022283823559N11153138WA0260202783
B2022293823555N11153133WA0260302786
B2022303823551N11153130WA0260402790
B2022313823548N11153128WA0260602793
B2022323823546N11153129WA0260802795
B2022333823546N11153133WA0260902796
B2022343823548N11153137WA0261102796
B2022353823551N11153141WA0261202796
B2022363823556N11153143WA0261402798
B2022373823563N11153145WA0261502800
B2022383823570N11153143WA0261602802
B2022393823578N11153139WA0261702804
B2022403823584N11153133WA0261902806
B2022413823590N11153124WA0262002806
B2022423823594N11153113WA0262202807
B2022433823598N11153102WA0262202809
B2022443823601N11153091WA0262402812
B2022453823603N11153080WA0262602815
B2022463823603N11153070WA0262802818
B2022473823601N11153062WA0262902821
B2022483823598N11153056WA0263202823
B2022493823594N11153054WA0263302824
B2022503823591N11153054WA0263602826
B2022513823589N11153057WA0263702828
B2022523823590N11153061WA0263902830
B2022533823595N11153065WA0264102832
B2022543823601N11153066WA0264302833
B2022553823609N11153064WA0264402836
B2022563823616N11153058WA0264602838
B2022573823622N11153050WA0264802840
B2022583823627N11153041WA0265002842
B2022593823631N11153030WA0265202844
B2023003823632N11153020WA0265402846
B2023013823632N11153010WA0265602849
B2023023823631N11153001WA0265802851
B2023033823627N11152994WA0266002853
B2023043823623N11152989WA0266202856
B2023053823619N11152988WA0266402858
B2023063823617N11152990WA0266602860
B2023073823618N11152995WA0266802862
B2023083823622N11152998WA0267002863
B2023083823622N11152998WA0267002863
B2023093823629N11152999WA0267102864
B2023103823637N11152997WA0267402866
B2023113823644N11152990WA0267502868
B2023123823650N11152981WA0267702870
B2023133823653N11152969WA0267902872
B2023143823654N11152958WA0268102874
B2023153823652N11152948WA0268202876
B2023163823649N11152939WA0268402878
B2023173823645N11152933WA0268602881
B2023183823641N11152929WA0268902884
B2023193823638N11152928WA0269002887
B2023203823636N11152929WA0269302890
B2023213823636N11152932WA0269402891
B2023223823638N11152935WA0269702892
B2023233823643N11152938WA0269802892
B2023243823649N11152940WA0270102893
B2023253823656N11152939WA0270202895
B2023263823664N11152936WA0270402896
B2023273823671N11152933WA0270502898
B2023283823678N11152927WA0270702900
B2023293823685N11152920WA0270802901
B2023303823691N11152912WA0271002903
B2023313823695N11152902WA0271202904
B2023323823699N11152891WA0271302906
B2023333823701N11152879WA0271502907
B2023343823701N11152867WA0271702909
B2023353823700N11152856WA0271802912
B2023363823697N11152848WA0272002915
B2023373823693N11152843WA0272202918
B2023383823689N11152842WA0272402920
B2023393823687N11152845WA0272602920
B2023403823687N11152849WA0272802922
B2023413823689N11152853WA0272902924
B2023423823695N11152854WA0273102926
B2023433823702N11152853WA0273302928
B2023443823709N11152848WA0273502930
B2023453823716N11152840WA0273602932
B2023463823721N11152830WA0273802933
B2023473823726N11152819WA0274002934
B2023483823728N11152807WA0274202936
B2023493823730N11152796WA0274302939
B2023503823731N11152784WA0274502942
B2023513823731N11152774WA0274702945
B2023523823728N11152766WA0274902949
B2023533823724N11152760WA0275102951
B2023543823720N11152758WA0275402952
B2023553823717N11152759WA0275502953
B2023563823717N11152763WA0275802954
B2023573823720N11152766WA0275902955
B2023583823726N11152768WA0276102957
B2023593823733N11152767WA0276302958
B2024003823741N11152763WA0276502960
B2024013823748N11152756WA0276602962
B2024023823754N11152746WA0276802965
B2024033823759N11152735WA0276902967
B2024043823762N11152723WA0277202969
B2024053823763N11152711WA0277302972
B2024063823762N11152701WA0277502975
B2024073823759N11152693WA0277702977
B2024083823755N11152688WA0277902979
B2024093823751N11152686WA0278102981
B2024103823749N11152688WA0278302982
B2024103823749N11152688WA0278302982
B2024113823749N11152692WA0278402983
B2024123823751N11152696WA0278602985
B2024133823755N11152699WA0278802986
B2024143823761N11152700WA0279002988
B2024153823766N11152701WA0279102990
B2024163823772N11152701WA0279302992
B2024173823779N11152700WA0279402994
B2024183823786N11152697WA0279702995
B2024193823793N11152692WA0279802996
B2024203823800N11152684WA0280002995
B2024213823806N11152674WA0280102996
B2024223823811N11152663WA0280202997
B2024233823814N11152651WA0280302999
B2024243823815N11152639WA0280503001
B2024253823814N11152629WA0280603002
B2024263823812N11152620WA0280703004
B2024273823809N11152613WA0280803005
B2024283823806N11152609WA0281003007
B2024293823803N11152607WA0281103008
B2024303823801N11152607WA0281303009
B2024313823800N11152609WA0281303010
B2024323823800N11152611WA0281503010
B2024333823802N11152614WA0281603011
B2024343823805N11152618WA0281703011
B2024353823809N11152622WA0281803012
B2024363823812N11152625WA0281903013
B2024373823815N11152628WA0282003015
B2024383823818N11152630WA0282103016
B2024393823822N11152631WA0282203016
B2024403823827N11152633WA0282303017
B2024413823833N11152633WA0282303016
B2024423823839N11152633WA0282403016
B2024433823846N11152633WA0282503015
B2024443823853N11152632WA0282503015
B2024453823860N11152629WA0282603015
B2024463823868N11152625WA0282603016
B2024473823875N11152620WA0282603016
B2024483823882N11152612WA0282703016
B2024493823888N11152603WA0282703015
B2024503823893N11152592WA0282703015
B2024513823897N11152581WA0282703016
B2024523823900N11152570WA0282803016
B2024533823904N11152559WA0282803018
B2024543823907N11152547WA0282803018
B2024553823910N11152535WA0282903018
B2024563823913N11152523WA0282903018
B2024573823917N11152511WA0282903019
B2024583823921N11152499WA0283003021
B2024593823925N11152488WA0283003022
B2025003823929N11152476WA0283103023
B2025013823932N11152465WA0283203024
B2025023823936N11152453WA0283303026
B2025033823940N11152441WA0283303027
B2025043823944N11152429WA0283503029
B2025053823946N11152417WA0283503031
B2025063823947N11152406WA0283703032
B2025073823947N11152395WA0283803034
B2025083823946N11152386WA0283903036
B2025093823943N11152379WA0284003037
B2025103823940N11152375WA0284103038
B2025113823938N11152375WA0284203039
B2025123823937N11152377WA0284403040
B2025133823939N11152380WA0284403040
B2025133823939N11152380WA0284403040
B2025143823944N11152383WA0284503042
B2025153823950N11152386WA0284603042
B2025163823959N11152386WA0284703043
B2025173823968N11152383WA0284803044
B2025183823977N11152377WA0284903045
B2025193823986N11152370WA0285003047
B2025203823994N11152362WA0285103049
B2025213824000N11152352WA0285203051
B2025223824005N11152341WA0285403053
B2025233824008N11152330WA0285503055
B2025243824009N11152319WA0285703055
B2025253824007N11152309WA0285803056
B2025263824004N11152302WA0285903056
B2025273824001N11152298WA0286003057
B2025283823997N11152296WA0286103058
B2025293823995N11152297WA0286203060
B2025303823995N11152298WA0286303063
B2025313823996N11152300WA0286403065
B2025323823999N11152303WA0286603066
B2025333824003N11152305WA0286703067
B2025343824009N11152307WA0286803067
B2025353824016N11152308WA0286903067
B2025363824024N11152307WA0287003068
B2025373824033N11152304WA0287103070
B2025383824042N11152298WA0287303071
B2025393824050N11152291WA0287303073
B2025403824058N11152283WA0287503075
B2025413824064N11152273WA0287603077
B2025423824069N11152261WA0287703078
B2025433824073N11152249WA0287803080
B2025443824074N11152237WA0288003081
B2025453824073N11152227WA0288103082
B2025463824070N11152219WA0288303084
B2025473824066N11152214WA0288403085
B2025483824063N11152212WA0288503086
B2025493824061N11152212WA0288603087
B2025503824060N11152214WA0288703088
B2025513824060N11152216WA0288803090
B2025523824062N11152219WA0289003092
B2025533824066N11152222WA0289103093
B2025543824073N11152223WA0289203094
B2025553824081N11152222WA0289303096
B2025563824090N11152217WA0289503097
B2025573824099N11152209WA0289603098
B2025583824105N11152198WA0289703100
B2025593824110N11152185WA0289803101
B2026003824112N11152172WA0290003103
B2026013824112N11152159WA0290103105
B2026023824111N11152149WA0290203107
B2026033824109N11152141WA0290303109
B2026043824106N11152135WA0290503111
B2026053824103N11152132WA0290603111
B2026063824101N11152132WA0290803112
B2026073824100N11152133WA0290903114
B2026083824102N11152136WA0291103115
B2026093824105N11152138WA0291203116
B2026103824111N11152139WA0291303117
B2026113824118N11152139WA0291403119
B2026123824126N11152136WA0291603120
B2026133824135N11152131WA0291703122
B2026143824142N11152125WA0291803124
B2026153824149N11152118WA0291903126
B2026163824156N11152109WA0292103128
B2026163824156N11152109WA0292103128
B2026173824162N11152100WA0292203129
B2026183824168N11152090WA0292403131
B2026193824173N11152079WA0292503132
B2026203824178N11152067WA0292703134
B2026213824180N11152055WA0292803137
B2026223824179N11152044WA0293003139
B2026233824176N11152036WA0293203140
B2026243824172N11152031WA0293403141
B2026253824170N11152031WA0293503143
B2026263824170N11152033WA0293703144
B2026273824172N11152036WA0293803144
B2026283824176N11152039WA0293903145
B2026293824181N11152041WA0294003146
B2026303824187N11152042WA0294203147
B2026313824194N11152042WA0294303149
B2026323824203N11152039WA0294403150
B2026333824211N11152033WA0294503153
B2026343824218N11152023WA0294703155
B2026353824224N11152010WA0294803156
B2026363824225N11151995WA0295003156
B2026373824223N11151983WA0295103157
B2026383824219N11151974WA0295303159
B2026393824215N11151971WA0295403161
B2026403824212N11151971WA0295603163
B2026413824212N11151974WA0295703164
B2026423824214N11151977WA0295903165
B2026433824218N11151980WA0296003166
B2026443824223N11151983WA0296103168
B2026453824229N11151984WA0296203171
B2026463824235N11151985WA0296403174
B2026473824242N11151985WA0296503176
B2026483824250N11151983WA0296703178
B2026493824259N11151978WA0296903180
B2026503824267N11151969WA0297103183
B2026513824272N11151956WA0297303184
B2026523824272N11151942WA0297503185
B2026533824268N11151932WA0297603187
B2026543824263N11151927WA0297903190
B2026553824260N11151926WA0298003192
B2026563824259N11151928WA0298203195
B2026573824260N11151931WA0298403198
B2026583824262N11151934WA0298703201
B2026593824267N11151936WA0298803203
B2027003824274N11151937WA0299103207
B2027013824282N11151935WA0299303210
B2027023824291N11151929WA0299603213
B2027033824300N11151918WA0299803215
B2027043824304N11151904WA0300103218
B2027053824304N11151890WA0300303221
B2027063824301N11151880WA0300603224
B2027073824297N11151875WA0300803227
B2027083824293N11151873WA0301103230
B2027093824291N11151874WA0301303233
B2027103824291N11151877WA0301603236
B2027113824292N11151880WA0301803238
B2027123824296N11151883WA0302103241
B2027133824302N11151885WA0302303245
B2027143824310N11151883WA0302703248
B2027153824319N11151878WA0302903251
B2027163824327N11151868WA0303203253
B2027173824333N11151856WA0303403255
B2027183824335N11151843WA0303803259
B2027193824334N11151831WA0304003263
B2027193824334N11151831WA0304003263
B2027203824331N11151823WA0304303266
B2027213824326N11151819WA0304503269
B2027223824323N11151820WA0304903272
B2027233824322N11151822WA0305103275
B2027243824324N11151826WA0305403278
B2027253824330N11151829WA0305703280
B2027263824338N11151829WA0306003283
B2027273824347N11151824WA0306203287
B2027283824356N11151816WA0306503290
B2027293824362N11151805WA0306803294
B2027303824364N11151792WA0307103298
B2027313824362N11151781WA0307403300
B2027323824358N11151773WA0307703302
B2027333824353N11151770WA0307903305
B2027343824351N11151771WA0308303309
B2027353824351N11151774WA0308503313
B2027363824354N11151778WA0308903316
B2027373824361N11151780WA0309103319
B2027383824369N11151780WA0309403321
B2027393824379N11151776WA0309703323
B2027403824388N11151768WA0310003325
B2027413824396N11151756WA0310203328
B2027423824400N11151743WA0310603331
B2027433824400N11151731WA0310803335
B2027443824397N11151722WA0311103338
B2027453824393N11151718WA0311303340
B2027463824390N11151718WA0311703344
B2027473824390N11151722WA0311903347
B2027483824392N11151726WA0312203350
B2027493824398N11151730WA0312503353
B2027503824405N11151732WA0312803356
B2027513824415N11151731WA0313003359
B2027523824424N11151726WA0313403362
B2027533824433N11151719WA0313603365
B2027543824440N11151710WA0313903368
B2027553824446N11151700WA0314103371
B2027563824451N11151689WA0314503375
B2027573824455N11151678WA0314703379
B2027583824459N11151667WA0315103382
B2027593824461N11151657WA0315303386
B2028003824461N11151648WA0315703389
B2028013824460N11151641WA0315903392
B2028023824458N11151636WA0316303394
B2028033824456N11151633WA0316503397
B2028043824454N11151632WA0316903399
B2028053824453N11151634WA0317103401
B2028063824452N11151637WA0317403402
B2028073824454N11151642WA0317603404
B2028083824456N11151647WA0317803407
B2028093824460N11151651WA0318003410
B2028103824465N11151654WA0318303414
B2028113824472N11151656WA0318503417
B2028123824480N11151655WA0318803419
B2028133824490N11151652WA0319003422
B2028143824499N11151645WA0319303423
B2028153824507N11151635WA0319503424
B2028163824513N11151623WA0319803425
B2028173824517N11151610WA0320003426
B2028183824518N11151599WA0320203427
B2028193824517N11151590WA0320303429
B2028203824514N11151583WA0320503431
B2028213824512N11151579WA0320703434
B2028213824512N11151579WA0320703434
B2028223824509N11151576WA0320903437
B2028233824507N11151575WA0321103440
B2028243824506N11151575WA0321303442
B2028253824506N11151577WA0321503444
B2028263824506N11151580WA0321803447
B2028273824508N11151583WA0321903449
B2028283824511N11151586WA0322203452
B2028293824515N11151588WA0322403454
B2028303824522N11151589WA0322603455
B2028313824530N11151587WA0322803456
B2028323824539N11151584WA0323003457
B2028333824547N11151578WA0323203458
B2028343824556N11151571WA0323403459
B2028353824564N11151562WA0323503460
B2028363824571N11151551WA0323703462
B2028373824576N11151540WA0323803463
B2028383824580N11151529WA0324003464
B2028393824582N11151518WA0324103464
B2028403824582N11151508WA0324203464
B2028413824581N11151499WA0324303465
B2028423824579N11151492WA0324403465
B2028433824577N11151487WA0324503465
B2028443824574N11151483WA0324603467
B2028453824572N11151481WA0324703468
B2028463824570N11151480WA0324803470
B2028473824567N11151480WA0324903472
B2028483824565N11151480WA0325103473
B2028493824563N11151481WA0325103475
B2028503824561N11151482WA0325303477
B2028513824560N11151484WA0325403478
B2028523824559N11151486WA0325603480
B2028533824559N11151489WA0325703481
B2028543824559N11151492WA0325803483
B2028553824559N11151495WA0325903484
B2028563824561N11151498WA0326103485
B2028573824565N11151501WA0326203486
B2028583824571N11151503WA0326303486
B2028593824579N11151503WA0326403485
B2029003824588N11151500WA0326503484
B2029013824597N11151494WA0326603484
B2029023824605N11151486WA0326603485
B2029033824613N11151477WA0326703486
B2029043824619N11151467WA0326703487
B2029053824625N11151457WA0326803489
B2029063824630N11151447WA0326903491
B2029073824634N11151436WA0327003492
B2029083824637N11151426WA0327103494
B2029093824637N11151416WA0327203495
B2029103824635N11151409WA0327303495
B2029113824631N11151404WA0327403495
B2029123824628N11151403WA0327503494
B2029133824626N11151405WA0327503495
B2029143824625N11151408WA0327603497
B2029153824627N11151411WA0327703498
B2029163824630N11151415WA0327803499
B2029173824634N11151418WA0327803499
B2029183824640N11151420WA0327903499
B2029193824647N11151422WA0327903499
B2029203824655N11151422WA0328003498
B2029213824663N11151421WA0328003497
B2029223824672N11151417WA0328103497
B2029233824680N11151411WA0328103498
B2029243824687N11151404WA0328103499
B2029253824694N11151396WA0328203500
B2029263824700N11151387WA0328203501
B2029263824700N11151387WA0328203501
B2029273824705N11151377WA0328303502
B2029283824710N11151367WA0328303503
B2029293824713N11151356WA0328403504
B2029303824713N11151345WA0328503506
B2029313824712N11151337WA0328503507
B2029323824709N11151332WA0328603508
B2029333824707N11151330WA0328703509
B2029343824705N11151330WA0328803510
B2029353824705N11151333WA0328903511
B2029363824706N11151337WA0329003511
B2029373824710N11151342WA0329003512
B2029383824716N11151346WA0329103512
B2029393824724N11151348WA0329203513
B2029403824732N11151349WA0329303514
B2029413824740N11151349WA0329303516
B2029423824749N11151348WA0329403518
B2029433824757N11151346WA0329503520
B2029443824765N11151342WA0329603521
B2029453824772N11151336WA0329703521
B2029463824777N11151327WA0329803519
B2029473824781N11151317WA0329803515
B2029483824783N11151306WA0329803512
B2029493824783N11151295WA0329803510
B2029503824781N11151286WA0329703507
B2029513824778N11151279WA0329703506
B2029523824774N11151272WA0329603504
B2029533824771N11151267WA0329503504
B2029543824768N11151262WA0329403505
B2029553824764N11151256WA0329403506
B2029563824761N11151250WA0329403508
B2029573824759N11151244WA0329403510
B2029583824756N11151237WA0329403511
B2029593824754N11151231WA0329403512
B2030003824751N11151226WA0329503512
B2030013824748N11151220WA0329503512
B2030023824745N11151215WA0329503513
B2030033824741N11151211WA0329603513
B2030043824738N11151206WA0329603514
B2030053824735N11151203WA0329603515
B2030063824732N11151200WA0329703516
B2030073824729N11151197WA0329703516
B2030083824727N11151195WA0329703516
B2030093824724N11151194WA0329803515
B2030103824722N11151194WA0329803513
B2030113824722N11151197WA0329803510
B2030123824723N11151202WA0329703508
B2030133824726N11151207WA0329603506
B2030143824732N11151213WA0329503504
B2030153824738N11151217WA0329403503
B2030163824745N11151221WA0329303504
B2030173824751N11151224WA0329303504
B2030183824757N11151227WA0329203504
B2030193824764N11151230WA0329203504
B2030203824770N11151233WA0329103503
B2030213824776N11151237WA0329103502
B2030223824781N11151240WA0329003502
B2030233824786N11151244WA0328903502
B2030243824791N11151248WA0328903501
B2030253824796N11151252WA0328903500
B2030263824801N11151256WA0328803498
B2030273824805N11151261WA0328703497
B2030283824810N11151267WA0328603495
B2030283824810N11151267WA0328603495
B2030293824814N11151273WA0328603493
B2030303824819N11151279WA0328403492
B2030313824823N11151284WA0328403491
B2030323824828N11151289WA0328303490
B2030333824833N11151293WA0328203489
B2030343824838N11151297WA0328103488
B2030353824843N11151301WA0328003486
B2030363824848N11151306WA0327803483
B2030373824853N11151311WA0327703481
B2030383824860N11151313WA0327603479
B2030393824868N11151311WA0327503476
B2030403824876N11151306WA0327303472
B2030413824882N11151296WA0327103467
B2030423824886N11151285WA0326803464
B2030433824887N11151273WA0326603460
B2030443824886N11151263WA0326303457
B2030453824883N11151255WA0326103455
B2030463824879N11151249WA0325803453
B2030473824874N11151245WA0325703450
B2030483824869N11151242WA0325403448
B2030493824863N11151238WA0325203447
B2030503824858N11151235WA0324903446
B2030513824854N11151231WA0324703445
B2030523824850N11151227WA0324503443
B2030533824846N11151224WA0324403441
B2030543824842N11151221WA0324203439
B2030553824837N11151219WA0324003437
B2030563824833N11151216WA0323803435
B2030573824829N11151214WA0323703434
B2030583824824N11151211WA0323403433
B2030593824821N11151209WA0323303432
B2031003824817N11151208WA0323103432
B2031013824813N11151208WA0323003433
B2031023824810N11151208WA0322903432
B2031033824806N11151208WA0322803432
B2031043824802N11151208WA0322703432
B2031053824798N11151208WA0322603431
B2031063824794N11151207WA0322503431
B2031073824790N11151207WA0322503432
B2031083824787N11151207WA0322403433
B2031093824783N11151207WA0322403434
B2031103824780N11151206WA0322403435
B2031113824777N11151205WA0322403435
B2031123824773N11151204WA0322403435
B2031133824770N11151204WA0322403433
B2031143824766N11151205WA0322303432
B2031153824763N11151207WA0322303430
B2031163824760N11151210WA0322203430
B2031173824758N11151212WA0322203430
B2031183824755N11151213WA0322103431
B2031193824752N11151215WA0322103432
B2031203824749N11151217WA0322103432
B2031213824747N11151220WA0322003433
B2031223824746N11151223WA0322003433
B2031233824745N11151226WA0322003434
B2031243824744N11151229WA0322003435
B2031253824742N11151231WA0322103436
B2031263824740N11151232WA0322103437
B2031273824738N11151232WA0322203438
B2031283824736N11151232WA0322203439
B2031293824734N11151232WA0322303439
B2031303824731N11151232WA0322303440
B2031303824731N11151232WA0322303440
B2031313824729N11151232WA0322403440
B2031323824726N11151232WA0322403440
B2031333824723N11151232WA0322503441
B2031343824721N11151233WA0322503442
B2031353824718N11151233WA0322603443
B2031363824716N11151235WA0322603444
B2031373824714N11151237WA0322703445
B2031383824712N11151238WA0322803445
B2031393824709N11151239WA0322803445
B2031403824706N11151240WA0322903445
B2031413824703N11151241WA0322903446
B2031423824701N11151243WA0323003446
B2031433824697N11151244WA0323003446
B2031443824694N11151245WA0323003446
B2031453824691N11151246WA0323103446
B2031463824688N11151248WA0323103446
B2031473824687N11151251WA0323103446
B2031483824685N11151255WA0323103445
B2031493824684N11151259WA0323103444
B2031503824682N11151263WA0323103443
B2031513824679N11151266WA0323103443
B2031523824676N11151269WA0323103443
B2031533824673N11151270WA0323103444
B2031543824670N11151270WA0323103445
B2031553824668N11151270WA0323103445
B2031563824665N11151271WA0323103444
B2031573824662N11151273WA0323103443
B2031583824659N11151276WA0323103441
B2031593824656N11151280WA0323003439
B2032003824653N11151283WA0322903439
B2032013824650N11151285WA0322903440
B2032023824647N11151286WA0322903440
B2032033824643N11151288WA0322803441
B2032043824639N11151290WA0322803441
B2032053824635N11151291WA0322803442
B2032063824630N11151293WA0322803443
B2032073824626N11151294WA0322803444
B2032083824623N11151295WA0322803447
B2032093824620N11151295WA0322903449
B2032103824618N11151295WA0322903449
B2032113824616N11151296WA0323003449
B2032123824614N11151297WA0323003449
B2032133824612N11151298WA0323103448
B2032143824610N11151300WA0323103447
B2032153824607N11151302WA0323103445
B2032163824605N11151305WA0323103444
B2032173824603N11151307WA0323003442
B2032183824600N11151310WA0323003440
B2032193824598N11151313WA0322903439
B2032203824595N11151315WA0322803436
B2032213824591N11151315WA0322703434
B2032223824587N11151311WA0322603432
B2032233824583N11151304WA0322503430
B2032243824580N11151296WA0322303428
B2032253824578N11151287WA0322203427
B2032263824577N11151279WA0322103427
B2032273824575N11151271WA0322003425
B2032283824572N11151262WA0321903423
B2032293824570N11151253WA0321803421
B2032303824567N11151244WA0321603420
B2032313824565N11151235WA0321503420
B2032323824563N11151227WA0321403421
B2032323824563N11151227WA0321403421
B2032333824561N11151220WA0321403422
B2032343824560N11151213WA0321303422
B2032353824559N11151205WA0321303421
B2032363824557N11151197WA0321203420
B2032373824555N11151189WA0321203420
B2032383824553N11151180WA0321103419
B2032393824551N11151172WA0321103420
B2032403824549N11151164WA0321103421
B2032413824547N11151156WA0321103422
B2032423824546N11151148WA0321103422
B2032433824545N11151139WA0321103420
B2032443824545N11151130WA0321003418
B2032453824545N11151121WA0321003416
B2032463824545N11151111WA0320903414
B2032473824545N11151102WA0320803412
B2032483824545N11151091WA0320703410
B2032493824546N11151080WA0320603407
B2032503824547N11151069WA0320403404
B2032513824547N11151058WA0320303402
B2032523824547N11151046WA0320103400
B2032533824548N11151036WA0320003399
B2032543824549N11151025WA0319803398
B2032553824550N11151014WA0319703396
B2032563824551N11151002WA0319503394
B2032573824552N11150990WA0319403391
B2032583824553N11150977WA0319103389
B2032593824555N11150964WA0319003387
B2033003824557N11150951WA0318803387
B2033013824559N11150938WA0318703387
B2033023824561N11150925WA0318603389
B2033033824562N11150912WA0318503391
B2033043824564N11150900WA0318403392
B2033053824566N11150888WA0318403394
B2033063824569N11150877WA0318403395
B2033073824573N11150865WA0318403395
B2033083824577N11150853WA0318403395
B2033093824582N11150842WA0318503395
B2033103824587N11150830WA0318503395
B2033113824593N11150818WA0318503395
B2033123824600N11150806WA0318503397
B2033133824606N11150796WA0318503401
B2033143824611N11150787WA0318603405
B2033153824616N11150778WA0318703408
B2033163824620N11150769WA0318803410
B2033173824625N11150759WA0319003412
B2033183824630N11150749WA0319103414
B2033193824635N11150739WA0319303414
B2033203824641N11150728WA0319403417
B2033213824645N11150717WA0319503421
B2033223824649N11150707WA0319703425
B2033233824652N11150698WA0319903429
B2033243824654N11150689WA0320203433
B2033253824655N11150680WA0320403437
B2033263824655N11150673WA0320703441
B2033273824653N11150667WA0320903445
B2033283824649N11150666WA0321303449
B2033293824646N11150668WA0321503452
B2033303824645N11150672WA0321903454
B2033313824645N11150679WA0322103456
B2033323824649N11150685WA0322403459
B2033333824655N11150688WA0322603462
B2033343824662N11150689WA0323003466
B2033343824662N11150689WA0323003466
B2033353824670N11150687WA0323203468
B2033363824678N11150682WA0323503470
B2033373824685N11150676WA0323703473
B2033383824692N11150669WA0324103475
B2033393824697N11150660WA0324303478
B2033403824701N11150650WA0324503480
B2033413824703N11150639WA0324703481
B2033423824704N11150629WA0325003483
B2033433824703N11150619WA0325203485
B2033443824701N11150610WA0325503488
B2033453824698N11150602WA0325703490
B2033463824693N11150597WA0325903494
B2033473824689N11150595WA0326103498
B2033483824686N11150596WA0326503504
B2033493824686N11150600WA0326703508
B2033503824690N11150605WA0327103511
B2033513824698N11150608WA0327303514
B2033523824708N11150606WA0327703517
B2033533824716N11150600WA0327903521
B2033543824723N11150591WA0328303525
B2033553824726N11150579WA0328503529
B2033563824725N11150569WA0328903532
B2033573824723N11150560WA0329203536
B2033583824719N11150555WA0329603539
B2033593824715N11150554WA0329803543
B2034003824713N11150557WA0330203547
B2034013824716N11150562WA0330503550
B2034023824722N11150566WA0330903552
B2034033824731N11150566WA0331103555
B2034043824741N11150562WA0331503559
B2034053824749N11150553WA0331803564
B2034063824753N11150542WA0332203569
B2034073824755N11150531WA0332503573
B2034083824754N11150521WA0332903576
B2034093824751N11150514WA0333203580
B2034103824748N11150509WA0333603583
B2034113824745N11150509WA0333803586
B2034123824744N11150512WA0334203588
B2034133824746N11150516WA0334503591
B2034143824751N11150519WA0334903595
B2034153824758N11150521WA0335103598
B2034163824768N11150520WA0335503601
B2034173824778N11150515WA0335703604
B2034183824787N11150507WA0336103608
B2034193824793N11150497WA0336403612
B2034203824798N11150485WA0336703615
B2034213824801N11150473WA0337003619
B2034223824801N11150461WA0337403622
B2034233824800N11150450WA0337603625
B2034243824798N11150441WA0338003629
B2034253824796N11150433WA0338303633
B2034263824793N11150427WA0338703637
B2034273824790N11150424WA0338903641
B2034283824787N11150423WA0339403644
B2034293824786N11150425WA0339603647
B2034303824787N11150430WA0340003649
B2034313824792N11150434WA0340203651
B2034323824799N11150437WA0340603653
B2034333824808N11150436WA0340803656
B2034343824817N11150431WA0341203659
B2034353824826N11150422WA0341403661
B2034363824832N11150410WA0341703664
B2034373824835N11150397WA0341903668
B2034373824835N11150397WA0341903668
B2034383824836N11150385WA0342303672
B2034393824835N11150374WA0342503676
B2034403824833N11150365WA0342903681
B2034413824831N11150358WA0343103685
B2034423824828N11150351WA0343503688
B2034433824825N11150346WA0343803692
B2034443824821N11150342WA0344203695
B2034453824818N11150340WA0344503699
B2034463824814N11150337WA0344903703
B2034473824810N11150335WA0345103707
B2034483824806N11150334WA0345503712
B2034493824803N11150334WA0345803717
B2034503824801N11150337WA0346303722
B2034513824801N11150341WA0346603726
B2034523824803N11150346WA0347103730
B2034533824809N11150351WA0347403733
B2034543824817N11150352WA0347803736
B2034553824827N11150348WA0348103740
B2034563824834N11150340WA0348503744
B2034573824839N11150329WA0348803748
B2034583824840N11150317WA0349303750
B2034593824837N11150307WA0349503754
B2035003824832N11150301WA0349903757
B2035013824827N11150300WA0350203762
B2035023824824N11150302WA0350603766
B2035033824821N11150304WA0350903772
B2035043824819N11150307WA0351403777
B2035053824818N11150310WA0351703782
B2035063824816N11150314WA0352203787
B2035073824815N11150317WA0352603792
B2035083824815N11150321WA0353103797
B2035093824816N11150325WA0353403802
B2035103824820N11150328WA0353903806
B2035113824825N11150331WA0354303810
B2035123824833N11150332WA0354803813
B2035133824841N11150331WA0355103817
B2035143824850N11150326WA0355603821
B2035153824857N11150318WA0355903825
B2035163824861N11150308WA0356403830
B2035173824864N11150297WA0356703834
B2035183824864N11150288WA0357203839
B2035193824862N11150279WA0357503842
B2035203824860N11150271WA0358003846
B2035213824856N11150265WA0358303850
B2035223824852N11150261WA0358803853
B2035233824848N11150259WA0359103857
B2035243824844N11150260WA0359503861
B2035253824841N11150264WA0359803864
B2035263824839N11150269WA0360303867
B2035273824840N11150275WA0360503869
B2035283824843N11150280WA0360903872
B2035293824848N11150284WA0361203875
B2035303824854N11150287WA0361603877
B2035313824861N11150287WA0361903880
B2035323824868N11150285WA0362203883
B2035333824876N11150281WA0362503885
B2035343824883N11150275WA0362803887
B2035353824890N11150267WA0363003891
B2035363824897N11150259WA0363403895
B2035373824903N11150251WA0363603900
B2035383824908N11150243WA0364003904
B2035393824912N11150234WA0364303908
B2035403824915N11150225WA0364703911
B2035403824915N11150225WA0364703911
B2035413824916N11150215WA0364903913
B2035423824915N11150206WA0365303914
B2035433824912N11150198WA0365503914
B2035443824908N11150191WA0365803916
B2035453824903N11150187WA0366003919
B2035463824898N11150186WA0366303922
B2035473824893N11150186WA0366503926
B2035483824889N11150187WA0366903930
B2035493824886N11150189WA0367103933
B2035503824883N11150193WA0367403936
B2035513824882N11150198WA0367703939
B2035523824881N11150204WA0368003941
B2035533824881N11150211WA0368203943
B2035543824882N11150217WA0368503946
B2035553824883N11150223WA0368803950
B2035563824886N11150228WA0369103953
B2035573824890N11150232WA0369303956
B2035583824895N11150236WA0369603958
B2035593824901N11150238WA0369803960
B2036003824909N11150239WA0370103961
B2036013824917N11150240WA0370303962
B2036023824926N11150239WA0370603963
B2036033824934N11150237WA0370803964
B2036043824943N11150232WA0371003965
B2036053824950N11150225WA0371203969
B2036063824957N11150217WA0371403974
B2036073824962N11150208WA0371603979
B2036083824966N11150200WA0371903983
B2036093824970N11150191WA0372203987
B2036103824974N11150181WA0372503990
B2036113824975N11150171WA0372703993
B2036123824974N11150162WA0373003996
B2036133824970N11150155WA0373303999
B2036143824966N11150151WA0373604002
B2036153824961N11150150WA0373804004
B2036163824957N11150153WA0374104006
B2036173824954N11150159WA0374304007
B2036183824953N11150166WA0374604009
B2036193824954N11150173WA0374804011
B2036203824957N11150179WA0375104013
B2036213824960N11150185WA0375304015
B2036223824964N11150190WA0375504016
B2036233824968N11150195WA0375704017
B2036243824974N11150199WA0376004019
B2036253824979N11150203WA0376104021
B2036263824983N11150208WA0376404024
B2036273824986N11150213WA0376504026
B2036283824989N11150219WA0376804028
B2036293824993N11150225WA0376904031
B2036303824996N11150231WA0377204033
B2036313825000N11150237WA0377304036
B2036323825004N11150243WA0377604038
B2036333825008N11150248WA0377704042
B2036343825012N11150253WA0378004046
B2036353825016N11150258WA0378204051
B2036363825020N11150261WA0378504055
B2036373825024N11150264WA0378804057
B2036383825030N11150264WA0379104058
B2036393825037N11150262WA0379304058
B2036403825043N11150256WA0379604057
B2036413825049N11150247WA0379704057
B2036423825052N11150237WA0379904058
B2036433825054N11150226WA0380004060
B2036443825054N11150216WA0380204063
B2036443825054N11150216WA0380204063
B2036453825053N11150208WA0380404067
B2036463825051N11150201WA0380604072
B2036473825049N11150195WA0380804075
B2036483825047N11150189WA0381104078
B2036493825044N11150184WA0381304080
B2036503825041N11150179WA0381504082
B2036513825037N11150175WA0381704084
B2036523825033N11150174WA0382004086
B2036533825029N11150176WA0382204088
B2036543825026N11150181WA0382404090
B2036553825026N11150188WA0382604094
B2036563825030N11150195WA0382904097
B2036573825037N11150200WA0383104098
B2036583825046N11150201WA0383304100
B2036593825056N11150197WA0383504103
B2037003825063N11150188WA0383804105
B2037013825067N11150178WA0384004107
B2037023825068N11150167WA0384204109
B2037033825068N11150157WA0384404111
B2037043825067N11150148WA0384704113
B2037053825065N11150140WA0384804116
B2037063825062N11150134WA0385104119
B2037073825058N11150129WA0385304121
B2037083825054N11150125WA0385504123
B2037093825051N11150120WA0385704126
B2037103825047N11150117WA0386004129
B2037113825043N11150114WA0386204133
B2037123825040N11150113WA0386504135
B2037133825037N11150115WA0386704137
B2037143825035N11150120WA0387004139
B2037153825036N11150127WA0387104139
B2037163825039N11150134WA0387404141
B2037173825042N11150141WA0387504145
B2037183825046N11150146WA0387804150
B2037193825050N11150151WA0388004155
B2037203825055N11150154WA0388404160
B2037213825060N11150155WA0388604163
B2037223825068N11150155WA0389004164
B2037233825075N11150153WA0389204165
B2037243825083N11150148WA0389504166
B2037253825090N11150140WA0389704167
B2037263825094N11150131WA0389904170
B2037273825097N11150122WA0390104172
B2037283825099N11150112WA0390404174
B2037293825100N11150103WA0390504177
B2037303825100N11150094WA0390804179
B2037313825099N11150086WA0391004180
B2037323825097N11150079WA0391204181
B2037333825094N11150071WA0391304182
B2037343825090N11150065WA0391604183
B2037353825085N11150059WA0391704184
B2037363825080N11150055WA0391904186
B2037373825076N11150053WA0392004188
B2037383825071N11150052WA0392204191
B2037393825066N11150052WA0392404193
B2037403825062N11150052WA0392604196
B2037413825058N11150052WA0392804198
B2037423825055N11150054WA0393004200
B2037433825053N11150057WA0393104200
B2037443825051N11150063WA0393304199
B2037453825051N11150070WA0393504199
B2037463825052N11150078WA0393604200
B2037473825053N11150085WA0393704201
B2037483825056N11150092WA0393804203
B2037493825059N11150098WA0393904205
B2037493825059N11150098WA0393904205
B2037503825061N11150104WA0394104207
B2037513825062N11150109WA0394204210
B2037523825063N11150113WA0394404213
B2037533825063N11150117WA0394604215
B2037543825065N11150122WA0394804216
B2037553825067N11150128WA0394904215
B2037563825070N11150134WA0395104215
B2037573825074N11150139WA0395204216
B2037583825077N11150145WA0395304217
B2037593825081N11150152WA0395404218
B2038003825085N11150158WA0395504219
B2038013825091N11150163WA0395604219
B2038023825097N11150166WA0395704220
B2038033825105N11150167WA0395804220
B2038043825112N11150166WA0395904220
B2038053825119N11150164WA0396004222
B2038063825126N11150160WA0396104223
B2038073825132N11150155WA0396204225
B2038083825138N11150150WA0396304227
B2038093825144N11150143WA0396404227
B2038103825150N11150135WA0396504227
B2038113825154N11150125WA0396604227
B2038123825157N11150115WA0396704229
B2038133825159N11150107WA0396704231
B2038143825160N11150099WA0396804233
B2038153825160N11150091WA0396904234
B2038163825158N11150083WA0397004234
B2038173825157N11150075WA0397104234
B2038183825154N11150068WA0397204233
B2038193825150N11150060WA0397304234
B2038203825146N11150053WA0397304234
B2038213825142N11150047WA0397404235
B2038223825137N11150041WA0397504236
B2038233825133N11150035WA0397504238
B2038243825128N11150030WA0397604239
B2038253825123N11150025WA0397704241
B2038263825118N11150021WA0397804243
B2038273825114N11150017WA0397904244
B2038283825110N11150012WA0398004246
B2038293825106N11150008WA0398104247
B2038303825101N11150005WA0398204249
B2038313825097N11150004WA0398304251
B2038323825094N11150006WA0398504253
B2038333825091N11150011WA0398604254
B2038343825090N11150018WA0398804254
B2038353825092N11150026WA0398904254
B2038363825097N11150034WA0399004254
B2038373825104N11150038WA0399104255
B2038383825112N11150039WA0399204256
B2038393825120N11150036WA0399304256
B2038403825126N11150030WA0399404257
B2038413825130N11150022WA0399404257
B2038423825132N11150014WA0399504257
B2038433825132N11150005WA0399504257
B2038443825130N11149997WA0399604258
B2038453825128N11149990WA0399704258
B2038463825125N11149984WA0399704259
B2038473825123N11149978WA0399804260
B2038483825120N11149972WA0399904261
B2038493825117N11149966WA0399904263
B2038503825113N11149960WA0400004264
B2038513825110N11149953WA0400104266
B2038513825110N11149953WA0400104266
B2038523825107N11149948WA0400204268
B2038533825104N11149942WA0400304270
B2038543825101N11149936WA0400404272
B2038553825098N11149930WA0400504273
B2038563825094N11149925WA0400704274
B2038573825089N11149923WA0400804275
B2038583825083N11149924WA0400904274
B2038593825079N11149929WA0400904272
B2039003825076N11149936WA0401004271
B2039013825076N11149943WA0401004271
B2039023825078N11149951WA0401104271
B2039033825081N11149957WA0401104272
B2039043825084N11149963WA0401104272
B2039053825088N11149969WA0401104272
B2039063825092N11149975WA0401204272
B2039073825098N11149979WA0401204271
B2039083825104N11149984WA0401204272
B2039093825111N11149988WA0401304273
B2039103825117N11149991WA0401304274
B2039113825124N11149993WA0401304276
B2039123825130N11149994WA0401404278
B2039133825137N11149994WA0401504279
B2039143825143N11149993WA0401604281
B2039153825149N11149991WA0401704281
B2039163825155N11149988WA0401804282
B2039173825160N11149983WA0401804282
B2039183825165N11149976WA0401904281
B2039193825168N11149967WA0401904279
B2039203825169N11149958WA0401904278
B2039213825169N11149949WA0402004278
B2039223825168N11149939WA0402004278
B2039233825166N11149931WA0402004279
B2039243825164N11149923WA0402004280
B2039253825160N11149916WA0402004281
B2039263825156N11149910WA0402004281
B2039273825151N11149906WA0402104282
B2039283825146N11149904WA0402104284
B2039293825141N11149903WA0402204286
B2039303825137N11149903WA0402204287
B2039313825132N11149904WA0402304289
B2039323825128N11149905WA0402404289
B2039333825124N11149906WA0402404289
B2039343825120N11149907WA0402504289
B2039353825115N11149908WA0402604289
B2039363825111N11149909WA0402604289
B2039373825106N11149910WA0402604289
B2039383825102N11149911WA0402704288
B2039393825097N11149912WA0402704287
B2039403825092N11149912WA0402704286
B2039413825087N11149913WA0402704285
B2039423825082N11149913WA0402604285
B2039433825077N11149912WA0402604284
B2039443825073N11149912WA0402604283
B2039453825068N11149911WA0402604282
B2039463825063N11149908WA0402504280
B2039473825058N11149904WA0402404277
B2039483825053N11149900WA0402304275
B2039493825049N11149894WA0402204273
B2039503825045N11149889WA0402104271
B2039513825041N11149882WA0402004269
B2039523825037N11149876WA0401804266
B2039533825033N11149869WA0401704264
B2039533825033N11149869WA0401704264
B2039543825029N11149861WA0401504262
B2039553825025N11149854WA0401304261
B2039563825022N11149846WA0401204259
B2039573825018N11149839WA0401004258
B2039583825015N11149831WA0400804257
B2039593825012N11149823WA0400704255
B2040003825009N11149816WA0400504253
B2040013825005N11149808WA0400404251
B2040023825001N11149801WA0400204249
B2040033824998N11149793WA0400104247
B2040043824995N11149785WA0399904244
B2040053824992N11149777WA0399704242
B2040063824989N11149768WA0399504240
B2040073824985N11149760WA0399404238
B2040083824981N11149751WA0399104236
B2040093824977N11149742WA0399004234
B2040103824973N11149733WA0398804232
B2040113824969N11149723WA0398604231
B2040123824965N11149714WA0398404231
B2040133824960N11149706WA0398304231
B2040143824955N11149699WA0398104231
B2040153824950N11149692WA0398004231
B2040163824945N11149685WA0397904230
B2040173824940N11149678WA0397804230
B2040183824935N11149671WA0397704229
B2040193824930N11149663WA0397604228
B2040203824926N11149656WA0397504227
B2040213824922N11149648WA0397504226
B2040223824917N11149640WA0397404225
B2040233824913N11149632WA0397304225
B2040243824909N11149624WA0397204225
B2040253824905N11149617WA0397204226
B2040263824902N11149609WA0397104226
B2040273824898N11149601WA0397104225
B2040283824895N11149592WA0397004224
B2040293824891N11149584WA0397004223
B2040303824887N11149575WA0396904222
B2040313824883N11149566WA0396904221
B2040323824880N11149558WA0396804221
B2040333824877N11149550WA0396804222
B2040343824875N11149542WA0396704223
B2040353824872N11149535WA0396704223
B2040363824869N11149529WA0396704222
B2040373824865N11149522WA0396604221
B2040383824862N11149515WA0396604218
B2040393824858N11149507WA0396504215
B2040403824855N11149498WA0396404211
B2040413824852N11149488WA0396204209
B2040423824849N11149481WA0396104206
B2040433824846N11149474WA0395904203
B2040443824842N11149468WA0395704200
B2040453824838N11149462WA0395604196
B2040463824833N11149455WA0395304192
B2040473824828N11149447WA0395104188
B2040483824823N11149439WA0394804185
B2040493824819N11149431WA0394604184
B2040503824817N11149424WA0394304183
B2040513824815N11149417WA0394204181
B2040523824814N11149411WA0394004179
B2040533824812N11149402WA0393804176
B2040543824811N11149393WA0393604173
B2040553824810N11149383WA0393304169
B2040553824810N11149383WA0393304169
B2040563824808N11149373WA0393104167
B2040573824806N11149363WA0392804166
B2040583824804N11149354WA0392504165
B2040593824802N11149346WA0392404164
B2041003824799N11149337WA0392204162
B2041013824797N11149328WA0392004159
B2041023824794N11149318WA0391704155
B2041033824790N11149308WA0391504151
B2041043824787N11149299WA0391304149
B2041053824784N11149290WA0391004148
B2041063824782N11149282WA0390804147
B2041073824780N11149274WA0390604146
B2041083824778N11149266WA0390504143
B2041093824776N11149256WA0390204140
B2041103824774N11149246WA0390004136
B2041113824773N11149236WA0389804133
B2041123824771N11149226WA0389604131
B2041133824768N11149217WA0389304129
B2041143824766N11149208WA0389104127
B2041153824764N11149198WA0388904125
B2041163824762N11149188WA0388704123
B2041173824761N11149178WA0388404121
B2041183824760N11149169WA0388304119
B2041193824759N11149159WA0388004118
B2041203824757N11149150WA0387904116
B2041213824756N11149140WA0387604114
B2041223824755N11149129WA0387504112
B2041233824753N11149119WA0387204111
B2041243824752N11149110WA0387104110
B2041253824751N11149101WA0386904110
B2041263824751N11149092WA0386804108
B2041273824750N11149082WA0386604106
B2041283824750N11149071WA0386504104
B2041293824751N11149059WA0386304101
B2041303824751N11149047WA0386104099
B2041313824752N11149035WA0385904098
B2041323824752N11149023WA0385704097
B2041333824753N11149011WA0385604095
B2041343824753N11148998WA0385504093
B2041353824753N11148985WA0385304091
B2041363824754N11148972WA0385104090
B2041373824755N11148960WA0384904090
B2041383824755N11148948WA0384804090
B2041393824755N11148937WA0384704091
B2041403824755N11148926WA0384604091
B2041413824755N11148914WA0384504090
B2041423824755N11148902WA0384404087
B2041433824755N11148889WA0384304086
B2041443824755N11148877WA0384204085
B2041453824755N11148865WA0384104085
B2041463824755N11148854WA0384004086
B2041473824754N11148843WA0383904086
B2041483824755N11148832WA0383804084
B2041493824755N11148820WA0383804082
B2041503824756N11148807WA0383704079
B2041513824756N11148794WA0383604077
B2041523824757N11148780WA0383504076
B2041533824757N11148768WA0383304077
B2041543824758N11148758WA0383304079
B2041553824758N11148748WA0383204080
B2041563824757N11148739WA0383204079
B2041573824757N11148728WA0383104076
B2041573824757N11148728WA0383104076
B2041583824756N11148716WA0383004072
B2041593824754N11148704WA0382904067
B2042003824753N11148690WA0382704063
B2042013824752N11148678WA0382504061
B2042023824751N11148666WA0382304061
B2042033824750N11148654WA0382104060
B2042043824749N11148641WA0382004058
B2042053824747N11148629WA0381804054
B2042063824744N11148615WA0381704051
B2042073824742N11148601WA0381404048
B2042083824739N11148587WA0381204047
B2042093824737N11148574WA0381004047
B2042103824735N11148561WA0380904048
B2042113824734N11148548WA0380704048
B2042123824732N11148535WA0380604047
B2042133824730N11148521WA0380504046
B2042143824728N11148507WA0380404044
B2042153824725N11148493WA0380204041
B2042163824722N11148479WA0380104039
B2042173824718N11148465WA0379904037
B2042183824713N11148452WA0379804035
B2042193824709N11148440WA0379604034
B2042203824704N11148427WA0379504033
B2042213824700N11148415WA0379304031
B2042223824696N11148403WA0379204029
B2042233824691N11148391WA0379004026
B2042243824687N11148378WA0378904023
B2042253824682N11148365WA0378604019
B2042263824678N11148351WA0378504016
B2042273824674N11148338WA0378204013
B2042283824670N11148324WA0378004011
B2042293824666N11148311WA0377704008
B2042303824662N11148299WA0377604006
B2042313824658N11148286WA0377304004
B2042323824654N11148273WA0377104000
B2042333824651N11148260WA0376903996
B2042343824647N11148247WA0376703992
B2042353824643N11148233WA0376303987
B2042363824640N11148220WA0376103983
B2042373824636N11148207WA0375703980
B2042383824633N11148193WA0375503978
B2042393824631N11148180WA0375103975
B2042403824629N11148167WA0374903972
B2042413824626N11148154WA0374603969
B2042423824624N11148141WA0374303966
B2042433824621N11148128WA0374003963
B2042443824618N11148116WA0373703959
B2042453824615N11148104WA0373403956
B2042463824612N11148092WA0373203954
B2042473824610N11148080WA0372803952
B2042483824607N11148068WA0372603949
B2042493824605N11148056WA0372303947
B2042503824602N11148043WA0372103944
B2042513824600N11148030WA0371703940
B2042523824597N11148016WA0371503937
B2042533824594N11148002WA0371203934
B2042543824592N11147988WA0371003931
B2042553824590N11147974WA0370603929
B2042563824587N11147960WA0370403927
B2042573824585N11147948WA0370103926
B2042583824584N11147935WA0369903924
B2042593824582N11147923WA0369603922
B2043003824580N11147910WA0369503919
B2043003824580N11147910WA0369503919
B2043013824578N11147897WA0369203914
B2043023824575N11147884WA0368903910
B2043033824573N11147870WA0368603905
B2043043824570N11147856WA0368403902
B2043053824568N11147843WA0368003899
B2043063824566N11147830WA0367803897
B2043073824564N11147818WA0367403896
B2043083824562N11147806WA0367203894
B2043093824559N11147794WA0366903892
B2043103824556N11147783WA0366703889
B2043113824553N11147772WA0366503886
B2043123824550N11147760WA0366303883
B2043133824548N11147749WA0365903879
B2043143824545N11147737WA0365703876
B2043153824543N11147724WA0365403872
B2043163824541N11147712WA0365203867
B2043173824539N11147699WA0364803864
B2043183824538N11147686WA0364603861
B2043193824537N11147673WA0364203858
B2043203824536N11147660WA0364003855
B2043213824534N11147646WA0363603852
B2043223824532N11147632WA0363403848
B2043233824530N11147618WA0363003845
B2043243824529N11147603WA0362703842
B2043253824527N11147589WA0362403840
B2043263824526N11147576WA0362203839
B2043273824525N11147563WA0361803838
B2043283824524N11147550WA0361703836
B2043293824523N11147537WA0361403834
B2043303824521N11147524WA0361203831
B2043313824520N11147511WA0360903828
B2043323824518N11147498WA0360703825
B2043333824515N11147484WA0360403822
B2043343824513N11147470WA0360203820
B2043353824509N11147456WA0359903820
B2043363824506N11147443WA0359703821
B2043373824503N11147431WA0359503824
B2043383824500N11147421WA0359403828
B2043393824498N11147411WA0359403832
B2043403824496N11147402WA0359403834
B2043413824494N11147393WA0359403835
B2043423824491N11147384WA0359503836
B2043433824487N11147375WA0359503835
B2043443824482N11147368WA0359603835
B2043453824477N11147361WA0359603835
B2043463824472N11147354WA0359603835
B2043473824467N11147345WA0359703835
B2043483824462N11147336WA0359703836
B2043493824459N11147329WA0359703840
B2043503824456N11147322WA0359803844
B2043513824452N11147316WA0359903847
B2043523824449N11147310WA0360003849
B2043533824445N11147304WA0360203850
B2043543824440N11147301WA0360303849
B2043553824436N11147301WA0360403849
B2043563824432N11147303WA0360503849
B2043573824431N11147307WA0360603849
B2043583824432N11147311WA0360603849
B2043593824436N11147313WA0360703849
B2044003824442N11147314WA0360703847
B2044013824448N11147314WA0360803847
B2044023824455N11147313WA0360803848
B2044023824455N11147313WA0360803848
B2044033824461N11147311WA0360903850
B2044043824467N11147309WA0360903852
B2044053824473N11147308WA0361003854
B2044063824480N11147304WA0361103855
B2044073824486N11147298WA0361203856
B2044083824490N11147288WA0361303857
B2044093824490N11147275WA0361403856
B2044103824487N11147264WA0361403855
B2044113824483N11147254WA0361503856
B2044123824478N11147247WA0361503859
B2044133824474N11147242WA0361603863
B2044143824470N11147239WA0361703868
B2044153824467N11147238WA0361903871
B2044163824464N11147237WA0362003872
B2044173824462N11147238WA0362203873
B2044183824460N11147240WA0362403873
B2044193824460N11147244WA0362503873
B2044203824462N11147248WA0362603872
B2044213824466N11147250WA0362703871
B2044223824472N11147252WA0362703870
B2044233824479N11147252WA0362803870
B2044243824486N11147251WA0362903871
B2044253824493N11147250WA0362903873
B2044263824499N11147249WA0363003876
B2044273824504N11147245WA0363103878
B2044283824508N11147239WA0363203879
B2044293824513N11147231WA0363303879
B2044303824516N11147222WA0363403878
B2044313824520N11147213WA0363503878
B2044323824524N11147204WA0363503878
B2044333824527N11147194WA0363603879
B2044343824529N11147185WA0363603879
B2044353824531N11147175WA0363703880
B2044363824531N11147164WA0363703880
B2044373824531N11147154WA0363803880
B2044383824531N11147144WA0363803882
B2044393824531N11147135WA0363903884
B2044403824531N11147127WA0363903887
B2044413824530N11147120WA0364103892
B2044423824528N11147115WA0364203895
B2044433824525N11147111WA0364403897
B2044443824521N11147108WA0364503895
B2044453824515N11147107WA0364703894
B2044463824511N11147110WA0364803893
B2044473824509N11147115WA0364803894
B2044483824510N11147119WA0364903895
B2044493824514N11147122WA0365003897
B2044503824519N11147122WA0365103898
B2044513824526N11147120WA0365103897
B2044523824532N11147118WA0365203897
B2044533824539N11147116WA0365303899
B2044543824545N11147113WA0365403899
B2044553824551N11147107WA0365503898
B2044563824557N11147099WA0365503896
B2044573824561N11147089WA0365503894
B2044583824564N11147077WA0365503894
B2044593824566N11147065WA0365503895
B2045003824568N11147054WA0365503897
B2045013824570N11147044WA0365603899
B2045023824572N11147034WA0365603901
B2045033824574N11147024WA0365703902
B2045043824576N11147014WA0365703903
B2045043824576N11147014WA0365703903
B2045053824578N11147004WA0365803903
B2045063824580N11146994WA0365903903
B2045073824581N11146983WA0365903902
B2045083824581N11146971WA0365903901
B2045093824581N11146959WA0365903901
B2045103824581N11146947WA0365903902
B2045113824580N11146937WA0365903904
B2045123824580N11146927WA0366003906
B2045133824580N11146917WA0366103909
B2045143824580N11146907WA0366203911
B2045153824581N11146897WA0366303913
B2045163824583N11146886WA0366403915
B2045173824585N11146874WA0366503917
B2045183824587N11146863WA0366703919
B2045193824589N11146852WA0366803921
B2045203824591N11146841WA0366903923
B2045213824593N11146830WA0367103925
B2045223824595N11146818WA0367203925
B2045233824596N11146806WA0367403928
B2045243824597N11146794WA0367503930
B2045253824597N11146782WA0367703933
B2045263824598N11146771WA0367803935
B2045273824597N11146761WA0368003938
B2045283824594N11146752WA0368203940
B2045293824589N11146745WA0368403942
B2045303824583N11146741WA0368603943
B2045313824578N11146740WA0368803943
B2045323824574N11146742WA0368903945
B2045333824572N11146746WA0369103946
B2045343824573N11146751WA0369203946
B2045353824577N11146754WA0369403947
B2045363824582N11146756WA0369503948
B2045373824589N11146757WA0369603949
B2045383824596N11146757WA0369703951
B2045393824602N11146756WA0369803954
B2045403824608N11146753WA0370003957
B2045413824614N11146749WA0370203959
B2045423824619N11146744WA0370303960
B2045433824625N11146737WA0370503961
B2045443824631N11146730WA0370603961
B2045453824637N11146720WA0370803962
B2045463824642N11146710WA0370903965
B2045473824647N11146700WA0371103969
B2045483824652N11146690WA0371203973
B2045493824657N11146680WA0371503976
B2045503824662N11146671WA0371603978
B2045513824668N11146662WA0371903981
B2045523824675N11146653WA0372003984
B2045533824681N11146645WA0372303987
B2045543824687N11146637WA0372503989
B2045553824693N11146628WA0372803991
B2045563824697N11146616WA0372903991
B2045573824698N11146604WA0373203990
B2045583824696N11146592WA0373303990
B2045593824692N11146585WA0373503989
B2046003824687N11146582WA0373603988
B2046013824684N11146584WA0373603986
B2046023824683N11146589WA0373703984
B2046033824686N11146594WA0373703985
B2046043824691N11146597WA0373703986
B2046053824697N11146599WA0373803989
B2046063824702N11146599WA0373803994
B2046063824702N11146599WA0373803994
B2046073824708N11146597WA0374003997
B2046083824714N11146595WA0374104000
B2046093824720N11146592WA0374304002
B2046103824728N11146588WA0374404003
B2046113824735N11146581WA0374604004
B2046123824743N11146571WA0374704004
B2046133824748N11146560WA0374904005
B2046143824752N11146546WA0374904005
B2046153824753N11146533WA0375104006
B2046163824753N11146521WA0375204008
B2046173824751N11146511WA0375304011
B2046183824750N11146501WA0375404012
B2046193824748N11146491WA0375604012
B2046203824745N11146481WA0375604011
B2046213824742N11146471WA0375704009
B2046223824738N11146461WA0375704007
B2046233824735N11146451WA0375804005
B2046243824732N11146442WA0375804005
B2046253824729N11146431WA0375704003
B2046263824726N11146420WA0375704001
B2046273824723N11146409WA0375603999
B2046283824720N11146399WA0375603997
B2046293824717N11146389WA0375503996
B2046303824713N11146379WA0375403995
B2046313824709N11146369WA0375303993
B2046323824706N11146359WA0375203991
B2046333824702N11146349WA0375103989
B2046343824699N11146338WA0375003987
B2046353824695N11146327WA0374803986
B2046363824692N11146316WA0374703984
B2046373824688N11146306WA0374503983
B2046383824685N11146296WA0374403982
B2046393824681N11146285WA0374303981
B2046403824677N11146274WA0374203978
B2046413824673N11146262WA0374003975
B2046423824668N11146251WA0373903973
B2046433824664N11146239WA0373703973
B2046443824661N11146229WA0373603973
B2046453824659N11146220WA0373503975
B2046463824658N11146211WA0373403976
B2046473824656N11146201WA0373403976
B2046483824653N11146190WA0373403972
B2046493824649N11146178WA0373203966
B2046503824645N11146165WA0373103962
B2046513824641N11146152WA0372903960
B2046523824637N11146140WA0372803960
B2046533824634N11146129WA0372603963
B2046543824632N11146118WA0372503964
B2046553824629N11146108WA0372503965
B2046563824626N11146096WA0372403963
B2046573824622N11146085WA0372303960
B2046583824618N11146072WA0372203957
B2046593824613N11146060WA0372003954
B2047003824608N11146048WA0371903954
B2047013824604N11146037WA0371703955
B2047023824600N11146027WA0371703957
B2047033824596N11146018WA0371603958
B2047043824593N11146008WA0371603958
B2047053824589N11145997WA0371503956
B2047063824585N11145986WA0371503954
B2047073824580N11145974WA0371303951
B2047083824576N11145961WA0371303948
B2047093824572N11145948WA0371103947
B2047093824572N11145948WA0371103947
B2047103824569N11145935WA0371003946
B2047113824566N11145922WA0370803945
B2047123824562N11145910WA0370803945
B2047133824559N11145897WA0370603944
B2047143824555N11145885WA0370603942
B2047153824551N11145872WA0370403941
B2047163824547N11145859WA0370303940
B2047173824543N11145846WA0370203941
B2047183824540N11145834WA0370203942
B2047193824536N11145822WA0370103943
B2047203824533N11145810WA0370103944
B2047213824529N11145799WA0370103944
B2047223824524N11145788WA0370003943
B2047233824519N11145777WA0370003941
B2047243824513N11145765WA0370003939
B2047253824508N11145754WA0369903939
B2047263824504N11145743WA0369803939
B2047273824499N11145732WA0369803938
B2047283824495N11145722WA0369703937
B2047293824491N11145710WA0369703936
B2047303824487N11145699WA0369603934
B2047313824483N11145687WA0369503932
B2047323824479N11145674WA0369403930
B2047333824476N11145661WA0369303927
B2047343824471N11145649WA0369203925
B2047353824466N11145637WA0369003922
B2047363824460N11145626WA0368903920
B2047373824455N11145615WA0368703918
B2047383824450N11145603WA0368603916
B2047393824446N11145591WA0368403915
B2047403824442N11145579WA0368203913
B2047413824437N11145567WA0368003911
B2047423824432N11145556WA0367903908
B2047433824427N11145545WA0367703906
B2047443824422N11145534WA0367603905
B2047453824417N11145522WA0367403905
B2047463824412N11145511WA0367303905
B2047473824408N11145500WA0367103904
B2047483824403N11145488WA0367003903
B2047493824399N11145477WA0366803900
B2047503824393N11145465WA0366703898
B2047513824388N11145453WA0366503895
B2047523824383N11145441WA0366403893
B2047533824378N11145430WA0366203891
B2047543824373N11145419WA0366003890
B2047553824368N11145408WA0365803887
B2047563824362N11145397WA0365703884
B2047573824356N11145386WA0365403880
B2047583824349N11145375WA0365203877
B2047593824344N11145365WA0365003875
B2048003824338N11145354WA0364803875
B2048013824334N11145343WA0364603874
B2048023824330N11145332WA0364403872
B2048033824326N11145320WA0364203870
B2048043824322N11145309WA0364003867
B2048053824317N11145297WA0363803864
B2048063824312N11145285WA0363603861
B2048073824307N11145273WA0363403859
B2048083824302N11145261WA0363203857
B2048093824298N11145250WA0363003857
B2048103824294N11145239WA0362803856
B2048113824290N11145228WA0362603855
B2048113824290N11145228WA0362603855
B2048123824285N11145217WA0362503852
B2048133824280N11145206WA0362303850
B2048143824275N11145194WA0362103848
B2048153824270N11145182WA0361903846
B2048163824265N11145171WA0361803844
B2048173824260N11145159WA0361603842
B2048183824256N11145146WA0361403840
B2048193824251N11145134WA0361203838
B2048203824245N11145123WA0361103836
B2048213824240N11145112WA0360903834
B2048223824233N11145102WA0360703832
B2048233824227N11145093WA0360503830
B2048243824220N11145084WA0360403828
B2048253824213N11145075WA0360103825
B2048263824205N11145067WA0360003823
B2048273824198N11145059WA0359703821
B2048283824191N11145052WA0359603821
B2048293824184N11145045WA0359403820
B2048303824177N11145038WA0359203819
B2048313824171N11145032WA0359103817
B2048323824164N11145025WA0358903814
B2048333824157N11145019WA0358703811
B2048343824149N11145013WA0358603808
B2048353824142N11145006WA0358303805
B2048363824134N11145000WA0358103803
B2048373824127N11144993WA0357903801
B2048383824120N11144987WA0357703800
B2048393824113N11144980WA0357503799
B2048403824106N11144975WA0357303797
B2048413824099N11144969WA0357103794
B2048423824091N11144963WA0356903790
B2048433824083N11144958WA0356703787
B2048443824075N11144953WA0356503783
B2048453824067N11144948WA0356203780
B2048463824060N11144943WA0356003779
B2048473824053N11144938WA0355703778
B2048483824046N11144932WA0355603776
B2048493824039N11144927WA0355303774
B2048503824031N11144921WA0355103771
B2048513824023N11144916WA0354903767
B2048523824015N11144910WA0354703765
B2048533824007N11144904WA0354403763
B2048543823999N11144899WA0354203762
B2048553823992N11144894WA0354003762
B2048563823986N11144889WA0353803761
B2048573823980N11144885WA0353603760
B2048583823973N11144882WA0353503757
B2048593823967N11144878WA0353303753
B2049003823960N11144873WA0353103750
B2049013823953N11144868WA0352803747
B2049023823946N11144862WA0352603746
B2049033823940N11144856WA0352403745
B2049043823935N11144850WA0352203743
B2049053823929N11144844WA0352003741
B2049063823923N11144837WA0351903738
B2049073823917N11144831WA0351603735
B2049083823911N11144825WA0351403732
B2049093823905N11144819WA0351103728
B2049103823899N11144812WA0351003725
B2049113823893N11144806WA0350703722
B2049123823886N11144799WA0350503719
B2049133823880N11144792WA0350103715
B2049133823880N11144792WA0350103715
B2049143823873N11144785WA0349903711
B2049153823866N11144779WA0349603707
B2049163823859N11144773WA0349303704
B2049173823853N11144767WA0349003701
B2049183823846N11144762WA0348803699
B2049193823839N11144756WA0348403696
B2049203823833N11144750WA0348203693
B2049213823828N11144744WA0347803689
B2049223823822N11144738WA0347603686
B2049233823816N11144731WA0347303682
B2049243823809N11144725WA0347003677
B2049253823803N11144720WA0346603672
B2049263823797N11144714WA0346303667
B2049273823790N11144708WA0345903663
B2049283823784N11144703WA0345603659
B2049293823779N11144696WA0345203655
B2049303823773N11144690WA0344903651
B2049313823767N11144685WA0344503646
B2049323823760N11144678WA0344203641
B2049333823754N11144672WA0343703635
B2049343823747N11144667WA0343303629
B2049353823739N11144661WA0342803623
B2049363823732N11144656WA0342403618
B2049373823725N11144651WA0341903613
B2049383823718N11144647WA0341503609
B2049393823711N11144642WA0341003605
B2049403823703N11144638WA0340603600
B2049413823696N11144635WA0340103596
B2049423823689N11144631WA0339803592
B2049433823682N11144626WA0339203590
B2049443823676N11144621WA0338903588
B2049453823671N11144615WA0338503586
B2049463823665N11144610WA0338303585
B2049473823660N11144604WA0337903582
B2049483823654N11144598WA0337703580
B2049493823648N11144592WA0337303577
B2049503823643N11144587WA0337103574
B2049513823637N11144582WA0336703571
B2049523823631N11144578WA0336503569
B2049533823626N11144573WA0336203566
B2049543823621N11144568WA0335903563
B2049553823615N11144563WA0335603559
B2049563823608N11144558WA0335403553
B2049573823600N11144552WA0334903546
B2049583823591N11144546WA0334603539
B2049593823583N11144541WA0334103534
B2050003823575N11144534WA0333803531
B2050013823567N11144527WA0333303529
B2050023823561N11144521WA0333103528
B2050033823554N11144514WA0332703526
B2050043823548N11144509WA0332403523
B2050053823541N11144503WA0332003519
B2050063823533N11144497WA0331803515
B2050073823526N11144490WA0331403510
B2050083823519N11144482WA0331103506
B2050093823512N11144474WA0330603502
B2050103823505N11144466WA0330403498
B2050113823498N11144459WA0329903495
B2050123823491N11144453WA0329703492
B2050133823485N11144447WA0329303489
B2050143823478N11144441WA0329003486
B2050153823472N11144435WA0328603483
B2050163823466N11144428WA0328403481
B2050163823466N11144428WA0328403481
B2050173823460N11144421WA0328003480
B2050183823454N11144413WA0327803479
B2050193823448N11144406WA0327503479
B2050203823442N11144399WA0327303477
B2050213823437N11144392WA0327103477
B2050223823431N11144385WA0327003475
B2050233823426N11144378WA0326803473
B2050243823420N11144371WA0326603471
B2050253823413N11144365WA0326403468
B2050263823407N11144358WA0326203466
B2050273823402N11144350WA0326003465
B2050283823397N11144342WA0325803465
B2050293823394N11144333WA0325603465
B2050303823390N11144325WA0325503465
B2050313823386N11144317WA0325403462
B2050323823382N11144310WA0325303459
B2050333823377N11144303WA0325103457
B2050343823373N11144297WA0324903456
B2050353823368N11144291WA0324703454
B2050363823364N11144285WA0324603452
B2050373823359N11144280WA0324403449
B2050383823354N11144274WA0324303445
B2050393823348N11144268WA0324003443
B2050403823344N11144262WA0323903442
B2050413823340N11144257WA0323703442
B2050423823336N11144251WA0323503441
B2050433823333N11144246WA0323303438
B2050443823328N11144241WA0323203435
B2050453823323N11144236WA0323003431
B2050463823318N11144232WA0322803428
B2050473823312N11144227WA0322603426
B2050483823307N11144222WA0322403425
B2050493823303N11144216WA0322203425
B2050503823300N11144210WA0322003424
B2050513823296N11144204WA0321903423
B2050523823291N11144200WA0321703421
B2050533823287N11144196WA0321603420
B2050543823282N11144192WA0321403418
B2050553823278N11144187WA0321303417
B2050563823273N11144182WA0321103416
B2050573823269N11144176WA0321003415
B2050583823266N11144171WA0320903415
B2050593823262N11144166WA0320703414
B2051003823258N11144161WA0320603413
B2051013823253N11144157WA0320503411
B2051023823248N11144153WA0320403409
B2051033823243N11144148WA0320203408
B2051043823238N11144143WA0320103408
B2051053823234N11144138WA0320003409
B2051063823230N11144133WA0319903409
B2051073823226N11144128WA0319803408
B2051083823222N11144123WA0319703408
B2051093823218N11144117WA0319603406
B2051103823214N11144111WA0319503405
B2051113823209N11144105WA0319403403
B2051123823205N11144100WA0319303402
B2051133823201N11144096WA0319203401
B2051143823198N11144091WA0319203400
B2051153823194N11144088WA0319003398
B2051163823189N11144085WA0319003397
B2051173823185N11144082WA0318803398
B2051183823182N11144079WA0318803399
B2051193823179N11144075WA0318703400
B2051193823179N11144075WA0318703400
B2051203823176N11144070WA0318703401
B2051213823172N11144066WA0318703400
B2051223823169N11144062WA0318603400
B2051233823165N11144059WA0318603400
B2051243823161N11144055WA0318603399
B2051253823156N11144051WA0318503399
B2051263823152N11144046WA0318503399
B2051273823148N11144042WA0318503399
B2051283823144N11144038WA0318403399
B2051293823140N11144033WA0318403401
B2051303823137N11144029WA0318403404
B2051313823134N11144024WA0318503406
B2051323823131N11144019WA0318503409
B2051333823128N11144015WA0318603411
B2051343823126N11144011WA0318703413
B2051353823124N11144008WA0318903415
B2051363823123N11144007WA0318903415
B2051373823122N11144008WA0319103413
B2051383823121N11144011WA0319103412
B2051393823122N11144014WA0319203412
B2051403823123N11144017WA0319203414
B2051413823124N11144019WA0319303417
B2051423823126N11144021WA0319403419
B2051433823128N11144023WA0319503420
B2051443823131N11144025WA0319603421
B2051453823135N11144027WA0319703422
B2051463823140N11144029WA0319803423
B2051473823148N11144028WA0320003425
B2051483823156N11144024WA0320003425
B2051493823164N11144017WA0320203424
B2051503823172N11144006WA0320203423
B2051513823178N11143993WA0320303422
B2051523823181N11143980WA0320403421
B2051533823182N11143967WA0320403421
B2051543823182N11143955WA0320403421
B2051553823180N11143945WA0320503421
B2051563823178N11143937WA0320503422
B2051573823175N11143932WA0320503422
B2051583823173N11143929WA0320503424
B2051593823171N11143927WA0320603424
B2052003823169N11143926WA0320603425
B2052013823167N11143926WA0320703426
B2052023823166N11143925WA0320703426
B2052033823164N11143925WA0320703427
B2052043823162N11143924WA0320803428
B2052053823160N11143923WA0320903429
B2052063823158N11143923WA0320903431
B2052073823157N11143922WA0321003432
B2052083823156N11143920WA0321003434
B2052093823155N11143919WA0321203435
B2052103823154N11143919WA0321203436
B2052113823153N11143920WA0321303436
B2052123823153N11143921WA0321403437
B2052133823152N11143922WA0321503438
B2052143823151N11143924WA0321603438
B2052153823151N11143926WA0321603439
B2052163823151N11143929WA0321703440
B2052173823153N11143932WA0321803442
B2052183823156N11143935WA0321903444
B2052193823160N11143938WA0322003445
B2052203823162N11143941WA0322103446
B2052213823165N11143943WA0322203447
B2052213823165N11143943WA0322203447
B2052223823166N11143946WA0322303447
B2052233823167N11143949WA0322403448
B2052243823167N11143953WA0322503449
B2052253823167N11143956WA0322603449
B2052263823168N11143960WA0322703450
B2052273823169N11143963WA0322803451
B2052283823170N11143967WA0322803452
B2052293823172N11143970WA0322903453
B2052303823173N11143973WA0323003454
B2052313823175N11143976WA0323103455
B2052323823176N11143979WA0323103455
B2052333823178N11143982WA0323203455
B2052343823181N11143985WA0323303455
B2052353823186N11143987WA0323303455
B2052363823192N11143986WA0323403454
B2052373823200N11143981WA0323403452
B2052383823206N11143972WA0323403449
B2052393823211N11143959WA0323403446
B2052403823214N11143946WA0323303443
B2052413823213N11143933WA0323203442
B2052423823212N11143922WA0323203442
B2052433823209N11143913WA0323103442
B2052443823207N11143905WA0323003441
B2052453823204N11143898WA0322903440
B2052463823200N11143891WA0322903439
B2052473823196N11143886WA0322803438
B2052483823191N11143882WA0322703436
B2052493823187N11143879WA0322603434
B2052503823183N11143877WA0322503434
B2052513823179N11143875WA0322403433
B2052523823175N11143873WA0322303433
B2052533823171N11143871WA0322203433
B2052543823168N11143869WA0322203432
B2052553823164N11143869WA0322103432
B2052563823161N11143869WA0322003432
B2052573823159N11143869WA0321903432
B2052583823158N11143868WA0321903433
B2052593823157N11143868WA0321903434
B2053003823156N11143868WA0321903434
B2053013823154N11143868WA0321903435
B2053023823152N11143868WA0321903435
B2053033823151N11143869WA0321903437
B2053043823149N11143870WA0321903438
B2053053823147N11143870WA0321903440
B2053063823145N11143870WA0321903440
B2053073823142N11143869WA0322003440
B2053083823140N11143867WA0322003440
B2053093823137N11143866WA0322003439
B2053103823135N11143866WA0322003439
B2053113823133N11143866WA0322103439
B2053123823132N11143868WA0322103439
B2053133823132N11143869WA0322103439
B2053143823131N11143870WA0322103439
B2053153823129N11143871WA0322103438
B2053163823128N11143872WA0322103438
B2053173823128N11143874WA0322103439
B2053183823128N11143874WA0322103441
B2053193823128N11143874WA0322103443
B2053203823128N11143873WA0322103445
B2053213823127N11143872WA0322203447
B2053223823126N11143871WA0322303448
B2053233823125N11143870WA0322403449
B2053233823125N11143870WA0322403449
B2053243823124N11143870WA0322503451
B2053253823126N11143871WA0322603453
B2053263823130N11143872WA0322703454
B2053273823137N11143870WA0322803454
B2053283823146N11143865WA0322803453
B2053293823155N11143855WA0322903454
B2053303823162N11143842WA0323003455
B2053313823165N11143827WA0323103458
B2053323823166N11143813WA0323203461
B2053333823164N11143801WA0323403463
B2053343823161N11143793WA0323503464
B2053353823159N11143788WA0323603464
B2053363823156N11143785WA0323703463
B2053373823155N11143785WA0323803462
B2053383823154N11143786WA0323903461
B2053393823154N11143789WA0323903460
B2053403823155N11143791WA0323903461
B2053413823157N11143793WA0324003462
B2053423823160N11143795WA0324003464
B2053433823163N11143797WA0324103466
B2053443823166N11143799WA0324203468
B2053453823169N11143802WA0324403470
B2053463823172N11143804WA0324503472
B2053473823175N11143808WA0324603473
B2053483823178N11143811WA0324703475
B2053493823182N11143814WA0324903476
B2053503823187N11143817WA0325003478
B2053513823194N11143818WA0325203479
B2053523823201N11143816WA0325303481
B2053533823209N11143810WA0325403482
B2053543823217N11143801WA0325603481
B2053553823222N11143788WA0325703480
B2053563823224N11143775WA0325803480
B2053573823223N11143763WA0325903481
B2053583823220N11143753WA0325903482
B2053593823216N11143747WA0326003483
B2054003823213N11143743WA0326103486
B2054013823210N11143741WA0326203489
B2054023823208N11143741WA0326303491
B2054033823207N11143742WA0326503493
B2054043823207N11143744WA0326603494
B2054053823207N11143746WA0326803495
B2054063823208N11143749WA0326903496
B2054073823210N11143751WA0327003497
B2054083823212N11143754WA0327103498
B2054093823215N11143757WA0327303499
B2054103823219N11143760WA0327403499
B2054113823224N11143760WA0327503500
B2054123823231N11143758WA0327603501
B2054133823239N11143751WA0327703501
B2054143823246N11143742WA0327803499
B2054153823253N11143730WA0327803497
B2054163823258N11143717WA0327803495
B2054173823262N11143703WA0327803495
B2054183823264N11143690WA0327903496
B2054193823265N11143678WA0327903498
B2054203823266N11143666WA0327903500
B2054213823266N11143654WA0328003502
B2054223823266N11143643WA0328103504
B2054233823266N11143632WA0328203505
B2054243823264N11143622WA0328203506
B2054253823261N11143615WA0328303506
B2054263823257N11143610WA0328403506
B2054273823254N11143607WA0328503507
B2054283823252N11143605WA0328503507
B2054283823252N11143605WA0328503507
B2054293823250N11143605WA0328603508
B2054303823250N11143606WA0328703509
B2054313823250N11143607WA0328703510
B2054323823251N11143609WA0328803511
B2054333823256N11143611WA0328903512
B2054343823261N11143612WA0329003512
B2054353823269N11143612WA0329103514
B2054363823277N11143609WA0329103515
B2054373823285N11143604WA0329203517
B2054383823293N11143595WA0329303518
B2054393823299N11143583WA0329403519
B2054403823302N11143570WA0329503519
B2054413823303N11143557WA0329603520
B2054423823301N11143545WA0329703520
B2054433823298N11143536WA0329803521
B2054443823295N11143530WA0329803522
B2054453823291N11143526WA0329903523
B2054463823288N11143524WA0330003524
B2054473823285N11143523WA0330103526
B2054483823283N11143523WA0330103527
B2054493823281N11143524WA0330203529
B2054503823280N11143524WA0330303530
B2054513823279N11143523WA0330403532
B2054523823277N11143523WA0330503533
B2054533823276N11143522WA0330603535
B2054543823274N11143521WA0330703536
B2054553823272N11143520WA0330903537
B2054563823270N11143518WA0331003538
B2054573823267N11143517WA0331103539
B2054583823265N11143515WA0331203539
B2054593823263N11143514WA0331303540
B2055003823261N11143513WA0331403541
B2055013823259N11143512WA0331503543
B2055023823258N11143511WA0331603547
B2055033823256N11143509WA0331803550
B2055043823254N11143507WA0331903553
B2055053823252N11143504WA0332103555
B2055063823249N11143502WA0332303558
B2055073823247N11143499WA0332503561
B2055083823245N11143496WA0332603563
B2055093823242N11143493WA0332903566
B2055103823239N11143490WA0333103568
B2055113823237N11143487WA0333303571
B2055123823235N11143486WA0333503573
B2055133823233N11143484WA0333703574
B2055143823232N11143484WA0333903576
B2055153823233N11143485WA0334103578
B2055163823234N11143485WA0334303580
B2055173823237N11143486WA0334503582
B2055183823240N11143486WA0334703585
B2055193823244N11143487WA0335003587
B2055203823247N11143486WA0335203590
B2055213823251N11143486WA0335403593
B2055223823254N11143486WA0335603595
B2055233823258N11143486WA0335803597
B2055243823263N11143485WA0336003598
B2055253823269N11143483WA0336303599
B2055263823277N11143478WA0336403601
B2055273823284N11143471WA0336703603
B2055283823291N11143460WA0336803605
B2055293823297N11143449WA0337003608
B2055303823301N11143436WA0337203610
B2055313823305N11143424WA0337403614
B2055323823308N11143412WA0337603616
B2055323823308N11143412WA0337603616
B2055333823310N11143399WA0337903619
B2055343823311N11143387WA0338103622
B2055353823311N11143375WA0338303625
B2055363823309N11143365WA0338503628
B2055373823305N11143358WA0338803629
B2055383823302N11143354WA0339003630
B2055393823299N11143353WA0339303631
B2055403823297N11143354WA0339403633
B2055413823298N11143355WA0339703636
B2055423823300N11143357WA0339803639
B2055433823305N11143357WA0340103642
B2055443823310N11143356WA0340303645
B2055453823318N11143353WA0340503647
B2055463823325N11143348WA0340703649
B2055473823332N11143339WA0341003651
B2055483823338N11143327WA0341203653
B2055493823342N11143314WA0341403655
B2055503823343N11143301WA0341603657
B2055513823343N11143288WA0341803660
B2055523823342N11143278WA0342003664
B2055533823340N11143269WA0342303668
B2055543823338N11143261WA0342503670
B2055553823334N11143253WA0342703671
B2055563823331N11143246WA0342903672
B2055573823327N11143241WA0343203675
B2055583823323N11143236WA0343303677
B2055593823320N11143234WA0343603680
B2056003823317N11143233WA0343803682
B2056013823317N11143233WA0344003685
B2056023823319N11143235WA0344203686
B2056033823323N11143236WA0344403686
B2056043823329N11143237WA0344603688
B2056053823335N11143236WA0344803691
B2056063823342N11143234WA0345003695
B2056073823349N11143231WA0345303698
B2056083823356N11143227WA0345503701
B2056093823363N11143222WA0345703704
B2056103823370N11143215WA0345903706
B2056113823377N11143206WA0346203708
B2056123823383N11143196WA0346403709
B2056133823387N11143183WA0346703711
B2056143823389N11143171WA0346803713
B2056153823390N11143160WA0347103716
B2056163823389N11143149WA0347303719
B2056173823388N11143139WA0347503723
B2056183823386N11143129WA0347703726
B2056193823383N11143120WA0348003729
B2056203823380N11143112WA0348203730
B2056213823376N11143106WA0348503732
B2056223823372N11143102WA0348703734
B2056233823368N11143100WA0348903737
B2056243823365N11143099WA0349103739
B2056253823362N11143100WA0349403741
B2056263823361N11143101WA0349503744
B2056273823362N11143103WA0349803747
B2056283823363N11143105WA0350003748
B2056293823365N11143107WA0350203750
B2056303823367N11143110WA0350403751
B2056313823370N11143112WA0350703753
B2056323823374N11143114WA0350803756
B2056333823378N11143116WA0351103758
B2056343823384N11143115WA0351203759
B2056343823384N11143115WA0351203759
B2056353823391N11143113WA0351503760
B2056363823398N11143108WA0351603761
B2056373823405N11143100WA0351803762
B2056383823413N11143089WA0352003763
B2056393823419N11143078WA0352103766
B2056403823425N11143067WA0352303770
B2056413823431N11143057WA0352503773
B2056423823436N11143046WA0352703777
B2056433823441N11143035WA0353003781
B2056443823444N11143023WA0353103783
B2056453823446N11143011WA0353403785
B2056463823446N11142999WA0353603786
B2056473823443N11142987WA0353903787
B2056483823438N11142977WA0354003788
B2056493823433N11142970WA0354303790
B2056503823428N11142966WA0354403793
B2056513823424N11142963WA0354603797
B2056523823421N11142962WA0354803800
B2056533823419N11142962WA0355103803
B2056543823418N11142964WA0355303806
B2056553823421N11142966WA0355603807
B2056563823425N11142968WA0355803809
B2056573823432N11142968WA0356003811
B2056583823440N11142964WA0356203812
B2056593823447N11142958WA0356403814
B2057003823454N11142948WA0356603817
B2057013823458N11142936WA0356903821
B2057023823460N11142923WA0357103824
B2057033823460N11142910WA0357303826
B2057043823458N11142897WA0357503828
B2057053823455N11142885WA0357803830
B2057063823451N11142875WA0358003832
B2057073823446N11142866WA0358203834
B2057083823441N11142859WA0358403837
B2057093823437N11142854WA0358703840
B2057103823433N11142852WA0358803842
B2057113823429N11142851WA0359103843
B2057123823427N11142852WA0359303843
B2057133823426N11142854WA0359503844
B2057143823427N11142856WA0359603844
B2057153823428N11142859WA0359803844
B2057163823432N11142861WA0359903845
B2057173823436N11142864WA0360103844
B2057183823441N11142866WA0360103844
B2057193823447N11142867WA0360303845
B2057203823453N11142867WA0360303846
B2057213823459N11142867WA0360503848
B2057223823466N11142865WA0360503850
B2057233823473N11142862WA0360703851
B2057243823481N11142857WA0360803852
B2057253823489N11142850WA0360903853
B2057263823496N11142842WA0361003854
B2057273823503N11142832WA0361103856
B2057283823510N11142821WA0361203858
B2057293823515N11142810WA0361303861
B2057303823519N11142798WA0361503863
B2057313823522N11142785WA0361603865
B2057323823524N11142772WA0361803866
B2057333823523N11142758WA0361903866
B2057343823521N11142744WA0362003867
B2057353823519N11142732WA0362203869
B2057363823517N11142719WA0362303872
B2057363823517N11142719WA0362303872
B2057373823514N11142707WA0362503875
B2057383823511N11142696WA0362603877
B2057393823508N11142686WA0362803879
B2057403823503N11142677WA0363003881
B2057413823498N11142669WA0363203882
B2057423823493N11142663WA0363303884
B2057433823488N11142659WA0363503886
B2057443823484N11142657WA0363603889
B2057453823481N11142657WA0363903890
B2057463823480N11142658WA0364003891
B2057473823481N11142660WA0364203892
B2057483823483N11142662WA0364303893
B2057493823487N11142663WA0364503893
B2057503823493N11142664WA0364603892
B2057513823499N11142665WA0364703892
B2057523823506N11142664WA0364803893
B2057533823512N11142664WA0364903894
B2057543823519N11142662WA0364903895
B2057553823526N11142659WA0365003896
B2057563823533N11142654WA0365103898
B2057573823540N11142648WA0365203899
B2057583823548N11142641WA0365303900
B2057593823555N11142633WA0365503902
B2058003823562N11142624WA0365503904
B2058013823569N11142615WA0365703905
B2058023823575N11142604WA0365803907
B2058033823581N11142593WA0365903909
B2058043823586N11142581WA0366103911
B2058053823590N11142568WA0366203914
B2058063823593N11142554WA0366303916
B2058073823594N11142540WA0366503918
B2058083823593N11142527WA0366703921
B2058093823589N11142516WA0366903923
B2058103823584N11142509WA0367003925
B2058113823580N11142505WA0367203926
B2058123823576N11142505WA0367403928
B2058133823575N11142508WA0367603929
B2058143823578N11142512WA0367703930
B2058153823582N11142515WA0367903931
B2058163823587N11142516WA0368003933
B2058173823593N11142516WA0368203935
B2058183823599N11142513WA0368303938
B2058193823606N11142508WA0368503940
B2058203823613N11142501WA0368703942
B2058213823618N11142491WA0368903943
B2058223823623N11142479WA0369003944
B2058233823625N11142465WA0369203945
B2058243823624N11142452WA0369303946
B2058253823621N11142440WA0369503948
B2058263823616N11142433WA0369603950
B2058273823611N11142430WA0369803952
B2058283823608N11142430WA0369903953
B2058293823606N11142432WA0370103954
B2058303823606N11142436WA0370203954
B2058313823606N11142439WA0370403955
B2058323823607N11142441WA0370503956
B2058333823608N11142443WA0370603958
B2058343823610N11142445WA0370703958
B2058353823612N11142448WA0370903959
B2058363823614N11142450WA0371003960
B2058373823617N11142452WA0371103961
B2058383823620N11142454WA0371203963
B2058393823625N11142454WA0371303964
B2058403823631N11142453WA0371403964
B2058413823639N11142447WA0371503964
B2058413823639N11142447WA0371503964
B2058423823646N11142439WA0371603964
B2058433823651N11142428WA0371703964
B2058443823656N11142417WA0371803965
B2058453823659N11142406WA0371803967
B2058463823663N11142395WA0371903969
B2058473823666N11142384WA0372003970
B2058483823668N11142373WA0372103971
B2058493823670N11142361WA0372203972
B2058503823672N11142350WA0372303973
B2058513823672N11142339WA0372403974
B2058523823671N11142328WA0372503975
B2058533823670N11142318WA0372603977
B2058543823669N11142307WA0372703978
B2058553823668N11142297WA0372803979
B2058563823667N11142286WA0372903980
B2058573823665N11142276WA0373003980
B2058583823663N11142265WA0373103981
B2058593823661N11142254WA0373203981
B2059003823658N11142243WA0373203981
B2059013823655N11142232WA0373303981
B2059023823653N11142221WA0373403982
B2059033823651N11142209WA0373403983
B2059043823649N11142198WA0373503984
B2059053823646N11142187WA0373603984
B2059063823643N11142175WA0373603983
B2059073823641N11142163WA0373603983
B2059083823638N11142151WA0373603983
B2059093823635N11142139WA0373703984
B2059103823633N11142129WA0373703985
B2059113823630N11142118WA0373803986
B2059123823628N11142108WA0373803986
B2059133823625N11142098WA0373903986
B2059143823623N11142087WA0373903987
B2059153823620N11142077WA0374003987
B2059163823618N11142067WA0374103989
B2059173823616N11142058WA0374103993
B2059183823615N11142049WA0374203996
B2059193823614N11142041WA0374404000
B2059203823613N11142034WA0374504004
B2059213823612N11142026WA0374704007
B2059223823610N11142017WA0374904009
B2059233823607N11142008WA0375104010
B2059243823605N11141998WA0375204014
B2059253823604N11141988WA0375504019
B2059263823603N11141979WA0375704024
B2059273823602N11141969WA0376004028
B2059283823601N11141960WA0376204031
B2059293823600N11141951WA0376504033
B2059303823599N11141942WA0376704033
B2059313823597N11141934WA0377004033
B2059323823595N11141925WA0377204032
B2059333823593N11141915WA0377304030
B2059343823591N11141903WA0377404028
B2059353823590N11141890WA0377504027
B2059363823589N11141876WA0377604027
B2059373823589N11141863WA0377604027
B2059383823588N11141851WA0377604028
B2059393823586N11141839WA0377704029
B2059403823584N11141828WA0377704030
B2059413823581N11141818WA0377804031
B2059423823579N11141808WA0377904033
B2059433823577N11141798WA0377904034
B2059433823577N11141798WA0377904034
B2059443823574N11141788WA0378004034
B2059453823571N11141778WA0378104036
B2059463823567N11141768WA0378204040
B2059473823564N11141759WA0378304044
B2059483823561N11141750WA0378504049
B2059493823558N11141741WA0378704053
B2059503823556N11141733WA0378904057
B2059513823552N11141726WA0379104060
B2059523823548N11141721WA0379304063
B2059533823543N11141720WA0379604064
B2059543823539N11141722WA0379804067
B2059553823538N11141726WA0380104070
B2059563823540N11141730WA0380304073
B2059573823544N11141734WA0380604076
B2059583823551N11141735WA0380904077
B2059593823559N11141732WA0381204079
B2100003823566N11141725WA0381404081
B2100013823570N11141715WA0381604084
B2100023823572N11141704WA0381804088
B2100033823572N11141694WA0382204091
B2100043823571N11141684WA0382404095
B2100053823568N11141676WA0382704098
B2100063823565N11141668WA0382904101
B2100073823562N11141661WA0383204104
B2100083823558N11141653WA0383404107
B2100093823554N11141646WA0383804110
B2100103823550N11141641WA0384004115
B2100113823545N11141638WA0384404120
B2100123823542N11141639WA0384604125
B2100133823541N11141643WA0385004128
B2100143823544N11141648WA0385304129
B2100153823550N11141651WA0385704131
B2100163823559N11141651WA0385904133
B2100173823567N11141644WA0386304136
B2100183823573N11141634WA0386504139
B2100193823576N11141623WA0386804144
B2100203823576N11141612WA0387104148
B2100213823574N11141602WA0387404152
B2100223823571N11141593WA0387704156
B2100233823567N11141586WA0388104160
B2100243823563N11141580WA0388404164
B2100253823559N11141576WA0388804168
B2100263823555N11141575WA0389004171
B2100273823552N11141576WA0389404174
B2100283823550N11141579WA0389704177
B2100293823551N11141583WA0390104179
B2100303823555N11141587WA0390304180
B2100313823561N11141590WA0390604181
B2100323823568N11141592WA0390804182
B2100333823576N11141592WA0391104183
B2100343823584N11141592WA0391304186
B2100353823591N11141590WA0391604190
B2100363823598N11141588WA0391804193
B2100373823603N11141583WA0392104196
B2100383823609N11141577WA0392304198
B2100393823614N11141570WA0392604199
B2100403823618N11141560WA0392804199
B2100413823621N11141548WA0393004199
B2100423823623N11141536WA0393204201
B2100433823623N11141524WA0393404205
B2100443823624N11141512WA0393604209
B2100453823624N11141501WA0393904213
B2100453823624N11141501WA0393904213
B2100463823625N11141489WA0394004215
B2100473823627N11141476WA0394304218
B2100483823628N11141464WA0394504223
B2100493823630N11141452WA0394904230
B2100503823631N11141442WA0395204238
B2100513823632N11141431WA0395604245
B2100523823633N11141421WA0395904250
B2100533823634N11141410WA0396404256
B2100543823635N11141399WA0396804260
B2100553823635N11141388WA0397304265
B2100563823634N11141376WA0397604270
B2100573823632N11141365WA0398104274
B2100583823631N11141353WA0398504278
B2100593823629N11141341WA0399004281
B2101003823628N11141329WA0399304284
B2101013823625N11141316WA0399704287
B2101023823623N11141305WA0400004289
B2101033823621N11141293WA0400404292
B2101043823618N11141282WA0400704295
B2101053823616N11141271WA0401104296
B2101063823614N11141260WA0401304298
B2101073823611N11141249WA0401704300
B2101083823608N11141239WA0401904301
B2101093823605N11141229WA0402204301
B2101103823603N11141218WA0402404303
B2101113823601N11141207WA0402704306
B2101123823600N11141196WA0402904309
B2101133823599N11141185WA0403204312
B2101143823597N11141175WA0403404314
B2101153823596N11141164WA0403704317
B2101163823595N11141152WA0403904320
B2101173823595N11141140WA0404204324
B2101183823595N11141128WA0404404327
B2101193823595N11141115WA0404804331
B2101203823594N11141102WA0405004335
B2101213823593N11141089WA0405304339
B2101223823592N11141077WA0405604342
B2101233823589N11141066WA0405904346
B2101243823587N11141056WA0406204349
B2101253823584N11141046WA0406504352
B2101263823581N11141035WA0406804354
B2101273823578N11141024WA0407104355
B2101283823575N11141012WA0407304356
B2101293823572N11141000WA0407604359
B2101303823570N11140989WA0407804363
B2101313823568N11140978WA0408104366
B2101323823566N11140967WA0408304369
B2101333823564N11140956WA0408704372
B2101343823562N11140945WA0408904375
B2101353823561N11140934WA0409204378
B2101363823559N11140922WA0409404382
B2101373823559N11140910WA0409804384
B2101383823558N11140897WA0410004387
B2101393823558N11140885WA0410304390
B2101403823557N11140873WA0410504392
B2101413823555N11140861WA0410904393
B2101423823552N11140849WA0411104394
B2101433823550N11140837WA0411304397
B2101443823547N11140825WA0411504401
B2101453823545N11140813WA0411804405
B2101463823543N11140801WA0412004409
B2101473823541N11140789WA0412404414
B2101483823539N11140776WA0412604418
B2101483823539N11140776WA0412604418
B2101493823538N11140764WA0413004422
B2101503823537N11140751WA0413304426
B2101513823535N11140739WA0413704430
B2101523823533N11140727WA0414004435
B2101533823532N11140716WA0414404440
B2101543823530N11140705WA0414704445
B2101553823529N11140694WA0415104450
B2101563823528N11140683WA0415404455
B2101573823527N11140673WA0415904459
B2101583823526N11140662WA0416204462
B2101593823525N11140651WA0416704467
B2102003823524N11140640WA0417004472
B2102013823523N11140630WA0417504477
B2102023823522N11140619WA0417804482
B2102033823521N11140608WA0418304488
B2102043823521N11140598WA0418704493
B2102053823520N11140587WA0419204497
B2102063823519N11140576WA0419504501
B2102073823518N11140565WA0420004505
B2102083823517N11140554WA0420404507
B2102093823517N11140542WA0420804510
B2102103823516N11140531WA0421104513
B2102113823516N11140519WA0421604516
B2102123823515N11140508WA0421904519
B2102133823514N11140497WA0422304521
B2102143823513N11140487WA0422504523
B2102153823511N11140477WA0422904524
B2102163823508N11140467WA0423204526
B2102173823505N11140458WA0423504527
B2102183823502N11140448WA0423704528
B2102193823498N11140439WA0423904529
B2102203823494N11140429WA0424104530
B2102213823490N11140419WA0424404532
B2102223823487N11140409WA0424504533
B2102233823483N11140400WA0424704535
B2102243823479N11140390WA0424904536
B2102253823475N11140381WA0425104538
B2102263823471N11140372WA0425204539
B2102273823467N11140364WA0425404540
B2102283823463N11140355WA0425604541
B2102293823459N11140346WA0425704542
B2102303823454N11140336WA0425804541
B2102313823449N11140326WA0426004539
B2102323823443N11140314WA0426004538
B2102333823436N11140303WA0426104536
B2102343823429N11140290WA0426104536
B2102353823424N11140278WA0426104538
B2102363823418N11140267WA0426104541
B2102373823414N11140255WA0426204544
B2102383823410N11140245WA0426304546
B2102393823405N11140234WA0426404547
B2102403823400N11140223WA0426504546
B2102413823394N11140212WA0426604546
B2102423823388N11140201WA0426604545
B2102433823382N11140189WA0426704545
B2102443823376N11140178WA0426704546
B2102453823370N11140166WA0426804548
B2102463823365N11140154WA0426804550
B2102473823360N11140142WA0426904551
B2102483823355N11140130WA0427004553
B2102493823350N11140118WA0427104554
B2102503823344N11140105WA0427204555
B2102503823344N11140105WA0427204555
B2102513823339N11140093WA0427304557
B2102523823333N11140080WA0427404558
B2102533823328N11140066WA0427504560
B2102543823323N11140053WA0427604563
B2102553823317N11140039WA0427804565
B2102563823313N11140026WA0427904570
B2102573823309N11140015WA0428104575
B2102583823305N11140004WA0428304580
B2102593823301N11139992WA0428604582
B2103003823297N11139979WA0428804582
B2103013823293N11139965WA0429004582
B2103023823289N11139951WA0429204581
B2103033823286N11139937WA0429304582
B2103043823282N11139922WA0429504584
B2103053823278N11139908WA0429604585
B2103063823274N11139894WA0429804586
B2103073823270N11139880WA0429904587
B2103083823265N11139865WA0430004587
B2103093823261N11139850WA0430204586
B2103103823256N11139836WA0430204585
B2103113823252N11139821WA0430304584
B2103123823248N11139806WA0430304582
B2103133823244N11139791WA0430304581
B2103143823240N11139775WA0430304579
B2103153823236N11139760WA0430304576
B2103163823232N11139744WA0430204574
B2103173823230N11139728WA0430104572
B2103183823227N11139711WA0430104569
B2103193823224N11139695WA0429904566
B2103203823221N11139678WA0429804563
B2103213823218N11139661WA0429704560
B2103223823215N11139643WA0429504556
B2103233823212N11139624WA0429304552
B2103243823208N11139606WA0429104548
B2103253823204N11139588WA0428804544
B2103263823200N11139569WA0428604542
B2103273823196N11139552WA0428304540
B2103283823192N11139534WA0428204538
B2103293823188N11139516WA0427904536
B2103303823185N11139499WA0427704537
B2103313823184N11139483WA0427504540
B2103323823183N11139467WA0427404544
B2103333823182N11139452WA0427404548
B2103343823181N11139437WA0427404550
B2103353823181N11139421WA0427404550
B2103363823180N11139405WA0427404550
B2103373823179N11139388WA0427404549
B2103383823177N11139370WA0427404548
B2103393823175N11139353WA0427404548
B2103403823173N11139335WA0427404549
B2103413823170N11139318WA0427404550
B2103423823169N11139301WA0427404551
B2103433823168N11139285WA0427404554
B2103443823167N11139269WA0427504556
B2103453823165N11139254WA0427604557
B2103463823164N11139238WA0427604557
B2103473823162N11139221WA0427704556
B2103483823161N11139204WA0427804555
B2103493823159N11139187WA0427804555
B2103503823157N11139170WA0427804554
B2103513823155N11139154WA0427804555
B2103523823153N11139138WA0427804555
B2103533823151N11139123WA0427904555
B2103543823148N11139107WA0427904554
B2103543823148N11139107WA0427904554
B2103553823145N11139091WA0427904553
B2103563823142N11139075WA0427904552
B2103573823139N11139058WA0427804551
B2103583823137N11139042WA0427804549
B2103593823134N11139026WA0427804549
B2104003823132N11139010WA0427804550
B2104013823129N11138994WA0427704549
B2104023823126N11138979WA0427704547
B2104033823122N11138963WA0427604545
B2104043823117N11138948WA0427604543
B2104053823112N11138933WA0427404540
B2104063823108N11138919WA0427304539
B2104073823104N11138904WA0427204537
B2104083823100N11138889WA0427104535
B2104093823096N11138874WA0426904532
B2104103823092N11138858WA0426804529
B2104113823087N11138843WA0426604526
B2104123823082N11138828WA0426404524
B2104133823078N11138812WA0426204522
B2104143823072N11138797WA0426004520
B2104153823067N11138783WA0425804518
B2104163823061N11138768WA0425604516
B2104173823056N11138755WA0425404515
B2104183823050N11138742WA0425204514
B2104193823045N11138729WA0425004512
B2104203823040N11138716WA0424904509
B2104213823035N11138702WA0424604506
B2104223823030N11138688WA0424504502
B2104233823025N11138673WA0424204497
B2104243823019N11138660WA0424004493
B2104253823013N11138646WA0423604490
B2104263823008N11138632WA0423404487
B2104273823003N11138618WA0423104485
B2104283822998N11138604WA0422904484
B2104293822993N11138590WA0422604482
B2104303822988N11138576WA0422404479
B2104313822982N11138563WA0422104476
B2104323822976N11138549WA0421904473
B2104333822970N11138535WA0421604470
B2104343822964N11138520WA0421404466
B2104353822957N11138504WA0421104463
B2104363822951N11138488WA0420904460
B2104373822945N11138472WA0420504457
B2104383822939N11138456WA0420304456
B2104393822933N11138441WA0420004454
B2104403822927N11138426WA0419804453
B2104413822921N11138411WA0419504451
B2104423822915N11138396WA0419404449
B2104433822910N11138381WA0419104446
B2104443822904N11138366WA0418904443
B2104453822898N11138351WA0418604441
B2104463822892N11138335WA0418504438
B2104473822887N11138320WA0418204436
B2104483822881N11138304WA0418004435
B2104493822876N11138289WA0417704434
B2104503822871N11138274WA0417604433
B2104513822866N11138260WA0417404432
B2104523822860N11138246WA0417204430
B2104533822854N11138231WA0417004427
B2104543822848N11138216WA0416904423
B2104553822843N11138201WA0416604419
B2104563822837N11138186WA0416404414
B2104563822837N11138186WA0416404414
B2104573822831N11138170WA0416104410
B2104583822825N11138155WA0415904406
B2104593822818N11138140WA0415504402
B2105003822812N11138124WA0415304398
B2105013822806N11138109WA0414904396
B2105023822801N11138095WA0414704395
B2105033822796N11138081WA0414404394
B2105043822791N11138067WA0414204391
B2105053822785N11138054WA0413904387
B2105063822779N11138039WA0413704382
B2105073822773N11138024WA0413304377
B2105083822766N11138009WA0413004371
B2105093822760N11137994WA0412604367
B2105103822753N11137978WA0412304363
B2105113822747N11137963WA0411904359
B2105123822740N11137949WA0411604356
B2105133822734N11137934WA0411204354
B2105143822728N11137920WA0411004351
B2105153822722N11137905WA0410604347
B2105163822716N11137890WA0410304343
B2105173822711N11137874WA0409904339
B2105183822705N11137859WA0409604334
B2105193822698N11137844WA0409204330
B2105203822692N11137829WA0408904326
B2105213822686N11137813WA0408504323
B2105223822680N11137798WA0408204320
B2105233822675N11137782WA0407704316
B2105243822670N11137767WA0407504313
B2105253822664N11137751WA0407104309
B2105263822658N11137735WA0406804305
B2105273822652N11137719WA0406304300
B2105283822646N11137703WA0406004296
B2105293822640N11137686WA0405604292
B2105303822634N11137670WA0405304289
B2105313822628N11137654WA0404904286
B2105323822622N11137639WA0404604285
B2105333822617N11137623WA0404204284
B2105343822611N11137609WA0404004283
B2105353822607N11137594WA0403704282
B2105363822603N11137580WA0403504282
B2105373822599N11137566WA0403204281
B2105383822596N11137552WA0403104278
B2105393822592N11137538WA0402804274
B2105403822588N11137522WA0402604267
B2105413822583N11137506WA0402304261
B2105423822578N11137489WA0402004256
B2105433822573N11137473WA0401604252
B2105443822569N11137457WA0401304249
B2105453822564N11137441WA0400904247
B2105463822559N11137425WA0400704245
B2105473822554N11137409WA0400304243
B2105483822549N11137394WA0400104242
B2105493822545N11137378WA0399804240
B2105503822541N11137363WA0399604239
B2105513822536N11137347WA0399304237
B2105523822531N11137332WA0399104235
B2105533822526N11137317WA0398804233
B2105543822521N11137303WA0398604231
B2105553822516N11137287WA0398404229
B2105563822512N11137272WA0398204227
B2105573822507N11137256WA0397904225
B2105583822503N11137240WA0397804223
B2105593822499N11137225WA0397504222
B2106003822494N11137210WA0397404219
B2106013822489N11137195WA0397104217
B2106013822489N11137195WA0397104217
B2106023822484N11137180WA0397004214
B2106033822479N11137164WA0396704212
B2106043822475N11137149WA0396504210
B2106053822470N11137134WA0396304208
B2106063822465N11137119WA0396104205
B2106073822460N11137103WA0395904203
B2106083822456N11137088WA0395704201
B2106093822451N11137072WA0395504199
B2106103822447N11137057WA0395304197
B2106113822443N11137041WA0395104195
B2106123822438N11137026WA0394904193
B2106133822433N11137012WA0394704191
B2106143822429N11136997WA0394504189
B2106153822424N11136982WA0394304186
B2106163822420N11136967WA0394104183
B2106173822415N11136953WA0393804180
B2106183822410N11136938WA0393704176
B2106193822405N11136923WA0393404173
B2106203822401N11136908WA0393204171
B2106213822396N11136894WA0392904169
B2106223822391N11136879WA0392704167
B2106233822386N11136864WA0392404165
B2106243822382N11136848WA0392304164
B2106253822379N11136833WA0392004162
B2106263822375N11136818WA0391804159
B2106273822370N11136804WA0391604155
B2106283822366N11136789WA0391404152
B2106293822361N11136774WA0391104149
B2106303822357N11136758WA0390904146
B2106313822353N11136742WA0390604144
B2106323822349N11136727WA0390404142
B2106333822345N11136712WA0390104140
B2106343822341N11136696WA0389904137
B2106353822336N11136680WA0389604133
B2106363822332N11136663WA0389404129
B2106373822328N11136646WA0389104125
B2106383822323N11136629WA0388804122
B2106393822318N11136612WA0388504119
B2106403822313N11136596WA0388304117
B2106413822309N11136580WA0387904116
B2106423822305N11136563WA0387704114
B2106433822301N11136547WA0387404112
B2106443822297N11136530WA0387304109
B2106453822293N11136514WA0387004107
B2106463822288N11136498WA0386804104
B2106473822284N11136481WA0386504101
B2106483822279N11136464WA0386304098
B2106493822276N11136448WA0386004096
B2106503822273N11136431WA0385804095
B2106513822270N11136415WA0385504093
B2106523822266N11136399WA0385304091
B2106533822263N11136382WA0385004088
B2106543822259N11136365WA0384904084
B2106553822255N11136348WA0384504080
B2106563822250N11136331WA0384304076
B2106573822244N11136314WA0384004074
B2106583822239N11136298WA0383804073
B2106593822234N11136282WA0383504071
B2107003822229N11136266WA0383304070
B2107013822225N11136249WA0383104068
B2107023822220N11136233WA0382904066
B2107033822215N11136217WA0382604063
B2107043822210N11136201WA0382504059
B2107043822210N11136201WA0382504059
B2107053822204N11136185WA0382204057
B2107063822198N11136169WA0382004055
B2107073822193N11136153WA0381704052
B2107083822188N11136137WA0381504051
B2107093822183N11136121WA0381304050
B2107103822179N11136106WA0381104049
B2107113822174N11136090WA0380904048
B2107123822169N11136075WA0380804047
B2107133822164N11136059WA0380604045
B2107143822159N11136043WA0380404043
B2107153822155N11136026WA0380204042
B2107163822150N11136010WA0380104042
B2107173822146N11135994WA0379904041
B2107183822141N11135979WA0379804040
B2107193822137N11135963WA0379604039
B2107203822133N11135947WA0379504038
B2107213822128N11135931WA0379404037
B2107223822124N11135916WA0379304036
B2107233822121N11135900WA0379104036
B2107243822118N11135885WA0379104035
B2107253822114N11135870WA0379004034
B2107263822110N11135854WA0378904031
B2107273822106N11135838WA0378704028
B2107283822102N11135822WA0378604025
B2107293822098N11135805WA0378404023
B2107303822094N11135789WA0378304022
B2107313822090N11135773WA0378104021
B2107323822086N11135759WA0378004020
B2107333822082N11135744WA0377804018
B2107343822079N11135730WA0377704016
B2107353822075N11135716WA0377504013
B2107363822071N11135701WA0377404009
B2107373822068N11135686WA0377204006
B2107383822063N11135672WA0377004003
B2107393822059N11135657WA0376704000
B2107403822054N11135643WA0376603997
B2107413822051N11135628WA0376303996
B2107423822047N11135613WA0376103994
B2107433822043N11135599WA0375903993
B2107443822039N11135585WA0375703993
B2107453822035N11135572WA0375603993
B2107463822031N11135558WA0375403991
B2107473822027N11135545WA0375303989
B2107483822023N11135530WA0375103987
B2107493822020N11135516WA0375003985
B2107503822016N11135501WA0374803983
B2107513822012N11135486WA0374603980
B2107523822007N11135472WA0374503978
B2107533822002N11135458WA0374303977
B2107543821997N11135443WA0374103975
B2107553821992N11135429WA0373903974
B2107563821988N11135414WA0373803973
B2107573821983N11135399WA0373603973
B2107583821979N11135384WA0373503972
B2107593821974N11135369WA0373403973
B2108003821969N11135354WA0373303973
B2108013821965N11135340WA0373203974
B2108023821960N11135325WA0373203973
B2108033821955N11135310WA0373103973
B2108043821951N11135294WA0373003971
B2108053821946N11135278WA0372903969
B2108063821941N11135262WA0372803966
B2108063821941N11135262WA0372803966
B2108073821936N11135245WA0372703963
B2108083821930N11135229WA0372603959
B2108093821924N11135212WA0372403957
B2108103821919N11135197WA0372203954
B2108113821914N11135181WA0372003952
B2108123821910N11135164WA0371903949
B2108133821906N11135146WA0371703945
B2108143821902N11135128WA0371503942
B2108153821899N11135110WA0371203940
B2108163821895N11135094WA0371003939
B2108173821892N11135079WA0370803939
B2108183821888N11135064WA0370703938
B2108193821885N11135049WA0370503937
B2108203821882N11135034WA0370303934
B2108213821878N11135019WA0370103931
B2108223821874N11135003WA0370003926
B2108233821870N11134987WA0369703922
B2108243821865N11134971WA0369503918
B2108253821861N11134957WA0369203915
B2108263821856N11134942WA0369003913
B2108273821852N11134928WA0368703910
B2108283821848N11134914WA0368503907
B2108293821845N11134899WA0368203907
B2108303821844N11134887WA0368003910
B2108313821843N11134875WA0367803912
B2108323821841N11134865WA0367703914
B2108333821839N11134855WA0367703915
B2108343821836N11134847WA0367603915
B2108353821832N11134838WA0367503914
B2108363821829N11134828WA0367503912
B2108373821825N11134817WA0367403912
B2108383821822N11134804WA0367403912
B2108393821819N11134791WA0367303912
B2108403821814N11134778WA0367203912
B2108413821810N11134766WA0367203913
B2108423821806N11134754WA0367203914
B2108433821802N11134742WA0367103913
B2108443821797N11134730WA0367103910
B2108453821792N11134718WA0367003905
B2108463821787N11134705WA0366903900
B2108473821781N11134691WA0366703895
B2108483821775N11134677WA0366603891
B2108493821769N11134664WA0366303890
B2108503821763N11134651WA0366103892
B2108513821758N11134640WA0366003895
B2108523821753N11134629WA0365903896
B2108533821748N11134618WA0365803894
B2108543821743N11134606WA0365703892
B2108553821738N11134592WA0365603888
B2108563821733N11134578WA0365403883
B2108573821728N11134563WA0365203879
B2108583821722N11134549WA0365003875
B2108593821716N11134534WA0364803873
B2109003821710N11134521WA0364603872
B2109013821705N11134507WA0364303871
B2109023821700N11134493WA0364203870
B2109033821695N11134479WA0364003870
B2109043821692N11134464WA0363903870
B2109053821688N11134449WA0363703869
B2109063821684N11134434WA0363603868
B2109073821680N11134419WA0363403866
B2109083821676N11134404WA0363303863
B2109083821676N11134404WA0363303863
B2109093821671N11134390WA0363103859
B2109103821666N11134375WA0362903855
B2109113821661N11134361WA0362703851
B2109123821656N11134347WA0362503848
B2109133821651N11134332WA0362203845
B2109143821645N11134318WA0362003841
B2109153821640N11134303WA0361703837
B2109163821634N11134288WA0361503833
B2109173821628N11134273WA0361203830
B2109183821622N11134257WA0360903827
B2109193821617N11134242WA0360603825
B2109203821611N11134226WA0360403825
B2109213821606N11134210WA0360103824
B2109223821601N11134194WA0359903823
B2109233821595N11134178WA0359703822
B2109243821589N11134162WA0359503821
B2109253821584N11134147WA0359403824
B2109263821579N11134133WA0359303826
B2109273821575N11134120WA0359203829
B2109283821570N11134106WA0359203830
B2109293821567N11134092WA0359103830
B2109303821563N11134077WA0359103828
B2109313821559N11134062WA0359103827
B2109323821554N11134048WA0359003826
B2109333821550N11134034WA0359003828
B2109343821545N11134021WA0359003828
B2109353821540N11134008WA0358903828
B2109363821536N11133993WA0358903827
B2109373821532N11133978WA0358903825
B2109383821528N11133962WA0358803823
B2109393821524N11133946WA0358703821
B2109403821519N11133932WA0358703821
B2109413821516N11133921WA0358603826
B2109423821513N11133910WA0358603832
B2109433821510N11133901WA0358803836
B2109443821508N11133891WA0358903840
B2109453821506N11133882WA0359003843
B2109463821503N11133871WA0359203843
B2109473821500N11133859WA0359303843
B2109483821496N11133845WA0359403843
B2109493821492N11133831WA0359503845
B2109503821489N11133819WA0359603850
B2109513821486N11133808WA0359903857
B2109523821483N11133798WA0360103863
B2109533821479N11133789WA0360403867
B2109543821476N11133779WA0360603871
B2109553821471N11133768WA0361003873
B2109563821467N11133757WA0361203877
B2109573821463N11133746WA0361503882
B2109583821459N11133735WA0361803889
B2109593821457N11133726WA0362203899
B2110003821455N11133718WA0362603907
B2110013821453N11133710WA0363203915
B2110023821451N11133703WA0363603921
B2110033821449N11133695WA0364203925
B2110043821446N11133686WA0364603929
B2110053821442N11133677WA0365103932
B2110063821439N11133668WA0365503937
B2110073821435N11133658WA0366103942
B2110083821432N11133649WA0366403948
B2110093821429N11133641WA0367003954
B2110103821425N11133632WA0367403959
B2110113821420N11133623WA0368003964
B2110123821416N11133614WA0368403968
B2110133821411N11133605WA0368903973
B2110143821406N11133595WA0369303977
B2110153821401N11133586WA0369903983
B2110153821401N11133586WA0369903983
B2110163821396N11133576WA0370203988
B2110173821392N11133565WA0370803993
B2110183821386N11133554WA0371203997
B2110193821381N11133543WA0371704002
B2110203821376N11133531WA0372104008
B2110213821371N11133520WA0372704016
B2110223821367N11133510WA0373104023
B2110233821363N11133500WA0373704029
B2110243821358N11133490WA0374104035
B2110253821353N11133480WA0374804039
B2110263821347N11133469WA0375204043
B2110273821340N11133459WA0375804047
B2110283821334N11133448WA0376104052
B2110293821328N11133437WA0376704058
B2110303821323N11133427WA0377104065
B2110313821318N11133416WA0377704071
B2110323821312N11133406WA0378204077
B2110333821307N11133395WA0378804082
B2110343821301N11133384WA0379204085
B2110353821296N11133373WA0379804089
B2110363821291N11133362WA0380204093
B2110373821286N11133352WA0380704098
B2110383821281N11133341WA0381104102
B2110393821277N11133331WA0381604105
B2110403821272N11133319WA0382004107
B2110413821267N11133307WA0382504108
B2110423821262N11133294WA0382704109
B2110433821256N11133281WA0383104109
B2110443821249N11133269WA0383304110
B2110453821242N11133256WA0383704110
B2110463821236N11133244WA0383804111
B2110473821229N11133232WA0384104113
B2110483821222N11133220WA0384304114
B2110493821216N11133208WA0384504116
B2110503821210N11133195WA0384704119
B2110513821205N11133183WA0384904122
B2110523821200N11133171WA0385104125
B2110533821195N11133160WA0385404126
B2110543821190N11133147WA0385504126
B2110553821184N11133134WA0385804125
B2110563821178N11133120WA0385904123
B2110573821171N11133105WA0386004122
B2110583821165N11133091WA0386004123
B2110593821159N11133078WA0386104126
B2111003821154N11133067WA0386204130
B2111013821149N11133057WA0386404134
B2111023821145N11133048WA0386604137
B2111033821142N11133038WA0386804138
B2111043821140N11133027WA0387004140
B2111053821137N11133015WA0387204139
B2111063821134N11133002WA0387304136
B2111073821129N11132988WA0387404132
B2111083821125N11132974WA0387404129
B2111093821119N11132961WA0387404125
B2111103821114N11132947WA0387304122
B2111113821108N11132933WA0387204119
B2111123821102N11132920WA0387104117
B2111133821096N11132906WA0386904115
B2111143821091N11132893WA0386804112
B2111153821085N11132878WA0386604107
B2111163821080N11132863WA0386504103
B2111173821074N11132847WA0386204097
B2111173821074N11132847WA0386204097
B2111183821067N11132832WA0386004092
B2111193821061N11132816WA0385604088
B2111203821054N11132800WA0385404084
B2111213821048N11132784WA0385004080
B2111223821042N11132769WA0384804076
B2111233821036N11132753WA0384404072
B2111243821030N11132737WA0384204070
B2111253821024N11132722WA0383804067
B2111263821018N11132706WA0383504064
B2111273821013N11132689WA0383204061
B2111283821007N11132672WA0382904058
B2111293821002N11132656WA0382604056
B2111303820997N11132639WA0382304054
B2111313820993N11132623WA0382004053
B2111323820989N11132608WA0381804054
B2111333820985N11132592WA0381604053
B2111343820982N11132577WA0381404051
B2111353820978N11132562WA0381204048
B2111363820973N11132547WA0381004045
B2111373820968N11132532WA0380804041
B2111383820963N11132517WA0380604038
B2111393820957N11132502WA0380304036
B2111403820952N11132487WA0380104033
B2111413820947N11132471WA0379804031
B2111423820942N11132456WA0379604028
B2111433820937N11132440WA0379404027
B2111443820933N11132425WA0379204025
B2111453820930N11132411WA0378904026
B2111463820926N11132398WA0378804026
B2111473820923N11132386WA0378604024
B2111483820919N11132373WA0378504020
B2111493820915N11132359WA0378304015
B2111503820910N11132344WA0378104011
B2111513820906N11132330WA0377804006
B2111523820902N11132315WA0377604001
B2111533820898N11132300WA0377203996
B2111543820894N11132284WA0377003993
B2111553820891N11132268WA0376603989
B2111563820887N11132251WA0376403985
B2111573820883N11132235WA0376003981
B2111583820880N11132218WA0375703978
B2111593820876N11132202WA0375303974
B2112003820872N11132186WA0375003972
B2112013820868N11132171WA0374703971
B2112023820864N11132157WA0374503970
B2112033820860N11132142WA0374203968
B2112043820856N11132127WA0374003965
B2112053820853N11132112WA0373603962
B2112063820849N11132096WA0373403958
B2112073820844N11132081WA0373103953
B2112083820839N11132065WA0372903948
B2112093820834N11132049WA0372503944
B2112103820828N11132033WA0372203939
B2112113820822N11132018WA0371803936
B2112123820816N11132003WA0371503934
B2112133820810N11131989WA0371203933
B2112143820805N11131975WA0370903931
B2112153820800N11131960WA0370603929
B2112163820795N11131946WA0370403926
B2112173820790N11131931WA0370103923
B2112183820784N11131917WA0369903920
B2112193820779N11131902WA0369503916
B2112193820779N11131902WA0369503916
B2112203820772N11131887WA0369303912
B2112213820766N11131872WA0369003909
B2112223820759N11131857WA0368703906
B2112233820753N11131842WA0368403904
B2112243820746N11131828WA0368103902
B2112253820740N11131813WA0367803900
B2112263820734N11131798WA0367603899
B2112273820728N11131784WA0367303898
B2112283820722N11131770WA0367203897
B2112293820716N11131757WA0366903894
B2112303820710N11131743WA0366703891
B2112313820703N11131728WA0366503888
B2112323820697N11131714WA0366303885
B2112333820690N11131699WA0366003883
B2112343820684N11131685WA0365803881
B2112353820679N11131672WA0365503881
B2112363820674N11131659WA0365403880
B2112373820669N11131646WA0365203879
B2112383820663N11131633WA0365003877
B2112393820658N11131621WA0364803875
B2112403820653N11131607WA0364703873
B2112413820648N11131594WA0364503871
B2112423820644N11131580WA0364303870
B2112433820639N11131567WA0364103869
B2112443820634N11131553WA0364003868
B2112453820629N11131540WA0363803865
B2112463820623N11131527WA0363703863
B2112473820617N11131513WA0363503860
B2112483820612N11131498WA0363303856
B2112493820607N11131482WA0363003853
B2112503820603N11131467WA0362903852
B2112513820599N11131451WA0362703851
B2112523820595N11131436WA0362503850
B2112533820590N11131421WA0362303848
B2112543820585N11131406WA0362203846
B2112553820580N11131392WA0362003844
B2112563820574N11131378WA0361803843
B2112573820569N11131364WA0361603843
B2112583820563N11131350WA0361503843
B2112593820559N11131337WA0361303844
B2113003820554N11131324WA0361303845
B2113013820550N11131312WA0361203846
B2113023820546N11131300WA0361103848
B2113033820543N11131288WA0361103849
B2113043820540N11131276WA0361103848
B2113053820536N11131263WA0361103848
B2113063820532N11131250WA0361103847
B2113073820527N11131237WA0361003846
B2113083820523N11131223WA0361003845
B2113093820518N11131209WA0361003844
B2113103820513N11131194WA0360903841
B2113113820507N11131179WA0360803838
B2113123820501N11131163WA0360703835
B2113133820495N11131148WA0360503836
B2113143820489N11131133WA0360503838
B2113153820484N11131119WA0360403840
B2113163820479N11131104WA0360403841
B2113173820473N11131090WA0360303841
B2113183820468N11131075WA0360303840
B2113193820462N11131059WA0360303839
B2113203820457N11131043WA0360203837
B2113213820451N11131027WA0360103837
B2113213820451N11131027WA0360103837
B2113223820446N11131011WA0360103837
B2113233820441N11130996WA0360003837
B2113243820436N11130981WA0360003837
B2113253820431N11130967WA0360003836
B2113263820425N11130953WA0359903834
B2113273820420N11130939WA0359903830
B2113283820414N11130923WA0359803826
B2113293820408N11130909WA0359603825
B2113303820403N11130894WA0359503824
B2113313820397N11130879WA0359403823
B2113323820392N11130864WA0359303821
B2113333820387N11130848WA0359103819
B2113343820382N11130833WA0359003817
B2113353820376N11130818WA0358803814
B2113363820371N11130803WA0358703811
B2113373820365N11130788WA0358503810
B2113383820359N11130774WA0358403810
B2113393820354N11130760WA0358203809
B2113403820348N11130746WA0358103807
B2113413820342N11130732WA0358003804
B2113423820336N11130718WA0357803801
B2113433820330N11130704WA0357603798
B2113443820323N11130690WA0357503795
B2113453820316N11130676WA0357203791
B2113463820309N11130662WA0357003788
B2113473820303N11130649WA0356803786
B2113483820298N11130636WA0356603787
B2113493820294N11130624WA0356403787
B2113503820290N11130613WA0356303787
B2113513820287N11130601WA0356203786
B2113523820284N11130590WA0356103784
B2113533820280N11130577WA0355903782
B2113543820276N11130564WA0355803780
B2113553820272N11130551WA0355603777
B2113563820267N11130538WA0355503773
B2113573820262N11130524WA0355303769
B2113583820256N11130509WA0355103766
B2113593820251N11130494WA0354803762
B2114003820245N11130479WA0354603758
B2114013820239N11130464WA0354303755
B2114023820232N11130450WA0354103752
B2114033820226N11130435WA0353803749
B2114043820219N11130421WA0353603746
B2114053820212N11130406WA0353203742
B2114063820205N11130392WA0353003737
B2114073820198N11130377WA0352603733
B2114083820191N11130361WA0352403729
B2114093820185N11130345WA0352003724
B2114103820178N11130329WA0351703720
B2114113820172N11130313WA0351303716
B2114123820166N11130297WA0351003712
B2114133820160N11130280WA0350603709
B2114143820154N11130264WA0350303706
B2114153820149N11130248WA0349903703
B2114163820143N11130232WA0349703700
B2114173820137N11130216WA0349303698
B2114183820133N11130200WA0349003697
B2114193820128N11130184WA0348703696
B2114203820123N11130168WA0348503694
B2114213820118N11130152WA0348203690
B2114223820113N11130135WA0348003685
B2114233820107N11130117WA0347603680
B2114243820101N11130100WA0347403676
B2114243820101N11130100WA0347403676
B2114253820095N11130082WA0347003672
B2114263820089N11130065WA0346703668
B2114273820083N11130047WA0346303665
B2114283820076N11130030WA0346003662
B2114293820069N11130012WA0345703659
B2114303820062N11129995WA0345403657
B2114313820056N11129978WA0345103656
B2114323820050N11129961WA0344903656
B2114333820044N11129946WA0344603658
B2114343820038N11129933WA0344503662
B2114353820033N11129919WA0344403665
B2114363820028N11129906WA0344303666
B2114373820023N11129892WA0344303664
B2114383820017N11129877WA0344203661
B2114393820012N11129861WA0344103657
B2114403820005N11129844WA0344003653
B2114413819999N11129827WA0343803650
B2114423819992N11129811WA0343603649
B2114433819986N11129795WA0343403648
B2114443819980N11129779WA0343303647
B2114453819974N11129763WA0343103646
B2114463819969N11129747WA0343003644
B2114473819963N11129732WA0342803642
B2114483819957N11129716WA0342703639
B2114493819951N11129700WA0342503635
B2114503819946N11129684WA0342303632
B2114513819940N11129668WA0342103629
B2114523819935N11129653WA0341903625
B2114533819930N11129638WA0341603622
B2114543819924N11129623WA0341403618
B2114553819919N11129609WA0341103614
B2114563819913N11129593WA0340803609
B2114573819908N11129578WA0340503603
B2114583819902N11129562WA0340203598
B2114593819897N11129547WA0339803594
B2115003819891N11129532WA0339503591
B2115013819886N11129517WA0339103588
B2115023819881N11129503WA0338803584
B2115033819876N11129489WA0338403581
B2115043819871N11129475WA0338103578
B2115053819866N11129460WA0337703574
B2115063819862N11129445WA0337503569
B2115073819857N11129430WA0337003565
B2115083819853N11129415WA0336803560
B2115093819847N11129400WA0336303556
B2115103819842N11129386WA0336003553
B2115113819837N11129371WA0335603552
B2115123819833N11129357WA0335403552
B2115133819830N11129344WA0335003553
B2115143819828N11129331WA0334803552
B2115153819825N11129318WA0334603549
B2115163819821N11129305WA0334403545
B2115173819817N11129292WA0334103539
B2115183819812N11129277WA0333803533
B2115193819806N11129262WA0333403527
B2115203819801N11129246WA0333103521
B2115213819796N11129229WA0332703517
B2115223819791N11129213WA0332403513
B2115233819785N11129199WA0331903512
B2115243819780N11129187WA0331703513
B2115253819775N11129176WA0331403514
B2115263819771N11129164WA0331203514
B2115263819771N11129164WA0331203514
B2115273819767N11129151WA0331003514
B2115283819764N11129138WA0330803511
B2115293819760N11129125WA0330603507
B2115303819756N11129110WA0330403502
B2115313819751N11129095WA0330103498
B2115323819746N11129080WA0329903496
B2115333819742N11129065WA0329603496
B2115343819738N11129051WA0329503498
B2115353819735N11129038WA0329203498
B2115363819731N11129025WA0329103497
B2115373819727N11129012WA0328903496
B2115383819722N11128999WA0328803493
B2115393819717N11128986WA0328603492
B2115403819712N11128971WA0328503489
B2115413819708N11128956WA0328303487
B2115423819703N11128941WA0328203485
B2115433819698N11128925WA0328003483
B2115443819694N11128910WA0327803482
B2115453819689N11128896WA0327703485
B2115463819685N11128885WA0327603490
B2115473819681N11128875WA0327603495
B2115483819678N11128865WA0327603499
B2115493819674N11128855WA0327703500
B2115503819671N11128843WA0327803500
B2115513819667N11128831WA0327903499
B2115523819662N11128817WA0327903498
B2115533819659N11128803WA0327903498
B2115543819656N11128790WA0327903501
B2115553819653N11128779WA0328003504
B2115563819651N11128767WA0328103507
B2115573819649N11128755WA0328203508
B2115583819647N11128743WA0328303508
B2115593819644N11128729WA0328403507
B2116003819642N11128715WA0328503507
B2116013819639N11128700WA0328503509
B2116023819636N11128687WA0328603511
B2116033819633N11128675WA0328703516
B2116043819630N11128664WA0328803521
B2116053819627N11128653WA0329103525
B2116063819623N11128641WA0329203527
B2116073819620N11128628WA0329403528
B2116083819617N11128615WA0329603527
B2116093819613N11128600WA0329703526
B2116103819609N11128586WA0329803526
B2116113819605N11128573WA0329903528
B2116123819601N11128561WA0330003529
B2116133819597N11128549WA0330103531
B2116143819592N11128536WA0330203531
B2116153819589N11128522WA0330303530
B2116163819585N11128508WA0330303529
B2116173819582N11128493WA0330403528
B2116183819578N11128477WA0330403528
B2116193819574N11128463WA0330503528
B2116203819570N11128448WA0330503530
B2116213819566N11128433WA0330603531
B2116223819562N11128418WA0330603531
B2116233819559N11128403WA0330703532
B2116243819558N11128387WA0330703532
B2116253819556N11128371WA0330803530
B2116263819554N11128355WA0330803530
B2116273819551N11128339WA0330903532
B2116283819547N11128325WA0330903535
B2116283819547N11128325WA0330903535
B2116293819544N11128311WA0331003536
B2116303819541N11128296WA0331103536
B2116313819538N11128281WA0331103535
B2116323819534N11128266WA0331103533
B2116333819531N11128250WA0331103531
B2116343819527N11128235WA0331103527
B2116353819524N11128218WA0331003523
B2116363819522N11128200WA0330903520
B2116373819520N11128184WA0330803519
B2116383819518N11128169WA0330703518
B2116393819516N11128154WA0330503516
B2116403819512N11128141WA0330403511
B2116413819508N11128127WA0330203505
B2116423819504N11128112WA0330003499
B2116433819500N11128095WA0329703491
B2116443819496N11128078WA0329403485
B2116453819492N11128061WA0329003480
B2116463819488N11128044WA0328703475
B2116473819484N11128027WA0328203472
B2116483819480N11128011WA0327903471
B2116493819476N11127996WA0327603471
B2116503819472N11127981WA0327403470
B2116513819468N11127966WA0327003468
B2116523819464N11127950WA0326803464
B2116533819460N11127934WA0326503460
B2116543819456N11127917WA0326303454
B2116553819452N11127900WA0325903449
B2116563819448N11127883WA0325603443
B2116573819444N11127865WA0325103438
B2116583819439N11127848WA0324803433
B2116593819434N11127831WA0324403428
B2117003819430N11127814WA0324003424
B2117013819426N11127796WA0323603420
B2117023819422N11127780WA0323203415
B2117033819418N11127763WA0322803410
B2117043819414N11127746WA0322403404
B2117053819409N11127730WA0321903399
B2117063819404N11127714WA0321603393
B2117073819399N11127698WA0321103387
B2117083819393N11127682WA0320703382
B2117093819389N11127666WA0320203379
B2117103819384N11127650WA0319903378
B2117113819380N11127634WA0319403375
B2117123819375N11127618WA0319103371
B2117133819370N11127601WA0318603365
B2117143819364N11127584WA0318303358
B2117153819358N11127567WA0317803351
B2117163819352N11127550WA0317403346
B2117173819346N11127532WA0316903342
B2117183819341N11127515WA0316503339
B2117193819336N11127498WA0316003337
B2117203819331N11127481WA0315703335
B2117213819327N11127465WA0315303333
B2117223819322N11127449WA0315003330
B2117233819317N11127434WA0314603327
B2117243819311N11127419WA0314403324
B2117253819306N11127405WA0314003321
B2117263819300N11127390WA0313703318
B2117273819294N11127375WA0313303315
B2117283819289N11127360WA0313103311
B2117293819284N11127345WA0312703308
B2117303819279N11127329WA0312503305
B2117313819274N11127314WA0312103302
B2117313819274N11127314WA0312103302
B2117323819268N11127299WA0311903299
B2117333819263N11127284WA0311503296
B2117343819257N11127269WA0311303292
B2117353819251N11127254WA0310903289
B2117363819245N11127239WA0310603286
B2117373819239N11127224WA0310303283
B2117383819233N11127209WA0310003280
B2117393819227N11127194WA0309703278
B2117403819221N11127180WA0309503275
B2117413819215N11127165WA0309103272
B2117423819209N11127150WA0308903269
B2117433819203N11127135WA0308503265
B2117443819197N11127120WA0308303262
B2117453819191N11127106WA0308003259
B2117463819185N11127091WA0307703255
B2117473819178N11127077WA0307403252
B2117483819172N11127064WA0307103250
B2117493819166N11127050WA0306803249
B2117503819162N11127036WA0306603249
B2117513819158N11127023WA0306303249
B2117523819155N11127010WA0306203248
B2117533819151N11126998WA0306003246
B2117543819147N11126985WA0305803243
B2117553819143N11126973WA0305603240
B2117563819140N11126961WA0305403239
B2117573819137N11126949WA0305203237
B2117583819134N11126936WA0305103235
B2117593819130N11126923WA0304903232
B2118003819126N11126910WA0304703228
B2118013819122N11126897WA0304403224
B2118023819118N11126883WA0304203221
B2118033819114N11126870WA0303903219
B2118043819111N11126857WA0303703217
B2118053819108N11126844WA0303503215
B2118063819105N11126831WA0303303212
B2118073819101N11126817WA0303003208
B2118083819098N11126804WA0302803205
B2118093819094N11126790WA0302503202
B2118103819091N11126776WA0302303199
B2118113819087N11126762WA0302003196
B2118123819084N11126749WA0301803194
B2118133819080N11126736WA0301503191
B2118143819075N11126724WA0301303187
B2118153819071N11126711WA0300903184
B2118163819066N11126699WA0300703180
B2118173819061N11126686WA0300303177
B2118183819056N11126674WA0300103175
B2118193819051N11126663WA0299803173
B2118203819046N11126652WA0299603170
B2118213819042N11126642WA0299303168
B2118223819037N11126631WA0299103165
B2118233819032N11126620WA0298703162
B2118243819027N11126608WA0298503158
B2118253819022N11126597WA0298203156
B2118263819018N11126586WA0298003153
B2118273819013N11126575WA0297703150
B2118283819007N11126565WA0297503146
B2118293819001N11126555WA0297103143
B2118303818995N11126545WA0296903140
B2118313818989N11126534WA0296603139
B2118323818984N11126524WA0296403139
B2118333818979N11126514WA0296103138
B2118333818979N11126514WA0296103138
B2118343818975N11126504WA0296003137
B2118353818970N11126495WA0295803135
B2118363818964N11126485WA0295603133
B2118373818959N11126475WA0295403130
B2118383818953N11126465WA0295203127
B2118393818947N11126456WA0294903125
B2118403818941N11126447WA0294803124
B2118413818936N11126439WA0294603123
B2118423818930N11126431WA0294403122
B2118433818925N11126422WA0294203120
B2118443818919N11126412WA0294103118
B2118453818914N11126402WA0293903116
B2118463818909N11126393WA0293703114
B2118473818903N11126384WA0293503111
B2118483818898N11126375WA0293303108
B2118493818892N11126367WA0293103105
B2118503818885N11126357WA0292903101
B2118513818880N11126347WA0292603098
B2118523818874N11126336WA0292403095
B2118533818868N11126326WA0292103092
B2118543818862N11126316WA0291903090
B2118553818856N11126307WA0291603088
B2118563818851N11126297WA0291503086
B2118573818845N11126288WA0291203084
B2118583818840N11126277WA0291003082
B2118593818835N11126267WA0290703079
B2119003818829N11126257WA0290603077
B2119013818824N11126248WA0290303074
B2119023818818N11126239WA0290103071
B2119033818811N11126230WA0289803069
B2119043818805N11126221WA0289603066
B2119053818800N11126211WA0289403064
B2119063818794N11126202WA0289203061
B2119073818788N11126192WA0288903059
B2119083818782N11126183WA0288703056
B2119093818776N11126174WA0288403052
B2119103818770N11126165WA0288203049
B2119113818764N11126156WA0287903046
B2119123818759N11126146WA0287703043
B2119133818753N11126136WA0287403041
B2119143818748N11126126WA0287203038
B2119153818742N11126115WA0286903034
B2119163818736N11126105WA0286703031
B2119173818729N11126096WA0286303028
B2119183818723N11126088WA0286103025
B2119193818716N11126080WA0285803022
B2119203818710N11126072WA0285603020
B2119213818704N11126064WA0285203018
B2119223818697N11126055WA0285003016
B2119233818691N11126046WA0284703013
B2119243818685N11126038WA0284503010
B2119253818678N11126030WA0284203007
B2119263818671N11126023WA0284003004
B2119273818664N11126017WA0283703001
B2119283818657N11126011WA0283502998
B2119293818650N11126005WA0283202996
B2119303818644N11125998WA0283002995
B2119313818638N11125990WA0282702993
B2119323818633N11125983WA0282502991
B2119333818627N11125975WA0282202989
B2119343818621N11125967WA0282002986
B2119353818615N11125958WA0281802983
B2119353818615N11125958WA0281802983
B2119363818609N11125950WA0281602979
B2119373818603N11125940WA0281302976
B2119383818598N11125931WA0281002973
B2119393818593N11125922WA0280802973
B2119403818589N11125914WA0280602973
B2119413818585N11125906WA0280402972
B2119423818581N11125899WA0280202969
B2119433818576N11125891WA0280002966
B2119443818571N11125883WA0279802963
B2119453818567N11125874WA0279602961
B2119463818562N11125865WA0279402959
B2119473818559N11125855WA0279202957
B2119483818555N11125845WA0279102955
B2119493818551N11125835WA0278802952
B2119503818547N11125827WA0278702950
B2119513818542N11125821WA0278402947
B2119523818537N11125816WA0278202945
B2119533818532N11125810WA0278002942
B2119543818527N11125805WA0277802940
B2119553818522N11125800WA0277502938
B2119563818517N11125795WA0277402936
B2119573818512N11125791WA0277102933
B2119583818507N11125787WA0276902931
B2119593818503N11125784WA0276702929
B2120003818498N11125781WA0276502927
B2120013818494N11125779WA0276302925
B2120023818490N11125777WA0276102923
B2120033818487N11125776WA0275902921
B2120043818483N11125775WA0275702918
B2120053818479N11125774WA0275402915
B2120063818475N11125774WA0275302912
B2120073818471N11125774WA0275002910
B2120083818468N11125773WA0274802909
B2120093818465N11125773WA0274602907
B2120103818463N11125773WA0274402905
B2120113818460N11125774WA0274102903
B2120123818458N11125774WA0274002901
B2120133818455N11125774WA0273802898
B2120143818452N11125774WA0273602896
B2120153818448N11125774WA0273402895
B2120163818446N11125775WA0273202893
B2120173818443N11125776WA0273002891
B2120183818440N11125776WA0272802889
B2120193818438N11125777WA0272602887
B2120203818434N11125779WA0272402883
B2120213818430N11125781WA0272102879
B2120223818426N11125784WA0271902874
B2120233818421N11125786WA0271602871
B2120243818418N11125788WA0271402870
B2120253818414N11125788WA0271102869
B2120263818411N11125789WA0271002868
B2120273818408N11125790WA0270702865
B2120283818405N11125792WA0270502861
B2120293818402N11125795WA0270302856
B2120303818399N11125799WA0270002852
B2120313818396N11125801WA0269702849
B2120323818392N11125804WA0269502846
B2120333818388N11125806WA0269202843
B2120343818384N11125808WA0268902840
B2120353818380N11125811WA0268602835
B2120363818377N11125815WA0268402831
B2120373818373N11125819WA0268002827
B2120383818370N11125823WA0267702824
B2120383818370N11125823WA0267702824
B2120393818367N11125827WA0267402821
B2120403818364N11125830WA0267102819
B2120413818360N11125833WA0266802816
B2120423818357N11125836WA0266602813
B2120433818353N11125839WA0266202809
B2120443818350N11125843WA0266002804
B2120453818346N11125847WA0265602800
B2120463818342N11125851WA0265302797
B2120473818338N11125855WA0265002794
B2120483818333N11125858WA0264702792
B2120493818329N11125860WA0264402791
B2120503818325N11125862WA0264202789
B2120513818320N11125864WA0263902786
B2120523818315N11125866WA0263702783
B2120533818311N11125869WA0263302779
B2120543818306N11125872WA0263102775
B2120553818301N11125875WA0262702771
B2120563818296N11125879WA0262502768
B2120573818291N11125881WA0262202766
B2120583818286N11125884WA0261902765
B2120593818281N11125886WA0261602763
B2121003818276N11125889WA0261402761
B2121013818271N11125891WA0261102759
B2121023818266N11125893WA0260902756
B2121033818261N11125895WA0260602754
B2121043818257N11125897WA0260402751
B2121053818252N11125900WA0260102749
B2121063818248N11125902WA0260002746
B2121073818244N11125905WA0259702743
B2121083818241N11125908WA0259502739
B2121093818237N11125911WA0259102736
B2121103818233N11125914WA0258902733
B2121113818229N11125918WA0258602730
B2121123818226N11125921WA0258402727
B2121133818222N11125925WA0258102724
B2121143818218N11125928WA0257902721
B2121153818214N11125932WA0257602718
B2121163818211N11125936WA0257302714
B2121173818207N11125940WA0257002710
B2121183818204N11125945WA0256802707
B2121193818200N11125949WA0256402703
B2121203818196N11125953WA0256202700
B2121213818192N11125957WA0255802698
B2121223818188N11125961WA0255602695
B2121233818184N11125966WA0255302692
B2121243818181N11125970WA0255102689
B2121253818177N11125974WA0254702686
B2121263818173N11125978WA0254502683
B2121273818169N11125982WA0254202681
B2121283818165N11125986WA0254002678
B2121293818162N11125990WA0253702676
B2121303818159N11125993WA0253502673
B2121313818156N11125996WA0253202670
B2121323818151N11125999WA0253002666
B2121333818147N11126003WA0252602662
B2121343818143N11126008WA0252402658
B2121353818140N11126012WA0252102655
B2121363818136N11126016WA0251802652
B2121373818132N11126020WA0251502649
B2121383818128N11126024WA0251202647
B2121393818124N11126027WA0250902644
B2121403818121N11126031WA0250702641
B2121413818117N11126035WA0250402639
B2121413818117N11126035WA0250402639
B2121423818114N11126039WA0250102635
B2121433818111N11126043WA0249802632
B2121443818107N11126047WA0249602628
B2121453818102N11126052WA0249202624
B2121463818097N11126057WA0249002621
B2121473818092N11126061WA0248602620
B2121483818087N11126063WA0248402621
B2121493818083N11126065WA0248202623
B2121503818079N11126065WA0248102625
B2121513818075N11126064WA0247902625
B2121523818072N11126064WA0247802624
B2121533818066N11126063WA0247702622
B2121543818060N11126061WA0247602619
B2121553818052N11126055WA0247402616
B2121563818045N11126045WA0247302613
B2121573818041N11126031WA0247002609
B2121583818042N11126017WA0246902605
B2121593818047N11126008WA0246602600
B2122003818053N11126007WA0246402595
B2122013818054N11126012WA0245902588
B2122023818047N11126017WA0245602582
B2122033818036N11126012WA0245102577
B2122043818028N11125997WA0244802573
B2122053818033N11125981WA0244302568
B2122063818041N11125971WA0244002561
B2122073818047N11125973WA0243402557
B2122083818045N11125981WA0243102551
B2122093818036N11125983WA0242502546
B2122103818025N11125974WA0242102543
B2122113818020N11125958WA0241602539
B2122123818023N11125944WA0241302533
B2122133818031N11125940WA0240802525
B2122143818035N11125945WA0240402518
B2122153818028N11125951WA0239802513
B2122163818015N11125947WA0239402510
B2122173818006N11125933WA0238802504
B2122183818006N11125915WA0238502501
B2122193818011N11125903WA0238002499
B2122203818017N11125898WA0237702496
B2122213818020N11125899WA0237302494
B2122223818020N11125901WA0237102495
B2122233818016N11125902WA0236802497
B2122243818012N11125901WA0236602499
B2122253818009N11125900WA0236402499
B2122263818005N11125899WA0236302497
B2122273818001N11125899WA0236102494
B2122283817995N11125900WA0236002491
B2122293817989N11125901WA0235702488
B2122303817982N11125901WA0235502486
B2122313817976N11125901WA0235302485
B2122323817970N11125901WA0235102484
B2122333817964N11125901WA0234902484
B2122343817958N11125902WA0234802483
B2122353817952N11125901WA0234602482
B2122363817944N11125899WA0234502481
B2122373817936N11125894WA0234402481
B2122383817929N11125885WA0234302480
B2122393817923N11125872WA0234102478
B2122403817920N11125858WA0234002475
B2122413817922N11125845WA0233802472
B2122423817927N11125837WA0233702468
B2122433817931N11125838WA0233402464
B2122443817929N11125843WA0233202460
B2122443817929N11125843WA0233202460
B2122453817920N11125845WA0232802454
B2122463817908N11125838WA0232602451
B2122473817900N11125822WA0232202448
B2122483817900N11125805WA0232002446
B2122493817906N11125796WA0231602442
B2122503817911N11125798WA0231302436
B2122513817908N11125804WA0230802430
B2122523817898N11125806WA0230502426
B2122533817886N11125797WA0230102423
B2122543817881N11125779WA0229802421
B2122553817884N11125763WA0229402417
B2122563817891N11125757WA0229202412
B2122573817894N11125761WA0228702408
B2122583817888N11125766WA0228402404
B2122593817876N11125763WA0228002398
B2123003817866N11125748WA0227702393
B2123013817865N11125729WA0227202387
B2123023817872N11125717WA0226902383
B2123033817878N11125717WA0226402379
B2123043817875N11125723WA0226102373
B2123053817865N11125724WA0225602371
B2123063817854N11125715WA0225202370
B2123073817846N11125699WA0224802368
B2123083817846N11125681WA0224602366
B2123093817849N11125668WA0224202368
B2123103817851N11125657WA0224102372
B2123113817850N11125647WA0223902375
B2123123817848N11125636WA0223802375
B2123133817845N11125624WA0223702373
B2123143817843N11125611WA0223702370
B2123153817842N11125597WA0223502367
B2123163817841N11125582WA0223402366
B2123173817839N11125568WA0223202366
B2123183817837N11125555WA0223102366
B2123193817834N11125542WA0222902365
B2123203817832N11125528WA0222802364
B2123213817830N11125514WA0222702362
B2123223817828N11125500WA0222602360
B2123233817827N11125485WA0222502359
B2123243817825N11125471WA0222402359
B2123253817824N11125457WA0222202359
B2123263817821N11125442WA0222202359
B2123273817818N11125429WA0222102361
B2123283817815N11125416WA0222102362
B2123293817811N11125404WA0222002364
B2123303817807N11125391WA0222002365
B2123313817803N11125378WA0222002366
B2123323817801N11125366WA0222002367
B2123333817798N11125355WA0222102368
B2123343817796N11125344WA0222102368
B2123353817793N11125332WA0222202369
B2123363817789N11125321WA0222202368
B2123373817785N11125309WA0222202366
B2123383817783N11125296WA0222202364
B2123393817780N11125284WA0222202362
B2123403817778N11125271WA0222202360
B2123413817776N11125259WA0222102358
B2123423817775N11125247WA0222002356
B2123433817774N11125236WA0221902353
B2123443817773N11125224WA0221802350
B2123453817775N11125213WA0221702345
B2123463817777N11125202WA0221502342
B2123463817777N11125202WA0221502342
B2123473817780N11125191WA0221302338
B2123483817782N11125181WA0221102336
B2123493817784N11125172WA0220902335
B2123503817786N11125163WA0220802333
B2123513817789N11125157WA0220602330
B2123523817793N11125152WA0220402326
B2123533817797N11125150WA0220102322
B2123543817801N11125149WA0219902320
B2123553817804N11125148WA0219702318
B2123563817806N11125148WA0219502316
B2123573817808N11125147WA0219302314
B2123583817810N11125148WA0219102312
B2123593817812N11125149WA0218902309
B2124003817813N11125150WA0218702306
B2124013817815N11125151WA0218502304
B2124023817816N11125152WA0218302304
B2124033817817N11125152WA0218102304
B2124043817818N11125152WA0218002304
B2124053817818N11125153WA0217802303
B2124063817818N11125154WA0217702302
B2124073817817N11125156WA0217602301
B2124083817816N11125158WA0217502301
B2124093817814N11125160WA0217402301
B2124103817813N11125161WA0217302301
B2124113817812N11125163WA0217202300
B2124123817812N11125164WA0217102299
B2124133817811N11125165WA0217002298
B2124143817811N11125165WA0216902298
B2124153817811N11125165WA0216702297
B2124163817813N11125163WA0216702296
B2124173817815N11125161WA0216502296
B2124183817818N11125158WA0216502295
B2124193817820N11125155WA0216402294
B2124203817822N11125153WA0216302293
B2124213817824N11125151WA0216302292
B2124223817826N11125148WA0216302291
B2124233817828N11125145WA0216202290
B2124243817830N11125142WA0216202289
B2124253817831N11125140WA0216102288
B2124263817832N11125140WA0216002286
B2124273817832N11125141WA0215902284
B2124283817831N11125142WA0215802283
B2124293817830N11125142WA0215702283
B2124303817829N11125142WA0215602284
B2124313817827N11125141WA0215502284
B2124323817824N11125140WA0215502284
B2124333817820N11125139WA0215402284
B2124343817816N11125137WA0215402284
B2124353817811N11125136WA0215302284
B2124363817807N11125135WA0215302282
B2124373817803N11125135WA0215202280
B2124383817799N11125135WA0215102278
B2124393817796N11125135WA0215002276
B2124403817793N11125135WA0214902273
B2124413817790N11125136WA0214702271
B2124423817786N11125136WA0214602270
B2124433817781N11125136WA0214502268
B2124443817776N11125135WA0214402268
B2124453817771N11125135WA0214302268
B2124463817766N11125134WA0214202268
B2124473817763N11125133WA0214102268
B2124483817760N11125131WA0214102268
B2124493817757N11125131WA0214002266
B2124503817755N11125130WA0213902263
B2124513817753N11125130WA0213702260
B2124523817752N11125131WA0213602257
B2124533817751N11125131WA0213402255
B2124533817751N11125131WA0213402255
B2124543817751N11125131WA0213302254
B2124553817750N11125130WA0213202253
B2124563817750N11125128WA0213102251
B2124573817749N11125128WA0212902248
B2124583817748N11125128WA0212802245
B2124593817747N11125128WA0212602243
B2125003817746N11125128WA0212502241
B2125013817745N11125128WA0212302241
B2125023817744N11125126WA0212202241
B2125033817742N11125124WA0212002242
B2125043817739N11125122WA0211902241
B2125053817736N11125120WA0211802239
B2125063817733N11125118WA0211702237
B2125073817729N11125117WA0211602234
B2125083817725N11125116WA0211402232
B2125093817722N11125114WA0211302232
B2125103817719N11125112WA0211202233
B2125113817716N11125109WA0211102234
B2125123817713N11125105WA0211002233
B2125133817710N11125102WA0210902233
B2125143817706N11125100WA0210902231
B2125153817702N11125098WA0210802228
B2125163817698N11125096WA0210702228
B2125173817695N11125093WA0210602228
B2125183817692N11125089WA0210502228
B2125193817689N11125086WA0210402226
B2125203817687N11125083WA0210402224
B2125213817684N11125081WA0210202221
B2125223817681N11125078WA0210102219
B2125233817679N11125077WA0210002216
B2125243817677N11125075WA0209902213
B2125253817674N11125073WA0209702211
B2125263817672N11125070WA0209602209
B2125273817669N11125068WA0209402206
B2125283817667N11125066WA0209202204
B2125293817665N11125066WA0209002201
B2125303817663N11125065WA0208902197
B2125313817660N11125065WA0208602195
B2125323817658N11125063WA0208402195
B2125333817656N11125060WA0208302195
B2125343817654N11125057WA0208102195
B2125353817652N11125053WA0208002195
B2125363817650N11125050WA0207902194
B2125373817648N11125048WA0207802193
B2125383817645N11125047WA0207602190
B2125393817643N11125047WA0207502188
B2125403817641N11125047WA0207302187
B2125413817639N11125048WA0207202187
B2125423817638N11125047WA0207002187
B2125433817638N11125045WA0206902187
B2125443817639N11125043WA0206802186
B2125453817640N11125041WA0206702184
B2125463817642N11125039WA0206602183
B2125473817642N11125037WA0206502182
B2125483817643N11125036WA0206402181
B2125493817643N11125034WA0206202180
B2125503817644N11125032WA0206102179
B2125513817645N11125030WA0206002177
B2125523817646N11125027WA0205902175
B2125533817648N11125025WA0205702173
B2125543817649N11125023WA0205602170
B2125553817651N11125023WA0205402167
B2125563817652N11125022WA0205302166
B2125563817652N11125022WA0205302166
B2125573817654N11125021WA0205102165
B2125583817654N11125020WA0205002165
B2125593817654N11125018WA0204802166
B2126003817654N11125016WA0204802165
B2126013817653N11125014WA0204702163
B2126023817654N11125013WA0204602160
B2126033817654N11125013WA0204402156
B2126043817655N11125013WA0204202153
B2126053817656N11125013WA0204002152
B2126063817657N11125011WA0203902152
B2126073817657N11125009WA0203702153
B2126083817656N11125008WA0203602151
B2126093817656N11125007WA0203502148
B2126103817656N11125006WA0203302144
B2126113817657N11125006WA0203102142
B2126123817658N11125006WA0202802139
B2126133817658N11125004WA0202702139
B2126143817658N11125003WA0202602138
B2126153817657N11125001WA0202402137
B2126163817656N11125000WA0202302134
B2126173817656N11125001WA0202102129
B2126183817656N11125002WA0201902123
B2126193817657N11125005WA0201602117
B2126203817658N11125007WA0201402115
B2126213817659N11125007WA0201102116
B2126223817660N11125005WA0200902118
B2126233817661N11125003WA0200702119
B2126243817661N11125002WA0200602117
B2126253817661N11125002WA0200502114
B2126263817662N11125004WA0200302111
B2126273817662N11125007WA0200102107
B2126283817662N11125008WA0199902105
B2126293817662N11125009WA0199702104
B2126303817660N11125010WA0199502104
B2126313817657N11125009WA0199402103
B2126323817655N11125008WA0199302101
B2126333817652N11125007WA0199102099
B2126343817648N11125008WA0199002095
B2126353817646N11125010WA0198802091
B2126363817643N11125012WA0198602087
B2126373817642N11125015WA0198302084
B2126383817641N11125017WA0198002082
B2126393817640N11125018WA0197802080
B2126403817640N11125018WA0197702079
B2126413817640N11125018WA0197602079
B2126423817640N11125018WA0197402079
B2126433817640N11125018WA0197302079
B2126443817640N11125018WA0197202079
B2126453817640N11125018WA0197002079
B2126463817640N11125018WA0197002079
B2126473817640N11125018WA0196902079
B2126483817640N11125018WA0196802079
B2126493817640N11125019WA0196702079
B2126503817640N11125018WA0196702079
B2126513817640N11125018WA0196602079
B2126523817640N11125019WA0196602079
B2126533817640N11125019WA0196502079
B2126543817640N11125019WA0196502079
B2126553817640N11125019WA0196502079
B2126563817640N11125019WA0196402079
B2126573817640N11125019WA0196402079
B2126583817640N11125019WA0196402079
B2126583817640N11125019WA0196402079
B2126593817640N11125019WA0196402079
B2127003817640N11125019WA0196402079
B2127013817640N11125019WA0196402079
B2127023817640N11125019WA0196302079
B2127033817640N11125019WA0196302078
B2127043817640N11125019WA0196302078
B2127053817640N11125019WA0196302078
B2127063817640N11125019WA0196302078
B2127073817641N11125019WA0196302078
B2127083817641N11125019WA0196302078
B2127093817641N11125019WA0196202078
B2127103817642N11125018WA0196202078
B2127113817642N11125018WA0196202077
B2127123817643N11125018WA0196202077
B2127133817643N11125018WA0196202077
B2127143817643N11125018WA0196202077
B2127153817643N11125017WA0196202077
B2127163817644N11125017WA0196202076
B2127173817644N11125017WA0196202076
B2127183817644N11125017WA0196202076
B2127193817644N11125017WA0196202076
B2127203817644N11125017WA0196202077
B2127213817644N11125017WA0196202077
B2127223817644N11125017WA0196202077
B2127233817644N11125017WA0196202077
B2127243817644N11125016WA0196202077
B2127253817644N11125016WA0196202078
B2127263817644N11125015WA0196202078
B2127273817644N11125014WA0196202078
B2127283817644N11125013WA0196202078
B2127293817644N11125012WA0196202078
B2127303817644N11125012WA0196202078
B2127313817644N11125011WA0196202078
B2127323817644N11125011WA0196302078
B2127333817643N11125010WA0196302078
B2127343817643N11125010WA0196202078
B2127353817643N11125009WA0196202078
B2127363817643N11125008WA0196302078
B2127373817643N11125008WA0196302077
B2127383817642N11125008WA0196302077
B2127393817642N11125008WA0196302077
B2127403817643N11125007WA0196302077
B2127413817643N11125008WA0196302077
B2127423817642N11125008WA0196302077
B2127433817642N11125008WA0196302077
B2127443817642N11125008WA0196302077
B2127453817642N11125008WA0196202078
B2127463817642N11125008WA0196302078
B2127473817642N11125008WA0196302078
B2127483817642N11125008WA0196302078
B2127493817642N11125008WA0196302078
B2127503817642N11125008WA0196302078
B2127513817642N11125008WA0196302078
B2127523817642N11125008WA0196302078
B2127533817642N11125008WA0196202078
B2127543817642N11125007WA0196302078
B2127553817642N11125007WA0196302078
B2127563817642N11125007WA0196302078
B2127573817642N11125007WA0196302078
B2127583817642N11125007WA0196302078
B2127593817642N11125007WA0196302078
B2128003817642N11125007WA0196302078
B2128013817642N11125007WA0196302077
B2128023817642N11125007WA0196302077
B2128033817642N11125007WA0196302077
B2128043817642N11125007WA0196302077
B2128053817642N11125007WA0196302077
