AXFMFLYMASTER LIVETRACK
HFDTE250926
HFFXA010
HFPLTPILOT:Reavis Sutphin-Gray
HFGTYGLIDERTYPE:Ozone Enzo 3 / Ozone Submarine
HFCIDCOMPETITIONID:1320
HFDTM100GPSDATUM:WGS-1984
HFRFWFIRMWAREVERSION:lt.flymaster.net bsGetPilotTrack
B1736473838047N11203637WA0267002670
B1736483838048N11203640WA0267002670
B1736493838048N11203643WA0267002670
B1736503838049N11203646WA0267002670
B1736513838050N11203651WA0266902669
B1736523838050N11203656WA0266602666
B1736533838049N11203662WA0266602666
B1736543838048N11203668WA0266602666
B1736553838047N11203673WA0266602666
B1736563838046N11203679WA0266602666
B1736573838043N11203684WA0266602666
B1736583838040N11203689WA0266502665
B1736593838037N11203692WA0266502665
B1737003838034N11203693WA0266802668
B1737013838032N11203693WA0266902669
B1737023838030N11203694WA0267002670
B1737033838027N11203695WA0266802668
B1737043838023N11203696WA0266602666
B1737053838019N11203699WA0266402664
B1737063838015N11203701WA0266402664
B1737073838012N11203702WA0266602666
B1737083838010N11203703WA0266702667
B1737093838007N11203704WA0266802668
B1737103838004N11203705WA0266702667
B1737113838000N11203706WA0266502665
B1737123837995N11203707WA0266302663
B1737133837991N11203709WA0266102661
B1737143837987N11203711WA0266102661
B1737153837984N11203713WA0266202662
B1737163837982N11203715WA0266302663
B1737173837979N11203717WA0266302663
B1737183837976N11203720WA0266202662
B1737193837973N11203723WA0266002660
B1737203837969N11203727WA0265902659
B1737213837965N11203731WA0265902659
B1737223837962N11203735WA0265902659
B1737233837958N11203737WA0266102661
B1737243837954N11203739WA0266102661
B1737253837949N11203740WA0266202662
B1737263837945N11203740WA0266302663
B1737273837941N11203740WA0266402664
B1737283837936N11203741WA0266502665
B1737293837931N11203742WA0266402664
B1737303837925N11203742WA0266502665
B1737313837920N11203743WA0266702667
B1737323837916N11203744WA0267002670
B1737333837913N11203745WA0267202672
B1737343837909N11203746WA0267402674
B1737353837905N11203747WA0267402674
B1737363837900N11203748WA0267402674
B1737373837895N11203749WA0267402674
B1737383837891N11203749WA0267502675
B1737393837887N11203749WA0267602676
B1737403837882N11203749WA0267602676
B1737413837878N11203749WA0267602676
B1737423837872N11203748WA0267402674
B1737433837866N11203747WA0267202672
B1737443837860N11203744WA0267102671
B1737453837855N11203741WA0267202672
B1737463837851N11203737WA0267402674
B1737473837848N11203733WA0267502675
B1737483837844N11203728WA0267402674
B1737493837840N11203723WA0267202672
B1737503837835N11203719WA0267002670
B1737513837829N11203716WA0266702667
B1737523837823N11203713WA0266602666
B1737533837818N11203711WA0266602666
B1737543837813N11203708WA0266702667
B1737553837808N11203704WA0266802668
B1737563837804N11203700WA0266802668
B1737573837800N11203695WA0266702667
B1737583837795N11203688WA0266602666
B1737593837791N11203681WA0266502665
B1738003837786N11203672WA0266402664
B1738013837782N11203665WA0266502665
B1738023837777N11203658WA0266902669
B1738033837773N11203653WA0267102671
B1738043837769N11203646WA0267202672
B1738053837765N11203639WA0267302673
B1738063837760N11203631WA0267202672
B1738073837756N11203623WA0267302673
B1738083837751N11203615WA0267602676
B1738093837748N11203608WA0267902679
B1738103837744N11203602WA0268202682
B1738113837741N11203596WA0268402684
B1738123837739N11203589WA0268502685
B1738133837736N11203581WA0268402684
B1738143837733N11203571WA0268302683
B1738153837731N11203562WA0268202682
B1738163837728N11203553WA0268302683
B1738173837725N11203545WA0268402684
B1738183837722N11203537WA0268502685
B1738193837719N11203530WA0268502685
B1738203837716N11203521WA0268502685
B1738213837712N11203512WA0268502685
B1738223837708N11203503WA0268502685
B1738233837703N11203495WA0268702687
B1738243837700N11203488WA0268802688
B1738253837697N11203480WA0269002690
B1738263837694N11203473WA0269002690
B1738273837690N11203466WA0268802688
B1738283837686N11203459WA0268602686
B1738293837680N11203453WA0268402684
B1738303837673N11203447WA0268202682
B1738313837666N11203442WA0268302683
B1738323837660N11203437WA0268402684
B1738333837654N11203433WA0268702687
B1738343837649N11203429WA0268802688
B1738353837645N11203424WA0268802688
B1738363837639N11203420WA0268802688
B1738373837633N11203416WA0268702687
B1738383837627N11203413WA0268602686
B1738393837621N11203410WA0268502685
B1738403837615N11203407WA0268502685
B1738413837610N11203406WA0268502685
B1738423837605N11203404WA0268502685
B1738433837599N11203403WA0268502685
B1738443837593N11203400WA0268402684
B1738453837587N11203397WA0268302683
B1738463837581N11203395WA0268302683
B1738473837575N11203394WA0268102681
B1738483837568N11203393WA0267902679
B1738493837560N11203393WA0267602676
B1738503837553N11203393WA0267502675
B1738513837546N11203394WA0267502675
B1738523837538N11203395WA0267402674
B1738533837530N11203396WA0267502675
B1738543837524N11203397WA0267802678
B1738553837518N11203399WA0268002680
B1738563837513N11203400WA0268102681
B1738573837508N11203401WA0268102681
B1738583837502N11203402WA0267902679
B1738593837495N11203405WA0267702677
B1739003837488N11203408WA0267502675
B1739013837482N11203411WA0267502675
B1739023837477N11203415WA0267602676
B1739033837472N11203419WA0267802678
B1739043837467N11203424WA0267802678
B1739053837463N11203428WA0267902679
B1739063837458N11203432WA0268002680
B1739073837454N11203436WA0268202682
B1739083837450N11203440WA0268402684
B1739093837446N11203444WA0268502685
B1739103837442N11203448WA0268502685
B1739113837438N11203452WA0268602686
B1739123837434N11203457WA0268602686
B1739133837430N11203461WA0268602686
B1739143837426N11203465WA0268702687
B1739153837422N11203469WA0268802688
B1739163837418N11203473WA0268902689
B1739173837415N11203477WA0268902689
B1739183837411N11203481WA0268902689
B1739193837408N11203486WA0268902689
B1739203837405N11203492WA0268802688
B1739213837403N11203498WA0268702687
B1739223837399N11203502WA0268802688
B1739233837396N11203506WA0268802688
B1739243837393N11203510WA0269002690
B1739253837390N11203514WA0269202692
B1739263837387N11203517WA0269402694
B1739273837384N11203520WA0269502695
B1739283837380N11203524WA0269502695
B1739293837376N11203527WA0269602696
B1739303837371N11203530WA0269602696
B1739313837366N11203532WA0269802698
B1739323837360N11203533WA0269902699
B1739333837355N11203533WA0270002700
B1739343837349N11203532WA0270102701
B1739353837343N11203529WA0270302703
B1739363837338N11203524WA0270502705
B1739373837333N11203519WA0270902709
B1739383837330N11203512WA0271202712
B1739393837329N11203505WA0271502715
B1739403837329N11203496WA0271702717
B1739413837332N11203487WA0271802718
B1739423837336N11203478WA0271802718
B1739433837342N11203470WA0271902719
B1739443837350N11203466WA0272102721
B1739453837358N11203464WA0272202722
B1739463837366N11203466WA0272402724
B1739473837372N11203470WA0272702727
B1739483837377N11203475WA0273002730
B1739493837380N11203480WA0273402734
B1739503837382N11203485WA0273802738
B1739513837384N11203491WA0274102741
B1739523837383N11203498WA0274402744
B1739533837382N11203503WA0274602746
B1739543837380N11203507WA0274902749
B1739553837377N11203510WA0275002750
B1739563837373N11203512WA0275202752
B1739573837368N11203514WA0275302753
B1739583837362N11203515WA0275402754
B1739593837356N11203515WA0275502755
B1740003837350N11203513WA0275602756
B1740013837344N11203511WA0275802758
B1740023837338N11203508WA0276002760
B1740033837333N11203505WA0276402764
B1740043837328N11203499WA0276702767
B1740053837325N11203493WA0277002770
B1740063837322N11203484WA0277302773
B1740073837322N11203475WA0277502775
B1740083837323N11203465WA0277702777
B1740093837325N11203456WA0277802778
B1740103837328N11203446WA0277802778
B1740113837333N11203437WA0278002780
B1740123837337N11203428WA0278202782
B1740133837342N11203421WA0278402784
B1740143837347N11203415WA0278602786
B1740153837354N11203409WA0278702787
B1740163837362N11203405WA0278702787
B1740173837370N11203405WA0278602786
B1740183837378N11203406WA0278602786
B1740193837386N11203410WA0278702787
B1740203837393N11203414WA0279202792
B1740213837398N11203418WA0279702797
B1740223837403N11203422WA0280402804
B1740233837406N11203424WA0281002810
B1740243837409N11203427WA0281502815
B1740253837410N11203431WA0282002820
B1740263837409N11203437WA0282202822
B1740273837407N11203444WA0282102821
B1740283837402N11203450WA0282102821
B1740293837397N11203453WA0282602826
B1740303837391N11203452WA0283102831
B1740313837386N11203447WA0283502835
B1740323837384N11203438WA0283602836
B1740333837385N11203427WA0283702837
B1740343837388N11203417WA0283802838
B1740353837393N11203408WA0284202842
B1740363837399N11203401WA0284602846
B1740373837405N11203396WA0285002850
B1740383837412N11203392WA0285302853
B1740393837420N11203391WA0285602856
B1740403837427N11203392WA0285902859
B1740413837434N11203395WA0286302863
B1740423837440N11203399WA0286702867
B1740433837444N11203405WA0287202872
B1740443837446N11203411WA0287602876
B1740453837445N11203417WA0287902879
B1740463837442N11203422WA0287902879
B1740473837436N11203424WA0288002880
B1740483837431N11203426WA0288402884
B1740493837426N11203426WA0288802888
B1740503837422N11203428WA0289302893
B1740513837418N11203429WA0289702897
B1740523837414N11203430WA0290002900
B1740533837409N11203429WA0290102901
B1740543837403N11203423WA0290102901
B1740553837398N11203415WA0290102901
B1740563837395N11203405WA0290302903
B1740573837393N11203395WA0290702907
B1740583837392N11203387WA0291202912
B1740593837391N11203379WA0291602916
B1741003837391N11203371WA0291802918
B1741013837391N11203360WA0291902919
B1741023837393N11203348WA0291902919
B1741033837396N11203336WA0291902919
B1741043837401N11203325WA0292302923
B1741053837406N11203317WA0292902929
B1741063837410N11203311WA0293502935
B1741073837414N11203306WA0293902939
B1741083837420N11203301WA0294202942
B1741093837426N11203297WA0294102941
B1741103837434N11203293WA0294002940
B1741113837442N11203288WA0294102941
B1741123837450N11203283WA0294202942
B1741133837457N11203278WA0294502945
B1741143837464N11203273WA0294802948
B1741153837471N11203268WA0295202952
B1741163837478N11203263WA0295702957
B1741173837484N11203258WA0296102961
B1741183837490N11203252WA0296602966
B1741193837496N11203246WA0297002970
B1741203837502N11203240WA0297502975
B1741213837508N11203235WA0298002980
B1741223837514N11203233WA0298502985
B1741233837519N11203234WA0298902989
B1741243837524N11203236WA0299102991
B1741253837528N11203241WA0299002990
B1741263837530N11203247WA0299202992
B1741273837531N11203254WA0299302993
B1741283837530N11203261WA0299402994
B1741293837528N11203269WA0299502995
B1741303837526N11203276WA0299802998
B1741313837526N11203283WA0300203002
B1741323837526N11203290WA0300603006
B1741333837526N11203296WA0301103011
B1741343837525N11203301WA0301403014
B1741353837524N11203306WA0301603016
B1741363837520N11203311WA0301803018
B1741373837516N11203315WA0301903019
B1741383837511N11203317WA0302203022
B1741393837506N11203317WA0302703027
B1741403837502N11203316WA0303303033
B1741413837500N11203314WA0303903039
B1741423837498N11203311WA0304203042
B1741433837495N11203308WA0304503045
B1741443837491N11203302WA0304503045
B1741453837487N11203293WA0304403044
B1741463837485N11203282WA0304503045
B1741473837486N11203271WA0304903049
B1741483837488N11203262WA0305303053
B1741493837492N11203254WA0305703057
B1741503837497N11203247WA0306103061
B1741513837502N11203240WA0306303063
B1741523837508N11203233WA0306503065
B1741533837516N11203228WA0306703067
B1741543837525N11203225WA0307003070
B1741553837532N11203225WA0307403074
B1741563837538N11203227WA0308003080
B1741573837541N11203232WA0308403084
B1741583837543N11203237WA0308603086
B1741593837543N11203243WA0308803088
B1742003837543N11203249WA0309003090
B1742013837542N11203253WA0309303093
B1742023837541N11203257WA0309603096
B1742033837539N11203261WA0309803098
B1742043837538N11203265WA0310003100
B1742053837536N11203268WA0310103101
B1742063837533N11203271WA0310203102
B1742073837531N11203275WA0310203102
B1742083837528N11203278WA0310303103
B1742093837524N11203282WA0310503105
B1742103837521N11203285WA0310703107
B1742113837516N11203290WA0310903109
B1742123837512N11203294WA0311203112
B1742133837508N11203299WA0311603116
B1742143837505N11203305WA0312103121
B1742153837502N11203309WA0312503125
B1742163837499N11203312WA0312903129
B1742173837496N11203315WA0313103131
B1742183837493N11203320WA0313103131
B1742193837490N11203325WA0313003130
B1742203837487N11203331WA0313003130
B1742213837484N11203336WA0313203132
B1742223837482N11203338WA0313503135
B1742233837480N11203339WA0313903139
B1742243837478N11203340WA0314103141
B1742253837474N11203341WA0314203142
B1742263837468N11203343WA0314303143
B1742273837462N11203342WA0314603146
B1742283837456N11203340WA0315003150
B1742293837452N11203337WA0315603156
B1742303837448N11203332WA0316103161
B1742313837445N11203327WA0316503165
B1742323837442N11203321WA0316803168
B1742333837439N11203313WA0317103171
B1742343837437N11203304WA0317303173
B1742353837438N11203293WA0317503175
B1742363837441N11203284WA0317703177
B1742373837447N11203277WA0317903179
B1742383837454N11203272WA0318103181
B1742393837461N11203269WA0318403184
B1742403837468N11203269WA0318603186
B1742413837474N11203271WA0318903189
B1742423837479N11203275WA0319003190
B1742433837482N11203281WA0319103191
B1742443837483N11203288WA0319103191
B1742453837481N11203294WA0319203192
B1742463837477N11203300WA0319403194
B1742473837473N11203304WA0319703197
B1742483837468N11203306WA0320103201
B1742493837463N11203308WA0320503205
B1742503837459N11203310WA0320903209
B1742513837454N11203312WA0321303213
B1742523837449N11203313WA0321603216
B1742533837442N11203313WA0321903219
B1742543837435N11203313WA0322303223
B1742553837427N11203313WA0322803228
B1742563837420N11203312WA0323403234
B1742573837414N11203311WA0324003240
B1742583837408N11203308WA0324603246
B1742593837403N11203301WA0325003250
B1743003837401N11203293WA0325103251
B1743013837401N11203284WA0325103251
B1743023837404N11203277WA0325203252
B1743033837408N11203271WA0325303253
B1743043837412N11203266WA0325403254
B1743053837416N11203261WA0325603256
B1743063837420N11203256WA0326003260
B1743073837423N11203252WA0326403264
B1743083837427N11203248WA0326703267
B1743093837431N11203243WA0326903269
B1743103837436N11203238WA0327003270
B1743113837441N11203233WA0327103271
B1743123837447N11203229WA0327303273
B1743133837453N11203224WA0327403274
B1743143837460N11203219WA0327703277
B1743153837465N11203212WA0327903279
B1743163837471N11203205WA0328103281
B1743173837475N11203198WA0328403284
B1743183837481N11203191WA0328703287
B1743193837486N11203183WA0329003290
B1743203837493N11203175WA0329103291
B1743213837499N11203167WA0329303293
B1743223837505N11203159WA0329403294
B1743233837511N11203152WA0329603296
B1743243837517N11203145WA0329703297
B1743253837523N11203137WA0329703297
B1743263837529N11203130WA0329403294
B1743273837534N11203122WA0329503295
B1743283837540N11203114WA0329503295
B1743293837546N11203106WA0329603296
B1743303837551N11203098WA0329703297
B1743313837557N11203089WA0329903299
B1743323837561N11203079WA0330203302
B1743333837565N11203070WA0330603306
B1743343837570N11203062WA0331003310
B1743353837575N11203056WA0331303313
B1743363837582N11203052WA0331503315
B1743373837590N11203052WA0331703317
B1743383837597N11203055WA0331703317
B1743393837603N11203060WA0331803318
B1743403837606N11203067WA0332103321
B1743413837607N11203073WA0332403324
B1743423837607N11203078WA0332903329
B1743433837605N11203082WA0333203332
B1743443837601N11203085WA0333403334
B1743453837596N11203086WA0333503335
B1743463837590N11203085WA0333803338
B1743473837584N11203081WA0334103341
B1743483837580N11203076WA0334303343
B1743493837576N11203070WA0334603346
B1743503837573N11203062WA0334803348
B1743513837571N11203054WA0335003350
B1743523837570N11203044WA0335103351
B1743533837571N11203033WA0335103351
B1743543837573N11203021WA0335003350
B1743553837577N11203009WA0335203352
B1743563837580N11202999WA0335503355
B1743573837583N11202989WA0336003360
B1743583837585N11202980WA0336303363
B1743593837588N11202971WA0336703367
B1744003837591N11202964WA0336903369
B1744013837596N11202957WA0337003370
B1744023837602N11202951WA0337003370
B1744033837609N11202948WA0337103371
B1744043837615N11202949WA0337103371
B1744053837620N11202951WA0337203372
B1744063837623N11202954WA0337403374
B1744073837627N11202956WA0337803378
B1744083837630N11202959WA0338003380
B1744093837633N11202962WA0338103381
B1744103837636N11202967WA0338203382
B1744113837638N11202972WA0338203382
B1744123837639N11202978WA0338203382
B1744133837641N11202984WA0338203382
B1744143837643N11202989WA0338203382
B1744153837647N11202995WA0338303383
B1744163837652N11202999WA0338403384
B1744173837657N11203004WA0338603386
B1744183837661N11203009WA0338803388
B1744193837665N11203014WA0339003390
B1744203837668N11203020WA0339303393
B1744213837671N11203025WA0339503395
B1744223837674N11203030WA0339803398
B1744233837677N11203036WA0340003400
B1744243837679N11203042WA0340203402
B1744253837680N11203049WA0340303403
B1744263837681N11203056WA0340303403
B1744273837679N11203064WA0340403404
B1744283837678N11203070WA0340703407
B1744293837676N11203076WA0341103411
B1744303837674N11203080WA0341503415
B1744313837672N11203084WA0341903419
B1744323837669N11203088WA0342303423
B1744333837664N11203090WA0342503425
B1744343837659N11203090WA0342803428
B1744353837655N11203089WA0343103431
B1744363837650N11203088WA0343503435
B1744373837645N11203088WA0343903439
B1744383837641N11203088WA0344403444
B1744393837637N11203089WA0344703447
B1744403837633N11203089WA0345203452
B1744413837628N11203088WA0345603456
B1744423837623N11203085WA0345903459
B1744433837619N11203080WA0346303463
B1744443837615N11203074WA0346603466
B1744453837612N11203067WA0346903469
B1744463837609N11203060WA0347103471
B1744473837606N11203051WA0347303473
B1744483837603N11203042WA0347403474
B1744493837600N11203033WA0347603476
B1744503837598N11203023WA0347803478
B1744513837595N11203015WA0348003480
B1744523837593N11203007WA0348203482
B1744533837590N11202999WA0348303483
B1744543837587N11202991WA0348303483
B1744553837584N11202981WA0348303483
B1744563837583N11202969WA0348203482
B1744573837582N11202957WA0348103481
B1744583837582N11202946WA0348203482
B1744593837581N11202937WA0348403484
B1745003837579N11202929WA0348503485
B1745013837576N11202922WA0348503485
B1745023837573N11202914WA0348203482
B1745033837570N11202904WA0347903479
B1745043837568N11202894WA0347603476
B1745053837565N11202885WA0347403474
B1745063837563N11202876WA0347303473
B1745073837561N11202868WA0347203472
B1745083837558N11202860WA0347003470
B1745093837556N11202852WA0346703467
B1745103837554N11202843WA0346303463
B1745113837552N11202834WA0346003460
B1745123837549N11202824WA0345703457
B1745133837547N11202813WA0345503455
B1745143837544N11202804WA0345603456
B1745153837542N11202796WA0346003460
B1745163837541N11202789WA0346203462
B1745173837540N11202782WA0346403464
B1745183837538N11202772WA0346103461
B1745193837538N11202760WA0345803458
B1745203837539N11202747WA0345603456
B1745213837541N11202734WA0345603456
B1745223837544N11202723WA0345803458
B1745233837547N11202713WA0346003460
B1745243837550N11202704WA0346103461
B1745253837552N11202694WA0345803458
B1745263837555N11202683WA0345403454
B1745273837558N11202671WA0344803448
B1745283837561N11202657WA0344403444
B1745293837564N11202644WA0344003440
B1745303837565N11202632WA0343903439
B1745313837567N11202621WA0343703437
B1745323837568N11202610WA0343503435
B1745333837569N11202598WA0343303433
B1745343837570N11202586WA0342903429
B1745353837570N11202573WA0342703427
B1745363837570N11202560WA0342403424
B1745373837570N11202548WA0342203422
B1745383837570N11202537WA0342103421
B1745393837569N11202525WA0342003420
B1745403837568N11202514WA0341703417
B1745413837567N11202503WA0341503415
B1745423837566N11202492WA0341303413
B1745433837566N11202480WA0341103411
B1745443837568N11202468WA0340903409
B1745453837571N11202457WA0340803408
B1745463837575N11202445WA0340603406
B1745473837578N11202434WA0340503405
B1745483837582N11202423WA0340303403
B1745493837586N11202412WA0340103401
B1745503837590N11202401WA0340003400
B1745513837594N11202390WA0339803398
B1745523837597N11202379WA0339603396
B1745533837601N11202367WA0339403394
B1745543837604N11202356WA0339203392
B1745553837607N11202344WA0339103391
B1745563837610N11202333WA0338903389
B1745573837613N11202321WA0338803388
B1745583837616N11202310WA0338703387
B1745593837619N11202299WA0338603386
B1746003837621N11202287WA0338503385
B1746013837623N11202276WA0338503385
B1746023837625N11202265WA0338503385
B1746033837628N11202255WA0338703387
B1746043837630N11202245WA0338903389
B1746053837633N11202235WA0339003390
B1746063837635N11202225WA0339003390
B1746073837636N11202215WA0339003390
B1746083837639N11202204WA0339003390
B1746093837641N11202193WA0339103391
B1746103837644N11202183WA0339303393
B1746113837646N11202173WA0339503395
B1746123837648N11202163WA0339703397
B1746133837650N11202153WA0339703397
B1746143837653N11202143WA0339603396
B1746153837656N11202130WA0339403394
B1746163837660N11202118WA0339203392
B1746173837664N11202105WA0339203392
B1746183837667N11202094WA0339403394
B1746193837671N11202083WA0339603396
B1746203837674N11202073WA0339803398
B1746213837677N11202062WA0339903399
B1746223837680N11202051WA0339903399
B1746233837683N11202040WA0340003400
B1746243837685N11202030WA0340403404
B1746253837686N11202020WA0340703407
B1746263837685N11202011WA0341003410
B1746273837682N11202004WA0341203412
B1746283837677N11201999WA0341203412
B1746293837672N11201997WA0341203412
B1746303837665N11201997WA0341103411
B1746313837660N11202001WA0341303413
B1746323837656N11202005WA0341503415
B1746333837653N11202010WA0341703417
B1746343837652N11202015WA0342103421
B1746353837653N11202019WA0342403424
B1746363837655N11202023WA0342603426
B1746373837660N11202025WA0342603426
B1746383837665N11202029WA0342503425
B1746393837671N11202034WA0342403424
B1746403837676N11202040WA0342403424
B1746413837680N11202046WA0342303423
B1746423837683N11202050WA0342403424
B1746433837684N11202053WA0342603426
B1746443837685N11202055WA0342703427
B1746453837684N11202057WA0342603426
B1746463837682N11202058WA0342403424
B1746473837678N11202058WA0342003420
B1746483837674N11202056WA0341803418
B1746493837669N11202053WA0341703417
B1746503837666N11202048WA0341603416
B1746513837662N11202043WA0341403414
B1746523837659N11202039WA0341303413
B1746533837655N11202034WA0341003410
B1746543837651N11202029WA0340703407
B1746553837647N11202022WA0340403404
B1746563837644N11202013WA0340003400
B1746573837643N11202003WA0339803398
B1746583837643N11201993WA0339603396
B1746593837644N11201983WA0339603396
B1747003837645N11201973WA0339503395
B1747013837645N11201963WA0339503395
B1747023837645N11201954WA0339403394
B1747033837646N11201943WA0339303393
B1747043837647N11201933WA0339203392
B1747053837649N11201923WA0339103391
B1747063837651N11201912WA0339103391
B1747073837654N11201902WA0339003390
B1747083837656N11201892WA0338903389
B1747093837658N11201882WA0338803388
B1747103837660N11201872WA0338803388
B1747113837661N11201862WA0338803388
B1747123837663N11201853WA0338603386
B1747133837664N11201843WA0338503385
B1747143837667N11201832WA0338303383
B1747153837669N11201822WA0338103381
B1747163837673N11201811WA0338003380
B1747173837676N11201800WA0337903379
B1747183837679N11201789WA0337903379
B1747193837680N11201778WA0338003380
B1747203837681N11201767WA0338203382
B1747213837681N11201756WA0338303383
B1747223837681N11201745WA0338503385
B1747233837681N11201734WA0338803388
B1747243837681N11201723WA0339103391
B1747253837681N11201714WA0339403394
B1747263837680N11201705WA0339703397
B1747273837679N11201696WA0339803398
B1747283837678N11201688WA0339903399
B1747293837676N11201679WA0340003400
B1747303837674N11201673WA0340103401
B1747313837671N11201669WA0340403404
B1747323837668N11201669WA0340503405
B1747333837667N11201674WA0340303403
B1747343837669N11201682WA0340103401
B1747353837673N11201689WA0339903399
B1747363837680N11201695WA0339803398
B1747373837687N11201699WA0340103401
B1747383837693N11201702WA0340603406
B1747393837697N11201706WA0341103411
B1747403837701N11201710WA0341503415
B1747413837703N11201714WA0341803418
B1747423837704N11201719WA0341903419
B1747433837704N11201724WA0342103421
B1747443837704N11201728WA0342303423
B1747453837701N11201730WA0342503425
B1747463837698N11201731WA0342503425
B1747473837693N11201731WA0342403424
B1747483837689N11201728WA0342403424
B1747493837684N11201722WA0342403424
B1747503837680N11201715WA0342303423
B1747513837678N11201707WA0342303423
B1747523837676N11201698WA0342403424
B1747533837675N11201689WA0342503425
B1747543837674N11201681WA0342603426
B1747553837674N11201673WA0342803428
B1747563837674N11201665WA0343003430
B1747573837675N11201656WA0343103431
B1747583837679N11201647WA0343203432
B1747593837685N11201639WA0343203432
B1748003837694N11201633WA0343003430
B1748013837703N11201631WA0342803428
B1748023837712N11201634WA0342703427
B1748033837719N11201640WA0342703427
B1748043837722N11201646WA0342703427
B1748053837722N11201651WA0343003430
B1748063837722N11201655WA0343303433
B1748073837722N11201657WA0343603436
B1748083837721N11201659WA0343803438
B1748093837721N11201662WA0343803438
B1748103837719N11201663WA0343703437
B1748113837716N11201665WA0343503435
B1748123837712N11201664WA0343203432
B1748133837706N11201661WA0343003430
B1748143837701N11201655WA0342703427
B1748153837697N11201647WA0342603426
B1748163837694N11201638WA0342703427
B1748173837691N11201631WA0342803428
B1748183837689N11201624WA0343003430
B1748193837687N11201617WA0343103431
B1748203837685N11201611WA0343303433
B1748213837683N11201604WA0343303433
B1748223837681N11201596WA0343203432
B1748233837678N11201588WA0343203432
B1748243837675N11201581WA0343203432
B1748253837672N11201573WA0343303433
B1748263837668N11201566WA0343303433
B1748273837665N11201559WA0343403434
B1748283837663N11201551WA0343403434
B1748293837661N11201543WA0343503435
B1748303837659N11201535WA0343503435
B1748313837658N11201526WA0343503435
B1748323837656N11201517WA0343403434
B1748333837654N11201508WA0343403434
B1748343837652N11201499WA0343403434
B1748353837650N11201490WA0343503435
B1748363837648N11201481WA0343603436
B1748373837646N11201473WA0343703437
B1748383837644N11201465WA0343803438
B1748393837642N11201456WA0343803438
B1748403837640N11201448WA0343903439
B1748413837637N11201439WA0344003440
B1748423837635N11201431WA0344003440
B1748433837632N11201423WA0344003440
B1748443837630N11201415WA0344003440
B1748453837627N11201406WA0344003440
B1748463837624N11201396WA0344003440
B1748473837621N11201388WA0344103441
B1748483837618N11201380WA0344403444
B1748493837615N11201375WA0344603446
B1748503837612N11201370WA0344903449
B1748513837608N11201365WA0344903449
B1748523837603N11201361WA0345003450
B1748533837598N11201357WA0345003450
B1748543837593N11201354WA0345003450
B1748553837589N11201352WA0345103451
B1748563837585N11201351WA0345103451
B1748573837582N11201352WA0345003450
B1748583837580N11201355WA0344803448
B1748593837579N11201360WA0344503445
B1749003837579N11201366WA0344203442
B1749013837581N11201373WA0344003440
B1749023837585N11201378WA0343903439
B1749033837590N11201382WA0343803438
B1749043837596N11201385WA0343803438
B1749053837601N11201387WA0343803438
B1749063837606N11201389WA0343703437
B1749073837612N11201391WA0343503435
B1749083837618N11201394WA0343303433
B1749093837624N11201398WA0343003430
B1749103837630N11201403WA0342903429
B1749113837636N11201407WA0342903429
B1749123837641N11201410WA0342903429
B1749133837645N11201414WA0343003430
B1749143837650N11201418WA0342903429
B1749153837654N11201423WA0342803428
B1749163837658N11201429WA0342703427
B1749173837662N11201435WA0342603426
B1749183837666N11201441WA0342603426
B1749193837670N11201447WA0342703427
B1749203837675N11201452WA0342903429
B1749213837678N11201457WA0343003430
B1749223837682N11201461WA0343103431
B1749233837686N11201467WA0343103431
B1749243837689N11201472WA0343103431
B1749253837693N11201479WA0343103431
B1749263837696N11201486WA0343003430
B1749273837699N11201493WA0343103431
B1749283837701N11201499WA0343303433
B1749293837702N11201504WA0343403434
B1749303837703N11201509WA0343703437
B1749313837704N11201513WA0343803438
B1749323837706N11201517WA0343803438
B1749333837707N11201523WA0343803438
B1749343837708N11201529WA0343703437
B1749353837709N11201536WA0343703437
B1749363837711N11201542WA0343903439
B1749373837714N11201546WA0344203442
B1749383837716N11201551WA0344503445
B1749393837718N11201555WA0344603446
B1749403837719N11201560WA0344603446
B1749413837720N11201566WA0344603446
B1749423837721N11201573WA0344503445
B1749433837721N11201579WA0344603446
B1749443837722N11201584WA0344703447
B1749453837722N11201590WA0344803448
B1749463837723N11201595WA0344903449
B1749473837724N11201600WA0344903449
B1749483837724N11201606WA0344803448
B1749493837725N11201611WA0344903449
B1749503837726N11201617WA0345003450
B1749513837728N11201622WA0345203452
B1749523837729N11201627WA0345403454
B1749533837731N11201632WA0345503455
B1749543837732N11201637WA0345703457
B1749553837733N11201643WA0345803458
B1749563837734N11201648WA0345903459
B1749573837734N11201654WA0346003460
B1749583837734N11201659WA0346203462
B1749593837735N11201665WA0346403464
B1750003837736N11201670WA0346703467
B1750013837737N11201675WA0346903469
B1750023837738N11201679WA0347203472
B1750033837739N11201685WA0347403474
B1750043837740N11201691WA0347503475
B1750053837741N11201698WA0347603476
B1750063837742N11201705WA0348003480
B1750073837742N11201710WA0348403484
B1750083837742N11201714WA0348903489
B1750093837741N11201717WA0349403494
B1750103837740N11201720WA0349603496
B1750113837738N11201724WA0349803498
B1750123837736N11201727WA0350003500
B1750133837732N11201728WA0350203502
B1750143837727N11201724WA0350403504
B1750153837723N11201716WA0350503505
B1750163837721N11201705WA0350503505
B1750173837722N11201691WA0350403504
B1750183837727N11201678WA0350603506
B1750193837733N11201668WA0351203512
B1750203837740N11201663WA0351803518
B1750213837746N11201661WA0352303523
B1750223837753N11201661WA0352603526
B1750233837759N11201662WA0352903529
B1750243837765N11201665WA0353103531
B1750253837769N11201668WA0353403534
B1750263837773N11201673WA0353703537
B1750273837775N11201677WA0353903539
B1750283837776N11201682WA0354103541
B1750293837775N11201685WA0354403544
B1750303837774N11201689WA0354603546
B1750313837772N11201691WA0354803548
B1750323837769N11201693WA0354903549
B1750333837766N11201696WA0355003550
B1750343837762N11201699WA0355203552
B1750353837759N11201701WA0355403554
B1750363837756N11201703WA0355603556
B1750373837753N11201704WA0355703557
B1750383837749N11201705WA0355603556
B1750393837745N11201704WA0355403554
B1750403837739N11201701WA0355003550
B1750413837733N11201695WA0354803548
B1750423837727N11201687WA0354703547
B1750433837722N11201679WA0354903549
B1750443837718N11201670WA0355103551
B1750453837716N11201661WA0355703557
B1750463837715N11201653WA0356303563
B1750473837715N11201644WA0356803568
B1750483837717N11201635WA0357203572
B1750493837720N11201625WA0357503575
B1750503837726N11201617WA0357803578
B1750513837733N11201613WA0358003580
B1750523837741N11201613WA0358203582
B1750533837745N11201618WA0358303583
B1750543837746N11201625WA0358403584
B1750553837744N11201631WA0358603586
B1750563837740N11201634WA0359103591
B1750573837735N11201634WA0359603596
B1750583837730N11201632WA0359903599
B1750593837725N11201629WA0360203602
B1751003837719N11201624WA0360403604
B1751013837713N11201617WA0360803608
B1751023837709N11201609WA0361103611
B1751033837706N11201599WA0361403614
B1751043837705N11201588WA0361703617
B1751053837705N11201576WA0361803618
B1751063837708N11201564WA0361903619
B1751073837713N11201554WA0362003620
B1751083837721N11201546WA0362103621
B1751093837729N11201540WA0362103621
B1751103837737N11201538WA0362403624
B1751113837744N11201539WA0363003630
B1751123837748N11201540WA0363603636
B1751133837752N11201543WA0364103641
B1751143837754N11201545WA0364503645
B1751153837755N11201548WA0364903649
B1751163837755N11201550WA0365303653
B1751173837753N11201553WA0365503655
B1751183837749N11201555WA0365703657
B1751193837745N11201557WA0366003660
B1751203837740N11201559WA0366403664
B1751213837734N11201560WA0366803668
B1751223837729N11201558WA0367203672
B1751233837723N11201554WA0367503675
B1751243837717N11201547WA0367603676
B1751253837712N11201538WA0367603676
B1751263837709N11201527WA0367603676
B1751273837706N11201516WA0367603676
B1751283837706N11201505WA0367603676
B1751293837708N11201494WA0367503675
B1751303837712N11201483WA0367303673
B1751313837718N11201474WA0367103671
B1751323837724N11201465WA0366903669
B1751333837731N11201460WA0366803668
B1751343837739N11201456WA0366803668
B1751353837746N11201455WA0366703667
B1751363837753N11201456WA0366703667
B1751373837758N11201457WA0366903669
B1751383837763N11201459WA0367003670
B1751393837767N11201462WA0367203672
B1751403837770N11201465WA0367303673
B1751413837772N11201468WA0367503675
B1751423837774N11201471WA0367803678
B1751433837775N11201474WA0368003680
B1751443837777N11201477WA0368303683
B1751453837779N11201480WA0368503685
B1751463837780N11201483WA0368703687
B1751473837782N11201487WA0368903689
B1751483837784N11201490WA0369203692
B1751493837785N11201494WA0369303693
B1751503837785N11201498WA0369503695
B1751513837784N11201503WA0369703697
B1751523837783N11201507WA0369803698
B1751533837781N11201511WA0369803698
B1751543837778N11201514WA0369903699
B1751553837775N11201517WA0370003700
B1751563837771N11201520WA0370003700
B1751573837768N11201524WA0370003700
B1751583837764N11201529WA0370003700
B1751593837760N11201534WA0369903699
B1752003837757N11201539WA0369803698
B1752013837755N11201544WA0369803698
B1752023837754N11201549WA0369803698
B1752033837752N11201553WA0370003700
B1752043837751N11201556WA0370203702
B1752053837749N11201560WA0370303703
B1752063837747N11201565WA0370403704
B1752073837745N11201570WA0370503705
B1752083837742N11201575WA0370703707
B1752093837739N11201579WA0371003710
B1752103837737N11201583WA0371303713
B1752113837734N11201586WA0371503715
B1752123837732N11201590WA0371703717
B1752133837730N11201594WA0371803718
B1752143837727N11201600WA0371803718
B1752153837724N11201605WA0371803718
B1752163837721N11201611WA0372003720
B1752173837718N11201615WA0372303723
B1752183837716N11201619WA0372803728
B1752193837714N11201622WA0373303733
B1752203837712N11201625WA0373703737
B1752213837711N11201628WA0374003740
B1752223837710N11201632WA0374003740
B1752233837708N11201636WA0374003740
B1752243837706N11201640WA0374103741
B1752253837703N11201643WA0374303743
B1752263837700N11201647WA0374503745
B1752273837698N11201649WA0374703747
B1752283837695N11201652WA0374903749
B1752293837691N11201654WA0375003750
B1752303837687N11201655WA0375103751
B1752313837683N11201654WA0375203752
B1752323837679N11201653WA0375303753
B1752333837675N11201651WA0375303753
B1752343837670N11201650WA0375203752
B1752353837665N11201650WA0375003750
B1752363837660N11201652WA0374803748
B1752373837656N11201656WA0374703747
B1752383837653N11201660WA0374703747
B1752393837650N11201664WA0374703747
B1752403837649N11201668WA0374803748
B1752413837648N11201672WA0374803748
B1752423837646N11201675WA0374703747
B1752433837644N11201680WA0374503745
B1752443837642N11201685WA0374203742
B1752453837640N11201690WA0373903739
B1752463837638N11201695WA0373803738
B1752473837635N11201699WA0373703737
B1752483837632N11201704WA0373503735
B1752493837628N11201710WA0373103731
B1752503837625N11201716WA0372703727
B1752513837621N11201724WA0372303723
B1752523837617N11201731WA0372103721
B1752533837613N11201738WA0372003720
B1752543837610N11201744WA0372003720
B1752553837607N11201749WA0372103721
B1752563837604N11201755WA0372003720
B1752573837600N11201761WA0371903719
B1752583837596N11201767WA0371703717
B1752593837592N11201774WA0371603716
B1753003837588N11201781WA0371403714
B1753013837585N11201788WA0371303713
B1753023837582N11201795WA0371303713
B1753033837579N11201802WA0371303713
B1753043837575N11201808WA0371303713
B1753053837572N11201815WA0371303713
B1753063837569N11201821WA0371303713
B1753073837566N11201829WA0371203712
B1753083837563N11201836WA0371103711
B1753093837560N11201844WA0371003710
B1753103837558N11201851WA0370903709
B1753113837555N11201859WA0370903709
B1753123837553N11201866WA0370903709
B1753133837552N11201874WA0370803708
B1753143837550N11201881WA0370703707
B1753153837548N11201888WA0370703707
B1753163837545N11201895WA0370503705
B1753173837543N11201901WA0370403704
B1753183837541N11201909WA0370203702
B1753193837539N11201916WA0370003700
B1753203837537N11201924WA0369703697
B1753213837536N11201932WA0369503695
B1753223837535N11201941WA0369403694
B1753233837535N11201949WA0369303693
B1753243837534N11201957WA0369203692
B1753253837534N11201964WA0369103691
B1753263837533N11201972WA0368903689
B1753273837533N11201980WA0368703687
B1753283837532N11201988WA0368503685
B1753293837532N11201997WA0368403684
B1753303837532N11202005WA0368203682
B1753313837531N11202013WA0368103681
B1753323837531N11202021WA0368003680
B1753333837530N11202029WA0367803678
B1753343837529N11202037WA0367703677
B1753353837529N11202044WA0367503675
B1753363837528N11202052WA0367303673
B1753373837528N11202060WA0367103671
B1753383837527N11202069WA0366903669
B1753393837527N11202077WA0366803668
B1753403837527N11202085WA0366603666
B1753413837527N11202093WA0366503665
B1753423837527N11202101WA0366303663
B1753433837527N11202109WA0366103661
B1753443837528N11202117WA0365903659
B1753453837529N11202125WA0365603656
B1753463837530N11202133WA0365503655
B1753473837531N11202139WA0365503655
B1753483837533N11202144WA0365603656
B1753493837534N11202149WA0365503655
B1753503837535N11202153WA0365403654
B1753513837537N11202159WA0365203652
B1753523837538N11202166WA0364903649
B1753533837540N11202173WA0364503645
B1753543837543N11202180WA0364403644
B1753553837546N11202186WA0364203642
B1753563837549N11202191WA0364203642
B1753573837552N11202197WA0364203642
B1753583837555N11202202WA0364103641
B1753593837558N11202207WA0363803638
B1754003837561N11202214WA0363603636
B1754013837564N11202220WA0363403634
B1754023837566N11202227WA0363303633
B1754033837568N11202233WA0363203632
B1754043837571N11202238WA0363103631
B1754053837574N11202243WA0363003630
B1754063837576N11202249WA0362803628
B1754073837578N11202254WA0362603626
B1754083837580N11202260WA0362303623
B1754093837582N11202267WA0362003620
B1754103837584N11202273WA0361803618
B1754113837586N11202280WA0361603616
B1754123837587N11202288WA0361203612
B1754133837589N11202296WA0360803608
B1754143837591N11202305WA0360503605
B1754153837592N11202313WA0360303603
B1754163837594N11202320WA0360203602
B1754173837596N11202328WA0360003600
B1754183837598N11202335WA0359903599
B1754193837599N11202342WA0359803598
B1754203837601N11202349WA0359703597
B1754213837602N11202355WA0359603596
B1754223837604N11202362WA0359503595
B1754233837605N11202368WA0359403594
B1754243837606N11202375WA0359303593
B1754253837608N11202382WA0359103591
B1754263837610N11202390WA0359003590
B1754273837612N11202397WA0359003590
B1754283837615N11202404WA0359003590
B1754293837617N11202411WA0359103591
B1754303837620N11202417WA0359203592
B1754313837623N11202424WA0359203592
B1754323837626N11202430WA0359103591
B1754333837630N11202437WA0359003590
B1754343837634N11202443WA0358803588
B1754353837637N11202450WA0358803588
B1754363837641N11202457WA0358803588
B1754373837644N11202463WA0358903589
B1754383837648N11202469WA0359103591
B1754393837652N11202475WA0359303593
B1754403837656N11202481WA0359403594
B1754413837659N11202488WA0359603596
B1754423837662N11202495WA0359703597
B1754433837666N11202503WA0359903599
B1754443837669N11202511WA0360103601
B1754453837672N11202518WA0360303603
B1754463837675N11202526WA0360603606
B1754473837677N11202534WA0360903609
B1754483837678N11202541WA0361203612
B1754493837679N11202548WA0361403614
B1754503837680N11202555WA0361603616
B1754513837682N11202563WA0361703617
B1754523837685N11202572WA0361903619
B1754533837688N11202581WA0362003620
B1754543837691N11202589WA0362303623
B1754553837693N11202596WA0362603626
B1754563837695N11202604WA0362903629
B1754573837698N11202611WA0363203632
B1754583837701N11202618WA0363603636
B1754593837705N11202625WA0364003640
B1755003837707N11202632WA0364403644
B1755013837710N11202638WA0364703647
B1755023837712N11202644WA0365103651
B1755033837715N11202650WA0365403654
B1755043837718N11202657WA0365503655
B1755053837722N11202664WA0365703657
B1755063837725N11202671WA0366003660
B1755073837729N11202678WA0366303663
B1755083837732N11202683WA0366703667
B1755093837736N11202688WA0367003670
B1755103837740N11202694WA0367303673
B1755113837746N11202700WA0367603676
B1755123837751N11202705WA0367703677
B1755133837758N11202710WA0368103681
B1755143837765N11202714WA0368403684
B1755153837772N11202717WA0369003690
B1755163837778N11202720WA0369503695
B1755173837784N11202723WA0369903699
B1755183837791N11202727WA0370303703
B1755193837797N11202732WA0370603706
B1755203837801N11202739WA0370903709
B1755213837804N11202746WA0371203712
B1755223837804N11202753WA0371503715
B1755233837802N11202759WA0371803718
B1755243837798N11202762WA0372103721
B1755253837795N11202763WA0372403724
B1755263837791N11202763WA0372803728
B1755273837787N11202763WA0373103731
B1755283837783N11202761WA0373403734
B1755293837778N11202758WA0373703737
B1755303837773N11202754WA0374003740
B1755313837768N11202749WA0374303743
B1755323837764N11202744WA0374703747
B1755333837759N11202739WA0375003750
B1755343837755N11202732WA0375303753
B1755353837750N11202725WA0375603756
B1755363837746N11202718WA0375903759
B1755373837742N11202711WA0376303763
B1755383837738N11202704WA0376703767
B1755393837735N11202698WA0377103771
B1755403837732N11202692WA0377503775
B1755413837730N11202686WA0377903779
B1755423837728N11202679WA0378203782
B1755433837726N11202671WA0378303783
B1755443837724N11202662WA0378403784
B1755453837721N11202652WA0378303783
B1755463837717N11202642WA0378503785
B1755473837712N11202633WA0378703787
B1755483837708N11202625WA0379103791
B1755493837704N11202618WA0379503795
B1755503837700N11202610WA0379903799
B1755513837696N11202601WA0380103801
B1755523837693N11202591WA0380303803
B1755533837691N11202578WA0380403804
B1755543837693N11202565WA0380503805
B1755553837697N11202553WA0380603806
B1755563837704N11202543WA0380703807
B1755573837712N11202537WA0380803808
B1755583837720N11202534WA0381003810
B1755593837726N11202533WA0381203812
B1756003837732N11202532WA0381503815
B1756013837738N11202532WA0381603816
B1756023837744N11202532WA0381603816
B1756033837751N11202533WA0381603816
B1756043837758N11202534WA0381603816
B1756053837766N11202535WA0381803818
B1756063837773N11202537WA0382003820
B1756073837779N11202538WA0382203822
B1756083837785N11202540WA0382503825
B1756093837790N11202542WA0382703827
B1756103837796N11202544WA0382903829
B1756113837802N11202546WA0383003830
B1756123837808N11202550WA0383103831
B1756133837814N11202554WA0383203832
B1756143837820N11202558WA0383403834
B1756153837825N11202561WA0383603836
B1756163837831N11202565WA0383903839
B1756173837836N11202568WA0384303843
B1756183837841N11202573WA0384603846
B1756193837844N11202578WA0384903849
B1756203837846N11202584WA0385103851
B1756213837846N11202590WA0385303853
B1756223837844N11202595WA0385703857
B1756233837842N11202598WA0386203862
B1756243837839N11202599WA0386903869
B1756253837836N11202596WA0387403874
B1756263837832N11202591WA0387703877
B1756273837829N11202581WA0387703877
B1756283837828N11202567WA0387803878
B1756293837830N11202554WA0388003880
B1756303837836N11202542WA0388503885
B1756313837843N11202534WA0389103891
B1756323837850N11202530WA0389503895
B1756333837858N11202529WA0389803898
B1756343837865N11202530WA0390103901
B1756353837872N11202533WA0390303903
B1756363837877N11202539WA0390503905
B1756373837880N11202545WA0390903909
B1756383837882N11202551WA0391303913
B1756393837883N11202556WA0391803918
B1756403837881N11202560WA0392303923
B1756413837879N11202562WA0392903929
B1756423837876N11202561WA0393403934
B1756433837872N11202558WA0393803938
B1756443837869N11202554WA0394003940
B1756453837865N11202547WA0394103941
B1756463837862N11202538WA0394203942
B1756473837861N11202527WA0394203942
B1756483837861N11202515WA0394403944
B1756493837863N11202504WA0394803948
B1756503837866N11202493WA0395303953
B1756513837870N11202484WA0395703957
B1756523837876N11202478WA0396103961
B1756533837882N11202472WA0396403964
B1756543837889N11202469WA0396703967
B1756553837897N11202466WA0396803968
B1756563837905N11202466WA0396903969
B1756573837913N11202467WA0397003970
B1756583837921N11202470WA0397303973
B1756593837927N11202474WA0397603976
B1757003837932N11202478WA0398003980
B1757013837936N11202483WA0398303983
B1757023837939N11202489WA0398603986
B1757033837942N11202495WA0398903989
B1757043837943N11202501WA0399203992
B1757053837943N11202507WA0399603996
B1757063837942N11202513WA0400004000
B1757073837941N11202517WA0400404004
B1757083837939N11202520WA0400904009
B1757093837936N11202521WA0401204012
B1757103837932N11202522WA0401504015
B1757113837928N11202521WA0401604016
B1757123837923N11202519WA0401804018
B1757133837917N11202516WA0402004020
B1757143837913N11202511WA0402204022
B1757153837909N11202505WA0402504025
B1757163837906N11202498WA0402804028
B1757173837903N11202491WA0403004030
B1757183837900N11202482WA0403104031
B1757193837898N11202472WA0403204032
B1757203837897N11202461WA0403304033
B1757213837896N11202449WA0403404034
B1757223837896N11202438WA0403604036
B1757233837896N11202426WA0403904039
B1757243837896N11202415WA0404204042
B1757253837896N11202404WA0404504045
B1757263837898N11202393WA0404704047
B1757273837901N11202382WA0405004050
B1757283837905N11202372WA0405204052
B1757293837911N11202362WA0405404054
B1757303837918N11202354WA0405704057
B1757313837925N11202349WA0406304063
B1757323837931N11202347WA0406904069
B1757333837936N11202346WA0407404074
B1757343837942N11202347WA0407804078
B1757353837948N11202350WA0408004080
B1757363837955N11202353WA0408104081
B1757373837962N11202357WA0408204082
B1757383837969N11202361WA0408504085
B1757393837975N11202365WA0409004090
B1757403837980N11202370WA0409404094
B1757413837984N11202376WA0409704097
B1757423837986N11202383WA0409904099
B1757433837988N11202390WA0410104101
B1757443837989N11202396WA0410404104
B1757453837989N11202402WA0410804108
B1757463837988N11202408WA0411104111
B1757473837986N11202412WA0411504115
B1757483837984N11202415WA0411904119
B1757493837981N11202416WA0412204122
B1757503837978N11202417WA0412404124
B1757513837974N11202417WA0412504125
B1757523837970N11202416WA0412704127
B1757533837965N11202414WA0412804128
B1757543837961N11202412WA0413004130
B1757553837956N11202409WA0413404134
B1757563837952N11202406WA0413804138
B1757573837949N11202401WA0414204142
B1757583837946N11202395WA0414604146
B1757593837944N11202387WA0414804148
B1758003837942N11202376WA0414904149
B1758013837941N11202364WA0415104151
B1758023837942N11202352WA0415404154
B1758033837943N11202341WA0415904159
B1758043837946N11202331WA0416304163
B1758053837950N11202321WA0416604166
B1758063837954N11202311WA0416704167
B1758073837959N11202301WA0416804168
B1758083837965N11202292WA0417004170
B1758093837971N11202282WA0417104171
B1758103837979N11202273WA0417404174
B1758113837986N11202265WA0417704177
B1758123837993N11202259WA0418104181
B1758133838000N11202253WA0418404184
B1758143838008N11202248WA0418704187
B1758153838016N11202244WA0418904189
B1758163838024N11202240WA0419004190
B1758173838033N11202237WA0419204192
B1758183838042N11202235WA0419404194
B1758193838051N11202233WA0419604196
B1758203838059N11202233WA0419904199
B1758213838066N11202234WA0420304203
B1758223838073N11202237WA0420604206
B1758233838079N11202242WA0420904209
B1758243838083N11202248WA0421104211
B1758253838086N11202255WA0421404214
B1758263838088N11202262WA0421704217
B1758273838089N11202269WA0422104221
B1758283838090N11202276WA0422604226
B1758293838089N11202281WA0423004230
B1758303838089N11202286WA0423504235
B1758313838088N11202290WA0424004240
B1758323838088N11202294WA0424404244
B1758333838086N11202297WA0424804248
B1758343838085N11202300WA0425004250
B1758353838082N11202303WA0425104251
B1758363838079N11202304WA0425204252
B1758373838074N11202304WA0425304253
B1758383838069N11202302WA0425404254
B1758393838064N11202299WA0425604256
B1758403838060N11202295WA0425804258
B1758413838056N11202291WA0426104261
B1758423838052N11202287WA0426404264
B1758433838049N11202282WA0426704267
B1758443838047N11202275WA0426904269
B1758453838044N11202267WA0427004270
B1758463838042N11202257WA0427104271
B1758473838041N11202246WA0427204272
B1758483838040N11202236WA0427704277
B1758493838040N11202226WA0428104281
B1758503838040N11202217WA0428604286
B1758513838040N11202208WA0429004290
B1758523838040N11202199WA0429304293
B1758533838042N11202189WA0429504295
B1758543838044N11202178WA0429604296
B1758553838047N11202167WA0429604296
B1758563838051N11202156WA0429804298
B1758573838054N11202146WA0430004300
B1758583838058N11202135WA0430304303
B1758593838060N11202125WA0430504305
B1759003838063N11202115WA0430704307
B1759013838066N11202105WA0430804308
B1759023838069N11202095WA0431004310
B1759033838074N11202085WA0431104311
B1759043838078N11202076WA0431104311
B1759053838083N11202066WA0431204312
B1759063838088N11202057WA0431304313
B1759073838093N11202048WA0431304313
B1759083838100N11202040WA0431404314
B1759093838108N11202033WA0431504315
B1759103838116N11202028WA0431604316
B1759113838125N11202025WA0431704317
B1759123838134N11202024WA0431804318
B1759133838143N11202024WA0431904319
B1759143838151N11202026WA0431904319
B1759153838160N11202029WA0432104321
B1759163838168N11202032WA0432404324
B1759173838175N11202035WA0432704327
B1759183838181N11202039WA0433204332
B1759193838186N11202042WA0433504335
B1759203838191N11202046WA0433804338
B1759213838195N11202051WA0434004340
B1759223838199N11202057WA0434304343
B1759233838203N11202063WA0434504345
B1759243838206N11202069WA0434904349
B1759253838210N11202074WA0435204352
B1759263838213N11202080WA0435504355
B1759273838216N11202087WA0435704357
B1759283838220N11202094WA0436004360
B1759293838223N11202101WA0436304363
B1759303838226N11202107WA0436704367
B1759313838230N11202113WA0437104371
B1759323838233N11202119WA0437604376
B1759333838236N11202125WA0437904379
B1759343838238N11202131WA0438204382
B1759353838239N11202138WA0438504385
B1759363838240N11202144WA0438704387
B1759373838241N11202151WA0439004390
B1759383838241N11202158WA0439204392
B1759393838241N11202164WA0439504395
B1759403838241N11202170WA0439704397
B1759413838240N11202176WA0439904399
B1759423838239N11202182WA0440004400
B1759433838236N11202187WA0440204402
B1759443838233N11202190WA0440304403
B1759453838229N11202192WA0440304403
B1759463838224N11202193WA0440404404
B1759473838220N11202192WA0440404404
B1759483838215N11202190WA0440404404
B1759493838209N11202188WA0440304403
B1759503838204N11202186WA0440304403
B1759513838199N11202184WA0440404404
B1759523838194N11202183WA0440504405
B1759533838190N11202181WA0440704407
B1759543838186N11202179WA0440704407
B1759553838182N11202176WA0440704407
B1759563838177N11202172WA0440504405
B1759573838172N11202167WA0440304403
B1759583838167N11202160WA0440204402
B1759593838164N11202152WA0440304403
B1800003838162N11202145WA0440404404
B1800013838161N11202137WA0440604406
B1800023838161N11202130WA0440704407
B1800033838162N11202121WA0440704407
B1800043838163N11202112WA0440704407
B1800053838163N11202103WA0440504405
B1800063838164N11202093WA0440404404
B1800073838166N11202082WA0440404404
B1800083838168N11202072WA0440504405
B1800093838170N11202062WA0440604406
B1800103838174N11202053WA0440804408
B1800113838177N11202045WA0441004410
B1800123838181N11202037WA0441204412
B1800133838185N11202029WA0441304413
B1800143838190N11202022WA0441504415
B1800153838195N11202016WA0441704417
B1800163838202N11202009WA0441904419
B1800173838209N11202003WA0442004420
B1800183838216N11201999WA0442204422
B1800193838223N11201996WA0442504425
B1800203838230N11201994WA0442804428
B1800213838235N11201992WA0443204432
B1800223838241N11201991WA0443504435
B1800233838247N11201990WA0443604436
B1800243838254N11201989WA0443604436
B1800253838262N11201988WA0443604436
B1800263838270N11201989WA0443604436
B1800273838277N11201991WA0443804438
B1800283838283N11201995WA0444104441
B1800293838288N11202000WA0444404444
B1800303838292N11202006WA0444604446
B1800313838294N11202013WA0444804448
B1800323838296N11202020WA0444904449
B1800333838296N11202027WA0444904449
B1800343838296N11202035WA0445004450
B1800353838297N11202041WA0445104451
B1800363838298N11202047WA0445304453
B1800373838300N11202053WA0445304453
B1800383838303N11202059WA0445304453
B1800393838306N11202065WA0445104451
B1800403838307N11202072WA0444804448
B1800413838308N11202079WA0444504445
B1800423838309N11202086WA0444404444
B1800433838309N11202093WA0444304443
B1800443838310N11202099WA0444204442
B1800453838311N11202106WA0444204442
B1800463838312N11202113WA0444004440
B1800473838312N11202120WA0443804438
B1800483838312N11202127WA0443604436
B1800493838312N11202135WA0443404434
B1800503838312N11202142WA0443304433
B1800513838311N11202148WA0443204432
B1800523838311N11202155WA0443104431
B1800533838310N11202162WA0442904429
B1800543838309N11202169WA0442604426
B1800553838307N11202177WA0442404424
B1800563838306N11202185WA0442204422
B1800573838305N11202192WA0442204422
B1800583838303N11202199WA0442204422
B1800593838302N11202205WA0442304423
B1801003838301N11202211WA0442404424
B1801013838301N11202216WA0442304423
B1801023838300N11202221WA0442204422
B1801033838300N11202228WA0441904419
B1801043838299N11202235WA0441604416
B1801053838299N11202242WA0441404414
B1801063838299N11202249WA0441204412
B1801073838299N11202256WA0441104411
B1801083838300N11202262WA0441004410
B1801093838302N11202268WA0440904409
B1801103838303N11202274WA0440804408
B1801113838303N11202282WA0440604406
B1801123838303N11202289WA0440304403
B1801133838303N11202297WA0440104401
B1801143838303N11202304WA0440004400
B1801153838305N11202310WA0440004400
B1801163838306N11202317WA0440004400
B1801173838308N11202323WA0439904399
B1801183838309N11202329WA0439704397
B1801193838311N11202336WA0439504395
B1801203838312N11202343WA0439304393
B1801213838313N11202350WA0439104391
B1801223838313N11202356WA0439004390
B1801233838313N11202362WA0438904389
B1801243838313N11202368WA0438804388
B1801253838313N11202374WA0438704387
B1801263838312N11202380WA0438504385
B1801273838311N11202386WA0438304383
B1801283838311N11202393WA0438204382
B1801293838310N11202399WA0438104381
B1801303838310N11202404WA0438004380
B1801313838309N11202410WA0437904379
B1801323838308N11202415WA0437804378
B1801333838307N11202420WA0437704377
B1801343838305N11202425WA0437504375
B1801353838303N11202430WA0437304373
B1801363838300N11202435WA0437204372
B1801373838298N11202439WA0437104371
B1801383838296N11202444WA0437004370
B1801393838293N11202448WA0436804368
B1801403838291N11202453WA0436604366
B1801413838289N11202458WA0436504365
B1801423838288N11202463WA0436304363
B1801433838286N11202467WA0436304363
B1801443838284N11202471WA0436204362
B1801453838282N11202476WA0436004360
B1801463838280N11202480WA0435904359
B1801473838279N11202486WA0435804358
B1801483838278N11202492WA0435604356
B1801493838277N11202498WA0435504355
B1801503838277N11202505WA0435404354
B1801513838277N11202511WA0435404354
B1801523838277N11202517WA0435404354
B1801533838278N11202523WA0435204352
B1801543838278N11202529WA0435104351
B1801553838278N11202535WA0434804348
B1801563838277N11202542WA0434604346
B1801573838277N11202549WA0434404344
B1801583838276N11202555WA0434304343
B1801593838276N11202560WA0434404344
B1802003838276N11202565WA0434404344
B1802013838276N11202569WA0434404344
B1802023838276N11202574WA0434204342
B1802033838275N11202581WA0433804338
B1802043838275N11202588WA0433504335
B1802053838274N11202595WA0433204332
B1802063838274N11202603WA0433004330
B1802073838275N11202610WA0432804328
B1802083838276N11202616WA0432804328
B1802093838278N11202623WA0432604326
B1802103838279N11202630WA0432404324
B1802113838279N11202637WA0432304323
B1802123838280N11202644WA0432304323
B1802133838280N11202651WA0432304323
B1802143838280N11202657WA0432204322
B1802153838280N11202664WA0432204322
B1802163838280N11202671WA0432004320
B1802173838279N11202678WA0431904319
B1802183838278N11202685WA0431704317
B1802193838277N11202691WA0431604316
B1802203838277N11202698WA0431404314
B1802213838277N11202705WA0431204312
B1802223838279N11202712WA0430904309
B1802233838281N11202719WA0430804308
B1802243838282N11202726WA0430704307
B1802253838284N11202733WA0430704307
B1802263838285N11202740WA0430504305
B1802273838287N11202746WA0430404304
B1802283838289N11202752WA0430304303
B1802293838291N11202759WA0430104301
B1802303838293N11202765WA0429904299
B1802313838295N11202772WA0429704297
B1802323838297N11202779WA0429504295
B1802333838299N11202785WA0429404294
B1802343838300N11202791WA0429304293
B1802353838300N11202796WA0429204292
B1802363838299N11202802WA0429004290
B1802373838299N11202809WA0428704287
B1802383838300N11202816WA0428504285
B1802393838301N11202822WA0428304283
B1802403838301N11202829WA0428204282
B1802413838302N11202835WA0428204282
B1802423838302N11202841WA0428104281
B1802433838303N11202847WA0428004280
B1802443838303N11202853WA0427904279
B1802453838303N11202859WA0427704277
B1802463838303N11202865WA0427604276
B1802473838302N11202871WA0427404274
B1802483838302N11202877WA0427204272
B1802493838301N11202883WA0427104271
B1802503838301N11202888WA0427004270
B1802513838301N11202894WA0426904269
B1802523838301N11202900WA0426804268
B1802533838301N11202907WA0426604266
B1802543838302N11202914WA0426404264
B1802553838302N11202920WA0426304263
B1802563838303N11202927WA0426104261
B1802573838304N11202933WA0426004260
B1802583838305N11202939WA0425904259
B1802593838306N11202945WA0425804258
B1803003838307N11202952WA0425604256
B1803013838309N11202959WA0425404254
B1803023838310N11202966WA0425304253
B1803033838311N11202972WA0425204252
B1803043838313N11202978WA0425204252
B1803053838314N11202984WA0425104251
B1803063838315N11202990WA0424904249
B1803073838317N11202997WA0424804248
B1803083838318N11203003WA0424704247
B1803093838319N11203010WA0424504245
B1803103838320N11203016WA0424404244
B1803113838321N11203023WA0424204242
B1803123838321N11203029WA0424104241
B1803133838322N11203035WA0424004240
B1803143838322N11203041WA0423904239
B1803153838322N11203047WA0423804238
B1803163838322N11203053WA0423704237
B1803173838321N11203059WA0423504235
B1803183838321N11203065WA0423404234
B1803193838320N11203070WA0423204232
B1803203838319N11203076WA0423104231
B1803213838319N11203082WA0423004230
B1803223838318N11203088WA0422804228
B1803233838317N11203093WA0422704227
B1803243838317N11203099WA0422604226
B1803253838316N11203105WA0422404224
B1803263838315N11203111WA0422304223
B1803273838315N11203117WA0422204222
B1803283838314N11203122WA0422104221
B1803293838314N11203128WA0421904219
B1803303838313N11203134WA0421804218
B1803313838313N11203140WA0421704217
B1803323838313N11203146WA0421504215
B1803333838312N11203152WA0421404214
B1803343838312N11203157WA0421304213
B1803353838312N11203163WA0421104211
B1803363838312N11203169WA0421004210
B1803373838311N11203175WA0420904209
B1803383838311N11203181WA0420704207
B1803393838310N11203187WA0420604206
B1803403838310N11203193WA0420504205
B1803413838309N11203198WA0420304203
B1803423838309N11203204WA0420204202
B1803433838310N11203211WA0420004200
B1803443838311N11203217WA0419904199
B1803453838311N11203223WA0419704197
B1803463838312N11203230WA0419604196
B1803473838313N11203236WA0419504195
B1803483838313N11203242WA0419304193
B1803493838314N11203248WA0419204192
B1803503838315N11203254WA0419104191
B1803513838316N11203260WA0419004190
B1803523838316N11203266WA0418804188
B1803533838316N11203272WA0418604186
B1803543838317N11203278WA0418504185
B1803553838318N11203285WA0418304183
B1803563838319N11203291WA0418204182
B1803573838321N11203297WA0418104181
B1803583838323N11203303WA0417904179
B1803593838324N11203309WA0417804178
B1804003838324N11203315WA0417604176
B1804013838324N11203321WA0417504175
B1804023838324N11203326WA0417404174
B1804033838324N11203332WA0417204172
B1804043838323N11203337WA0417104171
B1804053838323N11203343WA0417004170
B1804063838323N11203349WA0416904169
B1804073838323N11203355WA0416704167
B1804083838323N11203361WA0416504165
B1804093838322N11203366WA0416404164
B1804103838322N11203372WA0416304163
B1804113838321N11203378WA0416204162
B1804123838321N11203384WA0416104161
B1804133838321N11203390WA0415904159
B1804143838321N11203396WA0415804158
B1804153838323N11203402WA0415704157
B1804163838326N11203408WA0415504155
B1804173838331N11203413WA0415304153
B1804183838338N11203416WA0415104151
B1804193838346N11203416WA0414904149
B1804203838356N11203413WA0414604146
B1804213838364N11203406WA0414304143
B1804223838370N11203395WA0414104141
B1804233838374N11203384WA0414004140
B1804243838374N11203372WA0413804138
B1804253838372N11203361WA0413704137
B1804263838369N11203352WA0413504135
B1804273838365N11203344WA0413504135
B1804283838361N11203337WA0413604136
B1804293838357N11203330WA0413504135
B1804303838353N11203323WA0413404134
B1804313838349N11203316WA0413204132
B1804323838344N11203310WA0413004130
B1804333838339N11203304WA0412804128
B1804343838333N11203298WA0412604126
B1804353838328N11203293WA0412504125
B1804363838323N11203289WA0412504125
B1804373838318N11203285WA0412404124
B1804383838313N11203281WA0412204122
B1804393838308N11203277WA0412004120
B1804403838303N11203272WA0411804118
B1804413838297N11203268WA0411704117
B1804423838292N11203264WA0411504115
B1804433838287N11203261WA0411404114
B1804443838281N11203257WA0411304113
B1804453838276N11203253WA0411204112
B1804463838271N11203250WA0411004110
B1804473838266N11203246WA0410804108
B1804483838261N11203243WA0410704107
B1804493838255N11203240WA0410504105
B1804503838250N11203237WA0410304103
B1804513838245N11203234WA0410204102
B1804523838239N11203231WA0410104101
B1804533838234N11203228WA0410004100
B1804543838229N11203225WA0409804098
B1804553838223N11203223WA0409604096
B1804563838218N11203221WA0409404094
B1804573838212N11203219WA0409204092
B1804583838207N11203218WA0409104091
B1804593838202N11203216WA0409004090
B1805003838197N11203215WA0408804088
B1805013838192N11203214WA0408704087
B1805023838187N11203212WA0408504085
B1805033838182N11203211WA0408304083
B1805043838176N11203209WA0408104081
B1805053838171N11203208WA0407904079
B1805063838166N11203207WA0407704077
B1805073838161N11203206WA0407604076
B1805083838156N11203205WA0407504075
B1805093838151N11203204WA0407304073
B1805103838146N11203204WA0407104071
B1805113838141N11203203WA0406904069
B1805123838136N11203202WA0406704067
B1805133838131N11203201WA0406504065
B1805143838126N11203200WA0406304063
B1805153838121N11203198WA0406104061
B1805163838116N11203196WA0406004060
B1805173838111N11203194WA0405804058
B1805183838106N11203192WA0405504055
B1805193838101N11203190WA0405304053
B1805203838095N11203188WA0405104051
B1805213838090N11203186WA0404904049
B1805223838085N11203185WA0404804048
B1805233838080N11203183WA0404604046
B1805243838075N11203182WA0404504045
B1805253838070N11203180WA0404304043
B1805263838065N11203178WA0404104041
B1805273838059N11203176WA0403904039
B1805283838054N11203174WA0403704037
B1805293838049N11203172WA0403604036
B1805303838044N11203169WA0403404034
B1805313838039N11203166WA0403204032
B1805323838034N11203163WA0403004030
B1805333838029N11203159WA0402804028
B1805343838024N11203154WA0402604026
B1805353838019N11203149WA0402404024
B1805363838014N11203143WA0402204022
B1805373838010N11203138WA0402104021
B1805383838005N11203132WA0401904019
B1805393838001N11203126WA0401704017
B1805403837997N11203119WA0401504015
B1805413837993N11203112WA0401304013
B1805423837989N11203104WA0401104011
B1805433837986N11203096WA0400804008
B1805443837983N11203088WA0400704007
B1805453837979N11203080WA0400504005
B1805463837975N11203074WA0400304003
B1805473837971N11203068WA0400004000
B1805483837966N11203062WA0399803998
B1805493837962N11203055WA0399503995
B1805503837958N11203049WA0399303993
B1805513837953N11203043WA0399003990
B1805523837949N11203037WA0398803988
B1805533837944N11203032WA0398503985
B1805543837940N11203028WA0398303983
B1805553837935N11203023WA0398003980
B1805563837931N11203018WA0397703977
B1805573837927N11203013WA0397503975
B1805583837923N11203008WA0397203972
B1805593837919N11203002WA0396903969
B1806003837915N11202997WA0396703967
B1806013837911N11202991WA0396403964
B1806023837907N11202985WA0396103961
B1806033837903N11202979WA0395803958
B1806043837900N11202973WA0395503955
B1806053837896N11202967WA0395203952
B1806063837893N11202960WA0394903949
B1806073837889N11202954WA0394603946
B1806083837885N11202948WA0394303943
B1806093837880N11202943WA0393903939
B1806103837874N11202938WA0393403934
B1806113837869N11202933WA0393103931
B1806123837864N11202928WA0392903929
B1806133837861N11202922WA0392803928
B1806143837858N11202916WA0392603926
B1806153837855N11202909WA0392303923
B1806163837852N11202901WA0391803918
B1806173837849N11202892WA0391303913
B1806183837846N11202883WA0390903909
B1806193837843N11202874WA0390503905
B1806203837839N11202865WA0390203902
B1806213837836N11202857WA0389903899
B1806223837833N11202849WA0389803898
B1806233837830N11202841WA0389603896
B1806243837827N11202833WA0389303893
B1806253837825N11202824WA0388903889
B1806263837824N11202814WA0388503885
B1806273837822N11202804WA0388103881
B1806283837820N11202793WA0387603876
B1806293837818N11202782WA0387303873
B1806303837817N11202772WA0387103871
B1806313837816N11202762WA0386903869
B1806323837815N11202753WA0386703867
B1806333837814N11202744WA0386303863
B1806343837812N11202734WA0386003860
B1806353837811N11202723WA0385603856
B1806363837810N11202712WA0385303853
B1806373837809N11202702WA0385103851
B1806383837809N11202692WA0385003850
B1806393837808N11202682WA0384803848
B1806403837808N11202673WA0384703847
B1806413837808N11202663WA0384403844
B1806423837807N11202653WA0384103841
B1806433837807N11202642WA0383703837
B1806443837806N11202631WA0383403834
B1806453837805N11202621WA0383203832
B1806463837804N11202611WA0383003830
B1806473837803N11202600WA0382803828
B1806483837802N11202590WA0382503825
B1806493837800N11202580WA0382303823
B1806503837799N11202570WA0382003820
B1806513837797N11202561WA0381803818
B1806523837796N11202553WA0381703817
B1806533837794N11202545WA0381503815
B1806543837791N11202537WA0381203812
B1806553837789N11202528WA0380903809
B1806563837787N11202519WA0380603806
B1806573837785N11202510WA0380503805
B1806583837783N11202503WA0380303803
B1806593837780N11202495WA0380203802
B1807003837778N11202487WA0380003800
B1807013837777N11202479WA0379703797
B1807023837775N11202470WA0379403794
B1807033837773N11202461WA0379103791
B1807043837771N11202452WA0378903789
B1807053837769N11202443WA0378703787
B1807063837767N11202435WA0378603786
B1807073837764N11202427WA0378603786
B1807083837761N11202419WA0378503785
B1807093837758N11202411WA0378403784
B1807103837755N11202403WA0378303783
B1807113837752N11202395WA0378103781
B1807123837748N11202386WA0378003780
B1807133837745N11202378WA0378003780
B1807143837741N11202371WA0378003780
B1807153837738N11202364WA0378003780
B1807163837734N11202357WA0377903779
B1807173837730N11202350WA0377703777
B1807183837726N11202342WA0377503775
B1807193837722N11202333WA0377203772
B1807203837718N11202325WA0377003770
B1807213837713N11202317WA0377003770
B1807223837709N11202309WA0376903769
B1807233837706N11202301WA0376803768
B1807243837703N11202293WA0376603766
B1807253837699N11202285WA0376403764
B1807263837696N11202276WA0376103761
B1807273837692N11202267WA0375903759
B1807283837688N11202259WA0375703757
B1807293837685N11202251WA0375603756
B1807303837681N11202243WA0375603756
B1807313837678N11202236WA0375603756
B1807323837675N11202229WA0375503755
B1807333837672N11202221WA0375303753
B1807343837669N11202213WA0375003750
B1807353837666N11202203WA0374703747
B1807363837663N11202194WA0374503745
B1807373837660N11202186WA0374303743
B1807383837657N11202178WA0374203742
B1807393837654N11202170WA0374003740
B1807403837651N11202163WA0373803738
B1807413837647N11202155WA0373603736
B1807423837644N11202146WA0373303733
B1807433837640N11202138WA0373103731
B1807443837636N11202130WA0372903729
B1807453837632N11202123WA0372903729
B1807463837629N11202115WA0372803728
B1807473837625N11202108WA0372603726
B1807483837621N11202101WA0372403724
B1807493837618N11202093WA0372203722
B1807503837614N11202085WA0372003720
B1807513837610N11202078WA0371803718
B1807523837606N11202070WA0371603716
B1807533837602N11202062WA0371503715
B1807543837599N11202055WA0371303713
B1807553837594N11202048WA0371203712
B1807563837590N11202040WA0371003710
B1807573837585N11202032WA0370903709
B1807583837581N11202024WA0370903709
B1807593837577N11202017WA0370903709
B1808003837573N11202010WA0370903709
B1808013837569N11202003WA0370903709
B1808023837565N11201996WA0370703707
B1808033837561N11201988WA0370503705
B1808043837556N11201979WA0370303703
B1808053837552N11201971WA0370203702
B1808063837547N11201963WA0370203702
B1808073837543N11201956WA0370203702
B1808083837538N11201949WA0370203702
B1808093837534N11201943WA0370203702
B1808103837530N11201936WA0370103701
B1808113837525N11201930WA0370003700
B1808123837521N11201923WA0370003700
B1808133837517N11201917WA0369903699
B1808143837512N11201911WA0369903699
B1808153837508N11201906WA0369803698
B1808163837503N11201901WA0369703697
B1808173837499N11201894WA0369603696
B1808183837494N11201885WA0369503695
B1808193837490N11201876WA0369303693
B1808203837485N11201867WA0369303693
B1808213837481N11201859WA0369403694
B1808223837477N11201850WA0369503695
B1808233837474N11201843WA0369903699
B1808243837470N11201835WA0370103701
B1808253837466N11201828WA0370403704
B1808263837462N11201822WA0370503705
B1808273837458N11201816WA0370503705
B1808283837453N11201810WA0370403704
B1808293837447N11201804WA0370403704
B1808303837441N11201799WA0370403704
B1808313837435N11201795WA0370403704
B1808323837429N11201793WA0370603706
B1808333837423N11201790WA0370803708
B1808343837418N11201788WA0371003710
B1808353837412N11201786WA0371203712
B1808363837407N11201785WA0371203712
B1808373837401N11201784WA0371203712
B1808383837396N11201782WA0371303713
B1808393837391N11201781WA0371303713
B1808403837385N11201781WA0371303713
B1808413837379N11201780WA0371303713
B1808423837373N11201778WA0371103711
B1808433837366N11201776WA0371103711
B1808443837359N11201775WA0371203712
B1808453837353N11201775WA0371403714
B1808463837349N11201775WA0371803718
B1808473837347N11201775WA0372103721
B1808483837344N11201776WA0372103721
B1808493837339N11201777WA0371903719
B1808503837333N11201778WA0371503715
B1808513837326N11201779WA0371203712
B1808523837320N11201779WA0371103711
B1808533837313N11201778WA0371203712
B1808543837307N11201777WA0371303713
B1808553837302N11201776WA0371503715
B1808563837296N11201775WA0371603716
B1808573837289N11201774WA0371503715
B1808583837281N11201773WA0371403714
B1808593837273N11201771WA0371303713
B1809003837264N11201769WA0371303713
B1809013837257N11201767WA0371603716
B1809023837251N11201766WA0372103721
B1809033837247N11201765WA0372503725
B1809043837242N11201764WA0372703727
B1809053837236N11201764WA0372803728
B1809063837229N11201763WA0372703727
B1809073837222N11201763WA0372603726
B1809083837214N11201763WA0372603726
B1809093837206N11201762WA0372803728
B1809103837199N11201762WA0373103731
B1809113837193N11201761WA0373303733
B1809123837187N11201761WA0373403734
B1809133837180N11201761WA0373403734
B1809143837173N11201762WA0373203732
B1809153837165N11201763WA0373203732
B1809163837158N11201763WA0373203732
B1809173837152N11201763WA0373303733
B1809183837147N11201763WA0373503735
B1809193837141N11201763WA0373503735
B1809203837136N11201762WA0373403734
B1809213837129N11201762WA0373203732
B1809223837122N11201761WA0372903729
B1809233837115N11201760WA0372803728
B1809243837109N11201758WA0372703727
B1809253837103N11201757WA0372803728
B1809263837097N11201756WA0372703727
B1809273837092N11201754WA0372603726
B1809283837086N11201752WA0372503725
B1809293837080N11201750WA0372303723
B1809303837074N11201747WA0372003720
B1809313837067N11201743WA0371803718
B1809323837062N11201739WA0371703717
B1809333837056N11201735WA0371603716
B1809343837050N11201732WA0371403714
B1809353837045N11201728WA0371303713
B1809363837039N11201723WA0371003710
B1809373837033N11201719WA0370803708
B1809383837027N11201715WA0370503705
B1809393837021N11201710WA0370303703
B1809403837015N11201705WA0370103701
B1809413837010N11201701WA0370003700
B1809423837004N11201696WA0369803698
B1809433836999N11201691WA0369603696
B1809443836993N11201686WA0369403694
B1809453836987N11201680WA0369103691
B1809463836981N11201675WA0368803688
B1809473836975N11201670WA0368603686
B1809483836969N11201665WA0368403684
B1809493836963N11201660WA0368303683
B1809503836958N11201656WA0368203682
B1809513836952N11201651WA0368003680
B1809523836946N11201646WA0367703677
B1809533836939N11201641WA0367503675
B1809543836933N11201636WA0367203672
B1809553836927N11201631WA0367103671
B1809563836921N11201625WA0367003670
B1809573836915N11201620WA0366903669
B1809583836910N11201614WA0366903669
B1809593836905N11201609WA0366803668
B1810003836899N11201604WA0366703667
B1810013836893N11201600WA0366503665
B1810023836887N11201595WA0366303663
B1810033836880N11201591WA0366203662
B1810043836874N11201587WA0366103661
B1810053836869N11201583WA0366003660
B1810063836864N11201579WA0366003660
B1810073836858N11201575WA0365803658
B1810083836853N11201571WA0365503655
B1810093836846N11201566WA0365103651
B1810103836838N11201562WA0364703647
B1810113836831N11201557WA0364503645
B1810123836825N11201552WA0364403644
B1810133836819N11201547WA0364403644
B1810143836814N11201542WA0364403644
B1810153836809N11201537WA0364303643
B1810163836804N11201532WA0364103641
B1810173836798N11201526WA0363903639
B1810183836793N11201520WA0363603636
B1810193836788N11201514WA0363503635
B1810203836783N11201509WA0363503635
B1810213836779N11201504WA0363503635
B1810223836774N11201499WA0363303633
B1810233836768N11201495WA0363003630
B1810243836761N11201491WA0362703627
B1810253836753N11201488WA0362403624
B1810263836746N11201485WA0362203622
B1810273836740N11201483WA0362203622
B1810283836733N11201481WA0362103621
B1810293836727N11201480WA0362103621
B1810303836721N11201479WA0362003620
B1810313836714N11201479WA0361903619
B1810323836707N11201479WA0361803618
B1810333836700N11201479WA0361703617
B1810343836694N11201480WA0361703617
B1810353836688N11201481WA0361703617
B1810363836681N11201481WA0361703617
B1810373836675N11201482WA0361703617
B1810383836669N11201484WA0361703617
B1810393836664N11201487WA0361603616
B1810403836659N11201489WA0361603616
B1810413836654N11201491WA0361603616
B1810423836648N11201493WA0361403614
B1810433836643N11201494WA0361203612
B1810443836636N11201495WA0360903609
B1810453836630N11201497WA0360803608
B1810463836624N11201498WA0360803608
B1810473836619N11201500WA0360703607
B1810483836613N11201500WA0360703607
B1810493836607N11201501WA0360603606
B1810503836601N11201502WA0360503605
B1810513836594N11201503WA0360403604
B1810523836588N11201503WA0360303603
B1810533836582N11201504WA0360303603
B1810543836576N11201505WA0360203602
B1810553836570N11201506WA0360203602
B1810563836565N11201506WA0360103601
B1810573836558N11201505WA0360003600
B1810583836551N11201505WA0359803598
B1810593836544N11201505WA0359603596
B1811003836538N11201506WA0359503595
B1811013836532N11201508WA0359503595
B1811023836526N11201509WA0359503595
B1811033836521N11201510WA0359503595
B1811043836515N11201511WA0359403594
B1811053836509N11201513WA0359303593
B1811063836502N11201514WA0359203592
B1811073836495N11201515WA0359103591
B1811083836489N11201516WA0359203592
B1811093836483N11201517WA0359303593
B1811103836477N11201517WA0359403594
B1811113836472N11201518WA0359503595
B1811123836466N11201518WA0359403594
B1811133836460N11201519WA0359303593
B1811143836452N11201521WA0359003590
B1811153836445N11201522WA0358903589
B1811163836437N11201523WA0358903589
B1811173836431N11201523WA0358903589
B1811183836424N11201523WA0359103591
B1811193836418N11201524WA0359103591
B1811203836411N11201524WA0359003590
B1811213836404N11201524WA0358903589
B1811223836397N11201524WA0358803588
B1811233836390N11201523WA0358703587
B1811243836383N11201523WA0358803588
B1811253836376N11201523WA0358903589
B1811263836371N11201523WA0359003590
B1811273836365N11201523WA0359103591
B1811283836359N11201523WA0359003590
B1811293836354N11201525WA0358903589
B1811303836348N11201526WA0358803588
B1811313836342N11201528WA0358803588
B1811323836336N11201529WA0358703587
B1811333836331N11201531WA0358703587
B1811343836325N11201532WA0358803588
B1811353836319N11201533WA0358903589
B1811363836312N11201534WA0359003590
B1811373836307N11201535WA0359203592
B1811383836302N11201535WA0359503595
B1811393836298N11201536WA0359703597
B1811403836293N11201537WA0359803598
B1811413836288N11201538WA0359803598
B1811423836283N11201540WA0359803598
B1811433836277N11201542WA0359803598
B1811443836272N11201544WA0359903599
B1811453836267N11201546WA0360003600
B1811463836261N11201548WA0360203602
B1811473836255N11201551WA0360403604
B1811483836250N11201555WA0360603606
B1811493836244N11201558WA0360903609
B1811503836239N11201560WA0361103611
B1811513836235N11201563WA0361503615
B1811523836231N11201567WA0361703617
B1811533836227N11201571WA0361903619
B1811543836224N11201576WA0362203622
B1811553836222N11201582WA0362403624
B1811563836219N11201589WA0362603626
B1811573836217N11201595WA0362903629
B1811583836216N11201600WA0363403634
B1811593836215N11201604WA0363903639
B1812003836214N11201608WA0364403644
B1812013836214N11201611WA0364803648
B1812023836213N11201616WA0365003650
B1812033836212N11201620WA0365203652
B1812043836210N11201624WA0365603656
B1812053836206N11201627WA0366003660
B1812063836201N11201628WA0366303663
B1812073836195N11201628WA0366603666
B1812083836189N11201626WA0367103671
B1812093836184N11201623WA0367703677
B1812103836179N11201618WA0368203682
B1812113836174N11201612WA0368603686
B1812123836171N11201603WA0368903689
B1812133836170N11201591WA0369103691
B1812143836172N11201578WA0369403694
B1812153836176N11201567WA0369803698
B1812163836182N11201558WA0370503705
B1812173836188N11201553WA0371103711
B1812183836193N11201550WA0371803718
B1812193836198N11201547WA0372303723
B1812203836203N11201545WA0372703727
B1812213836208N11201545WA0373103731
B1812223836213N11201546WA0373303733
B1812233836218N11201548WA0373603736
B1812243836223N11201551WA0373903739
B1812253836226N11201555WA0374203742
B1812263836228N11201559WA0374603746
B1812273836229N11201564WA0374903749
B1812283836229N11201569WA0375103751
B1812293836229N11201573WA0375403754
B1812303836228N11201578WA0375803758
B1812313836227N11201581WA0376103761
B1812323836226N11201583WA0376503765
B1812333836223N11201585WA0376703767
B1812343836218N11201587WA0376903769
B1812353836213N11201587WA0376903769
B1812363836206N11201587WA0377103771
B1812373836199N11201584WA0377403774
B1812383836193N11201579WA0377703777
B1812393836187N11201572WA0378003780
B1812403836182N11201565WA0378403784
B1812413836177N11201557WA0378803788
B1812423836173N11201549WA0379303793
B1812433836170N11201541WA0379803798
B1812443836168N11201531WA0380203802
B1812453836167N11201521WA0380503805
B1812463836167N11201510WA0380803808
B1812473836169N11201499WA0381103811
B1812483836173N11201488WA0381403814
B1812493836178N11201480WA0381803818
B1812503836184N11201473WA0382303823
B1812513836190N11201470WA0382803828
B1812523836195N11201468WA0383203832
B1812533836200N11201469WA0383503835
B1812543836204N11201472WA0383803838
B1812553836208N11201477WA0383903839
B1812563836210N11201482WA0384203842
B1812573836211N11201487WA0384503845
B1812583836210N11201491WA0384903849
B1812593836209N11201494WA0385303853
B1813003836206N11201497WA0385603856
B1813013836203N11201500WA0385903859
B1813023836198N11201503WA0386103861
B1813033836192N11201504WA0386403864
B1813043836186N11201503WA0386703867
B1813053836179N11201498WA0387003870
B1813063836174N11201492WA0387403874
B1813073836169N11201485WA0387903879
B1813083836165N11201478WA0388403884
B1813093836161N11201470WA0388903889
B1813103836158N11201461WA0389203892
B1813113836156N11201451WA0389403894
B1813123836154N11201439WA0389603896
B1813133836154N11201427WA0389903899
B1813143836156N11201416WA0390403904
B1813153836160N11201407WA0391003910
B1813163836165N11201400WA0391403914
B1813173836170N11201394WA0391803918
B1813183836176N11201389WA0392203922
B1813193836181N11201384WA0392503925
B1813203836187N11201381WA0392803928
B1813213836192N11201379WA0393003930
B1813223836198N11201378WA0393203932
B1813233836204N11201379WA0393403934
B1813243836209N11201380WA0393503935
B1813253836214N11201383WA0393703937
B1813263836218N11201386WA0393903939
B1813273836221N11201391WA0394103941
B1813283836223N11201396WA0394403944
B1813293836224N11201402WA0394703947
B1813303836224N11201407WA0395103951
B1813313836223N11201412WA0395603956
B1813323836222N11201417WA0396103961
B1813333836220N11201420WA0396703967
B1813343836218N11201424WA0397103971
B1813353836215N11201427WA0397403974
B1813363836210N11201430WA0397703977
B1813373836205N11201432WA0397903979
B1813383836198N11201432WA0398203982
B1813393836192N11201430WA0398603986
B1813403836186N11201425WA0399103991
B1813413836181N11201417WA0399503995
B1813423836177N11201408WA0399703997
B1813433836175N11201397WA0400004000
B1813443836173N11201385WA0400304003
B1813453836173N11201373WA0400504005
B1813463836175N11201361WA0400804008
B1813473836178N11201350WA0401104011
B1813483836182N11201340WA0401404014
B1813493836188N11201332WA0401804018
B1813503836193N11201325WA0402104021
B1813513836199N11201319WA0402404024
B1813523836205N11201313WA0402704027
B1813533836211N11201308WA0403204032
B1813543836217N11201305WA0403604036
B1813553836222N11201304WA0403904039
B1813563836228N11201305WA0404204042
B1813573836233N11201306WA0404304043
B1813583836239N11201310WA0404304043
B1813593836244N11201315WA0404504045
B1814003836249N11201320WA0404904049
B1814013836252N11201324WA0405404054
B1814023836255N11201327WA0406204062
B1814033836258N11201329WA0406804068
B1814043836260N11201332WA0407304073
B1814053836262N11201335WA0407604076
B1814063836263N11201340WA0407704077
B1814073836263N11201346WA0408004080
B1814083836262N11201351WA0408404084
B1814093836260N11201355WA0408804088
B1814103836258N11201358WA0409204092
B1814113836256N11201360WA0409604096
B1814123836252N11201363WA0409904099
B1814133836248N11201364WA0410204102
B1814143836243N11201364WA0410504105
B1814153836238N11201364WA0410804108
B1814163836232N11201361WA0411104111
B1814173836227N11201358WA0411404114
B1814183836222N11201353WA0411704117
B1814193836218N11201347WA0412004120
B1814203836214N11201340WA0412304123
B1814213836210N11201331WA0412504125
B1814223836207N11201321WA0412804128
B1814233836206N11201310WA0413104131
B1814243836205N11201299WA0413304133
B1814253836205N11201287WA0413604136
B1814263836206N11201276WA0413904139
B1814273836208N11201265WA0414304143
B1814283836211N11201255WA0414704147
B1814293836215N11201246WA0415104151
B1814303836220N11201238WA0415404154
B1814313836226N11201231WA0415604156
B1814323836234N11201226WA0415804158
B1814333836241N11201222WA0416004160
B1814343836248N11201220WA0416304163
B1814353836255N11201219WA0416604166
B1814363836261N11201219WA0416904169
B1814373836268N11201219WA0417204172
B1814383836274N11201222WA0417404174
B1814393836279N11201226WA0417604176
B1814403836282N11201231WA0417804178
B1814413836285N11201235WA0418304183
B1814423836287N11201239WA0418704187
B1814433836289N11201243WA0419104191
B1814443836290N11201247WA0419504195
B1814453836290N11201251WA0419704197
B1814463836289N11201256WA0420004200
B1814473836288N11201260WA0420204202
B1814483836285N11201263WA0420504205
B1814493836282N11201266WA0420804208
B1814503836279N11201267WA0421104211
B1814513836274N11201268WA0421404214
B1814523836270N11201269WA0421604216
B1814533836264N11201268WA0421904219
B1814543836259N11201267WA0422104221
B1814553836253N11201263WA0422404224
B1814563836248N11201259WA0422704227
B1814573836243N11201252WA0423004230
B1814583836238N11201245WA0423304233
B1814593836234N11201236WA0423504235
B1815003836230N11201227WA0423704237
B1815013836227N11201217WA0424004240
B1815023836225N11201206WA0424304243
B1815033836223N11201195WA0424604246
B1815043836222N11201183WA0424904249
B1815053836222N11201171WA0425304253
B1815063836223N11201160WA0425704257
B1815073836225N11201149WA0426204262
B1815083836228N11201139WA0426604266
B1815093836231N11201129WA0427004270
B1815103836236N11201120WA0427304273
B1815113836242N11201113WA0427504275
B1815123836249N11201107WA0427704277
B1815133836256N11201104WA0427804278
B1815143836264N11201102WA0428004280
B1815153836271N11201101WA0428204282
B1815163836277N11201102WA0428504285
B1815173836283N11201102WA0428804288
B1815183836289N11201103WA0429004290
B1815193836294N11201105WA0429204292
B1815203836300N11201108WA0429404294
B1815213836304N11201112WA0429604296
B1815223836309N11201116WA0429804298
B1815233836313N11201120WA0430204302
B1815243836316N11201124WA0430504305
B1815253836319N11201127WA0430904309
B1815263836322N11201130WA0431104311
B1815273836325N11201135WA0431204312
B1815283836329N11201139WA0431304313
B1815293836332N11201144WA0431504315
B1815303836335N11201148WA0431804318
B1815313836338N11201152WA0432104321
B1815323836340N11201156WA0432504325
B1815333836341N11201160WA0432804328
B1815343836343N11201164WA0432904329
B1815353836344N11201169WA0433004330
B1815363836344N11201175WA0433104331
B1815373836343N11201180WA0433304333
B1815383836341N11201184WA0433504335
B1815393836339N11201188WA0433704337
B1815403836335N11201190WA0433904339
B1815413836331N11201193WA0434004340
B1815423836327N11201196WA0434004340
B1815433836322N11201199WA0434104341
B1815443836317N11201202WA0434304343
B1815453836312N11201205WA0434504345
B1815463836307N11201207WA0434804348
B1815473836303N11201209WA0435004350
B1815483836298N11201211WA0435104351
B1815493836293N11201213WA0435304353
B1815503836288N11201215WA0435504355
B1815513836282N11201215WA0435704357
B1815523836276N11201214WA0435904359
B1815533836271N11201213WA0436104361
B1815543836265N11201212WA0436204362
B1815553836259N11201210WA0436404364
B1815563836252N11201208WA0436604366
B1815573836246N11201206WA0436804368
B1815583836240N11201202WA0437104371
B1815593836234N11201199WA0437404374
B1816003836229N11201195WA0437704377
B1816013836223N11201189WA0438004380
B1816023836218N11201183WA0438204382
B1816033836213N11201174WA0438504385
B1816043836209N11201164WA0438804388
B1816053836207N11201153WA0439204392
B1816063836206N11201143WA0439604396
B1816073836207N11201133WA0440104401
B1816083836208N11201123WA0440504405
B1816093836211N11201114WA0440904409
B1816103836216N11201106WA0441204412
B1816113836221N11201099WA0441404414
B1816123836228N11201093WA0441604416
B1816133836234N11201088WA0441904419
B1816143836240N11201085WA0442304423
B1816153836246N11201082WA0442704427
B1816163836252N11201080WA0442904429
B1816173836257N11201079WA0443104431
B1816183836262N11201081WA0443204432
B1816193836267N11201083WA0443304433
B1816203836271N11201087WA0443404434
B1816213836274N11201090WA0443604436
B1816223836276N11201095WA0443904439
B1816233836277N11201099WA0444104441
B1816243836278N11201103WA0444204442
B1816253836278N11201108WA0444304443
B1816263836277N11201113WA0444404444
B1816273836276N11201119WA0444504445
B1816283836274N11201125WA0444704447
B1816293836273N11201131WA0445104451
B1816303836272N11201135WA0445504455
B1816313836271N11201139WA0445804458
B1816323836269N11201142WA0446304463
B1816333836267N11201145WA0446604466
B1816343836265N11201147WA0446904469
B1816353836262N11201148WA0447104471
B1816363836258N11201149WA0447204472
B1816373836253N11201149WA0447404474
B1816383836247N11201148WA0447504475
B1816393836242N11201145WA0447704477
B1816403836237N11201142WA0447904479
B1816413836232N11201138WA0448104481
B1816423836228N11201133WA0448304483
B1816433836224N11201127WA0448404484
B1816443836220N11201119WA0448404484
B1816453836218N11201108WA0448304483
B1816463836216N11201097WA0448304483
B1816473836215N11201086WA0448304483
B1816483836214N11201074WA0448404484
B1816493836214N11201061WA0448704487
B1816503836215N11201048WA0449004490
B1816513836218N11201037WA0449504495
B1816523836222N11201027WA0450004500
B1816533836225N11201019WA0450504505
B1816543836229N11201012WA0450904509
B1816553836234N11201004WA0451104511
B1816563836239N11200996WA0451204512
B1816573836246N11200987WA0451204512
B1816583836253N11200980WA0451304513
B1816593836260N11200974WA0451604516
B1817003836266N11200970WA0452004520
B1817013836271N11200967WA0452204522
B1817023836277N11200964WA0452304523
B1817033836284N11200962WA0452404524
B1817043836291N11200960WA0452304523
B1817053836298N11200959WA0452404524
B1817063836305N11200959WA0452504525
B1817073836311N11200958WA0452804528
B1817083836317N11200957WA0453004530
B1817093836323N11200957WA0453204532
B1817103836329N11200958WA0453304533
B1817113836335N11200959WA0453404534
B1817123836341N11200961WA0453504535
B1817133836346N11200964WA0453504535
B1817143836351N11200967WA0453604536
B1817153836356N11200970WA0453804538
B1817163836360N11200972WA0454004540
B1817173836365N11200974WA0454104541
B1817183836370N11200977WA0454204542
B1817193836374N11200981WA0454204542
B1817203836378N11200986WA0454204542
B1817213836381N11200991WA0454304543
B1817223836383N11200995WA0454404544
B1817233836384N11201000WA0454604546
B1817243836383N11201004WA0454704547
B1817253836382N11201008WA0454804548
B1817263836380N11201012WA0454804548
B1817273836377N11201016WA0454704547
B1817283836373N11201019WA0454604546
B1817293836369N11201020WA0454604546
B1817303836365N11201021WA0454604546
B1817313836361N11201021WA0454704547
B1817323836356N11201020WA0454804548
B1817333836351N11201019WA0454804548
B1817343836346N11201017WA0454804548
B1817353836340N11201015WA0454804548
B1817363836335N11201012WA0454804548
B1817373836329N11201008WA0454904549
B1817383836324N11201004WA0454904549
B1817393836318N11200999WA0454904549
B1817403836312N11200994WA0455004550
B1817413836306N11200988WA0455004550
B1817423836300N11200982WA0454904549
B1817433836294N11200976WA0454904549
B1817443836289N11200970WA0455004550
B1817453836283N11200964WA0455104551
B1817463836278N11200959WA0455104551
B1817473836273N11200953WA0455004550
B1817483836269N11200947WA0455004550
B1817493836265N11200941WA0455004550
B1817503836260N11200936WA0454804548
B1817513836254N11200930WA0454704547
B1817523836248N11200923WA0454504545
B1817533836241N11200917WA0454404544
B1817543836235N11200910WA0454404544
B1817553836229N11200904WA0454604546
B1817563836224N11200898WA0454804548
B1817573836219N11200893WA0454904549
B1817583836214N11200887WA0454804548
B1817593836208N11200881WA0454704547
B1818003836201N11200875WA0454704547
B1818013836194N11200869WA0454704547
B1818023836188N11200864WA0454904549
B1818033836182N11200859WA0455304553
B1818043836177N11200855WA0455604556
B1818053836172N11200851WA0456004560
B1818063836168N11200847WA0456204562
B1818073836163N11200843WA0456304563
B1818083836159N11200837WA0456504565
B1818093836154N11200830WA0456704567
B1818103836151N11200823WA0457104571
B1818113836147N11200815WA0457304573
B1818123836143N11200807WA0457604576
B1818133836140N11200799WA0457704577
B1818143836136N11200791WA0457804578
B1818153836133N11200783WA0458004580
B1818163836129N11200774WA0458204582
B1818173836124N11200765WA0458404584
B1818183836120N11200756WA0458704587
B1818193836116N11200746WA0458804588
B1818203836112N11200735WA0458904589
B1818213836109N11200723WA0459204592
B1818223836108N11200711WA0459404594
B1818233836108N11200698WA0459804598
B1818243836109N11200685WA0460104601
B1818253836111N11200673WA0460504605
B1818263836113N11200661WA0460804608
B1818273836115N11200648WA0461104611
B1818283836118N11200636WA0461404614
B1818293836122N11200624WA0461704617
B1818303836126N11200613WA0462004620
B1818313836130N11200602WA0462404624
B1818323836135N11200592WA0462604626
B1818333836140N11200583WA0462904629
B1818343836146N11200575WA0463004630
B1818353836152N11200568WA0463104631
B1818363836159N11200561WA0463204632
B1818373836166N11200555WA0463304633
B1818383836174N11200550WA0463404634
B1818393836182N11200546WA0463504635
B1818403836189N11200542WA0463604636
B1818413836197N11200539WA0463804638
B1818423836203N11200538WA0464004640
B1818433836209N11200538WA0464204642
B1818443836214N11200538WA0464304643
B1818453836219N11200540WA0464304643
B1818463836224N11200542WA0464304643
B1818473836230N11200545WA0464204642
B1818483836235N11200548WA0464104641
B1818493836239N11200551WA0464104641
B1818503836243N11200554WA0464204642
B1818513836247N11200556WA0464404644
B1818523836251N11200558WA0464604646
B1818533836255N11200560WA0464704647
B1818543836259N11200563WA0464604646
B1818553836264N11200566WA0464504645
B1818563836268N11200571WA0464504645
B1818573836271N11200576WA0464604646
B1818583836273N11200581WA0464804648
B1818593836274N11200586WA0464904649
B1819003836274N11200591WA0465004650
B1819013836275N11200596WA0465104651
B1819023836274N11200601WA0465204652
B1819033836273N11200606WA0465304653
B1819043836271N11200611WA0465404654
B1819053836268N11200615WA0465504655
B1819063836265N11200619WA0465604656
B1819073836261N11200621WA0465704657
B1819083836257N11200623WA0465804658
B1819093836252N11200623WA0465804658
B1819103836248N11200622WA0465904659
B1819113836244N11200620WA0466004660
B1819123836240N11200618WA0466104661
B1819133836235N11200615WA0466104661
B1819143836231N11200612WA0466004660
B1819153836226N11200608WA0465904659
B1819163836221N11200602WA0465704657
B1819173836215N11200597WA0465504655
B1819183836210N11200592WA0465504655
B1819193836205N11200586WA0465504655
B1819203836201N11200581WA0465504655
B1819213836195N11200575WA0465404654
B1819223836190N11200569WA0465304653
B1819233836184N11200563WA0465204652
B1819243836178N11200557WA0465104651
B1819253836172N11200552WA0465104651
B1819263836167N11200547WA0465004650
B1819273836161N11200542WA0465004650
B1819283836156N11200537WA0464904649
B1819293836149N11200532WA0464804648
B1819303836143N11200527WA0464804648
B1819313836138N11200522WA0464904649
B1819323836132N11200517WA0465104651
B1819333836127N11200513WA0465304653
B1819343836121N11200508WA0465404654
B1819353836115N11200504WA0465504655
B1819363836109N11200500WA0465704657
B1819373836102N11200495WA0466104661
B1819383836096N11200490WA0466604666
B1819393836091N11200484WA0467304673
B1819403836086N11200480WA0467904679
B1819413836082N11200477WA0468504685
B1819423836077N11200473WA0468904689
B1819433836070N11200469WA0469104691
B1819443836063N11200464WA0469104691
B1819453836056N11200457WA0469304693
B1819463836051N11200449WA0469604696
B1819473836047N11200441WA0470104701
B1819483836043N11200432WA0470404704
B1819493836041N11200423WA0470704707
B1819503836038N11200413WA0470904709
B1819513836036N11200401WA0471004710
B1819523836034N11200387WA0471004710
B1819533836034N11200372WA0471204712
B1819543836035N11200359WA0471604716
B1819553836037N11200348WA0472004720
B1819563836039N11200338WA0472504725
B1819573836042N11200329WA0472804728
B1819583836045N11200320WA0473004730
B1819593836049N11200311WA0473004730
B1820003836055N11200302WA0472804728
B1820013836061N11200295WA0472804728
B1820023836068N11200289WA0473004730
B1820033836074N11200287WA0473204732
B1820043836079N11200286WA0473304733
B1820053836084N11200286WA0473404734
B1820063836089N11200287WA0473404734
B1820073836094N11200289WA0473304733
B1820083836098N11200293WA0473204732
B1820093836100N11200297WA0473204732
B1820103836102N11200302WA0473204732
B1820113836102N11200307WA0473304733
B1820123836101N11200312WA0473404734
B1820133836099N11200317WA0473404734
B1820143836096N11200321WA0473504735
B1820153836093N11200325WA0473704737
B1820163836089N11200329WA0473904739
B1820173836085N11200332WA0474104741
B1820183836082N11200335WA0474404744
B1820193836078N11200337WA0474604746
B1820203836074N11200339WA0474804748
B1820213836069N11200339WA0475104751
B1820223836065N11200340WA0475304753
B1820233836060N11200340WA0475404754
B1820243836053N11200339WA0475504755
B1820253836046N11200337WA0475504755
B1820263836039N11200334WA0475504755
B1820273836032N11200329WA0475604756
B1820283836025N11200324WA0475904759
B1820293836019N11200319WA0476204762
B1820303836014N11200312WA0476504765
B1820313836009N11200304WA0476904769
B1820323836006N11200295WA0477204772
B1820333836003N11200285WA0477504775
B1820343836001N11200274WA0477704777
B1820353835999N11200263WA0477904779
B1820363835999N11200251WA0478104781
B1820373836001N11200240WA0478204782
B1820383836005N11200229WA0478204782
B1820393836010N11200219WA0478204782
B1820403836017N11200211WA0478304783
B1820413836024N11200206WA0478504785
B1820423836030N11200203WA0478704787
B1820433836035N11200203WA0478904789
B1820443836040N11200204WA0479104791
B1820453836043N11200206WA0479204792
B1820463836046N11200209WA0479204792
B1820473836049N11200212WA0479304793
B1820483836051N11200216WA0479404794
B1820493836052N11200221WA0479504795
B1820503836052N11200225WA0479704797
B1820513836052N11200229WA0479904799
B1820523836050N11200232WA0480104801
B1820533836047N11200236WA0480204802
B1820543836043N11200239WA0480304803
B1820553836038N11200242WA0480404804
B1820563836033N11200243WA0480504805
B1820573836027N11200242WA0480704807
B1820583836021N11200241WA0481004810
B1820593836016N11200238WA0481404814
B1821003836010N11200235WA0481604816
B1821013836005N11200230WA0481904819
B1821023836000N11200225WA0482104821
B1821033835994N11200219WA0482204822
B1821043835988N11200213WA0482304823
B1821053835983N11200207WA0482504825
B1821063835977N11200203WA0482604826
B1821073835971N11200199WA0482604826
B1821083835965N11200197WA0482404824
B1821093835958N11200198WA0482104821
B1821103835951N11200201WA0481704817
B1821113835945N11200205WA0481304813
B1821123835941N11200210WA0481104811
B1821133835938N11200216WA0481004810
B1821143835938N11200221WA0480904809
B1821153835939N11200226WA0480804808
B1821163835941N11200231WA0480704807
B1821173835943N11200235WA0480604806
B1821183835946N11200238WA0480504805
B1821193835950N11200242WA0480204802
B1821203835955N11200246WA0480004800
B1821213835960N11200250WA0479804798
B1821223835965N11200253WA0479704797
B1821233835971N11200256WA0479604796
B1821243835976N11200258WA0479504795
B1821253835981N11200259WA0479504795
B1821263835987N11200261WA0479304793
B1821273835992N11200263WA0479204792
B1821283835998N11200265WA0479004790
B1821293836004N11200268WA0478804788
B1821303836009N11200270WA0478704787
B1821313836014N11200273WA0478604786
B1821323836019N11200275WA0478404784
B1821333836025N11200277WA0478304783
B1821343836030N11200280WA0478104781
B1821353836036N11200282WA0477904779
B1821363836042N11200284WA0477704777
B1821373836048N11200286WA0477604776
B1821383836054N11200288WA0477504775
B1821393836060N11200290WA0477404774
B1821403836066N11200292WA0477304773
B1821413836072N11200293WA0477204772
B1821423836078N11200295WA0477004770
B1821433836085N11200297WA0476904769
B1821443836091N11200298WA0476704767
B1821453836097N11200300WA0476704767
B1821463836103N11200302WA0476604766
B1821473836109N11200304WA0476604766
B1821483836115N11200306WA0476504765
B1821493836121N11200308WA0476404764
B1821503836128N11200310WA0476304763
B1821513836135N11200312WA0476204762
B1821523836141N11200313WA0476104761
B1821533836148N11200315WA0476104761
B1821543836154N11200316WA0476204762
B1821553836160N11200317WA0476204762
B1821563836167N11200319WA0476204762
B1821573836174N11200320WA0476104761
B1821583836181N11200321WA0476004760
B1821593836188N11200322WA0475904759
B1822003836196N11200323WA0475904759
B1822013836203N11200324WA0475904759
B1822023836210N11200326WA0475904759
B1822033836217N11200328WA0475904759
B1822043836223N11200330WA0475904759
B1822053836230N11200332WA0476004760
B1822063836236N11200335WA0475904759
B1822073836243N11200338WA0475904759
B1822083836249N11200341WA0475804758
B1822093836255N11200344WA0475604756
B1822103836262N11200347WA0475504755
B1822113836269N11200350WA0475404754
B1822123836275N11200352WA0475304753
B1822133836281N11200354WA0475204752
B1822143836288N11200356WA0475104751
B1822153836294N11200357WA0475004750
B1822163836301N11200359WA0474804748
B1822173836307N11200361WA0474704747
B1822183836314N11200364WA0474504745
B1822193836320N11200366WA0474304743
B1822203836326N11200368WA0474204742
B1822213836332N11200370WA0474204742
B1822223836338N11200372WA0474004740
B1822233836344N11200374WA0473904739
B1822243836350N11200376WA0473704737
B1822253836356N11200379WA0473604736
B1822263836362N11200381WA0473404734
B1822273836368N11200384WA0473304733
B1822283836373N11200386WA0473204732
B1822293836379N11200388WA0473004730
B1822303836385N11200391WA0472904729
B1822313836392N11200393WA0472804728
B1822323836398N11200395WA0472604726
B1822333836404N11200398WA0472504725
B1822343836409N11200400WA0472304723
B1822353836415N11200403WA0472204722
B1822363836421N11200405WA0472104721
B1822373836427N11200407WA0471904719
B1822383836433N11200410WA0471804718
B1822393836438N11200413WA0471604716
B1822403836444N11200416WA0471504715
B1822413836449N11200419WA0471404714
B1822423836455N11200422WA0471204712
B1822433836460N11200425WA0471104711
B1822443836466N11200428WA0470904709
B1822453836471N11200431WA0470704707
B1822463836477N11200434WA0470604706
B1822473836483N11200437WA0470504705
B1822483836489N11200439WA0470304703
B1822493836495N11200442WA0470204702
B1822503836501N11200444WA0470104701
B1822513836506N11200447WA0470004700
B1822523836512N11200450WA0469804698
B1822533836518N11200453WA0469604696
B1822543836524N11200456WA0469504695
B1822553836530N11200458WA0469304693
B1822563836536N11200461WA0469204692
B1822573836542N11200464WA0469104691
B1822583836548N11200466WA0468904689
B1822593836555N11200469WA0468804688
B1823003836560N11200472WA0468704687
B1823013836566N11200474WA0468504685
B1823023836572N11200477WA0468404684
B1823033836578N11200480WA0468204682
B1823043836585N11200482WA0468104681
B1823053836591N11200485WA0467904679
B1823063836598N11200487WA0467804678
B1823073836604N11200489WA0467704677
B1823083836611N11200491WA0467504675
B1823093836617N11200493WA0467404674
B1823103836624N11200495WA0467304673
B1823113836631N11200497WA0467104671
B1823123836638N11200498WA0466904669
B1823133836645N11200500WA0466704667
B1823143836652N11200502WA0466604666
B1823153836659N11200504WA0466504665
B1823163836666N11200506WA0466304663
B1823173836673N11200507WA0466204662
B1823183836680N11200509WA0466104661
B1823193836687N11200511WA0465904659
B1823203836695N11200512WA0465804658
B1823213836702N11200514WA0465604656
B1823223836709N11200516WA0465504655
B1823233836716N11200517WA0465404654
B1823243836723N11200519WA0465304653
B1823253836730N11200521WA0465204652
B1823263836737N11200522WA0465004650
B1823273836744N11200525WA0464904649
B1823283836751N11200527WA0464704647
B1823293836757N11200529WA0464604646
B1823303836764N11200531WA0464504645
B1823313836770N11200534WA0464404644
B1823323836777N11200536WA0464204642
B1823333836783N11200538WA0464104641
B1823343836790N11200541WA0463904639
B1823353836796N11200543WA0463804638
B1823363836802N11200546WA0463704637
B1823373836808N11200548WA0463604636
B1823383836814N11200552WA0463304633
B1823393836821N11200556WA0462904629
B1823403836828N11200561WA0462404624
B1823413836836N11200566WA0462004620
B1823423836844N11200570WA0461904619
B1823433836850N11200573WA0462104621
B1823443836855N11200574WA0462304623
B1823453836860N11200575WA0462304623
B1823463836866N11200577WA0462104621
B1823473836873N11200581WA0461704617
B1823483836881N11200585WA0461204612
B1823493836890N11200590WA0460704607
B1823503836899N11200595WA0460304603
B1823513836907N11200600WA0460204602
B1823523836916N11200605WA0460204602
B1823533836923N11200609WA0460204602
B1823543836931N11200613WA0460304603
B1823553836939N11200616WA0460204602
B1823563836947N11200620WA0460104601
B1823573836955N11200625WA0459904599
B1823583836962N11200629WA0459804598
B1823593836969N11200632WA0459904599
B1824003836975N11200635WA0460004600
B1824013836981N11200637WA0460004600
B1824023836987N11200639WA0459804598
B1824033836994N11200642WA0459604596
B1824043837000N11200645WA0459204592
B1824053837007N11200648WA0458904589
B1824063837013N11200651WA0458604586
B1824073837019N11200654WA0458404584
B1824083837025N11200656WA0458104581
B1824093837031N11200659WA0457904579
B1824103837038N11200661WA0457604576
B1824113837045N11200663WA0457204572
B1824123837053N11200665WA0457004570
B1824133837060N11200668WA0456704567
B1824143837067N11200670WA0456504565
B1824153837073N11200673WA0456404564
B1824163837079N11200675WA0456204562
B1824173837086N11200678WA0455904559
B1824183837093N11200680WA0455704557
B1824193837100N11200682WA0455404554
B1824203837107N11200685WA0455104551
B1824213837114N11200687WA0454904549
B1824223837120N11200690WA0454704547
B1824233837126N11200692WA0454504545
B1824243837133N11200695WA0454304543
B1824253837139N11200698WA0454004540
B1824263837145N11200701WA0453704537
B1824273837152N11200704WA0453404534
B1824283837158N11200707WA0453104531
B1824293837165N11200710WA0453004530
B1824303837171N11200713WA0452804528
B1824313837177N11200716WA0452604526
B1824323837184N11200718WA0452404524
B1824333837191N11200720WA0452104521
B1824343837199N11200722WA0451904519
B1824353837206N11200724WA0451704517
B1824363837213N11200726WA0451604516
B1824373837219N11200727WA0451504515
B1824383837225N11200729WA0451404514
B1824393837232N11200731WA0451304513
B1824403837238N11200732WA0451104511
B1824413837245N11200735WA0450804508
B1824423837252N11200737WA0450604506
B1824433837258N11200739WA0450404504
B1824443837265N11200742WA0450304503
B1824453837271N11200744WA0450204502
B1824463837278N11200746WA0450104501
B1824473837284N11200748WA0450004500
B1824483837290N11200750WA0449804498
B1824493837296N11200754WA0449604496
B1824503837302N11200757WA0449304493
B1824513837309N11200761WA0449104491
B1824523837315N11200764WA0449004490
B1824533837321N11200768WA0448904489
B1824543837327N11200771WA0448804488
B1824553837332N11200775WA0448704487
B1824563837338N11200779WA0448504485
B1824573837344N11200783WA0448304483
B1824583837351N11200786WA0448104481
B1824593837358N11200790WA0448004480
B1825003837364N11200792WA0447904479
B1825013837371N11200795WA0447804478
B1825023837377N11200798WA0447604476
B1825033837384N11200801WA0447504475
B1825043837390N11200803WA0447404474
B1825053837397N11200806WA0447204472
B1825063837405N11200807WA0447104471
B1825073837412N11200809WA0446904469
B1825083837419N11200811WA0446704467
B1825093837426N11200813WA0446604466
B1825103837434N11200815WA0446504465
B1825113837441N11200816WA0446404464
B1825123837449N11200816WA0446304463
B1825133837456N11200816WA0446304463
B1825143837463N11200816WA0446204462
B1825153837470N11200817WA0446004460
B1825163837477N11200818WA0445904459
B1825173837483N11200820WA0445904459
B1825183837489N11200823WA0445804458
B1825193837493N11200826WA0445704457
B1825203837497N11200830WA0445604456
B1825213837501N11200834WA0445404454
B1825223837505N11200838WA0445304453
B1825233837509N11200842WA0445104451
B1825243837513N11200846WA0445004450
B1825253837517N11200850WA0444904449
B1825263837520N11200855WA0444904449
B1825273837524N11200859WA0444804448
B1825283837528N11200863WA0444804448
B1825293837533N11200865WA0444804448
B1825303837539N11200867WA0444904449
B1825313837544N11200869WA0444904449
B1825323837549N11200870WA0444804448
B1825333837553N11200873WA0444704447
B1825343837557N11200875WA0444504445
B1825353837562N11200879WA0444304443
B1825363837567N11200884WA0444004440
B1825373837572N11200889WA0443704437
B1825383837577N11200895WA0443504435
B1825393837582N11200900WA0443404434
B1825403837586N11200905WA0443304433
B1825413837591N11200910WA0443304433
B1825423837595N11200914WA0443304433
B1825433837599N11200919WA0443204432
B1825443837603N11200925WA0443104431
B1825453837607N11200931WA0442804428
B1825463837612N11200937WA0442604426
B1825473837616N11200945WA0442504425
B1825483837620N11200952WA0442604426
B1825493837624N11200957WA0442804428
B1825503837628N11200962WA0443004430
B1825513837632N11200966WA0443204432
B1825523837636N11200971WA0443204432
B1825533837641N11200976WA0443204432
B1825543837646N11200981WA0443104431
B1825553837652N11200987WA0443204432
B1825563837658N11200993WA0443304433
B1825573837664N11200999WA0443404434
B1825583837670N11201004WA0443704437
B1825593837675N11201009WA0444004440
B1826003837679N11201013WA0444504445
B1826013837683N11201016WA0444904449
B1826023837687N11201018WA0445204452
B1826033837691N11201020WA0445304453
B1826043837696N11201022WA0445204452
B1826053837700N11201025WA0444904449
B1826063837705N11201029WA0444604446
B1826073837709N11201034WA0444304443
B1826083837713N11201038WA0444104441
B1826093837717N11201042WA0444004440
B1826103837721N11201046WA0443904439
B1826113837726N11201050WA0443804438
B1826123837730N11201054WA0443504435
B1826133837734N11201059WA0443304433
B1826143837739N11201064WA0443104431
B1826153837743N11201069WA0443004430
B1826163837747N11201074WA0443004430
B1826173837750N11201078WA0443004430
B1826183837754N11201083WA0443104431
B1826193837758N11201086WA0443204432
B1826203837762N11201089WA0443304433
B1826213837765N11201093WA0443404434
B1826223837769N11201097WA0443304433
B1826233837773N11201103WA0443204432
B1826243837777N11201108WA0443204432
B1826253837781N11201113WA0443204432
B1826263837784N11201118WA0443304433
B1826273837788N11201123WA0443404434
B1826283837791N11201127WA0443604436
B1826293837795N11201131WA0443604436
B1826303837799N11201135WA0443604436
B1826313837803N11201140WA0443604436
B1826323837807N11201145WA0443604436
B1826333837811N11201150WA0443804438
B1826343837815N11201154WA0443904439
B1826353837819N11201158WA0444204442
B1826363837823N11201161WA0444404444
B1826373837827N11201165WA0444604446
B1826383837830N11201169WA0444804448
B1826393837834N11201174WA0444804448
B1826403837838N11201179WA0444804448
B1826413837841N11201184WA0444904449
B1826423837845N11201189WA0445104451
B1826433837847N11201192WA0445304453
B1826443837849N11201196WA0445604456
B1826453837850N11201199WA0445804458
B1826463837852N11201202WA0446004460
B1826473837853N11201206WA0446104461
B1826483837853N11201210WA0446204462
B1826493837853N11201214WA0446204462
B1826503837852N11201219WA0446304463
B1826513837851N11201223WA0446304463
B1826523837850N11201228WA0446304463
B1826533837848N11201233WA0446404464
B1826543837845N11201237WA0446404464
B1826553837841N11201242WA0446304463
B1826563837835N11201246WA0446304463
B1826573837829N11201250WA0446204462
B1826583837822N11201253WA0446304463
B1826593837815N11201255WA0446504465
B1827003837809N11201257WA0446604466
B1827013837804N11201260WA0446804468
B1827023837799N11201262WA0447004470
B1827033837796N11201263WA0447204472
B1827043837793N11201264WA0447304473
B1827053837789N11201266WA0447204472
B1827063837784N11201267WA0447004470
B1827073837779N11201267WA0446804468
B1827083837773N11201266WA0446604466
B1827093837766N11201264WA0446604466
B1827103837760N11201260WA0446604466
B1827113837754N11201256WA0446704467
B1827123837750N11201251WA0446804468
B1827133837745N11201245WA0447004470
B1827143837742N11201239WA0447104471
B1827153837739N11201231WA0447104471
B1827163837736N11201224WA0447104471
B1827173837732N11201215WA0446904469
B1827183837728N11201205WA0446804468
B1827193837725N11201195WA0446704467
B1827203837722N11201185WA0446804468
B1827213837720N11201176WA0446804468
B1827223837718N11201166WA0446704467
B1827233837718N11201155WA0446604466
B1827243837718N11201144WA0446304463
B1827253837720N11201132WA0445904459
B1827263837723N11201120WA0445604456
B1827273837728N11201109WA0445304453
B1827283837735N11201101WA0445204452
B1827293837742N11201095WA0445204452
B1827303837749N11201090WA0445304453
B1827313837755N11201086WA0445404454
B1827323837760N11201083WA0445404454
B1827333837766N11201082WA0445304453
B1827343837773N11201081WA0445004450
B1827353837780N11201081WA0444604446
B1827363837788N11201082WA0444204442
B1827373837796N11201083WA0443904439
B1827383837804N11201083WA0443704437
B1827393837811N11201083WA0443504435
B1827403837819N11201083WA0443304433
B1827413837827N11201084WA0443104431
B1827423837835N11201084WA0442804428
B1827433837844N11201084WA0442504425
B1827443837852N11201085WA0442404424
B1827453837858N11201086WA0442404424
B1827463837863N11201086WA0442604426
B1827473837867N11201085WA0442704427
B1827483837871N11201085WA0442604426
B1827493837876N11201085WA0442404424
B1827503837881N11201087WA0441904419
B1827513837886N11201091WA0441504415
B1827523837889N11201097WA0441204412
B1827533837892N11201102WA0441004410
B1827543837894N11201106WA0441004410
B1827553837896N11201110WA0441004410
B1827563837898N11201113WA0440904409
B1827573837900N11201117WA0440804408
B1827583837901N11201123WA0440504405
B1827593837902N11201129WA0440204402
B1828003837902N11201136WA0440004400
B1828013837901N11201142WA0439904399
B1828023837901N11201147WA0439904399
B1828033837901N11201153WA0439804398
B1828043837901N11201159WA0439704397
B1828053837900N11201164WA0439704397
B1828063837900N11201169WA0439604396
B1828073837899N11201175WA0439504395
B1828083837897N11201180WA0439404394
B1828093837895N11201185WA0439404394
B1828103837893N11201189WA0439604396
B1828113837892N11201193WA0439704397
B1828123837891N11201196WA0439804398
B1828133837889N11201200WA0439804398
B1828143837887N11201204WA0439604396
B1828153837885N11201209WA0439404394
B1828163837882N11201214WA0439204392
B1828173837879N11201219WA0439104391
B1828183837875N11201224WA0439204392
B1828193837873N11201227WA0439404394
B1828203837870N11201229WA0439604396
B1828213837868N11201231WA0439704397
B1828223837865N11201233WA0439504395
B1828233837862N11201236WA0439204392
B1828243837857N11201239WA0438804388
B1828253837851N11201242WA0438504385
B1828263837845N11201243WA0438404384
B1828273837840N11201243WA0438404384
B1828283837836N11201244WA0438404384
B1828293837832N11201245WA0438404384
B1828303837828N11201249WA0438204382
B1828313837825N11201254WA0437904379
B1828323837824N11201260WA0437504375
B1828333837825N11201267WA0437304373
B1828343837828N11201272WA0437104371
B1828353837833N11201275WA0437004370
B1828363837839N11201278WA0436904369
B1828373837845N11201279WA0436804368
B1828383837851N11201280WA0436604366
B1828393837858N11201280WA0436404364
B1828403837866N11201280WA0436104361
B1828413837874N11201279WA0436004360
B1828423837882N11201277WA0435804358
B1828433837889N11201275WA0435804358
B1828443837897N11201273WA0435704357
B1828453837904N11201272WA0435704357
B1828463837912N11201270WA0435604356
B1828473837920N11201268WA0435404354
B1828483837929N11201267WA0435304353
B1828493837938N11201264WA0435304353
B1828503837946N11201261WA0435504355
B1828513837954N11201259WA0435804358
B1828523837962N11201255WA0435904359
B1828533837969N11201252WA0436004360
B1828543837977N11201248WA0436004360
B1828553837985N11201244WA0436104361
B1828563837992N11201240WA0436204362
B1828573837999N11201235WA0436304363
B1828583838007N11201231WA0436304363
B1828593838014N11201226WA0436204362
B1829003838022N11201221WA0436104361
B1829013838030N11201216WA0435904359
B1829023838038N11201212WA0435704357
B1829033838047N11201207WA0435604356
B1829043838056N11201202WA0435504355
B1829053838065N11201197WA0435604356
B1829063838073N11201191WA0435704357
B1829073838081N11201185WA0435804358
B1829083838089N11201180WA0436004360
B1829093838097N11201174WA0435904359
B1829103838106N11201168WA0435704357
B1829113838115N11201162WA0435504355
B1829123838124N11201157WA0435204352
B1829133838134N11201152WA0435004350
B1829143838143N11201146WA0434904349
B1829153838152N11201141WA0434904349
B1829163838160N11201135WA0434904349
B1829173838168N11201129WA0434904349
B1829183838177N11201123WA0434604346
B1829193838186N11201117WA0434304343
B1829203838195N11201111WA0434004340
B1829213838205N11201105WA0433804338
B1829223838214N11201099WA0433704337
B1829233838222N11201093WA0433604336
B1829243838229N11201087WA0433504335
B1829253838237N11201081WA0433404334
B1829263838244N11201074WA0433204332
B1829273838252N11201068WA0432904329
B1829283838260N11201060WA0432504325
B1829293838269N11201052WA0432304323
B1829303838277N11201044WA0432104321
B1829313838285N11201035WA0431904319
B1829323838293N11201024WA0431804318
B1829333838300N11201013WA0431704317
B1829343838306N11201001WA0431604316
B1829353838311N11200989WA0431604316
B1829363838317N11200977WA0431604316
B1829373838321N11200965WA0431704317
B1829383838326N11200954WA0431804318
B1829393838330N11200943WA0431904319
B1829403838335N11200931WA0431804318
B1829413838340N11200919WA0431704317
B1829423838347N11200909WA0431604316
B1829433838356N11200899WA0431404314
B1829443838366N11200892WA0431204312
B1829453838375N11200887WA0431204312
B1829463838385N11200885WA0431204312
B1829473838394N11200884WA0431104311
B1829483838403N11200884WA0431004310
B1829493838411N11200885WA0431004310
B1829503838419N11200886WA0430904309
B1829513838427N11200887WA0430904309
B1829523838435N11200888WA0430904309
B1829533838443N11200889WA0431004310
B1829543838450N11200891WA0430904309
B1829553838458N11200893WA0430804308
B1829563838466N11200896WA0430704307
B1829573838474N11200899WA0430504305
B1829583838481N11200902WA0430504305
B1829593838487N11200905WA0430504305
B1830003838493N11200907WA0430504305
B1830013838499N11200909WA0430504305
B1830023838505N11200912WA0430304303
B1830033838510N11200915WA0430104301
B1830043838515N11200919WA0429704297
B1830053838520N11200923WA0429504295
B1830063838525N11200928WA0429304293
B1830073838530N11200931WA0429204292
B1830083838535N11200935WA0429004290
B1830093838539N11200938WA0428804288
B1830103838543N11200941WA0428504285
B1830113838546N11200945WA0428104281
B1830123838549N11200948WA0427704277
B1830133838552N11200951WA0427304273
B1830143838553N11200955WA0426804268
B1830153838554N11200960WA0426104261
B1830163838553N11200966WA0425404254
B1830173838550N11200971WA0424804248
B1830183838548N11200976WA0424204242
B1830193838544N11200980WA0423704237
B1830203838541N11200984WA0423304233
B1830213838538N11200987WA0423004230
B1830223838535N11200989WA0422804228
B1830233838532N11200991WA0422504225
B1830243838529N11200993WA0422004220
B1830253838526N11200996WA0421604216
B1830263838522N11200999WA0421104211
B1830273838518N11201001WA0420804208
B1830283838514N11201004WA0420504205
B1830293838510N11201007WA0420104201
B1830303838505N11201011WA0419704197
B1830313838500N11201014WA0419304193
B1830323838495N11201018WA0418904189
B1830333838490N11201022WA0418604186
B1830343838485N11201026WA0418304183
B1830353838481N11201030WA0418204182
B1830363838477N11201034WA0418004180
B1830373838474N11201037WA0417804178
B1830383838470N11201041WA0417504175
B1830393838465N11201044WA0417104171
B1830403838461N11201049WA0416604166
B1830413838457N11201053WA0416204162
B1830423838453N11201058WA0415904159
B1830433838450N11201063WA0415704157
B1830443838446N11201067WA0415404154
B1830453838443N11201071WA0415204152
B1830463838440N11201075WA0414904149
B1830473838437N11201079WA0414604146
B1830483838433N11201084WA0414304143
B1830493838430N11201088WA0414104141
B1830503838427N11201093WA0414004140
B1830513838424N11201098WA0414004140
B1830523838421N11201102WA0414104141
B1830533838418N11201106WA0414204142
B1830543838416N11201109WA0414304143
B1830553838414N11201112WA0414204142
B1830563838412N11201116WA0414104141
B1830573838409N11201120WA0413804138
B1830583838406N11201124WA0413504135
B1830593838402N11201128WA0413104131
B1831003838398N11201133WA0412804128
B1831013838393N11201138WA0412504125
B1831023838389N11201142WA0412404124
B1831033838385N11201146WA0412304123
B1831043838381N11201151WA0412104121
B1831053838377N11201156WA0411904119
B1831063838373N11201161WA0411604116
B1831073838369N11201166WA0411504115
B1831083838365N11201172WA0411304113
B1831093838361N11201177WA0411204112
B1831103838357N11201182WA0411004110
B1831113838353N11201188WA0410704107
B1831123838348N11201193WA0410404104
B1831133838344N11201199WA0410104101
B1831143838339N11201204WA0409804098
B1831153838334N11201210WA0409404094
B1831163838329N11201216WA0409204092
B1831173838323N11201222WA0409204092
B1831183838318N11201228WA0409404094
B1831193838313N11201234WA0409804098
B1831203838309N11201238WA0410204102
B1831213838306N11201242WA0410704107
B1831223838304N11201245WA0411204112
B1831233838301N11201248WA0411604116
B1831243838299N11201250WA0412004120
B1831253838296N11201253WA0412304123
B1831263838293N11201256WA0412404124
B1831273838290N11201259WA0412504125
B1831283838288N11201262WA0412604126
B1831293838285N11201266WA0412804128
B1831303838282N11201268WA0413004130
B1831313838280N11201270WA0413304133
B1831323838278N11201272WA0413504135
B1831333838276N11201275WA0413604136
B1831343838273N11201278WA0413604136
B1831353838271N11201283WA0413504135
B1831363838268N11201288WA0413504135
B1831373838266N11201293WA0413504135
B1831383838263N11201297WA0413704137
B1831393838261N11201300WA0414004140
B1831403838259N11201303WA0414404144
B1831413838256N11201304WA0414704147
B1831423838254N11201306WA0414904149
B1831433838251N11201309WA0414904149
B1831443838247N11201312WA0415004150
B1831453838243N11201315WA0415104151
B1831463838239N11201319WA0415504155
B1831473838236N11201322WA0415904159
B1831483838234N11201324WA0416504165
B1831493838233N11201327WA0417104171
B1831503838231N11201329WA0417704177
B1831513838230N11201332WA0418004180
B1831523838228N11201335WA0418204182
B1831533838227N11201339WA0418304183
B1831543838226N11201344WA0418504185
B1831553838224N11201349WA0418704187
B1831563838223N11201353WA0419004190
B1831573838221N11201357WA0419504195
B1831583838220N11201360WA0419904199
B1831593838218N11201363WA0420304203
B1832003838216N11201366WA0420504205
B1832013838213N11201370WA0420704207
B1832023838211N11201373WA0421004210
B1832033838208N11201375WA0421304213
B1832043838205N11201376WA0421904219
B1832053838203N11201377WA0422404224
B1832063838201N11201377WA0423004230
B1832073838200N11201378WA0423504235
B1832083838199N11201378WA0423904239
B1832093838197N11201380WA0424104241
B1832103838196N11201381WA0424304243
B1832113838194N11201384WA0424404244
B1832123838192N11201387WA0424604246
B1832133838191N11201389WA0424904249
B1832143838189N11201392WA0425204252
B1832153838188N11201394WA0425504255
B1832163838186N11201397WA0425804258
B1832173838185N11201400WA0426004260
B1832183838183N11201403WA0426204262
B1832193838181N11201406WA0426404264
B1832203838180N11201410WA0426504265
B1832213838178N11201415WA0426704267
B1832223838176N11201420WA0426904269
B1832233838174N11201425WA0427304273
B1832243838174N11201429WA0427704277
B1832253838174N11201433WA0428204282
B1832263838175N11201436WA0428404284
B1832273838175N11201439WA0428604286
B1832283838175N11201442WA0428604286
B1832293838173N11201446WA0428504285
B1832303838172N11201450WA0428504285
B1832313838170N11201453WA0428404284
B1832323838167N11201456WA0428504285
B1832333838164N11201457WA0428604286
B1832343838161N11201459WA0428704287
B1832353838159N11201460WA0429004290
B1832363838157N11201461WA0429404294
B1832373838157N11201460WA0429804298
B1832383838156N11201460WA0429904299
B1832393838154N11201459WA0429904299
B1832403838150N11201460WA0429904299
B1832413838146N11201461WA0429904299
B1832423838143N11201464WA0430204302
B1832433838141N11201467WA0430804308
B1832443838140N11201470WA0431304313
B1832453838141N11201473WA0432004320
B1832463838142N11201475WA0432504325
B1832473838142N11201478WA0432904329
B1832483838142N11201481WA0433104331
B1832493838141N11201485WA0433204332
B1832503838140N11201490WA0433204332
B1832513838139N11201494WA0433204332
B1832523838137N11201498WA0433304333
B1832533838134N11201501WA0433404334
B1832543838132N11201504WA0433304333
B1832553838129N11201507WA0433304333
B1832563838126N11201510WA0433304333
B1832573838122N11201514WA0433204332
B1832583838119N11201518WA0433304333
B1832593838117N11201523WA0433304333
B1833003838115N11201528WA0433404334
B1833013838113N11201533WA0433304333
B1833023838111N11201539WA0433004330
B1833033838109N11201546WA0433004330
B1833043838107N11201552WA0433004330
B1833053838105N11201558WA0433204332
B1833063838104N11201564WA0433404334
B1833073838104N11201569WA0433604336
B1833083838103N11201575WA0433804338
B1833093838102N11201581WA0433804338
B1833103838101N11201588WA0433704337
B1833113838099N11201594WA0433604336
B1833123838096N11201600WA0433604336
B1833133838093N11201606WA0433504335
B1833143838090N11201611WA0433604336
B1833153838087N11201615WA0433704337
B1833163838086N11201619WA0433804338
B1833173838084N11201624WA0433704337
B1833183838082N11201628WA0433704337
B1833193838079N11201632WA0433804338
B1833203838076N11201635WA0433804338
B1833213838073N11201638WA0433704337
B1833223838070N11201640WA0433504335
B1833233838067N11201643WA0433304333
B1833243838064N11201646WA0433104331
B1833253838060N11201649WA0432804328
B1833263838055N11201651WA0432504325
B1833273838050N11201654WA0432304323
B1833283838046N11201656WA0432204322
B1833293838042N11201657WA0432104321
B1833303838038N11201659WA0431904319
B1833313838034N11201660WA0431704317
B1833323838029N11201661WA0431404314
B1833333838024N11201660WA0431104311
B1833343838019N11201658WA0430904309
B1833353838014N11201652WA0430804308
B1833363838010N11201644WA0430504305
B1833373838007N11201634WA0430204302
B1833383838005N11201623WA0429904299
B1833393838004N11201612WA0429704297
B1833403838003N11201601WA0429404294
B1833413838003N11201590WA0429204292
B1833423838002N11201579WA0428904289
B1833433838003N11201567WA0428504285
B1833443838004N11201555WA0428204282
B1833453838006N11201543WA0428004280
B1833463838007N11201532WA0427904279
B1833473838008N11201522WA0427904279
B1833483838009N11201513WA0427804278
B1833493838010N11201503WA0427604276
B1833503838011N11201493WA0427204272
B1833513838012N11201482WA0426804268
B1833523838013N11201471WA0426404264
B1833533838014N11201458WA0426104261
B1833543838014N11201446WA0425904259
B1833553838013N11201435WA0425804258
B1833563838012N11201424WA0425804258
B1833573838010N11201412WA0425704257
B1833583838009N11201400WA0425704257
B1833593838007N11201388WA0425504255
B1834003838006N11201375WA0425504255
B1834013838005N11201362WA0425504255
B1834023838004N11201350WA0425604256
B1834033838004N11201338WA0425704257
B1834043838004N11201327WA0425904259
B1834053838005N11201316WA0426004260
B1834063838005N11201304WA0426004260
B1834073838005N11201292WA0426004260
B1834083838006N11201280WA0426104261
B1834093838007N11201267WA0426104261
B1834103838009N11201254WA0426304263
B1834113838011N11201243WA0426704267
B1834123838012N11201232WA0427004270
B1834133838014N11201222WA0427304273
B1834143838016N11201211WA0427504275
B1834153838018N11201200WA0427504275
B1834163838021N11201189WA0427604276
B1834173838027N11201177WA0427704277
B1834183838033N11201167WA0427704277
B1834193838041N11201158WA0427904279
B1834203838048N11201150WA0428204282
B1834213838056N11201144WA0428504285
B1834223838063N11201140WA0428904289
B1834233838070N11201137WA0429204292
B1834243838077N11201135WA0429304293
B1834253838085N11201135WA0429504295
B1834263838094N11201136WA0429804298
B1834273838101N11201138WA0430104301
B1834283838107N11201142WA0430604306
B1834293838112N11201146WA0430904309
B1834303838115N11201151WA0431304313
B1834313838118N11201156WA0431804318
B1834323838120N11201159WA0432304323
B1834333838121N11201162WA0432804328
B1834343838121N11201165WA0433204332
B1834353838121N11201167WA0433504335
B1834363838119N11201171WA0433604336
B1834373838117N11201174WA0433704337
B1834383838113N11201176WA0433704337
B1834393838108N11201178WA0433804338
B1834403838102N11201178WA0433904339
B1834413838097N11201176WA0434104341
B1834423838092N11201173WA0434204342
B1834433838088N11201168WA0434404344
B1834443838083N11201163WA0434504345
B1834453838079N11201156WA0434504345
B1834463838074N11201147WA0434504345
B1834473838070N11201137WA0434504345
B1834483838067N11201126WA0434504345
B1834493838065N11201115WA0434604346
B1834503838062N11201105WA0434804348
B1834513838060N11201095WA0435004350
B1834523838059N11201085WA0435204352
B1834533838059N11201074WA0435304353
B1834543838060N11201061WA0435204352
B1834553838062N11201046WA0435204352
B1834563838065N11201033WA0435404354
B1834573838069N11201021WA0435804358
B1834583838074N11201012WA0436304363
B1834593838080N11201005WA0436604366
B1835003838086N11200999WA0436704367
B1835013838093N11200993WA0436604366
B1835023838101N11200987WA0436404364
B1835033838111N11200981WA0436204362
B1835043838120N11200976WA0436104361
B1835053838130N11200973WA0436104361
B1835063838139N11200971WA0436304363
B1835073838149N11200969WA0436604366
B1835083838157N11200970WA0437004370
B1835093838166N11200972WA0437404374
B1835103838173N11200975WA0437804378
B1835113838180N11200979WA0438304383
B1835123838185N11200983WA0438704387
B1835133838190N11200988WA0439204392
B1835143838193N11200993WA0439604396
B1835153838196N11201000WA0440004400
B1835163838198N11201006WA0440204402
B1835173838199N11201013WA0440504405
B1835183838200N11201020WA0440804408
B1835193838201N11201025WA0441204412
B1835203838201N11201029WA0441504415
B1835213838201N11201034WA0441904419
B1835223838199N11201038WA0442104421
B1835233838197N11201043WA0442204422
B1835243838193N11201047WA0442404424
B1835253838188N11201049WA0442904429
B1835263838183N11201049WA0443304433
B1835273838178N11201046WA0443704437
B1835283838173N11201042WA0444004440
B1835293838168N11201036WA0444204442
B1835303838163N11201028WA0444304443
B1835313838159N11201019WA0444504445
B1835323838156N11201010WA0444804448
B1835333838153N11201000WA0445004450
B1835343838150N11200991WA0445304453
B1835353838148N11200981WA0445504455
B1835363838146N11200971WA0445604456
B1835373838144N11200961WA0445704457
B1835383838143N11200950WA0445804458
B1835393838143N11200938WA0445904459
B1835403838143N11200925WA0445904459
B1835413838145N11200913WA0446104461
B1835423838148N11200903WA0446404464
B1835433838151N11200894WA0446604466
B1835443838155N11200885WA0446704467
B1835453838160N11200877WA0446604466
B1835463838166N11200868WA0446404464
B1835473838174N11200860WA0446304463
B1835483838183N11200852WA0446204462
B1835493838191N11200845WA0446404464
B1835503838200N11200841WA0446704467
B1835513838207N11200837WA0447104471
B1835523838215N11200835WA0447404474
B1835533838222N11200834WA0447604476
B1835543838230N11200835WA0447604476
B1835553838238N11200837WA0447804478
B1835563838246N11200839WA0448104481
B1835573838252N11200843WA0448504485
B1835583838256N11200846WA0449004490
B1835593838260N11200851WA0449304493
B1836003838262N11200856WA0449504495
B1836013838264N11200862WA0449504495
B1836023838266N11200869WA0449504495
B1836033838266N11200876WA0449604496
B1836043838266N11200884WA0449704497
B1836053838265N11200890WA0450004500
B1836063838264N11200896WA0450204502
B1836073838263N11200902WA0450404504
B1836083838262N11200908WA0450604506
B1836093838262N11200915WA0450904509
B1836103838262N11200922WA0451304513
B1836113838262N11200927WA0451604516
B1836123838263N11200933WA0452004520
B1836133838263N11200939WA0452304523
B1836143838262N11200945WA0452504525
B1836153838262N11200950WA0452704527
B1836163838263N11200954WA0452904529
B1836173838263N11200958WA0453104531
B1836183838264N11200962WA0452904529
B1836193838264N11200968WA0452704527
B1836203838264N11200974WA0452404524
B1836213838264N11200981WA0452104521
B1836223838263N11200986WA0452004520
B1836233838261N11200992WA0452104521
B1836243838260N11200997WA0452104521
B1836253838258N11201002WA0452004520
B1836263838255N11201007WA0451704517
B1836273838253N11201013WA0451404514
B1836283838252N11201020WA0451104511
B1836293838250N11201028WA0450904509
B1836303838250N11201035WA0450704507
B1836313838249N11201040WA0450704507
B1836323838249N11201046WA0450504505
B1836333838248N11201051WA0450304503
B1836343838246N11201057WA0449804498
B1836353838244N11201063WA0449304493
B1836363838242N11201071WA0448604486
B1836373838239N11201079WA0448104481
B1836383838236N11201087WA0447604476
B1836393838233N11201095WA0447304473
B1836403838230N11201101WA0447304473
B1836413838228N11201107WA0447204472
B1836423838226N11201112WA0447104471
B1836433838224N11201118WA0446804468
B1836443838221N11201124WA0446504465
B1836453838218N11201130WA0446004460
B1836463838215N11201138WA0445604456
B1836473838213N11201146WA0445304453
B1836483838210N11201154WA0445204452
B1836493838207N11201162WA0445104451
B1836503838204N11201169WA0445304453
B1836513838202N11201176WA0445404454
B1836523838199N11201181WA0445604456
B1836533838196N11201187WA0445704457
B1836543838194N11201192WA0445604456
B1836553838192N11201198WA0445504455
B1836563838191N11201205WA0445304453
B1836573838188N11201212WA0445104451
B1836583838186N11201219WA0444904449
B1836593838183N11201225WA0444704447
B1837003838180N11201232WA0444504445
B1837013838177N11201238WA0444304443
B1837023838174N11201244WA0444104441
B1837033838171N11201251WA0443804438
B1837043838169N11201258WA0443604436
B1837053838166N11201265WA0443404434
B1837063838164N11201272WA0443204432
B1837073838162N11201279WA0443004430
B1837083838159N11201286WA0442904429
B1837093838157N11201293WA0442804428
B1837103838155N11201300WA0442604426
B1837113838153N11201307WA0442504425
B1837123838151N11201314WA0442204422
B1837133838148N11201321WA0442004420
B1837143838146N11201328WA0441804418
B1837153838144N11201335WA0441704417
B1837163838142N11201342WA0441604416
B1837173838140N11201349WA0441504415
B1837183838138N11201356WA0441304413
B1837193838136N11201362WA0441204412
B1837203838134N11201369WA0441004410
B1837213838132N11201376WA0440804408
B1837223838130N11201383WA0440604406
B1837233838128N11201390WA0440404404
B1837243838126N11201397WA0440204402
B1837253838125N11201404WA0440104401
B1837263838123N11201411WA0439904399
B1837273838121N11201418WA0439804398
B1837283838120N11201425WA0439604396
B1837293838118N11201432WA0439404394
B1837303838117N11201438WA0439304393
B1837313838115N11201445WA0439004390
B1837323838114N11201452WA0438804388
B1837333838113N11201460WA0438504385
B1837343838112N11201467WA0438304383
B1837353838111N11201474WA0438004380
B1837363838110N11201481WA0437804378
B1837373838109N11201488WA0437604376
B1837383838108N11201495WA0437304373
B1837393838107N11201502WA0436904369
B1837403838106N11201510WA0436504365
B1837413838105N11201518WA0436204362
B1837423838104N11201527WA0435904359
B1837433838102N11201535WA0435804358
B1837443838100N11201543WA0435704357
B1837453838098N11201550WA0435604356
B1837463838096N11201557WA0435604356
B1837473838094N11201565WA0435504355
B1837483838092N11201573WA0435404354
B1837493838089N11201581WA0435404354
B1837503838086N11201589WA0435504355
B1837513838084N11201596WA0435604356
B1837523838081N11201603WA0435804358
B1837533838080N11201609WA0435904359
B1837543838078N11201617WA0435904359
B1837553838075N11201624WA0435804358
B1837563838073N11201632WA0435704357
B1837573838071N11201639WA0435704357
B1837583838069N11201647WA0435604356
B1837593838067N11201654WA0435604356
B1838003838065N11201662WA0435604356
B1838013838063N11201669WA0435604356
B1838023838061N11201675WA0435704357
B1838033838059N11201683WA0435704357
B1838043838057N11201690WA0435704357
B1838053838055N11201698WA0435804358
B1838063838053N11201706WA0435904359
B1838073838051N11201713WA0436004360
B1838083838050N11201720WA0436204362
B1838093838048N11201727WA0436404364
B1838103838047N11201734WA0436504365
B1838113838045N11201741WA0436504365
B1838123838042N11201748WA0436504365
B1838133838040N11201755WA0436504365
B1838143838038N11201762WA0436704367
B1838153838037N11201769WA0436904369
B1838163838036N11201775WA0437104371
B1838173838036N11201781WA0437204372
B1838183838035N11201787WA0437204372
B1838193838034N11201794WA0437104371
B1838203838033N11201800WA0437104371
B1838213838032N11201807WA0437104371
B1838223838031N11201813WA0437004370
B1838233838030N11201820WA0437004370
B1838243838028N11201826WA0436904369
B1838253838027N11201833WA0436904369
B1838263838025N11201840WA0436904369
B1838273838024N11201848WA0437004370
B1838283838023N11201855WA0437204372
B1838293838023N11201861WA0437504375
B1838303838022N11201867WA0437804378
B1838313838022N11201872WA0438104381
B1838323838020N11201877WA0438304383
B1838333838019N11201883WA0438704387
B1838343838018N11201889WA0439004390
B1838353838018N11201895WA0439304393
B1838363838019N11201900WA0439704397
B1838373838020N11201905WA0440004400
B1838383838022N11201909WA0440304403
B1838393838023N11201913WA0440504405
B1838403838024N11201918WA0440504405
B1838413838024N11201925WA0440504405
B1838423838023N11201931WA0440604406
B1838433838021N11201938WA0440704407
B1838443838020N11201944WA0441004410
B1838453838019N11201949WA0441404414
B1838463838019N11201954WA0441904419
B1838473838019N11201959WA0442204422
B1838483838019N11201965WA0442504425
B1838493838018N11201971WA0442904429
B1838503838018N11201977WA0443404434
B1838513838017N11201983WA0444004440
B1838523838017N11201990WA0444604446
B1838533838018N11201995WA0445404454
B1838543838019N11201999WA0446304463
B1838553838020N11202002WA0447204472
B1838563838021N11202005WA0447904479
B1838573838020N11202008WA0448504485
B1838583838018N11202012WA0449004490
B1838593838015N11202016WA0449404494
B1839003838011N11202019WA0449904499
B1839013838008N11202022WA0450604506
B1839023838005N11202024WA0451404514
B1839033838003N11202025WA0452204522
B1839043838000N11202027WA0452904529
B1839053837998N11202029WA0453504535
B1839063837994N11202031WA0454104541
B1839073837991N11202034WA0454704547
B1839083837987N11202037WA0455304553
B1839093837982N11202039WA0456104561
B1839103837978N11202040WA0457004570
B1839113837974N11202040WA0457904579
B1839123837970N11202038WA0458704587
B1839133837966N11202036WA0459504595
B1839143837962N11202033WA0460204602
B1839153837958N11202029WA0460804608
B1839163837954N11202025WA0461304613
B1839173837950N11202019WA0461804618
B1839183837947N11202012WA0462204622
B1839193837943N11202005WA0462604626
B1839203837941N11201996WA0463004630
B1839213837939N11201987WA0463304633
B1839223837939N11201976WA0463704637
B1839233837939N11201966WA0464104641
B1839243837939N11201956WA0464504645
B1839253837939N11201946WA0464904649
B1839263837940N11201937WA0465404654
B1839273837941N11201927WA0465704657
B1839283837942N11201917WA0466004660
B1839293837944N11201906WA0466204662
B1839303837947N11201895WA0466404664
B1839313837951N11201885WA0466704667
B1839323837956N11201875WA0467104671
B1839333837961N11201867WA0467404674
B1839343837968N11201860WA0467704677
B1839353837976N11201853WA0468004680
B1839363837984N11201847WA0468404684
B1839373837992N11201840WA0468904689
B1839383837999N11201835WA0469604696
B1839393838006N11201831WA0470304703
B1839403838013N11201829WA0470904709
B1839413838021N11201830WA0471304713
B1839423838029N11201832WA0471704717
B1839433838038N11201835WA0472304723
B1839443838045N11201837WA0473104731
B1839453838052N11201839WA0474004740
B1839463838058N11201840WA0474904749
B1839473838065N11201841WA0475504755
B1839483838073N11201843WA0476004760
B1839493838082N11201845WA0476304763
B1839503838091N11201847WA0476704767
B1839513838100N11201849WA0477204772
B1839523838109N11201850WA0477804778
B1839533838118N11201850WA0478404784
B1839543838127N11201851WA0479004790
B1839553838137N11201852WA0479704797
B1839563838146N11201853WA0480304803
B1839573838155N11201855WA0480804808
B1839583838165N11201856WA0481304813
B1839593838174N11201856WA0481604816
B1840003838184N11201856WA0482004820
B1840013838194N11201856WA0482404824
B1840023838203N11201856WA0482804828
B1840033838213N11201857WA0483204832
B1840043838222N11201858WA0483704837
B1840053838231N11201859WA0484004840
B1840063838241N11201861WA0484204842
B1840073838251N11201863WA0484204842
B1840083838262N11201867WA0484304843
B1840093838272N11201870WA0484504845
B1840103838282N11201873WA0484704847
B1840113838291N11201876WA0484904849
B1840123838300N11201879WA0485004850
B1840133838309N11201883WA0485004850
B1840143838318N11201886WA0484904849
B1840153838327N11201888WA0485004850
B1840163838335N11201888WA0485204852
B1840173838341N11201889WA0485304853
B1840183838348N11201890WA0485304853
B1840193838353N11201892WA0485204852
B1840203838359N11201894WA0485004850
B1840213838366N11201897WA0484804848
B1840223838372N11201901WA0484604846
B1840233838377N11201905WA0484404844
B1840243838382N11201909WA0484304843
B1840253838385N11201913WA0484304843
B1840263838388N11201916WA0484304843
B1840273838391N11201919WA0484204842
B1840283838394N11201922WA0484004840
B1840293838397N11201926WA0483804838
B1840303838399N11201931WA0483404834
B1840313838401N11201936WA0483104831
B1840323838403N11201942WA0482804828
B1840333838403N11201948WA0482504825
B1840343838404N11201954WA0482404824
B1840353838406N11201960WA0482204822
B1840363838408N11201965WA0482104821
B1840373838410N11201971WA0481904819
B1840383838413N11201976WA0481804818
B1840393838414N11201982WA0481704817
B1840403838416N11201987WA0481604816
B1840413838418N11201992WA0481604816
B1840423838419N11201997WA0481404814
B1840433838420N11202002WA0481304813
B1840443838421N11202007WA0481004810
B1840453838421N11202014WA0480704807
B1840463838421N11202020WA0480404804
B1840473838421N11202026WA0480104801
B1840483838421N11202033WA0479904799
B1840493838422N11202039WA0479604796
B1840503838423N11202046WA0479404794
B1840513838424N11202053WA0479204792
B1840523838427N11202059WA0479004790
B1840533838430N11202065WA0478704787
B1840543838432N11202071WA0478404784
B1840553838433N11202078WA0478104781
B1840563838433N11202086WA0477804778
B1840573838432N11202093WA0477604776
B1840583838431N11202099WA0477604776
B1840593838429N11202103WA0477504775
B1841003838428N11202106WA0477604776
B1841013838428N11202109WA0477404774
B1841023838427N11202112WA0477204772
B1841033838425N11202116WA0476904769
B1841043838422N11202120WA0476504765
B1841053838419N11202124WA0476004760
B1841063838414N11202127WA0475604756
B1841073838409N11202129WA0475304753
B1841083838404N11202130WA0475004750
B1841093838399N11202130WA0474904749
B1841103838395N11202130WA0474604746
B1841113838391N11202132WA0474404744
B1841123838386N11202133WA0474104741
B1841133838382N11202135WA0473804738
B1841143838376N11202136WA0473504735
B1841153838370N11202136WA0473204732
B1841163838365N11202137WA0473004730
B1841173838360N11202138WA0473004730
B1841183838355N11202140WA0473004730
B1841193838352N11202141WA0473004730
B1841203838348N11202141WA0472904729
B1841213838343N11202141WA0472604726
B1841223838338N11202141WA0472304723
B1841233838333N11202141WA0471804718
B1841243838327N11202140WA0471504715
B1841253838322N11202140WA0471304713
B1841263838318N11202141WA0471304713
B1841273838314N11202142WA0471104711
B1841283838309N11202145WA0470904709
B1841293838304N11202147WA0470804708
B1841303838299N11202150WA0470704707
B1841313838293N11202153WA0470704707
B1841323838289N11202156WA0471004710
B1841333838285N11202159WA0471204712
B1841343838283N11202162WA0471604716
B1841353838281N11202165WA0471904719
B1841363838279N11202167WA0472204722
B1841373838277N11202168WA0472204722
B1841383838275N11202171WA0472204722
B1841393838272N11202174WA0472004720
B1841403838269N11202177WA0472004720
B1841413838266N11202179WA0472004720
B1841423838262N11202181WA0472104721
B1841433838260N11202183WA0472204722
B1841443838258N11202186WA0472204722
B1841453838256N11202189WA0472004720
B1841463838254N11202193WA0471904719
B1841473838251N11202197WA0471704717
B1841483838248N11202201WA0471504715
B1841493838246N11202205WA0471404714
B1841503838245N11202210WA0471304713
B1841513838245N11202216WA0471204712
B1841523838245N11202223WA0471204712
B1841533838246N11202229WA0471104711
B1841543838248N11202236WA0471104711
B1841553838250N11202242WA0471204712
B1841563838252N11202248WA0471204712
B1841573838255N11202255WA0471204712
B1841583838258N11202262WA0471104711
B1841593838261N11202269WA0471204712
B1842003838264N11202275WA0471204712
B1842013838268N11202281WA0471304713
B1842023838272N11202286WA0471304713
B1842033838277N11202290WA0471204712
B1842043838282N11202294WA0471104711
B1842053838286N11202299WA0470904709
B1842063838290N11202305WA0470704707
B1842073838293N11202311WA0470404704
B1842083838297N11202318WA0470204702
B1842093838300N11202324WA0470104701
B1842103838304N11202329WA0470004700
B1842113838309N11202333WA0469804698
B1842123838316N11202337WA0469504695
B1842133838323N11202341WA0469204692
B1842143838331N11202345WA0468904689
B1842153838338N11202350WA0468504685
B1842163838346N11202356WA0468204682
B1842173838354N11202362WA0467904679
B1842183838362N11202368WA0467704677
B1842193838371N11202373WA0467604676
B1842203838380N11202376WA0467704677
B1842213838388N11202380WA0467604676
B1842223838396N11202383WA0467604676
B1842233838404N11202387WA0467404674
B1842243838412N11202391WA0467204672
B1842253838420N11202396WA0467004670
B1842263838429N11202400WA0466704667
B1842273838438N11202404WA0466504665
B1842283838447N11202408WA0466404664
B1842293838456N11202412WA0466404664
B1842303838465N11202415WA0466404664
B1842313838473N11202419WA0466304663
B1842323838482N11202422WA0466204662
B1842333838490N11202426WA0466104661
B1842343838499N11202430WA0465904659
B1842353838507N11202434WA0465704657
B1842363838516N11202438WA0465604656
B1842373838525N11202442WA0465404654
B1842383838534N11202445WA0465304653
B1842393838542N11202449WA0465204652
B1842403838550N11202453WA0465104651
B1842413838558N11202458WA0464904649
B1842423838566N11202462WA0464804648
B1842433838574N11202466WA0464704647
B1842443838582N11202470WA0464504645
B1842453838590N11202474WA0464404644
B1842463838598N11202479WA0464204642
B1842473838605N11202484WA0464104641
B1842483838613N11202488WA0463904639
B1842493838621N11202492WA0463804638
B1842503838628N11202497WA0463604636
B1842513838637N11202501WA0463404634
B1842523838645N11202506WA0463204632
B1842533838653N11202510WA0463004630
B1842543838661N11202514WA0462904629
B1842553838669N11202518WA0462804628
B1842563838677N11202522WA0462704627
B1842573838685N11202526WA0462504625
B1842583838693N11202530WA0462404624
B1842593838701N11202534WA0462304623
B1843003838709N11202538WA0462104621
B1843013838717N11202542WA0461904619
B1843023838725N11202546WA0461804618
B1843033838732N11202550WA0461604616
B1843043838740N11202555WA0461504615
B1843053838747N11202559WA0461304613
B1843063838755N11202563WA0461104611
B1843073838762N11202567WA0460904609
B1843083838770N11202572WA0460704607
B1843093838778N11202576WA0460504605
B1843103838786N11202580WA0460404604
B1843113838794N11202584WA0460304603
B1843123838802N11202587WA0460204602
B1843133838811N11202590WA0460104601
B1843143838819N11202592WA0460004600
B1843153838827N11202594WA0459804598
B1843163838836N11202597WA0459604596
B1843173838845N11202599WA0459404594
B1843183838854N11202601WA0459204592
B1843193838863N11202604WA0459104591
B1843203838871N11202606WA0459004590
B1843213838880N11202609WA0458904589
B1843223838888N11202611WA0458704587
B1843233838896N11202613WA0458604586
B1843243838905N11202615WA0458404584
B1843253838913N11202617WA0458204582
B1843263838922N11202619WA0458004580
B1843273838930N11202622WA0457804578
B1843283838939N11202624WA0457604576
B1843293838947N11202626WA0457404574
B1843303838955N11202629WA0457204572
B1843313838964N11202631WA0457004570
B1843323838973N11202633WA0456704567
B1843333838981N11202636WA0456504565
B1843343838990N11202638WA0456304563
B1843353838998N11202641WA0456104561
B1843363839007N11202643WA0456004560
B1843373839016N11202644WA0455804558
B1843383839025N11202645WA0455604556
B1843393839035N11202646WA0455404554
B1843403839045N11202646WA0455104551
B1843413839055N11202646WA0454904549
B1843423839064N11202647WA0454804548
B1843433839074N11202647WA0454604546
B1843443839084N11202647WA0454504545
B1843453839094N11202647WA0454204542
B1843463839105N11202648WA0453804538
B1843473839116N11202648WA0453404534
B1843483839128N11202649WA0453004530
B1843493839140N11202649WA0452704527
B1843503839151N11202650WA0452404524
B1843513839163N11202651WA0452304523
B1843523839174N11202652WA0452204522
B1843533839185N11202654WA0452104521
B1843543839195N11202655WA0452004520
B1843553839206N11202656WA0451704517
B1843563839217N11202658WA0451504515
B1843573839228N11202661WA0451204512
B1843583839239N11202664WA0450904509
B1843593839250N11202667WA0450704507
B1844003839261N11202670WA0450504505
B1844013839271N11202673WA0450404504
B1844023839281N11202676WA0450204502
B1844033839292N11202680WA0450004500
B1844043839302N11202683WA0449804498
B1844053839313N11202687WA0449604496
B1844063839323N11202692WA0449304493
B1844073839333N11202697WA0449104491
B1844083839343N11202702WA0448904489
B1844093839353N11202707WA0448804488
B1844103839363N11202712WA0448604486
B1844113839373N11202716WA0448404484
B1844123839384N11202721WA0448204482
B1844133839395N11202725WA0447904479
B1844143839405N11202730WA0447704477
B1844153839416N11202734WA0447504475
B1844163839426N11202740WA0447404474
B1844173839436N11202745WA0447404474
B1844183839445N11202750WA0447204472
B1844193839454N11202755WA0447104471
B1844203839463N11202760WA0447004470
B1844213839471N11202766WA0446804468
B1844223839480N11202773WA0446604466
B1844233839488N11202779WA0446304463
B1844243839497N11202786WA0446104461
B1844253839505N11202793WA0445904459
B1844263839514N11202799WA0445704457
B1844273839523N11202806WA0445504455
B1844283839532N11202812WA0445204452
B1844293839542N11202817WA0445004450
B1844303839551N11202823WA0444804448
B1844313839561N11202828WA0444504445
B1844323839570N11202834WA0444404444
B1844333839579N11202839WA0444304443
B1844343839588N11202845WA0444104441
B1844353839596N11202850WA0443904439
B1844363839604N11202856WA0443804438
B1844373839613N11202862WA0443604436
B1844383839622N11202868WA0443304433
B1844393839631N11202873WA0443004430
B1844403839640N11202879WA0442804428
B1844413839649N11202885WA0442504425
B1844423839658N11202889WA0442404424
B1844433839667N11202893WA0442304423
B1844443839676N11202897WA0442204422
B1844453839686N11202901WA0442004420
B1844463839695N11202906WA0441804418
B1844473839704N11202910WA0441604416
B1844483839713N11202915WA0441304413
B1844493839721N11202921WA0441104411
B1844503839730N11202926WA0440904409
B1844513839739N11202931WA0440704407
B1844523839748N11202935WA0440504405
B1844533839757N11202940WA0440204402
B1844543839766N11202945WA0440004400
B1844553839775N11202949WA0439804398
B1844563839785N11202954WA0439604396
B1844573839794N11202958WA0439404394
B1844583839804N11202963WA0439204392
B1844593839813N11202967WA0439004390
B1845003839823N11202971WA0438704387
B1845013839832N11202976WA0438504385
B1845023839841N11202981WA0438404384
B1845033839849N11202987WA0438204382
B1845043839857N11202993WA0438004380
B1845053839865N11202999WA0437804378
B1845063839873N11203005WA0437504375
B1845073839882N11203011WA0437304373
B1845083839891N11203016WA0437104371
B1845093839900N11203021WA0436904369
B1845103839910N11203025WA0436704367
B1845113839919N11203029WA0436504365
B1845123839928N11203033WA0436304363
B1845133839937N11203037WA0436104361
B1845143839947N11203041WA0435904359
B1845153839956N11203045WA0435704357
B1845163839965N11203049WA0435504355
B1845173839974N11203052WA0435304353
B1845183839983N11203056WA0435104351
B1845193839992N11203059WA0434904349
B1845203840001N11203062WA0434804348
B1845213840010N11203066WA0434604346
B1845223840018N11203070WA0434404344
B1845233840027N11203074WA0434204342
B1845243840035N11203079WA0433904339
B1845253840043N11203084WA0433704337
B1845263840051N11203089WA0433504335
B1845273840059N11203095WA0433204332
B1845283840067N11203101WA0432904329
B1845293840076N11203108WA0432504325
B1845303840084N11203115WA0432204322
B1845313840092N11203122WA0431904319
B1845323840101N11203130WA0431604316
B1845333840110N11203137WA0431404314
B1845343840119N11203144WA0431204312
B1845353840128N11203150WA0431104311
B1845363840137N11203156WA0431004310
B1845373840146N11203162WA0430904309
B1845383840155N11203167WA0430804308
B1845393840165N11203172WA0430604306
B1845403840174N11203178WA0430404304
B1845413840183N11203184WA0430204302
B1845423840193N11203189WA0430004300
B1845433840202N11203195WA0429804298
B1845443840212N11203200WA0429604296
B1845453840221N11203206WA0429504295
B1845463840230N11203211WA0429304293
B1845473840240N11203217WA0429204292
B1845483840249N11203222WA0429104291
B1845493840258N11203228WA0428904289
B1845503840267N11203233WA0428704287
B1845513840276N11203239WA0428504285
B1845523840286N11203245WA0428304283
B1845533840295N11203251WA0428104281
B1845543840305N11203256WA0427904279
B1845553840314N11203261WA0427704277
B1845563840324N11203266WA0427504275
B1845573840333N11203271WA0427304273
B1845583840343N11203275WA0427104271
B1845593840353N11203280WA0426904269
B1846003840364N11203284WA0426604266
B1846013840374N11203289WA0426404264
B1846023840384N11203294WA0426204262
B1846033840394N11203299WA0426004260
B1846043840404N11203304WA0425904259
B1846053840413N11203309WA0425804258
B1846063840423N11203313WA0425804258
B1846073840433N11203318WA0425704257
B1846083840442N11203323WA0425504255
B1846093840452N11203328WA0425304253
B1846103840462N11203333WA0425304253
B1846113840471N11203338WA0425304253
B1846123840481N11203342WA0425304253
B1846133840490N11203346WA0425404254
B1846143840498N11203351WA0425504255
B1846153840506N11203355WA0425604256
B1846163840514N11203359WA0425704257
B1846173840522N11203363WA0425704257
B1846183840530N11203368WA0425504255
B1846193840538N11203373WA0425304253
B1846203840547N11203379WA0425004250
B1846213840556N11203386WA0424804248
B1846223840565N11203394WA0424504245
B1846233840573N11203401WA0424404244
B1846243840582N11203408WA0424304243
B1846253840591N11203415WA0424304243
B1846263840599N11203421WA0424204242
B1846273840607N11203428WA0424204242
B1846283840616N11203434WA0424004240
B1846293840625N11203440WA0423804238
B1846303840635N11203446WA0423704237
B1846313840646N11203450WA0423604236
B1846323840655N11203454WA0423704237
B1846333840665N11203458WA0423904239
B1846343840673N11203461WA0424104241
B1846353840682N11203465WA0424104241
B1846363840691N11203469WA0423904239
B1846373840700N11203474WA0423804238
B1846383840709N11203479WA0423604236
B1846393840719N11203485WA0423404234
B1846403840728N11203490WA0423304233
B1846413840737N11203496WA0423304233
B1846423840746N11203501WA0423304233
B1846433840755N11203506WA0423304233
B1846443840764N11203510WA0423404234
B1846453840773N11203513WA0423204232
B1846463840781N11203517WA0423004230
B1846473840791N11203521WA0422804228
B1846483840800N11203525WA0422604226
B1846493840809N11203528WA0422604226
B1846503840818N11203531WA0422604226
B1846513840827N11203534WA0422404224
B1846523840836N11203538WA0422204222
B1846533840847N11203542WA0421804218
B1846543840857N11203546WA0421404214
B1846553840868N11203550WA0421104211
B1846563840879N11203554WA0420904209
B1846573840890N11203558WA0420904209
B1846583840900N11203562WA0420904209
B1846593840909N11203566WA0420904209
B1847003840919N11203569WA0420904209
B1847013840928N11203573WA0420804208
B1847023840938N11203576WA0420604206
B1847033840948N11203580WA0420304203
B1847043840958N11203585WA0420104201
B1847053840968N11203589WA0419904199
B1847063840977N11203595WA0419804198
B1847073840987N11203600WA0419704197
B1847083840996N11203604WA0419504195
B1847093841005N11203610WA0419404194
B1847103841015N11203615WA0419204192
B1847113841024N11203620WA0419004190
B1847123841033N11203626WA0418904189
B1847133841042N11203631WA0418804188
B1847143841051N11203636WA0418704187
B1847153841060N11203642WA0418604186
B1847163841069N11203647WA0418504185
B1847173841078N11203653WA0418304183
B1847183841087N11203658WA0418204182
B1847193841096N11203663WA0418004180
B1847203841105N11203668WA0417904179
B1847213841115N11203672WA0417804178
B1847223841124N11203677WA0417704177
B1847233841133N11203682WA0417504175
B1847243841143N11203687WA0417404174
B1847253841152N11203693WA0417304173
B1847263841161N11203699WA0417104171
B1847273841171N11203704WA0417004170
B1847283841180N11203710WA0416804168
B1847293841190N11203716WA0416804168
B1847303841199N11203721WA0416704167
B1847313841208N11203726WA0416704167
B1847323841217N11203732WA0416604166
B1847333841225N11203737WA0416504165
B1847343841234N11203743WA0416304163
B1847353841244N11203748WA0416104161
B1847363841253N11203753WA0415904159
B1847373841262N11203759WA0415704157
B1847383841272N11203764WA0415504155
B1847393841281N11203769WA0415304153
B1847403841291N11203774WA0415204152
B1847413841300N11203779WA0415004150
B1847423841310N11203784WA0414804148
B1847433841320N11203788WA0414604146
B1847443841330N11203791WA0414404144
B1847453841341N11203795WA0414204142
B1847463841352N11203798WA0414104141
B1847473841362N11203801WA0413904139
B1847483841372N11203805WA0413904139
B1847493841382N11203809WA0413804138
B1847503841393N11203813WA0413604136
B1847513841403N11203818WA0413504135
B1847523841412N11203822WA0413404134
B1847533841422N11203827WA0413304133
B1847543841431N11203832WA0413304133
B1847553841440N11203837WA0413204132
B1847563841449N11203842WA0413204132
B1847573841458N11203847WA0413204132
B1847583841468N11203853WA0413104131
B1847593841477N11203858WA0413204132
B1848003841486N11203863WA0413304133
B1848013841495N11203867WA0413404134
B1848023841504N11203872WA0413504135
B1848033841513N11203876WA0413604136
B1848043841521N11203881WA0413704137
B1848053841530N11203885WA0413804138
B1848063841538N11203889WA0413904139
B1848073841546N11203893WA0414004140
B1848083841554N11203897WA0414104141
B1848093841563N11203901WA0414004140
B1848103841573N11203905WA0413804138
B1848113841583N11203909WA0413604136
B1848123841593N11203912WA0413404134
B1848133841603N11203915WA0413304133
B1848143841613N11203918WA0413204132
B1848153841623N11203921WA0413104131
B1848163841633N11203924WA0413004130
B1848173841643N11203928WA0412804128
B1848183841653N11203931WA0412604126
B1848193841663N11203935WA0412304123
B1848203841673N11203939WA0412104121
B1848213841683N11203943WA0411904119
B1848223841693N11203947WA0411804118
B1848233841703N11203951WA0411604116
B1848243841714N11203955WA0411504115
B1848253841724N11203958WA0411304113
B1848263841734N11203962WA0411204112
B1848273841745N11203966WA0411004110
B1848283841755N11203970WA0410804108
B1848293841766N11203974WA0410604106
B1848303841776N11203978WA0410504105
B1848313841787N11203982WA0410404104
B1848323841797N11203986WA0410304103
B1848333841808N11203989WA0410204102
B1848343841818N11203994WA0410104101
B1848353841828N11203998WA0410104101
B1848363841837N11204002WA0410004100
B1848373841847N11204006WA0409904099
B1848383841857N11204009WA0409804098
B1848393841867N11204012WA0409804098
B1848403841876N11204015WA0409804098
B1848413841886N11204018WA0409804098
B1848423841895N11204022WA0409804098
B1848433841904N11204025WA0409804098
B1848443841913N11204029WA0409604096
B1848453841922N11204034WA0409404094
B1848463841932N11204039WA0409204092
B1848473841941N11204044WA0409104091
B1848483841951N11204049WA0408904089
B1848493841961N11204054WA0408804088
B1848503841971N11204059WA0408604086
B1848513841981N11204064WA0408504085
B1848523841991N11204069WA0408404084
B1848533842001N11204074WA0408304083
B1848543842011N11204078WA0408204082
B1848553842021N11204083WA0408104081
B1848563842031N11204088WA0408004080
B1848573842041N11204092WA0407904079
B1848583842052N11204096WA0407904079
B1848593842062N11204100WA0407804078
B1849003842072N11204104WA0407804078
B1849013842082N11204107WA0407704077
B1849023842093N11204111WA0407504075
B1849033842103N11204115WA0407304073
B1849043842114N11204119WA0407204072
B1849053842125N11204124WA0407004070
B1849063842136N11204128WA0406904069
B1849073842146N11204133WA0406904069
B1849083842156N11204138WA0406904069
B1849093842166N11204143WA0407004070
B1849103842176N11204147WA0407004070
B1849113842185N11204151WA0407104071
B1849123842195N11204155WA0407004070
B1849133842205N11204160WA0406804068
B1849143842215N11204165WA0406704067
B1849153842225N11204170WA0406604066
B1849163842235N11204175WA0406504065
B1849173842245N11204179WA0406404064
B1849183842255N11204184WA0406404064
B1849193842265N11204189WA0406504065
B1849203842274N11204193WA0406604066
B1849213842284N11204198WA0406604066
B1849223842293N11204203WA0406704067
B1849233842303N11204207WA0406704067
B1849243842313N11204212WA0406704067
B1849253842322N11204218WA0406604066
B1849263842332N11204223WA0406604066
B1849273842341N11204229WA0406604066
B1849283842350N11204234WA0406604066
B1849293842359N11204240WA0406604066
B1849303842368N11204246WA0406704067
B1849313842377N11204252WA0406804068
B1849323842385N11204258WA0406904069
B1849333842392N11204264WA0406904069
B1849343842399N11204271WA0407004070
B1849353842406N11204277WA0407204072
B1849363842413N11204283WA0407304073
B1849373842420N11204290WA0407304073
B1849383842428N11204296WA0407404074
B1849393842435N11204302WA0407504075
B1849403842442N11204308WA0407604076
B1849413842449N11204314WA0407704077
B1849423842456N11204320WA0407704077
B1849433842463N11204326WA0407804078
B1849443842470N11204332WA0407804078
B1849453842477N11204338WA0407904079
B1849463842483N11204344WA0407904079
B1849473842490N11204350WA0408004080
B1849483842496N11204356WA0408104081
B1849493842502N11204362WA0408204082
B1849503842507N11204368WA0408304083
B1849513842513N11204374WA0408304083
B1849523842519N11204381WA0408304083
B1849533842524N11204387WA0408304083
B1849543842530N11204393WA0408304083
B1849553842536N11204399WA0408204082
B1849563842542N11204406WA0408004080
B1849573842548N11204414WA0407704077
B1849583842553N11204422WA0407404074
B1849593842559N11204432WA0407304073
B1850003842564N11204440WA0407304073
B1850013842570N11204449WA0407304073
B1850023842575N11204456WA0407404074
B1850033842580N11204464WA0407504075
B1850043842585N11204471WA0407504075
B1850053842590N11204479WA0407404074
B1850063842595N11204487WA0407304073
B1850073842600N11204496WA0407104071
B1850083842606N11204504WA0407004070
B1850093842611N11204512WA0406904069
B1850103842617N11204520WA0406704067
B1850113842623N11204528WA0406604066
B1850123842629N11204537WA0406504065
B1850133842635N11204545WA0406404064
B1850143842642N11204552WA0406304063
B1850153842649N11204560WA0406104061
B1850163842656N11204567WA0405904059
B1850173842663N11204575WA0405804058
B1850183842671N11204583WA0405604056
B1850193842678N11204590WA0405504055
B1850203842685N11204598WA0405404054
B1850213842692N11204605WA0405304053
B1850223842699N11204613WA0405204052
B1850233842706N11204620WA0405104051
B1850243842713N11204627WA0405004050
B1850253842720N11204635WA0404904049
B1850263842726N11204642WA0404704047
B1850273842733N11204650WA0404604046
B1850283842740N11204657WA0404504045
B1850293842746N11204665WA0404404044
B1850303842754N11204672WA0404404044
B1850313842761N11204678WA0404304043
B1850323842769N11204685WA0404104041
B1850333842777N11204691WA0404004040
B1850343842785N11204698WA0403904039
B1850353842793N11204704WA0403704037
B1850363842800N11204711WA0403604036
B1850373842807N11204718WA0403604036
B1850383842814N11204724WA0403604036
B1850393842820N11204731WA0403504035
B1850403842827N11204737WA0403404034
B1850413842833N11204744WA0403204032
B1850423842840N11204751WA0402904029
B1850433842848N11204758WA0402704027
B1850443842855N11204765WA0402504025
B1850453842863N11204772WA0402304023
B1850463842870N11204779WA0402204022
B1850473842878N11204786WA0402104021
B1850483842885N11204792WA0402004020
B1850493842891N11204798WA0401904019
B1850503842898N11204805WA0401604016
B1850513842906N11204811WA0401404014
B1850523842914N11204818WA0401004010
B1850533842922N11204824WA0400804008
B1850543842931N11204831WA0400504005
B1850553842939N11204837WA0400404004
B1850563842947N11204843WA0400204002
B1850573842955N11204849WA0400104001
B1850583842962N11204856WA0400004000
B1850593842970N11204862WA0399803998
B1851003842978N11204868WA0399503995
B1851013842986N11204874WA0399303993
B1851023842994N11204881WA0399003990
B1851033843002N11204887WA0398803988
B1851043843010N11204894WA0398603986
B1851053843018N11204900WA0398503985
B1851063843026N11204906WA0398303983
B1851073843034N11204913WA0398203982
B1851083843041N11204919WA0398003980
B1851093843048N11204926WA0397803978
B1851103843056N11204933WA0397603976
B1851113843063N11204940WA0397403974
B1851123843070N11204947WA0397203972
B1851133843078N11204954WA0397003970
B1851143843086N11204961WA0396803968
B1851153843094N11204967WA0396603966
B1851163843103N11204973WA0396403964
B1851173843111N11204980WA0396203962
B1851183843118N11204986WA0396103961
B1851193843126N11204992WA0395903959
B1851203843134N11204998WA0395703957
B1851213843141N11205004WA0395503955
B1851223843149N11205010WA0395303953
B1851233843157N11205017WA0395003950
B1851243843165N11205023WA0394803948
B1851253843172N11205030WA0394603946
B1851263843180N11205036WA0394403944
B1851273843187N11205043WA0394303943
B1851283843195N11205049WA0394103941
B1851293843203N11205054WA0393903939
B1851303843211N11205061WA0393603936
B1851313843219N11205067WA0393403934
B1851323843226N11205073WA0393103931
B1851333843234N11205079WA0392903929
B1851343843242N11205086WA0392703927
B1851353843250N11205092WA0392403924
B1851363843258N11205098WA0392203922
B1851373843266N11205104WA0392003920
B1851383843274N11205110WA0391803918
B1851393843282N11205116WA0391603916
B1851403843290N11205122WA0391403914
B1851413843298N11205128WA0391203912
B1851423843305N11205135WA0391003910
B1851433843313N11205141WA0390803908
B1851443843320N11205148WA0390603906
B1851453843328N11205154WA0390403904
B1851463843336N11205160WA0390203902
B1851473843344N11205166WA0390103901
B1851483843352N11205172WA0389903899
B1851493843360N11205178WA0389803898
B1851503843368N11205184WA0389603896
B1851513843375N11205190WA0389403894
B1851523843383N11205197WA0389203892
B1851533843390N11205203WA0389003890
B1851543843398N11205209WA0388803888
B1851553843405N11205215WA0388603886
B1851563843413N11205221WA0388403884
B1851573843421N11205227WA0388203882
B1851583843428N11205234WA0387903879
B1851593843436N11205240WA0387703877
B1852003843443N11205246WA0387503875
B1852013843451N11205253WA0387303873
B1852023843458N11205259WA0387103871
B1852033843466N11205265WA0386903869
B1852043843473N11205272WA0386803868
B1852053843480N11205278WA0386603866
B1852063843488N11205284WA0386503865
B1852073843495N11205290WA0386303863
B1852083843502N11205296WA0386203862
B1852093843508N11205302WA0386003860
B1852103843515N11205308WA0385803858
B1852113843522N11205314WA0385603856
B1852123843529N11205321WA0385303853
B1852133843536N11205327WA0385003850
B1852143843543N11205334WA0384803848
B1852153843550N11205341WA0384503845
B1852163843557N11205348WA0384403844
B1852173843564N11205355WA0384203842
B1852183843570N11205361WA0384103841
B1852193843576N11205367WA0384003840
B1852203843582N11205373WA0383803838
B1852213843589N11205379WA0383503835
B1852223843596N11205386WA0383203832
B1852233843603N11205392WA0382803828
B1852243843610N11205399WA0382603826
B1852253843618N11205405WA0382303823
B1852263843625N11205411WA0382103821
B1852273843632N11205417WA0381903819
B1852283843639N11205423WA0381703817
B1852293843646N11205429WA0381403814
B1852303843652N11205435WA0381103811
B1852313843659N11205442WA0380803808
B1852323843666N11205448WA0380503805
B1852333843673N11205455WA0380203802
B1852343843679N11205462WA0379903799
B1852353843685N11205469WA0379703797
B1852363843692N11205476WA0379403794
B1852373843698N11205483WA0379203792
B1852383843704N11205490WA0378903789
B1852393843710N11205497WA0378503785
B1852403843717N11205504WA0378203782
B1852413843724N11205511WA0377903779
B1852423843731N11205517WA0377603776
B1852433843738N11205524WA0377303773
B1852443843746N11205530WA0377003770
B1852453843753N11205536WA0376703767
B1852463843760N11205542WA0376503765
B1852473843767N11205549WA0376203762
B1852483843774N11205555WA0375903759
B1852493843781N11205561WA0375603756
B1852503843789N11205568WA0375403754
B1852513843796N11205574WA0375103751
B1852523843804N11205579WA0374803748
B1852533843812N11205584WA0374503745
B1852543843821N11205588WA0374303743
B1852553843830N11205591WA0374003740
B1852563843838N11205595WA0373703737
B1852573843847N11205598WA0373403734
B1852583843857N11205602WA0373103731
B1852593843866N11205605WA0372803728
B1853003843876N11205608WA0372503725
B1853013843885N11205611WA0372203722
B1853023843895N11205614WA0372003720
B1853033843904N11205617WA0371703717
B1853043843913N11205620WA0371403714
B1853053843923N11205623WA0371103711
B1853063843932N11205627WA0370703707
B1853073843942N11205630WA0370403704
B1853083843952N11205634WA0370103701
B1853093843962N11205637WA0369803698
B1853103843971N11205641WA0369503695
B1853113843981N11205644WA0369203692
B1853123843991N11205648WA0369003690
B1853133844000N11205651WA0368603686
B1853143844010N11205654WA0368303683
B1853153844020N11205657WA0368003680
B1853163844031N11205660WA0367603676
B1853173844041N11205663WA0367303673
B1853183844051N11205666WA0367003670
B1853193844061N11205669WA0366803668
B1853203844071N11205671WA0366503665
B1853213844081N11205675WA0366303663
B1853223844090N11205678WA0366103661
B1853233844098N11205682WA0365903659
B1853243844107N11205686WA0365703657
B1853253844116N11205690WA0365503655
B1853263844125N11205693WA0365203652
B1853273844135N11205696WA0364903649
B1853283844144N11205698WA0364703647
B1853293844154N11205701WA0364603646
B1853303844162N11205703WA0364503645
B1853313844170N11205704WA0364303643
B1853323844179N11205706WA0364103641
B1853333844187N11205708WA0363803638
B1853343844196N11205711WA0363403634
B1853353844204N11205715WA0363103631
B1853363844212N11205720WA0362803628
B1853373844219N11205724WA0362703627
B1853383844226N11205729WA0362703627
B1853393844233N11205732WA0362603626
B1853403844240N11205736WA0362403624
B1853413844248N11205740WA0362203622
B1853423844256N11205745WA0361903619
B1853433844264N11205749WA0361603616
B1853443844271N11205754WA0361403614
B1853453844279N11205758WA0361203612
B1853463844286N11205763WA0361103611
B1853473844292N11205767WA0361003610
B1853483844298N11205771WA0360903609
B1853493844304N11205775WA0360703607
B1853503844310N11205779WA0360403604
B1853513844316N11205783WA0360003600
B1853523844323N11205788WA0359503595
B1853533844330N11205794WA0359003590
B1853543844338N11205800WA0358503585
B1853553844346N11205805WA0358203582
B1853563844354N11205810WA0357903579
B1853573844361N11205814WA0357803578
B1853583844369N11205818WA0357703577
B1853593844376N11205821WA0357503575
B1854003844382N11205825WA0357303573
B1854013844389N11205829WA0357003570
B1854023844397N11205833WA0356603566
B1854033844404N11205837WA0356203562
B1854043844412N11205841WA0355803558
B1854053844420N11205845WA0355503555
B1854063844428N11205848WA0355303553
B1854073844436N11205852WA0355103551
B1854083844443N11205855WA0354903549
B1854093844451N11205859WA0354503545
B1854103844458N11205864WA0354103541
B1854113844465N11205869WA0353703537
B1854123844473N11205875WA0353303533
B1854133844481N11205881WA0352903529
B1854143844489N11205887WA0352503525
B1854153844497N11205892WA0352203522
B1854163844506N11205897WA0351803518
B1854173844514N11205902WA0351603516
B1854183844523N11205908WA0351303513
B1854193844531N11205914WA0351003510
B1854203844539N11205919WA0350703507
B1854213844547N11205925WA0350403504
B1854223844555N11205931WA0350103501
B1854233844563N11205937WA0349703497
B1854243844571N11205943WA0349303493
B1854253844579N11205949WA0349003490
B1854263844587N11205955WA0348703487
B1854273844595N11205960WA0348503485
B1854283844603N11205965WA0348203482
B1854293844611N11205970WA0348003480
B1854303844620N11205975WA0347703477
B1854313844628N11205980WA0347403474
B1854323844636N11205985WA0347103471
B1854333844644N11205990WA0346703467
B1854343844652N11205996WA0346403464
B1854353844661N11206002WA0346103461
B1854363844668N11206008WA0345803458
B1854373844676N11206013WA0345603456
B1854383844684N11206019WA0345303453
B1854393844691N11206024WA0345003450
B1854403844699N11206030WA0344703447
B1854413844707N11206035WA0344403444
B1854423844715N11206041WA0344103441
B1854433844723N11206047WA0343703437
B1854443844731N11206053WA0343403434
B1854453844739N11206058WA0343103431
B1854463844748N11206063WA0342703427
B1854473844757N11206068WA0342503425
B1854483844766N11206072WA0342203422
B1854493844775N11206076WA0342003420
B1854503844783N11206080WA0341703417
B1854513844792N11206084WA0341403414
B1854523844802N11206087WA0341103411
B1854533844811N11206090WA0340803408
B1854543844821N11206094WA0340503405
B1854553844830N11206097WA0340203402
B1854563844840N11206100WA0339903399
B1854573844849N11206104WA0339703397
B1854583844859N11206107WA0339403394
B1854593844868N11206111WA0339103391
B1855003844878N11206114WA0338903389
B1855013844887N11206118WA0338603386
B1855023844897N11206122WA0338403384
B1855033844906N11206125WA0338203382
B1855043844915N11206129WA0338003380
B1855053844924N11206132WA0337803378
B1855063844934N11206134WA0337603376
B1855073844943N11206136WA0337403374
B1855083844952N11206139WA0337303373
B1855093844961N11206142WA0337103371
B1855103844969N11206145WA0336903369
B1855113844977N11206148WA0336703367
B1855123844986N11206151WA0336503365
B1855133844994N11206154WA0336303363
B1855143845002N11206157WA0336103361
B1855153845010N11206160WA0335903359
B1855163845018N11206163WA0335603356
B1855173845027N11206166WA0335303353
B1855183845035N11206170WA0335103351
B1855193845043N11206173WA0334803348
B1855203845051N11206177WA0334503345
B1855213845059N11206181WA0334303343
B1855223845067N11206185WA0334003340
B1855233845075N11206189WA0333703337
B1855243845083N11206193WA0333403334
B1855253845092N11206196WA0333103331
B1855263845101N11206199WA0332803328
B1855273845110N11206202WA0332503325
B1855283845119N11206205WA0332203322
B1855293845128N11206208WA0331903319
B1855303845137N11206211WA0331603316
B1855313845147N11206214WA0331203312
B1855323845157N11206217WA0330803308
B1855333845166N11206219WA0330503305
B1855343845177N11206222WA0330103301
B1855353845187N11206224WA0329803298
B1855363845197N11206227WA0329503295
B1855373845207N11206229WA0329203292
B1855383845217N11206231WA0328903289
B1855393845227N11206233WA0328503285
B1855403845238N11206235WA0328103281
B1855413845249N11206236WA0327803278
B1855423845260N11206236WA0327503275
B1855433845271N11206236WA0327203272
B1855443845283N11206236WA0326903269
B1855453845293N11206236WA0326603266
B1855463845304N11206236WA0326403264
B1855473845315N11206237WA0326103261
B1855483845325N11206237WA0325903259
B1855493845335N11206238WA0325703257
B1855503845345N11206239WA0325503255
B1855513845355N11206240WA0325303253
B1855523845365N11206242WA0325003250
B1855533845374N11206244WA0324903249
B1855543845383N11206246WA0325003250
B1855553845392N11206248WA0325003250
B1855563845399N11206250WA0325003250
B1855573845406N11206253WA0325103251
B1855583845413N11206255WA0325103251
B1855593845420N11206257WA0325003250
B1856003845427N11206259WA0324903249
B1856013845435N11206261WA0324703247
B1856023845443N11206264WA0324503245
B1856033845450N11206266WA0324403244
B1856043845458N11206268WA0324303243
B1856053845466N11206270WA0324203242
B1856063845474N11206271WA0324103241
B1856073845483N11206271WA0324003240
B1856083845492N11206270WA0323903239
B1856093845500N11206268WA0323803238
B1856103845509N11206266WA0323603236
B1856113845519N11206263WA0323503235
B1856123845528N11206260WA0323403234
B1856133845537N11206257WA0323303233
B1856143845546N11206254WA0323103231
B1856153845555N11206251WA0322903229
B1856163845564N11206247WA0322803228
B1856173845573N11206243WA0322603226
B1856183845582N11206238WA0322403224
B1856193845591N11206231WA0322203222
B1856203845600N11206224WA0322003220
B1856213845608N11206216WA0321703217
B1856223845617N11206207WA0321403214
B1856233845625N11206198WA0321103211
B1856243845634N11206188WA0320803208
B1856253845643N11206179WA0320703207
B1856263845652N11206170WA0320503205
B1856273845661N11206162WA0320503205
B1856283845670N11206154WA0320403204
B1856293845679N11206147WA0320303203
B1856303845688N11206140WA0320103201
B1856313845697N11206133WA0320003200
B1856323845707N11206126WA0319803198
B1856333845717N11206118WA0319603196
B1856343845726N11206111WA0319403194
B1856353845736N11206104WA0319303193
B1856363845745N11206097WA0319103191
B1856373845754N11206091WA0319003190
B1856383845764N11206084WA0318803188
B1856393845774N11206078WA0318603186
B1856403845784N11206071WA0318503185
B1856413845794N11206065WA0318403184
B1856423845803N11206059WA0318403184
B1856433845812N11206053WA0318303183
B1856443845821N11206048WA0318203182
B1856453845831N11206044WA0318103181
B1856463845840N11206039WA0317803178
B1856473845850N11206035WA0317603176
B1856483845861N11206031WA0317403174
B1856493845871N11206026WA0317103171
B1856503845882N11206022WA0317003170
B1856513845892N11206018WA0316803168
B1856523845903N11206013WA0316703167
B1856533845913N11206009WA0316703167
B1856543845923N11206004WA0316603166
B1856553845933N11206000WA0316403164
B1856563845943N11205995WA0316303163
B1856573845953N11205990WA0316103161
B1856583845964N11205986WA0315903159
B1856593845974N11205982WA0315803158
B1857003845985N11205978WA0315703157
B1857013845995N11205974WA0315603156
B1857023846005N11205971WA0315603156
B1857033846015N11205967WA0315503155
B1857043846025N11205964WA0315303153
B1857053846035N11205962WA0315203152
B1857063846045N11205959WA0315003150
B1857073846056N11205957WA0314803148
B1857083846066N11205953WA0314703147
B1857093846076N11205950WA0314603146
B1857103846086N11205947WA0314503145
B1857113846097N11205944WA0314403144
B1857123846107N11205941WA0314303143
B1857133846117N11205939WA0314203142
B1857143846128N11205936WA0314203142
B1857153846138N11205933WA0314103141
B1857163846148N11205930WA0313903139
B1857173846159N11205927WA0313803138
B1857183846169N11205924WA0313703137
B1857193846180N11205922WA0313503135
B1857203846191N11205919WA0313503135
B1857213846201N11205917WA0313403134
B1857223846211N11205915WA0313403134
B1857233846220N11205913WA0313403134
B1857243846230N11205911WA0313303133
B1857253846240N11205909WA0313203132
B1857263846250N11205907WA0313003130
B1857273846260N11205905WA0312903129
B1857283846270N11205904WA0312803128
B1857293846280N11205902WA0312803128
B1857303846290N11205900WA0312703127
B1857313846300N11205898WA0312603126
B1857323846310N11205897WA0312503125
B1857333846320N11205895WA0312503125
B1857343846330N11205894WA0312403124
B1857353846341N11205892WA0312303123
B1857363846351N11205890WA0312103121
B1857373846362N11205889WA0312003120
B1857383846374N11205888WA0311803118
B1857393846385N11205887WA0311603116
B1857403846397N11205886WA0311403114
B1857413846408N11205884WA0311303113
B1857423846419N11205883WA0311203112
B1857433846430N11205882WA0311203112
B1857443846441N11205881WA0311103111
B1857453846451N11205880WA0311103111
B1857463846462N11205879WA0311003110
B1857473846472N11205878WA0310803108
B1857483846483N11205877WA0310603106
B1857493846494N11205876WA0310403104
B1857503846505N11205876WA0310203102
B1857513846516N11205876WA0310103101
B1857523846527N11205876WA0309903099
B1857533846538N11205877WA0309703097
B1857543846549N11205877WA0309603096
B1857553846560N11205878WA0309503095
B1857563846571N11205878WA0309403094
B1857573846582N11205878WA0309303093
B1857583846593N11205877WA0309203092
B1857593846604N11205877WA0309103091
B1858003846615N11205876WA0308903089
B1858013846626N11205877WA0308703087
B1858023846637N11205877WA0308503085
B1858033846648N11205878WA0308303083
B1858043846659N11205879WA0308203082
B1858053846670N11205880WA0308003080
B1858063846681N11205880WA0307903079
B1858073846691N11205881WA0307803078
B1858083846702N11205881WA0307703077
B1858093846713N11205882WA0307403074
B1858103846724N11205882WA0307203072
B1858113846735N11205883WA0307003070
B1858123846746N11205884WA0306803068
B1858133846757N11205885WA0306603066
B1858143846767N11205886WA0306503065
B1858153846778N11205887WA0306303063
B1858163846788N11205889WA0306103061
B1858173846799N11205890WA0305903059
B1858183846810N11205891WA0305603056
B1858193846821N11205892WA0305403054
B1858203846832N11205892WA0305103051
B1858213846843N11205893WA0305003050
B1858223846854N11205893WA0304803048
B1858233846865N11205893WA0304803048
B1858243846875N11205893WA0304803048
B1858253846886N11205893WA0304703047
B1858263846896N11205894WA0304603046
B1858273846906N11205894WA0304403044
B1858283846917N11205895WA0304203042
B1858293846927N11205896WA0304003040
B1858303846938N11205897WA0303903039
B1858313846948N11205898WA0303803038
B1858323846958N11205899WA0303803038
B1858333846969N11205900WA0303703037
B1858343846979N11205902WA0303503035
B1858353846989N11205903WA0303403034
B1858363846999N11205905WA0303103031
B1858373847010N11205906WA0302903029
B1858383847021N11205906WA0302703027
B1858393847032N11205907WA0302503025
B1858403847042N11205907WA0302403024
B1858413847052N11205908WA0302303023
B1858423847063N11205909WA0302203022
B1858433847073N11205909WA0302103021
B1858443847083N11205909WA0301903019
B1858453847094N11205909WA0301703017
B1858463847104N11205910WA0301603016
B1858473847115N11205910WA0301403014
B1858483847126N11205911WA0301303013
B1858493847136N11205912WA0301103011
B1858503847147N11205913WA0301003010
B1858513847158N11205913WA0300803008
B1858523847169N11205914WA0300703007
B1858533847180N11205915WA0300603006
B1858543847191N11205916WA0300503005
B1858553847201N11205918WA0300503005
B1858563847212N11205920WA0300303003
B1858573847223N11205921WA0300103001
B1858583847233N11205922WA0300003000
B1858593847244N11205923WA0300003000
B1859003847254N11205924WA0300003000
B1859013847264N11205925WA0300003000
B1859023847274N11205926WA0300003000
B1859033847283N11205928WA0300003000
B1859043847293N11205930WA0300003000
B1859053847302N11205931WA0300003000
B1859063847310N11205933WA0300003000
B1859073847320N11205934WA0300003000
B1859083847329N11205934WA0299902999
B1859093847339N11205935WA0299802998
B1859103847348N11205935WA0299702997
B1859113847358N11205935WA0299602996
B1859123847368N11205935WA0299402994
B1859133847378N11205935WA0299302993
B1859143847389N11205934WA0299302993
B1859153847399N11205933WA0299202992
B1859163847409N11205933WA0299202992
B1859173847419N11205933WA0299202992
B1859183847428N11205933WA0299202992
B1859193847438N11205933WA0299102991
B1859203847447N11205933WA0299002990
B1859213847457N11205933WA0298902989
B1859223847467N11205933WA0298702987
B1859233847477N11205933WA0298602986
B1859243847487N11205932WA0298402984
B1859253847498N11205931WA0298302983
B1859263847508N11205930WA0298202982
B1859273847517N11205929WA0298202982
B1859283847527N11205928WA0298202982
B1859293847537N11205927WA0298102981
B1859303847546N11205926WA0297902979
B1859313847557N11205925WA0297702977
B1859323847567N11205925WA0297502975
B1859333847578N11205925WA0297302973
B1859343847589N11205924WA0297202972
B1859353847599N11205924WA0297102971
B1859363847610N11205923WA0297102971
B1859373847620N11205923WA0297002970
B1859383847630N11205922WA0296902969
B1859393847641N11205921WA0296702967
B1859403847652N11205921WA0296402964
B1859413847663N11205920WA0296102961
B1859423847674N11205920WA0295902959
B1859433847685N11205919WA0295602956
B1859443847697N11205919WA0295502955
B1859453847708N11205919WA0295302953
B1859463847719N11205919WA0295202952
B1859473847730N11205919WA0295102951
B1859483847740N11205920WA0295002950
B1859493847751N11205921WA0294902949
B1859503847762N11205922WA0294702947
B1859513847772N11205924WA0294502945
B1859523847783N11205925WA0294402944
B1859533847794N11205927WA0294202942
B1859543847805N11205928WA0294002940
B1859553847816N11205929WA0293902939
B1859563847827N11205929WA0293902939
B1859573847838N11205928WA0293802938
B1859583847849N11205928WA0293802938
B1859593847860N11205928WA0293702937
B1900003847871N11205928WA0293702937
B1900013847882N11205928WA0293602936
B1900023847893N11205928WA0293502935
B1900033847905N11205927WA0293302933
B1900043847916N11205927WA0293202932
B1900053847927N11205927WA0293102931
B1900063847939N11205927WA0293102931
B1900073847950N11205926WA0293002930
B1900083847961N11205926WA0292802928
B1900093847972N11205926WA0292702927
B1900103847983N11205927WA0292602926
B1900113847994N11205928WA0292502925
B1900123848005N11205928WA0292502925
B1900133848015N11205928WA0292502925
B1900143848025N11205928WA0292502925
B1900153848035N11205928WA0292402924
B1900163848045N11205928WA0292202922
B1900173848056N11205927WA0291902919
B1900183848067N11205926WA0291602916
B1900193848078N11205925WA0291402914
B1900203848090N11205924WA0291202912
B1900213848101N11205924WA0291002910
B1900223848113N11205923WA0290902909
B1900233848123N11205921WA0290902909
B1900243848134N11205920WA0290902909
B1900253848145N11205919WA0290802908
B1900263848155N11205918WA0290602906
B1900273848166N11205916WA0290502905
B1900283848176N11205914WA0290302903
B1900293848187N11205911WA0289902899
B1900303848197N11205909WA0289702897
B1900313848207N11205907WA0289402894
B1900323848218N11205905WA0289002890
B1900333848228N11205903WA0288802888
B1900343848239N11205901WA0288502885
B1900353848249N11205900WA0288402884
B1900363848260N11205898WA0288202882
B1900373848271N11205898WA0288102881
B1900383848282N11205897WA0288002880
B1900393848293N11205896WA0287902879
B1900403848304N11205896WA0287802878
B1900413848314N11205894WA0287802878
B1900423848325N11205893WA0287802878
B1900433848335N11205890WA0287802878
B1900443848345N11205888WA0287702877
B1900453848356N11205885WA0287602876
B1900463848367N11205882WA0287402874
B1900473848378N11205881WA0287302873
B1900483848389N11205879WA0287102871
B1900493848401N11205878WA0287002870
B1900503848413N11205876WA0286902869
B1900513848424N11205874WA0286802868
B1900523848435N11205873WA0286802868
B1900533848446N11205871WA0286802868
B1900543848457N11205869WA0286802868
B1900553848467N11205867WA0286802868
B1900563848478N11205865WA0286702867
B1900573848488N11205862WA0286602866
B1900583848499N11205860WA0286502865
B1900593848509N11205858WA0286302863
B1901003848520N11205856WA0286202862
B1901013848530N11205853WA0286002860
B1901023848540N11205851WA0285802858
B1901033848550N11205848WA0285602856
B1901043848560N11205845WA0285402854
B1901053848571N11205842WA0285102851
B1901063848581N11205839WA0284902849
B1901073848591N11205836WA0284702847
B1901083848602N11205832WA0284402844
B1901093848612N11205829WA0284202842
B1901103848623N11205826WA0283902839
B1901113848634N11205823WA0283602836
B1901123848645N11205821WA0283402834
B1901133848656N11205820WA0283202832
B1901143848667N11205819WA0283202832
B1901153848677N11205818WA0283102831
B1901163848687N11205817WA0283002830
B1901173848697N11205817WA0282902829
B1901183848707N11205815WA0282802828
B1901193848717N11205814WA0282702827
B1901203848727N11205813WA0282502825
B1901213848737N11205813WA0282202822
B1901223848747N11205812WA0281902819
B1901233848757N11205812WA0281602816
B1901243848767N11205811WA0281302813
B1901253848777N11205811WA0281002810
B1901263848787N11205811WA0280802808
B1901273848797N11205811WA0280702807
B1901283848807N11205811WA0280502805
B1901293848817N11205810WA0280302803
B1901303848827N11205810WA0280102801
B1901313848837N11205810WA0279802798
B1901323848848N11205810WA0279602796
B1901333848858N11205809WA0279302793
B1901343848868N11205809WA0279102791
B1901353848878N11205807WA0278902789
B1901363848888N11205806WA0278702787
B1901373848898N11205804WA0278302783
B1901383848908N11205802WA0277902779
B1901393848919N11205799WA0277502775
B1901403848930N11205796WA0277102771
B1901413848941N11205792WA0276802768
B1901423848953N11205788WA0276702767
B1901433848964N11205784WA0276602766
B1901443848975N11205780WA0276502765
B1901453848986N11205776WA0276302763
B1901463848997N11205772WA0276102761
B1901473849009N11205768WA0275902759
B1901483849020N11205765WA0275802758
B1901493849032N11205761WA0275702757
B1901503849042N11205756WA0275702757
B1901513849052N11205752WA0275702757
B1901523849062N11205748WA0275702757
B1901533849072N11205743WA0275602756
B1901543849081N11205738WA0275402754
B1901553849091N11205732WA0275102751
B1901563849101N11205725WA0274902749
B1901573849110N11205718WA0274702747
B1901583849118N11205710WA0274502745
B1901593849126N11205703WA0274202742
B1902003849135N11205695WA0273802738
B1902013849143N11205687WA0273402734
B1902023849152N11205680WA0272902729
B1902033849161N11205672WA0272402724
B1902043849169N11205664WA0272002720
B1902053849178N11205656WA0271902719
B1902063849186N11205648WA0271802718
B1902073849194N11205640WA0271702717
B1902083849201N11205631WA0271602716
B1902093849208N11205623WA0271802718
B1902103849214N11205615WA0271902719
B1902113849221N11205607WA0272002720
B1902123849228N11205599WA0272102721
B1902133849235N11205592WA0272202722
B1902143849242N11205585WA0272302723
B1902153849248N11205577WA0272602726
B1902163849254N11205570WA0272802728
B1902173849259N11205562WA0273202732
B1902183849264N11205553WA0273402734
B1902193849268N11205543WA0273702737
B1902203849272N11205533WA0273902739
B1902213849275N11205521WA0274002740
B1902223849276N11205509WA0274202742
B1902233849274N11205497WA0274402744
B1902243849270N11205488WA0274602746
B1902253849264N11205484WA0274902749
B1902263849261N11205485WA0275102751
B1902273849260N11205489WA0275202752
B1902283849264N11205493WA0275202752
B1902293849270N11205495WA0275402754
B1902303849277N11205492WA0275602756
B1902313849284N11205487WA0276102761
B1902323849289N11205480WA0276502765
B1902333849293N11205474WA0277002770
B1902343849297N11205467WA0277202772
B1902353849301N11205458WA0277302773
B1902363849305N11205447WA0277502775
B1902373849307N11205435WA0277602776
B1902383849308N11205423WA0277902779
B1902393849308N11205411WA0278202782
B1902403849306N11205400WA0278502785
B1902413849303N11205391WA0278802788
B1902423849299N11205385WA0279102791
B1902433849294N11205382WA0279402794
B1902443849289N11205383WA0279602796
B1902453849287N11205386WA0279902799
B1902463849287N11205390WA0280202802
B1902473849291N11205393WA0280402804
B1902483849297N11205395WA0280602806
B1902493849305N11205394WA0281002810
B1902503849311N11205390WA0281402814
B1902513849317N11205385WA0281902819
B1902523849321N11205377WA0282502825
B1902533849324N11205369WA0282802828
B1902543849327N11205358WA0283002830
B1902553849328N11205345WA0283102831
B1902563849326N11205331WA0283202832
B1902573849322N11205321WA0283402834
B1902583849317N11205315WA0283802838
B1902593849311N11205313WA0284102841
B1903003849308N11205315WA0284302843
B1903013849307N11205319WA0284402844
B1903023849308N11205324WA0284702847
B1903033849312N11205327WA0285002850
B1903043849317N11205328WA0285402854
B1903053849321N11205328WA0285902859
B1903063849325N11205327WA0286402864
B1903073849329N11205326WA0286802868
B1903083849334N11205324WA0287202872
B1903093849340N11205322WA0287602876
B1903103849345N11205318WA0287802878
B1903113849350N11205313WA0288102881
B1903123849355N11205306WA0288202882
B1903133849360N11205296WA0288302883
B1903143849363N11205284WA0288402884
B1903153849364N11205271WA0288502885
B1903163849363N11205258WA0288702887
B1903173849361N11205247WA0289002890
B1903183849358N11205237WA0289402894
B1903193849354N11205230WA0289802898
B1903203849351N11205224WA0290102901
B1903213849346N11205221WA0290302903
B1903223849343N11205221WA0290402904
B1903233849340N11205223WA0290602906
B1903243849341N11205226WA0290802908
B1903253849343N11205229WA0291102911
B1903263849347N11205230WA0291402914
B1903273849352N11205230WA0291702917
B1903283849357N11205230WA0292102921
B1903293849362N11205229WA0292402924
B1903303849366N11205228WA0292602926
B1903313849371N11205228WA0292802928
B1903323849377N11205227WA0293002930
B1903333849382N11205227WA0293202932
B1903343849388N11205227WA0293302933
B1903353849394N11205227WA0293502935
B1903363849401N11205227WA0293702937
B1903373849407N11205227WA0293802938
B1903383849414N11205228WA0293902939
B1903393849420N11205229WA0294002940
B1903403849427N11205231WA0294002940
B1903413849434N11205232WA0294102941
B1903423849442N11205233WA0294202942
B1903433849449N11205234WA0294302943
B1903443849457N11205235WA0294502945
B1903453849464N11205237WA0294702947
B1903463849471N11205238WA0294802948
B1903473849477N11205240WA0294902949
B1903483849485N11205242WA0295002950
B1903493849492N11205244WA0294902949
B1903503849500N11205247WA0294802948
B1903513849508N11205250WA0294802948
B1903523849516N11205252WA0294902949
B1903533849524N11205253WA0295102951
B1903543849531N11205254WA0295302953
B1903553849538N11205254WA0295502955
B1903563849545N11205255WA0295602956
B1903573849552N11205256WA0295602956
B1903583849560N11205257WA0295702957
B1903593849569N11205257WA0295802958
B1904003849577N11205258WA0295902959
B1904013849585N11205257WA0296202962
B1904023849593N11205257WA0296402964
B1904033849600N11205255WA0296702967
B1904043849608N11205253WA0296902969
B1904053849614N11205251WA0297202972
B1904063849620N11205246WA0297602976
B1904073849624N11205240WA0298102981
B1904083849627N11205232WA0298402984
B1904093849627N11205222WA0298502985
B1904103849623N11205212WA0298502985
B1904113849617N11205206WA0298702987
B1904123849611N11205205WA0298802988
B1904133849606N11205209WA0298902989
B1904143849606N11205216WA0298902989
B1904153849609N11205223WA0299102991
B1904163849616N11205226WA0299302993
B1904173849624N11205225WA0299502995
B1904183849632N11205220WA0299702997
B1904193849639N11205212WA0300103001
B1904203849643N11205203WA0300503005
B1904213849645N11205193WA0301003010
B1904223849645N11205184WA0301403014
B1904233849642N11205176WA0301603016
B1904243849637N11205169WA0301903019
B1904253849631N11205167WA0302103021
B1904263849626N11205168WA0302403024
B1904273849623N11205173WA0302503025
B1904283849623N11205179WA0302803028
B1904293849625N11205185WA0303203032
B1904303849630N11205188WA0303603036
B1904313849636N11205189WA0303903039
B1904323849643N11205187WA0304303043
B1904333849651N11205183WA0304703047
B1904343849657N11205176WA0305103051
B1904353849663N11205167WA0305603056
B1904363849666N11205157WA0306103061
B1904373849667N11205147WA0306503065
B1904383849667N11205136WA0306903069
B1904393849664N11205126WA0307203072
B1904403849660N11205118WA0307603076
B1904413849654N11205113WA0308103081
B1904423849649N11205113WA0308503085
B1904433849646N11205116WA0308703087
B1904443849645N11205121WA0309003090
B1904453849647N11205127WA0309303093
B1904463849653N11205131WA0309603096
B1904473849660N11205131WA0309903099
B1904483849667N11205127WA0310403104
B1904493849674N11205120WA0310803108
B1904503849679N11205112WA0311303113
B1904513849683N11205104WA0311903119
B1904523849686N11205094WA0312403124
B1904533849687N11205084WA0312903129
B1904543849687N11205074WA0313303133
B1904553849685N11205064WA0313703137
B1904563849681N11205056WA0314203142
B1904573849675N11205051WA0314703147
B1904583849670N11205049WA0315103151
B1904593849666N11205049WA0315503155
B1905003849663N11205053WA0315803158
B1905013849663N11205058WA0316103161
B1905023849665N11205064WA0316403164
B1905033849670N11205069WA0316903169
B1905043849678N11205069WA0317403174
B1905053849685N11205066WA0317803178
B1905063849691N11205059WA0318203182
B1905073849696N11205050WA0318703187
B1905083849699N11205039WA0319103191
B1905093849700N11205028WA0319503195
B1905103849699N11205018WA0319903199
B1905113849695N11205010WA0320403204
B1905123849691N11205004WA0320903209
B1905133849686N11205002WA0321303213
B1905143849682N11205004WA0321603216
B1905153849679N11205009WA0321903219
B1905163849680N11205015WA0322203222
B1905173849684N11205019WA0322803228
B1905183849690N11205021WA0323403234
B1905193849696N11205020WA0324103241
B1905203849700N11205018WA0324803248
B1905213849704N11205016WA0325303253
B1905223849709N11205012WA0325703257
B1905233849714N11205007WA0325903259
B1905243849718N11204998WA0326003260
B1905253849722N11204987WA0326003260
B1905263849722N11204975WA0326203262
B1905273849719N11204964WA0326303263
B1905283849713N11204957WA0326303263
B1905293849704N11204956WA0326303263
B1905303849697N11204958WA0326703267
B1905313849693N11204963WA0327503275
B1905323849693N11204967WA0328303283
B1905333849694N11204971WA0329003290
B1905343849695N11204975WA0329603296
B1905353849696N11204978WA0330003300
B1905363849696N11204980WA0330403304
B1905373849697N11204984WA0330703307
B1905383849699N11204987WA0330903309
B1905393849702N11204990WA0331003310
B1905403849705N11204994WA0331203312
B1905413849708N11204997WA0331403314
B1905423849712N11204999WA0331603316
B1905433849716N11205001WA0331803318
B1905443849720N11205002WA0332003320
B1905453849726N11205001WA0332003320
B1905463849732N11205000WA0332103321
B1905473849739N11204999WA0332303323
B1905483849745N11204997WA0332603326
B1905493849751N11204994WA0333003330
B1905503849757N11204991WA0333503335
B1905513849762N11204987WA0333903339
B1905523849767N11204984WA0334303343
B1905533849772N11204981WA0334503345
B1905543849777N11204976WA0334703347
B1905553849780N11204968WA0334803348
B1905563849782N11204957WA0334803348
B1905573849781N11204945WA0334803348
B1905583849776N11204934WA0334803348
B1905593849769N11204927WA0334803348
B1906003849761N11204924WA0334903349
B1906013849755N11204926WA0335003350
B1906023849751N11204930WA0335103351
B1906033849750N11204935WA0335103351
B1906043849751N11204939WA0335203352
B1906053849754N11204943WA0335403354
B1906063849757N11204945WA0335803358
B1906073849761N11204945WA0336303363
B1906083849766N11204944WA0336703367
B1906093849771N11204942WA0336903369
B1906103849776N11204941WA0337203372
B1906113849782N11204939WA0337403374
B1906123849789N11204936WA0337603376
B1906133849796N11204932WA0337603376
B1906143849802N11204927WA0337803378
B1906153849809N11204921WA0338203382
B1906163849815N11204915WA0338503385
B1906173849821N11204909WA0338903389
B1906183849826N11204902WA0339103391
B1906193849831N11204894WA0339403394
B1906203849836N11204884WA0339603396
B1906213849840N11204872WA0340003400
B1906223849841N11204860WA0340403404
B1906233849841N11204849WA0340903409
B1906243849837N11204841WA0341403414
B1906253849832N11204835WA0341703417
B1906263849827N11204833WA0341903419
B1906273849821N11204836WA0342103421
B1906283849818N11204841WA0342503425
B1906293849817N11204846WA0343003430
B1906303849820N11204849WA0343803438
B1906313849824N11204850WA0344403444
B1906323849830N11204849WA0344803448
B1906333849836N11204846WA0345103451
B1906343849842N11204840WA0345303453
B1906353849848N11204830WA0345603456
B1906363849852N11204819WA0345903459
B1906373849853N11204807WA0346203462
B1906383849851N11204796WA0346503465
B1906393849846N11204789WA0346903469
B1906403849840N11204786WA0347203472
B1906413849834N11204787WA0347403474
B1906423849830N11204791WA0347803478
B1906433849828N11204795WA0348303483
B1906443849826N11204799WA0349103491
B1906453849825N11204802WA0349703497
B1906463849825N11204805WA0350203502
B1906473849824N11204808WA0350403504
B1906483849823N11204813WA0350703507
B1906493849822N11204817WA0351003510
B1906503849820N11204822WA0351303513
B1906513849819N11204826WA0351703517
B1906523849818N11204831WA0352103521
B1906533849816N11204835WA0352403524
B1906543849813N11204840WA0352803528
B1906553849811N11204845WA0353303533
B1906563849810N11204848WA0353703537
B1906573849809N11204851WA0354203542
B1906583849809N11204854WA0354503545
B1906593849810N11204856WA0354903549
B1907003849811N11204859WA0355103551
B1907013849814N11204862WA0355203552
B1907023849819N11204864WA0355303553
B1907033849826N11204865WA0355403554
B1907043849834N11204861WA0355603556
B1907053849841N11204855WA0355703557
B1907063849848N11204846WA0355903559
B1907073849852N11204835WA0356303563
B1907083849853N11204823WA0356703567
B1907093849854N11204812WA0357403574
B1907103849853N11204801WA0357903579
B1907113849851N11204791WA0358503585
B1907123849849N11204782WA0359003590
B1907133849844N11204773WA0359403594
B1907143849839N11204764WA0359803598
B1907153849832N11204756WA0360303603
B1907163849826N11204750WA0360803608
B1907173849820N11204747WA0361403614
B1907183849814N11204746WA0362003620
B1907193849810N11204747WA0362503625
B1907203849806N11204750WA0362903629
B1907213849805N11204755WA0363403634
B1907223849806N11204758WA0363903639
B1907233849809N11204760WA0364203642
B1907243849815N11204758WA0364303643
B1907253849823N11204754WA0364303643
B1907263849830N11204748WA0364503645
B1907273849836N11204738WA0364803648
B1907283849841N11204727WA0365203652
B1907293849843N11204714WA0365803658
B1907303849842N11204702WA0366303663
B1907313849839N11204692WA0366903669
B1907323849834N11204686WA0367603676
B1907333849829N11204682WA0368103681
B1907343849823N11204682WA0368503685
B1907353849819N11204685WA0368903689
B1907363849818N11204690WA0369303693
B1907373849820N11204694WA0369703697
B1907383849825N11204696WA0370203702
B1907393849831N11204694WA0370703707
B1907403849839N11204690WA0371103711
B1907413849845N11204684WA0371503715
B1907423849851N11204674WA0372003720
B1907433849854N11204663WA0372503725
B1907443849854N11204652WA0373003730
B1907453849850N11204641WA0373403734
B1907463849843N11204634WA0373603736
B1907473849836N11204631WA0374003740
B1907483849829N11204633WA0374403744
B1907493849825N11204638WA0374703747
B1907503849825N11204644WA0375103751
B1907513849828N11204649WA0375603756
B1907523849833N11204650WA0376103761
B1907533849840N11204648WA0376503765
B1907543849847N11204641WA0377003770
B1907553849852N11204631WA0377503775
B1907563849854N11204619WA0378003780
B1907573849853N11204607WA0378503785
B1907583849849N11204596WA0379003790
B1907593849843N11204588WA0379503795
B1908003849838N11204581WA0380003800
B1908013849832N11204575WA0380503805
B1908023849826N11204571WA0380803808
B1908033849820N11204569WA0381203812
B1908043849815N11204571WA0381403814
B1908053849812N11204575WA0381803818
B1908063849812N11204580WA0382303823
B1908073849815N11204584WA0382803828
B1908083849820N11204584WA0383403834
B1908093849826N11204580WA0383803838
B1908103849831N11204572WA0384203842
B1908113849836N11204561WA0384503845
B1908123849838N11204547WA0384903849
B1908133849837N11204532WA0385403854
B1908143849834N11204520WA0385903859
B1908153849829N11204510WA0386303863
B1908163849822N11204502WA0386603866
B1908173849816N11204496WA0387003870
B1908183849809N11204490WA0387403874
B1908193849803N11204487WA0387903879
B1908203849798N11204485WA0388303883
B1908213849793N11204484WA0388703887
B1908223849789N11204485WA0389203892
B1908233849786N11204487WA0389603896
B1908243849785N11204490WA0389903899
B1908253849785N11204493WA0390203902
B1908263849787N11204497WA0390603906
B1908273849791N11204499WA0391003910
B1908283849797N11204497WA0391403914
B1908293849804N11204492WA0391903919
B1908303849810N11204484WA0392403924
B1908313849814N11204472WA0392903929
B1908323849816N11204459WA0393403934
B1908333849814N11204445WA0393903939
B1908343849809N11204433WA0394403944
B1908353849803N11204425WA0394803948
B1908363849795N11204421WA0395203952
B1908373849789N11204421WA0395503955
B1908383849785N11204424WA0395803958
B1908393849784N11204428WA0396303963
B1908403849787N11204431WA0396603966
B1908413849792N11204431WA0397003970
B1908423849798N11204427WA0397203972
B1908433849805N11204419WA0397503975
B1908443849810N11204407WA0397803978
B1908453849812N11204393WA0398203982
B1908463849810N11204379WA0398903989
B1908473849806N11204367WA0399503995
B1908483849800N11204359WA0400104001
B1908493849794N11204354WA0400604006
B1908503849787N11204351WA0400904009
B1908513849782N11204351WA0401104011
B1908523849778N11204353WA0401304013
B1908533849777N11204357WA0401704017
B1908543849777N11204360WA0402104021
B1908553849780N11204361WA0402404024
B1908563849785N11204360WA0402704027
B1908573849791N11204356WA0403004030
B1908583849797N11204349WA0403404034
B1908593849802N11204339WA0403904039
B1909003849805N11204326WA0404304043
B1909013849805N11204313WA0404904049
B1909023849802N11204302WA0405404054
B1909033849797N11204292WA0405904059
B1909043849790N11204285WA0406104061
B1909053849783N11204281WA0406304063
B1909063849775N11204280WA0406604066
B1909073849769N11204282WA0407104071
B1909083849765N11204284WA0407604076
B1909093849763N11204286WA0408104081
B1909103849765N11204288WA0408504085
B1909113849768N11204288WA0408604086
B1909123849772N11204287WA0408804088
B1909133849777N11204287WA0409004090
B1909143849783N11204286WA0409404094
B1909153849789N11204283WA0409704097
B1909163849795N11204280WA0410204102
B1909173849801N11204276WA0410604106
B1909183849806N11204273WA0411204112
B1909193849810N11204269WA0411704117
B1909203849814N11204266WA0412104121
B1909213849819N11204263WA0412404124
B1909223849824N11204260WA0412504125
B1909233849830N11204256WA0412804128
B1909243849836N11204251WA0413204132
B1909253849842N11204246WA0413704137
B1909263849848N11204240WA0414304143
B1909273849853N11204234WA0415004150
B1909283849859N11204228WA0415804158
B1909293849864N11204222WA0416504165
B1909303849868N11204217WA0417204172
B1909313849872N11204212WA0417804178
B1909323849876N11204207WA0418204182
B1909333849880N11204203WA0418504185
B1909343849883N11204199WA0418604186
B1909353849887N11204194WA0418604186
B1909363849892N11204188WA0418504185
B1909373849897N11204181WA0418504185
B1909383849902N11204174WA0418704187
B1909393849905N11204166WA0418804188
B1909403849909N11204159WA0418904189
B1909413849912N11204153WA0419104191
B1909423849915N11204145WA0419004190
B1909433849919N11204138WA0419004190
B1909443849923N11204130WA0418904189
B1909453849926N11204122WA0418904189
B1909463849930N11204115WA0418904189
B1909473849934N11204108WA0418704187
B1909483849939N11204099WA0418504185
B1909493849944N11204090WA0417904179
B1909503849950N11204079WA0417404174
B1909513849956N11204067WA0417004170
B1909523849963N11204056WA0416904169
B1909533849968N11204044WA0417004170
B1909543849972N11204032WA0417004170
B1909553849975N11204021WA0417004170
B1909563849979N11204010WA0417004170
B1909573849983N11203999WA0416804168
B1909583849988N11203989WA0416604166
B1909593849994N11203978WA0416404164
B1910003849999N11203968WA0416404164
B1910013850004N11203958WA0416504165
B1910023850009N11203949WA0416604166
B1910033850014N11203940WA0416704167
B1910043850019N11203932WA0416904169
B1910053850024N11203924WA0417204172
B1910063850029N11203917WA0417404174
B1910073850033N11203911WA0417404174
B1910083850039N11203904WA0417304173
B1910093850045N11203898WA0417004170
B1910103850051N11203892WA0416704167
B1910113850058N11203885WA0416404164
B1910123850065N11203879WA0416504165
B1910133850071N11203872WA0417004170
B1910143850076N11203866WA0417604176
B1910153850081N11203860WA0418004180
B1910163850085N11203856WA0418104181
B1910173850090N11203852WA0418104181
B1910183850095N11203848WA0417904179
B1910193850101N11203845WA0417604176
B1910203850108N11203840WA0417204172
B1910213850116N11203835WA0417004170
B1910223850123N11203830WA0416904169
B1910233850130N11203823WA0416904169
B1910243850137N11203815WA0416804168
B1910253850144N11203806WA0416704167
B1910263850150N11203795WA0416604166
B1910273850155N11203783WA0416504165
B1910283850160N11203771WA0416404164
B1910293850163N11203757WA0416404164
B1910303850167N11203744WA0416304163
B1910313850170N11203730WA0416304163
B1910323850173N11203716WA0416204162
B1910333850175N11203702WA0416104161
B1910343850177N11203687WA0416004160
B1910353850179N11203674WA0416004160
B1910363850181N11203661WA0416104161
B1910373850182N11203648WA0416104161
B1910383850184N11203635WA0416004160
B1910393850187N11203622WA0415804158
B1910403850190N11203607WA0415404154
B1910413850194N11203591WA0415104151
B1910423850199N11203576WA0415004150
B1910433850202N11203561WA0415104151
B1910443850205N11203546WA0415204152
B1910453850207N11203532WA0415204152
B1910463850209N11203519WA0415204152
B1910473850210N11203505WA0415204152
B1910483850211N11203491WA0415204152
B1910493850212N11203476WA0415104151
B1910503850212N11203461WA0415104151
B1910513850213N11203445WA0415104151
B1910523850214N11203430WA0415304153
B1910533850214N11203415WA0415304153
B1910543850214N11203402WA0415504155
B1910553850214N11203388WA0415404154
B1910563850214N11203374WA0415204152
B1910573850214N11203358WA0414804148
B1910583850214N11203342WA0414604146
B1910593850215N11203326WA0414504145
B1911003850216N11203310WA0414404144
B1911013850216N11203295WA0414304143
B1911023850217N11203281WA0414204142
B1911033850217N11203267WA0414104141
B1911043850218N11203253WA0414004140
B1911053850218N11203239WA0413904139
B1911063850219N11203225WA0413704137
B1911073850220N11203212WA0413504135
B1911083850221N11203199WA0413204132
B1911093850222N11203186WA0412804128
B1911103850223N11203172WA0412404124
B1911113850223N11203157WA0411904119
B1911123850224N11203142WA0411604116
B1911133850224N11203127WA0411304113
B1911143850225N11203113WA0411104111
B1911153850226N11203100WA0411004110
B1911163850226N11203087WA0410904109
B1911173850227N11203075WA0410704107
B1911183850228N11203061WA0410404104
B1911193850229N11203047WA0410104101
B1911203850230N11203033WA0410204102
B1911213850231N11203020WA0410204102
B1911223850231N11203008WA0410204102
B1911233850233N11202996WA0410104101
B1911243850234N11202983WA0410004100
B1911253850234N11202971WA0409804098
B1911263850235N11202959WA0409704097
B1911273850236N11202947WA0409604096
B1911283850238N11202936WA0409504095
B1911293850239N11202924WA0409404094
B1911303850239N11202912WA0409204092
B1911313850240N11202900WA0409004090
B1911323850242N11202888WA0408704087
B1911333850245N11202876WA0408504085
B1911343850246N11202863WA0408404084
B1911353850247N11202851WA0408304083
B1911363850248N11202839WA0408204082
B1911373850248N11202827WA0408104081
B1911383850249N11202815WA0407804078
B1911393850250N11202802WA0407704077
B1911403850251N11202790WA0407504075
B1911413850252N11202778WA0407504075
B1911423850252N11202767WA0407504075
B1911433850252N11202756WA0407404074
B1911443850253N11202745WA0407104071
B1911453850254N11202735WA0406904069
B1911463850254N11202724WA0406704067
B1911473850255N11202713WA0406504065
B1911483850256N11202702WA0406204062
B1911493850257N11202692WA0405904059
B1911503850258N11202681WA0405604056
B1911513850259N11202670WA0405304053
B1911523850259N11202658WA0405104051
B1911533850259N11202645WA0404804048
B1911543850260N11202632WA0404304043
B1911553850261N11202619WA0403704037
B1911563850262N11202604WA0403204032
B1911573850264N11202589WA0402704027
B1911583850265N11202573WA0402404024
B1911593850267N11202559WA0402204022
B1912003850269N11202546WA0402004020
B1912013850272N11202533WA0401804018
B1912023850274N11202520WA0401404014
B1912033850277N11202507WA0401104011
B1912043850278N11202493WA0401004010
B1912053850278N11202478WA0400904009
B1912063850278N11202464WA0400804008
B1912073850278N11202450WA0400904009
B1912083850277N11202438WA0401004010
B1912093850275N11202426WA0401104011
B1912103850273N11202414WA0401104011
B1912113850271N11202403WA0401104011
B1912123850270N11202391WA0401004010
B1912133850269N11202379WA0400904009
B1912143850268N11202367WA0400704007
B1912153850268N11202354WA0400404004
B1912163850268N11202340WA0400004000
B1912173850267N11202326WA0399503995
B1912183850268N11202311WA0399203992
B1912193850269N11202296WA0398803988
B1912203850270N11202281WA0398603986
B1912213850272N11202268WA0398403984
B1912223850273N11202255WA0398403984
B1912233850274N11202243WA0398403984
B1912243850276N11202231WA0398303983
B1912253850278N11202219WA0398103981
B1912263850282N11202207WA0397903979
B1912273850285N11202195WA0398003980
B1912283850288N11202183WA0398303983
B1912293850290N11202172WA0398803988
B1912303850292N11202161WA0399303993
B1912313850294N11202151WA0399703997
B1912323850297N11202140WA0399903999
B1912333850301N11202128WA0400004000
B1912343850305N11202116WA0400304003
B1912353850308N11202104WA0400604006
B1912363850311N11202093WA0401004010
B1912373850314N11202083WA0401304013
B1912383850317N11202072WA0401604016
B1912393850320N11202061WA0401804018
B1912403850323N11202049WA0402004020
B1912413850326N11202037WA0402104021
B1912423850329N11202025WA0402204022
B1912433850333N11202014WA0402304023
B1912443850336N11202003WA0402504025
B1912453850340N11201992WA0402504025
B1912463850344N11201980WA0402604026
B1912473850348N11201968WA0402604026
B1912483850352N11201956WA0402604026
B1912493850355N11201943WA0402604026
B1912503850358N11201931WA0402704027
B1912513850360N11201918WA0402704027
B1912523850363N11201906WA0402704027
B1912533850365N11201893WA0402604026
B1912543850368N11201880WA0402404024
B1912553850371N11201867WA0402304023
B1912563850374N11201853WA0402104021
B1912573850377N11201840WA0402004020
B1912583850380N11201827WA0402004020
B1912593850383N11201814WA0401904019
B1913003850385N11201801WA0401804018
B1913013850388N11201787WA0401604016
B1913023850391N11201774WA0401504015
B1913033850394N11201761WA0401404014
B1913043850398N11201749WA0401404014
B1913053850401N11201737WA0401404014
B1913063850405N11201725WA0401304013
B1913073850408N11201712WA0401104011
B1913083850411N11201698WA0400904009
B1913093850413N11201685WA0400704007
B1913103850416N11201671WA0400504005
B1913113850419N11201658WA0400404004
B1913123850422N11201646WA0400304003
B1913133850426N11201635WA0400104001
B1913143850431N11201624WA0399903999
B1913153850436N11201613WA0399603996
B1913163850441N11201602WA0399303993
B1913173850447N11201591WA0399103991
B1913183850453N11201580WA0398903989
B1913193850458N11201569WA0398803988
B1913203850464N11201558WA0398803988
B1913213850470N11201547WA0398903989
B1913223850476N11201536WA0398903989
B1913233850481N11201525WA0399003990
B1913243850486N11201515WA0399003990
B1913253850491N11201504WA0399003990
B1913263850497N11201493WA0399003990
B1913273850502N11201482WA0399103991
B1913283850507N11201472WA0399303993
B1913293850512N11201461WA0399403994
B1913303850517N11201451WA0399503995
B1913313850523N11201440WA0399503995
B1913323850528N11201429WA0399503995
B1913333850533N11201419WA0399603996
B1913343850538N11201408WA0399703997
B1913353850543N11201398WA0399803998
B1913363850548N11201387WA0399903999
B1913373850553N11201377WA0400004000
B1913383850558N11201368WA0400104001
B1913393850563N11201357WA0400204002
B1913403850568N11201346WA0400104001
B1913413850573N11201334WA0400104001
B1913423850578N11201321WA0400004000
B1913433850582N11201308WA0400004000
B1913443850587N11201294WA0400104001
B1913453850591N11201281WA0400204002
B1913463850596N11201269WA0400404004
B1913473850600N11201256WA0400504005
B1913483850605N11201244WA0400604006
B1913493850610N11201232WA0400604006
B1913503850615N11201220WA0400604006
B1913513850621N11201208WA0400404004
B1913523850626N11201196WA0400304003
B1913533850632N11201185WA0400204002
B1913543850637N11201173WA0400104001
B1913553850643N11201162WA0399903999
B1913563850649N11201150WA0399603996
B1913573850655N11201137WA0399303993
B1913583850661N11201125WA0399003990
B1913593850667N11201112WA0398903989
B1914003850673N11201100WA0398703987
B1914013850678N11201087WA0398503985
B1914023850682N11201074WA0398203982
B1914033850687N11201060WA0397803978
B1914043850692N11201045WA0397403974
B1914053850696N11201030WA0396903969
B1914063850701N11201015WA0396503965
B1914073850706N11201000WA0396103961
B1914083850711N11200985WA0395803958
B1914093850717N11200970WA0395603956
B1914103850723N11200956WA0395503955
B1914113850728N11200942WA0395203952
B1914123850734N11200928WA0395003950
B1914133850739N11200914WA0394703947
B1914143850745N11200899WA0394403944
B1914153850750N11200884WA0394103941
B1914163850755N11200869WA0393803938
B1914173850761N11200855WA0393503935
B1914183850767N11200841WA0393303933
B1914193850773N11200828WA0393203932
B1914203850779N11200815WA0393203932
B1914213850783N11200803WA0393203932
B1914223850787N11200790WA0393203932
B1914233850792N11200776WA0393003930
B1914243850796N11200763WA0392803928
B1914253850801N11200750WA0392603926
B1914263850806N11200736WA0392403924
B1914273850812N11200724WA0392303923
B1914283850817N11200711WA0392103921
B1914293850822N11200698WA0392003920
B1914303850827N11200685WA0391803918
B1914313850833N11200672WA0391703917
B1914323850838N11200659WA0391503915
B1914333850844N11200646WA0391403914
B1914343850849N11200633WA0391403914
B1914353850854N11200620WA0391203912
B1914363850860N11200606WA0391103911
B1914373850865N11200593WA0390903909
B1914383850871N11200579WA0390703907
B1914393850876N11200566WA0390503905
B1914403850882N11200552WA0390403904
B1914413850888N11200539WA0390303903
B1914423850894N11200526WA0390203902
B1914433850899N11200513WA0390003900
B1914443850905N11200500WA0389903899
B1914453850911N11200486WA0389603896
B1914463850916N11200472WA0389403894
B1914473850921N11200457WA0389303893
B1914483850926N11200443WA0389103891
B1914493850930N11200429WA0388903889
B1914503850934N11200415WA0388803888
B1914513850938N11200401WA0388603886
B1914523850942N11200386WA0388403884
B1914533850946N11200372WA0388303883
B1914543850951N11200357WA0388203882
B1914553850956N11200343WA0388003880
B1914563850963N11200329WA0387703877
B1914573850969N11200315WA0387303873
B1914583850976N11200301WA0387003870
B1914593850983N11200286WA0386903869
B1915003850990N11200271WA0386803868
B1915013850996N11200257WA0386803868
B1915023851001N11200243WA0386703867
B1915033851007N11200228WA0386503865
B1915043851013N11200213WA0386303863
B1915053851019N11200198WA0385903859
B1915063851025N11200182WA0385503855
B1915073851031N11200166WA0385203852
B1915083851038N11200149WA0384803848
B1915093851044N11200133WA0384603846
B1915103851049N11200115WA0384403844
B1915113851054N11200098WA0384303843
B1915123851059N11200081WA0384103841
B1915133851064N11200064WA0384003840
B1915143851068N11200047WA0383903839
B1915153851072N11200029WA0383803838
B1915163851076N11200012WA0383603836
B1915173851080N11159995WA0383403834
B1915183851085N11159978WA0383203832
B1915193851089N11159961WA0382803828
B1915203851094N11159944WA0382603826
B1915213851098N11159926WA0382303823
B1915223851102N11159909WA0382103821
B1915233851107N11159891WA0381903819
B1915243851111N11159874WA0381603816
B1915253851116N11159858WA0381403814
B1915263851120N11159841WA0381103811
B1915273851126N11159825WA0380703807
B1915283851131N11159808WA0380303803
B1915293851136N11159792WA0379803798
B1915303851142N11159775WA0379403794
B1915313851147N11159758WA0379003790
B1915323851153N11159741WA0378503785
B1915333851158N11159724WA0378103781
B1915343851163N11159707WA0377803778
B1915353851169N11159690WA0377403774
B1915363851174N11159672WA0377003770
B1915373851179N11159655WA0376703767
B1915383851184N11159638WA0376303763
B1915393851190N11159621WA0376003760
B1915403851195N11159603WA0375703757
B1915413851201N11159587WA0375303753
B1915423851206N11159570WA0375003750
B1915433851212N11159553WA0374703747
B1915443851217N11159536WA0374403744
B1915453851222N11159519WA0374103741
B1915463851228N11159502WA0373803738
B1915473851233N11159485WA0373503735
B1915483851239N11159468WA0373203732
B1915493851244N11159452WA0372903729
B1915503851250N11159435WA0372703727
B1915513851256N11159419WA0372503725
B1915523851262N11159404WA0372303723
B1915533851268N11159388WA0372003720
B1915543851274N11159373WA0371703717
B1915553851280N11159358WA0371403714
B1915563851286N11159343WA0371003710
B1915573851292N11159327WA0370703707
B1915583851299N11159311WA0370303703
B1915593851305N11159295WA0370003700
B1916003851312N11159279WA0369803698
B1916013851318N11159263WA0369603696
B1916023851324N11159247WA0369403694
B1916033851329N11159231WA0369403694
B1916043851333N11159215WA0369403694
B1916053851338N11159199WA0369303693
B1916063851342N11159183WA0369103691
B1916073851347N11159167WA0368903689
B1916083851352N11159150WA0368603686
B1916093851357N11159134WA0368203682
B1916103851363N11159117WA0367903679
B1916113851369N11159100WA0367503675
B1916123851375N11159083WA0367203672
B1916133851381N11159066WA0367103671
B1916143851387N11159049WA0366903669
B1916153851393N11159033WA0366803668
B1916163851400N11159017WA0366703667
B1916173851407N11159001WA0366503665
B1916183851413N11158985WA0366403664
B1916193851419N11158969WA0366403664
B1916203851424N11158953WA0366403664
B1916213851429N11158937WA0366303663
B1916223851434N11158921WA0366203662
B1916233851439N11158904WA0365903659
B1916243851444N11158887WA0365603656
B1916253851449N11158869WA0365203652
B1916263851453N11158852WA0365003650
B1916273851457N11158835WA0365003650
B1916283851461N11158818WA0364903649
B1916293851465N11158802WA0364803648
B1916303851469N11158787WA0364703647
B1916313851473N11158771WA0364503645
B1916323851477N11158755WA0364203642
B1916333851480N11158739WA0363903639
B1916343851484N11158722WA0363603636
B1916353851488N11158706WA0363303633
B1916363851493N11158689WA0363103631
B1916373851496N11158673WA0362903629
B1916383851500N11158657WA0362703627
B1916393851505N11158640WA0362403624
B1916403851509N11158623WA0362203622
B1916413851514N11158607WA0362103621
B1916423851518N11158590WA0362103621
B1916433851523N11158575WA0362103621
B1916443851528N11158560WA0362203622
B1916453851532N11158545WA0362103621
B1916463851537N11158530WA0361903619
B1916473851542N11158515WA0361703617
B1916483851547N11158499WA0361503615
B1916493851552N11158484WA0361303613
B1916503851557N11158468WA0361103611
B1916513851562N11158453WA0360903609
B1916523851567N11158437WA0360603606
B1916533851571N11158421WA0360303603
B1916543851576N11158405WA0360103601
B1916553851581N11158388WA0359803598
B1916563851586N11158372WA0359603596
B1916573851591N11158356WA0359403594
B1916583851596N11158339WA0359203592
B1916593851601N11158323WA0358903589
B1917003851607N11158306WA0358703587
B1917013851612N11158290WA0358603586
B1917023851617N11158274WA0358403584
B1917033851623N11158259WA0358203582
B1917043851628N11158244WA0358103581
B1917053851634N11158229WA0358003580
B1917063851639N11158214WA0357803578
B1917073851644N11158198WA0357603576
B1917083851650N11158183WA0357403574
B1917093851655N11158167WA0357103571
B1917103851661N11158152WA0356803568
B1917113851667N11158136WA0356503565
B1917123851672N11158120WA0356303563
B1917133851678N11158104WA0356103561
B1917143851684N11158088WA0355903559
B1917153851689N11158073WA0355703557
B1917163851694N11158057WA0355403554
B1917173851700N11158041WA0355203552
B1917183851705N11158025WA0355003550
B1917193851710N11158010WA0354803548
B1917203851716N11157994WA0354603546
B1917213851721N11157979WA0354403544
B1917223851727N11157964WA0354303543
B1917233851732N11157948WA0354103541
B1917243851738N11157933WA0353903539
B1917253851745N11157917WA0353703537
B1917263851750N11157902WA0353803538
B1917273851756N11157887WA0353903539
B1917283851761N11157871WA0353803538
B1917293851766N11157856WA0353703537
B1917303851771N11157840WA0353503535
B1917313851776N11157824WA0353303533
B1917323851781N11157807WA0353003530
B1917333851786N11157790WA0352803528
B1917343851791N11157774WA0352603526
B1917353851795N11157757WA0352503525
B1917363851800N11157740WA0352403524
B1917373851805N11157724WA0352303523
B1917383851811N11157709WA0352103521
B1917393851818N11157694WA0352103521
B1917403851824N11157679WA0352003520
B1917413851831N11157665WA0352003520
B1917423851837N11157651WA0351903519
B1917433851844N11157636WA0351603516
B1917443851851N11157621WA0351403514
B1917453851858N11157605WA0351103511
B1917463851865N11157590WA0351003510
B1917473851872N11157574WA0350803508
B1917483851879N11157560WA0350703507
B1917493851886N11157545WA0350503505
B1917503851893N11157530WA0350303503
B1917513851900N11157516WA0350103501
B1917523851908N11157501WA0349803498
B1917533851915N11157486WA0349603496
B1917543851922N11157471WA0349303493
B1917553851929N11157457WA0349103491
B1917563851937N11157442WA0348903489
B1917573851944N11157428WA0348603486
B1917583851951N11157413WA0348403484
B1917593851959N11157398WA0348103481
B1918003851966N11157382WA0347803478
B1918013851973N11157367WA0347503475
B1918023851980N11157352WA0347203472
B1918033851987N11157337WA0347103471
B1918043851994N11157322WA0347103471
B1918053852000N11157308WA0347003470
B1918063852006N11157294WA0346903469
B1918073852012N11157280WA0346803468
B1918083852018N11157264WA0346703467
B1918093852023N11157249WA0346703467
B1918103852027N11157234WA0346703467
B1918113852032N11157220WA0346803468
B1918123852036N11157206WA0346803468
B1918133852041N11157191WA0346703467
B1918143852046N11157176WA0346403464
B1918153852050N11157161WA0346103461
B1918163852055N11157146WA0345903459
B1918173852060N11157130WA0345703457
B1918183852065N11157115WA0345503455
B1918193852070N11157100WA0345303453
B1918203852076N11157085WA0345103451
B1918213852082N11157070WA0344903449
B1918223852088N11157054WA0344703447
B1918233852094N11157039WA0344403444
B1918243852100N11157024WA0344203442
B1918253852105N11157008WA0344003440
B1918263852110N11156993WA0343903439
B1918273852116N11156978WA0343703437
B1918283852121N11156964WA0343603436
B1918293852126N11156949WA0343403434
B1918303852132N11156934WA0343103431
B1918313852137N11156919WA0342903429
B1918323852141N11156904WA0342703427
B1918333852146N11156889WA0342603426
B1918343852150N11156873WA0342403424
B1918353852154N11156858WA0342203422
B1918363852159N11156843WA0342003420
B1918373852163N11156828WA0341803418
B1918383852167N11156812WA0341503415
B1918393852172N11156797WA0341203412
B1918403852176N11156781WA0341003410
B1918413852181N11156765WA0340703407
B1918423852185N11156749WA0340503405
B1918433852190N11156733WA0340203402
B1918443852194N11156717WA0340003400
B1918453852199N11156702WA0339903399
B1918463852204N11156687WA0339703397
B1918473852209N11156671WA0339503395
B1918483852213N11156655WA0339203392
B1918493852217N11156640WA0339003390
B1918503852221N11156624WA0338703387
B1918513852225N11156608WA0338503385
B1918523852229N11156592WA0338303383
B1918533852232N11156577WA0338103381
B1918543852236N11156562WA0337903379
B1918553852240N11156547WA0337703377
B1918563852244N11156531WA0337403374
B1918573852249N11156516WA0337203372
B1918583852253N11156501WA0336903369
B1918593852258N11156486WA0336603366
B1919003852262N11156471WA0336303363
B1919013852267N11156455WA0336003360
B1919023852271N11156440WA0335803358
B1919033852275N11156425WA0335503355
B1919043852280N11156410WA0335303353
B1919053852283N11156394WA0335003350
B1919063852287N11156379WA0334703347
B1919073852291N11156363WA0334403344
B1919083852296N11156349WA0334303343
B1919093852303N11156337WA0334203342
B1919103852311N11156328WA0334003340
B1919113852320N11156320WA0333803338
B1919123852329N11156313WA0333503335
B1919133852339N11156307WA0333303333
B1919143852349N11156302WA0333103331
B1919153852360N11156298WA0332803328
B1919163852370N11156294WA0332403324
B1919173852381N11156291WA0332003320
B1919183852393N11156288WA0331603316
B1919193852404N11156286WA0331303313
B1919203852416N11156286WA0331003310
B1919213852427N11156286WA0330703307
B1919223852438N11156286WA0330503305
B1919233852449N11156286WA0330303303
B1919243852460N11156286WA0330003300
B1919253852471N11156287WA0329703297
B1919263852482N11156289WA0329403294
B1919273852493N11156293WA0329103291
B1919283852504N11156296WA0328903289
B1919293852515N11156300WA0328603286
B1919303852525N11156304WA0328403284
B1919313852536N11156307WA0328203282
B1919323852547N11156310WA0328003280
B1919333852558N11156312WA0327703277
B1919343852569N11156315WA0327403274
B1919353852580N11156317WA0327203272
B1919363852591N11156320WA0327003270
B1919373852601N11156323WA0326703267
B1919383852612N11156327WA0326503265
B1919393852622N11156329WA0326203262
B1919403852633N11156332WA0326003260
B1919413852644N11156334WA0325703257
B1919423852655N11156337WA0325503255
B1919433852666N11156340WA0325203252
B1919443852677N11156342WA0324903249
B1919453852688N11156344WA0324703247
B1919463852699N11156346WA0324403244
B1919473852710N11156347WA0324103241
B1919483852721N11156348WA0323803238
B1919493852733N11156349WA0323503235
B1919503852744N11156350WA0323203232
B1919513852756N11156351WA0323003230
B1919523852767N11156351WA0322703227
B1919533852779N11156350WA0322403224
B1919543852791N11156349WA0322203222
B1919553852802N11156348WA0322003220
B1919563852813N11156347WA0321803218
B1919573852824N11156345WA0321703217
B1919583852834N11156344WA0321503215
B1919593852845N11156342WA0321303213
B1920003852856N11156339WA0321003210
B1920013852867N11156336WA0320703207
B1920023852878N11156334WA0320403204
B1920033852889N11156332WA0320203202
B1920043852900N11156330WA0320003200
B1920053852910N11156327WA0319803198
B1920063852920N11156325WA0319603196
B1920073852930N11156323WA0319403194
B1920083852940N11156321WA0319003190
B1920093852951N11156318WA0318703187
B1920103852961N11156316WA0318303183
B1920113852972N11156314WA0317903179
B1920123852983N11156312WA0317503175
B1920133852994N11156310WA0317203172
B1920143853004N11156309WA0316903169
B1920153853015N11156307WA0316703167
B1920163853025N11156305WA0316403164
B1920173853035N11156304WA0316103161
B1920183853045N11156302WA0315803158
B1920193853054N11156299WA0315603156
B1920203853064N11156297WA0315403154
B1920213853073N11156294WA0315203152
B1920223853082N11156292WA0314903149
B1920233853092N11156290WA0314503145
B1920243853102N11156289WA0314103141
B1920253853113N11156287WA0313803138
B1920263853123N11156287WA0313503135
B1920273853133N11156287WA0313303133
B1920283853143N11156287WA0313203132
B1920293853152N11156287WA0313103131
B1920303853161N11156288WA0312903129
B1920313853170N11156288WA0312603126
B1920323853180N11156289WA0312203122
B1920333853189N11156289WA0311803118
B1920343853199N11156291WA0311403114
B1920353853209N11156292WA0311103111
B1920363853219N11156293WA0310803108
B1920373853228N11156294WA0310603106
B1920383853238N11156296WA0310303103
B1920393853247N11156297WA0310103101
B1920403853257N11156298WA0309803098
B1920413853266N11156300WA0309603096
B1920423853276N11156301WA0309303093
B1920433853285N11156302WA0309103091
B1920443853295N11156303WA0308903089
B1920453853304N11156304WA0308703087
B1920463853314N11156305WA0308503085
B1920473853324N11156306WA0308203082
B1920483853333N11156307WA0307903079
B1920493853343N11156308WA0307603076
B1920503853353N11156310WA0307303073
B1920513853363N11156311WA0307103071
B1920523853373N11156312WA0306903069
B1920533853383N11156313WA0306703067
B1920543853393N11156314WA0306503065
B1920553853402N11156315WA0306203062
B1920563853412N11156316WA0306003060
B1920573853422N11156317WA0305703057
B1920583853431N11156318WA0305403054
B1920593853441N11156319WA0305103051
B1921003853452N11156320WA0304803048
B1921013853462N11156320WA0304503045
B1921023853472N11156321WA0304203042
B1921033853482N11156322WA0304003040
B1921043853492N11156322WA0303903039
B1921053853502N11156322WA0303703037
B1921063853512N11156323WA0303503035
B1921073853521N11156324WA0303303033
B1921083853531N11156325WA0303003030
B1921093853541N11156325WA0302603026
B1921103853552N11156326WA0302303023
B1921113853562N11156327WA0302003020
B1921123853572N11156328WA0301803018
B1921133853583N11156328WA0301603016
B1921143853593N11156328WA0301303013
B1921153853603N11156328WA0301103011
B1921163853613N11156329WA0300803008
B1921173853623N11156329WA0300503005
B1921183853633N11156329WA0300203002
B1921193853644N11156329WA0299802998
B1921203853654N11156329WA0299502995
B1921213853664N11156329WA0299202992
B1921223853675N11156330WA0298802988
B1921233853685N11156329WA0298602986
B1921243853696N11156329WA0298302983
B1921253853706N11156329WA0298002980
B1921263853717N11156328WA0297802978
B1921273853727N11156328WA0297502975
B1921283853738N11156327WA0297102971
B1921293853748N11156326WA0296802968
B1921303853758N11156325WA0296502965
B1921313853769N11156325WA0296202962
B1921323853780N11156324WA0295902959
B1921333853790N11156323WA0295602956
B1921343853801N11156322WA0295302953
B1921353853811N11156321WA0295102951
B1921363853821N11156319WA0294702947
B1921373853832N11156317WA0294402944
B1921383853842N11156316WA0294002940
B1921393853852N11156314WA0293602936
B1921403853863N11156312WA0293102931
B1921413853874N11156310WA0292602926
B1921423853885N11156307WA0292102921
B1921433853896N11156305WA0291602916
B1921443853907N11156303WA0291302913
B1921453853918N11156301WA0291102911
B1921463853929N11156299WA0290902909
B1921473853939N11156298WA0290702907
B1921483853950N11156298WA0290402904
B1921493853961N11156298WA0290102901
B1921503853971N11156299WA0290002900
B1921513853982N11156299WA0289802898
B1921523853992N11156299WA0289802898
B1921533854001N11156300WA0289702897
B1921543854011N11156302WA0289602896
B1921553854020N11156303WA0289402894
B1921563854030N11156304WA0289102891
B1921573854040N11156305WA0288802888
B1921583854049N11156305WA0288502885
B1921593854059N11156305WA0288302883
B1922003854069N11156307WA0288002880
B1922013854079N11156308WA0287802878
B1922023854088N11156310WA0287802878
B1922033854098N11156311WA0287702877
B1922043854107N11156312WA0287702877
B1922053854115N11156313WA0287602876
B1922063854125N11156314WA0287402874
B1922073854134N11156315WA0287102871
B1922083854144N11156316WA0286802868
B1922093854154N11156317WA0286502865
B1922103854165N11156318WA0286302863
B1922113854175N11156318WA0286102861
B1922123854186N11156316WA0285902859
B1922133854196N11156314WA0285902859
B1922143854205N11156311WA0285902859
B1922153854215N11156308WA0285902859
B1922163854224N11156305WA0285802858
B1922173854234N11156303WA0285702857
B1922183854244N11156300WA0285502855
B1922193854254N11156299WA0285302853
B1922203854264N11156297WA0285102851
B1922213854275N11156295WA0285002850
B1922223854285N11156294WA0284902849
B1922233854295N11156292WA0284902849
B1922243854305N11156291WA0284902849
B1922253854314N11156290WA0285002850
B1922263854324N11156289WA0285102851
B1922273854333N11156288WA0285102851
B1922283854343N11156287WA0285102851
B1922293854353N11156285WA0285102851
B1922303854364N11156283WA0284902849
B1922313854375N11156281WA0284802848
B1922323854387N11156280WA0284702847
B1922333854399N11156279WA0284802848
B1922343854410N11156278WA0285102851
B1922353854419N11156279WA0285502855
B1922363854428N11156279WA0286002860
B1922373854437N11156279WA0286302863
B1922383854446N11156279WA0286402864
B1922393854456N11156278WA0286402864
B1922403854466N11156277WA0286502865
B1922413854476N11156276WA0286502865
B1922423854486N11156274WA0286602866
B1922433854497N11156273WA0286702867
B1922443854508N11156273WA0286802868
B1922453854519N11156272WA0286902869
B1922463854530N11156273WA0287002870
B1922473854540N11156273WA0287202872
B1922483854550N11156273WA0287402874
B1922493854560N11156273WA0287402874
B1922503854570N11156274WA0287502875
B1922513854580N11156274WA0287402874
B1922523854591N11156273WA0287402874
B1922533854601N11156271WA0287502875
B1922543854611N11156269WA0287802878
B1922553854621N11156267WA0288102881
B1922563854631N11156267WA0288402884
B1922573854640N11156267WA0288402884
B1922583854650N11156267WA0288302883
B1922593854661N11156268WA0288002880
B1923003854672N11156268WA0287802878
B1923013854682N11156269WA0287602876
B1923023854693N11156270WA0287602876
B1923033854703N11156271WA0287502875
B1923043854713N11156273WA0287402874
B1923053854723N11156274WA0287402874
B1923063854734N11156276WA0287402874
B1923073854744N11156278WA0287302873
B1923083854755N11156279WA0287302873
B1923093854765N11156281WA0287302873
B1923103854774N11156283WA0287402874
B1923113854784N11156286WA0287602876
B1923123854794N11156289WA0287802878
B1923133854804N11156292WA0287902879
B1923143854814N11156296WA0288002880
B1923153854824N11156299WA0288202882
B1923163854834N11156303WA0288502885
B1923173854843N11156307WA0288802888
B1923183854853N11156311WA0289102891
B1923193854862N11156315WA0289302893
B1923203854872N11156318WA0289602896
B1923213854880N11156320WA0290202902
B1923223854888N11156321WA0290702907
B1923233854895N11156323WA0291102911
B1923243854903N11156325WA0291402914
B1923253854910N11156328WA0291702917
B1923263854918N11156330WA0291802918
B1923273854926N11156333WA0291802918
B1923283854935N11156336WA0291802918
B1923293854945N11156339WA0291702917
B1923303854954N11156342WA0291802918
B1923313854962N11156345WA0292002920
B1923323854971N11156348WA0292202922
B1923333854979N11156351WA0292202922
B1923343854988N11156354WA0291902919
B1923353854998N11156357WA0291602916
B1923363855008N11156361WA0291302913
B1923373855020N11156363WA0291202912
B1923383855032N11156364WA0291102911
B1923393855044N11156363WA0291002910
B1923403855056N11156361WA0291002910
B1923413855067N11156359WA0291202912
B1923423855078N11156358WA0291302913
B1923433855089N11156357WA0291302913
B1923443855101N11156357WA0291102911
B1923453855113N11156356WA0290802908
B1923463855126N11156357WA0290502905
B1923473855140N11156358WA0290302903
B1923483855153N11156358WA0290302903
B1923493855166N11156359WA0290302903
B1923503855178N11156360WA0290402904
B1923513855190N11156361WA0290602906
B1923523855201N11156362WA0290902909
B1923533855211N11156363WA0291202912
B1923543855221N11156363WA0291502915
B1923553855231N11156363WA0291702917
B1923563855241N11156363WA0291702917
B1923573855252N11156362WA0291602916
B1923583855262N11156360WA0291502915
B1923593855273N11156358WA0291402914
B1924003855283N11156355WA0291302913
B1924013855294N11156352WA0291202912
B1924023855305N11156350WA0291102911
B1924033855316N11156347WA0291002910
B1924043855328N11156345WA0290802908
B1924053855340N11156343WA0290802908
B1924063855351N11156341WA0290702907
B1924073855363N11156339WA0290602906
B1924083855375N11156337WA0290502905
B1924093855386N11156336WA0290402904
B1924103855398N11156334WA0290302903
B1924113855409N11156333WA0290202902
B1924123855420N11156333WA0290102901
B1924133855432N11156332WA0289902899
B1924143855443N11156333WA0289902899
B1924153855454N11156333WA0289902899
B1924163855465N11156334WA0289902899
B1924173855475N11156335WA0290002900
B1924183855485N11156336WA0290102901
B1924193855495N11156336WA0290002900
B1924203855505N11156337WA0289902899
B1924213855515N11156337WA0289802898
B1924223855526N11156338WA0289702897
B1924233855536N11156338WA0289602896
B1924243855547N11156339WA0289502895
B1924253855557N11156340WA0289402894
B1924263855568N11156341WA0289402894
B1924273855578N11156342WA0289302893
B1924283855588N11156344WA0289302893
B1924293855597N11156345WA0289302893
B1924303855607N11156347WA0289302893
B1924313855616N11156348WA0289202892
B1924323855625N11156349WA0289202892
B1924333855635N11156350WA0289102891
B1924343855644N11156351WA0289002890
B1924353855654N11156352WA0288902889
B1924363855664N11156352WA0288702887
B1924373855674N11156353WA0288502885
B1924383855685N11156353WA0288302883
B1924393855696N11156354WA0288102881
B1924403855707N11156355WA0288002880
B1924413855717N11156355WA0287902879
B1924423855729N11156355WA0287802878
B1924433855740N11156355WA0287702877
B1924443855751N11156355WA0287602876
B1924453855762N11156355WA0287402874
B1924463855773N11156356WA0287302873
B1924473855784N11156356WA0287202872
B1924483855794N11156357WA0287002870
B1924493855805N11156358WA0286802868
B1924503855816N11156359WA0286502865
B1924513855827N11156361WA0286302863
B1924523855838N11156362WA0286002860
B1924533855849N11156363WA0285802858
B1924543855860N11156365WA0285702857
B1924553855870N11156366WA0285702857
B1924563855881N11156368WA0285702857
B1924573855890N11156369WA0285602856
B1924583855900N11156371WA0285502855
B1924593855910N11156374WA0285302853
B1925003855919N11156376WA0285102851
B1925013855930N11156379WA0284802848
B1925023855940N11156382WA0284502845
B1925033855950N11156385WA0284502845
B1925043855959N11156388WA0284502845
B1925053855967N11156392WA0284702847
B1925063855976N11156396WA0284902849
B1925073855984N11156400WA0285002850
B1925083855992N11156404WA0285102851
B1925093856000N11156407WA0285102851
B1925103856009N11156410WA0285102851
B1925113856018N11156412WA0285102851
B1925123856027N11156413WA0285202852
B1925133856036N11156414WA0285302853
B1925143856045N11156416WA0285402854
B1925153856055N11156417WA0285502855
B1925163856065N11156419WA0285502855
B1925173856074N11156421WA0285502855
B1925183856084N11156423WA0285402854
B1925193856094N11156423WA0285402854
B1925203856104N11156422WA0285302853
B1925213856115N11156419WA0285202852
B1925223856125N11156413WA0285102851
B1925233856136N11156406WA0284802848
B1925243856146N11156397WA0284702847
B1925253856156N11156387WA0284502845
B1925263856165N11156376WA0284402844
B1925273856175N11156365WA0284302843
B1925283856184N11156354WA0284302843
B1925293856192N11156344WA0284202842
B1925303856201N11156333WA0284102841
B1925313856210N11156322WA0283902839
B1925323856219N11156310WA0283602836
B1925333856229N11156298WA0283302833
B1925343856238N11156285WA0283102831
B1925353856248N11156273WA0282902829
B1925363856258N11156261WA0282702827
B1925373856267N11156249WA0282702827
B1925383856277N11156238WA0282602826
B1925393856286N11156226WA0282602826
B1925403856295N11156216WA0282402824
B1925413856305N11156205WA0282202822
B1925423856314N11156193WA0282102821
B1925433856323N11156182WA0281902819
B1925443856333N11156170WA0281702817
B1925453856342N11156159WA0281602816
B1925463856351N11156148WA0281602816
B1925473856359N11156138WA0281602816
B1925483856368N11156128WA0281502815
B1925493856376N11156118WA0281302813
B1925503856386N11156108WA0281002810
B1925513856395N11156097WA0280702807
B1925523856404N11156086WA0280502805
B1925533856413N11156075WA0280202802
B1925543856422N11156064WA0280002800
B1925553856431N11156054WA0279802798
B1925563856440N11156044WA0279602796
B1925573856449N11156034WA0279202792
B1925583856459N11156023WA0278802788
B1925593856468N11156012WA0278402784
B1926003856478N11156001WA0278102781
B1926013856487N11155990WA0277802778
B1926023856497N11155979WA0277602776
B1926033856506N11155968WA0277402774
B1926043856515N11155957WA0277202772
B1926053856524N11155946WA0276902769
B1926063856533N11155936WA0276602766
B1926073856542N11155925WA0276302763
B1926083856550N11155914WA0276002760
B1926093856559N11155903WA0275702757
B1926103856568N11155892WA0275502755
B1926113856576N11155881WA0275302753
B1926123856585N11155870WA0275102751
B1926133856593N11155860WA0274802748
B1926143856602N11155849WA0274502745
B1926153856611N11155839WA0274102741
B1926163856620N11155828WA0273802738
B1926173856629N11155818WA0273402734
B1926183856638N11155807WA0273102731
B1926193856647N11155797WA0272802728
B1926203856656N11155786WA0272502725
B1926213856665N11155775WA0272202722
B1926223856674N11155765WA0272002720
B1926233856683N11155755WA0271802718
B1926243856692N11155745WA0271602716
B1926253856701N11155735WA0271402714
B1926263856710N11155725WA0271202712
B1926273856718N11155716WA0270902709
B1926283856726N11155706WA0270702707
B1926293856735N11155697WA0270402704
B1926303856743N11155687WA0270102701
B1926313856752N11155677WA0269802698
B1926323856760N11155667WA0269602696
B1926333856769N11155658WA0269402694
B1926343856777N11155649WA0269202692
B1926353856785N11155640WA0268902689
B1926363856793N11155631WA0268702687
B1926373856802N11155622WA0268302683
B1926383856810N11155612WA0267802678
B1926393856818N11155601WA0267402674
B1926403856827N11155591WA0267002670
B1926413856835N11155581WA0266702667
B1926423856844N11155570WA0266502665
B1926433856852N11155560WA0266202662
B1926443856861N11155550WA0266102661
B1926453856869N11155541WA0265902659
B1926463856877N11155531WA0265702657
B1926473856885N11155522WA0265502655
B1926483856894N11155513WA0265202652
B1926493856903N11155503WA0264902649
B1926503856911N11155494WA0264602646
B1926513856921N11155484WA0264302643
B1926523856930N11155474WA0264002640
B1926533856939N11155465WA0263802638
B1926543856948N11155456WA0263602636
B1926553856957N11155447WA0263402634
B1926563856966N11155438WA0263202632
B1926573856975N11155428WA0263002630
B1926583856984N11155419WA0262802628
B1926593856992N11155409WA0262602626
B1927003857001N11155400WA0262402624
B1927013857010N11155390WA0262202622
B1927023857018N11155381WA0262002620
B1927033857026N11155372WA0261902619
B1927043857033N11155363WA0261802618
B1927053857040N11155355WA0261602616
B1927063857048N11155346WA0261302613
B1927073857055N11155337WA0261002610
B1927083857063N11155327WA0260702607
B1927093857070N11155318WA0260502605
B1927103857077N11155308WA0260302603
B1927113857085N11155298WA0260002600
B1927123857092N11155288WA0259802598
B1927133857100N11155278WA0259602596
B1927143857108N11155269WA0259402594
B1927153857115N11155259WA0259202592
B1927163857123N11155249WA0259002590
B1927173857130N11155239WA0258902589
B1927183857138N11155230WA0258802588
B1927193857145N11155220WA0258602586
B1927203857153N11155211WA0258502585
B1927213857161N11155202WA0258302583
B1927223857168N11155192WA0258202582
B1927233857175N11155183WA0258102581
B1927243857183N11155175WA0258002580
B1927253857190N11155166WA0257902579
B1927263857197N11155158WA0257702577
B1927273857205N11155149WA0257402574
B1927283857212N11155141WA0257302573
B1927293857220N11155132WA0257102571
B1927303857227N11155124WA0256902569
B1927313857235N11155116WA0256702567
B1927323857242N11155107WA0256502565
B1927333857250N11155099WA0256202562
B1927343857258N11155089WA0255902559
B1927353857265N11155080WA0255702557
B1927363857273N11155070WA0255402554
B1927373857280N11155060WA0255102551
B1927383857288N11155050WA0254802548
B1927393857295N11155040WA0254502545
B1927403857303N11155030WA0254302543
B1927413857310N11155020WA0254002540
B1927423857318N11155010WA0253802538
B1927433857325N11155000WA0253502535
B1927443857333N11154990WA0253302533
B1927453857340N11154980WA0253002530
B1927463857348N11154971WA0252802528
B1927473857355N11154961WA0252502525
B1927483857363N11154951WA0252202522
B1927493857370N11154942WA0251902519
B1927503857378N11154932WA0251702517
B1927513857384N11154922WA0251502515
B1927523857391N11154912WA0251302513
B1927533857398N11154902WA0251102511
B1927543857405N11154893WA0250902509
B1927553857411N11154883WA0250602506
B1927563857418N11154873WA0250302503
B1927573857425N11154864WA0250102501
B1927583857432N11154854WA0249902499
B1927593857438N11154845WA0249702497
B1928003857445N11154836WA0249502495
B1928013857452N11154827WA0249302493
B1928023857459N11154818WA0249002490
B1928033857465N11154809WA0248702487
B1928043857472N11154800WA0248402484
B1928053857479N11154791WA0248002480
B1928063857486N11154781WA0247602476
B1928073857493N11154771WA0247202472
B1928083857500N11154760WA0246802468
B1928093857507N11154749WA0246402464
B1928103857514N11154739WA0246102461
B1928113857521N11154728WA0245802458
B1928123857528N11154718WA0245602456
B1928133857534N11154708WA0245302453
B1928143857541N11154698WA0245102451
B1928153857548N11154688WA0244702447
B1928163857555N11154678WA0244402444
B1928173857562N11154668WA0244002440
B1928183857570N11154658WA0243702437
B1928193857577N11154648WA0243402434
B1928203857584N11154638WA0243102431
B1928213857591N11154628WA0242902429
B1928223857598N11154618WA0242602426
B1928233857606N11154608WA0242302423
B1928243857613N11154598WA0242102421
B1928253857620N11154588WA0241802418
B1928263857627N11154579WA0241502415
B1928273857634N11154569WA0241302413
B1928283857641N11154559WA0241002410
B1928293857648N11154550WA0240802408
B1928303857656N11154540WA0240502405
B1928313857663N11154531WA0240202402
B1928323857670N11154521WA0239902399
B1928333857677N11154512WA0239602396
B1928343857684N11154502WA0239402394
B1928353857691N11154492WA0239102391
B1928363857698N11154482WA0238802388
B1928373857705N11154473WA0238602386
B1928383857712N11154463WA0238302383
B1928393857719N11154453WA0238102381
B1928403857726N11154444WA0237802378
B1928413857733N11154434WA0237602376
B1928423857740N11154425WA0237302373
B1928433857747N11154415WA0237002370
B1928443857755N11154405WA0236702367
B1928453857762N11154395WA0236502365
B1928463857769N11154386WA0236202362
B1928473857776N11154376WA0235902359
B1928483857783N11154367WA0235702357
B1928493857790N11154357WA0235402354
B1928503857797N11154347WA0235102351
B1928513857804N11154337WA0234802348
B1928523857811N11154328WA0234602346
B1928533857818N11154318WA0234402344
B1928543857825N11154309WA0234102341
B1928553857832N11154299WA0234002340
B1928563857839N11154289WA0233702337
B1928573857846N11154280WA0233502335
B1928583857853N11154270WA0233202332
B1928593857860N11154261WA0233002330
B1929003857867N11154251WA0232702327
B1929013857874N11154241WA0232502325
B1929023857881N11154230WA0232202322
B1929033857887N11154220WA0232002320
B1929043857894N11154210WA0231802318
B1929053857901N11154200WA0231502315
B1929063857908N11154190WA0231302313
B1929073857914N11154180WA0231102311
B1929083857921N11154170WA0230902309
B1929093857928N11154160WA0230702307
B1929103857934N11154150WA0230402304
B1929113857941N11154140WA0230102301
B1929123857947N11154129WA0229802298
B1929133857953N11154119WA0229602296
B1929143857959N11154108WA0229302293
B1929153857966N11154097WA0229102291
B1929163857971N11154087WA0228902289
B1929173857977N11154076WA0228602286
B1929183857983N11154065WA0228502285
B1929193857989N11154055WA0228302283
B1929203857994N11154044WA0228102281
B1929213858000N11154034WA0227902279
B1929223858005N11154023WA0227602276
B1929233858011N11154013WA0227302273
B1929243858017N11154002WA0227002270
B1929253858022N11153991WA0226702267
B1929263858027N11153980WA0226402264
B1929273858032N11153968WA0226102261
B1929283858037N11153956WA0225802258
B1929293858042N11153944WA0225502255
B1929303858046N11153932WA0225402254
B1929313858050N11153921WA0225302253
B1929323858054N11153909WA0225202252
B1929333858058N11153898WA0225102251
B1929343858062N11153887WA0224902249
B1929353858066N11153875WA0224702247
B1929363858069N11153864WA0224402244
B1929373858073N11153852WA0224102241
B1929383858077N11153840WA0223802238
B1929393858081N11153827WA0223602236
B1929403858085N11153815WA0223402234
B1929413858089N11153803WA0223302233
B1929423858092N11153791WA0223102231
B1929433858096N11153779WA0223002230
B1929443858099N11153768WA0222802228
B1929453858103N11153756WA0222602226
B1929463858106N11153744WA0222502225
B1929473858109N11153733WA0222202222
B1929483858113N11153722WA0222002220
B1929493858117N11153711WA0221702217
B1929503858121N11153700WA0221402214
B1929513858126N11153689WA0221202212
B1929523858130N11153679WA0221102211
B1929533858135N11153669WA0220902209
B1929543858140N11153659WA0220702207
B1929553858145N11153649WA0220402204
B1929563858150N11153640WA0220102201
B1929573858156N11153631WA0219802198
B1929583858161N11153621WA0219502195
B1929593858167N11153612WA0219202192
B1930003858173N11153603WA0218902189
B1930013858178N11153593WA0218402184
B1930023858184N11153582WA0218002180
B1930033858189N11153570WA0217502175
B1930043858194N11153559WA0217102171
B1930053858199N11153547WA0216902169
B1930063858203N11153537WA0216602166
B1930073858207N11153526WA0216502165
B1930083858210N11153516WA0216202162
B1930093858214N11153506WA0215902159
B1930103858218N11153496WA0215602156
B1930113858223N11153485WA0215102151
B1930123858228N11153473WA0214702147
B1930133858234N11153462WA0214502145
B1930143858239N11153452WA0214302143
B1930153858244N11153442WA0214102141
B1930163858249N11153432WA0213802138
B1930173858254N11153423WA0213502135
B1930183858260N11153413WA0213202132
B1930193858266N11153403WA0212802128
B1930203858272N11153392WA0212402124
B1930213858278N11153381WA0212002120
B1930223858284N11153370WA0211802118
B1930233858289N11153359WA0211702117
B1930243858293N11153347WA0211502115
B1930253858298N11153337WA0211402114
B1930263858302N11153327WA0211302113
B1930273858306N11153317WA0211202112
B1930283858311N11153308WA0211102111
B1930293858316N11153298WA0210802108
B1930303858321N11153288WA0210402104
B1930313858328N11153277WA0210102101
B1930323858334N11153267WA0209802098
B1930333858341N11153257WA0209602096
B1930343858348N11153247WA0209502095
B1930353858354N11153238WA0209502095
B1930363858361N11153229WA0209402094
B1930373858368N11153221WA0209302093
B1930383858375N11153212WA0209102091
B1930393858382N11153203WA0208902089
B1930403858389N11153194WA0208702087
B1930413858397N11153185WA0208502085
B1930423858405N11153177WA0208402084
B1930433858413N11153168WA0208202082
B1930443858421N11153159WA0208202082
B1930453858429N11153151WA0208202082
B1930463858436N11153143WA0208402084
B1930473858443N11153136WA0208502085
B1930483858450N11153129WA0208702087
B1930493858457N11153123WA0208802088
B1930503858464N11153116WA0208902089
B1930513858471N11153111WA0209002090
B1930523858478N11153105WA0209002090
B1930533858485N11153099WA0209002090
B1930543858493N11153093WA0209102091
B1930553858500N11153087WA0209102091
B1930563858508N11153082WA0209302093
B1930573858515N11153076WA0209402094
B1930583858523N11153071WA0209402094
B1930593858530N11153065WA0209502095
B1931003858538N11153059WA0209602096
B1931013858545N11153054WA0209702097
B1931023858553N11153049WA0209802098
B1931033858560N11153044WA0210002100
B1931043858566N11153040WA0210302103
B1931053858572N11153036WA0210602106
B1931063858578N11153032WA0210902109
B1931073858583N11153027WA0211202112
B1931083858589N11153022WA0211402114
B1931093858594N11153017WA0211702117
B1931103858599N11153012WA0211902119
B1931113858604N11153007WA0212202122
B1931123858609N11153002WA0212402124
B1931133858614N11152997WA0212602126
B1931143858620N11152992WA0212602126
B1931153858625N11152986WA0212602126
B1931163858631N11152980WA0212702127
B1931173858637N11152974WA0212802128
B1931183858643N11152969WA0213002130
B1931193858649N11152964WA0213202132
B1931203858654N11152958WA0213402134
B1931213858660N11152952WA0213602136
B1931223858666N11152946WA0213702137
B1931233858671N11152940WA0213802138
B1931243858677N11152934WA0213902139
B1931253858683N11152928WA0214002140
B1931263858689N11152921WA0214102141
B1931273858695N11152915WA0214302143
B1931283858700N11152909WA0214502145
B1931293858706N11152903WA0214702147
B1931303858712N11152898WA0214702147
B1931313858718N11152891WA0214702147
B1931323858724N11152885WA0214702147
B1931333858731N11152879WA0214802148
B1931343858738N11152873WA0214902149
B1931353858744N11152868WA0215002150
B1931363858750N11152862WA0215202152
B1931373858755N11152857WA0215202152
B1931383858761N11152851WA0215102151
B1931393858767N11152846WA0215002150
B1931403858773N11152839WA0214802148
B1931413858780N11152833WA0214602146
B1931423858786N11152826WA0214502145
B1931433858793N11152819WA0214502145
B1931443858800N11152813WA0214302143
B1931453858807N11152806WA0214102141
B1931463858815N11152798WA0213902139
B1931473858823N11152790WA0213802138
B1931483858830N11152782WA0213902139
B1931493858837N11152773WA0213902139
B1931503858844N11152765WA0214102141
B1931513858850N11152757WA0214102141
B1931523858857N11152750WA0214102141
B1931533858864N11152743WA0214202142
B1931543858872N11152736WA0214202142
B1931553858879N11152730WA0214302143
B1931563858887N11152724WA0214202142
B1931573858893N11152718WA0214102141
B1931583858900N11152712WA0213802138
B1931593858908N11152704WA0213402134
B1932003858915N11152697WA0212902129
B1932013858922N11152690WA0212602126
B1932023858929N11152683WA0212302123
B1932033858936N11152676WA0212102121
B1932043858944N11152669WA0211802118
B1932053858952N11152662WA0211402114
B1932063858959N11152654WA0211002110
B1932073858967N11152646WA0210702107
B1932083858975N11152638WA0210402104
B1932093858982N11152631WA0210002100
B1932103858990N11152623WA0209802098
B1932113858997N11152615WA0209402094
B1932123859005N11152608WA0209102091
B1932133859012N11152601WA0208802088
B1932143859020N11152593WA0208502085
B1932153859027N11152586WA0208102081
B1932163859034N11152578WA0207702077
B1932173859041N11152570WA0207302073
B1932183859049N11152562WA0206802068
B1932193859057N11152554WA0206402064
B1932203859065N11152546WA0206002060
B1932213859072N11152538WA0205802058
B1932223859080N11152531WA0205502055
B1932233859087N11152523WA0205302053
B1932243859094N11152515WA0205202052
B1932253859101N11152507WA0205002050
B1932263859107N11152498WA0204802048
B1932273859114N11152488WA0204602046
B1932283859120N11152479WA0204502045
B1932293859126N11152470WA0204402044
B1932303859132N11152461WA0204302043
B1932313859138N11152452WA0204202042
B1932323859144N11152444WA0204102041
B1932333859150N11152436WA0204102041
B1932343859156N11152429WA0204002040
B1932353859162N11152421WA0203902039
B1932363859167N11152413WA0203702037
B1932373859173N11152406WA0203602036
B1932383859178N11152399WA0203602036
B1932393859184N11152392WA0203502035
B1932403859189N11152385WA0203402034
B1932413859194N11152379WA0203202032
B1932423859200N11152372WA0203102031
B1932433859206N11152365WA0202802028
B1932443859213N11152358WA0202502025
B1932453859220N11152351WA0202202022
B1932463859227N11152344WA0201902019
B1932473859234N11152338WA0201802018
B1932483859241N11152332WA0201802018
B1932493859248N11152326WA0201702017
B1932503859255N11152320WA0201602016
B1932513859262N11152315WA0201502015
B1932523859269N11152309WA0201402014
B1932533859276N11152303WA0201302013
B1932543859282N11152297WA0201202012
B1932553859289N11152291WA0201202012
B1932563859294N11152285WA0201302013
B1932573859300N11152280WA0201202012
B1932583859306N11152274WA0201102011
B1932593859312N11152269WA0201002010
B1933003859317N11152264WA0201002010
B1933013859322N11152258WA0201002010
B1933023859327N11152253WA0200902009
B1933033859332N11152248WA0200802008
B1933043859338N11152242WA0200702007
B1933053859343N11152237WA0200602006
B1933063859348N11152232WA0200502005
B1933073859353N11152226WA0200302003
B1933083859358N11152221WA0200202002
B1933093859364N11152216WA0200002000
B1933103859369N11152211WA0199901999
B1933113859374N11152206WA0199701997
B1933123859380N11152201WA0199601996
B1933133859386N11152195WA0199401994
B1933143859391N11152190WA0199301993
B1933153859396N11152185WA0199201992
B1933163859401N11152179WA0199101991
B1933173859406N11152173WA0199001990
B1933183859412N11152168WA0198901989
B1933193859417N11152162WA0198701987
B1933203859422N11152156WA0198501985
B1933213859427N11152151WA0198401984
B1933223859432N11152145WA0198201982
B1933233859437N11152139WA0198001980
B1933243859443N11152134WA0197801978
B1933253859448N11152128WA0197601976
B1933263859453N11152122WA0197401974
B1933273859458N11152116WA0197301973
B1933283859463N11152110WA0197101971
B1933293859468N11152104WA0197001970
B1933303859472N11152098WA0196801968
B1933313859477N11152091WA0196601966
B1933323859483N11152085WA0196301963
B1933333859489N11152079WA0196101961
B1933343859494N11152073WA0196001960
B1933353859498N11152067WA0196001960
B1933363859503N11152062WA0195801958
B1933373859507N11152056WA0195601956
B1933383859512N11152049WA0195401954
B1933393859518N11152043WA0195201952
B1933403859523N11152036WA0195001950
B1933413859528N11152030WA0194801948
B1933423859533N11152024WA0194801948
B1933433859537N11152018WA0194701947
B1933443859542N11152012WA0194501945
B1933453859547N11152006WA0194301943
B1933463859553N11151999WA0194101941
B1933473859558N11151993WA0193901939
B1933483859564N11151987WA0193701937
B1933493859569N11151981WA0193501935
B1933503859575N11151975WA0193401934
B1933513859580N11151969WA0193201932
B1933523859586N11151964WA0193001930
B1933533859592N11151958WA0192801928
B1933543859598N11151952WA0192501925
B1933553859604N11151947WA0192301923
B1933563859610N11151941WA0192201922
B1933573859616N11151936WA0192001920
B1933583859622N11151931WA0191801918
B1933593859628N11151926WA0191601916
B1934003859633N11151920WA0191501915
B1934013859639N11151915WA0191301913
B1934023859645N11151910WA0191001910
B1934033859651N11151905WA0190801908
B1934043859657N11151900WA0190601906
B1934053859663N11151894WA0190501905
B1934063859670N11151890WA0190201902
B1934073859676N11151885WA0190001900
B1934083859682N11151881WA0189801898
B1934093859689N11151877WA0189501895
B1934103859696N11151873WA0189301893
B1934113859702N11151870WA0189001890
B1934123859709N11151866WA0188801888
B1934133859716N11151863WA0188501885
B1934143859723N11151860WA0188201882
B1934153859730N11151857WA0188001880
B1934163859737N11151855WA0187701877
B1934173859744N11151852WA0187401874
B1934183859751N11151848WA0187101871
B1934193859758N11151846WA0186901869
B1934203859765N11151843WA0186601866
B1934213859772N11151841WA0186301863
B1934223859779N11151839WA0186101861
B1934233859786N11151836WA0185801858
B1934243859793N11151834WA0185601856
B1934253859800N11151832WA0185401854
B1934263859807N11151829WA0185201852
B1934273859814N11151827WA0185001850
B1934283859821N11151825WA0184801848
B1934293859828N11151822WA0184601846
B1934303859835N11151820WA0184401844
B1934313859842N11151818WA0184201842
B1934323859849N11151815WA0184101841
B1934333859856N11151813WA0183901839
B1934343859863N11151811WA0183801838
B1934353859869N11151809WA0183601836
B1934363859876N11151807WA0183401834
B1934373859883N11151804WA0183301833
B1934383859890N11151802WA0183001830
B1934393859897N11151800WA0182701827
B1934403859905N11151798WA0182401824
B1934413859913N11151796WA0182101821
B1934423859921N11151795WA0181901819
B1934433859929N11151794WA0181801818
B1934443859937N11151793WA0181701817
B1934453859944N11151792WA0181501815
B1934463859951N11151790WA0181401814
B1934473859959N11151789WA0181301813
B1934483859966N11151787WA0181101811
B1934493859974N11151785WA0180901809
B1934503859982N11151783WA0180701807
B1934513859990N11151781WA0180501805
B1934523859998N11151779WA0180301803
B1934533900006N11151776WA0180201802
B1934543900014N11151774WA0180101801
B1934553900021N11151772WA0180001800
B1934563900029N11151770WA0180001800
B1934573900036N11151768WA0179901799
B1934583900043N11151766WA0179801798
B1934593900051N11151763WA0179601796
B1935003900059N11151761WA0179401794
B1935013900067N11151759WA0179301793
B1935023900075N11151756WA0179101791
B1935033900082N11151753WA0179001790
B1935043900090N11151749WA0178901789
B1935053900097N11151745WA0178801788
B1935063900104N11151742WA0178701787
B1935073900112N11151737WA0178501785
B1935083900119N11151732WA0178301783
B1935093900126N11151728WA0178101781
B1935103900134N11151723WA0177901779
B1935113900141N11151718WA0177701777
B1935123900148N11151712WA0177601776
B1935133900155N11151707WA0177401774
B1935143900162N11151702WA0177201772
B1935153900169N11151697WA0177001770
B1935163900176N11151692WA0176901769
B1935173900183N11151687WA0176801768
B1935183900189N11151683WA0176601766
B1935193900196N11151678WA0176501765
B1935203900203N11151673WA0176401764
B1935213900210N11151667WA0176201762
B1935223900217N11151662WA0176001760
B1935233900225N11151656WA0175801758
B1935243900232N11151651WA0175601756
B1935253900240N11151645WA0175501755
B1935263900247N11151640WA0175401754
B1935273900254N11151634WA0175301753
B1935283900260N11151629WA0175101751
B1935293900267N11151624WA0174901749
B1935303900275N11151619WA0174701747
B1935313900283N11151613WA0174401744
B1935323900291N11151608WA0174201742
B1935333900299N11151603WA0174101741
B1935343900307N11151598WA0174001740
B1935353900315N11151592WA0173901739
B1935363900322N11151587WA0173801738
B1935373900330N11151581WA0173701737
B1935383900337N11151575WA0173701737
B1935393900344N11151569WA0173801738
B1935403900351N11151564WA0173801738
B1935413900357N11151559WA0173801738
B1935423900363N11151554WA0173801738
B1935433900369N11151549WA0173801738
B1935443900375N11151544WA0173701737
B1935453900382N11151539WA0173501735
B1935463900388N11151534WA0173301733
B1935473900395N11151528WA0173101731
B1935483900401N11151523WA0172801728
B1935493900408N11151516WA0172501725
B1935503900415N11151510WA0172301723
B1935513900422N11151503WA0172101721
B1935523900429N11151496WA0172001720
B1935533900435N11151490WA0171801718
B1935543900442N11151484WA0171801718
B1935553900448N11151479WA0171601716
B1935563900454N11151473WA0171401714
B1935573900461N11151467WA0171101711
B1935583900468N11151460WA0170701707
B1935593900475N11151452WA0170401704
B1936003900481N11151444WA0170101701
B1936013900488N11151436WA0170001700
B1936023900494N11151429WA0169901699
B1936033900500N11151422WA0169801698
B1936043900505N11151415WA0169701697
B1936053900511N11151408WA0169501695
B1936063900517N11151400WA0169201692
B1936073900524N11151392WA0169001690
B1936083900530N11151384WA0168901689
B1936093900535N11151376WA0168901689
B1936103900540N11151368WA0169001690
B1936113900545N11151360WA0169101691
B1936123900550N11151353WA0169101691
B1936133900555N11151346WA0169201692
B1936143900560N11151339WA0169201692
B1936153900565N11151332WA0169201692
B1936163900570N11151325WA0169201692
B1936173900575N11151319WA0169201692
B1936183900580N11151313WA0169301693
B1936193900585N11151308WA0169301693
B1936203900590N11151302WA0169101691
B1936213900595N11151295WA0168901689
B1936223900600N11151288WA0168701687
B1936233900605N11151282WA0168601686
B1936243900609N11151275WA0168601686
B1936253900613N11151269WA0168601686
B1936263900618N11151263WA0168601686
B1936273900623N11151257WA0168501685
B1936283900628N11151251WA0168301683
B1936293900634N11151245WA0168201682
B1936303900639N11151239WA0168101681
B1936313900643N11151232WA0168001680
B1936323900648N11151226WA0167901679
B1936333900653N11151220WA0167801678
B1936343900658N11151214WA0167701677
B1936353900663N11151208WA0167501675
B1936363900669N11151201WA0167301673
B1936373900674N11151194WA0167201672
B1936383900679N11151188WA0167201672
B1936393900684N11151182WA0167101671
B1936403900689N11151176WA0167001670
B1936413900694N11151170WA0166901669
B1936423900700N11151164WA0166701667
B1936433900705N11151158WA0166601666
B1936443900711N11151153WA0166601666
B1936453900716N11151148WA0166401664
B1936463900722N11151143WA0166101661
B1936473900728N11151138WA0165701657
B1936483900735N11151132WA0165301653
B1936493900742N11151126WA0165001650
B1936503900749N11151120WA0164801648
B1936513900755N11151115WA0164801648
B1936523900761N11151110WA0164801648
B1936533900766N11151106WA0164801648
B1936543900772N11151100WA0164601646
B1936553900777N11151094WA0164301643
B1936563900782N11151086WA0164101641
B1936573900786N11151077WA0163901639
B1936583900789N11151067WA0163701637
B1936593900791N11151059WA0163701637
B1937003900793N11151050WA0163601636
B1937013900794N11151040WA0163501635
B1937023900796N11151030WA0163301633
B1937033900797N11151020WA0163201632
B1937043900798N11151010WA0163101631
B1937053900799N11151000WA0163001630
B1937063900799N11150990WA0162801628
B1937073900800N11150980WA0162701627
B1937083900800N11150970WA0162601626
B1937093900801N11150959WA0162501625
B1937103900801N11150949WA0162401624
B1937113900801N11150939WA0162301623
B1937123900802N11150930WA0162201622
B1937133900802N11150920WA0162101621
B1937143900802N11150909WA0161901619
B1937153900802N11150898WA0161601616
B1937163900801N11150887WA0161401614
B1937173900801N11150876WA0161301613
B1937183900801N11150866WA0161301613
B1937193900800N11150856WA0161201612
B1937203900799N11150846WA0161101611
B1937213900798N11150836WA0160901609
B1937223900797N11150825WA0160701607
B1937233900796N11150815WA0160501605
B1937243900794N11150804WA0160501605
B1937253900792N11150794WA0160401604
B1937263900791N11150784WA0160401604
B1937273900789N11150774WA0160301603
B1937283900787N11150765WA0160401604
B1937293900786N11150756WA0160501605
B1937303900785N11150749WA0160701607
B1937313900784N11150741WA0160801608
B1937323900782N11150734WA0160701607
B1937333900781N11150727WA0160601606
B1937343900778N11150719WA0160501605
B1937353900775N11150711WA0160301603
B1937363900771N11150703WA0160101601
B1937373900768N11150697WA0160201602
B1937383900764N11150690WA0160201602
B1937393900761N11150685WA0160101601
B1937403900758N11150679WA0160001600
B1937413900754N11150674WA0159901599
B1937423900750N11150670WA0159801598
B1937433900744N11150667WA0159701597
B1937443900738N11150665WA0159601596
B1937453900732N11150665WA0159501595
B1937463900727N11150667WA0159501595
B1937473900723N11150671WA0159401594
B1937483900719N11150676WA0159301593
B1937493900718N11150684WA0159201592
B1937503900719N11150692WA0159001590
B1937513900721N11150700WA0158901589
B1937523900724N11150706WA0158901589
B1937533900728N11150711WA0159001590
B1937543900732N11150714WA0159101591
B1937553900736N11150716WA0159101591
B1937563900741N11150716WA0159101591
B1937573900746N11150715WA0159101591
B1937583900751N11150712WA0159101591
B1937593900755N11150708WA0159001590
B1938003900759N11150703WA0159001590
B1938013900761N11150697WA0159001590
B1938023900762N11150690WA0159001590
B1938033900761N11150682WA0158801588
B1938043900759N11150674WA0158601586
B1938053900755N11150668WA0158501585
B1938063900751N11150663WA0158401584
B1938073900745N11150659WA0158301583
B1938083900740N11150658WA0158301583
B1938093900734N11150659WA0158201582
B1938103900728N11150661WA0158001580
B1938113900722N11150664WA0157901579
B1938123900717N11150669WA0157901579
B1938133900713N11150675WA0157801578
B1938143900710N11150681WA0157701577
B1938153900708N11150688WA0157701577
B1938163900707N11150695WA0157601576
B1938173900706N11150702WA0157601576
B1938183900706N11150709WA0157601576
B1938193900707N11150715WA0157701577
B1938203900710N11150719WA0157701577
B1938213900713N11150723WA0157601576
B1938223900717N11150725WA0157601576
B1938233900721N11150726WA0157501575
B1938243900726N11150724WA0157401574
B1938253900731N11150720WA0157201572
B1938263900736N11150716WA0157001570
B1938273900742N11150712WA0156901569
B1938283900747N11150708WA0156801568
B1938293900752N11150703WA0156701567
B1938303900757N11150698WA0156601566
B1938313900762N11150692WA0156401564
B1938323900767N11150686WA0156301563
B1938333900772N11150682WA0156301563
B1938343900777N11150680WA0156201562
B1938353900782N11150679WA0156001560
B1938363900787N11150680WA0155801558
B1938373900793N11150682WA0155601556
B1938383900798N11150684WA0155401554
B1938393900803N11150686WA0155401554
B1938403900807N11150687WA0155401554
B1938413900809N11150688WA0155301553
B1938423900810N11150689WA0155401554
B1938433900811N11150689WA0155401554
B1938443900811N11150689WA0155401554
B1938453900811N11150690WA0155401554
B1938463900811N11150690WA0155401554
B1938473900811N11150690WA0155401554
B1938483900811N11150690WA0155401554
B1938493900811N11150689WA0155401554
